n_points,HI2_percent,HI3_percent,HI_percent,SA_dyne_s_cm2,mean_inlet_velocity
101,0.00017297320127539,0.00025323266970235503,0.00017297320127539,1.895741597886125,0.124419853
94,3.371275429252169e-05,4.503303755690388e-05,3.371275429252169e-05,0.8848491771632905,0.126470968
99,0.0001718060397165738,0.0002428559016419011,0.0001718060397165738,2.0635484406446563,0.125570148
95,3.88144136812714e-05,5.466987136166092e-05,3.88144136812714e-05,0.9360787423352339,0.125781566
99,0.0002032837113270923,0.0003056020352976413,0.0002032837113270923,1.9636016857033565,0.126965731
94,2.6948505923476835e-05,3.936646439123875e-05,2.6948505923476835e-05,0.8838965783254388,0.126033559
91,1.6338959304459608e-05,1.891202609124095e-05,1.6338959304459608e-05,0.7346725466114671,0.126462549
100,0.00015661238211625098,0.00018587248269603496,0.00015661238211625098,1.7169606473749686,0.125552058
95,0.00010534973189776349,0.00018981405114006225,0.00010534973189776349,1.300226567818437,0.125971094
95,0.00014068896349155271,0.00024573840053755306,0.00014068896349155271,1.4565729428837373,0.126299188
101,0.0001358643629887647,0.00018930843605569246,0.0001358643629887647,1.4321518499789097,0.125638276
101,0.000756236175854004,0.0010778523846798258,0.000756236175854004,3.5241821501889365,0.125288948
91,4.654740814123184e-05,8.484127112783131e-05,4.654740814123184e-05,1.006729308861062,0.126000285
91,1.4394365624880925e-05,1.4881768977903762e-05,1.4394365624880925e-05,0.7001629337144014,0.126095653
88,1.5420756437654703e-05,2.0478175863288876e-05,1.5420756437654703e-05,0.8036825094838882,0.126032889
97,6.493846769781881e-05,8.963178133175405e-05,6.493846769781881e-05,1.2766533383352467,0.12936914
93,0.00011816648031154807,0.0001897015930305702,0.00011816648031154807,1.6141427011457998,0.125957042
101,0.00013894469709173324,0.00023171739581100744,0.00013894469709173324,1.8057118021347895,0.125940993
99,9.443144913282328e-05,0.00014140235255682445,9.443144913282328e-05,1.5324423518546844,0.125943303
98,0.0005962888232030002,0.0010765385194458827,0.0005962888232030002,2.3111947224217233,0.12622115
101,0.0032375691856882955,0.005391787972371545,0.0032375691856882955,4.834146809247917,0.125085443
93,9.81667805797423e-05,0.00016129758128589732,9.81667805797423e-05,1.407654639454445,0.125981748
94,1.262542976872445e-05,1.2611206262492556e-05,1.262542976872445e-05,0.7030363165626604,0.126081467
89,1.1018009307951337e-05,1.288967168661487e-05,1.1018009307951337e-05,0.7563696677547299,0.126039833
87,3.842526750909505e-05,6.220047204558046e-05,3.842526750909505e-05,1.0096374913370934,0.125994548
99,0.00011799902876023126,0.0001637450131630332,0.00011799902876023126,1.6915789824540468,0.127382264
80,2.054721478910056e-05,3.1974281719916895e-05,2.054721478910056e-05,0.8154610089306974,0.125956342
81,1.0603066726051652e-05,1.4612397099280919e-05,1.0603066726051652e-05,0.6799936490185428,0.12593241
84,1.6124914431849452e-05,2.226321585738095e-05,1.6124914431849452e-05,0.799205564443745,0.125914469
94,2.3062585732744432e-05,3.1334923413575336e-05,2.3062585732744432e-05,0.978544578552608,0.125927806
101,0.00012977916296782097,0.00019322764301314688,0.00012977916296782097,1.8669531321491983,0.126086906
65,7.290585098701648e-05,9.665196980002827e-05,7.290585098701648e-05,0.7725212756859526,0.125307307
101,0.0033680152326452713,0.00500539280717808,0.0033680152326452713,7.207320720204666,0.122663535
79,1.7208224951675243e-05,2.6876684492902556e-05,1.7208224951675243e-05,0.7728242894854587,0.125969142
90,1.1814946429432745e-05,1.2545938099054317e-05,1.1814946429432745e-05,0.7272398094767859,0.126081318
88,9.769970080994796e-06,1.1366859051122845e-05,9.769970080994796e-06,0.72981032167851,0.126046032
82,2.5684718615547622e-05,4.172234282459899e-05,2.5684718615547622e-05,0.8948110272678808,0.126003087
100,0.00024990046216878285,0.0005171927158200773,0.00024990046216878285,1.854001306392109,0.125983253
101,0.00012776249671765265,0.00013109528418237508,0.00012776249671765265,1.4871869452824347,0.125845194
81,5.017391448155934e-06,6.398913406885004e-06,5.017391448155934e-06,0.5233795801980251,0.125936002
77,6.1825477072256555e-06,8.969190245362981e-06,6.1825477072256555e-06,0.5398104321273279,0.125915959
80,1.0267719965660452e-05,1.5217606839487316e-05,1.0267719965660452e-05,0.6406037145888736,0.125882477
79,7.294514160151669e-06,1.145864787096712e-05,7.294514160151669e-06,0.5552449435413692,0.12588641
84,1.4827769516851594e-05,2.101961175540074e-05,1.4827769516851594e-05,0.735916323941865,0.125910148
92,6.664830259806419e-05,0.0001239717278367739,6.664830259806419e-05,1.1118889316125249,0.126007825
101,8.927752645337233e-05,0.0001332992542964567,8.927752645337233e-05,1.450370995548821,0.125852183
101,0.0006764260465405943,0.0011966049894172168,0.0006764260465405943,2.8783427215590174,0.124241509
79,3.9528435086050055e-06,4.618136410443687e-06,3.9528435086050055e-06,0.49407881634379447,0.125952587
79,4.760492023959817e-06,6.000664562080533e-06,4.760492023959817e-06,0.5319226948688242,0.12597166
91,9.08080123522093e-06,9.068485460077541e-06,9.08080123522093e-06,0.6671054504961906,0.126099035
82,1.3762640870614802e-05,1.94645075491813e-05,1.3762640870614802e-05,0.7968417798568398,0.126025975
89,8.811871412772887e-06,1.043440123117836e-05,8.811871412772887e-06,0.7154587299214745,0.12606211
89,0.00011545776934061436,0.00020003198634960538,0.00011545776934061436,1.399675474081645,0.12599358
100,0.00012980285364711032,0.00015789867921872116,0.00012980285364711032,2.1950506795161764,0.12424767
93,1.1823308236021534e-05,1.12480977791534e-05,1.1823308236021534e-05,0.6288450658637339,0.126265362
76,3.5027922437678236e-06,3.877041136099263e-06,3.5027922437678236e-06,0.45944646812390716,0.125923946
77,3.586862207839992e-06,3.884628848719624e-06,3.586862207839992e-06,0.4557781491449917,0.125896379
81,1.5606478927538537e-05,2.882971216615342e-05,1.5606478927538537e-05,0.6365709733782233,0.125874922
76,5.089107375020995e-06,6.962716703328815e-06,5.089107375020995e-06,0.49174536218323667,0.125852615
81,7.761352127458482e-05,0.00015524224780628825,7.761352127458482e-05,0.9631705287985028,0.125920907
94,0.00020127809517359824,0.0003545832742158275,0.00020127809517359824,1.5190396414242289,0.126026973
96,0.0003051742408320482,0.0005180435438684085,0.0003051742408320482,1.9213720152650047,0.126762241
101,0.0014207064789762084,0.0023572852503594573,0.0014207064789762084,3.720367937689028,0.124455422
75,3.0541239627640373e-06,3.3045442341751165e-06,3.0541239627640373e-06,0.4381259622439954,0.125952855
74,2.986167323956385e-06,3.2982333517817475e-06,2.986167323956385e-06,0.4452516955687984,0.12596567
80,5.149850254219036e-06,6.869567247674613e-06,5.149850254219036e-06,0.5477703727572678,0.125978783
93,8.208937758899196e-06,8.375466276466499e-06,8.208937758899196e-06,0.7009025581302138,0.126095518
78,2.4193586031615257e-05,4.00992141119359e-05,2.4193586031615257e-05,0.8922363976191107,0.126021519
83,7.883209227911535e-06,9.990551519495694e-06,7.883209227911535e-06,0.6885456029492254,0.126060516
93,0.00022665961425169293,0.000407200042278882,0.00022665961425169293,1.7831381315441006,0.126000673
99,5.953264149711884e-05,5.6080686601203266e-05,5.953264149711884e-05,1.1124977922032833,0.127631739
94,9.981633226522622e-06,9.77462006516203e-06,9.981633226522622e-06,0.6194390523127216,0.126404315
75,3.142183269880147e-06,3.2631289942013182e-06,3.142183269880147e-06,0.42494650878865736,0.125913247
75,3.234506877122138e-06,3.3654497162709687e-06,3.234506877122138e-06,0.4222554654453746,0.125879049
71,3.20028658045161e-06,3.308543911047983e-06,3.20028658045161e-06,0.41810019705027385,0.125892609
77,5.761772147191359e-06,8.43696474567897e-06,5.761772147191359e-06,0.49948682668979566,0.125860974
74,3.1116017738819146e-06,3.256324359354463e-06,3.1116017738819146e-06,0.41597743630692613,0.125823453
81,4.0960708452331116e-05,8.02191142260872e-05,4.0960708452331116e-05,0.7864188397313415,0.125944361
86,0.00015937277588701253,0.0003057522101900738,0.00015937277588701253,1.2370197130473557,0.126060367
94,0.0009202072312700229,0.0016162984930953707,0.0009202072312700229,2.672020163610129,0.126580834
101,0.0016026326208468233,0.0025085698751780997,0.0016026326208468233,4.045228280357625,0.115014829
101,0.0038574476831661052,0.005704682027510521,0.0038574476831661052,7.724468378587889,0.128529549
76,2.9874082600576896e-06,3.0856909944838787e-06,2.9874082600576896e-06,0.4229751655802087,0.125939026
74,2.628673323673458e-06,2.8730889117168696e-06,2.628673323673458e-06,0.42805135877440564,0.125978589
74,2.8483890648893662e-06,2.956301667979575e-06,2.8483890648893662e-06,0.4204110069183104,0.125967264
79,3.193035293034132e-06,3.856016821041061e-06,3.193035293034132e-06,0.4740683719165811,0.125981957
92,7.347800510964818e-06,7.450569871567679e-06,7.347800510964818e-06,0.694022037791606,0.126095265
79,1.3060900610446715e-05,1.954707925894982e-05,1.3060900610446715e-05,0.7739194353925206,0.126007497
82,8.245242984964684e-06,1.0930145823274697e-05,8.245242984964684e-06,0.7100863709818207,0.126070336
51,0.00045775008320749454,0.001747523577407832,0.00045775008320749454,0.6331097511612765,0.125991866
99,4.1244978610923186e-05,4.153851894151806e-05,4.1244978610923186e-05,1.240989302771626,0.12591435
96,1.1465918782865352e-05,1.2551698476492823e-05,1.1465918782865352e-05,0.6814552808936454,0.126376927
69,3.2641996662966787e-06,3.3416199387138286e-06,3.2641996662966787e-06,0.4258697652209534,0.12591216
70,3.0870921511296927e-06,3.1989952658566013e-06,3.0870921511296927e-06,0.4062251262880471,0.125845924
69,3.2252909425646498e-06,3.306856400516438e-06,3.2252909425646498e-06,0.4176038079058565,0.125883088
74,3.2862723854978736e-06,3.6221528409310377e-06,3.2862723854978736e-06,0.4211243108895762,0.125848174
79,4.588477226693357e-06,6.096099265019298e-06,4.588477226693357e-06,0.46398022229032365,0.125903711
73,2.667301403836332e-06,2.7683650299971718e-06,2.667301403836332e-06,0.38294691247186796,0.125804499
79,1.1152107363118014e-05,1.8879224355757517e-05,1.1152107363118014e-05,0.5776905089907712,0.12599884
85,3.476060205526832e-05,6.283139646000667e-05,3.476060205526832e-05,0.7924764024647598,0.126103327
90,0.00017161016935577717,0.0003044899679579849,0.00017161016935577717,1.3934539887227757,0.126122698
94,0.0007917991267308869,0.0012657352465790174,0.0007917991267308869,2.879737016823387,0.123992674
100,0.0025717332431143066,0.0035840151661100973,0.0025717332431143066,6.494315366421631,0.122814782
71,3.584830371929236e-06,3.6895395362958816e-06,3.584830371929236e-06,0.44613733702913344,0.125965133
73,2.431669285008435e-06,2.6115670066547053e-06,2.431669285008435e-06,0.4118573961921825,0.125982359
72,3.4818446459911983e-06,3.672000362543172e-06,3.4818446459911983e-06,0.4529329129290275,0.125961915
75,2.6059586311450676e-06,3.087509674755981e-06,2.6059586311450676e-06,0.44203159128641245,0.125965446
94,9.438455429267356e-06,1.0912803248006829e-05,9.438455429267356e-06,0.7672195313847011,0.126120269
83,5.076186625969902e-06,5.564162631775302e-06,5.076186625969902e-06,0.6418667828331882,0.126082793
80,1.1297333638466584e-05,1.6968901762144375e-05,1.1297333638466584e-05,0.7379715677432321,0.126005843
79,7.577708539433572e-06,1.1073410256285733e-05,7.577708539433572e-06,0.6668702649912975,0.126041383
60,0.0019867044525669784,0.005764955431127644,0.0019867044525669784,1.2233886719019564,0.125975475
101,7.863666594084614e-05,8.031408726449263e-05,7.863666594084614e-05,1.366520687518259,0.12663129
97,1.9687094447567422e-05,2.6169712478347116e-05,1.9687094447567422e-05,0.8538160126453017,0.12660104
68,3.6163021299051123e-06,3.7114407947048226e-06,3.6163021299051123e-06,0.44003210824378663,0.12591356
74,2.6786721835595143e-06,2.7364065228540844e-06,2.6786721835595143e-06,0.3899639588728783,0.125839412
70,3.2520006328228753e-06,3.330386013219953e-06,3.2520006328228753e-06,0.42312485903406727,0.125892058
78,2.36247457752741e-06,2.4315626121247955e-06,2.36247457752741e-06,0.36493156125362775,0.125833213
78,2.4879435460102878e-06,2.587723673236472e-06,2.4879435460102878e-06,0.37188392503915274,0.125911593
73,1.9724829851619486e-06,2.072448170643932e-06,1.9724829851619486e-06,0.34835024316820146,0.125835851
79,3.7567924135465616e-06,4.6285124671466225e-06,3.7567924135465616e-06,0.4287779274870941,0.126008168
79,8.019814478563768e-06,1.1760017708970162e-05,8.019814478563768e-06,0.5401767833192509,0.126085401
85,4.169705977511634e-05,7.418347312543596e-05,4.169705977511634e-05,0.8541248204290495,0.126129165
89,0.0002503252479771125,0.00042687421799506535,0.0002503252479771125,1.6896521557742117,0.126134932
96,0.0009596842568677165,0.0014662388088736247,0.0009596842568677165,3.3206024156790077,0.126536846
101,0.00316366912601724,0.004286475677709604,0.00316366912601724,7.859838535684004,0.125423521
71,4.709108069401995e-06,5.16797031984164e-06,4.709108069401995e-06,0.4966490405206004,0.125965565
70,4.607800215161748e-06,4.984495433838986e-06,4.607800215161748e-06,0.4863963932827452,0.125952959
73,2.866164827204834e-06,3.1367733015530738e-06,2.866164827204834e-06,0.4342872970316662,0.125982791
74,2.2618490420283387e-06,2.532756046119562e-06,2.2618490420283387e-06,0.4089887860007255,0.125962347
73,4.448501931925595e-06,5.069072189240089e-06,4.448501931925595e-06,0.4990288554742223,0.125982568
77,2.8509321579970803e-06,3.609971749407537e-06,2.8509321579970803e-06,0.4587993665256118,0.125951827
90,1.1306987990228675e-05,1.4867971475369938e-05,1.1306987990228675e-05,0.830499915550915,0.126122773
82,4.862112761428366e-06,5.616414433340169e-06,4.862112761428366e-06,0.6412390032714155,0.126087576
80,2.0338036365009525e-05,3.4887597080072985e-05,2.0338036365009525e-05,0.8313342812630767,0.125975221
79,6.528977851567091e-06,9.810158044059782e-06,6.528977851567091e-06,0.6222981260670745,0.125995725
79,3.912988641247078e-06,4.8451393244723305e-06,3.912988641247078e-06,0.5813288143482628,0.126046568
101,8.974208206244859e-05,8.583074317997602e-05,8.974208206244859e-05,1.3657638667453151,0.125982523
96,8.613973765480385e-05,0.00017742145631343849,8.613973765480385e-05,1.22107345185862,0.126471922
73,2.269053831066836e-06,2.3516187533306217e-06,2.269053831066836e-06,0.37443307952111604,0.125894561
71,2.7526695595600676e-06,2.8295977591433705e-06,2.7526695595600676e-06,0.40404382803242417,0.125963777
70,3.99906070235922e-06,4.329425450347493e-06,3.99906070235922e-06,0.46284908733259456,0.12596336
75,1.6405485960466725e-06,1.7447731757255066e-06,1.6405485960466725e-06,0.3208546239478243,0.1258834
79,2.3271439283207293e-06,2.5098782562268987e-06,2.3271439283207293e-06,0.3574307572491389,0.125971854
74,1.485839533534964e-06,1.6146678645265859e-06,1.485839533534964e-06,0.3214621757187386,0.125912607
70,1.1512009845514547e-06,1.2841961262932077e-06,1.1512009845514547e-06,0.2885311464540812,0.125952482
80,2.963768065363717e-06,3.5397308637333256e-06,2.963768065363717e-06,0.3891066213753602,0.126059189
79,7.418730697277623e-06,1.1347146578145881e-05,7.418730697277623e-06,0.5180881894715983,0.126130193
84,4.3488885798026645e-05,7.708916344755995e-05,4.3488885798026645e-05,0.8676601945754,0.126134962
88,0.0001746959079466518,0.00029646150758560943,0.0001746959079466518,1.4869076454007963,0.12616685
90,0.0005530785642123474,0.0008613541621081411,0.0005530785642123474,2.5372683989222513,0.125863418
96,0.0020734501133936214,0.0028364799944488152,0.0020734501133936214,6.099784632316319,0.126391456
75,1.1327141252124953e-05,1.624072551395102e-05,1.1327141252124953e-05,0.6461681470587904,0.126007006
71,9.929516337552315e-06,1.3695659350687354e-05,9.929516337552315e-06,0.6143605346096613,0.126014933
70,6.386364044805522e-06,7.994870583326092e-06,6.386364044805522e-06,0.5416100732430529,0.126037821
73,3.495070052716699e-06,4.014315386707166e-06,3.495070052716699e-06,0.47320256185802123,0.125961527
73,2.61700534558532e-06,3.0435818584085947e-06,2.61700534558532e-06,0.43644263054746,0.125940621
78,3.814072779849469e-05,6.249776047941075e-05,3.814072779849469e-05,1.0130269266670682,0.125969857
81,2.377447664626543e-05,4.0907079425270146e-05,2.377447664626543e-05,0.8494480574580225,0.125950769
92,1.7099286333589983e-05,2.526158853260465e-05,1.7099286333589983e-05,1.0031773510019737,0.126130685
80,5.20642846125723e-06,6.317514195272772e-06,5.20642846125723e-06,0.674023210398956,0.126076579
78,1.0303301306390565e-05,1.630749204300726e-05,1.0303301306390565e-05,0.6928730822088609,0.125964195
77,5.022755605907401e-06,7.355645339567817e-06,5.022755605907401e-06,0.5882275643589066,0.126000717
77,3.673747086443573e-06,4.744609039985574e-06,3.673747086443573e-06,0.5832984637492454,0.126023442
100,7.622042967940963e-05,0.00010020956535736589,7.622042967940963e-05,1.770880703012081,0.122571111
97,2.3294293575848633e-05,3.453967566719477e-05,2.3294293575848633e-05,0.8894993811971331,0.126532122
70,1.5608586939726108e-06,1.6873838168409465e-06,1.5608586939726108e-06,0.3341794459936658,0.125993714
74,2.6076240499106635e-06,2.8014096760733386e-06,2.6076240499106635e-06,0.4017476235938629,0.126039565
78,1.3726374983829026e-06,1.4874478737334965e-06,1.3726374983829026e-06,0.3011009388586552,0.125939742
79,1.705964001635027e-06,1.929652585703437e-06,1.705964001635027e-06,0.323907939139776,0.125999302
71,9.52157785489715e-07,1.0930580128735905e-06,9.52157785489715e-07,0.2736605929711831,0.125993565
71,7.648694137347157e-07,8.993662608173674e-07,7.648694137347157e-07,0.24641597664450082,0.125993744
79,2.3317372357133056e-06,2.6775627123784978e-06,2.3317372357133056e-06,0.3609626399514763,0.126077667
81,4.113789289103357e-06,5.163813195806498e-06,4.113789289103357e-06,0.44568048461249304,0.126100764
81,1.7995109138772594e-05,2.973104595752238e-05,1.7995109138772594e-05,0.6786153615540816,0.126120359
88,7.581671782794435e-05,0.00012664430029027724,7.581671782794435e-05,1.113216085670975,0.126162052
94,0.00025119326839655745,0.0003941514451060902,0.00025119326839655745,1.7972907145489894,0.126818046
96,0.0010125074413319492,0.0013673194770242897,0.0010125074413319492,4.2012712652930775,0.125109181
50,0.0009838087068595746,0.002748519463369932,0.0009838087068595746,0.9524912693732784,0.126023173
78,4.898372413670274e-05,8.484603388254137e-05,4.898372413670274e-05,1.0197318542875815,0.126069278
72,4.350102511133448e-06,5.157133781086134e-06,4.350102511133448e-06,0.48449261432730956,0.126093656
77,1.356097483722277e-05,2.1204230560783372e-05,1.356097483722277e-05,0.7087908828166843,0.125932634
75,2.9483658918577535e-06,3.7002896097712653e-06,2.9483658918577535e-06,0.4583618779914739,0.125931844
78,3.1596703299568343e-05,5.005073813146746e-05,3.1596703299568343e-05,0.8846784521291671,0.125946701
77,1.8526056114058992e-05,2.787977223258092e-05,1.8526056114058992e-05,0.7356711292196042,0.125985697
80,7.177566129035404e-05,0.00012421886537396,7.177566129035404e-05,1.2031581452539881,0.125959724
80,2.6091141636306275e-05,4.4643435893783856e-05,2.6091141636306275e-05,0.8797083485018194,0.125934303
94,5.4602936305451326e-05,0.000106741845541687,5.4602936305451326e-05,1.196471626307872,0.126133308
100,0.000772311416441673,0.0017581254848016107,0.000772311416441673,2.2232500491773957,0.126102492
98,9.915928404138368e-05,0.0002112771036786837,9.915928404138368e-05,1.42182755370363,0.126065224
77,5.829820584748487e-06,9.258686044164957e-06,5.829820584748487e-06,0.5754968981069838,0.125976518
76,4.0241400021646185e-06,5.75160271446248e-06,4.0241400021646185e-06,0.5761954040451319,0.12601833
101,4.545114579679683e-05,4.6966547433179216e-05,4.545114579679683e-05,1.4621604023210384,0.124735348
97,1.8339701242754146e-05,2.201184234067048e-05,1.8339701242754146e-05,0.9698191950839308,0.126285344
73,1.521434789849219e-06,1.6446803151610254e-06,1.521434789849219e-06,0.33499617015817584,0.126037762
70,9.011687033715991e-07,1.035935927409397e-06,9.011687033715991e-07,0.2724768553592036,0.12600027
71,2.156627980953055e-06,2.407148725684683e-06,2.156627980953055e-06,0.38004420446226944,0.126072749
74,9.696496888397267e-07,1.1070803239124561e-06,9.696496888397267e-07,0.2687770001404002,0.125990361
76,1.0860701572052538e-06,1.242068066880954e-06,1.0860701572052538e-06,0.2829190921462244,0.125995353
71,6.70863156914672e-07,8.000678216254956e-07,6.70863156914672e-07,0.2362369434161692,0.125993878
72,6.515710714358825e-07,7.863816553825026e-07,6.515710714358825e-07,0.22916648392564798,0.125993729
78,1.5206329493783432e-06,1.7158273370551921e-06,1.5206329493783432e-06,0.3165307832711499,0.126037717
79,2.483715165928231e-06,2.996382809689218e-06,2.483715165928231e-06,0.36755404861223695,0.126032665
79,4.303548286417972e-06,5.466133776603122e-06,4.303548286417972e-06,0.4500083159558474,0.126054674
82,1.0199803865286706e-05,1.498512431769493e-05,1.0199803865286706e-05,0.5876206767140075,0.126060709
86,3.774870298755657e-05,6.135072068793185e-05,3.774870298755657e-05,0.8898329840282316,0.126088068
89,7.507135213635138e-05,0.00011317095189964921,7.507135213635138e-05,1.2211897399683147,0.126543835
97,0.00036032262030148183,0.00042539306307718175,0.00036032262030148183,2.627638548507544,0.125484884
79,6.828588809398233e-05,0.00010852780191719743,6.828588809398233e-05,1.1185109191204816,0.126026303
78,4.242481888065969e-05,7.542941270703032e-05,4.242481888065969e-05,0.9515104981149209,0.126069695
72,6.471908928068924e-06,8.122358359904576e-06,6.471908928068924e-06,0.5609038731225504,0.126088887
101,0.002287748757419004,0.004066328723433437,0.002287748757419004,4.027149339231628,0.125914693
71,7.270851279048802e-06,9.534261104162316e-06,7.270851279048802e-06,0.5724988568535588,0.12592572
75,1.0962734915221648e-05,1.6381971740874963e-05,1.0962734915221648e-05,0.6618455571105563,0.125912607
74,1.0555451839690334e-05,1.407920194124509e-05,1.0555451839690334e-05,0.6186989692814985,0.125959545
77,1.705220017784975e-05,2.982774654367134e-05,1.705220017784975e-05,0.7559742154334016,0.125973403
101,0.0002397269923297947,0.0005130851883989703,0.0002397269923297947,1.9126147763802825,0.125921443
81,5.7193773630412423e-05,0.00010012389684921568,5.7193773630412423e-05,1.1067069240213738,0.125957787
100,0.0001504805960062359,0.00030724419718048855,0.0001504805960062359,1.651427114224747,0.126134574
101,0.0028756087178430233,0.005745031350441224,0.0028756087178430233,4.285368548986401,0.126098543
86,1.669930941783797e-05,2.8440817926495832e-05,1.669930941783797e-05,0.9912591340415813,0.126012057
86,5.3625812953386376e-06,8.322207454545312e-06,5.3625812953386376e-06,0.7271418452621563,0.126061127
80,5.74825212582871e-06,9.701919335854975e-06,5.74825212582871e-06,0.5767231597729199,0.126000687
101,9.887202293630474e-05,0.00010429778119245615,9.887202293630474e-05,1.3413344830608738,0.127293244
101,1.4550373928889425e-05,1.5134332868028091e-05,1.4550373928889425e-05,0.8987097159205408,0.126251027
71,1.0510189638570612e-06,1.1658688334858855e-06,1.0510189638570612e-06,0.29341995140055177,0.126024038
71,7.173871326066867e-07,8.372278041210573e-07,7.173871326066867e-07,0.2477824559427752,0.125995427
72,2.277082181897589e-06,2.524550843815481e-06,2.277082181897589e-06,0.39086476286145416,0.126069039
72,7.175568361446522e-07,8.474580902925635e-07,7.175568361446522e-07,0.24274793083365592,0.12599501
65,5.998026560256546e-07,7.287399564531192e-07,5.998026560256546e-07,0.2223826396609045,0.125999033
68,5.99413207208053e-07,7.291556119195951e-07,5.99413207208053e-07,0.22201150846237344,0.125994295
76,9.255734435320265e-07,1.0438194692149986e-06,9.255734435320265e-07,0.2710167875069053,0.125992373
79,2.1692268276008245e-06,2.5402980926363885e-06,2.1692268276008245e-06,0.34892359368024034,0.125986233
79,3.30921452220272e-06,3.7487998110790255e-06,3.30921452220272e-06,0.4101705579923919,0.125991464
81,7.4964604760588005e-06,1.0243773548750769e-05,7.4964604760588005e-06,0.5428506473403473,0.126004681
86,1.3864021572804552e-05,1.882507288362474e-05,1.3864021572804552e-05,0.6816573136703021,0.126025259
89,0.00016905064094323036,0.0002741926508855994,0.00016905064094323036,1.6491623738487553,0.126260176
101,0.002155183618819258,0.003108352090269032,0.002155183618819258,5.384195701961812,0.126035154
101,0.0002188282859691697,0.00034951004019921763,0.0002188282859691697,1.9463537955441992,0.126007736
72,1.0176821142517965e-05,1.278452030939192e-05,1.0176821142517965e-05,0.6580206697747812,0.126073271
70,3.7896446093279576e-06,4.040738712063593e-06,3.7896446093279576e-06,0.4736820804693476,0.126071081
73,5.184029034651071e-06,6.3957396090059585e-06,5.184029034651071e-06,0.5053238093874698,0.125902638
70,9.069023884882185e-06,1.2051210875216156e-05,9.069023884882185e-06,0.5860466127237239,0.125912726
72,4.3707493742024215e-06,5.664799525871819e-06,4.3707493742024215e-06,0.506555726199884,0.125906169
87,9.503854206905859e-05,0.0001473705143076061,9.503854206905859e-05,1.3721876356537004,0.125962377
79,7.715004520382436e-06,1.2716028359032165e-05,7.715004520382436e-06,0.6180646920983076,0.125999123
73,9.405591762412083e-06,1.4889089799734701e-05,9.405591762412083e-06,0.6392065775418753,0.125944808
78,2.08613304352369e-05,3.72436271842641e-05,2.08613304352369e-05,0.796583299685615,0.125981182
101,8.83406756828062e-06,1.1980738065339553e-05,8.83406756828062e-06,0.8925576066429317,0.126127452
90,3.554355715087992e-06,3.890312483118541e-06,3.554355715087992e-06,0.7014256658706228,0.126107141
78,3.180848973894162e-06,4.527592672558618e-06,3.180848973894162e-06,0.5695261840018551,0.126004457
88,2.6014242204494577e-06,3.164176141950306e-06,2.6014242204494577e-06,0.6333282337325729,0.126025856
95,4.185043399340681e-05,9.489504173004755e-05,4.185043399340681e-05,1.0660360162872817,0.12600331
82,5.35369630591241e-06,9.113813932758031e-06,5.35369630591241e-06,0.5758996192139366,0.126010537
101,0.00012530974761474866,0.00012921696557062422,0.00012530974761474866,1.6749066399759143,0.125843197
101,1.6933038099791766e-05,1.8527263739829815e-05,1.6933038099791766e-05,1.083728950199349,0.126129225
71,1.0680034471845586e-06,1.1646925756561476e-06,1.0680034471845586e-06,0.29574940510765446,0.126028553
67,6.63736884764129e-07,7.753789383596766e-07,6.63736884764129e-07,0.24082746210362532,0.125996649
71,1.7068192311773576e-06,1.8028783745344984e-06,1.7068192311773576e-06,0.34964961918303894,0.126046583
73,6.617177745264248e-07,7.843734354459491e-07,6.617177745264248e-07,0.23685178845321841,0.125994086
68,5.622779642887833e-07,6.784292312791723e-07,5.622779642887833e-07,0.22110181469757215,0.125996083
65,5.831711507391646e-07,7.048833200342955e-07,5.831711507391646e-07,0.22275623939717953,0.125999987
78,1.0107102643921967e-06,1.1193933057683048e-06,1.0107102643921967e-06,0.279228883456635,0.125982702
81,1.7384152579917105e-06,1.840053943068218e-06,1.7384152579917105e-06,0.32920736897902647,0.12595281
78,2.6513523403589375e-06,2.859888902437016e-06,2.6513523403589375e-06,0.3757961830415497,0.125931188
81,3.905261691292276e-06,4.308204831008768e-06,3.905261691292276e-06,0.44604420885365065,0.125961259
83,5.959910497218379e-06,6.55193366985995e-06,5.959910497218379e-06,0.5288689808691741,0.125980854
97,0.000305138747806356,0.00047743317698905436,0.000305138747806356,2.2575966917962034,0.125992864
100,0.0012779803018135058,0.0017750449324251607,0.0012779803018135058,4.615220116120061,0.12776804
95,0.00023576871382229622,0.0003914467685257459,0.00023576871382229622,1.7294433490763956,0.126462132
68,1.2403555205539302e-05,1.5143354665757223e-05,1.2403555205539302e-05,0.7095431858441631,0.126027435
70,5.723479488678389e-06,5.87789861861598e-06,5.723479488678389e-06,0.5407427770389582,0.126061901
75,3.1133409732328025e-06,3.1463309539553513e-06,3.1133409732328025e-06,0.4302420467958375,0.126063749
72,1.4950612401441213e-05,2.4519399170143198e-05,1.4950612401441213e-05,0.6597674401557939,0.125892431
77,4.1874956160099054e-05,6.595788296843176e-05,4.1874956160099054e-05,0.9671765677533791,0.125925258
73,5.521126826085513e-06,8.10398086285478e-06,5.521126826085513e-06,0.5364866644013119,0.125936329
72,8.253957715096371e-06,8.462890445518601e-06,8.253957715096371e-06,0.6432678655805925,0.125973746
78,9.569652855264733e-06,1.6580165543085445e-05,9.569652855264733e-06,0.6519116498283711,0.126006097
74,3.41917264326911e-06,4.851329261280491e-06,3.41917264326911e-06,0.4961879844025957,0.125983104
76,4.0747668614930455e-06,6.41029150177333e-06,4.0747668614930455e-06,0.5327058906709962,0.126004338
101,1.277010477371106e-05,1.7146670280076744e-05,1.277010477371106e-05,1.0777110224880373,0.126117527
97,4.195036547147713e-06,4.613409830868907e-06,4.195036547147713e-06,0.7983347754726616,0.126088381
97,2.7921239597767967e-06,3.1405613445040282e-06,2.7921239597767967e-06,0.6971669241082642,0.126085728
88,2.0173772109335075e-06,2.480416252283768e-06,2.0173772109335075e-06,0.6146272196880604,0.126001433
86,0.0009229328017977226,0.002144360951181386,0.0009229328017977226,2.2705887208103466,0.126006573
79,3.925097817505884e-06,6.383762641005841e-06,3.925097817505884e-06,0.5444438810210187,0.126007974
101,7.065938874507276e-05,6.714824903555124e-05,7.065938874507276e-05,1.3606290644668462,0.125166833
101,1.652855614960847e-05,1.9762441008721022e-05,1.652855614960847e-05,1.1406463463995749,0.126143977
69,9.436812271602775e-07,1.0296874501884293e-06,9.436812271602775e-07,0.2814337258431363,0.126022607
69,7.404428578872396e-07,8.302593634356756e-07,7.404428578872396e-07,0.25394724046414197,0.125996262
69,6.11295070249176e-07,7.103610121955248e-07,6.11295070249176e-07,0.232981044141714,0.125995323
72,1.5433370579952275e-06,1.5693744224189494e-06,1.5433370579952275e-06,0.3320938218729042,0.126042113
73,7.304171457777091e-07,8.442248186373312e-07,7.304171457777091e-07,0.24740971209268944,0.125994027
71,6.028990818662874e-07,7.170007987511493e-07,6.028990818662874e-07,0.22935291239590777,0.125996754
68,5.887684144266258e-07,6.968691679649866e-07,5.887684144266258e-07,0.2283944625288667,0.12599583
77,1.25176986179717e-06,1.3389021022202872e-06,1.25176986179717e-06,0.29540102748671004,0.125945747
79,1.944620355482417e-06,2.005184993027519e-06,1.944620355482417e-06,0.3380586604537677,0.125917912
77,2.8642594794531185e-06,2.982658331452567e-06,2.8642594794531185e-06,0.3923108303750312,0.125916541
79,3.677208064151952e-06,3.846531895323482e-06,3.677208064151952e-06,0.44183452977126475,0.125943169
85,5.2583162335649326e-05,8.753859745299463e-05,5.2583162335649326e-05,1.0873335759862182,0.125993475
101,0.0015485618809883627,0.00235483333688139,0.0015485618809883627,4.4580857191943775,0.125181362
94,0.00015095309857661045,0.0002588881008622784,0.00015095309857661045,1.4749189508512146,0.126045898
73,6.658760668479694e-06,6.697580963789057e-06,6.658760668479694e-06,0.5684561188520699,0.126032993
70,5.0656863870541e-06,5.1263456494775464e-06,5.0656863870541e-06,0.5113097975388303,0.126057163
69,2.5683998353542683e-06,2.6006069194727616e-06,2.5683998353542683e-06,0.3986931135359405,0.126055941
69,3.728253430918865e-06,3.7708469922725428e-06,3.728253430918865e-06,0.4595170889914262,0.126064047
76,2.9408079581290773e-05,4.885005706203387e-05,2.9408079581290773e-05,0.8437861349231768,0.125898853
88,3.419674974038975e-05,5.631764555961971e-05,3.419674974038975e-05,1.1034300683275065,0.125904918
74,7.218194295481805e-06,7.618872692096466e-06,7.218194295481805e-06,0.6523925701632954,0.125926614
101,7.37820302851319e-05,0.00012386716578474726,7.37820302851319e-05,1.3428840505912552,0.125960737
72,4.952150788681436e-06,5.064950164279147e-06,4.952150788681436e-06,0.49634578208468566,0.125962168
101,7.051100439887825e-05,0.00012762794890021253,7.051100439887825e-05,1.3003090165519104,0.126006782
84,1.867053489659123e-05,3.457160625908124e-05,1.867053489659123e-05,0.9140795466798054,0.126006469
101,9.980988377342487e-06,1.1789618731829191e-05,9.980988377342487e-06,1.0495035463311322,0.126129344
101,5.641782659057917e-06,6.929556197880116e-06,5.641782659057917e-06,0.8997284076755057,0.126079157
96,3.2152650706748325e-06,4.064371575523864e-06,3.2152650706748325e-06,0.7479869578330784,0.126046777
86,1.7542297173674846e-06,2.45140111622527e-06,1.7542297173674846e-06,0.5554235771751278,0.126002133
65,0.0004485734127299662,0.0014777179913064164,0.0004485734127299662,0.8853489189587295,0.126005366
56,0.00015068087939853076,0.0005720255285490292,0.00015068087939853076,0.5947460194321149,0.126008913
101,7.040730090833417e-05,7.309943183731191e-05,7.040730090833417e-05,1.4390993284088456,0.125452012
101,1.5754516058807797e-05,1.6988594618638535e-05,1.5754516058807797e-05,1.264159232878795,0.126183018
73,1.1056787185015125e-06,1.1539640284952085e-06,1.1056787185015125e-06,0.2933599944142019,0.126004949
72,7.972732280598113e-07,8.696002064934753e-07,7.972732280598113e-07,0.25904489098317235,0.125987634
70,6.93243485755457e-07,7.808010261620493e-07,6.93243485755457e-07,0.2450324702656147,0.125994489
71,1.8472495779451228e-06,1.8462541384341214e-06,1.8472495779451228e-06,0.34916329338660707,0.126046136
73,8.278242772546452e-07,9.264422335083818e-07,8.278242772546452e-07,0.25771714572458515,0.125991717
71,6.66049157796364e-07,7.667563540357639e-07,6.66049157796364e-07,0.24000013769149198,0.125992313
70,6.554782782548796e-07,7.54029466887772e-07,6.554782782548796e-07,0.23975193184662025,0.125998095
77,1.3036304683683538e-06,1.3770085279314997e-06,1.3036304683683538e-06,0.29650643734478443,0.125930309
76,2.007721903474695e-06,2.0485038884823748e-06,2.007721903474695e-06,0.3389100174329663,0.125916243
75,2.6647043331032762e-06,2.778200305903665e-06,2.6647043331032762e-06,0.3814746757658014,0.125933632
76,4.039480096240738e-06,4.458251632274908e-06,4.039480096240738e-06,0.47049321087110174,0.125958696
56,0.00018783444146256516,0.0005442501375926633,0.00018783444146256516,0.6735163720700964,0.126000822
98,0.0005719685215175584,0.0009609244095427456,0.0005719685215175584,2.3649760668157,0.126356542
101,0.0021947425997230386,0.0033038121343438678,0.0021947425997230386,5.423922789848037,0.127111793
91,4.7086498570729e-05,8.067243815845216e-05,4.7086498570729e-05,0.9947442679413316,0.1260456
72,4.357817273010482e-06,4.387647339166963e-06,4.357817273010482e-06,0.4651355899701898,0.1260124
72,3.896447696534298e-06,3.91487526103402e-06,3.896447696534298e-06,0.45810836454042503,0.126055554
70,2.8591929047320645e-06,2.870471079947695e-06,2.8591929047320645e-06,0.4110247103371226,0.126080379
68,3.5424669761011773e-06,3.549376477374079e-06,3.5424669761011773e-06,0.44475609313634606,0.12608242
101,0.00010577039830895098,0.0001720460878235866,0.00010577039830895098,1.6726340933865442,0.125921875
98,4.9273315702767565e-05,7.99992186423363e-05,4.9273315702767565e-05,1.3488808706995428,0.125944763
74,3.6760652689335485e-06,3.8822162274964566e-06,3.6760652689335485e-06,0.4674428664529022,0.125924006
76,3.350365311766914e-06,3.7168004402752802e-06,3.350365311766914e-06,0.4859463309628135,0.125923753
101,0.00014288733162295177,0.000249515591801267,0.00014288733162295177,1.6190837789373795,0.125979453
85,4.2054141574425585e-05,8.269821926874089e-05,4.2054141574425585e-05,0.9378425749015087,0.126007974
74,3.2637511866920866e-06,3.3403724747128575e-06,3.2637511866920866e-06,0.4169878380487098,0.125961661
77,5.463067319058526e-06,1.1299670099693316e-05,5.463067319058526e-06,0.5204884040490906,0.126004428
101,1.8398208293552114e-05,2.595750221207039e-05,1.8398208293552114e-05,1.2786823684804134,0.126132831
94,4.362515007141885e-06,5.444336066933924e-06,4.362515007141885e-06,0.8050391935939175,0.12606515
92,2.4723522508849436e-06,3.0989901460549906e-06,2.4723522508849436e-06,0.699082693473927,0.125981778
88,1.6586950760559076e-06,2.2524810494251853e-06,1.6586950760559076e-06,0.5813194276391265,0.126005426
85,1.7039591980133517e-06,2.7182159390155e-06,1.7039591980133517e-06,0.47622079580280585,0.126009688
85,1.697593948591872e-06,2.855491303832691e-06,1.697593948591872e-06,0.43638288680968107,0.126006156
79,2.7414672917046683e-06,5.3804863939722935e-06,2.7414672917046683e-06,0.4535122361242996,0.126004472
101,7.748913639955816e-05,8.045436449126146e-05,7.748913639955816e-05,1.6611529595714631,0.125448972
101,0.0009317472476054383,0.0018815166304839406,0.0009317472476054383,4.694015540187835,0.126182988
69,1.4209764352651236e-06,1.4697176806740672e-06,1.4209764352651236e-06,0.315801425292941,0.126028642
73,1.0491127104813563e-06,1.1009057606540099e-06,1.0491127104813563e-06,0.2831527039263273,0.125991255
69,8.937574700427601e-07,9.675911514947543e-07,8.937574700427601e-07,0.2672614436281569,0.126003012
69,8.279911304386092e-07,9.07487300032067e-07,8.279911304386092e-07,0.25992551131165814,0.12601465
71,2.477307702954664e-06,2.455169770005429e-06,2.477307702954664e-06,0.3815561513569954,0.126077399
74,9.68409396841519e-07,1.0510194092547583e-06,9.68409396841519e-07,0.27007099237368454,0.12599732
73,8.908149291294038e-07,9.70431419010463e-07,8.908149291294038e-07,0.26361808644751467,0.126003608
74,9.751245213570865e-07,1.0373220536280119e-06,9.751245213570865e-07,0.271597651753583,0.12600857
74,1.6151003472917583e-06,1.66940213088581e-06,1.6151003472917583e-06,0.3148754392316892,0.125943318
72,2.3024631818099402e-06,2.3987315342466e-06,2.3024631818099402e-06,0.3539658215737731,0.12593767
74,3.0806360223715296e-06,3.3473083713397908e-06,3.0806360223715296e-06,0.4057679084541265,0.125955939
83,1.1669629448905704e-05,1.6945489017909813e-05,1.1669629448905704e-05,0.6701356863845273,0.125990793
88,3.12984384362896e-05,4.5710720779663176e-05,3.12984384362896e-05,0.9753591379382383,0.126019239
97,0.00017687621629614356,0.0003146334968623526,0.00017687621629614356,1.4670670625810023,0.126076266
101,0.0017883281617406942,0.00277313495935106,0.0017883281617406942,4.819740561787191,0.128025964
91,3.31148659401506e-05,5.263670737562538e-05,3.31148659401506e-05,0.9324804686634187,0.126056969
71,3.2644800309690273e-06,3.2813781433996014e-06,3.2644800309690273e-06,0.41208557510786603,0.126023188
71,3.5381386232511153e-06,3.48392223641017e-06,3.5381386232511153e-06,0.43793090570703347,0.126066417
68,3.213591809369646e-06,3.2226862203176137e-06,3.213591809369646e-06,0.4236138304149844,0.126108766
75,3.832892055730936e-06,4.539013633908963e-06,3.832892055730936e-06,0.5529901638581676,0.125939831
79,5.081345797537582e-06,6.482474773640742e-06,5.081345797537582e-06,0.6656934996377308,0.125975847
71,1.184683980287613e-05,2.2240050193355464e-05,1.184683980287613e-05,0.6007701407628765,0.125922352
72,2.8927306110840393e-06,3.1180036043812364e-06,2.8927306110840393e-06,0.43771674743269345,0.125929132
86,2.4030245261334017e-05,4.806269014382129e-05,2.4030245261334017e-05,0.7662280203450397,0.125937983
101,7.768321747406047e-05,0.00013843701734703425,7.768321747406047e-05,1.4541386253503095,0.126004532
72,2.5466893405938273e-06,2.6171493349037112e-06,2.5466893405938273e-06,0.38758590264165693,0.12595959
101,0.00014122804922414765,0.0002873867003665693,0.00014122804922414765,1.5578597605801237,0.126004517
101,4.8421390430827225e-05,9.007018108862178e-05,4.8421390430827225e-05,1.415893082188077,0.126133889
98,5.073682030561923e-06,6.255029082250741e-06,5.073682030561923e-06,0.7992944358355745,0.126058713
96,2.0704369736063852e-05,4.8074203460104654e-05,2.0704369736063852e-05,1.0005154627191841,0.126031414
94,2.0333795199155357e-06,2.5616468668074847e-06,2.0333795199155357e-06,0.6576404971129537,0.125998661
89,1.6792746801563138e-06,2.55248425073737e-06,1.6792746801563138e-06,0.5507478670081655,0.126000807
87,1.5720903455699127e-06,2.6373500582963944e-06,1.5720903455699127e-06,0.4416235624929241,0.126007587
82,5.162133603601368e-06,1.2096104921010393e-05,5.162133603601368e-06,0.49307774424367706,0.126004413
101,0.00014718088176417585,0.0003258506134100619,0.00014718088176417585,1.5185120626519455,0.126005813
101,8.466302871011325e-05,8.654541193951266e-05,8.466302871011325e-05,2.1668719996828316,0.124250203
101,4.892044997920154e-05,6.649225093388808e-05,4.892044997920154e-05,2.4179186170975817,0.126339436
70,1.7765988467558716e-06,1.786079324034567e-06,1.7765988467558716e-06,0.3347768645863155,0.126053974
72,1.4296156177748107e-06,1.456646251064776e-06,1.4296156177748107e-06,0.3095953860658866,0.125996679
71,1.1685003516085532e-06,1.2151756255139269e-06,1.1685003516085532e-06,0.28938160334578245,0.126008898
70,2.657392794443503e-06,2.681900399060907e-06,2.657392794443503e-06,0.38760551391816334,0.126095816
74,1.4458041698958794e-06,1.503360541603997e-06,1.4458041698958794e-06,0.3045270839731281,0.125998259
72,1.3478685418814197e-06,1.3983847649587407e-06,1.3478685418814197e-06,0.29807604039504626,0.12601912
72,1.42299327113883e-06,1.4620945099225538e-06,1.42299327113883e-06,0.30526922254199534,0.126007885
71,2.1102347308442607e-06,2.1958478075923506e-06,2.1102347308442607e-06,0.3421572997105753,0.125958577
72,2.796435143379051e-06,3.06453533493587e-06,2.796435143379051e-06,0.37758693013691186,0.125958279
76,4.86725640370214e-06,6.551985364105206e-06,4.86725640370214e-06,0.4772959590402033,0.125973597
52,8.212251098458082e-05,0.00029592385855960906,8.212251098458082e-05,0.498692115819983,0.125999004
83,1.341535663474406e-05,1.9291553102333613e-05,1.341535663474406e-05,0.7202881148361445,0.126026273
101,0.000603784673698648,0.0010679420497163605,0.000603784673698648,2.308070519993423,0.126738653
101,0.0009655850028421213,0.0014971579409375096,0.0009655850028421213,3.5200782915619975,0.125350535
93,5.3200554149489546e-05,9.424184013062507e-05,5.3200554149489546e-05,1.0304063910008638,0.12607035
71,2.8567074013257716e-06,2.855641767250547e-06,2.8567074013257716e-06,0.4016308528665404,0.126017869
69,3.378636524527312e-06,3.3390828958212144e-06,3.378636524527312e-06,0.436493226615092,0.126074493
69,3.4594367034937543e-06,3.449580069847715e-06,3.4594367034937543e-06,0.4355875171155323,0.126101598
81,1.9223431715513963e-05,3.656308409398633e-05,1.9223431715513963e-05,0.7314890960847812,0.125973597
101,0.0009224807275416757,0.001787460571382163,0.0009224807275416757,3.061395868738519,0.12599574
71,5.20970594166363e-06,8.033736825737932e-06,5.20970594166363e-06,0.5198310746187871,0.125930309
74,1.9484202739537214e-06,2.091154111065024e-06,1.9484202739537214e-06,0.38185518303779126,0.125936374
86,2.830454518101352e-05,5.933789723534429e-05,2.830454518101352e-05,0.7845866993659648,0.125956193
78,2.4869994601590574e-06,3.425570920860582e-06,2.4869994601590574e-06,0.5335764758648442,0.126005724
73,2.0761289039090555e-06,2.1453845925307333e-06,2.0761289039090555e-06,0.3739829385918725,0.12596646
101,0.0017500707724954789,0.003532331326731338,0.0017500707724954789,4.074154862364227,0.126001507
101,0.0004915194381799558,0.0011977136950376151,0.0004915194381799558,1.9558285015793537,0.12610063
97,7.689817980662612e-06,1.2469843365606957e-05,7.689817980662612e-06,0.8519950611288839,0.126032874
100,6.216392949099546e-05,0.00013660925641034225,6.216392949099546e-05,1.3511017999081596,0.126004592
91,2.387773065033906e-06,3.3851004917167425e-06,2.387773065033906e-06,0.6738746352332543,0.125988573
87,1.831019244381335e-06,3.0108334313267475e-06,1.831019244381335e-06,0.5204546370070966,0.126006067
86,8.007326193046828e-06,2.0263780298351956e-05,8.007326193046828e-06,0.5565120215667675,0.126005068
86,9.409371749042842e-06,2.1647354788718042e-05,9.409371749042842e-06,0.7043768006206133,0.126002207
101,0.00011813878556854388,0.0002489663154307079,0.00011813878556854388,1.5417080485365235,0.126001745
101,0.00014955755107419423,0.00015764601488070192,0.00014955755107419423,2.4335215125592162,0.126764923
101,9.772909046751405e-05,0.00018999558639955284,9.772909046751405e-05,1.9446420349922533,0.126924157
70,2.2196249298773216e-06,2.203315973711322e-06,2.2196249298773216e-06,0.35800893621472174,0.126059324
71,1.9242658677099444e-06,1.9242301590034148e-06,1.9242658677099444e-06,0.3394301538410201,0.126000777
73,1.7033318624082233e-06,1.717548796390582e-06,1.7033318624082233e-06,0.3252148676797223,0.126003951
69,2.8239341014046095e-06,2.8435350669818902e-06,2.8239341014046095e-06,0.3953857694406537,0.126095414
70,3.278281705794995e-06,3.2662222554791743e-06,3.278281705794995e-06,0.42337243250725914,0.126102686
72,2.0346697489533467e-06,2.0687351265531374e-06,2.0346697489533467e-06,0.3365369593159115,0.125988886
71,2.0158951398018843e-06,2.035862728740917e-06,2.0158951398018843e-06,0.3360111162534993,0.12599808
73,1.9238576723869396e-06,1.9329543503049973e-06,1.9238576723869396e-06,0.3354752659753802,0.125993356
69,2.664673876796646e-06,2.8624719850833184e-06,2.664673876796646e-06,0.3680714717064353,0.125962183
71,3.46166487098513e-06,4.207547325774802e-06,3.46166487098513e-06,0.40976752788836524,0.125966638
86,2.0652646064487005e-05,4.0581817936276465e-05,2.0652646064487005e-05,0.6870255915828818,0.125988975
81,1.7804972887361287e-05,2.6181661587029696e-05,1.7804972887361287e-05,0.791336526445018,0.126013651
82,8.474078090363271e-06,1.1229972183220893e-05,8.474078090363271e-06,0.643834432975854,0.126033604
100,0.00028218000013994116,0.0005235278753782576,0.00028218000013994116,1.6952467376369134,0.126172617
101,0.0007724401410304083,0.0011094116038372,0.0007724401410304083,3.5854731399825654,0.126408145
91,3.539142307967204e-05,6.142203391173693e-05,3.539142307967204e-05,0.936423448342355,0.126061499
73,2.7379823458662433e-06,2.7343036888768515e-06,2.7379823458662433e-06,0.41231361689050244,0.126018882
72,3.0975444208436636e-06,3.0749391301451423e-06,3.0975444208436636e-06,0.4285877166572166,0.126056194
70,3.2301820530630942e-06,3.2090647406196905e-06,3.2301820530630942e-06,0.42905645404651555,0.126068771
79,2.9620030095690328e-05,6.14663592057075e-05,2.9620030095690328e-05,0.7717282815813141,0.125996873
77,1.3576218830959955e-05,2.5478200909082528e-05,1.3576218830959955e-05,0.6606743969293914,0.125982419
83,5.808648089680424e-05,0.00013168472811489555,5.808648089680424e-05,0.8994336984958883,0.125998423
73,2.065037934501078e-06,2.5179722895656164e-06,2.065037934501078e-06,0.421970924232486,0.125946641
73,1.463746812903865e-06,1.615731573028639e-06,1.463746812903865e-06,0.35928891682653574,0.125945225
74,2.390037205953879e-06,3.3341226132027443e-06,2.390037205953879e-06,0.45073385247115366,0.125970855
72,1.965856032400455e-06,2.030562427450498e-06,1.965856032400455e-06,0.3814844290081555,0.125974357
73,1.4522488262280633e-06,1.5606932959011788e-06,1.4522488262280633e-06,0.3562535617071553,0.125957921
62,0.00015631715956501206,0.0005912060722644472,0.00015631715956501206,0.5520360037127493,0.126000047
101,9.570313499634208e-06,1.1131300809740024e-05,9.570313499634208e-06,0.9626647995625158,0.126085609
101,0.0001035520182598114,0.00021567053026422158,0.0001035520182598114,1.5769734245477622,0.126010269
101,0.0004248352073500818,0.0008503725178565896,0.0004248352073500818,2.5401987084526407,0.125994384
90,2.4269046669967102e-06,3.2209326660794806e-06,2.4269046669967102e-06,0.6826105656793627,0.125977144
87,2.7196519495441637e-06,4.735511626748335e-06,2.7196519495441637e-06,0.6007564322071276,0.126000911
93,1.4908936628884293e-05,3.998783676933684e-05,1.4908936628884293e-05,0.7459848708178168,0.126004815
87,2.155486256059226e-06,3.378188022175062e-06,2.155486256059226e-06,0.5458209488075251,0.126003966
64,0.00011980357730199617,0.0005181853354766035,0.00011980357730199617,0.5116283563509818,0.126000345
101,0.00012851454653049673,0.00013333386652762916,0.00012851454653049673,3.067302676859069,0.125571087
101,0.00013051999019617964,0.00023560525355245998,0.00013051999019617964,2.9333980696057753,0.126339942
70,2.598345777555829e-06,2.623377771415917e-06,2.598345777555829e-06,0.3808415805942058,0.126041144
69,2.385252860296413e-06,2.4212567115792822e-06,2.385252860296413e-06,0.3665696287568109,0.125984311
70,2.2802096412877887e-06,2.304456268287391e-06,2.2802096412877887e-06,0.35888525510977176,0.125977188
71,3.082174688837133e-06,3.0761566671907314e-06,3.082174688837133e-06,0.4128466272229529,0.126075089
71,2.6285308487743304e-06,2.747848626941101e-06,2.6285308487743304e-06,0.3672602990276695,0.125965863
68,2.385571091956462e-06,2.4476678793354267e-06,2.385571091956462e-06,0.3581095685034457,0.125966653
69,2.4342389470599185e-06,2.4703972969019673e-06,2.4342389470599185e-06,0.3657093755919285,0.125957474
70,3.613596363518325e-06,4.428804952379713e-06,3.613596363518325e-06,0.4123015749087108,0.125976056
82,1.3436134913582494e-05,2.5133032778019887e-05,1.3436134913582494e-05,0.5893409606045554,0.125988334
83,2.3547127506192023e-05,3.7444761569375945e-05,2.3547127506192023e-05,0.8349390976028864,0.125987723
82,7.272905488655983e-06,9.410715113165652e-06,7.272905488655983e-06,0.6218630214183427,0.126042545
101,0.00020462504438991367,0.00037949258616644496,0.00020462504438991367,1.530737701159238,0.126224577
101,0.000181194482615723,0.00026457798317114806,0.000181194482615723,1.5924399423645508,0.123901375
87,2.2903330779059743e-05,3.830634132897135e-05,2.2903330779059743e-05,0.8458740980427122,0.126048967
73,2.3995307280405e-06,2.429590833372324e-06,2.3995307280405e-06,0.40619988552853264,0.126006976
72,2.6420213856353554e-06,2.6627181698512894e-06,2.6420213856353554e-06,0.4148164278930586,0.126021147
72,2.9726946402980056e-06,2.9520816366516165e-06,2.9726946402980056e-06,0.4240229915695041,0.126040801
71,3.0640809824366407e-06,3.0308269472494515e-06,3.0640809824366407e-06,0.4209920783241991,0.126031116
77,1.7903942911475662e-05,3.706246612538993e-05,1.7903942911475662e-05,0.6918520265148707,0.125996038
101,0.000541929781272686,0.0010185613889228554,0.000541929781272686,2.495909444878115,0.125981867
87,6.78526301343028e-05,0.0001634873811705934,6.78526301343028e-05,0.8912868022462794,0.125996739
76,1.1641509090534814e-06,1.3811354793900054e-06,1.1641509090534814e-06,0.351113590231553,0.125958651
74,1.1167794233632656e-06,1.265719006340317e-06,1.1167794233632656e-06,0.3433496332912571,0.125962913
75,1.0559719990442663e-06,1.3651819159858418e-06,1.0559719990442663e-06,0.3499132125487865,0.125980213
75,1.6465015012555688e-06,1.7460485893472192e-06,1.6465015012555688e-06,0.3744387575546663,0.125974864
73,1.2295220017455433e-06,1.3706265441302423e-06,1.2295220017455433e-06,0.35464327563835596,0.125969023
93,0.00010812910364950938,0.0002648794537728475,0.00010812910364950938,1.0682932805149048,0.1260003
101,0.0016926751466604232,0.0035007445654617613,0.0016926751466604232,5.0015759228238155,0.126054063
100,1.1978234035845517e-05,2.1672732902249315e-05,1.1978234035845517e-05,0.9692731218129311,0.125999331
101,0.000175018844520468,0.00035280369952030806,0.000175018844520468,1.878325734279929,0.125970185
90,2.8761698186622486e-06,4.0757254479057225e-06,2.8761698186622486e-06,0.718399127524382,0.125980541
91,2.8820820202940326e-06,4.387705419257673e-06,2.8820820202940326e-06,0.6807118388798211,0.126000494
91,2.9775945543215934e-05,6.93522424410305e-05,2.9775945543215934e-05,0.8930760265831145,0.126003981
93,0.00010510542914964986,0.0002522360856046545,0.00010510542914964986,1.172329914447253,0.125998899
101,0.00011232410681730168,0.00011613700168234243,0.00011232410681730168,2.345338723732998,0.127140492
101,3.322994183367866e-05,3.678608378169567e-05,3.322994183367866e-05,2.1949174203890385,0.126548424
70,2.8834797461559473e-06,2.896717125608353e-06,2.8834797461559473e-06,0.4000668082283521,0.126022875
71,2.7778734766128707e-06,2.789672344030412e-06,2.7778734766128707e-06,0.39255023107272513,0.125950888
69,2.700522933941443e-06,2.7249890396277733e-06,2.700522933941443e-06,0.38496788724688535,0.125919521
70,2.955339823740405e-06,2.948241896271062e-06,2.955339823740405e-06,0.41229897349406175,0.126005515
68,2.7774200744944225e-06,2.948449362272931e-06,2.7774200744944225e-06,0.37827562589790886,0.125945702
68,2.63407060225905e-06,2.6855397175880856e-06,2.63407060225905e-06,0.3734471671082679,0.125923842
69,2.675409167057654e-06,2.714971684248093e-06,2.675409167057654e-06,0.38110412986991793,0.12590462
74,5.826749971774124e-06,9.014178868550698e-06,5.826749971774124e-06,0.46535597604362483,0.125946507
47,6.762309440840548e-05,0.00027714812844255337,6.762309440840548e-05,0.42732447849904476,0.125977054
81,6.682206367884251e-06,8.85172951245679e-06,6.682206367884251e-06,0.5928443051747764,0.126015484
82,1.366566172587826e-05,2.1076358657167523e-05,1.366566172587826e-05,0.7033843252634249,0.125982478
82,6.663901107067725e-06,8.44533511993447e-06,6.663901107067725e-06,0.6158777726136081,0.126039028
101,0.00011853501294610819,0.00021968645114905003,0.00011853501294610819,1.3147757402421647,0.1261127
101,9.892015978285354e-05,0.00014574932452429004,9.892015978285354e-05,1.507718840249655,0.124875247
101,0.0004303437383690654,0.0005735397845561785,0.0004303437383690654,3.3992463047854415,0.116473712
93,1.89360510675265e-05,3.0409313302411263e-05,1.89360510675265e-05,0.8258437301305529,0.126052052
75,2.062118718282231e-06,2.1469415769253257e-06,2.062118718282231e-06,0.3974846142198792,0.125989497
73,2.278398259401998e-06,2.339997659384461e-06,2.278398259401998e-06,0.4062262876950143,0.125997305
72,2.5627491380925326e-06,2.5851091451243123e-06,2.5627491380925326e-06,0.4118903550425339,0.125996262
70,2.5945849337566575e-06,2.598441906161722e-06,2.5945849337566575e-06,0.407086633510433,0.125990033
77,1.0428585152713782e-05,2.0418625482098898e-05,1.0428585152713782e-05,0.629416338370564,0.125997737
74,2.264620887807147e-06,3.4419260863206634e-06,2.264620887807147e-06,0.44821396884001197,0.125993371
83,3.905815205975299e-05,9.191482857970066e-05,3.905815205975299e-05,0.7750656226763128,0.125999972
77,9.223050926204759e-07,1.1241387742811004e-06,9.223050926204759e-07,0.3329412569165447,0.125971541
76,9.832177978822585e-07,1.174685475402949e-06,9.832177978822585e-07,0.34183202323234607,0.125969246
77,9.057962144857981e-07,1.2029492537390913e-06,9.057962144857981e-07,0.33791241466802174,0.125991926
74,1.524144786257631e-06,1.6581794452881417e-06,1.524144786257631e-06,0.3762965245353901,0.125979096
74,1.157362703353586e-06,1.349688465117088e-06,1.157362703353586e-06,0.3596178808215573,0.125973225
88,4.753344153558435e-05,0.00011163063441899779,4.753344153558435e-05,0.8949161436616387,0.125999883
101,0.0005560745975385124,0.0009744469472717525,0.0005560745975385124,5.104538928965333,0.126031071
101,6.2535389771842675e-06,8.602218420656882e-06,6.2535389771842675e-06,0.8576187733016095,0.125991955
101,0.00015798645008564005,0.00034850517029108417,0.00015798645008564005,1.7807068329138276,0.125958398
90,2.143359651263721e-06,2.904184919596934e-06,2.143359651263721e-06,0.6549971033919584,0.125965849
89,6.768085046819442e-06,1.4945291222164327e-05,6.768085046819442e-06,0.7389685757366009,0.125987127
99,0.00011276951462037961,0.0002908318263384789,0.00011276951462037961,1.2251771468521107,0.125998974
89,5.2237556301074164e-05,0.00012208188634223673,5.2237556301074164e-05,0.9951735539026542,0.125999212
101,0.00010055177801934431,0.00010418948068105536,0.00010055177801934431,1.8548374666900214,0.125746801
101,2.2688563825508224e-05,2.4896356331357098e-05,2.2688563825508224e-05,2.0187686023339064,0.126076818
70,2.837346236292693e-06,2.831111715879648e-06,2.837346236292693e-06,0.40260878727020766,0.125953421
69,2.7569177900579923e-06,2.7722114926143196e-06,2.7569177900579923e-06,0.39469839038385907,0.125899091
71,2.630939249134107e-06,2.6641346769919214e-06,2.630939249134107e-06,0.3852213013702752,0.125873774
72,2.5164828507964344e-06,2.531052178917545e-06,2.5164828507964344e-06,0.39685855431734307,0.125946715
70,2.912876971950584e-06,3.125447104049862e-06,2.912876971950584e-06,0.3935972567609521,0.125901297
72,2.669736154460883e-06,2.746923635751875e-06,2.669736154460883e-06,0.3862157021178766,0.12587966
73,2.4451758491715964e-06,2.4991537661704852e-06,2.4451758491715964e-06,0.37824389834492833,0.125865713
75,8.005294419203653e-06,1.3050312382493556e-05,8.005294419203653e-06,0.5195503419538547,0.125906691
61,0.0004454375765831461,0.001249874192745979,0.0004454375765831461,0.7969332461884925,0.125927687
79,4.80497413443496e-06,6.008482621130838e-06,4.80497413443496e-06,0.5414281621929107,0.125983104
80,6.6202193519234406e-06,9.33576923635314e-06,6.6202193519234406e-06,0.5705118795768164,0.125929609
83,6.001731874424745e-06,7.5243016140862485e-06,6.001731874424745e-06,0.6032270862724671,0.126024634
100,6.507708632130278e-05,0.00011458245024815717,6.507708632130278e-05,1.1664327758480675,0.126064017
101,2.7487857598633784e-05,3.471770205871639e-05,2.7487857598633784e-05,0.9029696616268336,0.121804662
101,0.0001727731605723989,0.00021963625753138692,0.0001727731605723989,2.205222701337637,0.123990498
90,2.0993222108895058e-05,3.518591549827745e-05,2.0993222108895058e-05,0.8536148123727125,0.126053661
72,1.7993479011045568e-06,1.9252934817781344e-06,1.7993479011045568e-06,0.3918672069167153,0.125981525
73,1.8266308949783197e-06,1.9482266950544513e-06,1.8266308949783197e-06,0.39286959386211323,0.125976473
72,2.0835609083148357e-06,2.1617771952411725e-06,2.0835609083148357e-06,0.39743338014976287,0.125976458
71,2.049881545462626e-06,2.1139448961624063e-06,2.049881545462626e-06,0.3878444748646676,0.125962004
79,9.66916413839279e-06,1.863635880258428e-05,9.66916413839279e-06,0.6323131540544082,0.125997424
76,1.754372599082606e-06,2.6185809878468944e-06,1.754372599082606e-06,0.4232491649601988,0.125995368
95,0.00039082410932410653,0.0011205295298296878,0.00039082410932410653,1.3388417121744771,0.126000717
77,8.724114688008996e-07,1.1139970923561247e-06,8.724114688008996e-07,0.3349947227005693,0.125984356
78,9.964016536452458e-07,1.236412236563674e-06,9.964016536452458e-07,0.35058843998423833,0.125981823
77,8.695763950688676e-07,1.1794532053557169e-06,8.695763950688676e-07,0.3396948083048622,0.125992283
74,1.4210971269690222e-06,1.5940789474260903e-06,1.4210971269690222e-06,0.3773376994889149,0.125981972
77,1.1856177977563623e-06,1.4224093512886155e-06,1.1856177977563623e-06,0.3682206982725669,0.125979021
101,1.1400301804588281e-05,1.1685852944715006e-05,1.1400301804588281e-05,2.3456996247732143,0.1260387
101,6.133979540499583e-06,8.426312004592987e-06,6.133979540499583e-06,0.8503710018736393,0.125991195
101,0.000995144399387192,0.0025136796812723658,0.000995144399387192,2.672569173771703,0.125949234
101,2.8378813283430518e-05,5.8029265638279896e-05,2.8378813283430518e-05,1.1383539986028495,0.125969455
94,3.97788432929368e-05,8.807544132362859e-05,3.97788432929368e-05,1.108053310526578,0.125990167
69,7.027226400140032e-05,0.00024331507487527286,7.027226400140032e-05,0.6738204798188396,0.126000434
84,3.4816720992545716e-05,7.925869464177065e-05,3.4816720992545716e-05,0.9108356305978016,0.125999451
101,9.755911769468036e-05,0.00010302955899409176,9.755911769468036e-05,1.7715590157546477,0.125776157
101,4.88804252257714e-05,9.503515636818561e-05,4.88804252257714e-05,1.6174346683123846,0.126592591
70,2.406085111974046e-06,2.4419745792765028e-06,2.406085111974046e-06,0.3859374377992438,0.125902534
72,2.3413188482337626e-06,2.387655445271419e-06,2.3413188482337626e-06,0.37877713427006576,0.125864923
71,2.054711237497176e-06,2.111906908549085e-06,2.054711237497176e-06,0.38066524351843245,0.12593025
72,3.943649576719226e-06,5.087333261990298e-06,3.943649576719226e-06,0.4507167225217441,0.125875294
72,2.187371972572117e-06,2.285508483379742e-06,2.187371972572117e-06,0.37520825590879214,0.125855803
72,2.668727696412936e-06,3.0415745160042734e-06,2.668727696412936e-06,0.4146244677566255,0.125858098
78,8.710933898469618e-06,1.3897411378296192e-05,8.710933898469618e-06,0.5699120857870632,0.125885695
79,4.089600073133071e-06,4.885916300974783e-06,4.089600073133071e-06,0.5265603116824555,0.125951812
75,3.782153552852537e-06,4.7107740934819116e-06,3.782153552852537e-06,0.4918004944428276,0.125896752
84,6.99676824219541e-06,9.419247478360097e-06,6.99676824219541e-06,0.6357112473895788,0.125993192
101,2.1430904643509435e-05,3.0337510766361583e-05,2.1430904643509435e-05,0.9054881406951416,0.126090497
101,1.738733422580144e-05,1.8202522789377973e-05,1.738733422580144e-05,0.7231315868825143,0.126118958
101,0.00018341881795919034,0.0002111203709684954,0.00018341881795919034,2.125490854064346,0.124420092
96,2.284800883848821e-05,3.981958225991126e-05,2.284800883848821e-05,0.8762655491329525,0.126052231
76,1.5072049325821192e-06,1.688664445012508e-06,1.5072049325821192e-06,0.38388967008971586,0.125980511
76,1.5404759066160394e-06,1.709574885443219e-06,1.5404759066160394e-06,0.38405951511372854,0.125976428
73,1.6706539499714306e-06,1.7988562695290446e-06,1.6706539499714306e-06,0.3834814738220101,0.125963643
73,1.6835148599750068e-06,1.790851026820584e-06,1.6835148599750068e-06,0.3782681277111276,0.125962839
77,1.2369540803308316e-05,2.626601635958618e-05,1.2369540803308316e-05,0.6483770869310977,0.12599951
60,0.00012472584233762506,0.0004188279465098802,0.00012472584233762506,0.5724404096446152,0.125997975
78,1.0895340155983082e-06,1.549994694583189e-06,1.0895340155983082e-06,0.37462017646344936,0.1259958
86,5.833976667443918e-05,0.00013762888844264768,5.833976667443918e-05,0.9306190795745898,0.126000658
78,8.849232646264309e-07,1.1644924173844474e-06,8.849232646264309e-07,0.34254519453845633,0.125990137
78,1.0318122550506586e-06,1.3168652267982721e-06,1.0318122550506586e-06,0.35875566642179085,0.125985101
77,1.302846460540706e-06,1.5393425010559092e-06,1.302846460540706e-06,0.377119150758219,0.12598972
76,1.1371697023973278e-06,1.4256004938996578e-06,1.1371697023973278e-06,0.36755595199398877,0.125992119
101,1.779763674164483e-05,2.103171030596316e-05,1.779763674164483e-05,1.4810550567343952,0.126054987
101,5.613101889293797e-06,7.390669138875943e-06,5.613101889293797e-06,0.8265724011960578,0.125994742
101,0.0009450750123598577,0.0018675352486908986,0.0009450750123598577,4.615566602783777,0.12602824
97,2.9865143403132755e-05,5.8850408604676286e-05,2.9865143403132755e-05,1.175478691208235,0.125978112
101,0.0009541664162166272,0.0022406212808549404,0.0009541664162166272,2.6685576649321745,0.125977308
101,6.985895664997817e-05,0.00015127131907049173,6.985895664997817e-05,1.3476331037144413,0.125980541
94,5.9626773718240465e-05,0.00013497629929042304,5.9626773718240465e-05,1.1901443919733954,0.126001716
101,8.293097899106598e-05,0.00017704474449197033,8.293097899106598e-05,1.4706805657907769,0.12599048
82,2.42137786836979e-05,5.384732443807112e-05,2.42137786836979e-05,0.8469621611847296,0.125999153
101,0.00012131000517795233,0.00012274341963276506,0.00012131000517795233,1.9808072345379732,0.125794649
101,4.529455731539771e-05,9.005485518404676e-05,4.529455731539771e-05,1.312436036612263,0.125998169
73,1.9770889491556395e-06,2.0422463085037266e-06,1.9770889491556395e-06,0.3714908084503183,0.125908196
73,1.9186255861119676e-06,2.0015289690189445e-06,1.9186255861119676e-06,0.36580739768202886,0.125870571
73,1.9030464008531968e-06,2.002067946185613e-06,1.9030464008531968e-06,0.3661933340733628,0.125856042
74,1.6973697607449706e-06,1.7900551423622643e-06,1.6973697607449706e-06,0.36887871574629555,0.125937864
74,3.397841008660628e-06,4.277607678482384e-06,3.397841008660628e-06,0.45885423065526293,0.125862986
74,1.980732296602741e-06,2.1428433345679635e-06,1.980732296602741e-06,0.3830071432549862,0.125855744
81,3.7248763191378875e-06,4.4556024028173734e-06,3.7248763191378875e-06,0.5145850808630941,0.125927195
78,2.728663220473867e-06,3.134958094711838e-06,2.728663220473867e-06,0.45516274594889655,0.12589325
74,2.4919353479126e-06,2.8383001786400215e-06,2.4919353479126e-06,0.43438276083224087,0.125880674
83,5.806953739504366e-06,7.832649937120579e-06,5.806953739504366e-06,0.600006030462071,0.125955567
100,1.079509169370263e-05,1.141342759363367e-05,1.079509169370263e-05,0.7651551706258255,0.126099855
101,1.6588023915178277e-05,1.7401548099305554e-05,1.6588023915178277e-05,0.7516967366455652,0.126184762
91,1.6588124922089767e-05,2.916524079391768e-05,1.6588124922089767e-05,0.8097672779266234,0.126035288
77,1.3373643933217599e-06,1.5694771189125842e-06,1.3373643933217599e-06,0.37760152049055157,0.12598592
75,1.3964421772426547e-06,1.588797787333509e-06,1.3964421772426547e-06,0.375407218990183,0.125984892
74,1.4160043167441496e-06,1.5786799207513333e-06,1.4160043167441496e-06,0.3718020045802691,0.125979498
75,1.4776017110286056e-06,1.602797204593653e-06,1.4776017110286056e-06,0.36647485530204876,0.125949934
79,1.3096169122743524e-05,2.8323970548402388e-05,1.3096169122743524e-05,0.6606857542497139,0.126000151
85,2.6351996153947608e-05,6.0143234409541796e-05,2.6351996153947608e-05,0.7861490529797742,0.126000106
79,8.907545498668733e-07,1.2341082484545935e-06,8.907545498668733e-07,0.35436095817451785,0.125996649
78,1.8348214038591093e-06,2.792307385506551e-06,1.8348214038591093e-06,0.45280138821489635,0.125997156
95,0.00019141811784680122,0.0004926696791156953,0.00019141811784680122,1.2742492602556819,0.125999093
78,9.009196155601805e-07,1.2157529806401619e-06,9.009196155601805e-07,0.35001955322037553,0.125993878
79,1.0373611946032453e-06,1.3556111389730572e-06,1.0373611946032453e-06,0.36197404923050597,0.125991032
78,9.572321655446153e-07,1.2895291037531844e-06,9.572321655446153e-07,0.3586344311678726,0.125994995
78,1.1815022055038407e-06,1.4704703190390537e-06,1.1815022055038407e-06,0.37054848915777,0.125990719
78,1.1045489333870309e-06,1.4371649378138968e-06,1.1045489333870309e-06,0.36824894502648703,0.125994474
101,6.613617914498624e-06,9.470995281562882e-06,6.613617914498624e-06,0.8408317865978313,0.126005143
101,0.008277199471376959,0.015369033223395305,0.008277199471376959,10.214200392085017,0.126056224
93,8.654352565968847e-06,1.4603541262330207e-05,8.654352565968847e-06,0.8638100866631764,0.125980824
91,2.6814078913759937e-05,5.35702893481827e-05,2.6814078913759937e-05,1.0817632026115243,0.125977978
85,2.1822414209187066e-05,4.646006565931818e-05,2.1822414209187066e-05,0.8956605302972175,0.125999063
85,1.5941167337980687e-05,3.1767094718506715e-05,1.5941167337980687e-05,0.8853650193921322,0.125982612
87,1.2595015087084118e-05,2.3724685966072063e-05,1.2595015087084118e-05,0.8719940464181821,0.125981331
82,2.5482362296841617e-05,5.7445745722859545e-05,2.5482362296841617e-05,0.8227593756192176,0.12599656
101,0.0002755952067775242,0.00041589301203884846,0.0002755952067775242,2.3757334860636528,0.124604374
101,1.994277496594334e-05,2.367758070108754e-05,1.994277496594334e-05,1.2304636412320833,0.125263497
74,1.5970557847285737e-06,1.7049972134727642e-06,1.5970557847285737e-06,0.3589506749080199,0.125913411
75,1.6022767377658496e-06,1.7236512174643992e-06,1.6022767377658496e-06,0.3585513123294207,0.125889197
75,1.631486011633493e-06,1.7770159922857632e-06,1.631486011633493e-06,0.3636226353867951,0.125867769
75,1.423455145811345e-06,1.5533462396101101e-06,1.423455145811345e-06,0.3607711111758334,0.125939205
74,1.9753651529329945e-06,2.1945302858829158e-06,1.9753651529329945e-06,0.3951908673052703,0.125864327
82,3.5432062092153473e-06,4.291514409133915e-06,3.5432062092153473e-06,0.5119918348883865,0.125904307
78,2.565609624374945e-06,2.9851188269017203e-06,2.565609624374945e-06,0.45405233112002363,0.12588115
77,1.966503665928738e-06,2.221515470099256e-06,1.966503665928738e-06,0.4049595378527658,0.125868961
84,6.440005012577124e-06,8.928050149774495e-06,6.440005012577124e-06,0.631187599727538,0.125954598
97,7.999523747305934e-06,8.324103108263842e-06,7.999523747305934e-06,0.7056984947191746,0.126095116
100,1.553975109888045e-05,1.7859746951259217e-05,1.553975109888045e-05,0.7781913052588697,0.126571447
101,7.471211038914457e-05,9.562057969995886e-05,7.471211038914457e-05,1.6822968169251895,0.125474855
91,1.0289305131630064e-05,1.4626300097938592e-05,1.0289305131630064e-05,0.7503288983484253,0.126027003
77,1.2388029701093997e-06,1.5070780258082869e-06,1.2388029701093997e-06,0.3727632396622865,0.125995815
78,1.2765072122887634e-06,1.5182543048066341e-06,1.2765072122887634e-06,0.37327306503582386,0.125994265
77,1.2830703981597356e-06,1.5078030811648733e-06,1.2830703981597356e-06,0.37213530656481114,0.12598376
76,1.2974544699506666e-06,1.4990748099227015e-06,1.2974544699506666e-06,0.3695473302379445,0.125974208
75,1.2943604768201806e-06,1.4818507267016481e-06,1.2943604768201806e-06,0.364611861769521,0.125958994
79,9.307068406076047e-06,1.9273252701557057e-05,9.307068406076047e-06,0.6390690431932946,0.125999138
78,9.024712921533235e-07,1.2606187521719054e-06,9.024712921533235e-07,0.3614111674500932,0.125997365
91,6.876163391739884e-05,0.0001383355640635804,6.876163391739884e-05,1.2256006704699414,0.125998855
82,1.8823231295446706e-05,4.296560512654455e-05,1.8823231295446706e-05,0.7174722471047675,0.126001641
77,9.066732166033229e-07,1.2509343449999512e-06,9.066732166033229e-07,0.3596829267097456,0.125995889
77,1.0387080821797186e-06,1.3880176434699494e-06,1.0387080821797186e-06,0.36612057798996783,0.126001343
77,9.64388128167708e-07,1.3183339480832922e-06,9.64388128167708e-07,0.3636607873734906,0.1259996
77,1.158320270100389e-06,1.4944734347918653e-06,1.158320270100389e-06,0.37225354802260635,0.125994563
78,1.0680097524784535e-06,1.4354866900185721e-06,1.0680097524784535e-06,0.3691161517380256,0.125992507
101,7.026362080396515e-06,9.253835133669673e-06,7.026362080396515e-06,0.8330493263525751,0.12601833
101,0.0001021454215957153,0.00018765524285208093,0.0001021454215957153,1.741096124706042,0.126054659
95,8.467153654564684e-06,1.4013639735993437e-05,8.467153654564684e-06,0.8125710770032739,0.126008824
82,1.5245303110907393e-05,3.1960922101942104e-05,1.5245303110907393e-05,0.8079963796250849,0.126006261
84,1.6749728586102747e-05,3.668550835065682e-05,1.6749728586102747e-05,0.7784798872380992,0.126008391
85,1.124108968286802e-05,2.2154634488849222e-05,1.124108968286802e-05,0.7758437443420505,0.125993446
92,7.065878152663038e-06,1.1496792155044588e-05,7.065878152663038e-06,0.7572973141891678,0.12601465
87,6.0304486996197135e-06,9.887253761202547e-06,6.0304486996197135e-06,0.7190623750540323,0.126010522
101,6.332544244332909e-05,6.485011530194795e-05,6.332544244332909e-05,1.9944808776955183,0.123399407
101,0.0009884704462132486,0.0019990121329560503,0.0009884704462132486,3.2868001819857247,0.126459524
77,1.3861789164423269e-06,1.5274857287513958e-06,1.3861789164423269e-06,0.3542840519823559,0.125920281
76,1.4226050125634058e-06,1.5865781091680023e-06,1.4226050125634058e-06,0.35693572639234955,0.125917584
75,1.5462580786759512e-06,1.7462766159444228e-06,1.5462580786759512e-06,0.3691916807928963,0.125896871
78,1.3025626021666773e-06,1.4868910281797825e-06,1.3025626021666773e-06,0.36161488071970954,0.125949115
77,1.7384771702933302e-06,1.9755780609308157e-06,1.7384771702933302e-06,0.38748523694409154,0.125887245
81,3.411357622960538e-06,4.189895648506886e-06,3.411357622960538e-06,0.5108941183308514,0.125900969
79,2.5776808915679467e-06,3.109840772304525e-06,2.5776808915679467e-06,0.46113963311795614,0.125885591
85,5.645066842915412e-06,7.939616063573543e-06,5.645066842915412e-06,0.6060324582457067,0.125943542
93,9.388364211496397e-06,1.0184368886804567e-05,9.388364211496397e-06,0.7538220549162796,0.126104295
101,2.303071333123926e-05,2.9987696041701383e-05,2.303071333123926e-05,0.8999493800522053,0.12612161
101,0.00020988839480918107,0.00023621322948054162,0.00020988839480918107,2.2829466337527213,0.12647061
92,6.9084328293430655e-06,8.078853779692635e-06,6.9084328293430655e-06,0.6916581771501686,0.126024187
77,1.1966475765121749e-06,1.5120173565905344e-06,1.1966475765121749e-06,0.37350444992744897,0.125992909
78,1.2551827379014305e-06,1.5337251310409608e-06,1.2551827379014305e-06,0.3751256116506402,0.125990495
79,1.2307620116714562e-06,1.5673611563023418e-06,1.2307620116714562e-06,0.3781464899621664,0.125993684
77,1.2786636718253785e-06,1.558584217525272e-06,1.2786636718253785e-06,0.37551565032489015,0.125979111
76,1.3252157836710318e-06,1.6037871044049747e-06,1.3252157836710318e-06,0.37703753036444776,0.125964239
80,5.456737988548925e-06,9.776461447020029e-06,5.456737988548925e-06,0.6130335158904862,0.12600036
78,9.525723861226384e-07,1.3447452793728678e-06,9.525723861226384e-07,0.3753369316897731,0.125996381
80,3.5584095484480567e-06,6.249654626428406e-06,3.5584095484480567e-06,0.5463894471243428,0.126000494
80,1.8674889423857102e-05,4.265938834906347e-05,1.8674889423857102e-05,0.7346398159152818,0.126003563
76,9.382438764177865e-07,1.3112884775539827e-06,9.382438764177865e-07,0.36916723803594,0.125997022
80,9.977468324442843e-07,1.3643779081135178e-06,9.977468324442843e-07,0.36856229918372313,0.125997677
80,9.622005111070359e-07,1.3354938311291358e-06,9.622005111070359e-07,0.37131677902732724,0.125998124
80,1.1423643088960926e-06,1.5170259757341109e-06,1.1423643088960926e-06,0.3750865591079124,0.125999227
79,1.0721761703275665e-06,1.4652714127808475e-06,1.0721761703275665e-06,0.3755281654904315,0.125997335
101,6.259785868051928e-06,8.298917530882461e-06,6.259785868051928e-06,0.7729203784661756,0.126039132
101,1.3386767898746531e-05,1.786262031097552e-05,1.3386767898746531e-05,0.880965687249575,0.12623854
84,9.790835711477162e-06,2.026717562863889e-05,9.790835711477162e-06,0.7247371779875355,0.126027927
93,0.00010785130021299691,0.00027970699008497224,0.00010785130021299691,1.0920626611425552,0.126013979
84,6.873625398975757e-06,1.321261599200752e-05,6.873625398975757e-06,0.693895688616663,0.126025632
93,4.991363828081571e-06,7.145062209367961e-06,4.991363828081571e-06,0.6871187163930045,0.126043588
90,5.231429697563031e-06,8.61840840019603e-06,5.231429697563031e-06,0.6756276005364839,0.126054958
101,0.0007545102692401877,0.002030015096100011,0.0007545102692401877,3.0663308458467964,0.126140282
75,1.347305245285145e-06,1.5667106852448784e-06,1.347305245285145e-06,0.3653800641061203,0.125936896
77,1.5140391369491592e-06,1.7612921370392269e-06,1.5140391369491592e-06,0.37964256159732274,0.125918433
77,1.8557998361005154e-06,2.201422381422013e-06,1.8557998361005154e-06,0.41375988751134135,0.125911728
77,1.4271800969338569e-06,1.7280545687094707e-06,1.4271800969338569e-06,0.38568516847012896,0.125958115
79,2.283771494646619e-06,2.781821642613736e-06,2.283771494646619e-06,0.4455263693774709,0.125873134
82,3.856679644309711e-06,5.16417042783973e-06,3.856679644309711e-06,0.5346114419642751,0.12593551
82,3.1521129813980418e-06,4.109406199216514e-06,3.1521129813980418e-06,0.5025644675474297,0.125901669
87,6.1295208705514956e-06,8.417486080838057e-06,6.1295208705514956e-06,0.641367428431519,0.125966221
93,1.2091221375998318e-05,1.5002734170912913e-05,1.2091221375998318e-05,0.8288122348665402,0.126100466
101,3.724166856322761e-05,5.6891083882310347e-05,3.724166856322761e-05,0.9872402971966726,0.126216844
101,0.00025485906622360453,0.00028764753121476925,0.00025485906622360453,2.78608122148701,0.12527369
89,5.499181732955428e-06,6.386365458186641e-06,5.499181732955428e-06,0.6427557115214331,0.125983074
78,1.2063992310095989e-06,1.5979616503856374e-06,1.2063992310095989e-06,0.3810698443740589,0.125995591
78,1.302567491594162e-06,1.679331254196803e-06,1.302567491594162e-06,0.3853576803179126,0.125992566
81,1.3040380210934787e-06,1.7337625541665334e-06,1.3040380210934787e-06,0.39106879865476035,0.126002014
76,1.3795417544730886e-06,1.7518324875235846e-06,1.3795417544730886e-06,0.3905912327863856,0.125981346
78,1.4707217146697635e-06,1.8642051808654617e-06,1.4707217146697635e-06,0.3974171038039548,0.125964478
79,5.204299679388704e-06,9.336985040796516e-06,5.204299679388704e-06,0.6144198742856007,0.126001656
80,1.0059010882182966e-06,1.4184009740436681e-06,1.0059010882182966e-06,0.389048959352586,0.126000479
83,7.323579972758712e-06,1.4482638340274968e-05,7.323579972758712e-06,0.6492490873321002,0.126011759
80,7.7602913209948e-06,1.5724771429324663e-05,7.7602913209948e-06,0.6474460588874713,0.12601006
79,9.985541932238795e-07,1.4036895941550034e-06,9.985541932238795e-07,0.38628187843440714,0.126001298
80,1.0278908477207273e-06,1.4302490010494676e-06,1.0278908477207273e-06,0.37725766760666585,0.125997409
79,1.060348369619914e-06,1.4985100470843266e-06,1.060348369619914e-06,0.3879039763084055,0.126000121
80,1.161664872469221e-06,1.5767364598756983e-06,1.161664872469221e-06,0.3834873481340065,0.125996813
80,1.1349771521567577e-06,1.578312289000817e-06,1.1349771521567577e-06,0.3879340616960753,0.125998557
101,6.2132039724534376e-06,7.073458901425077e-06,6.2132039724534376e-06,0.7303450265090439,0.126061797
101,1.912411760905534e-05,3.0306546758639677e-05,1.912411760905534e-05,0.892862362718767,0.126489311
96,0.0001514065642893235,0.00040179985549202807,0.0001514065642893235,1.2150301661449519,0.126025289
83,9.85498960863124e-06,2.046358745002281e-05,9.85498960863124e-06,0.6989084843378731,0.126024351
100,6.841616449469871e-05,0.0001732072965213645,6.841616449469871e-05,1.0217449039302877,0.126052424
101,9.513038924547008e-06,1.4770424869241195e-05,9.513038924547008e-06,0.8162076755669667,0.126049548
72,0.00013350838945329577,0.00047984917130771315,0.00013350838945329577,0.7817450365612466,0.126057938
101,0.00011071350396790682,0.00035092206994226464,0.00011071350396790682,1.3880174595756867,0.124659792
78,1.606901809812685e-06,1.9521320793237393e-06,1.606901809812685e-06,0.40025990388046007,0.125937238
80,1.9124704767082864e-06,2.3656016901241207e-06,1.9124704767082864e-06,0.42497243283519875,0.125929385
82,2.3393659340324743e-06,2.9177473171700483e-06,2.3393659340324743e-06,0.4568265238180776,0.125901997
81,1.6786477132267046e-06,2.134703040061026e-06,1.6786477132267046e-06,0.41463775684051796,0.12595512
85,4.837998349534976e-06,6.780102013160507e-06,4.837998349534976e-06,0.5890689544485609,0.125918686
82,3.3747812993632877e-06,4.514568206455626e-06,3.3747812993632877e-06,0.5240815392958518,0.125916451
85,4.690450725708993e-06,5.5817678641204785e-06,4.690450725708993e-06,0.614016253837424,0.125964358
93,1.265821314059508e-05,1.6911553772880645e-05,1.265821314059508e-05,0.845518358908138,0.126065418
101,4.902653169658529e-05,8.677696150633184e-05,4.902653169658529e-05,1.0760684162157133,0.126143783
101,0.00021599151445401383,0.00023806786385757646,0.00021599151445401383,2.574424041482894,0.12624681
78,1.4207217841057443e-06,1.8926585566469668e-06,1.4207217841057443e-06,0.401446547593878,0.125996485
81,1.287661201646329e-06,1.7485147767720158e-06,1.287661201646329e-06,0.3948439731277914,0.125998318
80,1.574448434985506e-06,2.0753652346185093e-06,1.574448434985506e-06,0.4142882729615652,0.125986606
80,1.785874749079088e-06,2.3630659991660162e-06,1.785874749079088e-06,0.42975607947094846,0.12595281
81,4.413382776508254e-06,7.5584440011777085e-06,4.413382776508254e-06,0.61096739316879,0.126003906
78,1.3195418319391258e-06,1.876136356241147e-06,1.3195418319391258e-06,0.43881892746662293,0.125999883
101,0.00010956124668799191,0.0002359219617789649,0.00010956124668799191,1.410452072226941,0.126006499
82,4.835437475944167e-06,8.79770244871251e-06,4.835437475944167e-06,0.6156224439447103,0.126021221
79,1.097877050304702e-06,1.5448284024448743e-06,1.097877050304702e-06,0.40540560280000265,0.12600033
80,1.1722756374775845e-06,1.6725675273825956e-06,1.1722756374775845e-06,0.39996083021711293,0.1260003
80,1.2196366690662923e-06,1.7521641889940972e-06,1.2196366690662923e-06,0.4149878212695688,0.125999331
79,1.2364226169444515e-06,1.7162187857035623e-06,1.2364226169444515e-06,0.3975541761095482,0.126001611
79,1.3142793974432733e-06,1.885441317263451e-06,1.3142793974432733e-06,0.41226108040674675,0.12599951
101,0.00018106185587645106,0.0005528554071335194,0.00018106185587645106,1.0595026139020396,0.126194686
86,2.0319190519401555e-05,4.563617102247565e-05,2.0319190519401555e-05,0.8167630557552872,0.126046062
84,5.132609159555624e-06,9.249368311924478e-06,5.132609159555624e-06,0.6342109584177976,0.12604247
94,1.826026942757774e-05,3.860340426049821e-05,1.826026942757774e-05,0.8361981586428995,0.126079559
101,0.00014983365866617207,0.00038085061844292313,0.00014983365866617207,1.2152341579284616,0.126109183
101,1.0029916650709964e-05,1.4702917462631113e-05,1.0029916650709964e-05,0.7946395193828094,0.126102746
82,1.960199136306819e-06,2.50541608744008e-06,1.960199136306819e-06,0.43514176414899264,0.125935897
82,2.552684120820464e-06,3.3884808450230513e-06,2.552684120820464e-06,0.47613982767271135,0.125934407
84,2.0732533369248027e-06,2.751650461681544e-06,2.0732533369248027e-06,0.4495291439116949,0.12596409
85,4.5457096057114665e-06,6.122122955374436e-06,4.5457096057114665e-06,0.5927922106897386,0.12591666
84,3.487411769547745e-06,4.741429741277889e-06,3.487411769547745e-06,0.5366414630262132,0.125920802
84,4.4740730012327315e-06,5.354388371119308e-06,4.4740730012327315e-06,0.6115792342048084,0.125960603
91,1.0401500617515835e-05,1.3959223816238517e-05,1.0401500617515835e-05,0.8046032752006261,0.126021177
101,9.361880317383634e-05,0.00016281019577700693,9.361880317383634e-05,1.3006006223226956,0.125950828
100,4.0993223024053644e-05,7.244035856875457e-05,4.0993223024053644e-05,1.1241492499478023,0.126087412
101,0.00020179955021071774,0.0002623718372631904,0.00020179955021071774,2.484157752549874,0.125816002
81,1.5972341137147424e-06,2.183032005481652e-06,1.5972341137147424e-06,0.4209690138887842,0.125990868
80,1.441422389705657e-06,1.974115616568981e-06,1.441422389705657e-06,0.413483338772594,0.126002282
80,1.3770712089037463e-06,1.9065452344812943e-06,1.3770712089037463e-06,0.41311441791577763,0.126001105
85,1.7906986919434993e-06,2.41810791568708e-06,1.7906986919434993e-06,0.4388094734569425,0.12598443
83,2.073728619510847e-06,2.795118355669265e-06,2.073728619510847e-06,0.4602061441494621,0.125973955
80,3.955358626770536e-06,6.509707145720271e-06,3.955358626770536e-06,0.6135037579460964,0.12601684
80,1.8672851184445258e-06,2.766874056147199e-06,1.8672851184445258e-06,0.4944945603855366,0.12600185
92,4.525933346061035e-05,0.00010332877976154153,4.525933346061035e-05,0.9592407502469927,0.126018852
82,3.4637964511439297e-06,5.47550639862333e-06,3.4637964511439297e-06,0.6008739965407127,0.126014575
81,1.3620585662700679e-06,1.9056854231791563e-06,1.3620585662700679e-06,0.4505806880125893,0.126005292
81,1.4814956444463584e-06,2.2079738233530043e-06,1.4814956444463584e-06,0.4359265258738516,0.126004517
81,1.4185248712806967e-06,2.0118915130546626e-06,1.4185248712806967e-06,0.45118206034090497,0.126006052
79,1.5007333376110057e-06,2.179540507502274e-06,1.5007333376110057e-06,0.4290152011869608,0.125991896
80,1.8542071628037622e-06,2.873182185882492e-06,1.8542071628037622e-06,0.4621632573447432,0.126001418
101,2.234468427452136e-05,2.7685183686074184e-05,2.234468427452136e-05,0.9538495519444178,0.126141042
87,6.141551552175098e-06,1.068617686733328e-05,6.141551552175098e-06,0.6827171005084883,0.126080692
86,3.811447542054365e-06,5.881800448177037e-06,3.811447542054365e-06,0.6173304283566402,0.126037791
95,5.2403919780584116e-06,6.901994357034203e-06,5.2403919780584116e-06,0.6865924213604893,0.126093969
101,8.941965724040534e-06,8.792983940844105e-06,8.941965724040534e-06,0.6649456508435796,0.126300991
101,6.657344202370103e-06,6.6482774631265565e-06,6.657344202370103e-06,0.6436995736731239,0.126156628
101,0.0001553294732833312,0.00015155010485361543,0.0001553294732833312,2.56660705374921,0.12566407
82,2.659117602038303e-06,3.6546399934463316e-06,2.659117602038303e-06,0.4889191629613101,0.125938654
83,3.2481880531752717e-06,4.353481165134152e-06,3.2481880531752717e-06,0.533672820857254,0.125932738
84,2.508123679120987e-06,3.422300891222472e-06,2.508123679120987e-06,0.4899228868607508,0.125955641
86,3.7500888648468184e-06,4.7933806306940266e-06,3.7500888648468184e-06,0.571870984687869,0.12594457
84,6.1403592077912605e-06,8.32090871416831e-06,6.1403592077912605e-06,0.6742497521433037,0.125967383
97,2.1888098185150028e-05,3.58539946341856e-05,2.1888098185150028e-05,0.9772924013679619,0.126023993
81,3.65403512033334e-05,7.605490391442728e-05,3.65403512033334e-05,0.7584751816455704,0.126238063
101,0.0002058728328542721,0.0002892925974559377,0.0002058728328542721,2.2875205544077297,0.125251278
81,1.6288597249748682e-06,2.233048714184698e-06,1.6288597249748682e-06,0.43461334014810893,0.125987351
80,1.6438904730050446e-06,2.314751037462682e-06,1.6438904730050446e-06,0.4408977695844628,0.125998557
79,1.937182247553183e-06,2.944474661936268e-06,1.937182247553183e-06,0.46230434086412986,0.125998616
80,1.8537378078313785e-06,2.53384966568057e-06,1.8537378078313785e-06,0.4560801731678838,0.12596859
80,2.053460410413129e-06,2.780361647942403e-06,2.053460410413129e-06,0.4711530802179739,0.125968218
82,2.3349844739036084e-06,3.127588424462644e-06,2.3349844739036084e-06,0.49204055569455407,0.12595953
83,3.8531684467162425e-06,6.084805433023203e-06,3.8531684467162425e-06,0.6277897671572813,0.126026317
85,7.185859992911508e-06,1.4962211622310364e-05,7.185859992911508e-06,0.6727159301410023,0.126021385
87,2.8350547023062848e-05,6.225807022097283e-05,2.8350547023062848e-05,0.9159889668476372,0.126031861
84,3.0198528876905495e-06,4.306043822364346e-06,3.0198528876905495e-06,0.5940814752725414,0.126050219
81,2.306154698330229e-06,3.4221571125941617e-06,2.306154698330229e-06,0.5387439165323257,0.126016095
81,1.7062217052627362e-06,2.5242664671780693e-06,1.7062217052627362e-06,0.47028455344897224,0.126000389
82,1.8511723004565625e-06,2.6190510976807993e-06,1.8511723004565625e-06,0.5035240192785168,0.126008123
80,2.402902747558289e-06,3.866644115736464e-06,2.402902747558289e-06,0.49911339927369885,0.126002401
82,2.168745211828402e-06,3.275666548199897e-06,2.168745211828402e-06,0.5077914964686194,0.126013011
92,3.8080040195752146e-06,4.861863885880479e-06,3.8080040195752146e-06,0.6304994478050547,0.12608695
89,3.0863099862928735e-06,3.929505166939851e-06,3.0863099862928735e-06,0.5969891045685987,0.126075685
101,4.650263775483404e-06,4.898019475791605e-06,4.650263775483404e-06,0.6367492602541387,0.126131132
101,3.135289736984567e-05,3.0277260242977347e-05,3.135289736984567e-05,1.011925998140585,0.125911936
101,8.570693563103892e-06,8.385343824582414e-06,8.570693563103892e-06,0.6221124754438875,0.126387954
101,0.0002333305037458141,0.00028158748756939884,0.0002333305037458141,3.5760063109904143,0.126324177
83,2.8969221520782528e-06,3.883621432139066e-06,2.8969221520782528e-06,0.5219349351028537,0.125951812
84,3.1560905593217144e-06,4.042194010127068e-06,3.1560905593217144e-06,0.545198984760179,0.125945538
81,2.8356590240171298e-06,3.7999374582633154e-06,2.8356590240171298e-06,0.5289054397332831,0.12595439
82,4.073727211605787e-06,5.310271201785039e-06,4.073727211605787e-06,0.5935774891001272,0.125942737
84,1.0709357753670608e-05,1.669139077901618e-05,1.0709357753670608e-05,0.7939652666007342,0.125977352
101,6.012716165538917e-05,0.0001171542414580039,6.012716165538917e-05,1.2660809344331423,0.126047537
101,0.00017267660652364104,0.0003239882132738047,0.00017267660652364104,1.4700525460331009,0.126224145
101,0.00014325607522515754,0.00016358425390621938,0.00014325607522515754,2.1361663115043283,0.125053093
79,2.256159524766926e-06,3.3569843590086617e-06,2.256159524766926e-06,0.4864741176182796,0.125982568
79,2.9142982866275033e-06,4.80994324242498e-06,2.9142982866275033e-06,0.5184553722130057,0.125985771
80,2.8064886680735527e-06,4.244894857882169e-06,2.8064886680735527e-06,0.5183147271090414,0.125972807
78,3.6131554553129324e-06,5.6243249271082576e-06,3.6131554553129324e-06,0.5565260183899169,0.12596707
80,4.668503602206006e-06,7.481497966875521e-06,4.668503602206006e-06,0.6007596404111102,0.125966638
83,3.1152408496987443e-06,4.384322071096892e-06,3.1152408496987443e-06,0.6082173937388943,0.12604478
99,0.00010385062597825226,0.0002282653855533741,0.00010385062597825226,1.2833871235328607,0.126036495
85,4.934326950150384e-06,7.807754704840794e-06,4.934326950150384e-06,0.677862663340524,0.126053959
90,2.8617246723774686e-06,3.5494282709117667e-06,2.8617246723774686e-06,0.5870679735872235,0.12607348
97,7.300200110063769e-05,0.00016026535676161256,7.300200110063769e-05,1.242724669399562,0.126035526
81,2.2735848619638517e-06,3.248354595562857e-06,2.2735848619638517e-06,0.539455182527374,0.126006275
89,1.0866068881488127e-05,2.2107079319439143e-05,1.0866068881488127e-05,0.7786329508781201,0.126012877
80,2.8083180817048107e-06,4.4543379183841425e-06,2.8083180817048107e-06,0.5377469227426311,0.125990972
81,2.7238345611510505e-06,3.948296356143938e-06,2.7238345611510505e-06,0.5699188973801828,0.126016408
95,3.983392610569798e-06,4.288468774126167e-06,3.983392610569798e-06,0.6206847110148216,0.126124889
101,7.292030880715594e-06,7.241968583594104e-06,7.292030880715594e-06,0.62640225102563,0.126162738
101,9.017113020238555e-05,0.00011759313728309383,9.017113020238555e-05,1.9277115671095808,0.125670552
81,4.318995757746412e-06,6.290401392729405e-06,4.318995757746412e-06,0.5969614224034889,0.125972927
82,6.839442033298567e-06,1.067618346638242e-05,6.839442033298567e-06,0.6828746524231138,0.125956044
80,6.942549811838278e-06,1.159259602638013e-05,6.942549811838278e-06,0.6785814821517656,0.125962168
86,1.3459991993718901e-05,2.1835491562678708e-05,1.3459991993718901e-05,0.8531470878422214,0.125979871
96,4.895534275967774e-05,9.27032863643517e-05,4.895534275967774e-05,1.2150868094104341,0.125996605
101,0.00013098048099423475,0.0002532477195284517,0.00013098048099423475,1.3643599130640853,0.126100585
101,7.058157287272728e-05,9.424416980916261e-05,7.058157287272728e-05,1.4823189253220608,0.126197591
80,3.8256496146378506e-06,6.472811003394612e-06,3.8256496146378506e-06,0.5601806174667738,0.125975996
82,3.6174524234100342e-06,5.973576920863302e-06,3.6174524234100342e-06,0.5721768041900224,0.125982806
80,5.006190221442665e-06,8.596510956636382e-06,5.006190221442665e-06,0.6086087841538845,0.125973269
80,5.892230351191817e-06,9.979401467840042e-06,5.892230351191817e-06,0.6482449513037865,0.12597011
83,7.253641749090688e-06,1.1622812154973818e-05,7.253641749090688e-06,0.7215799569363394,0.125968635
88,2.919029249043415e-06,3.570340287208649e-06,2.919029249043415e-06,0.5948003504446644,0.126115829
87,1.4212725900371998e-05,2.780040012407486e-05,1.4212725900371998e-05,0.8389122495746444,0.126061633
88,3.1084108861270016e-06,3.846422989799611e-06,3.1084108861270016e-06,0.6069559541699712,0.126087904
92,3.4142274986457752e-06,3.7938352587127784e-06,3.4142274986457752e-06,0.6014718153161946,0.126096562
92,4.833844053926304e-05,9.961295832434731e-05,4.833844053926304e-05,1.1469681374652574,0.12606664
96,7.71452071220008e-05,0.00016494892471451044,7.71452071220008e-05,1.2851756317022818,0.12603125
93,4.4522522381552143e-05,9.001108055877653e-05,4.4522522381552143e-05,1.1313957441216167,0.126056105
82,3.2394697739652927e-06,4.809129505016162e-06,3.2394697739652927e-06,0.5906184846215283,0.12598595
81,3.4046553204900555e-06,5.050561555178514e-06,3.4046553204900555e-06,0.6076031529507585,0.125997365
64,0.0005724574222298447,0.0019180513340282701,0.0005724574222298447,0.9901942892761059,0.126035973
101,5.549509952132334e-06,5.6736414493813165e-06,5.549509952132334e-06,0.6443508592403949,0.126130521
101,1.2258637602871178e-05,1.283403064578196e-05,1.2258637602871178e-05,0.6971469973619634,0.126520678
101,0.0005998652016982692,0.0009789281488140733,0.0005998652016982692,4.312955873711871,0.125156179
83,9.672953688325441e-06,1.585213183408908e-05,9.672953688325441e-06,0.7685377428419743,0.125973836
88,1.6748904745147988e-05,2.9202944577962352e-05,1.6748904745147988e-05,0.9036942727566175,0.125975475
101,0.0004865466602881219,0.0011078064763153231,0.0004865466602881219,2.0421958363022825,0.126002133
101,9.785249958315235e-05,0.0001814012881062801,9.785249958315235e-05,1.3076411784914603,0.126096636
101,4.6832227286050205e-05,5.786063903448426e-05,4.6832227286050205e-05,1.311350801882694,0.126530036
101,0.00035357796870929463,0.0004047550604413963,0.00035357796870929463,3.771844543778614,0.124041609
80,3.966063310968978e-06,6.197516940999426e-06,3.966063310968978e-06,0.6064909228483105,0.125976115
81,4.4646528551153485e-06,6.810783894288589e-06,4.4646528551153485e-06,0.6514468960889522,0.125982448
79,4.799379131714518e-06,7.426625551963849e-06,4.799379131714518e-06,0.6483263215561282,0.125970542
82,6.829821126082089e-06,1.0785394949441008e-05,6.829821126082089e-06,0.7230975847685472,0.125968158
90,1.658306543204737e-05,3.0469549312755495e-05,1.658306543204737e-05,0.8889810015908634,0.125980183
93,3.60232274934126e-06,3.949612145276278e-06,3.60232274934126e-06,0.6072085656046198,0.12609975
87,4.4112048158785015e-06,6.140735855339424e-06,4.4112048158785015e-06,0.6707274821616163,0.126074731
94,3.831135944204601e-06,4.166581610230051e-06,3.831135944204601e-06,0.6164568989888093,0.126133814
101,5.629802299414163e-06,5.720671250245898e-06,5.629802299414163e-06,0.6397388413752456,0.126122832
90,5.395930987045368e-06,7.823374633096842e-06,5.395930987045368e-06,0.7059539156824794,0.126077607
90,2.866459425434144e-05,5.602051984748986e-05,2.866459425434144e-05,1.017359521787986,0.126059949
94,4.751545188989727e-06,6.200103284591902e-06,4.751545188989727e-06,0.6852438688571654,0.126092821
96,0.00017248275612311327,0.00033842747191871887,0.00017248275612311327,1.724309876108664,0.125993341
94,5.542172484785464e-05,0.00011023062547096508,5.542172484785464e-05,1.2225996861126094,0.126032233
91,1.498687903163052e-05,2.711143804981759e-05,1.498687903163052e-05,0.87891903839664,0.126052365
101,1.1579463448824472e-05,1.1988723596621521e-05,1.1579463448824472e-05,0.6609582438883406,0.126182854
101,0.00016564149598421584,0.00021775976129207562,0.00016564149598421584,2.4426692137893715,0.125744686
93,4.833559049729742e-05,9.36158097536391e-05,4.833559049729742e-05,1.2048772562752685,0.125979364
101,0.00010284453258879732,0.0001857170480381857,0.00010284453258879732,1.4949132860578893,0.126021296
101,3.408279431592793e-05,5.52317313251194e-05,3.408279431592793e-05,0.9114296047608892,0.126164094
101,7.756184928380311e-05,8.60013536967208e-05,7.756184928380311e-05,1.5678590151445218,0.125013918
83,7.836137440829724e-06,1.3224139356629686e-05,7.836137440829724e-06,0.7451280101685928,0.125976652
101,0.0001657185958596958,0.0003642564173830657,0.0001657185958596958,1.6696930989124474,0.126008838
94,0.00020895287497534659,0.0004074169830149759,0.00020895287497534659,1.8449179699201554,0.125979975
101,0.0001059395245865978,0.00020221759048034299,0.0001059395245865978,1.478425104785052,0.125987008
101,9.191189622384283e-05,0.00016806463364802836,9.191189622384283e-05,1.4342930884195353,0.125991449
101,9.232849335882049e-05,0.00016980079603506592,9.232849335882049e-05,1.403954096526847,0.126003921
101,6.852526651219801e-06,6.896011739879477e-06,6.852526651219801e-06,0.6509436530296397,0.126136631
97,3.872846415163715e-06,4.255274341884369e-06,3.872846415163715e-06,0.6226211720099508,0.126097858
101,6.004570000479925e-06,6.081917918849431e-06,6.004570000479925e-06,0.6453807452973945,0.126139835
101,1.2266651643260032e-05,1.309987497111531e-05,1.2266651643260032e-05,0.6835185343658833,0.126335055
98,4.317038174678796e-06,4.650493137776833e-06,4.317038174678796e-06,0.6412021975105349,0.126108855
93,4.675265443301238e-06,5.568205564058104e-06,4.675265443301238e-06,0.6734237497658127,0.126086935
101,6.2481097043085275e-06,6.406929241497502e-06,6.2481097043085275e-06,0.6827819323229886,0.126111656
92,1.9769999620879883e-05,3.599639486679304e-05,1.9769999620879883e-05,0.9417471319297883,0.126028955
93,7.351968375446551e-06,1.1077808561820897e-05,7.351968375446551e-06,0.7500827154051092,0.126061082
100,5.68898855000666e-06,6.247679867364821e-06,5.68898855000666e-06,0.7020524370681094,0.126078129
101,0.00023539534088036002,0.0003178840603664023,0.00023539534088036002,2.9853800042607976,0.126275644
101,2.5773459513663843e-05,4.242384766115154e-05,2.5773459513663843e-05,0.9157064197486737,0.126064256
101,0.00010910270874031526,0.00012879384370922102,0.00010910270874031526,1.8350738263745179,0.12550585
101,8.117444934042792e-05,0.0001543867915482282,8.117444934042792e-05,1.4416849532661338,0.125997826
95,1.3960844467191661e-05,2.3949552554455723e-05,1.3960844467191661e-05,0.872737497874723,0.126020402
92,1.7177598218205378e-05,3.0624412636912056e-05,1.7177598218205378e-05,0.9069492763527869,0.126012191
95,2.5070602878261052e-05,4.613881646004368e-05,2.5070602878261052e-05,1.0052318081638902,0.126004413
101,1.7317546824173124e-05,2.74625710776843e-05,1.7317546824173124e-05,0.9507279993885571,0.126030505
101,1.6794925325874008e-05,2.5398358335756158e-05,1.6794925325874008e-05,0.8662673930926111,0.126048401
101,1.5646274939424216e-05,1.66447975632087e-05,1.5646274939424216e-05,0.7355009973686921,0.126546398
101,6.539838538879751e-06,6.5777204657602635e-06,6.539838538879751e-06,0.6472237562471879,0.12614356
101,1.649503862729027e-05,1.7286884359854733e-05,1.649503862729027e-05,0.7795811027307226,0.126753345
101,0.00012948718342049203,0.0001577266691485044,0.00012948718342049203,2.3086046577741945,0.12527214
101,7.266603051153826e-06,7.356569613867206e-06,7.266603051153826e-06,0.6813642569063857,0.126136899
101,9.147969031184334e-06,9.739241092443406e-06,9.147969031184334e-06,0.653684475628194,0.126157656
96,6.092428639512824e-06,7.551746796495165e-06,6.092428639512824e-06,0.7207922549439199,0.126048014
101,6.520428597066193e-06,6.814756980353426e-06,6.520428597066193e-06,0.6952753262260336,0.126099214
101,8.66725874999677e-06,8.984282106098799e-06,8.66725874999677e-06,0.6605738124220317,0.126176402
101,1.5496804755984137e-05,1.7066496332704038e-05,1.5496804755984137e-05,0.8048153329985528,0.126190245
101,0.0005547206265878752,0.0009426904645232915,0.0005547206265878752,3.6653390830279156,0.122055344
101,7.727964596729854e-06,8.883813959945672e-06,7.727964596729854e-06,0.7655719767469448,0.126057714
101,8.355334565035715e-06,1.0281006186872018e-05,8.355334565035715e-06,0.7707433881340997,0.126053825
101,1.0391413561499243e-05,1.3697162813910189e-05,1.0391413561499243e-05,0.8256034148698563,0.126046389
101,9.590379699068636e-06,1.0798972968202087e-05,9.590379699068636e-06,0.7113737240896243,0.126077473
101,1.6139472253252203e-05,1.6233788868536618e-05,1.6139472253252203e-05,0.8544154940280344,0.124500811
101,0.00025193049614166083,0.000327978867374323,0.00025193049614166083,3.1308060260840467,0.127589643
101,2.5258173757225294e-05,2.671300905667248e-05,2.5258173757225294e-05,1.1712522940721841,0.126264155
101,0.00041055459229943377,0.0005489951512544152,0.00041055459229943377,4.139086460209567,0.124475807
101,1.4649150562538118e-05,1.5274961550655863e-05,1.4649150562538118e-05,0.7354107109619432,0.126586199
101,1.8592550234960884e-05,1.9108008581959437e-05,1.8592550234960884e-05,1.0325239270523843,0.12628682
101,9.565514934020625e-05,0.00010249268106163697,9.565514934020625e-05,2.006773513892011,0.124785334
101,8.443562935459935e-06,8.664671506784245e-06,8.443562935459935e-06,0.6818683340658244,0.126084805
101,1.4709450934223973e-05,1.451171411054129e-05,1.4709450934223973e-05,0.8036175315970514,0.126073554
101,7.369545775931866e-05,7.367329244369929e-05,7.369545775931866e-05,1.687741606354902,0.125595182
101,0.00022211304420085448,0.00036072045298572307,0.00022211304420085448,2.9471639323091448,0.125704005
101,1.1694606526455798e-05,1.2072072333682872e-05,1.1694606526455798e-05,0.680891291767727,0.126113728
101,9.670339871178258e-06,9.899233441519312e-06,9.670339871178258e-06,0.6633800904350172,0.126303628
101,1.7481090573268464e-05,1.7497535505724347e-05,1.7481090573268464e-05,0.795018446175415,0.12659587
101,0.00012193944505369813,0.00017419825245194572,0.00012193944505369813,2.4306580566226437,0.12928161
101,0.0006295894526381929,0.0007967037967651208,0.0006295894526381929,5.875311813215488,0.125041559
101,2.8792049389825266e-05,2.7952274791103157e-05,2.8792049389825266e-05,1.1622394513879808,0.126322538
101,0.00023760360819539183,0.00028971492364648097,0.00023760360819539183,3.2442694090148434,0.126634866
101,3.80074595610592e-05,3.663471943323821e-05,3.80074595610592e-05,1.1048341448093895,0.125358313
101,0.00018361410170688816,0.0002271479147053164,0.00018361410170688816,2.7448857683359646,0.126047403
101,0.0005984406374044903,0.0007550572691631752,0.0005984406374044903,4.933407478786637,0.127314165
