ISO-10303-21;
HEADER;
/* Generated by software containing ST-Developer
 * from STEP Tools, Inc. (www.steptools.com) 
 */

FILE_DESCRIPTION(
/* description */ (''),
/* implementation_level */ '2;1');

FILE_NAME(
/* name */ '3d_idk.stp',
/* time_stamp */ '2026-10-05T18:52:33+13:00',
/* author */ ('kingk'),
/* organization */ (''),
/* preprocessor_version */ 'ST-DEVELOPER v20.1',
/* originating_system */ 'Autodesk Inventor 2026',
/* authorisation */ '');

FILE_SCHEMA (('AUTOMOTIVE_DESIGN { 1 0 10303 214 3 1 1 }'));
ENDSEC;

DATA;
#10=MECHANICAL_DESIGN_GEOMETRIC_PRESENTATION_REPRESENTATION('',(#27,#28,
#29,#30,#31,#32,#33,#34,#35,#36),#1341);
#11=GEOMETRICALLY_BOUNDED_WIREFRAME_SHAPE_REPRESENTATION('',(#12,#13),#1340);
#12=GEOMETRIC_CURVE_SET('Sketch17',(#20,#21,#17,#22,#23,#24,#25,#18,#19,
#26,#1336));
#13=GEOMETRIC_CURVE_SET('Sketch19',(#1337));
#14=SHAPE_REPRESENTATION_RELATIONSHIP('SRR','None',#1348,#16);
#15=SHAPE_REPRESENTATION_RELATIONSHIP('SRR','None',#1348,#11);
#16=ADVANCED_BREP_SHAPE_REPRESENTATION('',(#429),#1340);
#17=TRIMMED_CURVE('',#176,(#1318,PARAMETER_VALUE(2.17454328706768)),(#1319,
PARAMETER_VALUE(3.22895685448044)),.T.,.PARAMETER.);
#18=TRIMMED_CURVE('',#177,(#1329,PARAMETER_VALUE(4.71238898038469)),(#1330,
PARAMETER_VALUE(6.28318530717959)),.T.,.PARAMETER.);
#19=TRIMMED_CURVE('',#178,(#1332,PARAMETER_VALUE(2.27682456221956E-16)),
(#1333,PARAMETER_VALUE(1.5707963267949)),.T.,.PARAMETER.);
#20=POLYLINE('',(#1313,#1314));
#21=POLYLINE('',(#1315,#1316));
#22=POLYLINE('',(#1320,#1321));
#23=POLYLINE('',(#1322,#1323));
#24=POLYLINE('',(#1324,#1325));
#25=POLYLINE('',(#1326,#1327));
#26=POLYLINE('',(#1334,#1335));
#27=STYLED_ITEM('',(#1357),#429);
#28=STYLED_ITEM('',(#1359),#20);
#29=STYLED_ITEM('',(#1359),#21);
#30=STYLED_ITEM('',(#1359),#22);
#31=STYLED_ITEM('',(#1359),#23);
#32=STYLED_ITEM('',(#1359),#24);
#33=STYLED_ITEM('',(#1359),#25);
#34=STYLED_ITEM('',(#1359),#18);
#35=STYLED_ITEM('',(#1359),#19);
#36=STYLED_ITEM('',(#1359),#26);
#37=ORIENTED_CLOSED_SHELL('',*,#428,.F.);
#38=SPHERICAL_SURFACE('',#483,30.01);
#39=PLANE('',#463);
#40=PLANE('',#464);
#41=PLANE('',#465);
#42=PLANE('',#466);
#43=PLANE('',#467);
#44=PLANE('',#474);
#45=PLANE('',#476);
#46=PLANE('',#479);
#47=PLANE('',#480);
#48=PLANE('',#481);
#49=PLANE('',#482);
#50=PLANE('',#484);
#51=PLANE('',#488);
#52=ELLIPSE('',#458,30.451,28.);
#53=ELLIPSE('',#460,30.451,28.);
#54=(
BOUNDED_SURFACE()
B_SPLINE_SURFACE(2,2,((#909,#910,#911,#912,#913,#914,#915,#916,#917),(#918,
#919,#920,#921,#922,#923,#924,#925,#926),(#927,#928,#929,#930,#931,#932,
#933,#934,#935)),.UNSPECIFIED.,.F.,.T.,.F.)
B_SPLINE_SURFACE_WITH_KNOTS((3,3),(3,2,2,2,3),(-1.77567237483574,-0.240986062216021),
(0.,1.5707963267949,3.14159265358979,4.71238898038469,6.28318530717959),
 .UNSPECIFIED.)
GEOMETRIC_REPRESENTATION_ITEM()
RATIONAL_B_SPLINE_SURFACE(((1.,0.707106781186548,1.,0.707106781186548,1.,
0.707106781186548,1.,0.707106781186548,1.),(0.71975765615224,0.508945519476184,
0.71975765615224,0.508945519476184,0.71975765615224,0.508945519476184,0.71975765615224,
0.508945519476184,0.71975765615224),(1.,0.707106781186548,1.,0.707106781186548,
1.,0.707106781186548,1.,0.707106781186548,1.)))
REPRESENTATION_ITEM('')
SURFACE()
);
#55=FACE_BOUND('',#138,.T.);
#56=FACE_BOUND('',#140,.T.);
#57=LINE('',#874,#81);
#58=LINE('',#881,#82);
#59=LINE('',#888,#83);
#60=LINE('',#896,#84);
#61=LINE('',#905,#85);
#62=LINE('',#908,#86);
#63=LINE('',#1254,#87);
#64=LINE('',#1258,#88);
#65=LINE('',#1260,#89);
#66=LINE('',#1261,#90);
#67=LINE('',#1264,#91);
#68=LINE('',#1265,#92);
#69=LINE('',#1268,#93);
#70=LINE('',#1269,#94);
#71=LINE('',#1271,#95);
#72=LINE('',#1277,#96);
#73=LINE('',#1283,#97);
#74=LINE('',#1287,#98);
#75=LINE('',#1290,#99);
#76=LINE('',#1293,#100);
#77=LINE('',#1294,#101);
#78=LINE('',#1297,#102);
#79=LINE('',#1300,#103);
#80=LINE('',#1310,#104);
#81=VECTOR('',#500,9.);
#82=VECTOR('',#501,10.);
#83=VECTOR('',#502,9.);
#84=VECTOR('',#505,10.);
#85=VECTOR('',#508,10.);
#86=VECTOR('',#511,10.);
#87=VECTOR('',#520,10.);
#88=VECTOR('',#525,10.);
#89=VECTOR('',#526,10.);
#90=VECTOR('',#527,10.);
#91=VECTOR('',#530,10.);
#92=VECTOR('',#531,10.);
#93=VECTOR('',#534,10.);
#94=VECTOR('',#535,10.);
#95=VECTOR('',#538,10.);
#96=VECTOR('',#545,10.);
#97=VECTOR('',#552,10.);
#98=VECTOR('',#557,10.);
#99=VECTOR('',#560,10.);
#100=VECTOR('',#563,10.);
#101=VECTOR('',#564,10.);
#102=VECTOR('',#567,10.);
#103=VECTOR('',#572,10.);
#104=VECTOR('',#587,8.8);
#105=CYLINDRICAL_SURFACE('',#454,9.);
#106=CYLINDRICAL_SURFACE('',#461,10.);
#107=CYLINDRICAL_SURFACE('',#468,1.);
#108=CYLINDRICAL_SURFACE('',#471,1.);
#109=CYLINDRICAL_SURFACE('',#477,1.8671731631212);
#110=CYLINDRICAL_SURFACE('',#486,8.8);
#111=FACE_OUTER_BOUND('',#135,.T.);
#112=FACE_OUTER_BOUND('',#136,.T.);
#113=FACE_OUTER_BOUND('',#137,.T.);
#114=FACE_OUTER_BOUND('',#139,.T.);
#115=FACE_OUTER_BOUND('',#141,.T.);
#116=FACE_OUTER_BOUND('',#142,.T.);
#117=FACE_OUTER_BOUND('',#143,.T.);
#118=FACE_OUTER_BOUND('',#144,.T.);
#119=FACE_OUTER_BOUND('',#145,.T.);
#120=FACE_OUTER_BOUND('',#146,.T.);
#121=FACE_OUTER_BOUND('',#147,.T.);
#122=FACE_OUTER_BOUND('',#148,.T.);
#123=FACE_OUTER_BOUND('',#149,.T.);
#124=FACE_OUTER_BOUND('',#150,.T.);
#125=FACE_OUTER_BOUND('',#151,.T.);
#126=FACE_OUTER_BOUND('',#152,.T.);
#127=FACE_OUTER_BOUND('',#153,.T.);
#128=FACE_OUTER_BOUND('',#154,.T.);
#129=FACE_OUTER_BOUND('',#155,.T.);
#130=FACE_OUTER_BOUND('',#156,.T.);
#131=FACE_OUTER_BOUND('',#157,.T.);
#132=FACE_OUTER_BOUND('',#158,.T.);
#133=FACE_OUTER_BOUND('',#159,.T.);
#134=FACE_OUTER_BOUND('',#160,.T.);
#135=EDGE_LOOP('',(#288,#289,#290,#291,#292));
#136=EDGE_LOOP('',(#293,#294,#295,#296,#297));
#137=EDGE_LOOP('',(#298,#299,#300,#301,#302,#303,#304,#305,#306,#307,#308,
#309,#310));
#138=EDGE_LOOP('',(#311,#312,#313,#314));
#139=EDGE_LOOP('',(#315,#316,#317,#318,#319,#320,#321,#322,#323));
#140=EDGE_LOOP('',(#324));
#141=EDGE_LOOP('',(#325,#326,#327,#328,#329,#330));
#142=EDGE_LOOP('',(#331,#332,#333,#334,#335,#336));
#143=EDGE_LOOP('',(#337,#338,#339,#340));
#144=EDGE_LOOP('',(#341,#342,#343,#344));
#145=EDGE_LOOP('',(#345,#346,#347,#348));
#146=EDGE_LOOP('',(#349,#350,#351,#352));
#147=EDGE_LOOP('',(#353,#354,#355,#356));
#148=EDGE_LOOP('',(#357,#358,#359,#360,#361));
#149=EDGE_LOOP('',(#362,#363,#364,#365,#366));
#150=EDGE_LOOP('',(#367,#368,#369,#370,#371,#372));
#151=EDGE_LOOP('',(#373,#374,#375,#376));
#152=EDGE_LOOP('',(#377,#378,#379,#380));
#153=EDGE_LOOP('',(#381,#382,#383,#384));
#154=EDGE_LOOP('',(#385,#386,#387,#388,#389,#390));
#155=EDGE_LOOP('',(#391));
#156=EDGE_LOOP('',(#392));
#157=EDGE_LOOP('',(#393));
#158=EDGE_LOOP('',(#394));
#159=EDGE_LOOP('',(#395,#396,#397,#398));
#160=EDGE_LOOP('',(#399));
#161=CIRCLE('',#452,7.99999999999999);
#162=CIRCLE('',#453,10.);
#163=CIRCLE('',#455,9.);
#164=CIRCLE('',#456,9.);
#165=CIRCLE('',#457,9.);
#166=CIRCLE('',#459,28.10568803641);
#167=CIRCLE('',#462,10.);
#168=CIRCLE('',#469,1.);
#169=CIRCLE('',#470,1.);
#170=CIRCLE('',#472,1.);
#171=CIRCLE('',#473,1.);
#172=CIRCLE('',#475,1.8671731631212);
#173=CIRCLE('',#478,1.8671731631212);
#174=CIRCLE('',#485,8.8);
#175=CIRCLE('',#487,8.80000000000001);
#176=CIRCLE('',#489,1.8671731631212);
#177=CIRCLE('',#490,1.);
#178=CIRCLE('',#491,1.);
#179=B_SPLINE_CURVE_WITH_KNOTS('',3,(#656,#657,#658,#659,#660),
 .UNSPECIFIED.,.F.,.F.,(4,1,4),(-1.,-0.571428571428571,0.),
 .UNSPECIFIED.);
#180=B_SPLINE_CURVE_WITH_KNOTS('',3,(#662,#663,#664,#665,#666,#667,#668,
#669,#670,#671,#672),.UNSPECIFIED.,.F.,.F.,(4,1,1,1,1,1,1,1,4),(-5.68260986344651,
-4.8614730658491,-4.0403362682517,-3.62976786945299,-3.21919947065429,-2.39806267305689,
-1.57692587545948,-0.755789077862076,0.0653477197353303),.UNSPECIFIED.);
#181=B_SPLINE_CURVE_WITH_KNOTS('',3,(#676,#677,#678,#679,#680,#681,#682,
#683,#684,#685),.UNSPECIFIED.,.F.,.F.,(4,1,1,1,1,1,1,4),(-0.0653477197353303,
0.755789077862076,1.57692587545948,2.39806267305689,3.21919947065429,3.62976786945299,
4.0403362682517,4.10966007463664),.UNSPECIFIED.);
#182=B_SPLINE_CURVE_WITH_KNOTS('',3,(#686,#687,#688,#689,#690,#691,#692,
#693,#694,#695,#696,#697,#698,#699,#700,#701,#702,#703,#704,#705,#706,#707,
#708,#709,#710,#711,#712,#713,#714,#715,#716,#717,#718,#719,#720,#721,#722,
#723,#724,#725,#726,#727,#728,#729,#730,#731,#732,#733,#734,#735,#736,#737),
 .UNSPECIFIED.,.F.,.F.,(4,3,3,3,3,3,3,3,3,3,3,3,3,3,3,3,3,4),(4.10987924374318,
4.21107693981223,4.31270266731463,4.40885284982945,4.52199895602194,4.63026925134463,
4.73793219825283,4.84436830542457,4.86143727459941,4.86664157685387,4.97778353516591,
5.08997684045495,5.2028301705584,5.31573325832203,5.42813318270607,5.53922338674897,
5.59234950653337,5.68260986344651),.UNSPECIFIED.);
#183=B_SPLINE_CURVE_WITH_KNOTS('',3,(#831,#832,#833,#834,#835,#836,#837,
#838,#839,#840,#841,#842,#843,#844,#845,#846,#847,#848),.UNSPECIFIED.,.T.,
 .F.,(4,1,1,1,1,1,1,1,1,1,1,1,1,1,1,4),(-5.99343154068656,-5.1372270348742,
-4.70912478196801,-4.28102252906183,-3.13941652131201,-2.5686135174371,
-1.42700750968728,-0.856204505812366,0.285401501937455,0.856204505812366,
1.99781051356219,2.5686135174371,3.42481802324946,4.28102252906183,5.1372270348742,
5.99343154068656),.UNSPECIFIED.);
#184=B_SPLINE_CURVE_WITH_KNOTS('',3,(#850,#851,#852,#853,#854,#855,#856,
#857,#858,#859,#860,#861,#862,#863),.UNSPECIFIED.,.F.,.F.,(4,1,1,1,1,1,
1,1,1,1,1,4),(-5.99343154068656,-5.1372270348742,-4.28102252906183,-3.42481802324946,
-2.5686135174371,-1.99781051356219,-0.856204505812366,-0.285401501937455,
0.856204505812366,1.42700750968728,2.5686135174371,3.05342926778771),
 .UNSPECIFIED.);
#185=B_SPLINE_CURVE_WITH_KNOTS('',3,(#864,#865,#866,#867,#868,#869,#870,
#871),.UNSPECIFIED.,.F.,.F.,(4,1,1,1,1,4),(3.05342926778771,3.13941652131201,
4.28102252906183,4.70912478196801,5.1372270348742,5.99343154068656),
 .UNSPECIFIED.);
#186=B_SPLINE_CURVE_WITH_KNOTS('',3,(#876,#877,#878,#879),.UNSPECIFIED.,
 .F.,.F.,(4,4),(0.,0.0516893724039741),.UNSPECIFIED.);
#187=B_SPLINE_CURVE_WITH_KNOTS('',3,(#883,#884,#885,#886),.UNSPECIFIED.,
 .F.,.F.,(4,4),(1.22675189914173,1.27758623110519),.UNSPECIFIED.);
#188=B_SPLINE_CURVE_WITH_KNOTS('',3,(#891,#892,#893,#894),.UNSPECIFIED.,
 .F.,.F.,(4,4),(0.,0.0508343319634554),.UNSPECIFIED.);
#189=B_SPLINE_CURVE_WITH_KNOTS('',3,(#897,#898,#899,#900),.UNSPECIFIED.,
 .F.,.F.,(4,4),(1.22589685870122,1.27758623110519),.UNSPECIFIED.);
#190=B_SPLINE_CURVE_WITH_KNOTS('',3,(#937,#938,#939,#940,#941,#942,#943,
#944,#945,#946,#947,#948,#949,#950,#951,#952,#953,#954,#955,#956,#957,#958,
#959,#960,#961,#962,#963,#964,#965,#966,#967,#968,#969,#970,#971,#972,#973,
#974,#975,#976,#977,#978,#979,#980,#981,#982,#983,#984,#985,#986,#987,#988,
#989,#990,#991,#992,#993,#994,#995,#996,#997,#998,#999,#1000,#1001,#1002,
#1003,#1004,#1005,#1006,#1007,#1008,#1009,#1010,#1011,#1012,#1013,#1014,
#1015,#1016,#1017,#1018,#1019,#1020,#1021,#1022,#1023,#1024,#1025,#1026,
#1027,#1028,#1029,#1030,#1031,#1032,#1033,#1034,#1035,#1036,#1037,#1038,
#1039,#1040,#1041,#1042,#1043,#1044,#1045,#1046,#1047,#1048,#1049,#1050,
#1051,#1052,#1053,#1054,#1055,#1056,#1057,#1058,#1059,#1060,#1061,#1062,
#1063,#1064,#1065,#1066,#1067,#1068,#1069,#1070,#1071,#1072,#1073,#1074,
#1075,#1076,#1077,#1078),.UNSPECIFIED.,.F.,.F.,(4,3,3,3,3,3,3,3,3,3,3,3,
3,3,3,3,3,3,3,3,3,3,3,3,3,3,3,3,3,3,3,3,3,3,3,3,3,3,3,3,3,3,3,3,3,3,3,4),
(-4.24057468321383,-4.13878666920796,-4.07718484720707,-3.97640633459937,
-3.87487820098699,-3.77325080716801,-3.67192272981116,-3.64938042375267,
-3.54804593069732,-3.44665456160781,-3.345678321779,-3.2753043508502,-3.17412998011735,
-3.07164633493359,-2.96916268974982,-2.8582922145679,-2.75200266021438,
-2.64572294018016,-2.5399444587528,-2.52568078902213,-2.47251809357959,
-2.37504913292902,-2.27694461268377,-2.22502695944641,-2.12489683223223,
-2.02456688079483,-1.93631929412219,-1.8349745229633,-1.73395985294789,
-1.67041067848712,-1.56846617769764,-1.54928061298582,-1.4396902872204,
-1.32916546433714,-1.21393077599393,-1.10305840498885,-0.99277496878025,
-0.883739363530936,-0.868226710964287,-0.820060390351859,-0.717612144072336,
-0.614133265343531,-0.510260799043877,-0.406168221285713,-0.37816041111671,
-0.27308106226789,-0.168059262912451,-0.0653477197353292),.UNSPECIFIED.);
#191=B_SPLINE_CURVE_WITH_KNOTS('',3,(#1082,#1083,#1084,#1085,#1086),
 .UNSPECIFIED.,.F.,.F.,(4,1,4),(5.68260986344651,6.48507588397668,7.12401682597336),
 .UNSPECIFIED.);
#192=B_SPLINE_CURVE_WITH_KNOTS('',3,(#1140,#1141,#1142,#1143,#1144,#1145,
#1146,#1147,#1148,#1149,#1150,#1151,#1152,#1153,#1154,#1155,#1156,#1157,
#1158,#1159,#1160,#1161,#1162,#1163,#1164,#1165,#1166,#1167,#1168,#1169,
#1170,#1171,#1172,#1173,#1174,#1175,#1176,#1177,#1178,#1179,#1180,#1181,
#1182,#1183,#1184,#1185,#1186,#1187,#1188,#1189,#1190,#1191,#1192,#1193,
#1194,#1195,#1196,#1197,#1198,#1199,#1200,#1201,#1202,#1203,#1204,#1205,
#1206,#1207,#1208,#1209,#1210,#1211,#1212,#1213,#1214,#1215,#1216,#1217,
#1218,#1219,#1220,#1221,#1222,#1223,#1224,#1225,#1226,#1227,#1228,#1229,
#1230,#1231,#1232,#1233,#1234,#1235,#1236,#1237,#1238,#1239,#1240,#1241,
#1242,#1243,#1244,#1245),.UNSPECIFIED.,.F.,.F.,(4,3,3,3,3,3,3,3,3,3,3,3,
3,3,3,3,3,3,3,3,3,3,3,3,3,3,3,3,3,3,3,3,3,3,3,4),(0.0653477197353292,0.180065427614203,
0.295028452431826,0.37816041111671,0.491525472206738,0.604609110731681,
0.716682281309606,0.820060390351859,0.868221260675711,0.987960589920076,
1.10889259895415,1.23051544831934,1.35180892907983,1.47171677795414,1.54928061298582,
1.66040562647928,1.67040943487608,1.78041579668145,1.89073700521035,1.93631929412219,
2.04562401302314,2.15465619414758,2.22502695944641,2.33148273643614,2.43715630990341,
2.47251863628237,2.52568078902213,2.64110074055598,2.75662559236278,2.87153897222225,
2.96916268974982,3.07901380725199,3.18823214003759,3.27528042015176,3.38383022298266,
3.41516592127893),.UNSPECIFIED.);
#193=B_SPLINE_CURVE_WITH_KNOTS('',3,(#1246,#1247,#1248,#1249,#1250,#1251),
 .UNSPECIFIED.,.F.,.F.,(4,1,1,4),(-7.94959960533718,-7.28754190450685,-6.48507588397668,
-5.68260986344651),.UNSPECIFIED.);
#194=VERTEX_POINT('',#654);
#195=VERTEX_POINT('',#655);
#196=VERTEX_POINT('',#661);
#197=VERTEX_POINT('',#673);
#198=VERTEX_POINT('',#675);
#199=VERTEX_POINT('',#828);
#200=VERTEX_POINT('',#829);
#201=VERTEX_POINT('',#849);
#202=VERTEX_POINT('',#873);
#203=VERTEX_POINT('',#875);
#204=VERTEX_POINT('',#880);
#205=VERTEX_POINT('',#882);
#206=VERTEX_POINT('',#887);
#207=VERTEX_POINT('',#890);
#208=VERTEX_POINT('',#895);
#209=VERTEX_POINT('',#901);
#210=VERTEX_POINT('',#902);
#211=VERTEX_POINT('',#904);
#212=VERTEX_POINT('',#906);
#213=VERTEX_POINT('',#936);
#214=VERTEX_POINT('',#1079);
#215=VERTEX_POINT('',#1087);
#216=VERTEX_POINT('',#1139);
#217=VERTEX_POINT('',#1253);
#218=VERTEX_POINT('',#1257);
#219=VERTEX_POINT('',#1259);
#220=VERTEX_POINT('',#1263);
#221=VERTEX_POINT('',#1267);
#222=VERTEX_POINT('',#1274);
#223=VERTEX_POINT('',#1276);
#224=VERTEX_POINT('',#1280);
#225=VERTEX_POINT('',#1282);
#226=VERTEX_POINT('',#1286);
#227=VERTEX_POINT('',#1288);
#228=VERTEX_POINT('',#1292);
#229=VERTEX_POINT('',#1296);
#230=VERTEX_POINT('',#1306);
#231=VERTEX_POINT('',#1309);
#232=EDGE_CURVE('',#194,#195,#179,.T.);
#233=EDGE_CURVE('',#194,#196,#180,.T.);
#234=EDGE_CURVE('',#196,#197,#161,.T.);
#235=EDGE_CURVE('',#197,#198,#181,.T.);
#236=EDGE_CURVE('',#198,#195,#182,.T.);
#237=EDGE_CURVE('',#199,#200,#162,.T.);
#238=EDGE_CURVE('',#200,#200,#183,.T.);
#239=EDGE_CURVE('',#199,#201,#184,.T.);
#240=EDGE_CURVE('',#201,#199,#185,.T.);
#241=EDGE_CURVE('',#201,#202,#57,.T.);
#242=EDGE_CURVE('',#202,#203,#186,.T.);
#243=EDGE_CURVE('',#203,#204,#58,.T.);
#244=EDGE_CURVE('',#204,#205,#187,.T.);
#245=EDGE_CURVE('',#205,#206,#59,.T.);
#246=EDGE_CURVE('',#206,#206,#163,.T.);
#247=EDGE_CURVE('',#205,#207,#188,.T.);
#248=EDGE_CURVE('',#207,#208,#60,.T.);
#249=EDGE_CURVE('',#208,#202,#189,.T.);
#250=EDGE_CURVE('',#209,#210,#164,.T.);
#251=EDGE_CURVE('',#210,#211,#61,.T.);
#252=EDGE_CURVE('',#211,#212,#165,.T.);
#253=EDGE_CURVE('',#212,#209,#62,.T.);
#254=EDGE_CURVE('',#213,#197,#190,.T.);
#255=EDGE_CURVE('',#213,#214,#52,.T.);
#256=EDGE_CURVE('',#214,#214,#166,.T.);
#257=EDGE_CURVE('',#195,#213,#191,.T.);
#258=EDGE_CURVE('',#215,#198,#53,.T.);
#259=EDGE_CURVE('',#196,#216,#192,.T.);
#260=EDGE_CURVE('',#216,#194,#193,.T.);
#261=EDGE_CURVE('',#216,#217,#63,.T.);
#262=EDGE_CURVE('',#217,#217,#167,.T.);
#263=EDGE_CURVE('',#211,#218,#64,.T.);
#264=EDGE_CURVE('',#218,#219,#65,.T.);
#265=EDGE_CURVE('',#219,#212,#66,.T.);
#266=EDGE_CURVE('',#220,#219,#67,.T.);
#267=EDGE_CURVE('',#209,#220,#68,.T.);
#268=EDGE_CURVE('',#221,#210,#69,.T.);
#269=EDGE_CURVE('',#218,#221,#70,.T.);
#270=EDGE_CURVE('',#220,#221,#71,.T.);
#271=EDGE_CURVE('',#208,#222,#168,.T.);
#272=EDGE_CURVE('',#223,#222,#72,.T.);
#273=EDGE_CURVE('',#223,#203,#169,.T.);
#274=EDGE_CURVE('',#204,#224,#170,.T.);
#275=EDGE_CURVE('',#224,#225,#73,.T.);
#276=EDGE_CURVE('',#225,#207,#171,.T.);
#277=EDGE_CURVE('',#226,#223,#74,.T.);
#278=EDGE_CURVE('',#227,#226,#172,.T.);
#279=EDGE_CURVE('',#224,#227,#75,.T.);
#280=EDGE_CURVE('',#227,#228,#76,.T.);
#281=EDGE_CURVE('',#228,#225,#77,.T.);
#282=EDGE_CURVE('',#226,#229,#78,.T.);
#283=EDGE_CURVE('',#229,#228,#173,.T.);
#284=EDGE_CURVE('',#222,#229,#79,.T.);
#285=EDGE_CURVE('',#230,#230,#174,.T.);
#286=EDGE_CURVE('',#230,#231,#80,.T.);
#287=EDGE_CURVE('',#231,#231,#175,.T.);
#288=ORIENTED_EDGE('',*,*,#232,.F.);
#289=ORIENTED_EDGE('',*,*,#233,.T.);
#290=ORIENTED_EDGE('',*,*,#234,.T.);
#291=ORIENTED_EDGE('',*,*,#235,.T.);
#292=ORIENTED_EDGE('',*,*,#236,.T.);
#293=ORIENTED_EDGE('',*,*,#237,.T.);
#294=ORIENTED_EDGE('',*,*,#238,.T.);
#295=ORIENTED_EDGE('',*,*,#237,.F.);
#296=ORIENTED_EDGE('',*,*,#239,.T.);
#297=ORIENTED_EDGE('',*,*,#240,.T.);
#298=ORIENTED_EDGE('',*,*,#239,.F.);
#299=ORIENTED_EDGE('',*,*,#240,.F.);
#300=ORIENTED_EDGE('',*,*,#241,.T.);
#301=ORIENTED_EDGE('',*,*,#242,.T.);
#302=ORIENTED_EDGE('',*,*,#243,.T.);
#303=ORIENTED_EDGE('',*,*,#244,.T.);
#304=ORIENTED_EDGE('',*,*,#245,.T.);
#305=ORIENTED_EDGE('',*,*,#246,.T.);
#306=ORIENTED_EDGE('',*,*,#245,.F.);
#307=ORIENTED_EDGE('',*,*,#247,.T.);
#308=ORIENTED_EDGE('',*,*,#248,.T.);
#309=ORIENTED_EDGE('',*,*,#249,.T.);
#310=ORIENTED_EDGE('',*,*,#241,.F.);
#311=ORIENTED_EDGE('',*,*,#250,.T.);
#312=ORIENTED_EDGE('',*,*,#251,.T.);
#313=ORIENTED_EDGE('',*,*,#252,.T.);
#314=ORIENTED_EDGE('',*,*,#253,.T.);
#315=ORIENTED_EDGE('',*,*,#254,.F.);
#316=ORIENTED_EDGE('',*,*,#255,.T.);
#317=ORIENTED_EDGE('',*,*,#256,.F.);
#318=ORIENTED_EDGE('',*,*,#255,.F.);
#319=ORIENTED_EDGE('',*,*,#257,.F.);
#320=ORIENTED_EDGE('',*,*,#236,.F.);
#321=ORIENTED_EDGE('',*,*,#258,.F.);
#322=ORIENTED_EDGE('',*,*,#258,.T.);
#323=ORIENTED_EDGE('',*,*,#235,.F.);
#324=ORIENTED_EDGE('',*,*,#238,.F.);
#325=ORIENTED_EDGE('',*,*,#232,.T.);
#326=ORIENTED_EDGE('',*,*,#257,.T.);
#327=ORIENTED_EDGE('',*,*,#254,.T.);
#328=ORIENTED_EDGE('',*,*,#234,.F.);
#329=ORIENTED_EDGE('',*,*,#259,.T.);
#330=ORIENTED_EDGE('',*,*,#260,.T.);
#331=ORIENTED_EDGE('',*,*,#259,.F.);
#332=ORIENTED_EDGE('',*,*,#233,.F.);
#333=ORIENTED_EDGE('',*,*,#260,.F.);
#334=ORIENTED_EDGE('',*,*,#261,.T.);
#335=ORIENTED_EDGE('',*,*,#262,.T.);
#336=ORIENTED_EDGE('',*,*,#261,.F.);
#337=ORIENTED_EDGE('',*,*,#252,.F.);
#338=ORIENTED_EDGE('',*,*,#263,.T.);
#339=ORIENTED_EDGE('',*,*,#264,.T.);
#340=ORIENTED_EDGE('',*,*,#265,.T.);
#341=ORIENTED_EDGE('',*,*,#253,.F.);
#342=ORIENTED_EDGE('',*,*,#265,.F.);
#343=ORIENTED_EDGE('',*,*,#266,.F.);
#344=ORIENTED_EDGE('',*,*,#267,.F.);
#345=ORIENTED_EDGE('',*,*,#251,.F.);
#346=ORIENTED_EDGE('',*,*,#268,.F.);
#347=ORIENTED_EDGE('',*,*,#269,.F.);
#348=ORIENTED_EDGE('',*,*,#263,.F.);
#349=ORIENTED_EDGE('',*,*,#250,.F.);
#350=ORIENTED_EDGE('',*,*,#267,.T.);
#351=ORIENTED_EDGE('',*,*,#270,.T.);
#352=ORIENTED_EDGE('',*,*,#268,.T.);
#353=ORIENTED_EDGE('',*,*,#264,.F.);
#354=ORIENTED_EDGE('',*,*,#269,.T.);
#355=ORIENTED_EDGE('',*,*,#270,.F.);
#356=ORIENTED_EDGE('',*,*,#266,.T.);
#357=ORIENTED_EDGE('',*,*,#249,.F.);
#358=ORIENTED_EDGE('',*,*,#271,.T.);
#359=ORIENTED_EDGE('',*,*,#272,.F.);
#360=ORIENTED_EDGE('',*,*,#273,.T.);
#361=ORIENTED_EDGE('',*,*,#242,.F.);
#362=ORIENTED_EDGE('',*,*,#244,.F.);
#363=ORIENTED_EDGE('',*,*,#274,.T.);
#364=ORIENTED_EDGE('',*,*,#275,.T.);
#365=ORIENTED_EDGE('',*,*,#276,.T.);
#366=ORIENTED_EDGE('',*,*,#247,.F.);
#367=ORIENTED_EDGE('',*,*,#243,.F.);
#368=ORIENTED_EDGE('',*,*,#273,.F.);
#369=ORIENTED_EDGE('',*,*,#277,.F.);
#370=ORIENTED_EDGE('',*,*,#278,.F.);
#371=ORIENTED_EDGE('',*,*,#279,.F.);
#372=ORIENTED_EDGE('',*,*,#274,.F.);
#373=ORIENTED_EDGE('',*,*,#275,.F.);
#374=ORIENTED_EDGE('',*,*,#279,.T.);
#375=ORIENTED_EDGE('',*,*,#280,.T.);
#376=ORIENTED_EDGE('',*,*,#281,.T.);
#377=ORIENTED_EDGE('',*,*,#280,.F.);
#378=ORIENTED_EDGE('',*,*,#278,.T.);
#379=ORIENTED_EDGE('',*,*,#282,.T.);
#380=ORIENTED_EDGE('',*,*,#283,.T.);
#381=ORIENTED_EDGE('',*,*,#282,.F.);
#382=ORIENTED_EDGE('',*,*,#277,.T.);
#383=ORIENTED_EDGE('',*,*,#272,.T.);
#384=ORIENTED_EDGE('',*,*,#284,.T.);
#385=ORIENTED_EDGE('',*,*,#248,.F.);
#386=ORIENTED_EDGE('',*,*,#276,.F.);
#387=ORIENTED_EDGE('',*,*,#281,.F.);
#388=ORIENTED_EDGE('',*,*,#283,.F.);
#389=ORIENTED_EDGE('',*,*,#284,.F.);
#390=ORIENTED_EDGE('',*,*,#271,.F.);
#391=ORIENTED_EDGE('',*,*,#262,.F.);
#392=ORIENTED_EDGE('',*,*,#246,.F.);
#393=ORIENTED_EDGE('',*,*,#256,.T.);
#394=ORIENTED_EDGE('',*,*,#285,.T.);
#395=ORIENTED_EDGE('',*,*,#285,.F.);
#396=ORIENTED_EDGE('',*,*,#286,.T.);
#397=ORIENTED_EDGE('',*,*,#287,.T.);
#398=ORIENTED_EDGE('',*,*,#286,.F.);
#399=ORIENTED_EDGE('',*,*,#287,.F.);
#400=B_SPLINE_SURFACE_WITH_KNOTS('',3,3,((#599,#600,#601,#602,#603,#604,
#605,#606,#607,#608,#609),(#610,#611,#612,#613,#614,#615,#616,#617,#618,
#619,#620),(#621,#622,#623,#624,#625,#626,#627,#628,#629,#630,#631),(#632,
#633,#634,#635,#636,#637,#638,#639,#640,#641,#642),(#643,#644,#645,#646,
#647,#648,#649,#650,#651,#652,#653)),.UNSPECIFIED.,.F.,.F.,.F.,(4,1,4),
(4,1,1,1,1,1,1,1,4),(0.,0.571428571428571,1.),(-5.68260986344651,-4.8614730658491,
-4.0403362682517,-3.62976786945299,-3.21919947065429,-2.39806267305689,
-1.57692587545948,-0.755789077862076,0.0653477197353303),.UNSPECIFIED.);
#401=B_SPLINE_SURFACE_WITH_KNOTS('',3,3,((#738,#739,#740,#741,#742,#743,
#744,#745,#746,#747,#748,#749,#750,#751,#752,#753,#754,#755),(#756,#757,
#758,#759,#760,#761,#762,#763,#764,#765,#766,#767,#768,#769,#770,#771,#772,
#773),(#774,#775,#776,#777,#778,#779,#780,#781,#782,#783,#784,#785,#786,
#787,#788,#789,#790,#791),(#792,#793,#794,#795,#796,#797,#798,#799,#800,
#801,#802,#803,#804,#805,#806,#807,#808,#809),(#810,#811,#812,#813,#814,
#815,#816,#817,#818,#819,#820,#821,#822,#823,#824,#825,#826,#827)),
 .UNSPECIFIED.,.F.,.T.,.F.,(4,1,4),(4,1,1,1,1,1,1,1,1,1,1,1,1,1,1,4),(0.,
0.571428571428571,1.),(-5.99343154068656,-5.1372270348742,-4.28102252906183,
-3.42481802324946,-2.5686135174371,-1.99781051356219,-0.856204505812366,
-0.285401501937455,0.856204505812366,1.42700750968728,2.5686135174371,3.13941652131201,
4.28102252906183,4.70912478196801,5.1372270348742,5.99343154068656),
 .UNSPECIFIED.);
#402=B_SPLINE_SURFACE_WITH_KNOTS('',3,3,((#1089,#1090,#1091,#1092,#1093,
#1094,#1095,#1096,#1097,#1098),(#1099,#1100,#1101,#1102,#1103,#1104,#1105,
#1106,#1107,#1108),(#1109,#1110,#1111,#1112,#1113,#1114,#1115,#1116,#1117,
#1118),(#1119,#1120,#1121,#1122,#1123,#1124,#1125,#1126,#1127,#1128),(#1129,
#1130,#1131,#1132,#1133,#1134,#1135,#1136,#1137,#1138)),.UNSPECIFIED.,.F.,
 .F.,.F.,(4,1,4),(4,1,1,1,1,1,1,4),(0.,0.571428571428571,1.),(-11.2998720071577,
-10.4974059866275,-9.69493996609735,-8.89247394556718,-8.09000792503701,
-7.28754190450685,-6.48507588397668,-5.68260986344651),.UNSPECIFIED.);
#403=ADVANCED_FACE('',(#111),#400,.T.);
#404=ADVANCED_FACE('',(#112),#401,.T.);
#405=ADVANCED_FACE('',(#113,#55),#105,.T.);
#406=ADVANCED_FACE('',(#114,#56),#54,.T.);
#407=ADVANCED_FACE('',(#115),#402,.T.);
#408=ADVANCED_FACE('',(#116),#106,.T.);
#409=ADVANCED_FACE('',(#117),#39,.F.);
#410=ADVANCED_FACE('',(#118),#40,.F.);
#411=ADVANCED_FACE('',(#119),#41,.F.);
#412=ADVANCED_FACE('',(#120),#42,.F.);
#413=ADVANCED_FACE('',(#121),#43,.F.);
#414=ADVANCED_FACE('',(#122),#107,.T.);
#415=ADVANCED_FACE('',(#123),#108,.T.);
#416=ADVANCED_FACE('',(#124),#44,.T.);
#417=ADVANCED_FACE('',(#125),#45,.F.);
#418=ADVANCED_FACE('',(#126),#109,.F.);
#419=ADVANCED_FACE('',(#127),#46,.F.);
#420=ADVANCED_FACE('',(#128),#47,.F.);
#421=ADVANCED_FACE('',(#129),#48,.T.);
#422=ADVANCED_FACE('',(#130),#49,.F.);
#423=ADVANCED_FACE('',(#131),#38,.F.);
#424=ADVANCED_FACE('',(#132),#50,.F.);
#425=ADVANCED_FACE('',(#133),#110,.F.);
#426=ADVANCED_FACE('',(#134),#51,.F.);
#427=CLOSED_SHELL('',(#403,#404,#405,#406,#407,#408,#409,#410,#411,#412,
#413,#414,#415,#416,#417,#418,#419,#420,#421,#422,#423));
#428=CLOSED_SHELL('',(#424,#425,#426));
#429=BREP_WITH_VOIDS('Solid3',#427,(#37));
#430=DERIVED_UNIT_ELEMENT(#433,1.);
#431=DERIVED_UNIT_ELEMENT(#1343,-3.);
#432=DIMENSIONAL_EXPONENTS(0.,1.,0.,0.,0.,0.,0.);
#433=(
CONVERSION_BASED_UNIT('gram',#435)
MASS_UNIT()
NAMED_UNIT(#432)
);
#434=(
MASS_UNIT()
NAMED_UNIT(*)
SI_UNIT(.KILO.,.GRAM.)
);
#435=MASS_MEASURE_WITH_UNIT(MASS_MEASURE(0.001),#434);
#436=DERIVED_UNIT((#430,#431));
#437=MEASURE_REPRESENTATION_ITEM('density measure',
POSITIVE_RATIO_MEASURE(1.),#436);
#438=PROPERTY_DEFINITION_REPRESENTATION(#443,#440);
#439=PROPERTY_DEFINITION_REPRESENTATION(#444,#441);
#440=REPRESENTATION('material name',(#442),#1340);
#441=REPRESENTATION('density',(#437),#1340);
#442=DESCRIPTIVE_REPRESENTATION_ITEM('Generic','Generic');
#443=PROPERTY_DEFINITION('material property','material name',#1350);
#444=PROPERTY_DEFINITION('material property','density of part',#1350);
#445=DATE_TIME_ROLE('creation_date');
#446=APPLIED_DATE_AND_TIME_ASSIGNMENT(#447,#445,(#1350));
#447=DATE_AND_TIME(#448,#449);
#448=CALENDAR_DATE(2026,15,6);
#449=LOCAL_TIME(0,0,0.,#450);
#450=COORDINATED_UNIVERSAL_TIME_OFFSET(0,0,.BEHIND.);
#451=AXIS2_PLACEMENT_3D('',#598,#492,#493);
#452=AXIS2_PLACEMENT_3D('',#674,#494,#495);
#453=AXIS2_PLACEMENT_3D('',#830,#496,#497);
#454=AXIS2_PLACEMENT_3D('',#872,#498,#499);
#455=AXIS2_PLACEMENT_3D('',#889,#503,#504);
#456=AXIS2_PLACEMENT_3D('',#903,#506,#507);
#457=AXIS2_PLACEMENT_3D('',#907,#509,#510);
#458=AXIS2_PLACEMENT_3D('',#1080,#512,#513);
#459=AXIS2_PLACEMENT_3D('',#1081,#514,#515);
#460=AXIS2_PLACEMENT_3D('',#1088,#516,#517);
#461=AXIS2_PLACEMENT_3D('',#1252,#518,#519);
#462=AXIS2_PLACEMENT_3D('',#1255,#521,#522);
#463=AXIS2_PLACEMENT_3D('',#1256,#523,#524);
#464=AXIS2_PLACEMENT_3D('',#1262,#528,#529);
#465=AXIS2_PLACEMENT_3D('',#1266,#532,#533);
#466=AXIS2_PLACEMENT_3D('',#1270,#536,#537);
#467=AXIS2_PLACEMENT_3D('',#1272,#539,#540);
#468=AXIS2_PLACEMENT_3D('',#1273,#541,#542);
#469=AXIS2_PLACEMENT_3D('',#1275,#543,#544);
#470=AXIS2_PLACEMENT_3D('',#1278,#546,#547);
#471=AXIS2_PLACEMENT_3D('',#1279,#548,#549);
#472=AXIS2_PLACEMENT_3D('',#1281,#550,#551);
#473=AXIS2_PLACEMENT_3D('',#1284,#553,#554);
#474=AXIS2_PLACEMENT_3D('',#1285,#555,#556);
#475=AXIS2_PLACEMENT_3D('',#1289,#558,#559);
#476=AXIS2_PLACEMENT_3D('',#1291,#561,#562);
#477=AXIS2_PLACEMENT_3D('',#1295,#565,#566);
#478=AXIS2_PLACEMENT_3D('',#1298,#568,#569);
#479=AXIS2_PLACEMENT_3D('',#1299,#570,#571);
#480=AXIS2_PLACEMENT_3D('',#1301,#573,#574);
#481=AXIS2_PLACEMENT_3D('',#1302,#575,#576);
#482=AXIS2_PLACEMENT_3D('',#1303,#577,#578);
#483=AXIS2_PLACEMENT_3D('',#1304,#579,#580);
#484=AXIS2_PLACEMENT_3D('',#1305,#581,#582);
#485=AXIS2_PLACEMENT_3D('',#1307,#583,#584);
#486=AXIS2_PLACEMENT_3D('',#1308,#585,#586);
#487=AXIS2_PLACEMENT_3D('',#1311,#588,#589);
#488=AXIS2_PLACEMENT_3D('',#1312,#590,#591);
#489=AXIS2_PLACEMENT_3D('',#1317,#592,#593);
#490=AXIS2_PLACEMENT_3D('',#1328,#594,#595);
#491=AXIS2_PLACEMENT_3D('',#1331,#596,#597);
#492=DIRECTION('axis',(0.,0.,1.));
#493=DIRECTION('refdir',(1.,0.,0.));
#494=DIRECTION('center_axis',(-0.78609893187523,-0.617891983037218,0.0160613387660182));
#495=DIRECTION('ref_axis',(-0.252793418025758,0.297681103399989,-0.920587556119145));
#496=DIRECTION('center_axis',(0.800295585905636,-0.530022017415924,-0.280363400311647));
#497=DIRECTION('ref_axis',(0.0277830897495426,-0.434298585293992,0.900340401590202));
#498=DIRECTION('center_axis',(-0.426689589907152,-0.819663075976296,-0.38221516943463));
#499=DIRECTION('ref_axis',(0.904398139021121,-0.386712097980327,-0.180326812789413));
#500=DIRECTION('',(0.426689589907152,0.819663075976296,0.38221516943463));
#501=DIRECTION('',(0.426689589907152,0.819663075976296,0.38221516943463));
#502=DIRECTION('',(0.426689589907152,0.819663075976296,0.38221516943463));
#503=DIRECTION('center_axis',(-0.426689589907152,-0.819663075976296,-0.38221516943463));
#504=DIRECTION('ref_axis',(0.904398139021121,-0.386712097980327,-0.180326812789413));
#505=DIRECTION('',(-0.426689589907152,-0.819663075976296,-0.38221516943463));
#506=DIRECTION('center_axis',(0.426689589907152,0.819663075976295,0.382215169434632));
#507=DIRECTION('ref_axis',(0.904398139021121,-0.386712097980327,-0.180326812789413));
#508=DIRECTION('',(-0.426689589907152,-0.819663075976296,-0.38221516943463));
#509=DIRECTION('center_axis',(-0.426689589907152,-0.819663075976295,-0.382215169434632));
#510=DIRECTION('ref_axis',(0.904398139021121,-0.386712097980327,-0.180326812789413));
#511=DIRECTION('',(0.426689589907152,0.819663075976296,0.38221516943463));
#512=DIRECTION('center_axis',(0.,0.,1.));
#513=DIRECTION('ref_axis',(0.220422574356331,0.97540447441773,0.));
#514=DIRECTION('center_axis',(0.,-1.,0.));
#515=DIRECTION('ref_axis',(1.,0.,0.));
#516=DIRECTION('center_axis',(0.,0.,1.));
#517=DIRECTION('ref_axis',(0.220422574356331,0.97540447441773,0.));
#518=DIRECTION('center_axis',(0.426689589907152,-0.819663075976297,-0.38221516943463));
#519=DIRECTION('ref_axis',(0.90439813902112,0.386712097980327,0.180326812789413));
#520=DIRECTION('',(-0.426689589907152,0.819663075976297,0.38221516943463));
#521=DIRECTION('center_axis',(0.426689589907152,-0.819663075976297,-0.38221516943463));
#522=DIRECTION('ref_axis',(0.904398139021121,0.386712097980326,0.180326812789412));
#523=DIRECTION('center_axis',(-0.426689589907152,-0.819663075976295,-0.382215169434632));
#524=DIRECTION('ref_axis',(0.904398139021121,-0.386712097980327,-0.180326812789413));
#525=DIRECTION('',(-0.904398139021121,0.386712097980327,0.180326812789413));
#526=DIRECTION('',(0.,-0.422618261740703,0.906307787036648));
#527=DIRECTION('',(0.904398139021121,-0.386712097980327,-0.180326812789413));
#528=DIRECTION('center_axis',(0.,-0.422618261740703,0.906307787036648));
#529=DIRECTION('ref_axis',(1.,0.,0.));
#530=DIRECTION('',(-0.426689589907152,-0.819663075976297,-0.38221516943463));
#531=DIRECTION('',(-0.904398139021121,0.386712097980327,0.180326812789413));
#532=DIRECTION('center_axis',(0.,0.422618261740703,-0.906307787036648));
#533=DIRECTION('ref_axis',(-1.,0.,0.));
#534=DIRECTION('',(0.904398139021121,-0.386712097980327,-0.180326812789413));
#535=DIRECTION('',(0.426689589907152,0.819663075976297,0.38221516943463));
#536=DIRECTION('center_axis',(0.426689589907152,0.819663075976295,0.382215169434632));
#537=DIRECTION('ref_axis',(-0.904398139021121,0.386712097980327,0.180326812789413));
#538=DIRECTION('',(0.,0.422618261740703,-0.906307787036648));
#539=DIRECTION('center_axis',(-0.904398139021121,0.386712097980326,0.180326812789414));
#540=DIRECTION('ref_axis',(-0.426689589907152,-0.819663075976297,-0.38221516943463));
#541=DIRECTION('center_axis',(0.,-0.422618261740703,0.906307787036648));
#542=DIRECTION('ref_axis',(-0.426689589907152,-0.819663075976295,-0.382215169434632));
#543=DIRECTION('center_axis',(0.,0.4226182617407,-0.90630778703665));
#544=DIRECTION('ref_axis',(-0.426689589907152,-0.819663075976296,-0.38221516943463));
#545=DIRECTION('',(0.,-0.422618261740703,0.906307787036648));
#546=DIRECTION('center_axis',(0.,-0.4226182617407,0.90630778703665));
#547=DIRECTION('ref_axis',(-0.426689589907152,-0.819663075976296,-0.38221516943463));
#548=DIRECTION('center_axis',(0.,-0.422618261740703,0.906307787036648));
#549=DIRECTION('ref_axis',(0.904398139021121,-0.386712097980326,-0.180326812789414));
#550=DIRECTION('center_axis',(0.,-0.4226182617407,0.90630778703665));
#551=DIRECTION('ref_axis',(0.904398139021121,-0.386712097980327,-0.180326812789413));
#552=DIRECTION('',(0.,-0.422618261740703,0.906307787036648));
#553=DIRECTION('center_axis',(0.,0.4226182617407,-0.90630778703665));
#554=DIRECTION('ref_axis',(0.904398139021121,-0.386712097980327,-0.180326812789413));
#555=DIRECTION('center_axis',(0.,-0.422618261740699,0.90630778703665));
#556=DIRECTION('ref_axis',(1.,0.,0.));
#557=DIRECTION('',(-0.904398139021121,0.386712097980327,0.180326812789413));
#558=DIRECTION('center_axis',(1.38777878078145E-17,0.422618261740699,-0.90630778703665));
#559=DIRECTION('ref_axis',(0.162197960961415,-0.89430667557263,-0.417022051558655));
#560=DIRECTION('',(0.904398139021121,-0.386712097980327,-0.180326812789413));
#561=DIRECTION('center_axis',(0.426689589907152,0.819663075976295,0.382215169434632));
#562=DIRECTION('ref_axis',(-0.904398139021121,0.386712097980327,0.180326812789413));
#563=DIRECTION('',(0.,-0.422618261740703,0.906307787036648));
#564=DIRECTION('',(-0.904398139021121,0.386712097980327,0.180326812789413));
#565=DIRECTION('center_axis',(0.,-0.422618261740703,0.906307787036648));
#566=DIRECTION('ref_axis',(0.162197960961415,-0.894306675572629,-0.417022051558658));
#567=DIRECTION('',(0.,-0.422618261740703,0.906307787036648));
#568=DIRECTION('center_axis',(-1.38777878078145E-17,-0.422618261740699,
0.90630778703665));
#569=DIRECTION('ref_axis',(0.162197960961415,-0.89430667557263,-0.417022051558655));
#570=DIRECTION('center_axis',(-0.426689589907152,-0.819663075976295,-0.382215169434632));
#571=DIRECTION('ref_axis',(0.904398139021121,-0.386712097980327,-0.180326812789413));
#572=DIRECTION('',(0.904398139021121,-0.386712097980327,-0.180326812789413));
#573=DIRECTION('center_axis',(0.,-0.422618261740699,0.90630778703665));
#574=DIRECTION('ref_axis',(1.,0.,0.));
#575=DIRECTION('center_axis',(-0.426689589907152,0.819663075976297,0.38221516943463));
#576=DIRECTION('ref_axis',(0.667221603033244,0.,0.744859270228779));
#577=DIRECTION('center_axis',(-0.426689589907152,-0.819663075976296,-0.38221516943463));
#578=DIRECTION('ref_axis',(-0.667221603033243,0.,0.744859270228779));
#579=DIRECTION('center_axis',(6.12323399573677E-17,0.,1.));
#580=DIRECTION('ref_axis',(1.,0.,0.));
#581=DIRECTION('center_axis',(-0.763146127513317,0.585679617407606,0.273106890822456));
#582=DIRECTION('ref_axis',(0.336943270263537,0.,0.941524950611566));
#583=DIRECTION('center_axis',(0.763146127513317,-0.585679617407606,-0.273106890822456));
#584=DIRECTION('ref_axis',(0.646225957433952,0.691645278012183,0.322519489863824));
#585=DIRECTION('center_axis',(0.763146127513317,-0.585679617407606,-0.273106890822456));
#586=DIRECTION('ref_axis',(-0.646225957433952,-0.691645278012184,-0.322519489863824));
#587=DIRECTION('',(0.763146127513317,-0.585679617407606,-0.273106890822456));
#588=DIRECTION('center_axis',(0.763146127513317,-0.585679617407606,-0.273106890822456));
#589=DIRECTION('ref_axis',(0.646225957433952,0.691645278012183,0.322519489863824));
#590=DIRECTION('center_axis',(0.763146127513317,-0.585679617407606,-0.273106890822456));
#591=DIRECTION('ref_axis',(-0.336943270263537,0.,-0.941524950611566));
#592=DIRECTION('center_axis',(0.,-0.4226182617407,0.90630778703665));
#593=DIRECTION('ref_axis',(-0.904398139021121,0.386712097980327,0.180326812789413));
#594=DIRECTION('center_axis',(0.,-0.4226182617407,0.90630778703665));
#595=DIRECTION('ref_axis',(-0.904398139021121,0.386712097980327,0.180326812789413));
#596=DIRECTION('center_axis',(0.,-0.4226182617407,0.90630778703665));
#597=DIRECTION('ref_axis',(-0.904398139021121,0.386712097980327,0.180326812789413));
#598=CARTESIAN_POINT('',(0.,0.,0.));
#599=CARTESIAN_POINT('Ctrl Pts',(-17.1629137341959,22.9049895235946,-4.16894361107008));
#600=CARTESIAN_POINT('Ctrl Pts',(-15.5301193624585,24.3369018916648,-4.21606974106649));
#601=CARTESIAN_POINT('Ctrl Pts',(-12.0242912821281,26.9576900479608,-3.42177710883822));
#602=CARTESIAN_POINT('Ctrl Pts',(-7.90275090144633,28.9420498296303,-0.477336238187316));
#603=CARTESIAN_POINT('Ctrl Pts',(-5.21846770403263,29.5006640470385,2.60987306271633));
#604=CARTESIAN_POINT('Ctrl Pts',(-3.15706061119065,29.2934325129199,6.10009157811051));
#605=CARTESIAN_POINT('Ctrl Pts',(-1.70763244761677,27.6503052198125,11.0855884538958));
#606=CARTESIAN_POINT('Ctrl Pts',(-2.35865206591237,23.9894571176262,16.616384057595));
#607=CARTESIAN_POINT('Ctrl Pts',(-5.33361231185881,19.4565450509483,20.5428808459471));
#608=CARTESIAN_POINT('Ctrl Pts',(-8.4673114706577,16.4330702498041,21.5650165276182));
#609=CARTESIAN_POINT('Ctrl Pts',(-10.1467644500977,15.0748478424842,21.6230875111073));
#610=CARTESIAN_POINT('Ctrl Pts',(-17.2911093754686,23.1154303938511,-2.66021379472691));
#611=CARTESIAN_POINT('Ctrl Pts',(-15.8102136835219,24.4266903551423,-2.65793592525741));
#612=CARTESIAN_POINT('Ctrl Pts',(-12.6514110151459,26.8075894390889,-1.83526179978627));
#613=CARTESIAN_POINT('Ctrl Pts',(-9.01444225693759,28.5475474932238,0.909989853789916));
#614=CARTESIAN_POINT('Ctrl Pts',(-6.68318250104646,29.0011976601646,3.68358684441996));
#615=CARTESIAN_POINT('Ctrl Pts',(-4.89838570556248,28.8230002525962,6.76433713374937));
#616=CARTESIAN_POINT('Ctrl Pts',(-3.60561309172184,27.4081759733431,11.1542949776514));
#617=CARTESIAN_POINT('Ctrl Pts',(-4.11188069542128,24.1653152993608,16.0661610052684));
#618=CARTESIAN_POINT('Ctrl Pts',(-6.68068041624024,20.0878065222126,19.6071698067449));
#619=CARTESIAN_POINT('Ctrl Pts',(-9.45218156595511,17.3204338410248,20.5593285651585));
#620=CARTESIAN_POINT('Ctrl Pts',(-10.9488554847542,16.0694003669499,20.6271011698433));
#621=CARTESIAN_POINT('Ctrl Pts',(-18.0304231246076,24.0666068862605,-0.14961419708941));
#622=CARTESIAN_POINT('Ctrl Pts',(-16.8028673331372,25.2411404186952,-0.0727569626240239));
#623=CARTESIAN_POINT('Ctrl Pts',(-14.2121822772455,27.3647379927754,0.799985064026213));
#624=CARTESIAN_POINT('Ctrl Pts',(-11.3279953227201,28.8967327088878,3.29459339998754));
#625=CARTESIAN_POINT('Ctrl Pts',(-9.51840606926535,29.2919923750878,5.69071870688391));
#626=CARTESIAN_POINT('Ctrl Pts',(-8.09638055797188,29.1830833171071,8.2529180735848));
#627=CARTESIAN_POINT('Ctrl Pts',(-6.99167462687679,28.0495983719345,11.8111610300626));
#628=CARTESIAN_POINT('Ctrl Pts',(-7.2726818690587,25.3205537824791,15.8155338164224));
#629=CARTESIAN_POINT('Ctrl Pts',(-9.23597285040303,21.8044597467371,18.7367614676028));
#630=CARTESIAN_POINT('Ctrl Pts',(-11.4593032614132,19.3616475826777,19.5338962595618));
#631=CARTESIAN_POINT('Ctrl Pts',(-12.6782439820622,18.242576436504,19.5884343645242));
#632=CARTESIAN_POINT('Ctrl Pts',(-19.4627957288217,25.7708924236339,1.44640266502027));
#633=CARTESIAN_POINT('Ctrl Pts',(-18.3860728670348,26.9567921795075,1.52011248065717));
#634=CARTESIAN_POINT('Ctrl Pts',(-16.0855249921696,29.1646129426538,2.33243476389549));
#635=CARTESIAN_POINT('Ctrl Pts',(-13.4286150010109,30.917585182125,4.71915012655757));
#636=CARTESIAN_POINT('Ctrl Pts',(-11.6860708906584,31.4831014886849,7.11471015854874));
#637=CARTESIAN_POINT('Ctrl Pts',(-10.2471730656807,31.4432583287888,9.69141682146082));
#638=CARTESIAN_POINT('Ctrl Pts',(-9.14615877830505,30.2782187140211,13.144065494753));
#639=CARTESIAN_POINT('Ctrl Pts',(-9.42238815884528,27.5097832470305,16.8998780834498));
#640=CARTESIAN_POINT('Ctrl Pts',(-11.273089779805,24.0003824623293,19.4976264968428));
#641=CARTESIAN_POINT('Ctrl Pts',(-13.3279988270803,21.5995413077434,20.1081656622915));
#642=CARTESIAN_POINT('Ctrl Pts',(-14.443937360782,20.502040690235,20.0924502144242));
#643=CARTESIAN_POINT('Ctrl Pts',(-20.1463335957615,26.5711814943259,1.90122958773327));
#644=CARTESIAN_POINT('Ctrl Pts',(-19.1061332209476,27.7847001804574,1.95571943605365));
#645=CARTESIAN_POINT('Ctrl Pts',(-16.8587085592913,30.0776457858626,2.71663573723594));
#646=CARTESIAN_POINT('Ctrl Pts',(-14.1771234654429,31.9785399315541,5.07794233922565));
#647=CARTESIAN_POINT('Ctrl Pts',(-12.3664505354798,32.6382200874867,7.53509351253007));
#648=CARTESIAN_POINT('Ctrl Pts',(-10.8490885523344,32.6207776830293,10.2125745337203));
#649=CARTESIAN_POINT('Ctrl Pts',(-9.7205398980252,31.3919750733657,13.7607680376262));
#650=CARTESIAN_POINT('Ctrl Pts',(-10.0433703418217,28.5169873939104,17.5486036889258));
#651=CARTESIAN_POINT('Ctrl Pts',(-11.9525331091704,24.9200756201116,20.083486519911));
#652=CARTESIAN_POINT('Ctrl Pts',(-14.0178355670615,22.4919092115006,20.6188863203094));
#653=CARTESIAN_POINT('Ctrl Pts',(-15.1292586169679,21.386248789868,20.5665569331494));
#654=CARTESIAN_POINT('',(-20.1463335957615,26.5711814943259,1.90122958773327));
#655=CARTESIAN_POINT('',(-17.1629137341959,22.9049895235946,-4.16894361107007));
#656=CARTESIAN_POINT('Ctrl Pts',(-20.1463335957615,26.5711814943259,1.90122958773327));
#657=CARTESIAN_POINT('Ctrl Pts',(-19.4627957288217,25.7708924236339,1.44640266502027));
#658=CARTESIAN_POINT('Ctrl Pts',(-18.0304231246076,24.0666068862605,-0.14961419708941));
#659=CARTESIAN_POINT('Ctrl Pts',(-17.2911093754686,23.1154303938511,-2.66021379472691));
#660=CARTESIAN_POINT('Ctrl Pts',(-17.1629137341959,22.9049895235946,-4.16894361107008));
#661=CARTESIAN_POINT('',(-15.1292586169679,21.386248789868,20.5665569331494));
#662=CARTESIAN_POINT('Ctrl Pts',(-20.1463335957615,26.5711814943259,1.90122958773327));
#663=CARTESIAN_POINT('Ctrl Pts',(-19.1061332209476,27.7847001804574,1.95571943605365));
#664=CARTESIAN_POINT('Ctrl Pts',(-16.8587085592913,30.0776457858626,2.71663573723594));
#665=CARTESIAN_POINT('Ctrl Pts',(-14.1771234654429,31.9785399315541,5.07794233922565));
#666=CARTESIAN_POINT('Ctrl Pts',(-12.3664505354798,32.6382200874867,7.53509351253007));
#667=CARTESIAN_POINT('Ctrl Pts',(-10.8490885523344,32.6207776830293,10.2125745337203));
#668=CARTESIAN_POINT('Ctrl Pts',(-9.7205398980252,31.3919750733657,13.7607680376262));
#669=CARTESIAN_POINT('Ctrl Pts',(-10.0433703418217,28.5169873939104,17.5486036889258));
#670=CARTESIAN_POINT('Ctrl Pts',(-11.9525331091704,24.9200756201116,20.083486519911));
#671=CARTESIAN_POINT('Ctrl Pts',(-14.0178355670615,22.4919092115006,20.6188863203094));
#672=CARTESIAN_POINT('Ctrl Pts',(-15.1292586169679,21.386248789868,20.5665569331494));
#673=CARTESIAN_POINT('',(-10.1467644500977,15.0748478424842,21.6230875111073));
#674=CARTESIAN_POINT('Origin',(-13.1069112727619,19.0047999626681,27.9312573821026));
#675=CARTESIAN_POINT('',(-7.65234361106928,28.8748980470899,1.06064140478235E-9));
#676=CARTESIAN_POINT('Ctrl Pts',(-10.1467644500977,15.0748478424842,21.6230875111073));
#677=CARTESIAN_POINT('Ctrl Pts',(-8.4673114706577,16.4330702498041,21.5650165276182));
#678=CARTESIAN_POINT('Ctrl Pts',(-5.33361231185881,19.4565450509483,20.5428808459471));
#679=CARTESIAN_POINT('Ctrl Pts',(-2.35865206591237,23.9894571176262,16.616384057595));
#680=CARTESIAN_POINT('Ctrl Pts',(-1.70763244761677,27.6503052198125,11.0855884538958));
#681=CARTESIAN_POINT('Ctrl Pts',(-3.15706061119065,29.2934325129199,6.10009157811051));
#682=CARTESIAN_POINT('Ctrl Pts',(-5.21846770403263,29.5006640470385,2.60987306271633));
#683=CARTESIAN_POINT('Ctrl Pts',(-6.67391851577458,29.1977766628159,0.935950844916512));
#684=CARTESIAN_POINT('Ctrl Pts',(-7.52808311706851,28.9174050136232,0.117130454312207));
#685=CARTESIAN_POINT('Ctrl Pts',(-7.65283789494163,28.874509868916,0.00067247739463655));
#686=CARTESIAN_POINT('Ctrl Pts',(-7.6528496059598,28.8745058422444,0.000661545225375981));
#687=CARTESIAN_POINT('Ctrl Pts',(-7.83521030749736,28.811803549193,-0.169570996968815));
#688=CARTESIAN_POINT('Ctrl Pts',(-8.02066116256065,28.7439245968849,-0.336059578706717));
#689=CARTESIAN_POINT('Ctrl Pts',(-8.20875237162558,28.67107644865,-0.498363008359157));
#690=CARTESIAN_POINT('Ctrl Pts',(-8.39763914178473,28.5979201778144,-0.661352925672194));
#691=CARTESIAN_POINT('Ctrl Pts',(-8.58918830426826,28.5197527591862,-0.820121845313));
#692=CARTESIAN_POINT('Ctrl Pts',(-8.78292449800267,28.4368215814577,-0.974254299789592));
#693=CARTESIAN_POINT('Ctrl Pts',(-8.96622227943159,28.3583586954276,-1.12008217225458));
#694=CARTESIAN_POINT('Ctrl Pts',(-9.15147735444801,28.2756320013748,-1.26175974912392));
#695=CARTESIAN_POINT('Ctrl Pts',(-9.33827516458338,28.1888793068854,-1.39896520418586));
#696=CARTESIAN_POINT('Ctrl Pts',(-9.55809216658275,28.0867918294989,-1.56042369113397));
#697=CARTESIAN_POINT('Ctrl Pts',(-9.78083715852388,27.9787672598895,-1.71617513047888));
#698=CARTESIAN_POINT('Ctrl Pts',(-10.0058935737287,27.8651038114292,-1.86569242896051));
#699=CARTESIAN_POINT('Ctrl Pts',(-10.2212516214643,27.7563384676951,-2.0087665709457));
#700=CARTESIAN_POINT('Ctrl Pts',(-10.4387256854025,27.6424102736356,-2.14613226372403));
#701=CARTESIAN_POINT('Ctrl Pts',(-10.6577662486608,27.5236134028241,-2.27736783662462));
#702=CARTESIAN_POINT('Ctrl Pts',(-10.8755780913508,27.4054829298544,-2.40786723607256));
#703=CARTESIAN_POINT('Ctrl Pts',(-11.0949385302341,27.2825385137455,-2.53230484606267));
#704=CARTESIAN_POINT('Ctrl Pts',(-11.3153041037682,27.1550973070311,-2.65030908470716));
#705=CARTESIAN_POINT('Ctrl Pts',(-11.5331585697215,27.0291083170815,-2.76696864263097));
#706=CARTESIAN_POINT('Ctrl Pts',(-11.7519950521543,26.8987247051112,-2.8773404341438));
#707=CARTESIAN_POINT('Ctrl Pts',(-11.9712907125825,26.7642762545827,-2.98111073259382));
#708=CARTESIAN_POINT('Ctrl Pts',(-12.0064587675545,26.7427149957331,-2.997752190766));
#709=CARTESIAN_POINT('Ctrl Pts',(-12.0416386425716,26.7210492419173,-3.01422397078445));
#710=CARTESIAN_POINT('Ctrl Pts',(-12.0768281956802,26.6992804029275,-3.03052489342759));
#711=CARTESIAN_POINT('Ctrl Pts',(-12.0875574358997,26.6926431176485,-3.03549501948455));
#712=CARTESIAN_POINT('Ctrl Pts',(-12.0982875758594,26.6859962493485,-3.0404492623473));
#713=CARTESIAN_POINT('Ctrl Pts',(-12.1090185498966,26.679339851323,-3.04538761240503));
#714=CARTESIAN_POINT('Ctrl Pts',(-12.3381869207524,26.5371872484022,-3.15084995287092));
#715=CARTESIAN_POINT('Ctrl Pts',(-12.5688185274913,26.390026454464,-3.24947444863693));
#716=CARTESIAN_POINT('Ctrl Pts',(-12.8003343340866,26.238245433702,-3.34096888809817));
#717=CARTESIAN_POINT('Ctrl Pts',(-13.0340401636677,26.0850286408898,-3.43332881889859));
#718=CARTESIAN_POINT('Ctrl Pts',(-13.2686466028074,25.9271040614301,-3.51842293745124));
#719=CARTESIAN_POINT('Ctrl Pts',(-13.5035458373022,25.7649037382637,-3.59599085061927));
#720=CARTESIAN_POINT('Ctrl Pts',(-13.7398269664051,25.6017492027412,-3.67401509001247));
#721=CARTESIAN_POINT('Ctrl Pts',(-13.9764039125565,25.4342687780379,-3.74442411063792));
#722=CARTESIAN_POINT('Ctrl Pts',(-14.2126520962878,25.2629310011205,-3.80699655349242));
#723=CARTESIAN_POINT('Ctrl Pts',(-14.4490044431558,25.0915176804254,-3.86959658488459));
#724=CARTESIAN_POINT('Ctrl Pts',(-14.6850272902823,24.9162439541937,-3.92435297437515));
#725=CARTESIAN_POINT('Ctrl Pts',(-14.9200959070142,24.7376027437862,-3.97109023494698));
#726=CARTESIAN_POINT('Ctrl Pts',(-15.1541169180343,24.559757664972,-4.01761920645915));
#727=CARTESIAN_POINT('Ctrl Pts',(-15.3871917508272,24.378575414191,-4.05620026702761));
#728=CARTESIAN_POINT('Ctrl Pts',(-15.6187112512107,24.1945605377576,-4.08670782949065));
#729=CARTESIAN_POINT('Ctrl Pts',(-15.8475330113538,24.0126898622927,-4.11685990795015));
#730=CARTESIAN_POINT('Ctrl Pts',(-16.0748350866277,23.8280525498893,-4.13912552037449));
#731=CARTESIAN_POINT('Ctrl Pts',(-16.3000425598573,23.6411481148139,-4.15343078901653));
#732=CARTESIAN_POINT('Ctrl Pts',(-16.4077424178441,23.5517657296469,-4.16027192700861));
#733=CARTESIAN_POINT('Ctrl Pts',(-16.5149634731946,23.4618650053655,-4.16529324362939));
#734=CARTESIAN_POINT('Ctrl Pts',(-16.6216443214082,23.3715012320468,-4.16849057604159));
#735=CARTESIAN_POINT('Ctrl Pts',(-16.8028932338947,23.2179747470549,-4.17392278840465));
#736=CARTESIAN_POINT('Ctrl Pts',(-16.9834349881575,23.0623870751213,-4.17412377267757));
#737=CARTESIAN_POINT('Ctrl Pts',(-17.1629137341959,22.9049895235946,-4.16894361107008));
#738=CARTESIAN_POINT('Ctrl Pts',(13.0118650996832,26.0910730169569,-3.46872499472242));
#739=CARTESIAN_POINT('Ctrl Pts',(14.7268174033138,24.956135470544,-4.06427666719588));
#740=CARTESIAN_POINT('Ctrl Pts',(18.1630186017731,22.2488150663532,-4.44871472651174));
#741=CARTESIAN_POINT('Ctrl Pts',(22.4597627211661,17.6035953552458,-2.41834645438534));
#742=CARTESIAN_POINT('Ctrl Pts',(25.0038415940847,13.3103497261901,1.93693599008887));
#743=CARTESIAN_POINT('Ctrl Pts',(25.1827562027936,10.5940623157323,7.10111477797958));
#744=CARTESIAN_POINT('Ctrl Pts',(23.3760764158882,9.06101557560385,13.0776234650671));
#745=CARTESIAN_POINT('Ctrl Pts',(19.8941586391664,9.46108677199165,17.742507114316));
#746=CARTESIAN_POINT('Ctrl Pts',(14.2373212003124,12.0163282693803,21.3715669534576));
#747=CARTESIAN_POINT('Ctrl Pts',(9.42307407677802,15.386398896306,22.0611613555266));
#748=CARTESIAN_POINT('Ctrl Pts',(4.48981112907707,20.3320106148786,20.0072375427602));
#749=CARTESIAN_POINT('Ctrl Pts',(2.02103289910582,24.3217987737187,16.2596858483521));
#750=CARTESIAN_POINT('Ctrl Pts',(1.59714422547722,28.1069381269799,10.1355352746381));
#751=CARTESIAN_POINT('Ctrl Pts',(3.165045832436,29.6176763425769,5.16069682808532));
#752=CARTESIAN_POINT('Ctrl Pts',(5.86461263093278,29.4397230356256,1.43370662671544));
#753=CARTESIAN_POINT('Ctrl Pts',(8.75869691601634,28.5822969337406,-1.37644931548037));
#754=CARTESIAN_POINT('Ctrl Pts',(11.2969127960527,27.2260105633698,-2.87317332224896));
#755=CARTESIAN_POINT('Ctrl Pts',(13.0118650996833,26.0910730169569,-3.46872499472242));
#756=CARTESIAN_POINT('Ctrl Pts',(13.6459731213647,26.0207313796918,-1.52568796982885));
#757=CARTESIAN_POINT('Ctrl Pts',(15.1380163010139,25.0256202948374,-2.10425167732751));
#758=CARTESIAN_POINT('Ctrl Pts',(18.163890232273,22.6151346532663,-2.56332342349481));
#759=CARTESIAN_POINT('Ctrl Pts',(22.0053667238125,18.4116773357375,-0.886188227034552));
#760=CARTESIAN_POINT('Ctrl Pts',(24.2890264412048,14.5111234428128,2.95151812098144));
#761=CARTESIAN_POINT('Ctrl Pts',(24.4345025316046,12.0703305408632,7.56597015026885));
#762=CARTESIAN_POINT('Ctrl Pts',(22.7917347686817,10.7399167624692,12.9048101161073));
#763=CARTESIAN_POINT('Ctrl Pts',(19.6683079023121,11.1786596321023,17.0434036707624));
#764=CARTESIAN_POINT('Ctrl Pts',(14.6697442426449,13.564860928351,20.2095577286738));
#765=CARTESIAN_POINT('Ctrl Pts',(10.4787932293956,16.6282868023348,20.7608664740109));
#766=CARTESIAN_POINT('Ctrl Pts',(6.26593904361084,21.0360390024865,18.9037775447601));
#767=CARTESIAN_POINT('Ctrl Pts',(4.22296015401866,24.5195760269367,15.6220178224918));
#768=CARTESIAN_POINT('Ctrl Pts',(3.94360280124316,27.7682667859531,10.3533889102296));
#769=CARTESIAN_POINT('Ctrl Pts',(5.28841335817253,29.0054289768251,6.12466330045004));
#770=CARTESIAN_POINT('Ctrl Pts',(7.53179944504796,28.8731583697043,2.92482313263663));
#771=CARTESIAN_POINT('Ctrl Pts',(9.97204958713081,28.1857195093959,0.440081568201192));
#772=CARTESIAN_POINT('Ctrl Pts',(12.1539299417155,27.0158424645463,-0.9471242623302));
#773=CARTESIAN_POINT('Ctrl Pts',(13.6459731213647,26.0207313796918,-1.52568796982886));
#774=CARTESIAN_POINT('Ctrl Pts',(15.3347904880986,26.858072049553,1.7120530901122));
#775=CARTESIAN_POINT('Ctrl Pts',(16.471833708304,26.0039838508583,1.14946271452624));
#776=CARTESIAN_POINT('Ctrl Pts',(18.8241568967972,23.9261244892485,0.574483105162578));
#777=CARTESIAN_POINT('Ctrl Pts',(21.8901057706874,20.2833395955717,1.72448325936794));
#778=CARTESIAN_POINT('Ctrl Pts',(23.7254687703404,16.9407293666815,4.78059129165795));
#779=CARTESIAN_POINT('Ctrl Pts',(23.8182576070194,14.9217840019406,8.57148971123871));
#780=CARTESIAN_POINT('Ctrl Pts',(22.4537097723764,13.9255389310656,12.9799738403133));
#781=CARTESIAN_POINT('Ctrl Pts',(19.9166349698873,14.4626741829534,16.3825114601775));
#782=CARTESIAN_POINT('Ctrl Pts',(15.9519274316,16.6676764424582,18.9547358087961));
#783=CARTESIAN_POINT('Ctrl Pts',(12.7161556570012,19.3484718657438,19.3894753718483));
#784=CARTESIAN_POINT('Ctrl Pts',(9.58236972563763,23.0805806487205,17.9192777733123));
#785=CARTESIAN_POINT('Ctrl Pts',(8.17507355253634,25.9334239280288,15.3739731347138));
#786=CARTESIAN_POINT('Ctrl Pts',(8.1230463262258,28.5162155282013,11.3491112088358));
#787=CARTESIAN_POINT('Ctrl Pts',(9.20226096632236,29.4190999330488,8.15869249281977));
#788=CARTESIAN_POINT('Ctrl Pts',(10.8172983087673,29.2745217640705,5.60948465343125));
#789=CARTESIAN_POINT('Ctrl Pts',(12.5724681603261,28.7043751606339,3.5233085264183));
#790=CARTESIAN_POINT('Ctrl Pts',(14.1977472678933,27.7121602482477,2.27464346569817));
#791=CARTESIAN_POINT('Ctrl Pts',(15.3347904880986,26.858072049553,1.7120530901122));
#792=CARTESIAN_POINT('Ctrl Pts',(17.503132169262,29.1038201698774,3.65602411565284));
#793=CARTESIAN_POINT('Ctrl Pts',(18.4833363870606,28.1877058804253,3.13315267118548));
#794=CARTESIAN_POINT('Ctrl Pts',(20.469499051245,26.0473984609467,2.60794050317363));
#795=CARTESIAN_POINT('Ctrl Pts',(22.9902516412461,22.5183617470342,3.61683655904313));
#796=CARTESIAN_POINT('Ctrl Pts',(24.4810994042978,19.4195548245801,6.31253844040402));
#797=CARTESIAN_POINT('Ctrl Pts',(24.5429554079332,17.6258740861097,9.69375903437688));
#798=CARTESIAN_POINT('Ctrl Pts',(23.3881243475576,16.81360137288,13.6890182367169));
#799=CARTESIAN_POINT('Ctrl Pts',(21.2298539874697,17.4121568324477,16.8610191238059));
#800=CARTESIAN_POINT('Ctrl Pts',(17.7988594880732,19.5799222215066,19.4029688013815));
#801=CARTESIAN_POINT('Ctrl Pts',(14.9507284398827,22.1790276865121,20.0134343080302));
#802=CARTESIAN_POINT('Ctrl Pts',(12.1360605347242,25.8262183072314,18.9228308786489));
#803=CARTESIAN_POINT('Ctrl Pts',(10.8389198126227,28.6734755058589,16.7283095864827));
#804=CARTESIAN_POINT('Ctrl Pts',(10.7833968967603,31.2906169765179,13.0289756552519));
#805=CARTESIAN_POINT('Ctrl Pts',(11.8680890043113,32.237102152363,9.96131129680525));
#806=CARTESIAN_POINT('Ctrl Pts',(13.4714897634556,31.9338946259421,7.38356141393721));
#807=CARTESIAN_POINT('Ctrl Pts',(15.0856381812213,31.1496033805615,5.34611327584041));
#808=CARTESIAN_POINT('Ctrl Pts',(16.5229279514633,30.0199344593295,4.1788955601202));
#809=CARTESIAN_POINT('Ctrl Pts',(17.503132169262,29.1038201698774,3.65602411565284));
#810=CARTESIAN_POINT('Ctrl Pts',(18.4218345217011,30.220947547336,4.16654485747527));
#811=CARTESIAN_POINT('Ctrl Pts',(19.3838741058086,29.2495510080507,3.66828378412275));
#812=CARTESIAN_POINT('Ctrl Pts',(21.2926393403853,27.0237457960163,3.20156653833414));
#813=CARTESIAN_POINT('Ctrl Pts',(23.647618144189,23.4686719734585,4.23539858799679));
#814=CARTESIAN_POINT('Ctrl Pts',(25.0221368769529,20.4152549183084,6.86838090848554));
#815=CARTESIAN_POINT('Ctrl Pts',(25.0756100184045,18.674954442021,10.1612817036768));
#816=CARTESIAN_POINT('Ctrl Pts',(23.9899287182165,17.902962517271,14.0849370484919));
#817=CARTESIAN_POINT('Ctrl Pts',(21.9404156326116,18.5100097070862,17.2560992311522));
#818=CARTESIAN_POINT('Ctrl Pts',(18.6193200534386,20.6759456573594,19.8867508309997));
#819=CARTESIAN_POINT('Ctrl Pts',(15.8094633372627,23.2860510764152,20.6162638946334));
#820=CARTESIAN_POINT('Ctrl Pts',(12.9653148125941,26.9939348241691,19.6646355477787));
#821=CARTESIAN_POINT('Ctrl Pts',(11.6030549837798,29.9404881337013,17.5272200681646));
#822=CARTESIAN_POINT('Ctrl Pts',(11.4948047616366,32.6876437873973,13.7765758665123));
#823=CARTESIAN_POINT('Ctrl Pts',(12.6248144667817,33.7127957412076,10.5842965332516));
#824=CARTESIAN_POINT('Ctrl Pts',(14.3442515174596,33.3330950987832,7.87812932206055));
#825=CARTESIAN_POINT('Ctrl Pts',(16.0186970579265,32.42161492094,5.80439700833562));
#826=CARTESIAN_POINT('Ctrl Pts',(17.4597949375935,31.1923440866214,4.66480593082779));
#827=CARTESIAN_POINT('Ctrl Pts',(18.4218345217011,30.220947547336,4.16654485747527));
#828=CARTESIAN_POINT('',(18.4218345217011,30.220947547336,4.16654485747526));
#829=CARTESIAN_POINT('',(13.0118650996833,26.0910730169569,-3.46872499472242));
#830=CARTESIAN_POINT('Origin',(18.1440036242057,34.5639334002759,-4.83685915842675));
#831=CARTESIAN_POINT('Ctrl Pts',(13.0118650996833,26.0910730169569,-3.46872499472242));
#832=CARTESIAN_POINT('Ctrl Pts',(11.2969127960527,27.2260105633698,-2.87317332224896));
#833=CARTESIAN_POINT('Ctrl Pts',(8.75869691601634,28.5822969337406,-1.37644931548037));
#834=CARTESIAN_POINT('Ctrl Pts',(5.86461263093278,29.4397230356256,1.43370662671544));
#835=CARTESIAN_POINT('Ctrl Pts',(3.165045832436,29.6176763425769,5.16069682808532));
#836=CARTESIAN_POINT('Ctrl Pts',(1.59714422547722,28.1069381269799,10.1355352746381));
#837=CARTESIAN_POINT('Ctrl Pts',(2.02103289910582,24.3217987737187,16.2596858483521));
#838=CARTESIAN_POINT('Ctrl Pts',(4.48981112907707,20.3320106148786,20.0072375427602));
#839=CARTESIAN_POINT('Ctrl Pts',(9.42307407677802,15.386398896306,22.0611613555266));
#840=CARTESIAN_POINT('Ctrl Pts',(14.2373212003124,12.0163282693803,21.3715669534576));
#841=CARTESIAN_POINT('Ctrl Pts',(19.8941586391664,9.46108677199165,17.742507114316));
#842=CARTESIAN_POINT('Ctrl Pts',(23.3760764158882,9.06101557560385,13.0776234650671));
#843=CARTESIAN_POINT('Ctrl Pts',(25.1827562027936,10.5940623157323,7.10111477797958));
#844=CARTESIAN_POINT('Ctrl Pts',(25.0038415940847,13.3103497261901,1.93693599008887));
#845=CARTESIAN_POINT('Ctrl Pts',(22.4597627211661,17.6035953552458,-2.41834645438534));
#846=CARTESIAN_POINT('Ctrl Pts',(18.1630186017731,22.2488150663532,-4.44871472651174));
#847=CARTESIAN_POINT('Ctrl Pts',(14.7268174033138,24.956135470544,-4.06427666719588));
#848=CARTESIAN_POINT('Ctrl Pts',(13.0118650996832,26.0910730169569,-3.46872499472242));
#849=CARTESIAN_POINT('',(11.5925705483612,31.8333129611217,14.8448044905182));
#850=CARTESIAN_POINT('Ctrl Pts',(18.4218345217011,30.220947547336,4.16654485747527));
#851=CARTESIAN_POINT('Ctrl Pts',(19.3838741058086,29.2495510080507,3.66828378412275));
#852=CARTESIAN_POINT('Ctrl Pts',(21.2926393403853,27.0237457960163,3.20156653833414));
#853=CARTESIAN_POINT('Ctrl Pts',(23.647618144189,23.4686719734585,4.23539858799679));
#854=CARTESIAN_POINT('Ctrl Pts',(25.0221368769529,20.4152549183084,6.86838090848554));
#855=CARTESIAN_POINT('Ctrl Pts',(25.0756100184045,18.674954442021,10.1612817036768));
#856=CARTESIAN_POINT('Ctrl Pts',(23.9899287182165,17.902962517271,14.0849370484919));
#857=CARTESIAN_POINT('Ctrl Pts',(21.9404156326116,18.5100097070862,17.2560992311522));
#858=CARTESIAN_POINT('Ctrl Pts',(18.6193200534386,20.6759456573594,19.8867508309997));
#859=CARTESIAN_POINT('Ctrl Pts',(15.8094633372627,23.2860510764152,20.6162638946334));
#860=CARTESIAN_POINT('Ctrl Pts',(12.9653148125941,26.9939348241691,19.6646355477787));
#861=CARTESIAN_POINT('Ctrl Pts',(11.6543585773449,29.8295190144388,17.6077165290647));
#862=CARTESIAN_POINT('Ctrl Pts',(11.5470400883257,31.4218299384719,15.5012040699575));
#863=CARTESIAN_POINT('Ctrl Pts',(11.5925705483612,31.8333129611217,14.8448044905182));
#864=CARTESIAN_POINT('Ctrl Pts',(11.5925705483612,31.8333129611217,14.8448044905182));
#865=CARTESIAN_POINT('Ctrl Pts',(11.6006458619361,31.9062938718367,14.7283850115518));
#866=CARTESIAN_POINT('Ctrl Pts',(11.7507466537357,32.9198358911931,13.0535395873163));
#867=CARTESIAN_POINT('Ctrl Pts',(12.6248144667817,33.7127957412076,10.5842965332516));
#868=CARTESIAN_POINT('Ctrl Pts',(14.3442515174596,33.3330950987832,7.87812932206055));
#869=CARTESIAN_POINT('Ctrl Pts',(16.0186970579265,32.42161492094,5.80439700833562));
#870=CARTESIAN_POINT('Ctrl Pts',(17.4597949375935,31.1923440866214,4.66480593082779));
#871=CARTESIAN_POINT('Ctrl Pts',(18.4218345217011,30.220947547336,4.16654485747527));
#872=CARTESIAN_POINT('Origin',(32.7863242621438,53.4258509645731,24.9128834482281));
#873=CARTESIAN_POINT('',(13.2944638959768,35.0987384081015,16.3668105112767));
#874=CARTESIAN_POINT('',(24.6467410109537,56.9062598463961,26.5358247633328));
#875=CARTESIAN_POINT('',(13.3779294493464,35.4408599555429,15.9746554493873));
#876=CARTESIAN_POINT('Ctrl Pts',(13.2944638959768,35.0987384081015,16.3668105112767));
#877=CARTESIAN_POINT('Ctrl Pts',(13.3177122415089,35.2124776173288,16.239494071568));
#878=CARTESIAN_POINT('Ctrl Pts',(13.3455175136056,35.3269977418379,16.1085760392925));
#879=CARTESIAN_POINT('Ctrl Pts',(13.3779294493464,35.4408599555429,15.9746554493873));
#880=CARTESIAN_POINT('',(14.8148914101548,38.2012381993933,17.2618409638991));
#881=CARTESIAN_POINT('',(24.6593118033994,57.1121938252065,26.0801643952452));
#882=CARTESIAN_POINT('',(14.8732153786332,38.1314917892138,17.7810066381849));
#883=CARTESIAN_POINT('Ctrl Pts',(14.8148914101548,38.2012381993933,17.2618409638991));
#884=CARTESIAN_POINT('Ctrl Pts',(14.8304246055316,38.1788735049063,17.4406174655947));
#885=CARTESIAN_POINT('Ctrl Pts',(14.8503516049131,38.1555077344485,17.6148349496453));
#886=CARTESIAN_POINT('Ctrl Pts',(14.8732153786332,38.1314917892138,17.7810066381849));
#887=CARTESIAN_POINT('',(24.6467410109537,56.9062598463961,26.5358247633328));
#888=CARTESIAN_POINT('',(24.6467410109537,56.9062598463961,26.5358247633328));
#889=CARTESIAN_POINT('Origin',(32.7863242621438,53.4258509645731,24.9128834482281));
#890=CARTESIAN_POINT('',(14.8148914101548,37.7786199376526,18.1681487509358));
#891=CARTESIAN_POINT('Ctrl Pts',(14.8732153786332,38.1314917892138,17.7810066381849));
#892=CARTESIAN_POINT('Ctrl Pts',(14.8503516049131,38.0196340426361,17.9062170220521));
#893=CARTESIAN_POINT('Ctrl Pts',(14.8304246055316,37.9011949348261,18.036101080809));
#894=CARTESIAN_POINT('Ctrl Pts',(14.8148914101548,37.7786199376526,18.1681487509358));
#895=CARTESIAN_POINT('',(13.3779294493464,35.0182416938022,16.8809632364239));
#896=CARTESIAN_POINT('',(24.6593118033994,56.6895755634658,26.9864721822818));
#897=CARTESIAN_POINT('Ctrl Pts',(13.3779294493464,35.0182416938022,16.8809632364239));
#898=CARTESIAN_POINT('Ctrl Pts',(13.3455175136056,35.0476415973373,16.7076572244609));
#899=CARTESIAN_POINT('Ctrl Pts',(13.3177122415089,35.0743185113718,16.5357772304242));
#900=CARTESIAN_POINT('Ctrl Pts',(13.2944638959768,35.0987384081015,16.3668105112767));
#901=CARTESIAN_POINT('',(29.6463975238928,28.0959192808404,13.6530312830418));
#902=CARTESIAN_POINT('',(29.6463975238928,28.5185375425811,12.7467234960052));
#903=CARTESIAN_POINT('Origin',(21.5193850651483,31.7822621414738,14.8203122300589));
#904=CARTESIAN_POINT('',(28.9210252210506,27.1251103134214,12.0969577079663));
#905=CARTESIAN_POINT('',(40.9133367208883,50.1621263656804,22.8392947141744));
#906=CARTESIAN_POINT('',(28.9210252210506,26.7024920516807,13.0032654950029));
#907=CARTESIAN_POINT('Origin',(20.7940127623061,30.3888349123141,14.1705464420201));
#908=CARTESIAN_POINT('',(40.9133367208883,49.7395081039397,23.745602501211));
#909=CARTESIAN_POINT('Ctrl Pts',(-28.10568803641,-1.66533453693773E-14,
0.));
#910=CARTESIAN_POINT('Ctrl Pts',(-28.10568803641,-1.66533453693773E-14,
-28.10568803641));
#911=CARTESIAN_POINT('Ctrl Pts',(0.,-1.77635683940025E-14,-28.10568803641));
#912=CARTESIAN_POINT('Ctrl Pts',(28.10568803641,-1.88737914186277E-14,-28.10568803641));
#913=CARTESIAN_POINT('Ctrl Pts',(28.10568803641,-1.88737914186277E-14,0.));
#914=CARTESIAN_POINT('Ctrl Pts',(28.10568803641,-1.88737914186277E-14,28.10568803641));
#915=CARTESIAN_POINT('Ctrl Pts',(0.,-1.77635683940025E-14,28.10568803641));
#916=CARTESIAN_POINT('Ctrl Pts',(-28.10568803641,-1.66533453693773E-14,
28.10568803641));
#917=CARTESIAN_POINT('Ctrl Pts',(-28.10568803641,-1.66533453693773E-14,
0.));
#918=CARTESIAN_POINT('Ctrl Pts',(-27.1263673860649,29.2603542705491,0.));
#919=CARTESIAN_POINT('Ctrl Pts',(-27.1263673860649,29.2603542705491,-27.1263673860649));
#920=CARTESIAN_POINT('Ctrl Pts',(0.,29.2603542705491,-27.1263673860649));
#921=CARTESIAN_POINT('Ctrl Pts',(27.1263673860649,29.2603542705491,-27.1263673860649));
#922=CARTESIAN_POINT('Ctrl Pts',(27.1263673860649,29.2603542705491,0.));
#923=CARTESIAN_POINT('Ctrl Pts',(27.1263673860649,29.2603542705491,27.1263673860649));
#924=CARTESIAN_POINT('Ctrl Pts',(0.,29.2603542705491,27.1263673860649));
#925=CARTESIAN_POINT('Ctrl Pts',(-27.1263673860649,29.2603542705491,27.1263673860649));
#926=CARTESIAN_POINT('Ctrl Pts',(-27.1263673860649,29.2603542705491,0.));
#927=CARTESIAN_POINT('Ctrl Pts',(0.,30.3167164721568,0.));
#928=CARTESIAN_POINT('Ctrl Pts',(0.,30.3167164721568,0.));
#929=CARTESIAN_POINT('Ctrl Pts',(0.,30.3167164721568,0.));
#930=CARTESIAN_POINT('Ctrl Pts',(0.,30.3167164721568,0.));
#931=CARTESIAN_POINT('Ctrl Pts',(0.,30.3167164721568,0.));
#932=CARTESIAN_POINT('Ctrl Pts',(0.,30.3167164721568,0.));
#933=CARTESIAN_POINT('Ctrl Pts',(0.,30.3167164721568,0.));
#934=CARTESIAN_POINT('Ctrl Pts',(0.,30.3167164721568,0.));
#935=CARTESIAN_POINT('Ctrl Pts',(0.,30.3167164721568,0.));
#936=CARTESIAN_POINT('',(-23.920432398131,15.0126615158824,4.77949332554844E-11));
#937=CARTESIAN_POINT('Ctrl Pts',(-23.9209983500958,15.0129791359196,-2.64184752356571E-7));
#938=CARTESIAN_POINT('Ctrl Pts',(-24.0181409168559,14.8400364133708,0.181478369660611));
#939=CARTESIAN_POINT('Ctrl Pts',(-24.1100563129978,14.6689759972874,0.368142765419854));
#940=CARTESIAN_POINT('Ctrl Pts',(-24.1963805478006,14.500284592094,0.559678999510989));
#941=CARTESIAN_POINT('Ctrl Pts',(-24.248623733785,14.398193024464,0.675596193833322));
#942=CARTESIAN_POINT('Ctrl Pts',(-24.2988196356273,14.2969690435011,0.793296938425771));
#943=CARTESIAN_POINT('Ctrl Pts',(-24.3468932133427,14.1967190229818,0.912704424733579));
#944=CARTESIAN_POINT('Ctrl Pts',(-24.4255399724891,14.0327133551515,1.10805106341175));
#945=CARTESIAN_POINT('Ctrl Pts',(-24.498504612957,13.8713152278503,1.30796740155434));
#946=CARTESIAN_POINT('Ctrl Pts',(-24.5656376120724,13.7129021279801,1.51193020138005));
#947=CARTESIAN_POINT('Ctrl Pts',(-24.6332699667046,13.5533107036436,1.71741013809304));
#948=CARTESIAN_POINT('Ctrl Pts',(-24.6949834356591,13.3967491645132,1.92699657604877));
#949=CARTESIAN_POINT('Ctrl Pts',(-24.7506628792419,13.2435865782547,2.14012177019907));
#950=CARTESIAN_POINT('Ctrl Pts',(-24.8063967585054,13.0902742507431,2.35345532877062));
#951=CARTESIAN_POINT('Ctrl Pts',(-24.8560846888585,12.9403677937288,2.57033413066646));
#952=CARTESIAN_POINT('Ctrl Pts',(-24.8996509660542,12.7942163351416,2.79016229083142));
#953=CARTESIAN_POINT('Ctrl Pts',(-24.9430889303662,12.6484953268088,3.0093430056108));
#954=CARTESIAN_POINT('Ctrl Pts',(-24.9804411672815,12.5065074741297,3.23145527865552));
#955=CARTESIAN_POINT('Ctrl Pts',(-25.0116736179326,12.3685741274778,3.45588884916012));
#956=CARTESIAN_POINT('Ctrl Pts',(-25.0186218545901,12.3378883018211,3.50581825044836));
#957=CARTESIAN_POINT('Ctrl Pts',(-25.0252673730578,12.3074030374941,3.55586247605991));
#958=CARTESIAN_POINT('Ctrl Pts',(-25.0316100811549,12.2771216872487,3.60601470910195));
#959=CARTESIAN_POINT('Ctrl Pts',(-25.0601224750487,12.1409978466714,3.83146418608631));
#960=CARTESIAN_POINT('Ctrl Pts',(-25.0827121011648,12.0081395552947,4.06037844560037));
#961=CARTESIAN_POINT('Ctrl Pts',(-25.0991991822001,11.8789373025821,4.29221123612536));
#962=CARTESIAN_POINT('Ctrl Pts',(-25.1156955169431,11.7496625324915,4.52417414749386));
#963=CARTESIAN_POINT('Ctrl Pts',(-25.1260823446876,11.6240481742012,4.759058440346));
#964=CARTESIAN_POINT('Ctrl Pts',(-25.1302193991854,11.5024643789537,4.99629050990534));
#965=CARTESIAN_POINT('Ctrl Pts',(-25.1343395152357,11.3813783873307,5.23255127416983));
#966=CARTESIAN_POINT('Ctrl Pts',(-25.132260864142,11.2642902642784,5.47114017938909));
#967=CARTESIAN_POINT('Ctrl Pts',(-25.1238856423928,11.1515410173554,5.71147101907504));
#968=CARTESIAN_POINT('Ctrl Pts',(-25.1180486493249,11.0729620146252,5.87896621947097));
#969=CARTESIAN_POINT('Ctrl Pts',(-25.1091541346783,10.9964899805805,6.04730709771733));
#970=CARTESIAN_POINT('Ctrl Pts',(-25.0971810185834,10.9222322923126,6.21629130724398));
#971=CARTESIAN_POINT('Ctrl Pts',(-25.07996765872,10.8154744273886,6.45923441301164));
#972=CARTESIAN_POINT('Ctrl Pts',(-25.0563894113453,10.713294773371,6.70350724994549));
#973=CARTESIAN_POINT('Ctrl Pts',(-25.0266117683225,10.6158450645987,6.94846784751979));
#974=CARTESIAN_POINT('Ctrl Pts',(-24.9964487796146,10.5171342813762,7.19659842430487));
#975=CARTESIAN_POINT('Ctrl Pts',(-24.959924976136,10.4232768104305,7.44543417136673));
#976=CARTESIAN_POINT('Ctrl Pts',(-24.9172547548394,10.3343966143986,7.69430679452876));
#977=CARTESIAN_POINT('Ctrl Pts',(-24.8745845335428,10.2455164183667,7.94317941769079));
#978=CARTESIAN_POINT('Ctrl Pts',(-24.8257680668348,10.1616135724051,8.19208840655214));
#979=CARTESIAN_POINT('Ctrl Pts',(-24.7710599182413,10.0827768748045,8.44037207237878));
#980=CARTESIAN_POINT('Ctrl Pts',(-24.7118746851242,9.99748851382668,8.70897422797883));
#981=CARTESIAN_POINT('Ctrl Pts',(-24.6454932859487,9.91769622645448,8.97820926327988));
#982=CARTESIAN_POINT('Ctrl Pts',(-24.5720569985978,9.84364105451287,9.24729250373886));
#983=CARTESIAN_POINT('Ctrl Pts',(-24.5016549349004,9.77264567715625,9.50525782467264));
#984=CARTESIAN_POINT('Ctrl Pts',(-24.424769350936,9.70692301974711,9.76308304646748));
#985=CARTESIAN_POINT('Ctrl Pts',(-24.3415678008826,9.64665374141113,10.0200702416998));
#986=CARTESIAN_POINT('Ctrl Pts',(-24.2583739489573,9.58639003942111,10.2770336594862));
#987=CARTESIAN_POINT('Ctrl Pts',(-24.1688654227401,9.53157882018343,10.5331586909902));
#988=CARTESIAN_POINT('Ctrl Pts',(-24.0732501117245,9.48236787683371,10.7877489657082));
#989=CARTESIAN_POINT('Ctrl Pts',(-23.97808574361,9.43338902314964,11.0411385365234));
#990=CARTESIAN_POINT('Ctrl Pts',(-23.8768722175288,9.38995782257626,11.293007292625));
#991=CARTESIAN_POINT('Ctrl Pts',(-23.7698523293877,9.35218609882159,11.5426776076829));
#992=CARTESIAN_POINT('Ctrl Pts',(-23.755421262516,9.34709278130062,11.5763443314577));
#993=CARTESIAN_POINT('Ctrl Pts',(-23.7408846723962,9.34210231896946,11.6099711006876));
#994=CARTESIAN_POINT('Ctrl Pts',(-23.726243204792,9.33721493741989,11.6435562740947));
#995=CARTESIAN_POINT('Ctrl Pts',(-23.671672403745,9.31899898165694,11.7687329207039));
#996=CARTESIAN_POINT('Ctrl Pts',(-23.6155690498027,9.3021576195936,11.8935291497605));
#997=CARTESIAN_POINT('Ctrl Pts',(-23.5579577562273,9.28671598611529,12.0178476612731));
#998=CARTESIAN_POINT('Ctrl Pts',(-23.452332696027,9.25840515737817,12.2457743306396));
#999=CARTESIAN_POINT('Ctrl Pts',(-23.3416366188966,9.23480142311123,12.4720945453815));
#1000=CARTESIAN_POINT('Ctrl Pts',(-23.2261407601831,9.21593366545965,12.696316135947));
#1001=CARTESIAN_POINT('Ctrl Pts',(-23.1098917950379,9.19694287803197,12.921999793844));
#1002=CARTESIAN_POINT('Ctrl Pts',(-22.988780432984,9.18275005156516,13.1455570028179));
#1003=CARTESIAN_POINT('Ctrl Pts',(-22.8631206217018,9.17334948987286,13.3664984324897));
#1004=CARTESIAN_POINT('Ctrl Pts',(-22.7966205002832,9.16837464160943,13.4834223061583));
#1005=CARTESIAN_POINT('Ctrl Pts',(-22.7288471468888,9.16474132706952,13.5996138466819));
#1006=CARTESIAN_POINT('Ctrl Pts',(-22.6598510037123,9.16244473851339,13.7150024736129));
#1007=CARTESIAN_POINT('Ctrl Pts',(-22.5267827280343,9.15801546080254,13.937544849341));
#1008=CARTESIAN_POINT('Ctrl Pts',(-22.3888570038089,9.15856138599962,14.1576061457931));
#1009=CARTESIAN_POINT('Ctrl Pts',(-22.2463905896607,9.16407730523743,14.374675934642));
#1010=CARTESIAN_POINT('Ctrl Pts',(-22.1036398630748,9.16960423229385,14.5921789178066));
#1011=CARTESIAN_POINT('Ctrl Pts',(-21.9563305409516,9.1801209940513,14.8066780702901));
#1012=CARTESIAN_POINT('Ctrl Pts',(-21.8048143897671,9.19558707963298,15.0176798226375));
#1013=CARTESIAN_POINT('Ctrl Pts',(-21.6715447679604,9.20919064176276,15.203271414795));
#1014=CARTESIAN_POINT('Ctrl Pts',(-21.5350211283508,9.22662271541765,15.3861573803049));
#1015=CARTESIAN_POINT('Ctrl Pts',(-21.3955017071854,9.24783345474989,15.5660179599831));
#1016=CARTESIAN_POINT('Ctrl Pts',(-21.2352756393308,9.27219216646981,15.7725723823223));
#1017=CARTESIAN_POINT('Ctrl Pts',(-21.0706903411672,9.30157058961681,15.9756767515493));
#1018=CARTESIAN_POINT('Ctrl Pts',(-20.9020916921546,9.33594505853372,16.1748213739999));
#1019=CARTESIAN_POINT('Ctrl Pts',(-20.73404220425,9.3702075626066,16.3733173407098));
#1020=CARTESIAN_POINT('Ctrl Pts',(-20.5620057222207,9.40943358104388,16.5678789553053));
#1021=CARTESIAN_POINT('Ctrl Pts',(-20.3863542255102,9.45356524087993,16.7580262444513));
#1022=CARTESIAN_POINT('Ctrl Pts',(-20.27585039862,9.48132883749155,16.8776494957013));
#1023=CARTESIAN_POINT('Ctrl Pts',(-20.1639164053964,9.51103329094926,16.9955261692794));
#1024=CARTESIAN_POINT('Ctrl Pts',(-20.0506501777613,9.54265728124983,17.1115427674371));
#1025=CARTESIAN_POINT('Ctrl Pts',(-19.868950429015,9.59338794662068,17.2976546136228));
#1026=CARTESIAN_POINT('Ctrl Pts',(-19.6838214579833,9.64905992553818,17.4789778418397));
#1027=CARTESIAN_POINT('Ctrl Pts',(-19.4958178159513,9.70945014088092,17.6551384515278));
#1028=CARTESIAN_POINT('Ctrl Pts',(-19.4604362503707,9.72081534817945,17.6882912037672));
#1029=CARTESIAN_POINT('Ctrl Pts',(-19.4249529239151,9.73234757376529,17.7212612114854));
#1030=CARTESIAN_POINT('Ctrl Pts',(-19.3893716032238,9.74404520552008,17.7540461295108));
#1031=CARTESIAN_POINT('Ctrl Pts',(-19.1861266852713,9.81086352929361,17.9413176485182));
#1032=CARTESIAN_POINT('Ctrl Pts',(-18.9787022394662,9.8834138897287,18.1234454174555));
#1033=CARTESIAN_POINT('Ctrl Pts',(-18.7676500103612,9.96152880031739,18.2999177838552));
#1034=CARTESIAN_POINT('Ctrl Pts',(-18.5547980995923,10.0403098112967,18.4778949629892));
#1035=CARTESIAN_POINT('Ctrl Pts',(-18.3382566715498,10.1247505619279,18.6501195255882));
#1036=CARTESIAN_POINT('Ctrl Pts',(-18.1186183417081,10.2146442996685,18.8160965437167));
#1037=CARTESIAN_POINT('Ctrl Pts',(-17.889620422261,10.3083687371507,18.9891464474146));
#1038=CARTESIAN_POINT('Ctrl Pts',(-17.6572564016467,10.4080208582831,19.155404370106));
#1039=CARTESIAN_POINT('Ctrl Pts',(-17.4222210490665,10.5133287314169,19.3143496274945));
#1040=CARTESIAN_POINT('Ctrl Pts',(-17.1960831804677,10.6146500761242,19.4672778629073));
#1041=CARTESIAN_POINT('Ctrl Pts',(-16.9674729814602,10.7212066689673,19.6134365562666));
#1042=CARTESIAN_POINT('Ctrl Pts',(-16.7370227433222,10.8327256247233,19.7524026165029));
#1043=CARTESIAN_POINT('Ctrl Pts',(-16.507796616862,10.9436522111368,19.8906305131404));
#1044=CARTESIAN_POINT('Ctrl Pts',(-16.2767504051034,11.0594883664167,20.0217417422597));
#1045=CARTESIAN_POINT('Ctrl Pts',(-16.0445124809425,11.1799388562688,20.145363451218));
#1046=CARTESIAN_POINT('Ctrl Pts',(-15.8149022738863,11.2990264773577,20.2675864098201));
#1047=CARTESIAN_POINT('Ctrl Pts',(-15.5841275944888,11.4226243729234,20.3824882069105));
#1048=CARTESIAN_POINT('Ctrl Pts',(-15.3527951558564,11.5504244245397,20.4897541423056));
#1049=CARTESIAN_POINT('Ctrl Pts',(-15.3198831567008,11.5686067219112,20.5050150213939));
#1050=CARTESIAN_POINT('Ctrl Pts',(-15.2869598607734,11.5868740410717,20.5201214203815));
#1051=CARTESIAN_POINT('Ctrl Pts',(-15.2540270066598,11.6052254608489,20.5350725121476));
#1052=CARTESIAN_POINT('Ctrl Pts',(-15.1517714831056,11.6622060684455,20.5814952033292));
#1053=CARTESIAN_POINT('Ctrl Pts',(-15.0494238342455,11.7199975223118,20.6264204816315));
#1054=CARTESIAN_POINT('Ctrl Pts',(-14.9470340622657,11.778563474285,20.6698474886614));
#1055=CARTESIAN_POINT('Ctrl Pts',(-14.729254243444,11.9031314087889,20.7622153642808));
#1056=CARTESIAN_POINT('Ctrl Pts',(-14.510368636276,12.031673430278,20.8482185772712));
#1057=CARTESIAN_POINT('Ctrl Pts',(-14.2908981197692,12.1639336934683,20.9276670375667));
#1058=CARTESIAN_POINT('Ctrl Pts',(-14.0692197232431,12.2975244988976,21.0079147517705));
#1059=CARTESIAN_POINT('Ctrl Pts',(-13.8469449295639,12.4349085884377,21.0814749820033));
#1060=CARTESIAN_POINT('Ctrl Pts',(-13.6246245652776,12.5757921273441,21.1481932271642));
#1061=CARTESIAN_POINT('Ctrl Pts',(-13.4014585933349,12.7172115244906,21.215165238817));
#1062=CARTESIAN_POINT('Ctrl Pts',(-13.1782470862138,12.8621568465258,21.2752429765644));
#1063=CARTESIAN_POINT('Ctrl Pts',(-12.9555558013526,13.0103032480027,21.328314077457));
#1064=CARTESIAN_POINT('Ctrl Pts',(-12.7323926214334,13.1587635798373,21.3814976389259));
#1065=CARTESIAN_POINT('Ctrl Pts',(-12.5097522738456,13.3104383539079,21.4276447132883));
#1066=CARTESIAN_POINT('Ctrl Pts',(-12.2882068418241,13.4649760733148,21.4666882180699));
#1067=CARTESIAN_POINT('Ctrl Pts',(-12.228596420625,13.506556973724,21.4771935114713));
#1068=CARTESIAN_POINT('Ctrl Pts',(-12.1690652638396,13.5483450149902,21.4871847925409));
#1069=CARTESIAN_POINT('Ctrl Pts',(-12.1096244900793,13.5903330793214,21.4966613388157));
#1070=CARTESIAN_POINT('Ctrl Pts',(-11.8866153449832,13.7478633693628,21.5322153255746));
#1071=CARTESIAN_POINT('Ctrl Pts',(-11.6641302661568,13.9086749422287,21.5606765003361));
#1072=CARTESIAN_POINT('Ctrl Pts',(-11.4427339745001,14.0724110407869,21.5819334378579));
#1073=CARTESIAN_POINT('Ctrl Pts',(-11.2214589363966,14.2360574649264,21.6031787334539));
#1074=CARTESIAN_POINT('Ctrl Pts',(-11.001271908773,14.4026249450735,21.6172276395057));
#1075=CARTESIAN_POINT('Ctrl Pts',(-10.7827307999611,14.571737186205,21.6240164400744));
#1076=CARTESIAN_POINT('Ctrl Pts',(-10.5689971306517,14.7371293177754,21.6306559014721));
#1077=CARTESIAN_POINT('Ctrl Pts',(-10.3568381037404,14.904955176802,21.6303512951021));
#1078=CARTESIAN_POINT('Ctrl Pts',(-10.1467644500977,15.0748478424842,21.6230875111073));
#1079=CARTESIAN_POINT('',(-28.10568803641,-1.33226762955019E-14,0.));
#1080=CARTESIAN_POINT('Origin',(0.,0.,0.));
#1081=CARTESIAN_POINT('Origin',(0.,-1.33226762955019E-14,0.));
#1082=CARTESIAN_POINT('Ctrl Pts',(-17.1629137341959,22.9049895235946,-4.16894361107008));
#1083=CARTESIAN_POINT('Ctrl Pts',(-18.7585820877101,21.5056355753666,-4.12288902173508));
#1084=CARTESIAN_POINT('Ctrl Pts',(-21.4432099682765,18.7622867927672,-3.27611357552097));
#1085=CARTESIAN_POINT('Ctrl Pts',(-23.3100223519949,16.1006889889098,-1.14118790943452));
#1086=CARTESIAN_POINT('Ctrl Pts',(-23.9214476209143,15.0121780279423,-0.000969419002014998));
#1087=CARTESIAN_POINT('',(0.,30.3167164721568,0.));
#1088=CARTESIAN_POINT('Origin',(0.,0.,0.));
#1089=CARTESIAN_POINT('Ctrl Pts',(-10.1467644500977,15.0748478424842,21.6230875111073));
#1090=CARTESIAN_POINT('Ctrl Pts',(-11.7880305010433,13.7475083134484,21.679838092941));
#1091=CARTESIAN_POINT('Ctrl Pts',(-15.3038762139864,11.3620999476026,20.9434819736179));
#1092=CARTESIAN_POINT('Ctrl Pts',(-20.2763506274002,9.23290243904166,17.3952358103144));
#1093=CARTESIAN_POINT('Ctrl Pts',(-23.8947935450434,8.96083828252402,12.1453627696688));
#1094=CARTESIAN_POINT('Ctrl Pts',(-25.494393999106,10.6378334533193,6.13066584298679));
#1095=CARTESIAN_POINT('Ctrl Pts',(-24.7107165700329,14.0212216580742,0.629721701847995));
#1096=CARTESIAN_POINT('Ctrl Pts',(-21.747776268021,18.4510587102187,-3.18004839410985));
#1097=CARTESIAN_POINT('Ctrl Pts',(-18.7585820877101,21.5056355753666,-4.12288902173508));
#1098=CARTESIAN_POINT('Ctrl Pts',(-17.1629137341959,22.9049895235946,-4.16894361107008));
#1099=CARTESIAN_POINT('Ctrl Pts',(-10.9488554847542,16.0694003669499,20.6271011698433));
#1100=CARTESIAN_POINT('Ctrl Pts',(-12.4114590548147,14.8468582656904,20.6933734404423));
#1101=CARTESIAN_POINT('Ctrl Pts',(-15.5671795561475,12.6291718241638,20.0576951275882));
#1102=CARTESIAN_POINT('Ctrl Pts',(-20.084693824138,10.6011126396418,16.8650378713616));
#1103=CARTESIAN_POINT('Ctrl Pts',(-23.4093473427911,10.2808736887261,12.083205819919));
#1104=CARTESIAN_POINT('Ctrl Pts',(-24.8989969979198,11.7850959492014,6.57418848898086));
#1105=CARTESIAN_POINT('Ctrl Pts',(-24.1906028375227,14.9058579634463,1.5443965757272));
#1106=CARTESIAN_POINT('Ctrl Pts',(-21.4689736376914,19.0145799658845,-1.88239468117096));
#1107=CARTESIAN_POINT('Ctrl Pts',(-18.7383301977678,21.8340500341035,-2.66246567283665));
#1108=CARTESIAN_POINT('Ctrl Pts',(-17.2911093754686,23.1154303938511,-2.66021379472691));
#1109=CARTESIAN_POINT('Ctrl Pts',(-12.6782528426269,18.2425913235301,19.5885734123108));
#1110=CARTESIAN_POINT('Ctrl Pts',(-13.8695212377733,17.1489118445553,19.6418241927915));
#1111=CARTESIAN_POINT('Ctrl Pts',(-16.4688965534702,15.1379044278092,19.1045452480449));
#1112=CARTESIAN_POINT('Ctrl Pts',(-20.2647143128465,13.2103060879861,16.3708501802621));
#1113=CARTESIAN_POINT('Ctrl Pts',(-23.1043058511055,12.7810149332306,12.245731300832));
#1114=CARTESIAN_POINT('Ctrl Pts',(-24.4023634067043,14.0024895743438,7.47923590541631));
#1115=CARTESIAN_POINT('Ctrl Pts',(-23.8201078682175,16.7253330294473,3.16001824862497));
#1116=CARTESIAN_POINT('Ctrl Pts',(-21.5187997236893,20.3905919303978,0.311432334434919));
#1117=CARTESIAN_POINT('Ctrl Pts',(-19.2301282072332,22.9187696383399,-0.224764999967175));
#1118=CARTESIAN_POINT('Ctrl Pts',(-18.0304827842098,24.0666720988308,-0.149683874370033));
#1119=CARTESIAN_POINT('Ctrl Pts',(-14.443937360782,20.502040690235,20.0924502144242));
#1120=CARTESIAN_POINT('Ctrl Pts',(-15.5344805366835,19.4295210589842,20.0771153693877));
#1121=CARTESIAN_POINT('Ctrl Pts',(-17.8983604852778,17.4621747517316,19.4445899893168));
#1122=CARTESIAN_POINT('Ctrl Pts',(-21.3018907576758,15.5525932666065,16.7494505997814));
#1123=CARTESIAN_POINT('Ctrl Pts',(-23.8171203597291,15.0569990928539,12.8402303068973));
#1124=CARTESIAN_POINT('Ctrl Pts',(-24.9599483915329,16.1196143730291,8.4175835849928));
#1125=CARTESIAN_POINT('Ctrl Pts',(-24.469381950834,18.6316322600367,4.46076881488772));
#1126=CARTESIAN_POINT('Ctrl Pts',(-22.4985127679029,22.1183037728828,1.86497894893402));
#1127=CARTESIAN_POINT('Ctrl Pts',(-20.5150356646565,24.6119943257111,1.37435479005712));
#1128=CARTESIAN_POINT('Ctrl Pts',(-19.4627957288217,25.7708924236339,1.44640266502027));
#1129=CARTESIAN_POINT('Ctrl Pts',(-15.1292586169679,21.386248789868,20.5665569331494));
#1130=CARTESIAN_POINT('Ctrl Pts',(-16.215410442819,20.3057285632733,20.5154173968457));
#1131=CARTESIAN_POINT('Ctrl Pts',(-18.5511384294463,18.3329801357704,19.8126705338698));
#1132=CARTESIAN_POINT('Ctrl Pts',(-21.8666597026091,16.4255430744131,17.0570185757925));
#1133=CARTESIAN_POINT('Ctrl Pts',(-24.2857243950694,15.9193388661599,13.1545538067385));
#1134=CARTESIAN_POINT('Ctrl Pts',(-25.3743757483005,16.9455550642314,8.79761078732758));
#1135=CARTESIAN_POINT('Ctrl Pts',(-24.9140197167987,19.4066080572628,4.92185665771084));
#1136=CARTESIAN_POINT('Ctrl Pts',(-23.0557275369213,22.8652049015015,2.36258350514969));
#1137=CARTESIAN_POINT('Ctrl Pts',(-21.1628821876319,25.3852554540509,1.84797871422609));
#1138=CARTESIAN_POINT('Ctrl Pts',(-20.1463335957615,26.5711814943259,1.90122958773327));
#1139=CARTESIAN_POINT('',(-25.1475838832392,17.5113261652836,8.16566543034259));
#1140=CARTESIAN_POINT('Ctrl Pts',(-15.1292586169679,21.386248789868,20.5665569331494));
#1141=CARTESIAN_POINT('Ctrl Pts',(-15.2845310455597,21.2317814348144,20.5592462056711));
#1142=CARTESIAN_POINT('Ctrl Pts',(-15.4416147873366,21.0790931259118,20.545786936775));
#1143=CARTESIAN_POINT('Ctrl Pts',(-15.6000295677106,20.9285779738457,20.52622614858));
#1144=CARTESIAN_POINT('Ctrl Pts',(-15.7587831085925,20.7777409541532,20.5066235308124));
#1145=CARTESIAN_POINT('Ctrl Pts',(-15.9188729543526,20.629086714438,20.4808933186991));
#1146=CARTESIAN_POINT('Ctrl Pts',(-16.0798053647199,20.4829945357985,20.4491310207722));
#1147=CARTESIAN_POINT('Ctrl Pts',(-16.1961786639693,20.3773524915141,20.4261630965793));
#1148=CARTESIAN_POINT('Ctrl Pts',(-16.3129923039945,20.2730498045847,20.400041995983));
#1149=CARTESIAN_POINT('Ctrl Pts',(-16.4300581691951,20.1702228357177,20.370819222355));
#1150=CARTESIAN_POINT('Ctrl Pts',(-16.5896980859007,20.0300001609279,20.3309688258293));
#1151=CARTESIAN_POINT('Ctrl Pts',(-16.7503679031292,19.8920345364144,20.2852104382062));
#1152=CARTESIAN_POINT('Ctrl Pts',(-16.9115909870162,19.7567138697386,20.2335939778912));
#1153=CARTESIAN_POINT('Ctrl Pts',(-17.0724138434135,19.6217291292181,20.1821056526164));
#1154=CARTESIAN_POINT('Ctrl Pts',(-17.2337867939293,19.4893765347003,20.1247883739856));
#1155=CARTESIAN_POINT('Ctrl Pts',(-17.3952304682012,19.3600210568117,20.0617389176578));
#1156=CARTESIAN_POINT('Ctrl Pts',(-17.5552315495371,19.2318214451995,19.9992528448179));
#1157=CARTESIAN_POINT('Ctrl Pts',(-17.71530168293,19.1065658863685,19.9311367094028));
#1158=CARTESIAN_POINT('Ctrl Pts',(-17.8749743415373,18.9845857779057,19.8575295720723));
#1159=CARTESIAN_POINT('Ctrl Pts',(-18.0222589898384,18.872069348785,19.7896331555616));
#1160=CARTESIAN_POINT('Ctrl Pts',(-18.1692052048098,18.7623397581632,19.7170652309401));
#1161=CARTESIAN_POINT('Ctrl Pts',(-18.3154514247338,18.6556360000864,19.6399678411561));
#1162=CARTESIAN_POINT('Ctrl Pts',(-18.3835833077637,18.6059258060867,19.604050397646));
#1163=CARTESIAN_POINT('Ctrl Pts',(-18.4516952231832,18.5567735100542,19.5670796492821));
#1164=CARTESIAN_POINT('Ctrl Pts',(-18.5197531880501,18.5082068014178,19.529058566953));
#1165=CARTESIAN_POINT('Ctrl Pts',(-18.6889614064253,18.3874584620162,19.4345291520025));
#1166=CARTESIAN_POINT('Ctrl Pts',(-18.8578362933604,18.2703314801421,19.3335038161965));
#1167=CARTESIAN_POINT('Ctrl Pts',(-19.0258361393261,18.1571611274993,19.2263113480266));
#1168=CARTESIAN_POINT('Ctrl Pts',(-19.195509370488,18.042863526247,19.1180511747743));
#1169=CARTESIAN_POINT('Ctrl Pts',(-19.3642895841852,17.9326020457618,19.0035006596247));
#1170=CARTESIAN_POINT('Ctrl Pts',(-19.5316198684439,17.8266966944172,18.8830452067201));
#1171=CARTESIAN_POINT('Ctrl Pts',(-19.6999060494077,17.7201863445401,18.7619016358752));
#1172=CARTESIAN_POINT('Ctrl Pts',(-19.8667252051417,17.6180823026415,18.6347857925034));
#1173=CARTESIAN_POINT('Ctrl Pts',(-20.031519097881,17.5206804490627,18.502132256555));
#1174=CARTESIAN_POINT('Ctrl Pts',(-20.195866709886,17.4235423708582,18.3698379615737));
#1175=CARTESIAN_POINT('Ctrl Pts',(-20.358199548746,17.3310812621677,18.2320363180085));
#1176=CARTESIAN_POINT('Ctrl Pts',(-20.5179791996716,17.2435576533651,18.0891951111624));
#1177=CARTESIAN_POINT('Ctrl Pts',(-20.6759335605841,17.1570338963466,17.9479856930127));
#1178=CARTESIAN_POINT('Ctrl Pts',(-20.8313923327461,17.075335615366,17.8018516180659));
#1179=CARTESIAN_POINT('Ctrl Pts',(-20.983856713912,16.998679693288,17.6512746402706));
#1180=CARTESIAN_POINT('Ctrl Pts',(-21.0824801336462,16.9490938876041,17.5538721101199));
#1181=CARTESIAN_POINT('Ctrl Pts',(-21.1798510581473,16.9016172472573,17.4546111211984));
#1182=CARTESIAN_POINT('Ctrl Pts',(-21.2758405045968,16.8563001596849,17.3536275959112));
#1183=CARTESIAN_POINT('Ctrl Pts',(-21.4133637269539,16.7913747731834,17.2089494014204));
#1184=CARTESIAN_POINT('Ctrl Pts',(-21.5487213622969,16.7305677583421,17.0600282757949));
#1185=CARTESIAN_POINT('Ctrl Pts',(-21.6814283107403,16.674141958739,16.9072197185811));
#1186=CARTESIAN_POINT('Ctrl Pts',(-21.6933749899209,16.6690623383176,16.8934634320377));
#1187=CARTESIAN_POINT('Ctrl Pts',(-21.70530019834,16.6640182015649,16.8796756658299));
#1188=CARTESIAN_POINT('Ctrl Pts',(-21.7172035888362,16.6590097268076,16.8658566936866));
#1189=CARTESIAN_POINT('Ctrl Pts',(-21.8480986069823,16.6039342930946,16.7138970809994));
#1190=CARTESIAN_POINT('Ctrl Pts',(-21.9763535438763,16.5531741168,16.5581613869869));
#1191=CARTESIAN_POINT('Ctrl Pts',(-22.1016358606876,16.5068536040847,16.3990900468591));
#1192=CARTESIAN_POINT('Ctrl Pts',(-22.2272767451882,16.4604005184761,16.2395634322414));
#1193=CARTESIAN_POINT('Ctrl Pts',(-22.3499276987874,16.418412643326,16.0766824489688));
#1194=CARTESIAN_POINT('Ctrl Pts',(-22.4692778484186,16.3809787728235,15.9109194386015));
#1195=CARTESIAN_POINT('Ctrl Pts',(-22.5185906965528,16.3655119235831,15.8424298206013));
#1196=CARTESIAN_POINT('Ctrl Pts',(-22.5673403566131,16.3508220756546,15.773448491176));
#1197=CARTESIAN_POINT('Ctrl Pts',(-22.615506282992,16.3369136150196,15.7040099140744));
#1198=CARTESIAN_POINT('Ctrl Pts',(-22.731006473288,16.3035616176465,15.5374986586688));
#1199=CARTESIAN_POINT('Ctrl Pts',(-22.8434735998031,16.2746192988059,15.3678956400921));
#1200=CARTESIAN_POINT('Ctrl Pts',(-22.9525862398715,16.2501999797015,15.1956543582004));
#1201=CARTESIAN_POINT('Ctrl Pts',(-23.0614268210882,16.2258415471444,15.0238425386087));
#1202=CARTESIAN_POINT('Ctrl Pts',(-23.1669293752089,16.2059836549643,14.8494060076456));
#1203=CARTESIAN_POINT('Ctrl Pts',(-23.2688021761565,16.1907013452089,14.672817865296));
#1204=CARTESIAN_POINT('Ctrl Pts',(-23.3345521858498,16.1808379468807,14.5588456179129));
#1205=CARTESIAN_POINT('Ctrl Pts',(-23.3987907573646,16.1728797808706,14.4439775498317));
#1206=CARTESIAN_POINT('Ctrl Pts',(-23.4614462442924,16.1668385233623,14.3283447324796));
#1207=CARTESIAN_POINT('Ctrl Pts',(-23.5562304706007,16.157699404876,14.1534172414335));
#1208=CARTESIAN_POINT('Ctrl Pts',(-23.647620445749,16.1529268587477,13.9763138952748));
#1209=CARTESIAN_POINT('Ctrl Pts',(-23.7353299103749,16.1525911303016,13.7974896179833));
#1210=CARTESIAN_POINT('Ctrl Pts',(-23.8223949134778,16.1522578686825,13.619979285163));
#1211=CARTESIAN_POINT('Ctrl Pts',(-23.9058330922476,16.1562964902659,13.4407736235353));
#1212=CARTESIAN_POINT('Ctrl Pts',(-23.9853958551094,16.1647379448229,13.2603324095187));
#1213=CARTESIAN_POINT('Ctrl Pts',(-24.012020528579,16.1675627709489,13.1999500367749));
#1214=CARTESIAN_POINT('Ctrl Pts',(-24.0382114995458,16.1708803194242,13.1394294009259));
#1215=CARTESIAN_POINT('Ctrl Pts',(-24.0639603050407,16.1746907889951,13.0787879845255));
#1216=CARTESIAN_POINT('Ctrl Pts',(-24.102669916957,16.1804192799085,12.9876223692749));
#1217=CARTESIAN_POINT('Ctrl Pts',(-24.1403800977515,16.1872619185875,12.8961837775193));
#1218=CARTESIAN_POINT('Ctrl Pts',(-24.1770743904045,16.1952062829433,12.8045436917246));
#1219=CARTESIAN_POINT('Ctrl Pts',(-24.2567410942776,16.2124542328785,12.6055845880036));
#1220=CARTESIAN_POINT('Ctrl Pts',(-24.3318959710566,16.2349686616072,12.405000336447));
#1221=CARTESIAN_POINT('Ctrl Pts',(-24.4023393064211,16.2627154434291,12.2034330215292));
#1222=CARTESIAN_POINT('Ctrl Pts',(-24.4728466647297,16.290487443118,12.0016825106728));
#1223=CARTESIAN_POINT('Ctrl Pts',(-24.5386337652896,16.3235012659351,11.7989477086554));
#1224=CARTESIAN_POINT('Ctrl Pts',(-24.5995343062504,16.3616840662596,11.5958817953571));
#1225=CARTESIAN_POINT('Ctrl Pts',(-24.6601125012241,16.3996647653834,11.3938907080161));
#1226=CARTESIAN_POINT('Ctrl Pts',(-24.7158556287756,16.4427597732537,11.1915725606719));
#1227=CARTESIAN_POINT('Ctrl Pts',(-24.7666353992844,16.4908603018707,10.9895711022126));
#1228=CARTESIAN_POINT('Ctrl Pts',(-24.8097749360236,16.5317237106781,10.8179624231805));
#1229=CARTESIAN_POINT('Ctrl Pts',(-24.8493328648886,16.5761990659023,10.6465825001867));
#1230=CARTESIAN_POINT('Ctrl Pts',(-24.8852515569772,16.6241992323013,10.4758220732341));
#1231=CARTESIAN_POINT('Ctrl Pts',(-24.9256690760503,16.6782114339748,10.2836738514602));
#1232=CARTESIAN_POINT('Ctrl Pts',(-24.9616716759466,16.7369402135333,10.0913221692707));
#1233=CARTESIAN_POINT('Ctrl Pts',(-24.9930597466663,16.8003522000371,9.89936985802941));
#1234=CARTESIAN_POINT('Ctrl Pts',(-25.0242670100179,16.8633989090926,9.70852326597991));
#1235=CARTESIAN_POINT('Ctrl Pts',(-25.0509126406461,16.9310749595978,9.51807199256958));
#1236=CARTESIAN_POINT('Ctrl Pts',(-25.0728354737288,17.003310275515,9.32861162293793));
#1237=CARTESIAN_POINT('Ctrl Pts',(-25.0903082263922,17.0608826615214,9.17760950721616));
#1238=CARTESIAN_POINT('Ctrl Pts',(-25.1047815780504,17.1213504908729,9.02723700215243));
#1239=CARTESIAN_POINT('Ctrl Pts',(-25.1161907224042,17.1846616109077,8.87779364209658));
#1240=CARTESIAN_POINT('Ctrl Pts',(-25.1304180037295,17.2636110121798,8.69143674627769));
#1241=CARTESIAN_POINT('Ctrl Pts',(-25.1398792263747,17.3469827412515,8.50652539475163));
#1242=CARTESIAN_POINT('Ctrl Pts',(-25.1446368121891,17.4345024502175,8.32358825718021));
#1243=CARTESIAN_POINT('Ctrl Pts',(-25.1460102119541,17.4597672699004,8.27077873748857));
#1244=CARTESIAN_POINT('Ctrl Pts',(-25.146991877508,17.4853775431909,8.21813364133084));
#1245=CARTESIAN_POINT('Ctrl Pts',(-25.1475838832392,17.5113261652836,8.16566543034259));
#1246=CARTESIAN_POINT('Ctrl Pts',(-25.1475981424869,17.5113533606495,8.16567862019545));
#1247=CARTESIAN_POINT('Ctrl Pts',(-25.1600914816857,18.0580713530876,7.06031355416741));
#1248=CARTESIAN_POINT('Ctrl Pts',(-24.8056372740897,19.6083261607899,4.77259042345684));
#1249=CARTESIAN_POINT('Ctrl Pts',(-23.0557275369213,22.8652049015015,2.36258350514969));
#1250=CARTESIAN_POINT('Ctrl Pts',(-21.1628821876319,25.3852554540509,1.84797871422609));
#1251=CARTESIAN_POINT('Ctrl Pts',(-20.1463335957615,26.5711814943259,1.90122958773327));
#1252=CARTESIAN_POINT('Origin',(-17.6377505461042,24.3257116069558,11.3432656123934));
#1253=CARTESIAN_POINT('',(-28.6373925567232,24.2153797253773,11.2918170110747));
#1254=CARTESIAN_POINT('',(-26.6817319363154,20.4585906271526,9.53999748449931));
#1255=CARTESIAN_POINT('Origin',(-19.593411166512,28.0825007051805,13.0950851389688));
#1256=CARTESIAN_POINT('Origin',(26.310841410335,28.0298911146341,13.0705528840046));
#1257=CARTESIAN_POINT('',(26.310841410335,28.2412002455045,12.6173989904863));
#1258=CARTESIAN_POINT('',(26.310841410335,28.2412002455045,12.6173989904863));
#1259=CARTESIAN_POINT('',(26.310841410335,27.8185819837638,13.523706777523));
#1260=CARTESIAN_POINT('',(26.310841410335,28.0298911146341,13.0705528840046));
#1261=CARTESIAN_POINT('',(26.310841410335,27.8185819837638,13.523706777523));
#1262=CARTESIAN_POINT('Origin',(27.9849048633367,27.9545630562721,13.5871157929977));
#1263=CARTESIAN_POINT('',(27.0362137131771,29.2120092129235,14.1734725655618));
#1264=CARTESIAN_POINT('',(27.0362137131771,29.2120092129235,14.1734725655618));
#1265=CARTESIAN_POINT('',(29.6589683163384,28.0905441287805,13.6505248084725));
#1266=CARTESIAN_POINT('Origin',(27.9849048633367,28.3771813180129,12.6808080059611));
#1267=CARTESIAN_POINT('',(27.0362137131771,29.6346274746642,13.2671647785252));
#1268=CARTESIAN_POINT('',(29.6589683163384,28.5131623905212,12.7442170214359));
#1269=CARTESIAN_POINT('',(27.0362137131771,29.6346274746642,13.2671647785252));
#1270=CARTESIAN_POINT('Origin',(29.6589683163384,28.3018532596509,13.1973709149542));
#1271=CARTESIAN_POINT('',(27.0362137131771,29.4233183437938,13.7203186720435));
#1272=CARTESIAN_POINT('Origin',(27.0362137131771,29.4233183437938,13.7203186720435));
#1273=CARTESIAN_POINT('Origin',(14.1988620349979,34.7120263101212,16.1864836984873));
#1274=CARTESIAN_POINT('',(14.6255516249051,35.3203802552271,17.0218527614403));
#1275=CARTESIAN_POINT('Origin',(14.1988620349979,34.5007171792508,16.6396375920056));
#1276=CARTESIAN_POINT('',(14.6255516249051,35.7429985169678,16.1155449744036));
#1277=CARTESIAN_POINT('',(14.6255516249051,35.5316893860975,16.5686988679219));
#1278=CARTESIAN_POINT('Origin',(14.1988620349979,34.9233354409915,15.733329804969));
#1279=CARTESIAN_POINT('Origin',(15.7776135176544,37.7447796912335,17.6006798253954));
#1280=CARTESIAN_POINT('',(15.3509239277472,37.1364257461275,16.7653107624425));
#1281=CARTESIAN_POINT('Origin',(15.7776135176544,37.9560888221038,17.1475259318771));
#1282=CARTESIAN_POINT('',(15.3509239277472,36.7138074843868,17.6716185494791));
#1283=CARTESIAN_POINT('',(15.3509239277472,36.9251166152572,17.2184646559608));
#1284=CARTESIAN_POINT('Origin',(15.7776135176544,37.5334705603631,18.0538337189138));
#1285=CARTESIAN_POINT('Origin',(16.8097887941701,36.1341262882722,16.2979308494799));
#1286=CARTESIAN_POINT('',(18.8762228783043,33.9254516564603,15.2680089542934));
#1287=CARTESIAN_POINT('',(14.6255516249051,35.7429985169678,16.1155449744036));
#1288=CARTESIAN_POINT('',(20.3251136923634,35.0095092072357,15.7735132921007));
#1289=CARTESIAN_POINT('Origin',(18.5733711984842,35.5952770806896,16.0466613373934));
#1290=CARTESIAN_POINT('',(20.3251136923634,35.0095092072357,15.7735132921007));
#1291=CARTESIAN_POINT('Origin',(20.3251136923634,34.7982000763654,16.226667185619));
#1292=CARTESIAN_POINT('',(20.3251136923634,34.586890945495,16.6798210791374));
#1293=CARTESIAN_POINT('',(20.3251136923634,34.7982000763654,16.226667185619));
#1294=CARTESIAN_POINT('',(20.3251136923634,34.586890945495,16.6798210791374));
#1295=CARTESIAN_POINT('Origin',(18.5733711984842,35.3839679498193,16.4998152309118));
#1296=CARTESIAN_POINT('',(18.8762228783043,33.5028333947196,16.17431674133));
#1297=CARTESIAN_POINT('',(18.8762228783043,33.7141425255899,15.7211628478117));
#1298=CARTESIAN_POINT('Origin',(18.5733711984842,35.1726588189489,16.9529691244301));
#1299=CARTESIAN_POINT('Origin',(14.6255516249051,35.5316893860975,16.5686988679219));
#1300=CARTESIAN_POINT('',(14.6255516249051,35.3203802552271,17.0218527614403));
#1301=CARTESIAN_POINT('Origin',(16.8097887941701,35.7115080265315,17.2042386365166));
#1302=CARTESIAN_POINT('Origin',(-10.5494297763008,31.9496216849838,14.898353266863));
#1303=CARTESIAN_POINT('Origin',(32.7863242621438,53.4258509645731,24.9128834482281));
#1304=CARTESIAN_POINT('Origin',(0.,-10.52,0.));
#1305=CARTESIAN_POINT('Origin',(15.9944591411733,29.8649127927095,13.9262375453716));
#1306=CARTESIAN_POINT('',(27.3680359920108,42.037869685724,19.602580566975));
#1307=CARTESIAN_POINT('Origin',(21.6812475665921,35.9513912392168,16.7644090561733));
#1308=CARTESIAN_POINT('Origin',(22.0628206303487,35.658551430513,16.6278556107621));
#1309=CARTESIAN_POINT('',(28.1311821195242,41.4521900683164,19.3294736761525));
#1310=CARTESIAN_POINT('',(27.7496090557675,41.7450298770202,19.4660271215637));
#1311=CARTESIAN_POINT('Origin',(22.4443936941054,35.3657116218091,16.4913021653508));
#1312=CARTESIAN_POINT('Origin',(22.4443936941054,35.3657116218091,16.4913021653508));
#1313=CARTESIAN_POINT('polyline point',(15.3509239277472,36.9251166152572,
17.2184646559608));
#1314=CARTESIAN_POINT('polyline point',(20.3251136923634,34.7982000763654,
16.226667185619));
#1315=CARTESIAN_POINT('polyline point',(14.6255516249051,35.5316893860975,
16.5686988679219));
#1316=CARTESIAN_POINT('polyline point',(18.8762228783043,33.7141425255899,
15.7211628478117));
#1317=CARTESIAN_POINT('Origin',(18.5733711984842,35.3839679498193,16.4998152309118));
#1318=CARTESIAN_POINT('',(18.8762228783043,33.7141425255899,15.7211628478117));
#1319=CARTESIAN_POINT('',(20.3251136923634,34.7982000763654,16.226667185619));
#1320=CARTESIAN_POINT('polyline point',(29.6589683163384,28.3018532596509,
13.1973709149542));
#1321=CARTESIAN_POINT('polyline point',(27.0362137131771,29.4233183437938,
13.7203186720435));
#1322=CARTESIAN_POINT('polyline point',(27.0362137131771,29.4233183437938,
13.7203186720435));
#1323=CARTESIAN_POINT('polyline point',(26.310841410335,28.0298911146341,
13.0705528840046));
#1324=CARTESIAN_POINT('polyline point',(26.310841410335,28.0298911146341,
13.0705528840046));
#1325=CARTESIAN_POINT('polyline point',(28.9335960134962,26.9084260304912,
12.5476051269153));
#1326=CARTESIAN_POINT('polyline point',(28.9335960134962,26.9084260304912,
12.5476051269153));
#1327=CARTESIAN_POINT('polyline point',(29.6589683163384,28.3018532596509,
13.1973709149542));
#1328=CARTESIAN_POINT('Origin',(14.1988620349979,34.7120263101212,16.1864836984873));
#1329=CARTESIAN_POINT('',(14.6255516249051,35.5316893860975,16.5686988679219));
#1330=CARTESIAN_POINT('',(13.2944638959768,35.0987384081015,16.3668105112767));
#1331=CARTESIAN_POINT('Origin',(15.7776135176544,37.7447796912335,17.6006798253954));
#1332=CARTESIAN_POINT('',(14.8732153786332,38.1314917892138,17.7810066381848));
#1333=CARTESIAN_POINT('',(15.3509239277472,36.9251166152572,17.2184646559608));
#1334=CARTESIAN_POINT('polyline point',(14.8732153786332,38.1314917892138,
17.7810066381848));
#1335=CARTESIAN_POINT('polyline point',(13.2944638959768,35.0987384081015,
16.3668105112767));
#1336=CARTESIAN_POINT('',(8.88178419700125E-15,8.88178419700125E-15,4.44089209850063E-15));
#1337=CARTESIAN_POINT('',(8.88178419700125E-15,8.88178419700125E-15,4.44089209850063E-15));
#1338=UNCERTAINTY_MEASURE_WITH_UNIT(LENGTH_MEASURE(0.01),#1342,
'DISTANCE_ACCURACY_VALUE',
'Maximum model space distance between geometric entities at asserted c
onnectivities');
#1339=UNCERTAINTY_MEASURE_WITH_UNIT(LENGTH_MEASURE(0.01),#1342,
'DISTANCE_ACCURACY_VALUE',
'Maximum model space distance between geometric entities at asserted c
onnectivities');
#1340=(
GEOMETRIC_REPRESENTATION_CONTEXT(3)
GLOBAL_UNCERTAINTY_ASSIGNED_CONTEXT((#1338))
GLOBAL_UNIT_ASSIGNED_CONTEXT((#1342,#1344,#1345))
REPRESENTATION_CONTEXT('','3D')
);
#1341=(
GEOMETRIC_REPRESENTATION_CONTEXT(3)
GLOBAL_UNCERTAINTY_ASSIGNED_CONTEXT((#1339))
GLOBAL_UNIT_ASSIGNED_CONTEXT((#1342,#1344,#1345))
REPRESENTATION_CONTEXT('','3D')
);
#1342=(
LENGTH_UNIT()
NAMED_UNIT(*)
SI_UNIT(.MILLI.,.METRE.)
);
#1343=(
LENGTH_UNIT()
NAMED_UNIT(*)
SI_UNIT(.CENTI.,.METRE.)
);
#1344=(
NAMED_UNIT(*)
PLANE_ANGLE_UNIT()
SI_UNIT($,.RADIAN.)
);
#1345=(
NAMED_UNIT(*)
SI_UNIT($,.STERADIAN.)
SOLID_ANGLE_UNIT()
);
#1346=SHAPE_DEFINITION_REPRESENTATION(#1347,#1348);
#1347=PRODUCT_DEFINITION_SHAPE('',$,#1350);
#1348=SHAPE_REPRESENTATION('',(#451),#1340);
#1349=PRODUCT_DEFINITION_CONTEXT('part definition',#1354,'design');
#1350=PRODUCT_DEFINITION('50cc CFD with stoppers 2',
'3D 50cc Version 1 - Mikaela (1)',#1351,#1349);
#1351=PRODUCT_DEFINITION_FORMATION('',$,#1356);
#1352=PRODUCT_RELATED_PRODUCT_CATEGORY(
'3D 50cc Version 1 - Mikaela (1)','3D 50cc Version 1 - Mikaela (1)',(#1356));
#1353=APPLICATION_PROTOCOL_DEFINITION('international standard',
'automotive_design',2009,#1354);
#1354=APPLICATION_CONTEXT(
'Core Data for Automotive Mechanical Design Process');
#1355=PRODUCT_CONTEXT('part definition',#1354,'mechanical');
#1356=PRODUCT('50cc CFD with stoppers 2',
'3D 50cc Version 1 - Mikaela (1)',$,(#1355));
#1357=PRESENTATION_STYLE_ASSIGNMENT((#1360));
#1358=PRESENTATION_STYLE_ASSIGNMENT((#1361));
#1359=PRESENTATION_STYLE_ASSIGNMENT((#1362));
#1360=SURFACE_STYLE_USAGE(.BOTH.,#1365);
#1361=SURFACE_STYLE_USAGE(.BOTH.,#1366);
#1362=SURFACE_STYLE_USAGE(.BOTH.,#1367);
#1363=SURFACE_STYLE_RENDERING_WITH_PROPERTIES($,#1377,(#1364));
#1364=SURFACE_STYLE_TRANSPARENT(0.);
#1365=SURFACE_SIDE_STYLE('',(#1368,#1363));
#1366=SURFACE_SIDE_STYLE('',(#1369));
#1367=SURFACE_SIDE_STYLE('',(#1370));
#1368=SURFACE_STYLE_FILL_AREA(#1371);
#1369=SURFACE_STYLE_FILL_AREA(#1372);
#1370=SURFACE_STYLE_FILL_AREA(#1373);
#1371=FILL_AREA_STYLE('',(#1374));
#1372=FILL_AREA_STYLE('',(#1375));
#1373=FILL_AREA_STYLE('',(#1376));
#1374=FILL_AREA_STYLE_COLOUR('',#1377);
#1375=FILL_AREA_STYLE_COLOUR('',#1378);
#1376=FILL_AREA_STYLE_COLOUR('',#1379);
#1377=COLOUR_RGB('',0.749019607843137,0.749019607843137,0.749019607843137);
#1378=COLOUR_RGB('',0.913725490196078,0.913725490196078,0.);
#1379=COLOUR_RGB('',1.,1.,1.);
ENDSEC;
END-ISO-10303-21;
