n_points,HI2_percent,HI3_percent,HI_percent,SA_dyne_s_cm2,transit_ms,max_stress_Pa,mean_inlet_velocity
96,2.387962624531003e-06,6.341088002121148e-06,2.387962624531003e-06,1.6240809610926268,894.054529509453,3.39592886,0.105597153
123,8.564183451661285e-06,2.2785461290728546e-05,8.564183451661285e-06,3.2835038386227176,1216.0018253254793,5.7145052,0.107774168
99,3.1736512003094845e-06,8.283728937401361e-06,3.1736512003094845e-06,1.886053046849433,938.9359798685806,2.96161628,0.10881947
180,0.00041147218745994266,0.0014570336141386765,0.00041147218745994266,4.683667840733375,758.6691681707374,42.9726982,0.11195863
100,2.611958135544673e-06,6.718622212537687e-06,2.611958135544673e-06,1.851162193305343,1016.8049733738216,3.06843829,0.106020175
180,0.0004202729053124496,0.0009610895702696405,0.0004202729053124496,9.288125903360154,1050.032495782365,17.2501183,0.113729872
278,0.0007148570474907239,0.0014919108168747113,0.0007148570474907239,14.328760800703668,1160.9002943439086,22.7987518,0.112851538
154,1.558439183795338e-05,3.100568853835844e-05,1.558439183795338e-05,3.6559557497898334,999.9083718404406,3.54372239,0.109388545
148,0.00010631085536941275,0.00028608295003053065,0.00010631085536941275,3.1361290495560548,536.5714947041786,17.4020519,0.10983488
75,0.00018268677167608644,0.000999800549961606,0.00018268677167608644,1.5479435502224113,546.337987418275,57.9075546,0.110474296
100,2.4666353624435456e-05,6.18586918679848e-05,2.4666353624435456e-05,1.7076940513956915,488.30831378390576,8.54243374,0.109544717
106,2.9076233285887665e-06,7.22556765770879e-06,2.9076233285887665e-06,2.1654275309078637,1140.6976672145965,2.63580179,0.100888304
102,0.00011553564660173431,0.0006056755830896211,0.00011553564660173431,3.2309160600937803,838.8275033471547,42.4640274,0.110661663
131,0.00011283757847857338,0.0003928415964597697,0.00011283757847857338,2.3563142211173704,512.7577793607186,27.8901329,0.110071279
343,0.00042035024647752627,0.0010397436064969233,0.00042035024647752627,10.752399796223875,1259.9964631943537,27.3708382,0.112991214
102,8.706848817453719e-06,2.3003626994093343e-05,8.706848817453719e-06,1.9416926715952672,775.731212858126,3.997262,0.104827397
90,4.415569924339056e-05,0.00015319912142798694,4.415569924339056e-05,1.4204322907676943,417.99161951276494,19.8283215,0.109120734
62,5.038311113185198e-05,0.00024073718721782727,5.038311113185198e-05,0.7160276176346286,373.9185225471536,36.3236275,0.109055705
60,4.2742731776613276e-05,0.0002425565733772811,4.2742731776613276e-05,1.1060270268367227,502.2100009053477,34.0287819,0.110079251
82,1.5078753136737228e-05,3.7827013458392606e-05,1.5078753136737228e-05,1.2052488952330558,417.7829687844527,5.5938859,0.109207205
121,1.8252197538922622e-05,3.580118919456361e-05,1.8252197538922622e-05,11.155498604640998,3481.090159294202,2.65019751,0.10597872
142,4.04802069330888e-05,0.00010957110329695184,4.04802069330888e-05,2.6324551583274842,647.6546566529546,13.131485,0.110469408
47,3.554041485917613e-07,6.33050795663241e-07,3.554041485917613e-07,0.771831513268924,550.1232903467221,0.76002723,0.110896014
95,1.94925832490707e-05,4.8421082211418665e-05,1.94925832490707e-05,1.5168875527274939,456.94665543845275,7.1825633,0.109570436
117,2.5849812742877955e-05,8.787566600220104e-05,2.5849812742877955e-05,2.7186861211094504,822.1622697642838,11.7135935,0.112886608
161,1.3294225735592074e-05,2.5723460580980108e-05,1.3294225735592074e-05,3.4114804464166077,941.1348626714491,3.67848206,0.111507624
78,1.1408614470646686e-05,2.9923587901599603e-05,1.1408614470646686e-05,0.9452811825111177,389.97168844985134,5.62352228,0.109091915
87,8.21122214578744e-05,0.00031227927037083764,8.21122214578744e-05,1.3824532735466946,397.68356174159476,29.9514427,0.109049223
67,7.85532406400079e-06,2.1319679061770827e-05,7.85532406400079e-06,0.758938327731522,371.7266133258435,5.44183064,0.108923875
68,9.163181959675202e-06,2.6165017383476007e-05,9.163181959675202e-06,0.7501310473062333,368.4145614692177,6.91063404,0.108741693
91,5.435445664330179e-05,0.00024073694892455918,5.435445664330179e-05,1.3897723959206867,424.69027907026407,35.3690376,0.109187849
64,8.129726333972813e-05,0.0004613155747315485,8.129726333972813e-05,1.1653480676075094,497.8843344982176,40.2939835,0.110260867
76,8.59114304708563e-06,2.2146396400950504e-05,8.59114304708563e-06,0.9026179485554547,393.3545156384881,4.38436508,0.108957484
71,7.110058057702113e-06,1.854490604547759e-05,7.110058057702113e-06,0.7985468290882407,379.70797331022914,4.29893064,0.108942963
146,0.00019807315915148862,0.0009181526326045536,0.00019807315915148862,8.418583358350025,2323.4520114712236,32.3853531,0.104329489
92,1.8423921031317162e-05,4.537750380677735e-05,1.8423921031317162e-05,1.64004468105239,490.26188641595286,6.43205833,0.110045768
158,0.00011844120955387748,0.0004775660539259629,0.00011844120955387748,5.395800111681749,2628.0512583042546,31.1600552,0.110762432
90,6.94133388976121e-05,0.00019026013349024014,6.94133388976121e-05,2.5225968641799525,538.7573469166672,17.4069614,0.111455053
80,9.504776529388863e-06,2.4289249236272948e-05,9.504776529388863e-06,1.035858914783546,416.13456703973105,4.68155718,0.109242558
164,0.0003367613975955521,0.00113590846093363,0.0003367613975955521,3.6969130915304182,637.4012224279619,28.4508247,0.110742673
94,4.739432563125882e-06,1.3096958032931515e-05,4.739432563125882e-06,1.5546683900985254,741.5456421705018,3.53126717,0.113546342
97,3.0579946240890212e-06,7.187700717244511e-06,3.0579946240890212e-06,1.548182969009584,720.2146417155716,3.78948975,0.104730301
72,1.4199712627700074e-05,4.166944680315762e-05,1.4199712627700074e-05,0.8641800873080782,375.3219410437927,9.0534029,0.10888759
60,8.261558520395303e-05,0.00039487169933867153,8.261558520395303e-05,0.6835596930642263,358.495293049639,47.1795731,0.108981751
68,4.643423281292643e-06,1.2564846420164232e-05,4.643423281292643e-06,0.6371482866753939,361.3046175416603,4.69830227,0.108556472
63,4.650797648877087e-06,1.235637761578586e-05,4.650797648877087e-06,0.6544824954218775,364.858453238049,4.13940573,0.108779535
64,4.854354386122022e-06,1.3231997044249082e-05,4.854354386122022e-06,0.6493986997906469,359.1756906318584,4.26660633,0.108514398
66,6.1523176403417354e-06,1.7345848839622013e-05,6.1523176403417354e-06,0.6681917124879653,360.0468572205153,5.32253647,0.108622238
83,3.779413180224525e-05,0.00013800444783376942,3.779413180224525e-05,1.2762002736623679,413.38064311475927,19.6723022,0.109187268
64,5.2258492126527565e-05,0.0003270120056679586,5.2258492126527565e-05,0.9585996309704414,463.1248266980907,43.723362,0.110016048
67,6.018837225727976e-06,1.540387151437983e-05,6.018837225727976e-06,0.7848791004168073,380.7729115174424,3.79882383,0.109017126
64,4.096185092469915e-06,1.0641889934444327e-05,4.096185092469915e-06,0.645807262787028,367.21637527802176,3.58542299,0.108787358
122,3.5001510650639766e-06,8.427236077080914e-06,3.5001510650639766e-06,2.8568178580960217,1498.1869831681825,2.4217329,0.106800377
79,8.710482014919994e-06,2.200454304587252e-05,8.710482014919994e-06,1.0686904134798232,427.9844733595747,4.32628202,0.109635949
56,1.444397869860858e-06,3.815321425889228e-06,1.444397869860858e-06,1.0889365739720391,662.3832641213114,2.29690456,0.112976633
90,1.0996625831827287e-05,2.7669314031412645e-05,1.0996625831827287e-05,1.3588459485447604,487.83218649884344,4.3287077,0.110000223
69,6.3286298236561856e-06,1.6237138655870213e-05,6.3286298236561856e-06,0.890304847582083,405.8875260390993,3.72932148,0.109483719
64,5.552107872601247e-06,1.4304136069955265e-05,5.552107872601247e-06,0.7711873533271058,383.7692333818728,3.69257379,0.109057285
136,0.00024404639537917568,0.0005334504750003803,0.00024404639537917568,5.64611725654059,656.0808406406558,12.7090559,0.110725045
83,2.82694177504544e-06,8.034083375167276e-06,2.82694177504544e-06,1.2688331036852736,699.0391223139266,3.36283064,0.117063604
97,5.317113664148565e-06,1.3420940519761214e-05,5.317113664148565e-06,1.5860162866858447,685.0013173281603,3.76406288,0.108797714
71,1.6633816637258865e-05,5.3117558950757674e-05,1.6633816637258865e-05,0.8351948974537515,368.53801024137204,12.336977,0.108728707
54,0.00012886361796162981,0.000642005583143787,0.00012886361796162981,0.6627442607321128,352.4462906380694,40.6870422,0.108791105
64,3.899072720330404e-06,1.0231871156283295e-05,3.899072720330404e-06,0.633317085254022,357.7890464329331,4.00363541,0.108546458
64,3.347295460735151e-06,8.697033470728386e-06,3.347295460735151e-06,0.5986110810974073,359.64487703995866,3.39941168,0.108623706
66,5.7941459212752495e-06,1.563704880554699e-05,5.7941459212752495e-06,0.7307404299711865,363.1578071335745,5.31870747,0.108546905
69,4.744908745371081e-06,1.1882162001672557e-05,4.744908745371081e-06,0.7829996932684219,380.06741174562234,4.4182086,0.108461745
68,6.801036431955341e-06,1.9869211619837792e-05,6.801036431955341e-06,0.6785464684798584,360.4774484733372,6.06247711,0.108617514
85,1.3630020508361695e-05,3.3466118330988015e-05,1.3630020508361695e-05,1.2176393878725082,427.15626270588325,4.62280989,0.109438404
62,3.6921543137388395e-06,9.465636517172957e-06,3.6921543137388395e-06,0.63956986995653,367.24810981047193,3.36788177,0.108858868
61,2.94054463428186e-06,7.49078203298307e-06,2.94054463428186e-06,0.5829394364109862,358.2990108137148,3.1051333,0.108732335
148,1.9867043189394436e-06,5.719179291960025e-06,1.9867043189394436e-06,2.662029145556056,2190.8236485023667,3.82281542,0.10875205
65,4.7345443087792936e-06,1.2007255240524231e-05,4.7345443087792936e-06,0.7559908000992841,384.4939491026425,3.38387871,0.109183282
99,1.3787410301223471e-05,3.4744837273232094e-05,1.3787410301223471e-05,1.6918986991992038,553.1759950122652,5.70628214,0.111256137
76,6.926267197727683e-06,1.7442783098506976e-05,6.926267197727683e-06,1.056268051280502,439.2038006374381,3.65696573,0.109774753
66,3.89233305829053e-06,9.87596313880261e-06,3.89233305829053e-06,0.721281521576119,382.93546208949505,3.1579318,0.109532051
63,3.12149255710158e-06,7.838949336799874e-06,3.12149255710158e-06,0.6241354479826592,366.90587077540016,2.9770124,0.108762577
91,5.3917809886799174e-06,1.464869663097251e-05,5.3917809886799174e-06,1.4875436644147721,683.16612252806,4.36586285,0.113244884
134,0.00014779183230896863,0.0004652441150817378,0.00014779183230896863,2.802083519689092,542.023600805832,20.5384178,0.109992459
98,3.84823332052338e-06,9.298568378123514e-06,3.84823332052338e-06,1.4921500968708747,673.2451002763377,3.43781114,0.108048469
76,1.4899749012123596e-05,5.0470122984390226e-05,1.4899749012123596e-05,0.7562783416351136,361.9996981766634,12.4252281,0.108639881
52,4.4527468094998366e-05,0.00023676426457592447,4.4527468094998366e-05,0.5159628544973284,346.1357057439814,31.6060524,0.108746365
77,1.581177453314319e-05,4.221065058895822e-05,1.581177453314319e-05,1.067471778276201,394.37072063650385,6.79191685,0.109104693
61,3.5337246618316323e-06,8.990235260457393e-06,3.5337246618316323e-06,0.6213503977653052,357.09172918319274,3.52817416,0.108542025
63,3.839843795926393e-06,9.404889072829211e-06,3.839843795926393e-06,0.6836357543590702,360.65541157836105,3.62951636,0.108606182
79,7.261674787842565e-06,1.6182605070019857e-05,7.261674787842565e-06,1.2352057928058051,420.31200429982863,5.26476765,0.108564816
67,7.796618046672949e-06,2.2345651084095906e-05,7.796618046672949e-06,0.7909075455706869,368.0328700533819,7.12228918,0.108548783
85,5.754668860206424e-06,1.2454913306205137e-05,5.754668860206424e-06,1.2066652759632304,440.7851083688856,3.58706641,0.108548239
91,1.7446480961861743e-05,4.2363156862002846e-05,1.7446480961861743e-05,1.3655990589169669,433.4802979767915,5.51588058,0.109439276
60,2.7018574275235775e-06,6.72860460953166e-06,2.7018574275235775e-06,0.5755927078962378,356.4377917034514,3.11499619,0.108630463
61,3.0575057316617984e-06,7.428696334959434e-06,3.0575057316617984e-06,0.6123993760290328,355.4971928428628,3.08666539,0.108653218
115,2.2738852757228663e-05,6.368123113605358e-05,2.2738852757228663e-05,2.3155819430668227,678.7568280950777,10.6765499,0.114197448
80,7.06532847835461e-05,0.0004276747331510252,7.06532847835461e-05,2.070669006855451,802.3962183006124,35.8620453,0.111128964
80,7.313740952687885e-06,1.8461855098335074e-05,7.313740952687885e-06,1.220085397098109,478.7904673506972,3.96836567,0.111835487
70,5.023609631441728e-06,1.2543288396980893e-05,5.023609631441728e-06,0.8859145428169373,410.28917545279097,3.17615581,0.109875396
64,3.1449326438565855e-06,7.827910881233828e-06,3.1449326438565855e-06,0.6589340678965611,375.2720228752743,2.68432117,0.109221198
64,3.1063169800170317e-06,7.620110159925457e-06,3.1063169800170317e-06,0.6962045078876046,380.46031810922085,2.78809381,0.108964711
60,2.646461710822456e-06,6.5264685666999734e-06,2.646461710822456e-06,0.5945397269834838,363.2258085862971,2.66850829,0.108801998
178,0.0003790996079309207,0.0012539724670375435,0.0003790996079309207,4.009127855661149,607.8838041666137,32.2717247,0.11026042
85,5.1066573829145935e-06,1.4971429104110523e-05,5.1066573829145935e-06,1.3317325493632535,643.141511042599,5.28777885,0.11219494
95,5.024003179983096e-06,1.2427861101384477e-05,5.024003179983096e-06,1.532587969363057,651.5632953716371,3.43074918,0.105485916
69,1.2198463374401557e-05,3.930600828817478e-05,1.2198463374401557e-05,0.74415503595863,360.9307448351557,11.1076899,0.10860084
70,9.163969628715244e-06,2.6748254405998206e-05,9.163969628715244e-06,0.8071023839775092,367.6350923803609,8.05692577,0.108537696
79,0.00012992941379719517,0.0005639843540995044,0.00012992941379719517,1.0455931756644927,364.47680388704265,35.5030594,0.10865768
59,0.00013842772434645076,0.0007515502306537729,0.00013842772434645076,0.6251832526155872,349.7496668800704,59.6284981,0.108807363
76,1.2863007931942438e-05,3.23483574174568e-05,1.2863007931942438e-05,1.054596821519629,397.5753237260349,4.74465322,0.109160572
63,3.2953823479902394e-06,8.005171200599799e-06,3.2953823479902394e-06,0.6365350159308101,356.8665973022091,3.37111473,0.108581387
146,1.3392104616825278e-05,2.7366467985652884e-05,1.3392104616825278e-05,2.3483858487769704,589.5754125829435,3.65875411,0.108567894
60,3.7919479993256793e-06,8.801058673489277e-06,3.7919479993256793e-06,0.7292474955722554,366.7166773055034,3.05849957,0.108523175
150,1.3965835867456628e-05,2.489945348011087e-05,1.3965835867456628e-05,2.735301898953503,590.1517606808699,3.92703509,0.10845387
85,8.156103695887881e-06,1.722984845313251e-05,8.156103695887881e-06,1.1904033984220488,394.8678702469045,4.35924816,0.108530551
78,6.405185415122219e-06,1.3817013144081621e-05,6.405185415122219e-06,1.0911724581665934,397.09441385398543,4.47884989,0.108641461
79,8.14083469973292e-06,1.9540993344190556e-05,8.14083469973292e-06,1.1454473106854623,404.91743455368027,5.90457821,0.108502254
76,6.200732091190982e-06,1.307630315948657e-05,6.200732091190982e-06,1.1225855287086126,404.76442196330834,3.99899244,0.108325303
87,1.4294972115304899e-05,3.5068812240779244e-05,1.4294972115304899e-05,1.3067561448251293,445.0016036163026,5.18694305,0.109259948
62,2.732341684488976e-06,6.651913288178682e-06,2.732341684488976e-06,0.5878034594334209,354.9556577416739,2.9896915,0.108644523
57,2.282868946768636e-06,5.444917429074699e-06,2.282868946768636e-06,0.5624299236419188,353.8338420062138,2.55707002,0.108554065
61,2.76786145032933e-06,6.514327052276356e-06,2.76786145032933e-06,0.6064424568279977,354.059337624342,2.87116885,0.108634517
62,3.445050322239404e-06,7.854120824046578e-06,3.445050322239404e-06,0.6945128471113727,360.6635510980699,2.99600434,0.108591758
83,7.565080425208343e-06,1.8991309490357297e-05,7.565080425208343e-06,1.3305789135293646,501.037911226261,4.23531199,0.113679856
117,1.8844678957932344e-05,5.1928629850462837e-05,1.8844678957932344e-05,2.6363325640459068,778.6035293547764,9.65485477,0.111374132
72,5.2614561594745615e-06,1.3027605539690868e-05,5.2614561594745615e-06,0.9809377494798731,427.6753287586832,3.80552888,0.109752677
58,2.395790982078709e-06,5.754587592543038e-06,2.395790982078709e-06,0.6093853558751922,366.10309021290914,2.42745423,0.1089077
60,2.277314295734461e-06,5.4771780680917035e-06,2.277314295734461e-06,0.5706884021308587,358.80166084961365,2.46447659,0.108658291
66,4.084979188797068e-06,1.012021101197054e-05,4.084979188797068e-06,0.810534360978128,397.16831972007606,3.34498572,0.109256193
58,2.6721422220378355e-06,6.382724280524548e-06,2.6721422220378355e-06,0.6588842159328491,373.8272367414851,2.3710885,0.108963497
58,2.2500571842993554e-06,5.4095780641837976e-06,2.2500571842993554e-06,0.5793414041006935,360.1554314287321,2.4465704,0.108832523
124,8.759949217169388e-05,0.00019978993087867332,8.759949217169388e-05,3.393659310519311,571.0291745572604,9.47218895,0.110230193
149,3.8041903658072854e-05,8.626478624382332e-05,3.8041903658072854e-05,3.6840271031117555,792.2711433460067,6.56827593,0.112442203
137,5.403272981293654e-05,0.00012613837702353048,5.403272981293654e-05,3.590287271591561,704.845260144967,7.24619341,0.110167593
96,1.0732520470510401e-05,2.6415711445270287e-05,1.0732520470510401e-05,1.7558178235738944,631.3049870862469,3.79617572,0.105737321
66,1.2346988408461237e-05,3.74402365028025e-05,1.2346988408461237e-05,0.8396867399175221,365.5778274693001,9.38925743,0.108569637
82,9.127701332234493e-06,2.1572188856572965e-05,9.127701332234493e-06,1.1710096861040826,397.9224070772109,6.34774303,0.108602196
79,1.2691912418673794e-05,3.471192730818594e-05,1.2691912418673794e-05,1.212162993069928,401.9898714786537,9.10542011,0.108591013
75,0.00012665925290148238,0.0005655970042179251,0.00012665925290148238,0.9862561511199073,361.1199757466876,36.4110756,0.108624436
88,0.0003582664221044455,0.0014479929596640652,0.0003582664221044455,1.3545858436462888,366.81772916621435,43.1905823,0.108653277
72,1.203348948194386e-05,3.216429087364079e-05,1.203348948194386e-05,0.9135501601883718,379.0954591294353,5.66707325,0.108691148
82,1.1101733598153908e-05,2.7273222190085386e-05,1.1101733598153908e-05,1.073457772903624,408.1625435403593,4.49099731,0.109149046
143,1.2978424970280275e-05,2.3687189703353976e-05,1.2978424970280275e-05,2.5939222684630527,591.7695270326216,3.31007385,0.10854084
77,6.419212029948732e-06,1.3312679693270151e-05,6.419212029948732e-06,1.141386981893027,402.72843034473135,3.57973647,0.108490489
81,1.0902098262776972e-05,2.2069131752778224e-05,1.0902098262776972e-05,1.3632843809184676,393.557545087011,4.39045048,0.108511657
79,9.400490466905542e-06,1.9646479720125367e-05,9.400490466905542e-06,1.1839211795046,380.08554178202115,4.84779072,0.108666159
83,9.652283816557943e-06,2.03267228501926e-05,9.652283816557943e-06,1.149855859277127,373.8420244306631,4.70067883,0.108542241
84,9.137265724932808e-06,1.8478712059407095e-05,9.137265724932808e-06,1.2749811340993518,391.82133292782635,4.26684856,0.108480528
83,8.653293523506284e-06,1.7832405018670516e-05,8.653293523506284e-06,1.2341773868276513,390.9948333776008,4.72583628,0.108550526
170,0.0005867741825514839,0.0019353367987919269,0.0005867741825514839,4.2075493341646135,504.63219289908676,50.6132164,0.109298766
55,2.548198790172193e-06,5.918325667587409e-06,2.548198790172193e-06,0.5932881714937845,352.03485928892707,2.65081286,0.108608805
57,2.0771879616657192e-06,4.853915951156267e-06,2.0771879616657192e-06,0.5585485650416707,353.7392321309163,2.37528205,0.108670458
61,3.327599828818382e-06,7.598476750491662e-06,3.327599828818382e-06,0.6749601814240025,356.34276928828297,2.88124037,0.108527929
141,1.4185751465361714e-05,2.571662006194839e-05,1.4185751465361714e-05,2.7072568907947208,591.0174717576314,3.29344726,0.108523995
74,6.281149607039567e-06,1.5643472467056776e-05,6.281149607039567e-06,1.1218125976089661,452.3858771607679,4.13131285,0.112374663
91,1.1618034514441596e-05,2.9661529964717503e-05,1.1618034514441596e-05,1.6339686558813389,541.821227574735,4.8931694,0.116828062
105,1.2107336679614388e-05,3.094161716575808e-05,1.2107336679614388e-05,2.4544084812047635,699.7089770590367,4.93353796,0.10780926
65,3.949615096552537e-06,9.827219541279363e-06,3.949615096552537e-06,0.7918854539771811,391.9754430116334,3.54455066,0.109767549
59,2.3998451120093305e-06,5.703974371953958e-06,2.3998451120093305e-06,0.6321645951430526,369.42867604781236,2.4758358,0.109044544
60,2.0187593990809393e-06,4.742250790532565e-06,2.0187593990809393e-06,0.5726028753746061,358.1837683681473,2.44647002,0.108969577
58,1.908593993453132e-06,4.407247348419982e-06,1.908593993453132e-06,0.5466734302874509,351.998241940613,2.19114065,0.108799204
126,2.360519430056013e-05,5.270899599784853e-05,2.360519430056013e-05,2.6132862792770823,657.7123564185457,5.88528204,0.114014991
115,0.00011721775363970433,0.0002626748889612686,0.00011721775363970433,3.5820468201915405,562.3271021429069,9.58467102,0.109996028
93,5.2306220699966264e-06,1.2824987556933197e-05,5.2306220699966264e-06,1.553257907705169,641.3546706505853,3.89755297,0.103022695
90,4.6256003796253065e-05,0.00019887743990390342,4.6256003796253065e-05,1.291377569481663,432.5012091167199,26.1904869,0.10860648
47,3.601754713574644e-06,1.2040278063401917e-05,3.601754713574644e-06,0.3652919820230981,314.39356792928345,6.45136786,0.108582444
45,4.793391460857781e-06,1.7731927117410387e-05,4.793391460857781e-06,0.3746398707825657,317.23690173593013,7.90551996,0.108627282
47,1.1847104250904169e-05,6.278031112896945e-05,1.1847104250904169e-05,0.38502449268731825,318.6866291377758,25.873558,0.108615123
65,0.0003592963313007478,0.0015236781138459467,0.0003592963313007478,0.8775903861163182,327.5120782386671,46.2720566,0.1086789
82,0.00021780048667045362,0.0009410811655727312,0.00021780048667045362,1.1644108825104613,364.68339995724216,42.0328369,0.108656079
75,1.662681879262942e-05,5.072299324530934e-05,1.662681879262942e-05,0.8913291782915698,368.93241240455137,11.91677,0.108587295
74,8.952548461435043e-06,2.2401330365097503e-05,8.952548461435043e-06,0.9176172833691689,386.18498430844573,4.13071966,0.108946159
84,7.797343409060518e-06,1.6820224018859942e-05,7.797343409060518e-06,1.1474036108026069,389.916210538614,5.00691748,0.108453386
79,6.274748567697005e-06,1.2879939279473884e-05,6.274748567697005e-06,1.1694051915819736,407.4267341274447,3.58253288,0.10835816
81,1.1153226884876465e-05,2.3712595204045304e-05,1.1153226884876465e-05,1.2134522537065604,369.95100434631513,6.02461767,0.108527735
79,1.0863126837051212e-05,2.322600808513615e-05,1.0863126837051212e-05,1.1860002844880513,369.30880274422674,5.60833168,0.108620301
88,1.3340874493546876e-05,2.6905179720724635e-05,1.3340874493546876e-05,1.4749200341269169,382.18173966377054,6.18762016,0.108568288
76,1.0396069689399435e-05,2.2530596991630395e-05,1.0396069689399435e-05,1.1889336060010738,373.7723244920716,6.35324526,0.108649664
83,0.00013085326610017459,0.0005460523678241517,0.00013085326610017459,1.7841483719101352,443.60505308216113,39.8675156,0.109398596
58,2.656773203922207e-06,6.05637541279273e-06,2.656773203922207e-06,0.6076070716994485,350.61938942380283,2.62163067,0.108527392
58,2.346907537436848e-06,5.353331099915779e-06,2.346907537436848e-06,0.5788031008265292,350.12444164851445,2.4124186,0.108573243
63,3.6259479132616336e-06,8.16033814828931e-06,3.6259479132616336e-06,0.7073887745509024,357.9315988821523,3.08519936,0.108515941
132,1.4267673406625571e-05,2.5873925282744824e-05,1.4267673406625571e-05,2.648797840338281,578.6899564112042,3.28038311,0.108428575
72,6.859861931237799e-06,1.7250234714164892e-05,6.859861931237799e-06,1.1056053355907434,443.50683608828,4.35118675,0.112069346
86,1.5129672285117592e-05,3.833654644902364e-05,1.5129672285117592e-05,1.7476989013224773,527.5607768329298,6.08898687,0.114764757
71,9.846276774695167e-06,4.011268263427458e-05,9.846276774695167e-06,2.5823615750230915,713.3606046557027,13.9176083,0.105480947
62,3.0418907799826194e-06,7.49775160316876e-06,3.0418907799826194e-06,0.695555424028757,377.3922669007019,3.31625247,0.109251931
65,4.059193119584493e-06,1.0011418060297363e-05,4.059193119584493e-06,0.8494281600078386,404.8280468315299,3.58884263,0.109375641
60,2.1141990899973732e-06,5.004701808519823e-06,2.1141990899973732e-06,0.5885834100963729,360.86905260084416,2.80803061,0.108963102
60,1.7267152001412864e-06,3.995793574604041e-06,1.7267152001412864e-06,0.5353638926432527,351.65164890266993,2.61642432,0.108680144
59,2.0408699505612117e-06,4.627810311610023e-06,2.0408699505612117e-06,0.5559269492542327,348.4639421854373,2.38698602,0.108546332
100,6.249526549524186e-06,1.4603149770440882e-05,6.249526549524186e-06,1.5824681650940549,609.5095490259963,4.16032028,0.111737147
122,5.1449366276523056e-05,0.00011950724298016284,5.1449366276523056e-05,3.0984850046482606,628.0586833873552,7.32285309,0.111410089
112,8.59947802819184e-05,0.00019454238022920052,8.59947802819184e-05,3.166383979392595,528.4964337738818,9.63424969,0.11008662
50,3.4951102054438883e-06,1.1113253442026517e-05,3.4951102054438883e-06,0.3688355495842674,310.8044019917148,4.92370415,0.10844256
49,3.766663198807437e-06,1.1937570659245806e-05,3.766663198807437e-06,0.37710227546773234,308.47726729873006,5.72645521,0.108588509
44,3.809424428285889e-06,1.2633607722246733e-05,3.809424428285889e-06,0.37126215850737637,311.7259929719965,6.07800674,0.108427659
44,4.180836253194417e-06,1.581982629570867e-05,4.180836253194417e-06,0.3619262554283364,313.247975631017,8.03368473,0.108451836
46,1.645352999194416e-05,9.223107277976016e-05,1.645352999194416e-05,0.3957094838332498,317.98304813104966,30.6079445,0.108543135
55,0.00039473001322327906,0.0016337228316415813,0.00039473001322327906,0.920401381909491,326.20902786840094,44.0300713,0.108578205
76,4.5843115051962296e-05,0.0002068789161152509,4.5843115051962296e-05,0.9221837698452333,361.83472387226107,30.8001308,0.108658694
56,0.00018359865630662286,0.0008202360021957068,0.00018359865630662286,0.6865947587310356,325.2813885250833,39.5105553,0.108539492
70,7.837910448123403e-06,1.9776916965725832e-05,7.837910448123403e-06,0.8570218375898583,379.0551014623243,4.07417393,0.108885169
85,1.1563359753160509e-05,2.8271821147563114e-05,1.1563359753160509e-05,1.1568241528239658,419.4149807579441,4.90804434,0.109242387
78,8.368658414231654e-06,1.8517456320185413e-05,8.368658414231654e-06,1.1519067242556138,389.00123532599986,5.30749607,0.10828051
82,1.1798177165411344e-05,2.6489381364017422e-05,1.1798177165411344e-05,1.21226444892491,372.67221291802167,6.86321545,0.108415052
75,7.021291127769815e-06,1.4288494609455424e-05,7.021291127769815e-06,1.2602421363612935,413.56476859178196,3.60331655,0.108361319
89,1.8585636223434646e-05,4.437477986867825e-05,1.8585636223434646e-05,1.5087162096526452,371.66722259191823,12.2301226,0.108503379
91,2.001287944938971e-05,4.940049741069929e-05,2.001287944938971e-05,1.4620054183389968,367.7033436630642,12.8447981,0.108574584
57,5.6449776341760986e-05,0.000261432025051371,5.6449776341760986e-05,0.6395801002274392,301.6597897996159,44.5502586,0.108488448
52,5.651567380761941e-06,1.8766066681481662e-05,5.651567380761941e-06,0.42039317166412127,303.3408531650839,8.81085587,0.108548105
85,2.8155106276572182e-05,8.592271831386632e-05,2.8155106276572182e-05,1.4136726129781716,363.36597776883985,16.7245712,0.10853935
59,2.7446001642545276e-06,6.197146852609036e-06,2.7446001642545276e-06,0.6140963630863365,350.2627771953762,2.59197879,0.10841953
56,2.246873741887993e-06,5.006484509893983e-06,2.246873741887993e-06,0.574284021520865,347.1353046334174,2.4184134,0.108511306
57,2.8489233233876298e-06,6.297406752039002e-06,2.8489233233876298e-06,0.6329560571082841,348.39712508932314,2.66132784,0.108515412
142,1.4271887083784155e-05,2.6069434923283637e-05,1.4271887083784155e-05,2.627462411360018,579.3973704143697,3.18791866,0.108532421
56,3.3285048172720314e-06,7.49154854641777e-06,3.3285048172720314e-06,0.6666911068881005,351.62052663459116,2.80757523,0.108528346
73,6.884941878152507e-06,1.7112180595918643e-05,6.884941878152507e-06,1.17709379351904,456.6390934984338,4.36112309,0.110626869
89,9.829257580877848e-06,2.409956091769846e-05,9.829257580877848e-06,1.6026021298541921,518.4809271411439,4.59817791,0.112545386
70,2.3664745586090415e-05,0.00010970425027960937,2.3664745586090415e-05,2.6583820116928463,678.8957783991548,21.1812,0.108398117
64,2.739188944129838e-06,6.661094996712002e-06,2.739188944129838e-06,0.6937153572491238,379.05795229070003,3.34167457,0.109036639
67,3.666583820747792e-06,8.951835962831359e-06,3.666583820747792e-06,0.8323753604576276,400.95250068708657,3.59588218,0.109653048
61,2.4050030359188172e-06,5.784405542424181e-06,2.4050030359188172e-06,0.63773025761524,367.48911016513716,3.18474436,0.109165594
58,1.836121626448896e-06,4.234112691315792e-06,1.836121626448896e-06,0.5392868320547737,349.42206705799447,2.36474991,0.10855563
58,1.9643593192507774e-06,4.419460560972879e-06,1.9643593192507774e-06,0.5485488450387547,346.8586686951594,2.31568193,0.108482517
61,1.8763971293595462e-06,4.362321710020357e-06,1.8763971293595462e-06,0.5628685310252546,354.4065460512453,2.71703982,0.109028183
96,8.462050726370263e-06,2.134492739242655e-05,8.462050726370263e-06,1.6434265974923594,614.2406500332023,3.89192414,0.105841152
116,2.1466387370366507e-05,4.8898774859308964e-05,2.1466387370366507e-05,2.347157832886042,613.589919724975,5.52633429,0.112522244
107,5.44850689744724e-05,0.00012475663236750567,5.44850689744724e-05,2.617441967831138,511.398684708803,8.75638199,0.110084876
114,0.00026227864925241774,0.0006040490439607994,0.00026227864925241774,5.345980059647999,474.5525329283655,39.2302208,0.109266572
49,3.468097718266987e-06,1.0883730341997836e-05,3.468097718266987e-06,0.37053886662079727,304.778243159498,5.49602365,0.108416036
47,6.211114953740661e-06,2.0997616802164352e-05,6.211114953740661e-06,0.421649033873553,300.47502004937076,9.0528717,0.108530328
45,3.5717931695800028e-06,1.2120010750860045e-05,3.5717931695800028e-06,0.36238087913386074,310.10135938024786,6.20232916,0.108383931
46,3.66846248624837e-06,1.3070659937038256e-05,3.66846248624837e-06,0.3594235740174493,308.42907928917924,6.87810516,0.108375296
46,1.595872593913456e-05,8.916363598575482e-05,1.595872593913456e-05,0.3911403722609079,315.5298599506934,28.8221798,0.108384348
79,3.6399812625283546e-05,0.0001576509282612086,3.6399812625283546e-05,0.8666991678006766,357.9211865274594,27.4517899,0.108637474
69,9.55473219722474e-06,2.58273352895573e-05,9.55473219722474e-06,0.8078327984761909,362.4372929128469,6.02301073,0.10873574
77,7.51318690217452e-05,0.00032771473336945625,7.51318690217452e-05,0.9614288686094675,354.0624358167002,29.2421665,0.108522899
76,7.783406259039057e-06,1.9763859630823024e-05,7.783406259039057e-06,0.8388440682569992,376.09911050436835,4.06399059,0.108961776
72,7.515088198631069e-06,1.8644814995308473e-05,7.515088198631069e-06,0.8720740569879615,380.84604974790545,3.94158363,0.10898149
78,9.023692013358117e-06,2.0215065988791527e-05,9.023692013358117e-06,1.1751308854635736,388.11382631281873,6.02756834,0.108320177
84,1.5647323009683553e-05,3.999898454802756e-05,1.5647323009683553e-05,1.2793544426676955,371.38650693358,12.8679695,0.108614005
98,0.000377700845874928,0.0012860629405263653,0.000377700845874928,4.474443944645374,390.1435902941512,64.1441727,0.108588874
79,8.238883313979732e-06,1.770730338206618e-05,8.238883313979732e-06,1.2431130968000268,403.5461956925991,5.05415964,0.108480208
74,0.0042864532042416114,0.008692170501125819,0.0042864532042416114,13.449480487085792,357.5171497699067,54.3842087,0.108478427
39,4.64293506049169e-05,0.00024064276685366608,4.64293506049169e-05,0.40979512052710926,299.4609644302154,37.1318398,0.108550191
65,0.0024388986569779843,0.005486930172000829,0.0024388986569779843,8.325219639228061,337.89837026641305,56.9653931,0.108452395
72,0.004150564637756482,0.008513073573607893,0.004150564637756482,13.038679212050202,354.1999946440862,54.0656395,0.108500078
40,3.662667997722307e-05,0.00018499157212136007,3.662667997722307e-05,0.4051485508184195,290.7133152136082,32.7552032,0.108461328
61,0.00019680838998261958,0.0005518512457764059,0.00019680838998261958,2.1326409285090757,332.10525902888156,24.5131493,0.10860163
54,2.8180070453643364e-06,6.190938275463866e-06,2.8180070453643364e-06,0.6266975887634604,345.7920500198449,2.58453608,0.108483061
56,2.118323716439632e-06,4.699828540127711e-06,2.118323716439632e-06,0.5623377419893986,344.19156071605005,2.42450213,0.108482964
60,3.612214100820332e-06,7.937444364011183e-06,3.612214100820332e-06,0.7020719397771232,350.404034480568,3.01250172,0.108550616
136,1.4508972539563431e-05,2.6809161087868058e-05,1.4508972539563431e-05,2.595120182114415,573.4229750495705,3.37087655,0.108553417
61,4.276734502049266e-06,9.45332744543212e-06,4.276734502049266e-06,0.7685957237683688,359.4510652939442,3.0527451,0.108571783
75,6.617887276204156e-06,1.6325923374530947e-05,6.617887276204156e-06,1.1956246664001713,458.5691639679253,4.21071291,0.112058416
84,9.560350443450365e-06,2.3420780220089497e-05,9.560350443450365e-06,1.5042501153345258,496.8125175911527,4.63535166,0.113740161
65,7.11275290055963e-05,0.0003812438757762019,7.11275290055963e-05,2.1141381556560725,584.2526353398417,37.1115341,0.108730078
63,2.661532539342852e-06,6.406587759284175e-06,2.661532539342852e-06,0.6902115979389767,377.2163333527282,3.34845018,0.109046377
66,4.257580067811689e-06,1.0586650197464198e-05,4.257580067811689e-06,0.8759358730860263,406.4885121131209,3.95090699,0.109620646
64,2.2764459806404376e-06,5.614614543942765e-06,2.2764459806404376e-06,0.6243214966082788,365.7083430949198,3.32579637,0.108882174
60,1.6913897313945576e-06,3.854580480712403e-06,1.6913897313945576e-06,0.5364440428933888,348.854578531433,2.35527992,0.108653128
58,1.8049872519796608e-06,4.109476765766456e-06,1.8049872519796608e-06,0.5341252230363209,345.2939659286405,2.66897869,0.108567521
59,1.8383254681627935e-06,4.146914026841945e-06,1.8383254681627935e-06,0.5734079432510878,353.6234373776227,2.32353449,0.108781904
93,1.3716371212289901e-05,3.553400876611413e-05,1.3716371212289901e-05,1.7293458760332654,592.855733267247,4.67461681,0.107047468
105,1.4597782805768277e-05,3.403727627916876e-05,1.4597782805768277e-05,1.8492364381318351,563.8843692941094,5.43238211,0.111698449
99,1.6367110224228505e-05,3.675155342063245e-05,1.6367110224228505e-05,1.7117699270429547,477.1465107481974,5.69222021,0.110118955
83,9.126604696134759e-06,2.250391398021802e-05,9.126604696134759e-06,1.015763614021611,400.52645484933925,4.65048265,0.109025925
46,3.9593462514472305e-06,1.2541713656121138e-05,3.9593462514472305e-06,0.386948127746363,299.4362702144975,6.39511108,0.10846357
59,1.563551428627616e-05,5.7659427266475745e-05,1.563551428627616e-05,0.5455134409577146,295.73879387199577,15.3221521,0.108528048
46,3.903465657571507e-06,1.3360947820090796e-05,3.903465657571507e-06,0.36875018035023477,305.87433514923714,6.47734976,0.108387172
43,5.511048583670286e-06,2.4954535863545216e-05,5.511048583670286e-06,0.3656278094460441,310.22869707130434,16.8468666,0.108301267
45,3.5135706382440557e-06,1.084490695424998e-05,3.5135706382440557e-06,0.3777788091193571,299.7005007174619,4.97950315,0.108316883
77,1.6814623748956425e-05,5.751782964019822e-05,1.6814623748956425e-05,0.7862696001730117,351.80263412132285,14.9852705,0.10861484
69,8.063468898148857e-06,2.1097711321533978e-05,8.063468898148857e-06,0.7743896921664586,358.23082741032715,4.49863863,0.108785503
84,1.283674590213797e-05,3.671468673393212e-05,1.283674590213797e-05,1.2608730862063067,418.7062772460557,10.2235813,0.108442068
72,1.5093267304225434e-05,5.120968132012868e-05,1.5093267304225434e-05,0.8101861888308987,347.8760799887828,14.0733376,0.108556092
71,6.793020445540255e-06,1.6942653044123502e-05,6.793020445540255e-06,0.8118386529375066,369.38898100998637,3.7581985,0.108980462
84,1.3556624029255714e-05,3.080933490733117e-05,1.3556624029255714e-05,1.3278410744530034,380.7793787430549,7.80042124,0.108444735
40,5.404428006283504e-05,0.00027928897636831144,5.404428006283504e-05,0.42166746798147825,299.02214826705165,39.2590561,0.10860984
65,0.0003680069914967695,0.0009973274958757262,0.0003680069914967695,2.8160929925265847,335.97973072906655,31.8789349,0.108532317
76,9.420818980071705e-06,2.0261448719262205e-05,9.420818980071705e-06,1.3592239407832492,412.11452429399,5.54376888,0.10855756
62,0.0002111749838387267,0.0005959271379426662,0.0002111749838387267,2.1482664425178286,330.17687462146307,26.7681103,0.108464956
60,7.735978186353926e-05,0.00022488141652717694,7.735978186353926e-05,1.5256283062486022,327.4679631900206,19.7823315,0.108555764
55,2.8623298425387836e-05,7.803979707445297e-05,2.8623298425387836e-05,1.1510392953537258,320.307068637778,10.8974657,0.108613163
58,3.7417171228751214e-05,0.00010354082514969555,3.7417171228751214e-05,1.2360217496690464,318.9460629845599,12.2727365,0.108651623
58,4.398786267299333e-05,0.00012416115581804075,4.398786267299333e-05,1.3003842952678915,319.14393894115994,14.3229733,0.108592451
71,0.0038522444484168097,0.007945081988772971,0.0038522444484168097,12.22662125418236,344.6726075681642,54.0625267,0.108510807
58,1.2105602780010085e-05,2.9382854207173495e-05,1.2105602780010085e-05,0.9530643869826464,321.05060113125614,6.01863432,0.108515173
55,6.1764094127976515e-06,1.415801518275871e-05,6.1764094127976515e-06,0.7769059725268902,313.9087540764654,4.28259993,0.108547375
56,2.8739881076289585e-06,6.369550671336598e-06,2.8739881076289585e-06,0.6216131828434023,342.7055029038907,2.6195395,0.10849268
58,3.97252162702097e-06,8.778762950675705e-06,3.97252162702097e-06,0.7167765656452583,347.57966291895184,3.07904267,0.108541206
56,1.9715360517601605e-06,4.367763424604898e-06,1.9715360517601605e-06,0.549536627778786,342.0162112828355,2.43031192,0.108670436
134,1.5283401842643727e-05,2.861145985798257e-05,1.5283401842643727e-05,2.5527683526624427,567.3587721243455,3.48103285,0.108429395
139,1.8568959467727608e-05,3.328158924658127e-05,1.8568959467727608e-05,2.938323869099246,573.2747949390017,5.02979469,0.108567379
72,6.913753595935161e-06,1.7314297371146124e-05,6.913753595935161e-06,1.1095521730338884,436.46935104471174,4.51247931,0.110926911
88,1.2420183296345944e-05,3.274381128065098e-05,1.2420183296345944e-05,1.601150622290219,499.62265368817816,9.56712627,0.114282571
117,5.3630527483864605e-05,0.00016592219913260872,5.3630527483864605e-05,3.357820468418638,635.2324893937529,17.5808372,0.10878332
67,3.019343189653198e-06,7.4747580098988295e-06,3.019343189653198e-06,0.7366085158652176,384.13245309280467,3.77157068,0.10928636
63,2.4830785881362624e-06,6.142198311870845e-06,2.4830785881362624e-06,0.6467381231672207,367.5927758969668,3.45624065,0.109132342
55,1.9264122663284524e-06,4.390168373559357e-06,1.9264122663284524e-06,0.5491627690117991,344.7059939502248,2.73570776,0.108702317
60,1.920025358776501e-06,4.473957080115676e-06,1.920025358776501e-06,0.5705062573907934,351.2304135771697,2.8781631,0.108816467
95,4.747741790711073e-06,1.1503710866941595e-05,4.747741790711073e-06,1.4967412307684949,613.5289516829216,4.03190184,0.10500098
107,1.6299430960952106e-05,3.7864446339171706e-05,1.6299430960952106e-05,1.9618662693608884,566.8922618885489,5.98601484,0.112004302
94,1.562844376152513e-05,4.00325044475416e-05,1.562844376152513e-05,1.7583478780760755,569.6093622253812,4.81760263,0.106104381
102,4.4753577960188724e-05,0.00010038201357021235,4.4753577960188724e-05,2.3717372296200896,486.34441301775973,7.65697718,0.11021211
76,8.074861959123803e-06,1.989484440270336e-05,8.074861959123803e-06,0.9614121670992242,392.8065050255585,4.42349434,0.10913121
166,3.013433231738287e-05,6.107657294521747e-05,3.013433231738287e-05,2.934843267049234,517.2270879513553,6.57640123,0.108460002
78,0.004771716565423062,0.009425096970676594,0.004771716565423062,15.636471718371487,362.6356145002198,55.5965843,0.108570293
141,0.00012369386340383445,0.0005915435283210989,0.00012369386340383445,2.974788561204217,517.2016225506533,53.8156281,0.108556211
85,1.140164712436434e-05,2.3138438792352772e-05,1.140164712436434e-05,1.4057383404727168,380.38340581029445,5.58430195,0.108412705
84,9.683211318773193e-06,2.134856579337278e-05,9.683211318773193e-06,1.2600018150350678,385.3655055273102,6.22979546,0.108406059
71,8.149497951034631e-06,2.2843236829818622e-05,8.149497951034631e-06,0.7180253451609172,346.4640825952015,6.02384949,0.10861323
85,8.891939643970908e-06,2.314350183189377e-05,8.891939643970908e-06,1.1963724963391973,412.0360027660772,7.059515,0.10849271
66,8.298463485026926e-06,2.4246705147152828e-05,8.298463485026926e-06,0.704292401259391,340.15725816735227,7.38629341,0.108553618
67,8.680078797198243e-06,2.4625786955998317e-05,8.680078797198243e-06,0.7987585225110618,349.5682701302525,7.33397436,0.10859555
70,5.7986011460919806e-06,1.4890020988098249e-05,5.7986011460919806e-06,0.7139516804939972,351.76497227524294,3.93938637,0.10879676
67,5.787352091406058e-06,1.449308067560034e-05,5.787352091406058e-06,0.7496668089394566,356.7452858331686,3.55298328,0.108940147
84,2.1525660391568658e-05,5.922573278312635e-05,2.1525660391568658e-05,1.4137803831206799,376.7733623498829,14.4398146,0.108526252
91,1.844068025842622e-05,4.564244209005279e-05,1.844068025842622e-05,1.4005102952040824,377.64697751362684,12.3465242,0.108490154
61,0.0016254251386013136,0.003924692255224509,0.0016254251386013136,5.950665599921471,328.55817931007346,58.6120834,0.108522676
56,1.5596844743236632e-05,3.881038855938631e-05,1.5596844743236632e-05,1.038092733806298,322.7665093368481,6.78772688,0.108517557
76,1.4476202372286531e-05,3.474273541302232e-05,1.4476202372286531e-05,1.3079462832339244,385.8356330456131,7.90982962,0.108547144
58,1.5285027015217717e-05,3.9302759841061094e-05,1.5285027015217717e-05,0.98987193135079,319.791436585681,7.53371763,0.10851378
52,6.65926805073547e-06,1.5399749374558842e-05,6.65926805073547e-06,0.7886005289356877,312.47764609731695,4.44370079,0.108550578
51,5.283924021428699e-06,1.2220449543364268e-05,5.283924021428699e-06,0.7183472881323438,305.7321647868524,3.48207831,0.108686373
55,1.1213449297831186e-05,2.7013089964487622e-05,1.1213449297831186e-05,0.9200015617036577,311.9459100661913,5.48470354,0.108722866
53,5.407723202203046e-06,1.2541906139272671e-05,5.407723202203046e-06,0.716960477098246,302.37028202570207,3.56357551,0.108653523
54,8.219121890796883e-06,1.9004689005773713e-05,8.219121890796883e-06,0.8463332298203786,307.6458437050041,4.6679616,0.108625971
58,2.035601354851444e-05,5.2648358024606565e-05,2.035601354851444e-05,1.0774960826520283,310.13367779913756,7.967906,0.108520612
49,5.46945615085324e-06,1.2638703114661738e-05,5.46945615085324e-06,0.7327137976788183,310.8455796469776,3.96316695,0.108562194
53,5.7711730776885814e-06,1.335344808505758e-05,5.7711730776885814e-06,0.7506038024114857,311.94893748604693,3.59208322,0.108475447
50,4.392877605249598e-06,1.0266015024026687e-05,4.392877605249598e-06,0.6628407594014304,303.89994304891127,3.39543915,0.108557731
51,4.367648747573419e-06,1.0087393904655806e-05,4.367648747573419e-06,0.6652354976059075,305.0158307220066,3.10773993,0.108609647
55,2.7022902013351547e-06,5.88857082105966e-06,2.7022902013351547e-06,0.6121663673595934,341.47126951976855,2.6454401,0.108616829
59,4.2189268404348476e-06,9.275491309607364e-06,4.2189268404348476e-06,0.7273924948781321,346.1491791375242,2.96220541,0.108601652
135,1.9025822505670894e-05,3.4331759545672316e-05,1.9025822505670894e-05,3.030204096728048,593.5053387286389,4.20586824,0.108502917
55,2.1067194087467796e-06,4.610862609043695e-06,2.1067194087467796e-06,0.5648096776199256,340.7806065483355,2.54796982,0.108709708
92,1.3235696540638257e-05,2.645688267488364e-05,1.3235696540638257e-05,1.9465322180934208,466.1407397784379,5.68750048,0.108456016
75,6.092249594432378e-06,1.5422483782462217e-05,6.092249594432378e-06,1.0315381426259285,425.56394831919425,4.45989799,0.11028523
79,7.5535240460551266e-06,1.8557024683307978e-05,7.5535240460551266e-06,1.2588167055183483,453.72797210805726,4.50236797,0.113562994
110,3.1507529881155414e-05,8.602315069770337e-05,3.1507529881155414e-05,3.150067370862004,625.2430173727613,12.2408628,0.106783472
81,8.357409103981804e-06,2.0537023802963632e-05,8.357409103981804e-06,1.3053415285666756,455.89424106784645,4.57563305,0.114054099
63,2.5432480712003505e-06,6.304637986652621e-06,2.5432480712003505e-06,0.6484011570540902,367.73902266866713,3.28310537,0.109149151
68,4.001992959621084e-06,1.0148663945429934e-05,4.001992959621084e-06,0.830235798374155,396.8278202040791,4.05276394,0.109777465
55,1.807575689115161e-06,3.964636676664191e-06,1.807575689115161e-06,0.5488019647248313,343.10546779510616,2.16646481,0.108701743
64,2.09323773888743e-06,5.108270334328946e-06,2.09323773888743e-06,0.5962287382772531,358.6727705276406,3.3590107,0.108961701
58,1.896184638600196e-06,4.259194440986575e-06,1.896184638600196e-06,0.5662220159129414,345.30253904518946,2.85586166,0.108765006
103,2.297639571984436e-05,5.2094783574371146e-05,2.297639571984436e-05,2.036009645579343,538.6380440689506,5.6322279,0.111203387
91,1.6123749369203776e-05,4.0838444556951504e-05,1.6123749369203776e-05,1.7290001215886446,550.8863323958901,4.78965425,0.108579881
89,1.6601945423530762e-05,4.174067655220558e-05,1.6601945423530762e-05,1.2816464474311366,411.4466047912622,8.76520538,0.109184556
100,9.715134547361745e-05,0.00021497214050416935,9.715134547361745e-05,3.0315658814301374,490.3586709448056,7.49376869,0.110495143
71,5.973265521391046e-06,1.4790012787070628e-05,5.973265521391046e-06,0.8002691272225656,365.65242363085383,3.84273362,0.109059408
246,4.018964939800421e-05,7.07312157592849e-05,4.018964939800421e-05,4.766939324165652,706.5193109992689,8.56805706,0.108480327
59,0.0001079847684435327,0.0003031977349137177,0.0001079847684435327,1.7430277742620632,315.23547406423626,20.1261826,0.108571053
63,0.0013576641070078617,0.0034769432753640208,0.0013576641070078617,5.048257815914974,305.1086172289238,58.1855507,0.108521327
90,1.0345894371084804e-05,2.0679942697540668e-05,1.0345894371084804e-05,1.4570845512686221,391.6587573972154,4.60097408,0.108416863
88,1.197448758164021e-05,2.450665759638354e-05,1.197448758164021e-05,1.4431612156077205,374.067044971519,6.18336439,0.108445451
84,8.060412615491471e-06,1.700257084423744e-05,8.060412615491471e-06,1.1999059218779407,377.1918858092569,5.4397049,0.108420432
67,5.775043123788633e-06,1.5173565243555097e-05,5.775043123788633e-06,0.6829108223392523,342.2966245543804,4.318326,0.108605623
81,6.470033052401092e-06,1.4194962173118205e-05,6.470033052401092e-06,1.147279236499284,388.12757990696196,4.76980829,0.108517125
67,6.391411465294725e-06,1.8209528748305872e-05,6.391411465294725e-06,0.6723320470578875,336.0489452040294,6.55129671,0.108637616
68,6.187696800676382e-06,1.663397625219527e-05,6.187696800676382e-06,0.7379207392745211,338.8505672849352,5.73559809,0.108585849
66,5.2310495953760886e-06,1.3168264083235299e-05,5.2310495953760886e-06,0.7033081652177798,345.1380622127393,3.50242329,0.108833261
68,0.0003970017454989443,0.0011213067200102568,0.0003970017454989443,2.8529407718405024,336.92939303136586,41.2048264,0.108640037
47,0.0001783124330170949,0.0009014595050541511,0.0001783124330170949,0.5559993144890855,299.6625423386505,62.1477127,0.108510949
57,2.1355957064074623e-05,5.551676618711085e-05,2.1355957064074623e-05,1.125598486833958,324.95599363919814,8.21624851,0.108613417
53,5.404753273170487e-06,1.2370501088226492e-05,5.404753273170487e-06,0.7321089508778578,311.6734859080642,3.53810167,0.108668745
82,2.0776174159488737e-05,5.249862118993504e-05,2.0776174159488737e-05,1.5456895659490506,404.0598081959954,10.3264599,0.108517699
51,4.148657586583378e-06,9.691001172768148e-06,4.148657586583378e-06,0.6528328264892337,304.5740393359986,3.20199966,0.108573027
48,3.956383183203537e-06,9.248861307460299e-06,3.956383183203537e-06,0.6355069537211114,298.19661017532167,3.03161216,0.108622484
48,3.422105898687154e-06,7.875762255753e-06,3.422105898687154e-06,0.6022762365242719,291.379602153659,2.53828049,0.108671837
50,4.183322537453316e-06,9.737283713313165e-06,4.183322537453316e-06,0.6405002034134909,290.66520138509566,3.21992874,0.108550325
51,4.830609754994877e-06,1.1278133881308054e-05,4.830609754994877e-06,0.6808625015264805,295.493579163648,3.64218163,0.108548895
53,6.31954789934242e-06,1.4410680261974778e-05,6.31954789934242e-06,0.7743021463579268,300.0383171708717,3.77098083,0.108528689
58,1.905238972263018e-05,4.8109193268543174e-05,1.905238972263018e-05,1.0759622498370496,305.0721679395685,7.71553469,0.108530566
48,3.7518256653418253e-06,8.654546449182962e-06,3.7518256653418253e-06,0.6286208971843676,297.8000238898527,3.10710669,0.108608641
48,3.3990110499204234e-06,7.881438058487679e-06,3.3990110499204234e-06,0.6046074120797938,296.60894850994623,2.80968976,0.108632348
49,3.7016008001915457e-06,8.493972066769095e-06,3.7016008001915457e-06,0.6261157428129662,299.24452988678377,2.7278533,0.108625002
54,2.3989835133547285e-06,5.135404350783144e-06,2.3989835133547285e-06,0.5958207300879304,339.24675089060946,2.34122109,0.108629122
55,3.130717413226935e-06,6.848523861822873e-06,3.130717413226935e-06,0.6419783562736333,339.303399819887,2.71683455,0.108548172
58,3.7224200698660103e-06,8.070004429140322e-06,3.7224200698660103e-06,0.693550724654692,341.9766782738945,2.97101903,0.108527809
65,5.852749097391187e-06,1.3149985248739428e-05,5.852749097391187e-06,0.8188553192590668,348.03374435414344,3.5575788,0.108589329
111,1.768277670380213e-05,3.539199522068843e-05,1.768277670380213e-05,2.100328395803586,513.2443062823078,4.24283457,0.108479269
135,1.8859858016089286e-05,3.4461919867989e-05,1.8859858016089286e-05,3.057410332753447,595.153460541237,5.40376759,0.108359657
54,1.956025500608827e-06,4.218427145747664e-06,1.956025500608827e-06,0.5553374937372961,339.43618471599046,2.29952979,0.108658738
85,1.092542676891511e-05,2.6790399861526627e-05,1.092542676891511e-05,1.5228008030451103,478.02078079924087,4.88284445,0.112449855
66,0.0007436256151438454,0.0030552792772453783,0.0007436256151438454,3.6942258086095046,597.7135533014675,48.9823227,0.10318584
76,5.60549678223215e-06,1.4067678976300726e-05,5.60549678223215e-06,1.015789298922058,421.01330271738624,4.28998899,0.111720651
65,3.409359593988846e-06,8.713136953900551e-06,3.409359593988846e-06,0.7355735572877189,379.43076050910884,3.87201452,0.109752648
58,1.9659725405673548e-06,4.290668777498789e-06,1.9659725405673548e-06,0.5629211775427964,340.50438598796137,2.75497007,0.10869398
65,1.9796138629095475e-06,4.848095311444304e-06,1.9796138629095475e-06,0.5832975622269401,355.7576238911828,3.16514421,0.109019414
59,1.929055284564418e-06,4.476527197204806e-06,1.929055284564418e-06,0.5572567955656196,344.28369757321894,2.90056086,0.108860664
97,3.8669405352070905e-05,8.895717962222853e-05,3.8669405352070905e-05,2.1989900062709054,509.6461256090449,5.4004631,0.112196758
87,3.304356895118119e-06,8.229355625024117e-06,3.304356895118119e-06,1.3459114713757525,573.9676213267844,4.22033596,0.101166308
87,1.1608653407454966e-05,2.76335296842941e-05,1.1608653407454966e-05,1.2557674078354164,418.46522448718287,5.85480738,0.109500602
94,1.0862057154448224e-05,2.4949735050947926e-05,1.0862057154448224e-05,1.3930937890128134,440.8441753196871,5.33739614,0.110040672
72,5.72186277775356e-06,1.4154240794860268e-05,5.72186277775356e-06,0.8185711756528782,367.4659095134636,4.09028006,0.109070688
162,5.3003747779530056e-05,0.00014085881374180582,5.3003747779530056e-05,2.917402425577162,485.10489676276313,15.6765947,0.108502857
63,0.00021849629617873683,0.0009790328508172766,0.00021849629617873683,0.8839858694587526,280.54341916082575,53.1314125,0.10848774
60,3.555182384563789e-05,9.976700023049212e-05,3.555182384563789e-05,1.2302158126941598,302.8725914572586,13.6408825,0.108512782
130,3.022187749923091e-05,9.482761127947268e-05,3.022187749923091e-05,1.9310384517757675,461.3585538338345,12.8520393,0.108477637
92,1.046100674213381e-05,2.001100644519419e-05,1.046100674213381e-05,1.5606202451690363,392.2181854921649,4.25211191,0.108485639
68,5.647835206168467e-06,1.5690952712023788e-05,5.647835206168467e-06,0.6471998624964556,333.36493843081206,5.75960207,0.108572878
67,5.165419319183231e-06,1.3512210704254587e-05,5.165419319183231e-06,0.6574938240532323,336.7911703619139,3.95030594,0.108603612
80,5.569660126648909e-06,1.1722387299660701e-05,5.569660126648909e-06,1.123477688383887,387.55218777684826,3.74877357,0.108450986
65,5.756818600501378e-06,1.543398469580514e-05,5.756818600501378e-06,0.6812107843082913,329.7372501473998,4.72739697,0.10852851
65,4.187221472248438e-06,1.0286864921799103e-05,4.187221472248438e-06,0.6931090273061594,329.8718087761373,4.38583851,0.108378544
63,4.710529319228316e-06,1.18407977924732e-05,4.710529319228316e-06,0.6660703456155439,336.02085168456387,3.5674727,0.108702332
65,4.644559115371887e-06,1.1566363404070485e-05,4.644559115371887e-06,0.6892805930375319,341.5598997581208,3.37793851,0.108873114
74,0.0007311121786883816,0.002054662286767541,0.0007311121786883816,3.682930605847576,338.814780411043,55.3462524,0.108581871
55,1.1813016845451065e-05,2.7250979358968778e-05,1.1813016845451065e-05,0.9894541979390928,322.2351931386735,5.85070801,0.108573586
70,0.0028877459474830644,0.0064944126024233315,0.0028877459474830644,8.60341094076203,335.313484160839,57.8089333,0.108635284
52,6.227807395768346e-06,1.4281110480206378e-05,6.227807395768346e-06,0.7815566938941593,315.219936255967,4.67642689,0.108605362
49,4.082282712379959e-06,9.300243571769026e-06,4.082282712379959e-06,0.656770243592722,303.68843115607393,2.90748334,0.108568378
81,0.004855462853697622,0.010012011816419942,0.004855462853697622,13.28652304172988,351.50455919385706,62.174778,0.108532421
124,2.0552368927005626e-05,3.957235724989335e-05,2.0552368927005626e-05,3.011547527608421,585.5457778117992,6.10200119,0.108402118
48,2.9418925077682616e-06,6.76779035739229e-06,2.9418925077682616e-06,0.5693933688358285,287.4121229979393,2.50501513,0.108622313
44,3.089820457513283e-06,7.0166925615119074e-06,3.089820457513283e-06,0.5784707024410161,281.7628031481925,2.34318066,0.108650997
46,3.043718878972072e-06,6.961095597446732e-06,3.043718878972072e-06,0.5723840745795359,279.84793606253044,2.56168485,0.108565047
46,3.5272731751473806e-06,8.0762500974123e-06,3.5272731751473806e-06,0.6084352027662536,283.06532603232006,2.87414908,0.108549558
49,4.385549883705677e-06,1.011006074653855e-05,4.385549883705677e-06,0.6638790464368627,289.8146515997721,3.48974061,0.108532839
55,5.399685220322477e-06,1.2506149313233281e-05,5.399685220322477e-06,0.7149883719886424,292.40139717876224,3.96470809,0.10850054
47,3.111752209179539e-06,7.107814257087786e-06,3.111752209179539e-06,0.5813273274515968,291.06595672077947,2.48228574,0.108596757
46,2.7738870769636545e-06,6.335045135534996e-06,2.7738870769636545e-06,0.5590180760700095,285.8415650586681,2.48217249,0.108571813
47,3.045078179385973e-06,7.033041508433668e-06,3.045078179385973e-06,0.578283788514555,290.741061079578,2.7117486,0.108624637
45,2.559787123073202e-06,5.821580023126311e-06,2.559787123073202e-06,0.5445023439253743,283.231661279097,2.2845974,0.108558245
46,3.3448539019947037e-06,7.567868308765559e-06,3.3448539019947037e-06,0.6079415037822163,296.72963748762066,2.61736631,0.108605914
46,2.858448847289981e-06,6.486770729238473e-06,2.858448847289981e-06,0.5677425729484391,288.8150176981904,2.37284875,0.108601801
57,3.3808696865690876e-06,7.356866127143346e-06,3.3808696865690876e-06,0.6588466665957007,336.3980033534751,2.99982548,0.10846553
56,4.256218049506082e-06,9.351028225841966e-06,4.256218049506082e-06,0.7107120301808239,337.74778858035484,3.21547985,0.108469166
59,5.698190534445784e-06,1.2762981499881059e-05,5.698190534445784e-06,0.7898126451072084,341.523169367158,3.83567762,0.10857144
63,8.437520252843136e-06,1.945539592740065e-05,8.437520252843136e-06,0.9134696087644761,345.22792779550656,4.98474026,0.108358636
121,2.0427871081075272e-05,3.98991480333028e-05,2.0427871081075272e-05,2.632258114200683,546.7601511236926,5.85849333,0.108357988
56,2.261671993345282e-06,4.883456238504849e-06,2.261671993345282e-06,0.5772997191521604,336.340487508932,2.56859779,0.108673021
80,6.379773243992071e-06,1.5842107890529998e-05,6.379773243992071e-06,1.1263854044428794,430.47686402885114,4.63822079,0.110117726
62,0.0002595650550761724,0.001349906438308756,0.0002595650550761724,1.5481173894147446,470.32256402508847,51.6542816,0.108287513
104,2.4102849266954898e-05,5.2201252784314345e-05,2.4102849266954898e-05,3.6366183117241335,628.7818962136014,5.75568008,0.107954755
70,3.6464197800164067e-06,9.347633298657526e-06,3.6464197800164067e-06,0.8137709670107863,393.6620015981806,4.06905651,0.109993771
68,3.736397002873988e-06,9.696457551801018e-06,3.736397002873988e-06,0.7793125320609048,387.20734738849507,3.93106675,0.110109709
58,2.129561827811268e-06,4.665286479544268e-06,2.129561827811268e-06,0.5716224817784449,337.3305619391674,2.51967645,0.108696625
66,2.55282450401508e-06,6.547392632293261e-06,2.55282450401508e-06,0.6461895415281999,364.7069443925919,3.71909928,0.109245203
60,1.903140028189142e-06,4.507361093587431e-06,1.903140028189142e-06,0.5529265576848161,344.32577129978955,3.11045241,0.10887225
57,1.94286681740161e-06,4.182506603373239e-06,1.94286681740161e-06,0.5627808164688659,336.22518854496207,2.39869595,0.10867963
94,4.9798918325422555e-05,0.00011646969645210628,4.9798918325422555e-05,2.2703173258209652,490.41193387246915,6.24610424,0.112617306
85,7.735237269840063e-06,1.8111963009873186e-05,7.735237269840063e-06,1.5171680894825912,525.0013056599447,4.08404064,0.105999574
92,1.084873675914662e-05,2.5606053439570377e-05,1.084873675914662e-05,1.2592477255603889,418.9397258793311,5.3912921,0.109852716
66,4.8934545786748566e-06,1.2066567106680536e-05,4.8934545786748566e-06,0.7180512276650395,346.88635687143733,3.5379529,0.108822249
72,6.388834349222259e-06,1.569258386771436e-05,6.388834349222259e-06,0.8663310014661973,367.82813625478474,4.25635386,0.108953618
85,1.3002019026611853e-05,2.7270108232732037e-05,1.3002019026611853e-05,1.46142238949062,365.2351092020602,6.72482252,0.108616941
58,3.526680710779639e-05,9.568194248479987e-05,3.526680710779639e-05,1.2499436271762687,298.3649122668528,11.7885437,0.10850098
44,0.00015246282477468276,0.00038565229354030887,0.00015246282477468276,1.535634505036692,276.7504909858808,11.9107828,0.108607695
54,7.425647520294115e-06,1.6749467469515522e-05,7.425647520294115e-06,0.8247625844740617,292.40154332881485,4.57444477,0.108505704
179,2.2801513169358577e-05,4.133437719483014e-05,2.2801513169358577e-05,3.0820811613770234,540.1568652253902,4.9236517,0.108588085
76,6.981682639936772e-06,1.4425396567538936e-05,6.981682639936772e-06,1.1343384698835002,359.3368516097526,3.82254791,0.10857401
61,4.127300061753638e-06,1.0877958394590442e-05,4.127300061753638e-06,0.6108978092599779,325.204283307366,4.60961485,0.108462311
70,5.551098056695664e-06,1.15431909666603e-05,5.551098056695664e-06,1.1210479306359358,378.21396904854254,3.66065311,0.108424008
63,3.5044004939717084e-06,8.49510222713986e-06,3.5044004939717084e-06,0.6272119628743181,318.99236657962905,3.57918453,0.108344764
76,4.769442342080979e-06,1.0099963966242572e-05,4.769442342080979e-06,1.0619042691276723,389.1023858043488,3.40135884,0.108410761
62,3.953072523978937e-06,1.0057243055907146e-05,3.953072523978937e-06,0.6127455048606059,326.0686757659602,3.68728137,0.108513236
66,4.1033447452140835e-06,1.0257158908282495e-05,4.1033447452140835e-06,0.6321461556236886,328.6110784610734,3.27286506,0.108665898
59,2.574846465492378e-05,6.721281155926641e-05,2.574846465492378e-05,1.1967953392329471,325.64085501655853,9.9667778,0.108606718
46,4.74412482895912e-06,1.0717671860194724e-05,4.74412482895912e-06,0.7038557454124086,309.3265423705321,3.07227087,0.108524561
51,5.404557156312908e-06,1.2001297063299052e-05,5.404557156312908e-06,0.7507079950898652,312.9107719820623,3.36563754,0.108570307
62,0.00011525665427940981,0.0003622477262905916,0.00011525665427940981,1.7083332065397243,329.16416945865296,28.2689762,0.108611412
49,3.7627490819816617e-06,8.521304967240955e-06,3.7627490819816617e-06,0.6355168657103027,301.781949700464,2.61568832,0.108594462
64,0.00044430773903276176,0.0012169685016979127,0.00044430773903276176,2.3257102202849658,307.4464254897872,38.5765572,0.108596571
46,2.594594517823026e-06,5.921373440179062e-06,2.594594517823026e-06,0.5444044375949072,280.6187186983862,2.27895188,0.108613797
45,2.346329984612728e-06,5.272930726128901e-06,2.346329984612728e-06,0.5289287987700101,274.9302237253581,2.0652647,0.108513512
44,2.406744025437016e-06,5.3935256146627695e-06,2.406744025437016e-06,0.5283380058303124,270.94061789349416,2.05353642,0.108507812
46,2.8346769907275013e-06,6.451227565432511e-06,2.8346769907275013e-06,0.5575369289080278,274.90709669249566,2.50990033,0.10859412
45,3.3344925697156116e-06,7.6050400674218205e-06,3.3344925697156116e-06,0.5909982331799526,276.19862608516877,2.58341622,0.108601868
48,3.9802159122820354e-06,9.08025680420549e-06,3.9802159122820354e-06,0.6392515109137827,280.46233498181266,3.13105154,0.108637147
47,2.3835645894661287e-06,5.355329418836436e-06,2.3835645894661287e-06,0.5292888199315342,279.0556198997295,2.05715632,0.108679958
44,2.542852617054452e-06,5.782778688101644e-06,2.542852617054452e-06,0.5422334423363326,282.0270008511244,2.4063735,0.108563103
46,2.008115426923477e-06,4.478288075885216e-06,2.008115426923477e-06,0.5052938303691926,274.60754709038173,1.87576854,0.108678073
45,2.0705829044403576e-06,4.638818659777615e-06,2.0705829044403576e-06,0.5092190125470324,274.2588834976395,2.04996419,0.108590841
47,2.78845392872491e-06,6.30200052890041e-06,2.78845392872491e-06,0.5637293000153839,290.2150678485766,2.31925631,0.108674243
46,2.4886699464432604e-06,5.60554612758848e-06,2.4886699464432604e-06,0.5400731717678835,283.9183463453326,2.13057518,0.108615972
54,3.332016325517257e-06,7.161755298006409e-06,3.332016325517257e-06,0.6572371365288128,334.3935351137925,2.97946858,0.108569637
58,5.47528162495573e-06,1.2178820442492655e-05,5.47528162495573e-06,0.7701400802548322,336.46144128519603,3.79554725,0.108542353
53,5.016476547276868e-06,1.1009220341345014e-05,5.016476547276868e-06,0.7479312313733743,334.52931709473603,3.45033216,0.108459786
59,8.748627352322177e-06,2.008702563989815e-05,8.748627352322177e-06,0.9062157124207512,341.0091229241714,4.83667707,0.108497396
115,2.9895681092772846e-05,6.449541262498257e-05,2.9895681092772846e-05,2.390767327442553,508.0950254655264,10.4582396,0.108464003
40,5.262166578058266e-05,0.0002606700096943079,5.262166578058266e-05,0.4157685770541967,294.4348979330646,34.3297958,0.108528599
54,2.3945824956922835e-06,5.103735529600082e-06,2.3945824956922835e-06,0.5906628097755129,334.5791369457127,2.39562249,0.108721599
80,9.487338328141035e-06,2.333215085715697e-05,9.487338328141035e-06,1.2813659724512383,429.7308386187432,5.20135498,0.112367943
150,0.0003443910565422249,0.001092796607920019,0.0003443910565422249,3.9909851362731326,524.3817461166071,38.0055161,0.112956099
66,0.0001329711026245868,0.0007147880329465611,0.0001329711026245868,2.85208916842222,574.7089353161692,43.5898895,0.109389067
67,2.6520043369916535e-06,6.724310609753265e-06,2.6520043369916535e-06,0.6965490909996216,374.04068568885367,3.77481985,0.109423153
58,2.287450935837371e-06,4.847233257917152e-06,2.287450935837371e-06,0.5887965297565813,333.5682790262189,2.39891458,0.108643994
65,1.992974321811184e-06,4.924117341865973e-06,1.992974321811184e-06,0.5890496698871411,354.41038892620435,3.38757706,0.10907881
57,1.861812058134366e-06,4.401643644947346e-06,1.861812058134366e-06,0.5524919707777695,342.81533539129794,3.1511395,0.108866349
58,1.9300508335688756e-06,4.364487216280357e-06,1.9300508335688756e-06,0.558022672207771,337.8471653676904,2.79991722,0.108808242
57,2.027106128061635e-06,4.329384755384637e-06,2.027106128061635e-06,0.5677881503369264,333.4053948148413,2.506706,0.108696677
96,4.96588173760489e-05,0.00011737125031492203,4.96588173760489e-05,2.2493662823817973,484.70147241927776,6.41676188,0.112966895
87,2.9885479357197436e-06,7.379009733384671e-06,2.9885479357197436e-06,1.2571284246199443,529.7580541499178,3.90368271,0.106633395
93,1.190997393729674e-05,2.8946090065440295e-05,1.190997393729674e-05,1.2748718803402066,417.08985732999497,6.13177204,0.10980352
63,4.338641380952139e-06,1.0563040285992484e-05,4.338641380952139e-06,0.6867573902716143,338.08353150583395,3.10902667,0.108789749
76,8.549668801478609e-06,2.0707965681529885e-05,8.549668801478609e-06,0.9682837590129699,370.9007219078951,4.69143248,0.109097488
58,1.728036166793661e-05,4.3505919192799856e-05,1.728036166793661e-05,1.0419308785478343,290.00629083452367,8.539855,0.108558148
54,6.134291359109899e-06,1.3951701169332767e-05,6.134291359109899e-06,0.7557393562439452,285.9138365753147,4.10005188,0.108640894
87,0.005147936675952837,0.010062947212312628,0.005147936675952837,16.852065279079838,350.0625792387751,56.0553818,0.108532868
164,2.2765111459564207e-05,4.101929658430211e-05,2.2765111459564207e-05,3.0308159353553084,524.3231853020744,5.92057085,0.108672716
242,3.778641429173455e-05,7.027344447308511e-05,3.778641429173455e-05,4.489613525393787,681.4823626698817,5.54571962,0.108559854
77,6.4146039082136325e-06,1.3242947894975077e-05,6.4146039082136325e-06,1.1235474517518316,358.7559458565796,3.69187856,0.108497523
63,3.214832995066434e-06,7.773556335123784e-06,3.214832995066434e-06,0.5951978224644235,313.03934888948237,3.41036463,0.108367577
58,3.462948880802924e-06,8.596429424221693e-06,3.462948880802924e-06,0.5956816354327387,318.12244556166945,3.36341667,0.108479857
62,3.403515315464959e-06,7.987718280696069e-06,3.403515315464959e-06,0.641545369674588,313.6065090007331,3.43627882,0.108402342
72,5.505474217159737e-06,1.1427869136772829e-05,5.505474217159737e-06,1.133279670866218,377.9537425268708,3.60557842,0.10846512
64,3.3531978835821196e-06,8.226485421134772e-06,3.3531978835821196e-06,0.5962810398558903,318.2309578560774,3.17820358,0.108600274
64,3.998521764595936e-06,9.693800476054289e-06,3.998521764595936e-06,0.6528131190701942,327.2017400811219,3.06444883,0.108666904
54,1.263277593726469e-05,3.057720461282186e-05,1.263277593726469e-05,0.9982476279675666,320.24014058803925,7.4612422,0.10866113
48,4.636971803846452e-06,1.0319375463394688e-05,4.636971803846452e-06,0.7033859606821237,309.21230842597015,2.8852098,0.108595945
62,7.607620169587285e-05,0.0002397808873730264,7.607620169587285e-05,1.4565529863666224,326.74679673556625,19.7429276,0.108518839
48,3.5057567912650404e-06,7.966859543448293e-06,3.5057567912650404e-06,0.6140971349104462,298.06889562279804,2.64889669,0.108647749
61,7.178790013367065e-05,0.00022383645751073854,7.178790013367065e-05,1.4428910527068395,325.63928090560574,19.5294075,0.108577073
46,1.9156513412344055e-06,4.2623233048260355e-06,1.9156513412344055e-06,0.49599391884511035,271.1748512407762,1.84506273,0.108521223
43,1.7054418442442254e-06,3.7569846503331946e-06,1.7054418442442254e-06,0.4772084102374269,262.9169386178972,1.80196822,0.108566768
42,2.1574261190607863e-06,4.803621939394541e-06,2.1574261190607863e-06,0.512421266572999,266.5071084357648,1.91151321,0.108560845
44,1.6001165447420045e-06,3.5090970132080678e-06,1.6001165447420045e-06,0.4678056283407415,258.0845706397048,1.74618351,0.108614475
44,2.267834787660832e-06,5.069013079697469e-06,2.267834787660832e-06,0.5179242843730406,265.13181867916865,1.99044216,0.108645439
43,2.5027606718471373e-06,5.604582511183649e-06,2.5027606718471373e-06,0.5385249405685304,268.1035074713729,2.18626904,0.10865172
42,2.698337774569395e-06,6.043952099041054e-06,2.698337774569395e-06,0.5472918747423701,266.99134275512193,2.12387085,0.108619884
47,2.9296591286120754e-06,6.625506034182792e-06,2.9296591286120754e-06,0.5630659759625507,269.1554170091131,2.36282229,0.108601116
46,3.1042240021551115e-06,7.021232069272496e-06,3.1042240021551115e-06,0.5706351342915892,268.00227706131415,2.37347007,0.108634487
47,3.6326679693510004e-06,8.199436023117218e-06,3.6326679693510004e-06,0.6111072082255694,270.7911202698747,2.89714575,0.108700328
46,2.244168606881599e-06,5.026286712215795e-06,2.244168606881599e-06,0.5202520406656412,279.2692744164949,2.05049062,0.108613387
44,2.074138941684755e-06,4.631044458154252e-06,2.074138941684755e-06,0.5054965107569309,273.07470492464853,1.91326571,0.10871648
45,1.7472629400391429e-06,3.8614426853109565e-06,1.7472629400391429e-06,0.48427953145404157,267.8322883287363,1.84441042,0.108615682
46,1.780438128391692e-06,3.926622161490896e-06,1.780438128391692e-06,0.48570535948827315,267.1814424947162,1.82727027,0.108743459
46,2.6750026738993106e-06,6.0079560126125836e-06,2.6750026738993106e-06,0.5570449069189377,287.1788464033782,2.15256214,0.10863965
45,2.2088031576472736e-06,4.921806592226793e-06,2.2088031576472736e-06,0.5205159940959653,279.55399447912333,1.9879576,0.108588278
56,4.467987914147134e-06,9.665043616157262e-06,4.467987914147134e-06,0.7220087781593502,333.1055121940583,3.12204313,0.108453892
56,3.708319451637513e-06,7.93676752812983e-06,3.708319451637513e-06,0.6805319800405866,332.45825973021635,2.9363699,0.108621858
59,7.642172293113186e-06,1.724211044551319e-05,7.642172293113186e-06,0.8562692990820868,335.6103412812957,4.42342043,0.108629905
58,6.626487405750092e-06,1.4771846718132843e-05,6.626487405750092e-06,0.8182457055937837,334.1400857370281,4.05097389,0.108484879
63,1.2409196729869663e-05,2.8704103557991235e-05,1.2409196729869663e-05,1.033117472564864,340.4421072649652,5.34798098,0.108565658
118,7.068122180637125e-05,0.0002443213143664291,7.068122180637125e-05,2.529685480087579,499.8624699559074,37.8305588,0.108538397
68,0.00038263035713911354,0.001182371113143032,0.00038263035713911354,2.5041259722795894,330.817136518959,43.1244659,0.108548895
76,6.775657415463473e-06,1.6862834841126482e-05,6.775657415463473e-06,1.0624471821501933,409.13981572425666,4.7199955,0.11109858
94,2.443245666275504e-05,6.088838997889857e-05,2.443245666275504e-05,1.8600026387056048,448.75846345693014,8.46010876,0.114466958
141,0.000520077108815371,0.001849349956129269,0.000520077108815371,4.90278137861142,569.4215107650361,57.7902946,0.109803155
68,2.6124967768709156e-06,6.705951477779389e-06,2.6124967768709156e-06,0.6633034333757332,365.7478522513553,3.82105589,0.109264605
57,2.991667666439673e-06,6.357369454572124e-06,2.991667666439673e-06,0.6342486019811502,330.75473459709264,2.7348578,0.1087033
57,2.789169458517793e-06,5.919828841953054e-06,2.789169458517793e-06,0.6223974386270857,329.811760442302,2.80352402,0.108728267
63,2.04124890326304e-06,5.045564363246335e-06,2.04124890326304e-06,0.5893640395933348,350.68472896381047,3.4072752,0.109009564
59,1.9391117515954995e-06,4.454553685858896e-06,1.9391117515954995e-06,0.5618814296019318,338.918158708605,3.02483058,0.108919546
59,2.167217813828613e-06,4.7807381059903665e-06,2.167217813828613e-06,0.5764210654049957,332.39415984333533,3.00434518,0.108786412
54,2.4528715014387877e-06,5.2602356127372304e-06,2.4528715014387877e-06,0.5942224923519518,328.30272926539783,3.09904981,0.108649477
94,2.8905133763219646e-05,6.445064222614945e-05,2.8905133763219646e-05,1.8933025276051012,448.6263262175477,4.82461739,0.110914283
82,2.2267717905298894e-06,5.2031033629935005e-06,2.2267717905298894e-06,1.2886587341883347,550.0096602594995,3.32452464,0.104331538
92,1.3670330290520694e-05,3.07455378180429e-05,1.3670330290520694e-05,1.5057484227400522,445.8198796191049,4.51641989,0.111533605
87,3.0487222620683066e-06,7.415106002771053e-06,3.0487222620683066e-06,1.192659516963944,493.7251070559867,3.71314883,0.106406718
88,1.017037571796609e-05,2.4011766370175648e-05,1.017037571796609e-05,1.2406578723499013,410.0482266328965,5.39910078,0.109932795
66,4.287270327716532e-06,1.0512692341330744e-05,4.287270327716532e-06,0.6942827842337982,338.619387189468,3.65301776,0.108888999
73,7.90920271610971e-06,1.924739878928583e-05,7.90920271610971e-06,0.954442190735567,370.4569740872895,4.52412701,0.109264292
53,8.000049065324479e-06,1.7772751315957946e-05,8.000049065324479e-06,0.848725800419599,281.81142015720366,4.4702363,0.10859403
50,5.5946179147491136e-06,1.279052987571949e-05,5.5946179147491136e-06,0.7153627467046266,279.4719766446137,3.78272986,0.108673505
63,0.00013785599038395696,0.0003916435149654413,0.00013785599038395696,1.9013589539611462,294.00873932763164,24.3780365,0.108583234
35,4.5689384892584956e-05,0.00023866809117244,4.5689384892584956e-05,0.398924784976556,259.82894524251543,38.5775757,0.108559653
150,2.728977516792755e-05,5.448971714135935e-05,2.728977516792755e-05,2.744844645613873,465.5815410610596,9.64836788,0.10862831
80,9.639294777296568e-06,2.0588882148746056e-05,9.639294777296568e-06,1.2503664690103147,349.4301234531761,5.48758698,0.108573318
75,7.611027188758059e-06,1.6086520837541388e-05,7.611027188758059e-06,1.1622748258068254,348.2664438646018,4.59376764,0.108532116
60,2.92802486614196e-06,6.926961935847765e-06,2.92802486614196e-06,0.5843218349489285,307.5731910362989,3.22397757,0.108446069
63,3.0846198988295113e-06,7.227133559683533e-06,3.0846198988295113e-06,0.5996627094956585,303.70704831456516,3.23398781,0.108536027
64,3.703227776638785e-06,8.568090533272361e-06,3.703227776638785e-06,0.6900630041846024,315.3428325584333,3.28873777,0.10853488
74,6.225804032201784e-06,1.301600298662407e-05,6.225804032201784e-06,1.1548059144255658,366.66698532095904,3.73862648,0.108534604
62,3.204057704383506e-06,7.71298419524248e-06,3.204057704383506e-06,0.5947820917906105,315.2528264781715,3.00552058,0.108677305
60,2.904859292332467e-06,6.93492190116734e-06,2.904859292332467e-06,0.5752602633957807,309.3664541162642,2.97253776,0.108495049
62,3.713570172975205e-06,8.948564785607498e-06,3.713570172975205e-06,0.6510703615473546,325.3248867018735,3.29829979,0.108830266
61,3.3920667604994447e-06,8.08495429081199e-06,3.3920667604994447e-06,0.613472402738339,314.9087984236323,2.86403537,0.108750567
50,6.010313024941093e-06,1.361935787938188e-05,6.010313024941093e-06,0.7652714096241796,312.53162857267415,3.92239022,0.108646616
47,3.95762630803999e-06,8.952026650677374e-06,3.95762630803999e-06,0.6448351104520809,301.599356212792,2.77822733,0.108637102
53,5.946835192172979e-06,1.3230704105448383e-05,5.946835192172979e-06,0.7755699801362086,313.5703645394488,4.03836918,0.108566493
47,2.9330005607040356e-06,6.6235372472300545e-06,2.9330005607040356e-06,0.5738622156815336,290.81637136488797,2.28275108,0.108626097
55,7.202633337164015e-06,1.5800541921591265e-05,7.202633337164015e-06,0.8406830902646849,314.8025418284135,3.95743442,0.108551577
45,1.5906377062370594e-06,3.4844807974669192e-06,1.5906377062370594e-06,0.4696740157219214,263.4322988717816,1.72420824,0.108556874
45,1.4320921661369476e-06,3.1191237210072962e-06,1.4320921661369476e-06,0.4543791716599049,256.7949959050854,1.67137992,0.108717822
42,1.7464989874866585e-06,3.835438670610218e-06,1.7464989874866585e-06,0.4798093774159364,257.37532324290476,1.77587438,0.108591467
44,1.4071130541285603e-06,3.044339815553666e-06,1.4071130541285603e-06,0.4511268881727472,250.30355692438894,1.58988142,0.108594395
44,1.890128004223045e-06,4.163789755126455e-06,1.890128004223045e-06,0.49023917195184863,257.1050020193269,1.88762903,0.108644053
45,2.1363189145404807e-06,4.68719301029107e-06,2.1363189145404807e-06,0.508936375356886,256.5802926418842,1.86681128,0.108674839
44,2.2956444977449185e-06,5.070185018527105e-06,2.2956444977449185e-06,0.5211177421182727,258.1665556749862,1.98964429,0.108635031
46,2.589398547078752e-06,5.752540099087053e-06,2.589398547078752e-06,0.5410174437006948,259.4602039130091,2.12105727,0.108667776
49,3.9872641792886135e-06,9.010702091091552e-06,3.9872641792886135e-06,0.6269367558986931,269.3103772951219,3.06073141,0.108581044
45,3.2139956533831535e-06,7.155183188553272e-06,3.2139956533831535e-06,0.5769441294525754,257.1656611359305,2.38577867,0.108641773
45,1.7863406583108256e-06,3.942031321779899e-06,1.7863406583108256e-06,0.48680679511458613,270.0751081126933,1.78697586,0.108622044
46,1.6260943520426164e-06,3.5737721934031117e-06,1.6260943520426164e-06,0.47059953734046656,265.8703191616954,1.69667614,0.108650051
45,1.4495347037666021e-06,3.1670496335299185e-06,1.4495347037666021e-06,0.4550140280646494,259.8401267177015,1.70269156,0.108598426
45,1.355286663772483e-06,2.947761933566561e-06,1.355286663772483e-06,0.4476166055968813,258.00455844434026,1.67614448,0.108600602
46,2.2224874090688048e-06,4.956618347297052e-06,2.2224874090688048e-06,0.521219176426124,279.928506879815,1.93983138,0.108633079
57,6.004561146777479e-06,1.3158651248629843e-05,6.004561146777479e-06,0.7933021585390934,330.26604062516293,3.66188622,0.1083019
57,5.2543244823023996e-06,1.129934024723744e-05,5.2543244823023996e-06,0.7662386695230465,329.5960840877573,3.2643497,0.108491898
57,1.1298683871635142e-05,2.583514629425813e-05,1.1298683871635142e-05,0.9785395902262779,333.2766440092935,5.1352253,0.108348802
61,1.5915119106686525e-05,3.753949248595433e-05,1.5915119106686525e-05,1.1018957259961508,337.6870115275774,7.07819271,0.108587675
67,0.001005093700671863,0.0030127570862573424,0.001005093700671863,3.5641723599493416,314.6639709788081,67.7842865,0.108550839
58,6.43514734545218e-05,0.00020059181839364134,6.43514734545218e-05,1.3991824370395294,322.3438656783974,19.4875374,0.108506389
71,6.174470459875199e-06,1.551624506991803e-05,6.174470459875199e-06,0.9751849574814443,391.571334724766,4.92582226,0.110206947
82,1.0300045373217952e-05,2.4450861977901323e-05,1.0300045373217952e-05,1.350460647983439,419.4964001157445,5.3625493,0.112959884
96,2.638602176871954e-05,5.891890488650299e-05,2.638602176871954e-05,2.2843268382906965,473.13726839784607,6.56740332,0.112867743
87,0.0012665721847485622,0.004718542817792943,0.0012665721847485622,4.060289786315221,503.70969155041456,57.2839699,0.111537538
65,2.2448890638911567e-06,5.596780939015188e-06,2.2448890638911567e-06,0.6207842615563304,356.06293896472624,3.66542172,0.108894974
55,4.111473262154612e-06,8.758318166712904e-06,4.111473262154612e-06,0.7018540713782243,327.66765856962314,3.11811352,0.10863664
56,3.47129859080572e-06,7.419009790324795e-06,3.47129859080572e-06,0.6632159356331088,327.94398836597117,3.18273211,0.108609825
62,1.955271771072288e-06,4.72825391621944e-06,1.955271771072288e-06,0.5758041275048654,345.99196204993365,3.22792554,0.10896685
62,2.0090529110158598e-06,4.585314753584724e-06,2.0090529110158598e-06,0.5614472646962871,335.76015767560506,2.95785809,0.109014452
58,2.2083452971889417e-06,4.778808371432915e-06,2.2083452971889417e-06,0.5790939825053891,330.06898178319534,2.62430453,0.108857609
55,2.7323545405847904e-06,5.7227543617619786e-06,2.7323545405847904e-06,0.6197693126598885,326.75702669557256,2.56280756,0.108565859
88,9.776906588531112e-06,2.169629990726305e-05,9.776906588531112e-06,1.3552014776747612,426.92270777995986,4.67224884,0.111681268
83,3.473038969482983e-06,8.868989430641787e-06,3.473038969482983e-06,1.129979286581308,456.0632186056823,4.27519464,0.108397581
84,7.526385935120416e-06,1.800355491924971e-05,7.526385935120416e-06,1.0260808766949088,385.0586554676114,5.00975561,0.110129245
72,4.294783602587925e-06,1.0630241503773666e-05,4.294783602587925e-06,0.7126956926206702,341.48691925482586,3.76444316,0.109193228
73,4.3383892029079594e-06,1.0925626804877156e-05,4.3383892029079594e-06,0.7276360077460526,344.0948375124739,3.91154957,0.109210573
55,6.886843255060342e-06,1.54611292587239e-05,6.886843255060342e-06,0.7913679978254559,276.1925360257925,4.55545473,0.108591184
52,1.0354945392103631e-05,2.3048792096115695e-05,1.0354945392103631e-05,0.9314912813439575,277.71227276948,4.66185379,0.108549669
48,4.271505350253466e-06,9.639044829511875e-06,4.271505350253466e-06,0.6439389768116904,265.5452068996663,3.03625178,0.108493619
60,8.986844395360073e-05,0.0002487253751093614,8.986844395360073e-05,1.6464303277400532,286.45601781723263,17.1624832,0.108584471
41,0.00027366617710670803,0.0012807588882933465,0.00027366617710670803,0.6187960274694589,252.17915771688016,63.1237564,0.108654477
122,2.044443166479196e-05,4.263283406325394e-05,2.044443166479196e-05,2.1525547059728436,401.08528656036435,8.90485668,0.108624347
73,9.1695208676703e-06,1.9776587001747084e-05,9.1695208676703e-06,1.1988315158142804,339.09827686989973,5.70475817,0.108572714
58,2.643342567236559e-06,6.174610853608081e-06,2.643342567236559e-06,0.564506677210816,302.42000159140144,3.00407076,0.10854388
58,2.983470729291067e-06,6.877216653191857e-06,2.983470729291067e-06,0.5999413615099256,297.2879632270338,3.2626605,0.108511627
62,4.0809356581684915e-06,9.487278632770752e-06,4.0809356581684915e-06,0.697857827482049,303.78556848702567,3.63904357,0.108553059
70,7.596007896992143e-06,1.6105465248127986e-05,7.596007896992143e-06,1.178570039468261,346.42397006700804,4.83581448,0.108548164
59,2.7838675996324647e-06,6.509935135270794e-06,2.7838675996324647e-06,0.5708686124038835,304.6319454027265,2.82769179,0.108609214
58,2.509974145087233e-06,5.7960616851198985e-06,2.509974145087233e-06,0.5585866929041293,301.92856846817847,2.76234674,0.108524002
64,3.4694075283292133e-06,8.398048284079365e-06,3.4694075283292133e-06,0.6522987655815127,325.27604369856823,3.37311816,0.109050497
62,3.101848506736716e-06,7.273636645284462e-06,3.101848506736716e-06,0.6076090657924841,311.0807534286752,3.00357366,0.108677708
49,4.292144658901231e-06,9.72470233705628e-06,4.292144658901231e-06,0.6649269888501983,303.27674962272863,3.21182847,0.108612858
46,3.117194483342251e-06,7.044131243932372e-06,3.117194483342251e-06,0.5841840285110774,292.66142990018466,2.38313556,0.108619861
51,5.051155958783906e-06,1.143062989613006e-05,5.051155958783906e-06,0.7131943718454422,307.40121666528256,3.67118311,0.108574845
45,2.3171209279726717e-06,5.183058030443202e-06,2.3171209279726717e-06,0.5284378279955214,282.02634792515704,2.04649186,0.108631231
52,6.1166691890388485e-06,1.3542670272166388e-05,6.1166691890388485e-06,0.7832471558080014,311.4211003590911,3.81614399,0.108447708
44,1.3657655208253182e-06,2.9627891758330946e-06,1.3657655208253182e-06,0.4493066766696198,255.19084346239185,1.61131442,0.10864085
43,1.2664537157046103e-06,2.7204258251059153e-06,1.2664537157046103e-06,0.43910707984770536,247.94816022060897,1.53994071,0.108627602
42,1.1682166609719112e-06,2.5036365017202895e-06,1.1682166609719112e-06,0.42895537391941113,247.74072206005735,1.50712514,0.108654007
43,1.6499925848056243e-06,3.5946874224492917e-06,1.6499925848056243e-06,0.4693076628474148,250.42908966542404,1.69083667,0.108583741
42,1.37084620140676e-06,2.9669295564144663e-06,1.37084620140676e-06,0.4473345706748458,247.26552697070971,1.58165753,0.108614169
43,1.1484743309564698e-06,2.43997730079513e-06,1.1484743309564698e-06,0.42593904259102716,239.07763606409432,1.42374408,0.108514868
44,1.771396190918719e-06,3.852877966191185e-06,1.771396190918719e-06,0.48009476263400375,250.63827894520247,1.71575356,0.108622052
44,1.6204715396974414e-06,3.4946933629749316e-06,1.6204715396974414e-06,0.46882284456302026,245.78796930028915,1.67158163,0.10857515
43,1.832475698159923e-06,3.979767428971288e-06,1.832475698159923e-06,0.4869920299197529,246.76387508602656,1.77483845,0.108586587
44,2.2873913675432755e-06,5.015221354452068e-06,2.2873913675432755e-06,0.5190048230152045,251.64375809464718,2.00090003,0.1086559
45,2.3896098564100606e-06,5.249620979090805e-06,2.3896098564100606e-06,0.5226175977496356,247.91198147912056,2.02654219,0.108711421
47,2.6468387697327035e-06,5.813370399181301e-06,2.6468387697327035e-06,0.5387890162154554,248.35456784826584,2.13503027,0.108726263
45,3.4082792120103643e-06,7.549075924045223e-06,3.4082792120103643e-06,0.5898157484242642,254.564956194945,2.46171904,0.108618185
44,1.7696789173186147e-06,3.885701073390181e-06,1.7696789173186147e-06,0.48663074083924696,269.7409745190399,1.74722946,0.108626969
44,1.378766611738286e-06,2.991334364517894e-06,1.378766611738286e-06,0.45069734326294403,259.8629997539659,1.58590126,0.108645722
44,1.1671914011761755e-06,2.504831576495425e-06,1.1671914011761755e-06,0.4288162406003841,249.29117545113814,1.48572397,0.108618557
43,1.2855900546497551e-06,2.776178402330698e-06,1.2855900546497551e-06,0.44125253217420474,253.370321265112,1.65727675,0.108584866
44,1.8101775165109654e-06,3.983843518425356e-06,1.8101775165109654e-06,0.4904930189265142,271.70560046640514,1.78527176,0.108679965
55,8.616515920400526e-06,1.9022034386207747e-05,8.616515920400526e-06,0.9025770191426657,328.9874689890281,4.33601236,0.108273111
65,1.5707286568784585e-05,3.661359696717428e-05,1.5707286568784585e-05,1.096672023378994,335.3258451361155,5.96605635,0.108325124
63,1.4580305190498611e-05,3.324251618139513e-05,1.4580305190498611e-05,1.0829617706000558,332.3496782597471,5.695086,0.108264253
123,0.0001353825586422279,0.0005494561986004064,0.0001353825586422279,2.5984066317416805,488.78684905694666,44.3624573,0.108586743
65,0.00010170540504673235,0.00030382162702900485,0.00010170540504673235,1.680583864750132,322.9568933225389,20.7961063,0.108489126
63,8.150264561968447e-05,0.0002453073451155644,8.150264561968447e-05,1.5742599206951884,321.46906698307873,18.3123894,0.108661652
72,3.859356833828462e-06,9.603908554099369e-06,3.859356833828462e-06,0.7902181289154216,373.6787235495812,3.71832371,0.109804615
78,8.491151587791362e-06,2.0218712464229095e-05,8.491151587791362e-06,1.1703111911333155,400.22026477212216,5.34262657,0.111472987
82,1.88392330297468e-05,4.045006816919531e-05,1.88392330297468e-05,1.7977656892481062,424.3581940142646,5.2000289,0.11438264
80,0.00044102427667123154,0.0017592971888788643,0.00044102427667123154,3.0324449420916677,494.3647392892164,42.5410385,0.111863159
65,2.3491311782897013e-06,5.725265666379961e-06,2.3491311782897013e-06,0.6401599691834489,355.609290534789,3.41674137,0.108862393
57,6.483367500127331e-06,1.4138422728745831e-05,6.483367500127331e-06,0.8134703343981009,326.20561392013013,3.83736229,0.108567022
57,4.830012269179618e-06,1.0387849779336261e-05,4.830012269179618e-06,0.7370127638080379,324.31306600311405,3.39006591,0.108609058
56,3.6367881713452e-06,7.696453849715378e-06,3.6367881713452e-06,0.6767501830918574,325.173691332233,2.78468394,0.108538412
61,1.9727867446118993e-06,4.551372420705201e-06,1.9727867446118993e-06,0.5736130277373571,339.9659693381784,3.04938293,0.109096646
60,2.076041907390055e-06,4.632650517521919e-06,2.076041907390055e-06,0.5796581347671943,334.7546445841327,2.82767892,0.109103568
59,2.345359957444375e-06,5.0606746947702236e-06,2.345359957444375e-06,0.5927368054551478,329.0486991570146,2.70599604,0.108795241
57,2.596573264494651e-06,5.576670284924701e-06,2.596573264494651e-06,0.6098195614044343,326.29583631881894,2.9210465,0.108642034
56,3.839942506987829e-06,8.278026350975975e-06,3.839942506987829e-06,0.6826469069385086,323.1682096727626,3.34415221,0.108578473
84,6.789130840986287e-06,1.634228749261417e-05,6.789130840986287e-06,1.1119227505133928,402.46279608619335,4.99012709,0.111108162
82,3.7601801990295156e-06,9.504538217016046e-06,3.7601801990295156e-06,1.0878252836820494,433.92343585922634,4.53638458,0.110618934
79,6.259029811696107e-06,1.541075948300471e-05,6.259029811696107e-06,0.9262552609911902,369.51196498669833,4.83900595,0.109838329
71,3.651308212704503e-06,9.079343791197032e-06,3.651308212704503e-06,0.6867348294691734,333.1527778856242,3.79357982,0.109251514
51,5.219907699727434e-06,1.1720831363539385e-05,5.219907699727434e-06,0.6979984753280827,265.6258169914301,3.60451961,0.108539663
53,8.089415320166953e-06,1.761081315395783e-05,8.089415320166953e-06,0.8600415125050527,269.8438778613338,5.01625443,0.108503774
49,5.212342843321267e-06,1.165754302245276e-05,5.212342843321267e-06,0.6980016188938883,263.43366547657456,3.442559,0.10853228
61,8.706149373268253e-05,0.00023991816780221845,8.706149373268253e-05,1.6302142152542183,279.77626019521796,17.4180679,0.108544379
126,3.159193226271053e-05,7.089318487943182e-05,3.159193226271053e-05,2.451432600933607,404.3185845983684,12.9777145,0.108586222
79,1.4184796666954704e-05,3.1058704459815785e-05,1.4184796666954704e-05,1.4075284644249342,336.15784130451084,6.621768,0.108519532
55,2.578537347339424e-06,5.85003449121965e-06,2.578537347339424e-06,0.5692708914561538,295.4006622230182,2.87805319,0.108548753
62,3.5698941159010227e-06,8.184553625430859e-06,3.5698941159010227e-06,0.6446607519160624,294.35963973247266,3.2702775,0.108514696
59,2.669262968414067e-06,5.968728009266499e-06,2.669262968414067e-06,0.5819937450491586,289.3927458788528,2.96275496,0.108506083
73,6.795764345480298e-06,1.4292104630702661e-05,6.795764345480298e-06,1.197065579804863,360.67576530479,4.40337801,0.108536236
78,1.0981773182023113e-05,2.445305190021159e-05,1.0981773182023113e-05,1.2417208328564562,330.1421081457078,6.0627532,0.10846363
58,2.5961430386523565e-06,5.859312048242772e-06,2.5961430386523565e-06,0.5742256864427648,298.3497950114925,2.50047016,0.108743981
58,2.428227738434272e-06,5.500936142970562e-06,2.428227738434272e-06,0.5506050770954756,293.42544830269213,2.77589417,0.108524308
62,3.132885726497709e-06,7.386333796203684e-06,3.132885726497709e-06,0.6300612910759968,316.5355815585679,3.25719452,0.108904891
59,2.904361788744577e-06,6.782643998646929e-06,2.904361788744577e-06,0.5934495295458619,305.11370078714407,3.02875495,0.10868717
49,3.952056843334335e-06,8.953438652303442e-06,3.952056843334335e-06,0.6396872412833539,300.0712649816905,2.96637321,0.108580418
47,3.0433323123716514e-06,6.854867573145957e-06,3.0433323123716514e-06,0.578659144922616,289.593466028058,2.38651991,0.108645953
50,4.895517771681391e-06,1.1050063000323202e-05,4.895517771681391e-06,0.6994857714308043,304.8327742513073,3.38249445,0.108479723
50,3.5776978299217304e-06,8.07710941327575e-06,3.5776978299217304e-06,0.6184372332197152,296.53265834064564,2.88253784,0.108506829
43,2.2183408609290867e-06,4.937856147133118e-06,2.2183408609290867e-06,0.5213599664271428,278.6868435680888,1.96074748,0.108617544
52,6.025139560523336e-06,1.3501974094344843e-05,6.025139560523336e-06,0.7665047829269709,308.93689879375916,3.99842834,0.108380988
42,1.1054292783717464e-06,2.358295734601241e-06,1.1054292783717464e-06,0.4216371964253011,242.84814025494993,1.48307586,0.108592354
42,9.986554311892886e-07,2.124243747042639e-06,9.986554311892886e-07,0.41051333582278154,241.28371605857498,1.43866193,0.108720064
40,9.844477269174031e-07,2.068500885516159e-06,9.844477269174031e-07,0.4108848668117441,236.98748662230958,1.33694363,0.108627491
42,1.4347674260462827e-06,3.09354128161394e-06,1.4347674260462827e-06,0.4501893826244711,243.3006057718045,1.56324065,0.108595595
42,1.1785909370371196e-06,2.496861278091149e-06,1.1785909370371196e-06,0.42913632621984743,237.4102470644818,1.46005225,0.108578801
41,1.0130754955833654e-06,2.1483187860324007e-06,1.0130754955833654e-06,0.41213633226501295,237.64797585352514,1.42309773,0.108490191
41,9.731945802671136e-07,2.044587737418478e-06,9.731945802671136e-07,0.406342063972138,232.7021174217992,1.301512,0.10844145
42,1.4822425296050773e-06,3.1859834977359804e-06,1.4822425296050773e-06,0.4554214873179387,239.84913920582184,1.62912238,0.108587198
44,1.324719945299834e-06,2.832738821007998e-06,1.324719945299834e-06,0.43976273821265,238.55176389707697,1.52312469,0.108579352
44,1.7509888164965486e-06,3.759075274714611e-06,1.7509888164965486e-06,0.4764350233869224,239.1077256831371,1.72538126,0.108670108
45,1.92484081641683e-06,4.166444680996024e-06,1.92484081641683e-06,0.48856054836579277,240.1686369309796,1.82856894,0.108470328
43,2.0310401315361957e-06,4.4043413206426865e-06,2.0310401315361957e-06,0.4949290153710804,237.99168872871945,1.91065216,0.108524226
46,2.4626958391759076e-06,5.3924431006794275e-06,2.4626958391759076e-06,0.5209533148941289,240.45105033687094,2.12297845,0.108622536
46,3.5475231135828457e-06,7.868218419015452e-06,3.5475231135828457e-06,0.5948114038596505,250.70880815392582,2.57358217,0.108586811
43,1.4463825582248871e-06,3.129838356526166e-06,1.4463825582248871e-06,0.45874747580607517,261.43938153743693,1.54016197,0.108654127
42,1.3033729311160457e-06,2.8158253870247106e-06,1.3033729311160457e-06,0.4436616751438308,255.40620861192465,1.54840004,0.108626604
42,1.116785310660598e-06,2.4003404990648456e-06,1.116785310660598e-06,0.42457304111355304,248.35193030207088,1.66049373,0.108566836
41,9.956272331222754e-07,2.1132252778228993e-06,9.956272331222754e-07,0.41184877553241184,242.72854573741796,1.51095521,0.108670093
43,1.1666627558486886e-06,2.495633316427888e-06,1.1666627558486886e-06,0.43021291039376064,249.71935754128518,1.54634202,0.10863553
43,1.722022311455794e-06,3.77384461070693e-06,1.722022311455794e-06,0.48372860914497057,268.8550121737088,1.73194778,0.108662322
56,9.060052108826e-06,2.017879091877868e-05,9.060052108826e-06,0.9075831892063787,327.76938903924247,4.50228119,0.108302645
65,1.8271551999525633e-05,4.373903510701537e-05,1.8271551999525633e-05,1.1373178548282323,328.652022710054,8.86874866,0.10842324
49,0.00018605473585507092,0.0006891368803716612,0.00018605473585507092,0.9367974387747847,290.90974054087724,41.2374954,0.108582124
59,3.478095222531475e-05,8.90238362248257e-05,3.478095222531475e-05,1.345901349772993,317.9234054744429,11.7878361,0.108639762
69,4.296211675822015e-06,1.0826412195808667e-05,4.296211675822015e-06,0.7934919263812894,368.0400295932653,4.41758204,0.109545372
73,5.678129740958167e-06,1.3146648093990864e-05,5.678129740958167e-06,0.9805570346667754,380.22641843625166,3.87204552,0.110160135
79,1.1955192723576716e-05,2.5980722471053806e-05,1.1955192723576716e-05,1.373204140311132,394.0878526868731,4.48633862,0.112068258
100,8.961475472278034e-05,0.00021202562884463122,8.961475472278034e-05,3.2709254058795816,460.96345853480904,19.5380363,0.112798661
169,0.0005934253019362595,0.0013948204987559965,0.0005934253019362595,7.820153538195625,574.8572109212746,30.0280895,0.110179685
65,2.3061550807060593e-06,5.597075104719016e-06,2.3061550807060593e-06,0.6080183860772311,347.43937693223353,3.38401151,0.109134592
58,7.943199426978536e-06,1.7653658168861878e-05,7.943199426978536e-06,0.8618095565033422,323.1954340224132,4.4551239,0.108523175
59,1.0963532609068855e-05,2.4648874146015828e-05,1.0963532609068855e-05,0.9647311822945297,324.75168736923234,5.02907801,0.108408742
56,5.527723840028684e-06,1.2055842293814981e-05,5.527723840028684e-06,0.7659405726802173,322.38890240508823,3.58613086,0.108499013
62,1.9239103354985113e-06,4.264164339961356e-06,1.9239103354985113e-06,0.5581867807401851,331.7476082821457,2.45222807,0.108946182
66,2.3811828256379403e-06,5.853111630943404e-06,2.3811828256379403e-06,0.5914080134838652,343.1242249421807,3.36044192,0.109213717
58,2.965723180423716e-06,6.459917377445777e-06,2.965723180423716e-06,0.6283465712744942,323.75324696861975,3.26537585,0.108625077
59,2.0114877166278615e-06,4.459831988895512e-06,2.0114877166278615e-06,0.5659979497918968,330.4064340046823,2.70059252,0.108905986
56,3.7122848666805854e-06,7.999546038869269e-06,3.7122848666805854e-06,0.6738028149792844,322.4396184418478,3.29361033,0.108530492
57,6.3646067375765366e-06,1.3950779333481818e-05,6.3646067375765366e-06,0.8035366142107722,320.33274620320833,3.99952507,0.108494379
81,5.899057047582696e-06,1.503888483713063e-05,5.899057047582696e-06,1.0001939504865482,388.4127298710587,4.9745717,0.111484863
78,2.129452769017023e-06,4.926222506385033e-06,2.129452769017023e-06,1.1235673856929287,455.3926363828933,3.26580763,0.106451847
71,4.5211539327075226e-06,1.1142412426394129e-05,4.5211539327075226e-06,0.8057689824870018,350.11029726867434,4.32309723,0.109476715
68,3.394559124765247e-06,8.413126238051558e-06,3.394559124765247e-06,0.663375177858357,327.6187042178648,3.6727016,0.10930495
49,6.064557613172891e-06,1.3541905479802035e-05,6.064557613172891e-06,0.7433909144045002,260.8365970839816,4.02959871,0.108625941
48,4.429639721585896e-06,9.903912686049153e-06,4.429639721585896e-06,0.6387456384222399,255.0270163813674,2.89524341,0.10862308
57,3.4779376310008125e-05,9.421791999040488e-05,3.4779376310008125e-05,1.2456199124385086,270.97759466798504,12.5840778,0.108559296
39,5.5986340346601775e-05,0.00018329221831253119,5.5986340346601775e-05,0.6527461708957094,239.96529903371007,14.9451437,0.108611479
59,3.792184855563958e-06,8.692391450078509e-06,3.792184855563958e-06,0.6544090128191095,288.1476679196189,3.41711283,0.108581901
52,2.440245831658696e-06,5.422718283795431e-06,2.440245831658696e-06,0.5607121183194149,286.1606532566832,2.53606105,0.10855861
60,2.7853402546875273e-06,6.137838356457373e-06,2.7853402546875273e-06,0.5888233740265238,282.63653009966083,2.93731785,0.108542606
78,5.698017944509988e-06,1.2131454815431686e-05,5.698017944509988e-06,1.0757736322566898,353.6549984503302,3.73133206,0.108628988
73,1.14610338083531e-05,2.5521756019041104e-05,1.14610338083531e-05,1.2628273035682331,328.42032608921653,6.10653114,0.108518712
83,8.478599401797539e-06,1.7699163586088724e-05,8.478599401797539e-06,1.3232762908155609,361.16658858200265,4.76348829,0.108539447
81,2.7719503181765833e-05,8.388242336855088e-05,2.7719503181765833e-05,1.3627100204930929,320.93396100424684,16.7693081,0.108564712
57,2.5163342240750603e-06,5.67822479986511e-06,2.5163342240750603e-06,0.5679708758407191,295.82896493199564,2.69391513,0.108746268
55,2.2544274464512236e-06,4.966790846041769e-06,2.2544274464512236e-06,0.546687277931676,287.02939028514163,2.57034016,0.108585507
62,2.8512888517828804e-06,6.657786435008264e-06,2.8512888517828804e-06,0.6091812116781594,307.62373929339975,3.07117844,0.108918466
47,2.7390551530094372e-06,6.139776229414707e-06,2.7390551530094372e-06,0.558545013770226,288.0609014323512,2.37988663,0.108608991
48,3.721356766649728e-06,8.338792426416755e-06,3.721356766649728e-06,0.6310951397162942,297.9704964182597,2.64735818,0.108494461
51,5.261732063491239e-06,1.1770491190719552e-05,5.261732063491239e-06,0.7296677654551322,305.7445463363431,3.90732217,0.108391441
46,3.0792334343124506e-06,6.917528852480813e-06,3.0792334343124506e-06,0.5822183592438843,290.3240796284337,2.47446918,0.108501799
44,2.1569739148147787e-06,4.771759312895481e-06,2.1569739148147787e-06,0.519959718243847,279.1126878135749,1.92614782,0.10867878
43,1.937361342979527e-06,4.26676056304955e-06,1.937361342979527e-06,0.4995038319294343,272.521635179157,1.8522768,0.108603358
41,8.848463644528493e-07,1.8553356510754786e-06,8.848463644528493e-07,0.39796384855300876,235.67043780227135,1.31588721,0.108723924
41,8.021344363618771e-07,1.6806534079842838e-06,8.021344363618771e-07,0.3844500878679051,231.23459476810373,1.23589039,0.108612984
42,8.396181475673267e-07,1.757264780300773e-06,8.396181475673267e-07,0.3879349116298472,229.4458543571499,1.23900008,0.108588345
41,1.0424905215649202e-06,2.186483239367671e-06,1.0424905215649202e-06,0.41193764860248744,229.0291889757454,1.34272921,0.108579032
41,1.2074712690760061e-06,2.5405621172844743e-06,1.2074712690760061e-06,0.42746178610551316,229.68836430233944,1.43416846,0.108611509
41,8.174959625518772e-07,1.7010424466314247e-06,8.174959625518772e-07,0.38552076879709307,225.37525555390624,1.21782231,0.108646505
40,9.507303023404463e-07,1.9949766077602094e-06,9.507303023404463e-07,0.4024019571246954,228.35132993719574,1.3279053,0.108601443
42,1.2999016430614778e-06,2.760107778329853e-06,1.2999016430614778e-06,0.4366466660628317,230.71456611545108,1.53209138,0.108659931
44,1.5706310175977764e-06,3.3601950070804895e-06,1.5706310175977764e-06,0.4572559109385139,231.4211193207279,1.66665101,0.108469404
44,1.8003815520033824e-06,3.858167520296457e-06,1.8003815520033824e-06,0.47511037024050334,230.73531110254729,1.74959552,0.108330593
44,2.1241638784953732e-06,4.582018186308355e-06,2.1241638784953732e-06,0.49684401942283485,230.87717805570506,2.03138137,0.10858164
43,2.802210466270226e-06,6.133927324673164e-06,2.802210466270226e-06,0.5445683229103028,238.77186219250902,2.20022988,0.10867478
48,3.8016965160753466e-06,8.437058465847232e-06,3.8016965160753466e-06,0.6055371956680555,247.30626378999742,2.73503947,0.10873837
41,1.365582855656278e-06,2.9435217756187277e-06,1.365582855656278e-06,0.4507365758812589,258.4824221985107,1.53750098,0.108619556
42,1.1725291100728467e-06,2.5055608552426696e-06,1.1725291100728467e-06,0.4316867620887876,253.69407518067905,1.38462663,0.108610652
41,1.0278876328799905e-06,2.178187347355053e-06,1.0278876328799905e-06,0.4133874015313713,241.4346866258617,1.55375922,0.108621329
43,1.030835943693618e-06,2.193224948846158e-06,1.030835943693618e-06,0.41414737374969707,246.99546775981193,1.40870643,0.108621232
42,1.4868647803164266e-06,3.2167871539909114e-06,1.4868647803164266e-06,0.4629971635954251,262.79507313448124,1.60996926,0.108604267
63,0.00041071647554904154,0.0012282446678209629,0.00041071647554904154,1.7744310690474305,293.4460542042611,29.6286621,0.108521596
65,1.8101713773407734e-05,4.529624256332989e-05,1.8101713773407734e-05,1.096353138058428,323.66891005287187,10.2209921,0.108437002
65,0.00010311355552663073,0.00037473482945777037,0.00010311355552663073,1.5989325908391683,319.3218784411201,35.6880455,0.108602449
54,8.908530446330823e-06,1.9725693676218383e-05,8.908530446330823e-06,0.8947037044627281,309.70414417947353,5.40281391,0.108622938
55,7.2061007570252835e-06,1.5706262442735053e-05,7.2061007570252835e-06,0.8357687372643222,309.2046608941677,4.03158903,0.108548783
71,4.937957818755967e-06,1.1850370440538726e-05,4.937957818755967e-06,0.8644741747583466,367.26532711364246,4.45566559,0.109793469
77,1.7020552687937483e-05,3.638019355703525e-05,1.7020552687937483e-05,1.4959086848029104,384.34184393774603,4.34785557,0.110370398
68,3.456215390760598e-06,8.161897425354207e-06,3.456215390760598e-06,0.7603249007117854,358.5770805796916,4.14591026,0.109626889
88,0.00010702615164082132,0.00022295051066011746,0.00010702615164082132,3.3200170389917907,422.1412019391904,7.61156321,0.111869156
111,0.0003480121158655173,0.0009112185919006367,0.0003480121158655173,4.718971487925464,493.87578978807375,19.3310223,0.11022573
59,8.676175345896463e-06,1.9548974537376846e-05,8.676175345896463e-06,0.8800168462854624,321.56697313270547,4.80512762,0.108402222
59,8.785543180300878e-06,1.969821554056982e-05,8.785543180300878e-06,0.889256833750068,320.4191996404278,5.20727921,0.108460285
69,2.404985847580368e-06,5.7612874585168394e-06,2.404985847580368e-06,0.6062943932092537,342.34085257075,3.39435244,0.109134093
57,2.933827076584816e-06,6.388790205116524e-06,2.933827076584816e-06,0.6225928126400906,322.7258922766753,3.07874322,0.108639881
61,2.4017545964362284e-06,5.378712570891534e-06,2.4017545964362284e-06,0.5858939566054288,326.4412733842655,3.29366636,0.108801544
64,2.3284680675469386e-06,5.376194590644265e-06,2.3284680675469386e-06,0.5987607852287762,337.28137583052506,3.14389277,0.109132394
55,4.162360661203996e-06,8.922491288141869e-06,4.162360661203996e-06,0.7009314698466423,319.9325782412339,3.04894733,0.108591743
58,6.982970892745663e-06,1.5323796773790364e-05,6.982970892745663e-06,0.8267586853841843,318.6408170252157,4.10951328,0.108545117
84,5.360626843859977e-06,1.330517745227652e-05,5.360626843859977e-06,0.9661920127183657,382.0722259822463,4.82808447,0.111169428
82,4.450148773285534e-06,1.115531510320493e-05,4.450148773285534e-06,0.9661451409902844,388.3669469655495,4.63352633,0.111602373
85,9.065380286250429e-06,2.1662570403205372e-05,9.065380286250429e-06,1.6237029376948229,471.90816374338345,4.1154685,0.103264473
72,4.3435683787742615e-06,1.092097966634915e-05,4.3435683787742615e-06,0.7755107431069205,346.15863339013845,4.23614407,0.109601021
70,2.972820251558515e-06,7.3676747624796505e-06,2.972820251558515e-06,0.6367673949134559,318.1486073081925,3.57784581,0.109338544
50,4.747725499120569e-06,1.0585729824466775e-05,4.747725499120569e-06,0.6657873051682477,253.30542226216545,3.29069138,0.108780362
53,6.286398684498743e-06,1.3789102681585919e-05,6.286398684498743e-06,0.7577375312535384,256.1540438843253,3.79232097,0.108757444
59,3.097290328395419e-05,8.058705832685304e-05,3.097290328395419e-05,1.2366865333656247,267.43756728596,11.0969715,0.108716741
57,4.3144341031443584e-06,9.740665006487804e-06,4.3144341031443584e-06,0.6907118189366631,282.6435415926853,3.3257122,0.108608209
55,2.4375879140810722e-06,5.371370759913588e-06,2.4375879140810722e-06,0.5553198694600501,280.44009688249895,2.68259311,0.108577482
57,3.146292877616559e-06,6.893936098309106e-06,3.146292877616559e-06,0.6067103635770104,274.78274237688174,2.85567379,0.108520404
81,2.436376895845049e-05,6.912912184872899e-05,2.436376895845049e-05,1.3846026734897348,319.1567964776515,14.5220413,0.108538456
74,1.4654749043207123e-05,3.329378245505108e-05,1.4654749043207123e-05,1.3427691570845277,322.4456535126587,7.83614206,0.108549617
75,9.489705065563684e-06,2.0123939536084607e-05,9.489705065563684e-06,1.3476071614755925,358.12802322286564,5.09557819,0.10852921
55,4.502477150432432e-06,1.0113611034804056e-05,4.502477150432432e-06,0.6815759013973726,275.3690479682007,3.31342697,0.108439118
63,0.0001972428974495429,0.0005558883139913381,0.0001972428974495429,2.0470463694529926,267.578302110432,24.5062275,0.10865812
56,2.5218386490697676e-06,5.6391461476518195e-06,2.5218386490697676e-06,0.5755320619179487,292.3490920544043,2.76752996,0.108651899
55,2.2902952408168832e-06,5.001423207813395e-06,2.2902952408168832e-06,0.5543055920625576,285.4165927907297,2.59168148,0.108613908
60,2.495368808931246e-06,5.674982271572982e-06,2.495368808931246e-06,0.5876280926557401,297.75652814932073,2.89157462,0.10883905
65,2.6710590262607917e-06,6.4479906159708695e-06,2.6710590262607917e-06,0.6086515373889971,308.73899408539495,3.41749549,0.109271318
44,2.694042130050377e-06,6.030111619279613e-06,2.694042130050377e-06,0.5538795024395838,284.1632382902359,2.38957548,0.108635798
49,4.453905607674531e-06,1.00432359689489e-05,4.453905607674531e-06,0.6720507131643215,299.499169708118,3.23890734,0.108453408
46,3.0212335578883974e-06,6.758945817708964e-06,3.0212335578883974e-06,0.5761544498524325,288.5317096350836,2.41217065,0.108550832
44,2.3588764810896403e-06,5.2254807662778405e-06,2.3588764810896403e-06,0.533147003520267,280.19377452368303,1.99312401,0.108639583
43,1.9594305249643216e-06,4.311446773756971e-06,1.9594305249643216e-06,0.5030860435924998,274.94877129086444,1.83122075,0.108672336
42,1.602221669221788e-06,3.477450422383163e-06,1.602221669221788e-06,0.4721308325455544,265.15041752575183,1.67023706,0.108582824
40,8.532552944066243e-07,1.7934767764914986e-06,8.532552944066243e-07,0.3928424129446306,234.278472404368,1.44184422,0.108715035
40,7.457357906949176e-07,1.558861105580392e-06,7.457357906949176e-07,0.37603645383197193,227.40815644561968,1.2109952,0.10861288
41,7.222587906808249e-07,1.4754402085495715e-06,7.222587906808249e-07,0.37541685196678704,222.85944002315478,1.15463841,0.108806781
40,7.428543387929296e-07,1.528318915557581e-06,7.428543387929296e-07,0.3764736826145551,222.20142783373933,1.1728828,0.108714208
39,1.0009826669405202e-06,2.0841729266581685e-06,1.0009826669405202e-06,0.40740536708063974,222.60397401212836,1.37223601,0.108628705
41,1.1944445592717465e-06,2.5108502635703374e-06,1.1944445592717465e-06,0.42605883228578345,227.08681537885445,1.46762073,0.108650513
42,9.439663140271869e-07,1.9695915622973635e-06,9.439663140271869e-07,0.3977637183338153,220.5776423281798,1.34791875,0.108561382
42,7.905171184290934e-07,1.6333931952184855e-06,7.905171184290934e-07,0.37981594818035735,220.7938325845648,1.24115896,0.108633228
43,1.312478398991111e-06,2.771373976128213e-06,1.312478398991111e-06,0.43578562061610404,225.80790075034437,1.49712741,0.108642466
41,1.4680982068951472e-06,3.1216598806822955e-06,1.4680982068951472e-06,0.44564704787902865,223.9282730298308,1.60757923,0.108527832
43,1.7379075994157977e-06,3.694484031697834e-06,1.7379075994157977e-06,0.4711936905628612,225.00696760189112,1.80537081,0.108502418
46,2.4897461176281626e-06,5.335441409602273e-06,2.4897461176281626e-06,0.524223623521646,228.8101273943462,2.02502513,0.108506463
47,2.9946900156893736e-06,6.51183888151929e-06,2.9946900156893736e-06,0.5587940058754254,237.39531310601825,2.28536844,0.108646862
48,3.7116843037761133e-06,8.13876086642604e-06,3.7116843037761133e-06,0.6033962026602905,243.57070289108376,2.74386334,0.10867279
41,1.1199953337198838e-06,2.381511348962668e-06,1.1199953337198838e-06,0.4281096991753105,252.68335356129117,1.40161264,0.108659968
42,9.98055145515221e-07,2.100257105770496e-06,9.98055145515221e-07,0.41315018513385,246.15906483370281,1.3522979,0.108604707
41,9.500371843337612e-07,2.010400461116657e-06,9.500371843337612e-07,0.4049412259694535,240.52462537356757,1.43155777,0.108658403
41,1.2142016491527977e-06,2.5822960501842925e-06,1.2142016491527977e-06,0.4384716003068629,254.77066735866316,1.463027,0.108642839
73,0.00043756611613305046,0.0018202217881059454,0.00043756611613305046,1.9015741906425179,302.0541871289288,79.1094894,0.108531266
60,1.3830490272263965e-05,3.2031707143822826e-05,1.3830490272263965e-05,1.0322943461843992,321.7505286664936,6.73077774,0.108471096
55,7.847960069567413e-06,1.70618392436804e-05,7.847960069567413e-06,0.8570584066644726,307.04365554025986,3.96549892,0.108533323
49,5.65135225019949e-06,1.2668758878071062e-05,5.65135225019949e-06,0.7394818032156598,301.81765855065885,4.08673954,0.108606458
49,4.912925926570375e-06,1.0988727574397284e-05,4.912925926570375e-06,0.6986897502235876,299.02385221819287,3.21983814,0.108563475
68,6.4898051081487724e-06,1.418706747905098e-05,6.4898051081487724e-06,0.9834527085572121,359.6418095255402,3.96388435,0.109446488
79,3.757341214885407e-05,8.15482334317329e-05,3.757341214885407e-05,1.934085438024276,382.21865900090177,5.69520521,0.110198036
66,2.7543564952542824e-06,6.369055383756173e-06,2.7543564952542824e-06,0.6669556121074094,345.5165442843384,3.34382296,0.109258451
89,0.00019650898510705108,0.0004091819192142197,0.00019650898510705108,4.228585820448311,418.3594838500795,10.4358826,0.111367352
118,0.00041889209855805806,0.0007972369367199499,0.00041889209855805806,7.3774696392621,479.73603810465437,11.3152924,0.113180175
67,8.623734585777877e-06,2.0363633531913356e-05,8.623734585777877e-06,2.054210704915859,466.2163922636603,5.46849394,0.111266531
61,1.2076427375242266e-05,2.7578822315196397e-05,1.2076427375242266e-05,0.9859290735699404,318.75230408311097,5.7814579,0.108473726
62,2.0363737198941094e-05,5.0951463111266e-05,2.0363737198941094e-05,1.165829939258096,321.0070373630736,12.7900562,0.108486339
59,3.1012891692984265e-06,6.737087570673244e-06,3.1012891692984265e-06,0.6319466116222764,321.3998558747271,2.97500753,0.108659059
63,2.51576550425401e-06,5.778420332948596e-06,2.51576550425401e-06,0.5945264564822174,328.42979039391184,3.17244196,0.108861841
63,2.656182302229737e-06,6.265500171521588e-06,2.656182302229737e-06,0.6209241806997968,335.3550610086493,3.53436184,0.109005712
56,4.138196111170136e-06,8.866419170048858e-06,4.138196111170136e-06,0.7009761676371064,318.6516006294464,2.79823709,0.108620971
60,8.918395208127937e-06,1.9835687733682505e-05,8.918395208127937e-06,0.8955896828292654,318.0070198992016,4.73239565,0.108467534
57,7.016915700381377e-06,1.5444415278513573e-05,7.016915700381377e-06,0.825419495708631,317.208023534188,3.75506067,0.108461127
73,4.2620326381088e-06,1.0755963748699819e-05,4.2620326381088e-06,0.8033276824001714,348.07987648994833,4.54835033,0.110243693
75,2.9767196003451953e-06,7.510360528208935e-06,2.9767196003451953e-06,0.873212231861802,374.561658560365,3.93960738,0.112272114
85,5.358590006412144e-06,1.2091406021287378e-05,5.358590006412144e-06,1.5204182388777683,462.224703767126,4.26051664,0.104984336
71,3.6102508283618736e-06,9.078203686840874e-06,3.6102508283618736e-06,0.7147605244922518,330.3165010154287,4.01755953,0.109947674
68,3.7587744793271065e-06,9.372769196184607e-06,3.7587744793271065e-06,0.6617534962539501,311.80552282185613,3.75560427,0.109189466
49,5.438790954311714e-06,1.1857120789450807e-05,5.438790954311714e-06,0.7181548958322365,251.16285903593598,3.47934127,0.108693011
52,7.494478611645849e-06,1.60445739695923e-05,7.494478611645849e-06,0.826677111920598,253.51219676382436,4.00373363,0.108616292
45,4.001919354934331e-06,8.767659541075003e-06,4.001919354934331e-06,0.6230471996074917,242.16027471529227,2.79297042,0.108613089
60,5.02894399378522e-05,0.00013671095731193113,5.02894399378522e-05,1.3833223459901174,260.967861226786,15.8311768,0.108593218
53,2.417772423036483e-06,5.2688618401593465e-06,2.417772423036483e-06,0.5541510330334721,277.4483453531946,2.48025918,0.108586267
54,3.2769040237550018e-06,7.131339578435591e-06,3.2769040237550018e-06,0.6163374871230899,271.5940926453769,2.76060033,0.108445711
37,8.242914351822564e-05,0.00031335765164700724,8.242914351822564e-05,0.5834333351649313,221.92912122194363,26.8506432,0.108665183
81,1.8706490221025306e-05,4.526490401742585e-05,1.8706490221025306e-05,1.408385020446711,325.5160405617194,10.3959074,0.108681954
59,7.318745005788616e-06,1.6833853019561585e-05,7.318745005788616e-06,0.8006600663280786,275.6860814612629,4.6901598,0.10849113
55,4.537137002710479e-06,1.0094062129121582e-05,4.537137002710479e-06,0.672757688850411,265.6344281721239,3.4380722,0.108339295
60,2.3010232005508594e-06,5.014577731455307e-06,2.3010232005508594e-06,0.5615380774934678,284.6518562125429,2.76901054,0.108600125
54,2.191426450718085e-06,4.699056469341184e-06,2.191426450718085e-06,0.5429198741195707,277.30268337163864,2.44428277,0.108552851
52,2.243310350628993e-06,4.725222584439415e-06,2.243310350628993e-06,0.5518515935021898,276.9901286343609,2.33854532,0.108591408
63,2.359820416224254e-06,5.518599091966766e-06,2.359820416224254e-06,0.5873516880108886,298.8938966004581,3.23409939,0.109200135
61,2.3690659003387097e-06,5.268303401598773e-06,2.3690659003387097e-06,0.5730038628120767,288.1993835378672,2.89171839,0.108731963
43,2.081955611084312e-06,4.574722038859431e-06,2.081955611084312e-06,0.5099288578916139,274.6971110190759,1.93296504,0.108598754
47,3.4443409952515234e-06,7.699094949516754e-06,3.4443409952515234e-06,0.6086695998744153,291.401418750122,2.63285255,0.108503729
43,2.568827201930434e-06,5.697910907728702e-06,2.568827201930434e-06,0.5465549102922049,283.1969472327121,2.17840481,0.108523376
44,2.2825412851752074e-06,5.0346975548883636e-06,2.2825412851752074e-06,0.5261898032143874,279.3456041985487,1.93161094,0.108511627
43,1.6152136890169402e-06,3.5023386004517737e-06,1.6152136890169402e-06,0.4749953239102559,267.6647017990189,1.64842021,0.108566523
42,1.3971365012394362e-06,3.001199475001743e-06,1.3971365012394362e-06,0.4530182935652194,260.2416572725109,1.54015017,0.108537681
43,8.019546623994215e-07,1.6742912834319468e-06,8.019546623994215e-07,0.3845491153162989,232.12732778044122,1.47336423,0.108677529
40,6.695888249845609e-07,1.383486743483982e-06,6.695888249845609e-07,0.3657462215032541,223.48929751194024,1.19196582,0.108622141
42,6.723778603021074e-07,1.3784195123067755e-06,6.723778603021074e-07,0.36606641061912026,220.64832432678293,1.12620759,0.10856086
40,6.416069326441863e-07,1.3078409379226672e-06,6.416069326441863e-07,0.3610697514954096,216.22649139740102,1.15824926,0.108432077
41,6.627901310914381e-07,1.3455783241530277e-06,6.627901310914381e-07,0.36370884098928935,215.4488335048656,1.1268456,0.108515576
43,6.621070898154138e-07,1.3466464662761024e-06,6.621070898154138e-07,0.36312251814191204,215.4921126503523,1.13995481,0.108556621
41,8.864722743280367e-07,1.829954022338763e-06,8.864722743280367e-07,0.392847068744559,219.10209499860952,1.27611482,0.10857486
42,1.0714636345788768e-06,2.2384794212746013e-06,1.0714636345788768e-06,0.41242665010960416,220.9428878176222,1.43182683,0.108576946
41,8.229582357436732e-07,1.6880413110593768e-06,8.229582357436732e-07,0.3829186304248701,213.4503484138346,1.2552762,0.108574294
40,7.204792730690554e-07,1.4684814924662446e-06,7.204792730690554e-07,0.37180450774367513,214.44993516136108,1.20743859,0.108582497
42,1.2797007758970991e-06,2.7017471636596303e-06,1.2797007758970991e-06,0.4293992845763321,220.89914162435898,1.51417518,0.108559608
42,1.355135578905915e-06,2.8457140320403423e-06,1.355135578905915e-06,0.4375619164573852,218.23387662400688,1.59543717,0.108537056
43,1.662115133110069e-06,3.5195968136315002e-06,1.662115133110069e-06,0.4609620026673754,220.99391591842064,1.78970015,0.108560473
43,1.9499223388271934e-06,4.1177678881836285e-06,1.9499223388271934e-06,0.4842754042255597,220.46197980349893,1.81491947,0.108602844
43,2.6241254349834524e-06,5.6037019867435895e-06,2.6241254349834524e-06,0.5305570084386065,225.26608017093253,2.02997327,0.108524986
45,3.4535377609793846e-06,7.484992315119052e-06,3.4535377609793846e-06,0.5828090875331551,234.50422826559443,2.51434302,0.108508833
42,9.379872803675292e-07,1.96211639131127e-06,9.379872803675292e-07,0.40653804632023754,244.40706370187556,1.27494621,0.108630791
41,8.880300013221503e-07,1.8576848722672819e-06,8.880300013221503e-07,0.39940807226912256,238.57225357414478,1.28844059,0.108590402
40,8.049803829590213e-07,1.6839000983036806e-06,8.049803829590213e-07,0.3870695171204315,233.7428107534705,1.34888375,0.108663209
42,1.2851704701215554e-06,2.744113918119303e-06,1.2851704701215554e-06,0.4438115537640884,257.1171206280072,1.47586882,0.10859552
41,1.047044553835785e-06,2.2083257248314393e-06,1.047044553835785e-06,0.42033278954523495,250.47883439790613,1.36263347,0.108659886
39,7.876529147441453e-05,0.0004261002960523362,7.876529147441453e-05,0.43535846439689946,283.7331671185909,46.7253418,0.108547986
59,4.907100651249818e-05,0.00013881882757123756,4.907100651249818e-05,1.4365801809801513,314.90427528019734,16.3683624,0.108441114
55,1.8329456135439587e-05,4.5051577170351605e-05,1.8329456135439587e-05,1.1192126845749504,311.84662593445495,10.273715,0.108433142
52,7.0928399476766254e-06,1.557133181917595e-05,7.0928399476766254e-06,0.8151163724480416,304.0078952535603,4.35381079,0.108492628
50,5.669526770988414e-06,1.2753629744306515e-05,5.669526770988414e-06,0.7311395049837547,300.25449409742413,3.94149923,0.108592771
46,4.040047153875588e-06,9.03269162731736e-06,4.040047153875588e-06,0.6436766639002285,292.6740530032939,3.17995572,0.108597927
73,6.5363883531205415e-06,1.401987905559328e-05,6.5363883531205415e-06,0.9707011844649736,352.6618174654605,3.83381271,0.1093999
73,1.791177861564345e-05,3.87426660148301e-05,1.791177861564345e-05,1.386361177818003,359.1116683362438,4.27688169,0.109371953
86,0.0001344023063513034,0.000286121165383139,0.0001344023063513034,3.366608507984859,394.826893132535,9.5372963,0.111077547
225,0.00014083359119340007,0.0002880333968242109,0.00014083359119340007,6.308320039164842,742.6568194713452,9.7738142,0.114056185
64,7.1886848919111405e-06,1.6235246521189993e-05,7.1886848919111405e-06,1.992206672900612,458.84875064057627,4.9659996,0.112038776
61,1.612540799357737e-05,3.667335283576694e-05,1.612540799357737e-05,1.12576634968289,319.5496743179021,6.81072044,0.108416796
48,0.00010584569113095843,0.0004099431424316288,0.00010584569113095843,0.6925869705397087,282.97422766378253,30.1200256,0.108405955
63,2.938520463083055e-06,6.45777509405931e-06,2.938520463083055e-06,0.6239665242952405,321.80707240864547,3.08832693,0.108766578
62,2.9018591522772925e-06,6.67484424048611e-06,2.9018591522772925e-06,0.628431521793208,327.7544358630748,3.37557077,0.108870596
64,3.47337216937377e-06,7.856026565365975e-06,3.47337216937377e-06,0.7138108205599067,337.9473636137904,3.45822692,0.109034576
59,4.127037300761849e-06,9.006980710381387e-06,4.127037300761849e-06,0.6927176448862544,318.4357321224076,3.19423723,0.108608313
61,1.187313524548329e-05,2.6446510473494127e-05,1.187313524548329e-05,1.0018081659676397,316.9910457960204,4.69885015,0.108463109
63,1.4707206914404271e-05,3.2991387106318114e-05,1.4707206914404271e-05,1.0943130362099518,318.58615408701127,5.839149,0.108402036
57,6.360039963537502e-06,1.4031640122130605e-05,6.360039963537502e-06,0.7966550221881087,316.4668171989508,3.7155416,0.108534731
72,3.332091997228652e-06,8.490127998871483e-06,3.332091997228652e-06,0.7760203268994286,344.6342895610779,4.28592253,0.111906789
90,9.132196860402445e-06,1.967703356049755e-05,9.132196860402445e-06,1.9411273653828296,492.04188201367043,5.64526749,0.10836345
69,3.0802911661593742e-06,7.757181544905837e-06,3.0802911661593742e-06,0.6878698230670723,322.2876319825445,3.92144346,0.11083772
67,2.5215013665516577e-06,6.207702527469486e-06,2.5215013665516577e-06,0.5974599547694355,300.0794353317047,3.47105932,0.109083839
48,4.76011628431045e-06,1.0418196767861166e-05,4.76011628431045e-06,0.6587387009652579,241.74581902601372,3.24639654,0.108583264
49,6.0167981378086726e-06,1.3094984719744573e-05,6.0167981378086726e-06,0.7348163688820988,245.1939233633851,3.83124661,0.108605921
54,7.299016044964865e-06,1.5552008635343156e-05,7.299016044964865e-06,0.813707231386397,246.29679806525846,4.13828659,0.108604051
61,7.122988582960698e-05,0.00019824335648254028,7.122988582960698e-05,1.4905828584390475,256.374373274205,18.475935,0.108586639
55,2.571815035030652e-06,5.492519662752657e-06,2.571815035030652e-06,0.5678627800847269,270.23516393812605,2.54612803,0.108560152
53,3.5566616382462343e-06,7.648180177279667e-06,3.5566616382462343e-06,0.6270169256749949,264.0939023235449,2.88560224,0.108404845
63,8.328677262592289e-05,0.00024169366565464655,8.328677262592289e-05,1.565614551050892,253.05560652283643,23.9417191,0.108714134
82,1.8902547574084203e-05,4.430260126657205e-05,1.8902547574084203e-05,1.5585706038703888,343.5410793117401,10.6664209,0.108663052
39,7.967712411296871e-05,0.00029087690146149695,7.967712411296871e-05,0.5924077913464344,214.94378287165011,23.7762012,0.108744889
58,8.425061205318372e-06,1.9371865049552025e-05,8.425061205318372e-06,0.8129367852180395,264.0465902581524,4.91112757,0.108510852
54,5.869331040984114e-06,1.3143075206232702e-05,5.869331040984114e-06,0.725332258382153,263.04842484400774,3.70826888,0.108387478
56,3.8391830589780975e-06,8.229035495794564e-06,3.8391830589780975e-06,0.6424545207270734,260.1710434182366,2.87550139,0.108464129
57,2.2611675651314028e-06,4.8609308877123e-06,2.2611675651314028e-06,0.5575758792495136,277.3048330862039,2.6249764,0.108731836
53,2.406463933840246e-06,5.068718098549864e-06,2.406463933840246e-06,0.5635204234226522,270.20674536038655,2.59113336,0.108553648
59,2.2127874843051226e-06,5.0176013432666285e-06,2.2127874843051226e-06,0.5636902754984314,284.4598712508979,3.04773545,0.108791903
42,1.7570864948297753e-06,3.816246244354671e-06,1.7570864948297753e-06,0.48788552155283105,270.27087225792644,1.72330701,0.108604491
47,3.0353149832718525e-06,6.74025845680971e-06,3.0353149832718525e-06,0.5801626534146781,287.05442525176295,2.30377221,0.10851948
44,2.683151123654457e-06,5.948863180730194e-06,2.683151123654457e-06,0.5539335447925832,283.0380623119311,2.38810968,0.108540177
43,2.021294644174308e-06,4.396012220633142e-06,2.021294644174308e-06,0.5089725399862419,274.10726619733845,1.79390609,0.10855405
42,1.4657375887426647e-06,3.15086763941182e-06,1.4657375887426647e-06,0.46206969971725026,264.1619097777187,1.59356511,0.108646788
43,1.3016577709644064e-06,2.788395904141047e-06,1.3016577709644064e-06,0.4445598188039322,259.53309772817914,1.5131588,0.108548656
41,7.25406770441332e-07,1.4972730366415752e-06,7.25406770441332e-07,0.37541466828857106,227.2348920769279,1.40323937,0.108659737
40,6.785983426897508e-07,1.3901330579712363e-06,6.785983426897508e-07,0.3694691030168767,223.704205844568,1.29280484,0.108683415
40,6.00923588836209e-07,1.2167221470803331e-06,6.00923588836209e-07,0.355915142497974,216.62936294360227,1.0828563,0.10856846
40,5.832759986353391e-07,1.1860371202392878e-06,5.832759986353391e-07,0.3491698640500728,211.2742033948767,1.18401742,0.108547084
40,5.892329679347127e-07,1.1843276928157926e-06,5.892329679347127e-07,0.35233910997019957,209.66550438650933,1.11447537,0.1084987
39,5.781035283829581e-07,1.1519328135669944e-06,5.781035283829581e-07,0.3512791081902027,206.867866394827,1.07366347,0.108610421
41,6.433306682426901e-07,1.294940526976991e-06,6.433306682426901e-07,0.35882516278686155,207.57888628900486,1.14012337,0.108642079
39,7.384984036204207e-07,1.499267565914315e-06,7.384984036204207e-07,0.3746503013921874,212.11290190812466,1.17396569,0.108577795
41,9.924179634594329e-07,2.0587035495321175e-06,9.924179634594329e-07,0.4014708995373326,214.229094523295,1.33963525,0.108547926
40,7.751287248338413e-07,1.5878930387752084e-06,7.751287248338413e-07,0.3747583282758842,207.1063999007999,1.23735201,0.108685762
40,6.717896760603112e-07,1.3581018606006628e-06,6.717896760603112e-07,0.3625257333305146,207.52609312537174,1.13834631,0.108653016
41,1.1491089819045306e-06,2.3944057410415163e-06,1.1491089819045306e-06,0.4158224293083156,212.83579041539892,1.46028447,0.108604826
41,1.2272055070420148e-06,2.5459561563567364e-06,1.2272055070420148e-06,0.4252868513505453,212.5431282694098,1.4941504,0.108617336
43,1.4997546874520552e-06,3.1335838882667433e-06,1.4997546874520552e-06,0.44671755959414866,213.54561421722818,1.62752008,0.10864725
44,1.8323918588745424e-06,3.862799533801181e-06,1.8323918588745424e-06,0.47046835375324797,214.27841061630085,1.74927282,0.10865695
43,2.455298494370342e-06,5.195104124470823e-06,2.455298494370342e-06,0.5158248185170541,217.8224219698622,1.96047413,0.108589552
43,2.8972135224430924e-06,6.1952083891929425e-06,2.8972135224430924e-06,0.5480140045382933,225.86630172173514,2.12093425,0.108630806
45,3.5126521269520054e-06,7.560668904194397e-06,3.5126521269520054e-06,0.5863074703044635,230.65141705624004,2.39180541,0.108605482
42,8.306514478160092e-07,1.7219360887078945e-06,8.306514478160092e-07,0.39377728339087253,240.53725295633507,1.21541476,0.108566232
41,8.067958554718378e-07,1.6620876844938826e-06,8.067958554718378e-07,0.38984327691077675,236.6643042500664,1.21149528,0.108545065
42,7.405579146174826e-07,1.5392933768080069e-06,7.405579146174826e-07,0.376417319673095,231.2033444863708,1.27393496,0.108739525
41,7.068420827924437e-07,1.4683034974548049e-06,7.068420827924437e-07,0.3702335972944875,228.30787834901128,1.30366409,0.108705394
42,1.1093791920356872e-06,2.334549337400202e-06,1.1093791920356872e-06,0.42762171458607406,252.43771751763876,1.37129664,0.108541988
41,9.373620947901306e-07,1.9645141192653607e-06,9.373620947901306e-07,0.4068099745093613,246.7497165768145,1.28429651,0.108555205
65,0.00014475331815878248,0.0006073553519220593,0.00014475331815878248,1.6317261179977218,315.6610690338603,46.0150681,0.108424939
54,1.3229492573723947e-05,2.8937973091268365e-05,1.3229492573723947e-05,1.0366957961432106,308.28421597918225,6.70319653,0.108453415
47,6.426673089193583e-06,1.4093534708712837e-05,6.426673089193583e-06,0.7791933027780449,299.67207674099257,3.47028947,0.108491279
48,4.643601193817445e-06,1.033290260474825e-05,4.643601193817445e-06,0.6791748068258091,294.9282305462617,3.1936121,0.108726382
45,3.7596652189583937e-06,8.422377596795238e-06,3.7596652189583937e-06,0.62244439696829,290.11231955102596,2.99394941,0.108658455
70,1.957556867987126e-05,4.2245994958149194e-05,1.957556867987126e-05,1.3983319471558713,350.9976405306379,4.38011265,0.109123491
76,4.2082816777786954e-05,9.130071003846124e-05,4.2082816777786954e-05,1.9094084184568691,359.9266734774183,6.14933586,0.110001735
208,0.00010416295928068166,0.00020548474858302304,0.00010416295928068166,5.805916852792395,721.2058426402867,8.61410046,0.112979963
213,8.47908125533625e-05,0.00015832078142352917,8.47908125533625e-05,5.593510285489734,704.090705091542,6.72015762,0.117379904
66,8.706440170279809e-06,2.236832495785997e-05,8.706440170279809e-06,1.870347159867243,437.37244500044477,5.86304235,0.109410211
53,0.00020835980992859555,0.0007506069460029971,0.00020835980992859555,0.8974102163030434,281.42115450645946,29.3481541,0.108388349
62,6.30570533155693e-05,0.00017766171106899285,6.30570533155693e-05,1.609512644163583,314.1974080414998,23.1499996,0.108323246
53,1.8354719932127772e-05,4.1333492641208676e-05,1.8354719932127772e-05,1.1404960916877582,307.3491196463302,7.27860212,0.108366996
61,3.4207638702578626e-06,7.717792345109789e-06,3.4207638702578626e-06,0.6476682112291765,320.64760248883476,3.43917751,0.108827628
62,3.1543508457264063e-06,7.093980357474664e-06,3.1543508457264063e-06,0.6480524162600193,325.98065659663024,3.31642532,0.10885983
69,5.522801222295697e-06,1.1530945383452294e-05,5.522801222295697e-06,0.8683090944766232,334.78570552871133,3.01043391,0.108903162
68,2.196012879840318e-05,6.072928605468995e-05,2.196012879840318e-05,1.1976874285989358,319.44289393739473,19.2110844,0.108539775
57,1.1123424610263842e-05,2.4630405535485963e-05,1.1123424610263842e-05,0.9846446011302471,316.2668466948345,4.81113243,0.108554035
67,5.075782628662644e-05,0.00017543419312284863,5.075782628662644e-05,1.3749649020160444,321.89993455048784,22.2542706,0.10854578
58,6.510962293272685e-06,1.4398279382977209e-05,6.510962293272685e-06,0.8001571539148851,316.1623370747762,3.66858053,0.108598381
74,2.2756655377334106e-06,5.790480862000684e-06,2.2756655377334106e-06,0.7861638909911606,353.22797634094974,3.36824656,0.112577014
87,9.008345181222273e-06,1.9316871291013377e-05,9.008345181222273e-06,1.8699361870593498,469.6266987318324,5.35245895,0.106534123
66,2.608006128253889e-06,6.701549124498086e-06,2.608006128253889e-06,0.6637196934313214,315.9364869192314,3.65161586,0.110825174
65,2.182182384290558e-06,5.3915134359568555e-06,2.182182384290558e-06,0.6046697596554458,303.01065521609746,3.44367576,0.109941691
65,2.2529583256422816e-06,5.318175132453097e-06,2.2529583256422816e-06,0.5705522402680351,289.5776596665427,3.22791052,0.10889902
50,5.0047776667868055e-06,1.0805698398818912e-05,5.0047776667868055e-06,0.674649322895146,235.53726782192024,3.32188177,0.108618371
52,7.78567836324525e-06,1.6257532097883187e-05,7.78567836324525e-06,0.8411407332971584,242.3545904353398,4.14140892,0.108603738
50,4.945000138510461e-06,1.057420691177978e-05,4.945000138510461e-06,0.6748195499275867,234.21344036518786,2.96749449,0.108616933
52,2.6430214592623654e-06,5.516804145512648e-06,2.6430214592623654e-06,0.5753934196766891,265.1705267499553,2.51273656,0.108484857
53,3.2506293110297647e-06,6.805438713707873e-06,3.2506293110297647e-06,0.6064861476895915,258.68358999284965,2.83999801,0.108647816
52,1.1557503112671444e-05,2.4074238494759928e-05,1.1557503112671444e-05,0.9903492308765575,243.92001671674763,5.69705915,0.108601078
85,1.6447218207764544e-05,3.54659538334795e-05,1.6447218207764544e-05,1.5770822966025277,343.87256483342867,6.99110174,0.108604521
53,1.3303676901313684e-05,2.7473362171513258e-05,1.3303676901313684e-05,1.044412847475535,239.92334974145646,5.42871237,0.108610503
70,0.004991551971862756,0.01098159898488767,0.004991551971862756,10.61895719685439,251.6674501326147,64.6333618,0.108658567
54,6.487720775224999e-06,1.4420928142976256e-05,6.487720775224999e-06,0.7480732050324338,257.8402427364252,3.62151623,0.108454958
53,4.54067375482189e-06,9.596805523475856e-06,4.54067375482189e-06,0.6779514397092495,255.13215464048284,3.01292181,0.108660251
58,2.0651988472645338e-06,4.408729112353381e-06,2.0651988472645338e-06,0.5473869162125748,277.42440229242925,2.60475206,0.108893476
55,2.342646381292923e-06,4.860735986767106e-06,2.342646381292923e-06,0.5635023639159065,268.7904048639145,2.28728986,0.108599767
59,2.11282469765941e-06,4.556923283508157e-06,2.11282469765941e-06,0.5540851932689621,270.7028643448303,2.90191197,0.108813681
59,2.1661886176388875e-06,4.7501030827667025e-06,2.1661886176388875e-06,0.5589798792938541,276.48747958456886,2.91554308,0.109018326
43,1.4997401380834903e-06,3.228417318165362e-06,1.4997401380834903e-06,0.46362990335864523,265.642536274749,1.66387653,0.108693793
43,2.78426733713491e-06,6.16860189124452e-06,2.78426733713491e-06,0.5647967698512386,284.18269022472583,2.3437562,0.10852395
44,2.3134651632567174e-06,5.05704649661365e-06,2.3134651632567174e-06,0.530775532691245,277.4460321236605,2.05991411,0.108578809
44,1.8061923882153718e-06,3.908641137112423e-06,1.8061923882153718e-06,0.48982929956373583,269.1533832815336,1.87997341,0.108663388
41,1.3594595831420206e-06,2.8988555354475375e-06,1.3594595831420206e-06,0.45343179373709036,261.1921245090448,1.55893493,0.108726665
43,1.0891095057405994e-06,2.2946453354094717e-06,1.0891095057405994e-06,0.424057055185426,253.75011604880532,1.4053725,0.108602464
39,6.370901366097435e-07,1.3029504714278527e-06,6.370901366097435e-07,0.3611999131794949,218.75380223353125,1.30062962,0.108703189
38,5.925041055322093e-07,1.1916157194745133e-06,5.925041055322093e-07,0.3559925624073384,216.59913668758756,1.12744272,0.108633995
40,5.458244742910008e-07,1.0956957138964346e-06,5.458244742910008e-07,0.3449755081844032,212.1612862890293,1.0737946,0.108484089
40,5.475741959149932e-07,1.0852153262052186e-06,5.475741959149932e-07,0.34472862960054507,205.7372569833006,1.073053,0.108533248
42,5.080836822821744e-07,1.0004329808976357e-06,5.080836822821744e-07,0.33858105106330777,206.81624508688833,1.00632238,0.108488388
40,5.513518538165449e-07,1.0854977833212831e-06,5.513518538165449e-07,0.3464527946852681,204.5020710413102,1.04321611,0.108622715
40,5.392415477564304e-07,1.07094685416736e-06,5.392415477564304e-07,0.34311056606659546,203.98396052301422,1.09643006,0.108519666
40,4.931836483788527e-07,9.60459966640772e-07,4.931836483788527e-07,0.33521059812489107,197.88847130451225,1.05296957,0.10854055
39,6.43709202849725e-07,1.2911165859764811e-06,6.43709202849725e-07,0.35953903194833,204.40748465406986,1.16254067,0.108514898
40,9.463889206010723e-07,1.9420556250682423e-06,9.463889206010723e-07,0.39624812768524037,208.05617381278432,1.33433485,0.10867878
40,6.650037797715723e-07,1.3327041397718518e-06,6.650037797715723e-07,0.3610145661419055,200.6417210346298,1.14166224,0.108601846
39,8.326550104734252e-07,1.6883789153858623e-06,8.326550104734252e-07,0.3812997993922099,201.28970175163818,1.27936006,0.108622395
40,5.869715106805869e-07,1.1636094878695341e-06,5.869715106805869e-07,0.34942688765967267,199.30383922461127,1.09881759,0.108574651
40,1.0196828142857718e-06,2.1154666597804843e-06,1.0196828142857718e-06,0.4001472957438648,207.00072354813736,1.43230128,0.108625636
40,1.0697645503442927e-06,2.2116246985487297e-06,1.0697645503442927e-06,0.40971361093688186,209.2851430795714,1.43648243,0.108594954
40,1.161582703770181e-06,2.40117074546403e-06,1.161582703770181e-06,0.4161948941473624,205.34862326509096,1.45067525,0.108538523
42,1.3300906579060975e-06,2.7506159643023805e-06,1.3300906579060975e-06,0.4299470886676896,204.60187788259637,1.5157125,0.10867773
43,1.6858838810602604e-06,3.5202060309190293e-06,1.6858838810602604e-06,0.4607195387894476,210.34274933742086,1.69421911,0.108697891
43,1.9839434429580646e-06,4.144478319960915e-06,1.9839434429580646e-06,0.4831356451608922,212.12328598210598,1.82851148,0.108638071
44,2.664943040660248e-06,5.652422897747092e-06,2.664943040660248e-06,0.5294070268322414,217.72030983440916,2.15427709,0.108593069
46,3.6375663000041626e-06,7.798119655323483e-06,3.6375663000041626e-06,0.5894126702674666,225.47050812600358,2.409554,0.108649835
43,7.837239943832331e-07,1.6138527171266482e-06,7.837239943832331e-07,0.38636568736242427,238.65120439302305,1.16319275,0.108540639
41,6.845663554724378e-07,1.409691186225515e-06,6.845663554724378e-07,0.36926467073270863,228.524425583824,1.16692698,0.108625688
42,6.95957792557798e-07,1.4142271646822988e-06,6.95957792557798e-07,0.37406650535064456,231.58650352553911,1.12066102,0.108578175
41,6.425412732082149e-07,1.3131084777351119e-06,6.425412732082149e-07,0.3619498506708506,223.15217740472826,1.20185614,0.108682647
42,9.613460768774904e-07,2.0146364305500903e-06,9.613460768774904e-07,0.4090727510052606,247.00996341750582,1.29084837,0.108570136
41,8.19901673396138e-07,1.6958643097966764e-06,8.19901673396138e-07,0.39144455640270126,241.54793727881392,1.21385801,0.108545385
52,9.758280370417094e-06,2.1142466101802437e-05,9.758280370417094e-06,0.9151488265378204,302.39140523814257,4.15912056,0.108600631
50,6.0962223396643525e-06,1.3423755002720931e-05,6.0962223396643525e-06,0.7503273585943228,296.0797135026915,3.18091416,0.108643867
45,3.7350877881872487e-06,8.275650738251377e-06,3.7350877881872487e-06,0.6231951691836641,288.62635514324097,2.67936969,0.108642362
45,4.125110334042159e-06,9.12609600480373e-06,4.125110334042159e-06,0.6481488314496677,288.93681403668955,3.02544641,0.10847
45,2.813470363426892e-06,6.190597730045479e-06,2.813470363426892e-06,0.5646169501890416,282.0101880978742,2.23881292,0.108566798
73,2.284505958616882e-05,4.811422770220775e-05,2.284505958616882e-05,1.5277842811110707,347.24370491336043,4.67947769,0.110190347
69,1.120451536292485e-05,2.3402110778740138e-05,1.120451536292485e-05,1.1270092944804304,337.51699289751133,3.38042545,0.109024584
235,4.855548134983677e-05,8.187561602959147e-05,4.855548134983677e-05,5.484436014259662,760.4067374145642,5.37944984,0.112760387
65,5.777312258965023e-06,1.1771631462617255e-05,5.777312258965023e-06,1.9834271960462528,457.48245412694484,3.26318359,0.104427628
219,4.070310650810555e-05,6.875045465418716e-05,4.070310650810555e-05,5.046171454128616,728.655459848841,7.03913069,0.113734953
81,0.0002355678805209399,0.001129164194047371,0.0002355678805209399,1.6430616041745083,315.78965228518604,87.0803299,0.108479396
60,2.2337908043213134e-05,4.913493300786723e-05,2.2337908043213134e-05,1.2531889340765607,308.4413572738796,7.42699766,0.108437918
52,1.0311424938331882e-05,2.2516445794821535e-05,1.0311424938331882e-05,0.9268722793260004,301.0323318450688,5.09592533,0.108536951
61,3.6350688019549063e-06,8.044201158845713e-06,3.6350688019549063e-06,0.6656042187273403,319.856561178709,3.43093348,0.108784065
69,4.567645794715139e-06,9.654226707468383e-06,4.567645794715139e-06,0.781829924954769,327.0282395226894,3.10240889,0.108914569
72,3.877451691760829e-05,0.0001235723495335841,3.877451691760829e-05,1.382649797873597,322.96271776855843,20.2915783,0.108500838
59,1.0990244335959082e-05,2.4078281410398987e-05,1.0990244335959082e-05,0.990178144966293,315.76690064276386,4.61882544,0.10857024
68,2.0532433162972843e-05,5.171596622454315e-05,2.0532433162972843e-05,1.2396657004790959,319.85846468141784,11.9045973,0.108585045
46,2.399672051240038e-05,8.902530289353784e-05,2.399672051240038e-05,0.523072750744541,278.8985739247007,15.903326,0.108603574
60,5.113439184023877e-06,1.1330279883670222e-05,5.113439184023877e-06,0.7431731541707899,317.11553768584605,3.8760519,0.108740754
60,7.726695670559363e-06,1.6957539711371146e-05,7.726695670559363e-06,0.861038679180445,315.44293046737516,4.47880983,0.10857667
69,1.89331227988498e-06,4.6365797323503095e-06,1.89331227988498e-06,0.7234787402842149,331.2540097319886,3.12819386,0.113063112
78,5.7186570447334115e-06,1.2552254437914986e-05,5.7186570447334115e-06,1.4511607538801825,415.34417336620174,4.8270607,0.108690746
64,2.150003128939474e-06,5.176802785611786e-06,2.150003128939474e-06,0.5707602219078759,288.7845105981928,3.32645726,0.109067753
67,1.885706816507207e-06,4.734207423147491e-06,1.885706816507207e-06,0.6088022831670725,298.84526012466443,3.36006856,0.110008977
67,1.839122113162874e-06,4.437342140756831e-06,1.839122113162874e-06,0.7188933681489885,322.8135355954886,3.08295798,0.112788372
60,1.9689131369089194e-06,4.44453264884868e-06,1.9689131369089194e-06,0.5580068471560605,278.1844807027856,3.02747083,0.108882561
48,5.690685771259972e-06,1.2118273328395626e-05,5.690685771259972e-06,0.710745296537339,231.3470941011106,3.26177859,0.108662382
44,4.361759520675054e-06,9.32435570322293e-06,4.361759520675054e-06,0.6323033127931783,226.74742560283937,2.53860235,0.108670153
55,2.7074909034374235e-06,5.589843636416379e-06,2.7074909034374235e-06,0.5806618149788738,261.61611749412873,2.60367417,0.108555257
53,4.019367852493569e-06,8.344493558844028e-06,4.019367852493569e-06,0.6540817081448039,253.19672735438132,2.87616205,0.10874413
51,2.9841451006877286e-06,6.059262461967696e-06,2.9841451006877286e-06,0.6027780932496767,254.75235373237203,2.33455658,0.108576
52,6.959521218456716e-06,1.4747548024241136e-05,6.959521218456716e-06,0.7838050185137722,234.29883691661604,4.05377626,0.108631238
58,1.238979570991502e-05,2.8381036537735082e-05,1.238979570991502e-05,0.9246922763339325,260.25900853256644,5.93578243,0.108644702
52,1.219986864527995e-05,2.4875592394881428e-05,1.219986864527995e-05,1.0086813438240276,234.68992578108364,4.99886513,0.108558163
48,6.1008007208950396e-06,1.2692386989596765e-05,6.1008007208950396e-06,0.7448410482090231,227.74833868239804,3.10260415,0.108600207
40,8.220459053702369e-05,0.00028450982229892937,8.220459053702369e-05,0.6263374494213603,207.6541022249347,20.1157093,0.108605281
56,7.679644748828202e-06,1.6925247144842502e-05,7.679644748828202e-06,0.7805603610112636,252.35738593343515,4.22150373,0.108663127
53,5.621675310622404e-06,1.1815366843789059e-05,5.621675310622404e-06,0.7245206840268827,249.47342506689955,3.20625567,0.108712964
55,2.4771731612671043e-06,5.085110396670814e-06,2.4771731612671043e-06,0.5708610172192647,263.16209886533767,2.50554109,0.108575486
55,2.3301786380871148e-06,4.779646271506626e-06,2.3301786380871148e-06,0.570547744527067,261.9541542643332,2.62366295,0.10874664
59,2.0569310847294447e-06,4.3896981781056695e-06,2.0569310847294447e-06,0.5541204555538469,264.3565943938877,2.83490157,0.108778343
41,1.2979704289168077e-06,2.7536456518400944e-06,1.2979704289168077e-06,0.446442681060209,259.20033260389977,1.53559732,0.108672835
41,1.5358157407233466e-06,3.287554506477105e-06,1.5358157407233466e-06,0.4692448597301425,263.7930058972391,1.71006274,0.108662717
43,2.15135309358963e-06,4.671757362407053e-06,2.15135309358963e-06,0.5196930773411867,275.0347089258016,1.89513016,0.108569972
43,1.6153540132644509e-06,3.4629135214333613e-06,1.6153540132644509e-06,0.47712731085774857,267.7468019938725,1.68430662,0.108677797
41,9.722496617263276e-07,2.035298377000138e-06,9.722496617263276e-07,0.41115241219678356,248.680333754686,1.3595531,0.108605787
40,5.755614862497685e-07,1.157538242464366e-06,5.755614862497685e-07,0.35134365849331534,215.44436398969248,1.21918952,0.108539574
40,5.065094779940169e-07,9.983334698001848e-07,5.065094779940169e-07,0.3400900013719492,210.34736817248088,0.993643045,0.108588874
40,4.909057916595563e-07,9.585827358149695e-07,4.909057916595563e-07,0.3346974209590826,201.386216462975,1.01875973,0.108624198
40,4.796164053868555e-07,9.279219175956139e-07,4.796164053868555e-07,0.33387204339101384,200.68681757731815,0.965438306,0.108404122
40,4.930585174557925e-07,9.579409990194012e-07,4.930585174557925e-07,0.33491477276720594,198.03512459992496,1.01332676,0.108645007
39,5.27950058100953e-07,1.0349948574959237e-06,5.27950058100953e-07,0.34048165468292,196.95297825721264,1.09373522,0.108470775
39,4.5273436312070723e-07,8.67009745457004e-07,4.5273436312070723e-07,0.3271068775104615,193.19633101492732,0.998750925,0.108618855
39,5.271223289005786e-07,1.031230993523068e-06,5.271223289005786e-07,0.33977827694101304,196.61455902551805,1.04533076,0.108506456
40,6.619155017776241e-07,1.3200747973076443e-06,6.619155017776241e-07,0.35962361325096753,198.20123565303996,1.14635766,0.108558424
40,5.694736262108833e-07,1.1200923548155903e-06,5.694736262108833e-07,0.34369496094149277,192.82619150272401,1.08209586,0.108622812
39,8.065068566606812e-07,1.633100492233715e-06,8.065068566606812e-07,0.37562851527127955,198.1509842817791,1.3003422,0.108601741
41,8.72250813289555e-07,1.7800572752679233e-06,8.72250813289555e-07,0.38240009743492787,199.93161478735837,1.36735582,0.108592413
41,9.252901350761442e-07,1.8876482430253415e-06,9.252901350761442e-07,0.3906360779701303,201.37548678617674,1.39205337,0.108550578
40,1.0084995550935037e-06,2.0569322139246686e-06,1.0084995550935037e-06,0.39971410153384573,200.02495497077632,1.38920105,0.108242251
42,1.3938926560502574e-06,2.898948699001437e-06,1.3938926560502574e-06,0.4319100329102976,202.3667980096787,1.59691703,0.108668208
41,1.1493121943552161e-06,2.3445362312360117e-06,1.1493121943552161e-06,0.4119968180907591,197.2659109949417,1.41572738,0.108543627
44,1.7224735165371094e-06,3.5937855722726463e-06,1.7224735165371094e-06,0.4594537035839711,206.16414271226552,1.70739448,0.108662508
42,2.151061509372851e-06,4.492187371375382e-06,2.151061509372851e-06,0.49454484794214426,208.8409623691536,1.91182458,0.108668141
43,2.1905566721504244e-06,4.5850999593277415e-06,2.1905566721504244e-06,0.4961551305273609,209.03411204017598,1.96054196,0.108674251
44,2.7182071782956603e-06,5.735551174061869e-06,2.7182071782956603e-06,0.5283252508474132,212.68505907933974,2.10361075,0.108626939
44,3.229065228067539e-06,6.869186166702946e-06,3.229065228067539e-06,0.5626215920069872,218.34464880956895,2.22305346,0.108560309
40,7.122592798439508e-07,1.4637632035415576e-06,7.122592798439508e-07,0.3757842744727808,235.59043173673643,1.15186512,0.108546101
40,6.20571427578906e-07,1.256048181054173e-06,6.20571427578906e-07,0.36114106473429347,224.78189439867202,1.09533119,0.108601429
41,6.039023970441901e-07,1.2205151438220702e-06,6.039023970441901e-07,0.35615252151440857,220.4912650537341,1.10231447,0.108607754
41,6.206898057178544e-07,1.2537667231717063e-06,6.206898057178544e-07,0.3618927805624637,227.4136382955883,1.09435046,0.108608685
40,8.17735874538252e-07,1.692868237272979e-06,8.17735874538252e-07,0.3929105169357095,241.37440421215823,1.23249757,0.108546376
41,6.940010478742159e-07,1.416387352980028e-06,6.940010478742159e-07,0.37288945709151655,234.9170388675608,1.1331172,0.108566567
52,7.310990031989787e-06,1.604418391252767e-05,7.310990031989787e-06,0.8019582612323712,296.65543569600925,3.84556866,0.108643934
43,4.374990373547539e-06,9.6605224080792e-06,4.374990373547539e-06,0.6604093383562599,288.44597341587325,2.83058262,0.108582996
50,5.231407918557415e-06,1.147553149716626e-05,5.231407918557415e-06,0.7054874961232426,290.9235455760725,3.12050962,0.108575031
44,2.8511231133738185e-06,6.2487661174491155e-06,2.8511231133738185e-06,0.5667530980943765,279.03852130471796,2.3273232,0.108482338
46,2.2850809396424333e-06,4.97338545904794e-06,2.2850809396424333e-06,0.5262391812697315,275.009773534354,1.95322371,0.108550891
69,1.083499918563441e-05,2.2127820598200725e-05,1.083499918563441e-05,1.191411100129726,340.4801205210229,4.28808546,0.109797396
68,6.267083210561663e-06,1.288252917011629e-05,6.267083210561663e-06,0.9128321930540372,328.0549445461102,3.10866046,0.109162189
202,3.766043701462918e-05,6.32080062837873e-05,3.766043701462918e-05,4.545244882123121,682.4616593857448,5.77576065,0.113300487
239,3.5390432563833716e-05,5.558177882867105e-05,3.5390432563833716e-05,5.478418656671018,808.1859021507652,4.86174297,0.111042872
67,4.957599668826418e-06,1.0459457017946234e-05,4.957599668826418e-06,1.7060318288017162,422.45265083581745,3.42745924,0.106230296
140,2.593150432628943e-05,4.860554843942819e-05,2.593150432628943e-05,2.8348460869612206,469.251974064813,7.02872705,0.111203194
63,3.8183833469997524e-05,0.00010886044356722087,3.8183833469997524e-05,1.2988655510395686,306.70988729217936,16.4679317,0.108635291
55,1.10703263981569e-05,2.4126228672017664e-05,1.10703263981569e-05,0.9399865206774476,298.585846428905,4.7569952,0.108457908
49,8.05287170026089e-06,1.7847062943450064e-05,8.05287170026089e-06,0.8232256805344946,294.38114220680296,3.98364758,0.108376421
48,7.011427658480233e-06,1.5527193041526448e-05,7.011427658480233e-06,0.7713283151041328,291.4869469084813,3.51262856,0.108398318
66,4.003095854601355e-06,8.765438538915126e-06,4.003095854601355e-06,0.705553732493176,321.3531166010787,3.23666644,0.108891107
37,5.601642953688217e-06,1.733111476104133e-05,5.601642953688217e-06,0.39643882243818446,276.2198914460419,5.26784277,0.10848821
41,1.7469770559532778e-05,8.191267601965219e-05,1.7469770559532778e-05,0.3596269506025159,274.75119680475603,18.8379364,0.108664677
60,1.0166247590752903e-05,2.2085978124653568e-05,1.0166247590752903e-05,0.9746931608840118,315.3865628840552,4.93397665,0.108636729
68,1.4909066826085266e-05,3.23690146482225e-05,1.4909066826085266e-05,1.1798164141493752,319.14115249275517,6.38216686,0.108675063
72,9.61563483689894e-05,0.0003842023606495777,9.61563483689894e-05,1.3736906715130428,306.2984294617725,45.1869278,0.108624987
62,4.8609282576536975e-06,1.0650081116783124e-05,4.8609282576536975e-06,0.7402672345266801,317.2618952284031,3.49030042,0.108789317
60,8.240034867949672e-06,1.7834527910007123e-05,8.240034867949672e-06,0.8979382592494309,315.1554098906943,3.89914751,0.108679354
87,8.697249710539354e-06,1.8343700643029336e-05,8.697249710539354e-06,1.8496768956128935,458.7006837518303,5.12539816,0.104902349
83,5.424826322032093e-06,1.1741862543789272e-05,5.424826322032093e-06,1.3765700789156283,393.0581210356426,4.32080173,0.106303394
63,1.8870926094795685e-06,4.414950046072542e-06,1.8870926094795685e-06,0.5635226342697642,280.9803615376061,3.17259002,0.10921625
69,1.6995198961883022e-06,4.219072831495183e-06,1.6995198961883022e-06,0.6013593256267363,294.10874216508097,3.20227766,0.110073134
70,1.8319618618683723e-06,4.4751972568087896e-06,1.8319618618683723e-06,0.7344600829328817,318.5801406625631,3.35373354,0.112072445
59,1.9822446557834595e-06,4.326507742460988e-06,1.9822446557834595e-06,0.5625327012438043,269.01579205762573,2.92823672,0.108997054
45,4.890041206582691e-06,1.0337806946231276e-05,4.890041206582691e-06,0.6650752323852382,224.3831987593904,2.75718594,0.108741909
42,3.5783227527343205e-06,7.576684317454804e-06,3.5783227527343205e-06,0.5865227019994687,217.92332749577614,2.31220222,0.10870114
51,4.096923289502371e-06,8.42596383501922e-06,4.096923289502371e-06,0.657005324251582,248.63460671137875,3.04660225,0.108583026
55,2.9780276991531634e-06,6.012137364131967e-06,2.9780276991531634e-06,0.6050274033911502,253.05317894355673,2.67680645,0.10861858
56,2.4233113964151486e-06,4.913038359231605e-06,2.4233113964151486e-06,0.5686061763225306,256.86706069581965,2.46123672,0.108663604
54,3.7751943005437574e-06,7.618394860361363e-06,3.7751943005437574e-06,0.6471548276320996,247.22085884738868,2.86839581,0.108434878
60,1.6559452898697137e-05,3.834984605994965e-05,1.6559452898697137e-05,1.020728046556701,260.3896558228952,7.44511271,0.108649537
52,1.0695055931602572e-05,2.1877257972639968e-05,1.0695055931602572e-05,0.9548090103309441,230.5543959177156,5.1432004,0.108634226
51,6.771741582248665e-06,1.3956893728188412e-05,6.771741582248665e-06,0.7657326206569859,221.68517041378934,3.46179414,0.108818643
48,5.1593122362041695e-06,1.0843843273660406e-05,5.1593122362041695e-06,0.6783350677230027,221.3303394354596,2.8237977,0.108647712
59,4.714853631073719e-05,0.00013461257509740624,4.714853631073719e-05,1.3591935564289934,235.54854990772859,20.0574474,0.108566105
70,0.0029376029955838516,0.006272673752716692,0.0029376029955838516,7.826316086884717,235.54092591282577,66.1965408,0.108530737
59,1.2584894117346443e-05,2.868498053889066e-05,1.2584894117346443e-05,0.909785930745791,249.35529282120842,6.30009985,0.108656645
58,9.14004324566358e-06,2.002816045487222e-05,9.14004324566358e-06,0.8278440523736859,245.98373240752878,4.8637476,0.108605012
52,7.478313849219234e-06,1.5844204911848973e-05,7.478313849219234e-06,0.7890553861730872,243.0790497725236,4.22061348,0.108545229
56,2.2107117733446316e-06,4.593546500604068e-06,2.2107117733446316e-06,0.571795031873281,259.0531189239238,2.66632867,0.108940072
42,1.0570984492144963e-06,2.21273420002777e-06,1.0570984492144963e-06,0.4223942949785566,253.78499629555208,1.3848598,0.108668841
42,1.2985305150922368e-06,2.7432309626348657e-06,1.2985305150922368e-06,0.4452552091963538,257.52399484540126,1.4941361,0.108621873
43,1.3810446907345767e-06,2.9304260001291105e-06,1.3810446907345767e-06,0.45421769963753644,263.13710765226386,1.55181897,0.108596958
45,1.4895011240905306e-06,3.160117004554791e-06,1.4895011240905306e-06,0.46343849420650735,263.7369585964148,1.60695457,0.108607978
41,8.512021786916732e-07,1.7622121295472774e-06,8.512021786916732e-07,0.397041001393048,244.47863401391896,1.26492584,0.108577676
40,5.42427805721764e-07,1.0866012062750757e-06,5.42427805721764e-07,0.3448329546543119,214.12176606405615,1.09859025,0.108515665
41,5.177530846479225e-07,1.0249868723020364e-06,5.177530846479225e-07,0.3411050589270039,210.59180326864015,1.10607409,0.108589992
38,4.639592375505667e-07,8.980486041315864e-07,4.639592375505667e-07,0.3332066273474547,204.67224882474085,0.964153051,0.10867174
40,4.453573671788379e-07,8.505903365969487e-07,4.453573671788379e-07,0.3263986641483729,194.77138726443738,0.946334958,0.108584702
40,4.4783585032826243e-07,8.5964090891692e-07,4.4783585032826243e-07,0.3264846570215265,197.69471917232136,0.934936464,0.108430229
39,4.5339027555445745e-07,8.753551687640733e-07,4.5339027555445745e-07,0.3271729206507523,198.41308645797488,0.996978164,0.108559228
38,4.776960754797943e-07,9.156574678811683e-07,4.776960754797943e-07,0.33122280276982874,191.4066326682738,0.991910279,0.108604364
40,4.346464783109111e-07,8.22256173420487e-07,4.346464783109111e-07,0.3237880085294637,191.13036179506176,0.951209128,0.108616032
39,4.114972343116019e-07,7.718574514186712e-07,4.114972343116019e-07,0.3176582063436057,187.12979840967947,0.908261776,0.108516775
37,4.4589200241591895e-07,8.427204399205302e-07,4.4589200241591895e-07,0.32583388480575676,188.43698022823347,0.958286107,0.108640864
39,5.169823597987544e-07,1.0067871358328442e-06,5.169823597987544e-07,0.3341110298500479,190.2587348829798,1.03591132,0.108676128
40,6.352074305236589e-07,1.2583029934513653e-06,6.352074305236589e-07,0.3516776724016067,192.37787929877348,1.12568557,0.108523883
37,5.161167389712516e-07,9.894888238310486e-07,5.161167389712516e-07,0.3363003085944098,185.30239484768083,1.03715205,0.108606927
39,6.262601431324368e-07,1.2304401546427676e-06,6.262601431324368e-07,0.3498587012170548,188.04603724307685,1.13055825,0.108559191
39,7.424056252379349e-07,1.486310030510574e-06,7.424056252379349e-07,0.36584471256491335,192.01518499546356,1.27007926,0.108564183
40,8.146718875369426e-07,1.6339478430376086e-06,8.146718875369426e-07,0.3761820541569825,193.53376809071972,1.35385323,0.108530432
39,9.503846921166591e-07,1.9155885266323563e-06,9.503846921166591e-07,0.3913355752967448,194.0079985371965,1.36679268,0.108470574
43,1.3248190817958684e-06,2.717274330065732e-06,1.3248190817958684e-06,0.4265193549183501,198.4352862893729,1.53134131,0.108635731
42,1.0562931248258698e-06,2.1372069216200083e-06,1.0562931248258698e-06,0.39793013011654377,191.70856201669335,1.38477755,0.108628847
42,1.454827820078172e-06,2.9813903684868247e-06,1.454827820078172e-06,0.43814503962834156,198.30507356452478,1.53531599,0.108659223
42,1.799392331307003e-06,3.710086656365521e-06,1.799392331307003e-06,0.4670602603490009,201.15843688230134,1.68803251,0.108648121
42,2.183068671169168e-06,4.5376487478463836e-06,2.183068671169168e-06,0.49150623670810717,202.74729224439483,1.90402019,0.108496562
43,2.906688222464548e-06,6.129370150707309e-06,2.906688222464548e-06,0.5393745658894608,210.21242348297437,2.10566211,0.108655475
43,2.9098093099440308e-06,6.088112060986782e-06,2.9098093099440308e-06,0.5387866078017797,206.31114070514477,2.17190266,0.108593918
41,6.201855613710346e-07,1.2426235165722946e-06,6.201855613710346e-07,0.36252639025754346,228.44570045766466,1.07887268,0.108604863
41,5.646154608123729e-07,1.122012527124292e-06,5.646154608123729e-07,0.3533924987622945,222.2861866513999,1.04057622,0.108639836
39,5.36099997850139e-07,1.0646594238206394e-06,5.36099997850139e-07,0.34517195284562735,215.91643366244924,1.04997468,0.108651765
40,6.753046800087311e-07,1.36802945044332e-06,6.753046800087311e-07,0.3713879364116745,233.9178689112241,1.09708691,0.108648933
40,6.016474580571939e-07,1.1948033534485867e-06,6.016474580571939e-07,0.36133263191567,227.91541127989345,1.02671385,0.108599328
41,7.282465008540854e-07,1.4857478900523887e-06,7.282465008540854e-07,0.37890861634481815,238.67165981179966,1.16780114,0.108588845
45,3.8997950472580976e-06,8.598288959121026e-06,3.8997950472580976e-06,0.6279659324923933,284.49031826711627,2.63804102,0.108474471
48,5.206063778725826e-06,1.1522138181227935e-05,5.206063778725826e-06,0.6948309978526386,287.29027673895456,3.22798967,0.108488806
44,3.19928583074264e-06,7.009671015150212e-06,3.19928583074264e-06,0.5871551247872165,279.6990416143165,2.35820866,0.108509682
44,2.3635769016982174e-06,5.146401845301759e-06,2.3635769016982174e-06,0.5304517566047641,273.95901821939015,1.9563657,0.108596064
45,1.9860463021265448e-06,4.2671913116982846e-06,1.9860463021265448e-06,0.5044432936375229,269.70736312696596,1.80817366,0.108636647
72,8.387535916136627e-06,1.7027278054964285e-05,8.387535916136627e-06,1.060847930913825,333.55144219353406,3.63425326,0.109399512
65,5.330995848184951e-06,1.1287610722625538e-05,5.330995848184951e-06,0.8161568285540304,321.9774643306031,2.9247191,0.108904377
77,9.851450894389826e-06,2.0723837758440346e-05,9.851450894389826e-06,1.1365052967147593,340.42668012168394,4.30692101,0.109550856
81,1.3451223878117581e-05,2.7338203916688343e-05,1.3451223878117581e-05,1.3803442709194593,351.2547146773273,4.32746983,0.109725684
66,4.064932154666956e-06,7.940474454955794e-06,4.064932154666956e-06,1.6548251052158087,414.9873907011438,3.27441883,0.108220138
111,1.30670358275111e-05,2.4651775189709947e-05,1.30670358275111e-05,2.0740580620556126,435.35267991121304,4.23747349,0.113382399
83,1.565859571785646e-05,3.1502859604900665e-05,1.565859571785646e-05,1.4992276750733629,353.5484406795162,5.03803968,0.110356189
51,1.0866263449780335e-05,2.3495235076159928e-05,1.0866263449780335e-05,0.9366165849027582,296.68906539844704,3.98335314,0.108621195
51,8.957172190273217e-06,1.9746192149635504e-05,8.957172190273217e-06,0.8472517872530472,292.45949847663957,3.94675064,0.108476885
47,6.033119196513738e-06,1.3407581709380324e-05,6.033119196513738e-06,0.7227500859488721,286.7351445296021,3.40416837,0.108466245
43,4.818310191498744e-06,1.3125609525342588e-05,4.818310191498744e-06,0.4418531960883788,277.1961637215548,4.06390238,0.10851521
69,5.048181868051517e-05,0.00016530889757419254,5.048181868051517e-05,1.2043909855972432,306.1843791426987,20.9056511,0.108428426
40,4.3661506520322355e-06,1.3685536406182239e-05,4.3661506520322355e-06,0.3639167912606101,274.0358535786648,5.00599718,0.108611524
37,4.1774509779990175e-06,1.5299922754480475e-05,4.1774509779990175e-06,0.3236894441021368,273.6449767066548,7.61231565,0.108642869
65,1.0867365935783487e-05,2.358854500774594e-05,1.0867365935783487e-05,1.014970683650806,316.03113036934514,6.03039789,0.108659618
56,1.681576605523414e-05,3.7403823010121677e-05,1.681576605523414e-05,1.0815123018901311,300.79973645354517,5.19223595,0.108489498
61,6.83623430273116e-06,1.4692176676419377e-05,6.83623430273116e-06,0.850887162666397,316.5300661677852,3.46687078,0.108789347
81,5.7278025846054664e-06,1.2550447796832396e-05,5.7278025846054664e-06,1.3751407218479252,383.3639612747313,5.20695257,0.104655296
66,1.7145616928299102e-06,4.0821804568565366e-06,1.7145616928299102e-06,0.5629238779398252,278.04403481315205,3.11537361,0.109962568
68,1.5711849724746084e-06,3.5672939388790444e-06,1.5711849724746084e-06,0.6792525909921736,301.7289413079585,2.75689125,0.111040905
61,1.857555915816229e-06,4.268328192909003e-06,1.857555915816229e-06,0.5566194009792249,267.3157310422679,2.98074222,0.109096557
57,1.8857055319815353e-06,3.993565547796163e-06,1.8857055319815353e-06,0.5648115383427756,259.61906145653734,2.4946506,0.109227121
45,4.205443522244838e-06,8.874336973428331e-06,4.205443522244838e-06,0.6196248667640992,217.8663121504248,2.60193634,0.108802013
42,3.569482379799881e-06,7.5180290963790984e-06,3.569482379799881e-06,0.5824225008598535,213.00284232834898,2.27923846,0.108742476
51,4.97479281320066e-06,1.020191019294612e-05,4.97479281320066e-06,0.7008647250459121,243.8466744478425,3.24991584,0.108544536
54,3.1950146387367406e-06,6.37885878865868e-06,3.1950146387367406e-06,0.6202711917298044,247.93665723710575,2.69594574,0.108577512
56,2.6072869406433593e-06,5.2078051996769354e-06,2.6072869406433593e-06,0.5891056114357406,251.74679622246188,2.46715069,0.108641967
52,4.2185781753815755e-06,8.491541892827018e-06,4.2185781753815755e-06,0.6716796862133046,242.34246113756737,3.1258781,0.10837701
61,2.4642237975503573e-05,6.128532026686422e-05,2.4642237975503573e-05,1.0900722379077443,244.83269688444048,12.7411852,0.108570307
49,8.543681296142795e-06,1.7079108698931644e-05,8.543681296142795e-06,0.8740031052535983,224.53635429682774,3.68171692,0.108702078
47,5.871660963735879e-06,1.207964945749361e-05,5.871660963735879e-06,0.7194814932077048,215.93545364479613,3.10483265,0.108832024
46,5.128817476894454e-06,1.0747964601185904e-05,5.128817476894454e-06,0.6706283026740236,216.35516776614296,2.92134619,0.108736098
43,3.924192640450184e-06,8.264735196001116e-06,3.924192640450184e-06,0.6025553990053599,211.9650996331517,2.5482564,0.108767316
53,1.58157439693629e-05,3.278834630842285e-05,1.58157439693629e-05,1.0919784768995044,226.09757231515397,7.92536831,0.108651161
78,0.0007445982621826606,0.002141785316415019,0.0007445982621826606,3.0264742471824593,240.37465631875514,61.2600327,0.108563475
61,1.1000278203249703e-05,2.3876715245040827e-05,1.1000278203249703e-05,0.8818931970762545,240.28751168364678,5.00943089,0.108626343
53,6.906010604755288e-06,1.4345662694902438e-05,6.906010604755288e-06,0.7726960833121302,240.1360241287503,3.53829932,0.108681604
56,2.1784217065227137e-06,4.3768324607231465e-06,2.1784217065227137e-06,0.5708014373832027,253.12475202033514,2.40008378,0.108870335
40,9.325400677196868e-07,1.9318437124326975e-06,9.325400677196868e-07,0.40858280901281974,248.5279580914064,1.29850793,0.108637318
41,1.1060429197094888e-06,2.2976920983029887e-06,1.1060429197094888e-06,0.4294397902219177,254.27176636831382,1.35196757,0.108559363
41,9.04825439350274e-07,1.8620829288251412e-06,9.04825439350274e-07,0.4063915194268624,248.66801127878668,1.27053976,0.108640209
44,1.4147197212147729e-06,2.973011306579477e-06,1.4147197212147729e-06,0.46068310596698164,260.8837338196395,1.56998742,0.108541481
43,1.1288157411278513e-06,2.3592411745552867e-06,1.1288157411278513e-06,0.42694651558131336,255.51403397745665,1.40831745,0.108609185
40,8.083668681202668e-07,1.6647607778001584e-06,8.083668681202668e-07,0.39116855107637905,244.3267812393698,1.25482857,0.108611375
39,4.882488157884932e-07,9.554813325136828e-07,4.882488157884932e-07,0.3366120436886875,207.13311543476829,1.0762409,0.108593427
40,5.142554002225123e-07,1.0149214410185216e-06,5.142554002225123e-07,0.34090004726704043,211.82376231831628,1.05317795,0.108646601
41,4.6683287542661244e-07,9.068371210054542e-07,4.6683287542661244e-07,0.33168287209987934,205.22281590855206,0.992893994,0.108583257
38,4.3807139032985254e-07,8.333320889840021e-07,4.3807139032985254e-07,0.32826026098994676,201.52411160201888,0.901789129,0.108599298
39,4.3089643829922616e-07,8.128685985196909e-07,4.3089643829922616e-07,0.3234675093335327,192.54208156475298,0.946763158,0.108454615
39,4.114668612230595e-07,7.697610030415985e-07,4.114668612230595e-07,0.3205776180327989,191.61725505754268,0.885882318,0.108503796
40,4.279383231385088e-07,8.091327597085793e-07,4.279383231385088e-07,0.3238160445222674,196.09611030314014,0.899111748,0.108616769
38,4.537341417006611e-07,8.600538006097601e-07,4.537341417006611e-07,0.3256309085250148,185.55183060916983,0.962547779,0.108641565
39,4.006963657298382e-07,7.463525830815946e-07,4.006963657298382e-07,0.31654054292742695,187.18162218041297,0.899656832,0.108504213
39,3.9128141156739426e-07,7.170258437583405e-07,3.9128141156739426e-07,0.31452132206706934,182.18907592435602,0.861067295,0.108387485
38,4.3829604930825786e-07,8.272531241717283e-07,4.3829604930825786e-07,0.32114128249836765,182.29894678086035,0.973647773,0.108531155
40,3.8709715551657603e-07,7.134672647590638e-07,3.8709715551657603e-07,0.31208830338272975,184.1792786253679,0.854524136,0.108426504
38,4.5657714196745973e-07,8.586450100567445e-07,4.5657714196745973e-07,0.3242246021483418,182.0456007942885,0.965058148,0.108571552
38,5.366683907772066e-07,1.0288284301933628e-06,5.366683907772066e-07,0.33606298788765077,181.92764346883106,1.04564798,0.108617552
40,6.371356561537786e-07,1.2508504221124912e-06,6.371356561537786e-07,0.3489444356933814,184.27372298294273,1.18666708,0.108587511
40,6.976839375898765e-07,1.3823408830862386e-06,6.976839375898765e-07,0.35851213105468704,187.78187197146167,1.23346126,0.108545087
39,8.130769183501713e-07,1.6251284036006867e-06,8.130769183501713e-07,0.37544888734182763,190.75134877706736,1.34404266,0.108573109
41,9.062721000217148e-07,1.8020083417320289e-06,9.062721000217148e-07,0.3853348327772015,189.56879545394213,1.36632991,0.108598731
42,1.212274617380197e-06,2.46249166872637e-06,1.212274617380197e-06,0.41331630861916147,191.187844410568,1.41842353,0.108639434
42,9.672669797046742e-07,1.939785426605796e-06,9.672669797046742e-07,0.3871692544195964,185.63889354598146,1.36069131,0.108591355
42,1.4624618665207073e-06,2.974074733824187e-06,1.4624618665207073e-06,0.43803619988021103,193.5091414176086,1.52622116,0.108626157
43,1.261718205353274e-06,2.545416198642439e-06,1.261718205353274e-06,0.41753883019455684,189.09266998239542,1.42508054,0.108630441
40,1.7910422162470318e-06,3.666735262423513e-06,1.7910422162470318e-06,0.46423690589082095,195.56081797468207,1.71271002,0.108482078
40,2.0888131450850963e-06,4.314084887558024e-06,2.0888131450850963e-06,0.4865013207155208,197.93190498660726,1.92764056,0.108524553
43,2.390282870793913e-06,4.911801059500165e-06,2.390282870793913e-06,0.5069727335143341,199.27471633743028,1.91384971,0.108645029
42,2.9946792160221087e-06,6.192166688772381e-06,2.9946792160221087e-06,0.5470270368699318,202.58315347741262,2.14519835,0.108687453
41,5.401501182673353e-07,1.0791081408989235e-06,5.401501182673353e-07,0.34696853221114105,222.9378013919191,1.05196834,0.108638264
39,5.090428716015551e-07,1.002709386111289e-06,5.090428716015551e-07,0.3427376284470646,217.72612320411997,1.01274729,0.108648077
40,6.10745992831646e-07,1.221537096077148e-06,6.10745992831646e-07,0.3619017561782377,229.8538253454154,1.0885253,0.108655684
41,6.717485102318687e-07,1.3533676578162347e-06,6.717485102318687e-07,0.37184225769510815,235.78319962279153,1.1196779,0.1085691
40,5.320230932603222e-07,1.0443456914149355e-06,5.320230932603222e-07,0.3483260192321703,223.20768065583707,0.975895822,0.108569793
39,5.11454989960392e-07,1.0051783862697254e-06,5.11454989960392e-07,0.34347836490602884,220.25121285941157,0.99100554,0.108572848
41,7.264435406721445e-07,1.4673538437425558e-06,7.264435406721445e-07,0.3810894404045726,239.6534185719504,1.12588429,0.108619645
47,3.757926812644278e-06,8.239297746395702e-06,3.757926812644278e-06,0.6169400020021113,280.9430404215073,2.4237771,0.108526684
45,2.7862307106629163e-06,6.051227175521004e-06,2.7862307106629163e-06,0.557408357128752,274.1283043734646,2.05767512,0.108628564
44,1.9645708790435008e-06,4.200519799433931e-06,1.9645708790435008e-06,0.5016462452872115,267.1768688688043,1.75917947,0.108656526
70,8.093560015868963e-06,1.7381188776897616e-05,8.093560015868963e-06,0.9727967847861632,327.3662287276457,4.15582752,0.109200008
68,8.591202186267006e-06,1.8327163992955052e-05,8.591202186267006e-06,0.9681351666130333,321.58906097751384,4.39311743,0.108907729
63,8.413739722264222e-06,1.823727467474334e-05,8.413739722264222e-06,0.926348440366507,317.4908863467237,4.60493994,0.108747616
77,1.1736476631632516e-05,2.4158267535556552e-05,1.1736476631632516e-05,1.1856581937282697,331.92275324364147,4.02483273,0.109187193
62,4.097005141704183e-06,7.811289227139975e-06,4.097005141704183e-06,1.727497272718167,421.59471978419947,2.57748961,0.111014545
103,1.4562012046324274e-05,2.80624427384492e-05,1.4562012046324274e-05,1.9238378190095164,402.82161759396007,4.70889282,0.112698704
106,1.2799972011979827e-05,2.3504289761612217e-05,1.2799972011979827e-05,1.93873698655895,422.08915056746156,4.88522196,0.110031679
130,2.4244282677611496e-05,4.2525228248145906e-05,2.4244282677611496e-05,2.7577469611743037,476.093496692901,4.28178835,0.109167621
55,1.2172624283404944e-05,2.6831522270883704e-05,1.2172624283404944e-05,0.9568083906385906,295.2414940462719,4.91556978,0.108512089
47,7.25843090622332e-06,1.6002141269902078e-05,7.25843090622332e-06,0.777526389737239,286.2416723498644,3.68868065,0.108420745
48,7.736641114542e-06,1.697205720667917e-05,7.736641114542e-06,0.7997313943480545,287.24104234865973,3.6043489,0.108501054
45,4.1026857779963065e-06,9.005007512703829e-06,4.1026857779963065e-06,0.634483326360289,279.45860338801504,2.65820122,0.108541787
45,4.947042756674854e-06,1.092465984124133e-05,4.947042756674854e-06,0.6727285764930455,281.0747246056098,2.95540023,0.108431108
66,4.975472369461284e-05,0.00019632267115817132,4.975472369461284e-05,1.113848262418985,303.57332060507014,30.3183289,0.108501486
58,1.6482080595394097e-05,3.8570541680778606e-05,1.6482080595394097e-05,1.0266378586513045,298.42243208653156,6.18838406,0.108429246
42,5.209835924754875e-06,1.4293727592243122e-05,5.209835924754875e-06,0.45135487548314646,274.3437520261582,4.04518032,0.108506225
128,2.4427245720899132e-05,4.444998741908284e-05,2.4427245720899132e-05,2.593006352823028,457.4639213260701,7.01298332,0.108459376
41,2.6692579095128015e-06,8.223337882180707e-06,2.6692579095128015e-06,0.328009691350793,271.7040267346754,4.07018423,0.108454496
73,6.6258179670972764e-06,1.425028257033672e-05,6.6258179670972764e-06,1.2426726265197072,343.7998350762616,3.93446064,0.109281771
62,1.7939745632310444e-06,4.2348906090746795e-06,1.7939745632310444e-06,0.614190328617338,281.30137505636446,3.00360727,0.110646099
70,2.3033187728624425e-06,5.269062047576382e-06,2.3033187728624425e-06,0.7797494513391916,302.985500334929,3.25414681,0.110872358
63,1.752415162257019e-06,4.046175977004777e-06,1.752415162257019e-06,0.5816934985556699,273.18250451933125,3.05610681,0.109452419
58,2.0430366647616992e-06,4.224817660117807e-06,2.0430366647616992e-06,0.5537413358999245,251.83124940899276,2.41915941,0.10904552
60,1.9081531051028203e-06,4.134698617418665e-06,1.9081531051028203e-06,0.5582573881852558,255.07317063554953,2.80534172,0.109252445
63,1.721306765678251e-06,3.796728254985876e-06,1.721306765678251e-06,0.5891840550607704,268.6267409422565,2.60178447,0.10957288
49,5.411737859558052e-06,1.0999977563846548e-05,5.411737859558052e-06,0.7221840179869005,239.00493524322894,3.06747794,0.108502917
58,3.135806413635385e-06,6.248369707765633e-06,3.135806413635385e-06,0.619715207653219,244.85535208007408,2.77080369,0.108550914
55,2.3778992297932444e-06,4.7770839979766974e-06,2.3778992297932444e-06,0.5753453392915858,245.9676981031128,2.66712141,0.108708493
53,4.7511245405965905e-06,9.507892366430606e-06,4.7511245405965905e-06,0.6985819893620088,238.02660702615208,3.23709249,0.108420528
68,0.0001776665418672831,0.0006919708183657504,0.0001776665418672831,1.3813483967172313,239.90819427000136,50.425499,0.108590044
46,7.947938005547727e-06,1.6206991071650257e-05,7.947938005547727e-06,0.820687350927164,216.99248328295153,3.93969798,0.108669087
45,5.023319680347414e-06,1.0341083662016581e-05,5.023319680347414e-06,0.6666308891316717,209.38873813352595,2.58199644,0.108739205
44,4.451959441259679e-06,9.199122695721767e-06,4.451959441259679e-06,0.6336305706195524,207.30949500758732,2.86641216,0.108635478
44,3.5223889459678312e-06,7.330906431639639e-06,3.5223889459678312e-06,0.5752509179806715,204.6858446800577,2.33822298,0.108587548
61,5.941323799802972e-05,0.00017013396126548097,5.941323799802972e-05,1.5135859953544606,229.37540910540807,23.2665234,0.108632542
49,8.434756806153611e-06,1.6718191124927006e-05,8.434756806153611e-06,0.8567478402226841,214.7612596587834,3.53561354,0.108592741
61,3.0101165856788087e-05,7.982323525225143e-05,3.0101165856788087e-05,1.1429173087859446,237.2265186708271,15.578083,0.10851673
54,1.2930191234214436e-05,2.7553355831011654e-05,1.2930191234214436e-05,0.941898129653733,235.93510104922908,5.25710917,0.108579881
56,9.760860669992332e-06,2.0461848710481545e-05,9.760860669992332e-06,0.8587739293724921,234.9242514304866,4.41823578,0.108711988
42,9.436553442336051e-07,1.927107482810648e-06,9.436553442336051e-07,0.4098563406587922,246.76667786579972,1.2544235,0.108580925
43,1.4879477497277928e-06,3.1266399732177378e-06,1.4879477497277928e-06,0.46712419109077974,261.26510386345007,1.59099078,0.108507566
43,1.1125376655709388e-06,2.3107071033777473e-06,1.1125376655709388e-06,0.42591550129246925,254.01580816786196,1.36958659,0.108665869
41,9.338576504860195e-07,1.907527628837781e-06,9.338576504860195e-07,0.4080221714778887,248.03096273297498,1.24768054,0.108645804
39,4.5615494969113333e-07,8.787827967605403e-07,4.5615494969113333e-07,0.33053641895490676,205.21068888412447,0.972449541,0.108553417
40,4.367141620870186e-07,8.281226811784603e-07,4.367141620870186e-07,0.3281930015050966,201.49819207718096,0.979586482,0.10852278
40,4.759059628740188e-07,9.207207400829164e-07,4.759059628740188e-07,0.3360779755412534,209.66638573116802,0.973449469,0.108624794
39,4.201872116615643e-07,7.912195296908697e-07,4.201872116615643e-07,0.32436604376088984,197.9065978928023,0.895696282,0.108579598
39,3.9416181522828337e-07,7.305918211742458e-07,3.9416181522828337e-07,0.314915378503043,186.79072175121036,0.897316039,0.108480215
39,3.920051055194271e-07,7.254861208726463e-07,3.920051055194271e-07,0.31627572831443,190.19241031660926,0.851244032,0.108460374
40,3.8101476693435376e-07,6.977787373499402e-07,3.8101476693435376e-07,0.31262704610300507,185.84908304279787,0.834073901,0.108451247
39,3.97658993315834e-07,7.356167466655412e-07,3.97658993315834e-07,0.31880668142373425,191.67893340478162,0.843351722,0.108563043
39,3.630357494372567e-07,6.582906152297041e-07,3.630357494372567e-07,0.30695408342241537,179.63825536890062,0.822040081,0.108502045
38,3.9267284771979546e-07,7.230400711745003e-07,3.9267284771979546e-07,0.31091224625410535,177.23032596362918,0.922346711,0.108450159
38,4.223693798699469e-07,7.834694597401981e-07,4.223693798699469e-07,0.31728642211041813,177.59880977173472,0.928268969,0.108434774
38,3.7159941936660256e-07,6.738497904781859e-07,3.7159941936660256e-07,0.30962291214239474,180.49437824484176,0.835817218,0.108510174
37,4.2157762454981507e-07,7.721755929002482e-07,4.2157762454981507e-07,0.31872385863172314,176.17543529278504,0.901744485,0.108386233
38,4.6798800500818325e-07,8.766972141166401e-07,4.6798800500818325e-07,0.3243992687692046,177.07677084201137,0.965120196,0.108412094
38,4.890416603590822e-07,9.196969899136656e-07,4.890416603590822e-07,0.3276999892799854,177.0296363102473,0.981425464,0.108480245
39,5.671472763726257e-07,1.0896020368844022e-06,5.671472763726257e-07,0.33867943706702947,178.58037164689176,1.08523285,0.108562335
40,6.506036189847102e-07,1.2671688394490999e-06,6.506036189847102e-07,0.35246613060132953,183.23530125594462,1.19485784,0.108582653
38,6.158780322986442e-07,1.188793024399607e-06,6.158780322986442e-07,0.34583830285829287,177.83213165345683,1.1684382,0.108589083
40,7.093422064148765e-07,1.398948563555904e-06,7.093422064148765e-07,0.3604824667991469,185.9848043734387,1.26901448,0.108589992
41,8.170126029692116e-07,1.6206452530080516e-06,8.170126029692116e-07,0.37346014337831585,186.91243363976668,1.33095276,0.108698577
42,8.210138851549001e-07,1.6274017422653933e-06,8.210138851549001e-07,0.37198471208848466,183.27572673906062,1.34405041,0.108621798
39,1.066817094801324e-06,2.1235191609616764e-06,1.066817094801324e-06,0.3988037245937106,184.527858838005,1.34853792,0.108610675
42,9.219952675882748e-07,1.8296155984556756e-06,9.219952675882748e-07,0.38157556312853674,181.18955544558014,1.3222667,0.108497784
41,8.168664592420801e-07,1.6045680790377347e-06,8.168664592420801e-07,0.36940639958021276,177.45525584743973,1.32666576,0.108560629
42,1.3538888042448272e-06,2.726567998996454e-06,1.3538888042448272e-06,0.4260487512595086,188.15019827536452,1.46474278,0.108587489
41,1.0742268867379103e-06,2.135286583858639e-06,1.0742268867379103e-06,0.3987297267419084,182.5505406195531,1.36909032,0.108560309
41,1.7442475784483288e-06,3.5657145726506466e-06,1.7442475784483288e-06,0.4572043385231517,191.28639755857444,1.76737654,0.108530618
43,2.001638195297094e-06,4.082131049476216e-06,2.001638195297094e-06,0.4768158179180707,191.61402998245256,1.85204816,0.108587742
42,2.1568072443482553e-06,4.3897388101320775e-06,2.1568072443482553e-06,0.4899278140076888,192.46571250841825,1.87733591,0.108686954
43,2.881693536747331e-06,5.9214334609255855e-06,2.881693536747331e-06,0.5363500770443478,197.91438920450176,2.08312082,0.108604684
41,4.7388817165991035e-07,9.190186906317129e-07,4.7388817165991035e-07,0.3354790520514342,213.72557568970424,0.964215875,0.108597927
39,5.973562758791896e-07,1.1851908939665897e-06,5.973562758791896e-07,0.36084987207168234,228.2720293629962,1.05113804,0.108657323
40,5.986283413376442e-07,1.19050168023055e-06,5.986283413376442e-07,0.3604216739315225,231.49063051692775,1.03350759,0.108666621
42,7.004656901649831e-07,1.4019029466623418e-06,7.004656901649831e-07,0.3770045251697415,239.47361232627392,1.09620893,0.108616173
40,5.13275027661785e-07,1.0043281872922938e-06,5.13275027661785e-07,0.34485528266333343,221.13752742901167,0.972760797,0.108532853
40,5.042412978465644e-07,9.78931221924179e-07,5.042412978465644e-07,0.34437590763881043,221.4871639323357,0.942332685,0.108586654
40,4.6990836958950647e-07,9.027005504695377e-07,4.6990836958950647e-07,0.337090916577319,214.6853408627256,0.927067101,0.108463705
44,2.581157818411853e-06,5.571495964376297e-06,2.581157818411853e-06,0.5445363225939471,271.55320335508173,2.00481081,0.108660035
43,1.7962970471522684e-06,3.795698564685502e-06,1.7962970471522684e-06,0.49125914118620273,264.15018669181745,1.6860981,0.108622313
69,1.137947978706374e-05,2.3660730435337002e-05,1.137947978706374e-05,1.1087663495106312,320.9391086266727,4.56014729,0.108643591
122,2.12918305872054e-05,3.883211504045922e-05,2.12918305872054e-05,2.5842319855083975,479.67487108127426,7.12036848,0.108357936
80,1.4512358755124784e-05,2.913609292161801e-05,1.4512358755124784e-05,1.3295947757970727,332.8132830011835,4.89521742,0.109138191
69,6.633523070651623e-06,1.2490296158981718e-05,6.633523070651623e-06,2.353557903062681,484.75913745246925,3.17000818,0.109399177
125,1.8802985650093787e-05,3.451555643648131e-05,1.8802985650093787e-05,2.3128151980614136,418.37083128544083,4.84237051,0.113335647
98,1.0408112762043488e-05,1.986036024276535e-05,1.0408112762043488e-05,1.597093284590483,391.217201187562,4.59756088,0.109150305
109,1.4758720299039174e-05,2.897097177199099e-05,1.4758720299039174e-05,1.7409959125714305,379.5198562629697,4.84036493,0.10983149
99,1.0742759215447634e-05,1.9765308995661233e-05,1.0742759215447634e-05,1.7002836434513953,400.32245742547326,4.65379047,0.108700581
50,1.0908626922769089e-05,2.4067282941657735e-05,1.0908626922769089e-05,0.9148225714254303,291.6394302500855,5.05787373,0.108519726
45,5.58990819999206e-06,1.2235517137251658e-05,5.58990819999206e-06,0.7026653296955487,280.2080606536545,3.0516572,0.108548403
47,7.848438162324596e-06,1.712863905861223e-05,7.848438162324596e-06,0.8063200047801791,285.80384930230946,3.93962526,0.108548179
46,3.1281317969673695e-06,6.772423790944172e-06,3.1281317969673695e-06,0.5787019538564921,273.75044549453133,2.20523119,0.108531736
45,3.9499707336822875e-06,8.608059649121964e-06,3.9499707336822875e-06,0.6248841932853946,275.97381773913315,2.53025985,0.108521633
62,1.4901457979153692e-05,3.6464046430839725e-05,1.4901457979153692e-05,0.9491492294012825,296.9716637305397,7.86204433,0.108432941
51,1.0659483122894694e-05,2.3808294747833657e-05,1.0659483122894694e-05,0.9077583915808339,292.45265703529344,5.03813076,0.108431689
142,2.850426669482966e-05,5.9410877546344004e-05,2.850426669482966e-05,2.681615299205746,463.68232395103996,11.0388594,0.108346641
40,2.8357160648577285e-06,1.0069115162281878e-05,2.8357160648577285e-06,0.30668324537413033,272.3097450020998,5.82481003,0.108578749
41,1.9388273328851422e-06,5.418108808472292e-06,1.9388273328851422e-06,0.33051808295175883,270.9375503571533,3.18882203,0.108465038
83,6.230535987074048e-06,1.2774039366379981e-05,6.230535987074048e-06,1.5720343468363978,401.9164767198333,4.99083042,0.106158949
67,1.864291107425103e-06,4.362947234677004e-06,1.864291107425103e-06,0.6730840208623036,285.326851642633,3.18898702,0.110326253
72,6.047782257004285e-06,1.2523003925565707e-05,6.047782257004285e-06,1.397756021562515,363.60352444809604,4.59144449,0.107859038
58,2.148506434581298e-06,4.416329129252408e-06,2.148506434581298e-06,0.5633150324200515,246.5017003802244,2.49022579,0.109036356
63,2.024241255998279e-06,4.341063200812323e-06,2.024241255998279e-06,0.5862469737667141,254.82872370280586,2.87854981,0.10920696
62,1.7981202500218693e-06,4.245218014032793e-06,1.7981202500218693e-06,0.5856138296885031,263.44500301614556,3.53426957,0.110297866
69,2.268957361389033e-06,5.168874797336829e-06,2.268957361389033e-06,0.7348569650157846,285.06819133333937,3.31843996,0.111031003
55,6.010634514239809e-06,1.2145364059614893e-05,6.010634514239809e-06,0.7468620802758258,235.57231383586637,3.18035603,0.108493507
53,3.3567371373956507e-06,6.684310291229344e-06,3.3567371373956507e-06,0.6326461954900614,239.95942464954985,2.82676196,0.108573109
54,2.6711835700123424e-06,5.34846445843556e-06,2.6711835700123424e-06,0.5951959586071083,239.804025370756,2.76686144,0.10879571
54,4.877496356644561e-06,9.726590043961893e-06,4.877496356644561e-06,0.7032632594414747,234.42143085441248,3.1406486,0.108521476
75,0.0005041010218516407,0.0015608319273705833,0.0005041010218516407,2.488454590479974,232.71724434486597,56.7365227,0.108595408
48,6.719343890433884e-06,1.3701136016791629e-05,6.719343890433884e-06,0.7565059426898462,212.12675471672858,3.54444361,0.10866791
43,4.510948818653779e-06,9.314293885367613e-06,4.510948818653779e-06,0.633187422688091,204.46183123008694,2.63982368,0.108561747
45,5.498800316207457e-06,1.1265698487935771e-05,5.498800316207457e-06,0.6825418544433164,204.514700977466,2.82722425,0.108639225
43,3.262953739593581e-06,6.700568715221277e-06,3.262953739593581e-06,0.5593904239361556,198.37012341214836,2.21630049,0.108513057
49,8.131634014444283e-06,1.611697479622121e-05,8.131634014444283e-06,0.839995766374664,212.26054222041546,3.77277946,0.108612224
47,5.694666136034721e-06,1.1527096429461226e-05,5.694666136034721e-06,0.7016636759676562,203.4923726560545,2.81398773,0.108664125
59,0.00010342691772892407,0.0004227843971111598,0.00010342691772892407,1.294013033224647,231.4361784766148,42.5345612,0.108439267
53,1.4733332485647041e-05,3.116703114597327e-05,1.4733332485647041e-05,0.9870367838378976,231.36231486979193,5.31443644,0.108600624
53,9.595150516919375e-06,1.9729260045829427e-05,9.595150516919375e-06,0.8625210870367002,231.01441971240186,4.27605963,0.10863065
42,1.2561478713973714e-06,2.6145036720366552e-06,1.2561478713973714e-06,0.4442546415552431,256.90323926891114,1.4568783,0.10852135
41,9.502269829074853e-07,1.945440790789942e-06,9.502269829074853e-07,0.4092830225154399,249.01700107521924,1.2417382,0.108577266
42,7.925347234114937e-07,1.6047651499337678e-06,7.925347234114937e-07,0.38774095170903183,243.55505574589853,1.19378316,0.108554974
38,4.2658785411878897e-07,8.035145820352968e-07,4.2658785411878897e-07,0.32682386906870153,200.31480246020809,0.910986125,0.108533189
39,4.0165222520262126e-07,7.463898411445836e-07,4.0165222520262126e-07,0.3209450426544643,194.72673450713148,0.850333631,0.108563595
38,4.129708714609056e-07,7.698449720166877e-07,4.129708714609056e-07,0.32331643545688316,196.47280183585048,0.893039882,0.108528614
41,4.4997230945113796e-07,8.634940235710666e-07,4.4997230945113796e-07,0.32933040273647135,207.03815298402608,0.94081676,0.108622886
40,3.87061329022084e-07,7.081715866942594e-07,3.87061329022084e-07,0.3147900766040368,186.67250537176037,0.827241361,0.108561769
40,3.577567580317184e-07,6.434548240958604e-07,3.577567580317184e-07,0.3065216984386139,181.8026945957283,0.784511566,0.108507268
39,3.533328770829201e-07,6.33123933594875e-07,3.533328770829201e-07,0.3070065415974005,180.36672823682923,0.791106641,0.108476751
39,3.7308116817248604e-07,6.778282933689134e-07,3.7308116817248604e-07,0.3144792003839247,190.2560724604836,0.812724411,0.108530857
38,3.5289636833522737e-07,6.316213266996922e-07,3.5289636833522737e-07,0.30915430495777857,186.16135973615488,0.772477627,0.108535059
38,3.672025455134319e-07,6.633671326531827e-07,3.672025455134319e-07,0.305786103889114,175.39466446941927,0.867486596,0.108519055
38,3.798508865045909e-07,6.867663109290433e-07,3.798508865045909e-07,0.30771670177713606,172.69853736354008,0.867349505,0.108483396
38,3.521869443361342e-07,6.222702801847972e-07,3.521869443361342e-07,0.3047291296349233,172.73363812458615,0.780739129,0.108458079
39,3.482145340318727e-07,6.18860335195084e-07,3.482145340318727e-07,0.30326458021183866,175.19959969315659,0.782232583,0.108511001
37,4.183757882844186e-07,7.612854556344191e-07,4.183757882844186e-07,0.3165309551538257,172.39923190266035,0.886816204,0.108421631
37,4.341190393098416e-07,7.932481328032876e-07,4.341190393098416e-07,0.3174746444560478,170.98625090842089,0.93187356,0.108505704
38,5.097214305162067e-07,9.543306984392335e-07,5.097214305162067e-07,0.3286414427572721,171.35350197573962,1.01587915,0.108589023
39,5.457935566607116e-07,1.0318316240929049e-06,5.457935566607116e-07,0.33520296123899274,174.2147988431391,1.04244673,0.10854385
41,6.927858037959453e-07,1.3565600478944614e-06,6.927858037959453e-07,0.3563588997387934,181.31778480643638,1.27912807,0.108692594
39,5.667836156986017e-07,1.0737639594041622e-06,5.667836156986017e-07,0.3378492773292465,173.04667427026988,1.0940907,0.108532995
41,6.466122528774022e-07,1.2418636480464659e-06,6.466122528774022e-07,0.3479257335229369,174.00124622441894,1.24641216,0.108553059
39,7.583430426565258e-07,1.471381914013447e-06,7.583430426565258e-07,0.3650860682122041,178.77092965592857,1.30607224,0.108624138
40,9.806148585526683e-07,1.94302762364062e-06,9.806148585526683e-07,0.38848276825732847,180.28796520275847,1.32487297,0.108494319
40,8.496156691333317e-07,1.6575809207091212e-06,8.496156691333317e-07,0.373196611317513,175.82652888566716,1.25658906,0.108515754
42,7.166746843511102e-07,1.397918538347175e-06,7.166746843511102e-07,0.35468572379430746,174.08603171418497,1.31533718,0.108614482
40,7.474390643153602e-07,1.4427496935018409e-06,7.474390643153602e-07,0.35990816053864705,171.86524865310176,1.27678263,0.10859897
40,1.3301223287387305e-06,2.6772354902823383e-06,1.3301223287387305e-06,0.42312359360281454,183.90619523032447,1.52219605,0.108680889
41,1.142272887696126e-06,2.2564700298641116e-06,1.142272887696126e-06,0.4062136844384773,180.71446979092764,1.38747942,0.108525932
41,9.633515778535523e-07,1.876787480674885e-06,9.633515778535523e-07,0.38672408038683853,174.49176657007038,1.29663754,0.108424276
40,1.6293831547294528e-06,3.3033899035179165e-06,1.6293831547294528e-06,0.44848759959362694,186.72438664336724,1.65612006,0.108679801
42,1.7135675531655692e-06,3.4539017234435794e-06,1.7135675531655692e-06,0.45458463148985145,184.41299914979402,1.69700766,0.108671173
43,2.297961869365823e-06,4.660904488303308e-06,2.297961869365823e-06,0.4985425584766576,190.50686146879465,1.84520292,0.108620659
40,4.3407956079431835e-07,8.238707487884953e-07,4.3407956079431835e-07,0.32756427123206244,207.78076014356932,0.893458009,0.108534597
40,5.296408807877581e-07,1.0317592643926117e-06,5.296408807877581e-07,0.34855127371954214,225.21791843524218,0.954919994,0.108690307
40,5.865177306099803e-07,1.1575642256809887e-06,5.865177306099803e-07,0.35846794905484686,231.338471867583,1.04163134,0.1087014
41,6.044192567506933e-07,1.1938225372493424e-06,6.044192567506933e-07,0.36087405935931854,234.18663074028873,1.0036211,0.108595461
41,7.515262398832154e-07,1.5054909415632397e-06,7.515262398832154e-07,0.3847787692160116,240.32187012756265,1.11527288,0.108535707
39,4.5997993233135197e-07,8.799921014016635e-07,4.5997993233135197e-07,0.33626579704739634,215.71432757438464,0.908906043,0.108556099
38,4.794692924741537e-07,9.168960995250179e-07,4.794692924741537e-07,0.3418038027691545,219.47450689320462,0.899645746,0.108562604
39,4.414339213444259e-07,8.4301049386514e-07,4.414339213444259e-07,0.3303522200316337,211.53861151604627,0.918097496,0.108506739
44,2.313862859073326e-06,4.962825346154027e-06,2.313862859073326e-06,0.5245056915869677,267.05056507265704,1.92646098,0.108602397
74,1.464478370018317e-05,2.9018937470888355e-05,1.464478370018317e-05,1.349479437861265,331.39762867603935,4.75160313,0.108929366
123,2.0018328505745793e-05,3.586158100901755e-05,2.0018328505745793e-05,2.4665409582510893,477.01425248477864,6.14572525,0.108435325
63,4.28995229575384e-06,8.678577107175193e-06,4.28995229575384e-06,1.6036116921820702,397.5202395518395,2.8245883,0.110625558
170,3.395251464228151e-05,6.210495621146492e-05,3.395251464228151e-05,3.2489896294823364,537.8407423018327,4.98029184,0.112153433
97,1.2900956002251529e-05,2.516762392143574e-05,1.2900956002251529e-05,1.5797574383712174,364.97987426597825,4.76467609,0.109156072
166,3.259761001756638e-05,5.9868950491188676e-05,3.259761001756638e-05,3.0115826511584656,517.9291014835684,5.03347111,0.110270135
93,1.021074061812753e-05,2.0120116824852344e-05,1.021074061812753e-05,1.4434727444508972,367.30567311820755,4.6196394,0.108834371
92,9.547890036748536e-06,1.8408526735074514e-05,9.547890036748536e-06,1.4743361925214236,378.4387436750359,4.29584932,0.108665287
45,6.028614354801195e-06,1.3152399283067645e-05,6.028614354801195e-06,0.7244300572411547,279.4970715509769,3.20439291,0.108573265
44,3.530590778015305e-06,7.652769819533056e-06,3.530590778015305e-06,0.6002751731688682,272.83425600632313,2.43068123,0.108529501
45,4.214657839444301e-06,9.103993234578375e-06,4.214657839444301e-06,0.6385813376936368,272.9800711482921,2.63058829,0.108514734
51,8.599168682025842e-06,1.87562817013076e-05,8.599168682025842e-06,0.8375131998096398,287.32043257982116,3.96458578,0.108524263
47,6.605938369357522e-06,1.4333238909232156e-05,6.605938369357522e-06,0.7540212227974742,281.30899031364555,3.51358581,0.108518809
44,2.860820561782449e-06,6.1477309050185545e-06,2.860820561782449e-06,0.5636912421135092,269.7773929847188,2.08630252,0.108504929
60,1.2082427290112429e-05,2.9079610570051983e-05,1.2082427290112429e-05,0.8955284709360717,296.4858333021344,6.5322876,0.108423755
53,9.916466934460728e-06,2.26408747803795e-05,9.916466934460728e-06,0.8585922387633513,289.97762037829006,4.44205904,0.108396307
44,4.003860396032012e-06,1.1061882912951291e-05,4.003860396032012e-06,0.4119216705338002,271.39143603266746,3.86764789,0.108465485
65,3.0400018595668293e-05,0.00010290794128834772,3.0400018595668293e-05,0.9913435421061128,297.888712636075,18.0994091,0.108503968
41,2.300367673354443e-06,7.873078615103773e-06,2.300367673354443e-06,0.2968966735938125,271.507653914099,5.11055422,0.108590432
41,2.221697508442666e-06,6.222659913724568e-06,2.221697508442666e-06,0.3444711743992222,269.71997353738766,3.54747295,0.108527452
77,5.97931678117927e-06,1.195491696147146e-05,5.97931678117927e-06,1.46155965476538,370.8562581540465,4.7048068,0.105325446
77,5.062546177796429e-06,1.0827705577860603e-05,5.062546177796429e-06,1.253595380888768,340.26663152746926,4.6527586,0.108164296
56,2.0657685739524183e-06,4.327401557065962e-06,2.0657685739524183e-06,0.561641666901191,244.7097893561467,2.68346786,0.109306745
63,1.988722101664839e-06,4.691079043125057e-06,1.988722101664839e-06,0.5743485606466717,254.9875288497499,3.4888556,0.110059805
68,2.7079771332693553e-06,6.041057871387153e-06,2.7079771332693553e-06,0.7531033404673128,274.2981701325362,3.58410096,0.112082958
53,6.947469857310947e-06,1.3955490004820898e-05,6.947469857310947e-06,0.784069309053743,230.35820191747158,3.3249011,0.108546138
57,4.060215513000003e-06,8.1200722745426e-06,4.060215513000003e-06,0.6643597702072019,234.4014746648667,3.11205912,0.108674474
54,3.2457719101710976e-06,6.484102340991025e-06,3.2457719101710976e-06,0.6218137661499684,234.71322208886244,2.90303707,0.108833708
57,2.5853196977671665e-06,5.264892499986615e-06,2.5853196977671665e-06,0.5847455891595675,236.49497279042967,2.64795589,0.108969547
53,4.863524428179217e-06,9.664209396419084e-06,4.863524428179217e-06,0.699841108069274,229.52393218811616,3.08528996,0.108718514
62,7.575938176640399e-05,0.00024124947349178156,7.575938176640399e-05,1.5029396514686115,223.29803670309042,30.6942272,0.108558625
44,4.266498599738381e-06,8.735661082956225e-06,4.266498599738381e-06,0.6136364448721586,197.9484183313774,2.46164918,0.108463809
42,3.1302298613703015e-06,6.376888313749717e-06,3.1302298613703015e-06,0.5508389690219756,193.4510275899054,2.17616773,0.108606294
45,6.705098191281382e-06,1.3495828114472382e-05,6.705098191281382e-06,0.7490307813414222,203.2755902851026,3.47383833,0.108679228
48,8.020304710797125e-06,1.597555671915506e-05,8.020304710797125e-06,0.8162370761723576,206.17612625105085,3.7484436,0.108556479
51,1.3225321631003582e-05,2.6269627695767727e-05,1.3225321631003582e-05,1.0313394780079448,216.42987263094687,6.33240128,0.108559951
42,4.49394186539234e-06,9.13333366146219e-06,4.49394186539234e-06,0.6264946313098738,194.68162389593067,2.43977904,0.108628966
53,1.788935384509344e-05,3.748380498985525e-05,1.788935384509344e-05,1.0675763946471035,228.2252701326964,5.60299587,0.108473815
61,0.002328425718917492,0.006223071765127525,0.002328425718917492,3.2319314409158535,195.3803596496912,64.0739441,0.10850624
53,1.112425441127871e-05,2.2870037727309273e-05,1.112425441127871e-05,0.9126309025354375,227.19480592709806,4.60232019,0.108444281
42,1.258051136843983e-06,2.6101427265234507e-06,1.258051136843983e-06,0.4430237483388079,255.6449021813687,1.38804018,0.108611122
42,9.410961047387283e-07,1.9166345509524455e-06,9.410961047387283e-07,0.40729074281298844,247.21324278173577,1.21909618,0.108411521
42,7.819067107525476e-07,1.5786984745382128e-06,7.819067107525476e-07,0.3852339922442404,242.31490075608195,1.16471338,0.108609259
41,6.606872887998848e-07,1.3089018976313562e-06,6.606872887998848e-07,0.3700975527769493,237.3766836376748,1.05501831,0.108671762
39,4.2135695298465565e-07,7.945928409589833e-07,4.2135695298465565e-07,0.32438245084791617,200.89922792280402,0.883501947,0.108594872
38,3.6471447864253477e-07,6.592530209026037e-07,3.6471447864253477e-07,0.3131612461901744,190.91695082492438,0.774493873,0.108506225
39,3.8036167151625517e-07,6.952970026478397e-07,3.8036167151625517e-07,0.3157218076777942,193.6103596067997,0.795734525,0.108548462
39,3.5461749735026317e-07,6.33889562088857e-07,3.5461749735026317e-07,0.30657739967126896,179.57266175656503,0.816528201,0.108509563
39,3.5104866254921264e-07,6.237104898481349e-07,3.5104866254921264e-07,0.3066325587239951,180.29550615177695,0.771258712,0.10852807
39,3.471765275490386e-07,6.187076888786269e-07,3.471765275490386e-07,0.3081420080104368,186.08134435794386,0.757058203,0.108463719
38,3.5151255925308526e-07,6.230844863565881e-07,3.5151255925308526e-07,0.3070319264984986,180.29936182198045,0.743233502,0.108424522
40,3.3363251479951463e-07,5.901341473267134e-07,3.3363251479951463e-07,0.3032538172467656,182.65700751380888,0.731115341,0.108442731
38,3.8078405715634645e-07,6.837272279035216e-07,3.8078405715634645e-07,0.30852117751675967,170.96963740592207,0.865883827,0.108616233
37,3.414892385060637e-07,5.944038147414853e-07,3.414892385060637e-07,0.3015625753463903,168.12382312403312,0.754326463,0.108370602
39,3.276088032463823e-07,5.693908254924113e-07,3.276088032463823e-07,0.2977505998364509,169.71412119288797,0.718488336,0.108490683
39,3.3649877057871855e-07,5.909101204683261e-07,3.3649877057871855e-07,0.3010493600072201,173.33009779914258,0.740491152,0.108561374
38,3.331694150802259e-07,5.844581686053276e-07,3.331694150802259e-07,0.30142665078896547,174.8657466583541,0.759334445,0.108552925
38,3.850216999876348e-07,6.830536309905656e-07,3.850216999876348e-07,0.3097485075108169,168.28563357624483,0.872824311,0.108788319
38,4.437475466153619e-07,8.077400976459515e-07,4.437475466153619e-07,0.3186796011006574,167.59152868754816,0.910091281,0.108721875
38,4.0599577829633675e-07,7.252508723630285e-07,4.0599577829633675e-07,0.3116529798498681,166.13340987638125,0.871526062,0.108891971
40,5.04724084775094e-07,9.308891072261513e-07,5.04724084775094e-07,0.32783433221712505,167.52050012576302,1.01334965,0.108534172
39,5.563226392815278e-07,1.0503745138276438e-06,5.563226392815278e-07,0.33376217719429885,169.082491022364,1.06147802,0.108534224
40,6.9590000347819e-07,1.3377058729101577e-06,6.9590000347819e-07,0.3542102867186845,172.83638140890267,1.27927244,0.108572215
39,5.868410173668351e-07,1.1014482683702996e-06,5.868410173668351e-07,0.33987325877604857,167.3435009144629,1.21086109,0.108537406
40,6.44081598372923e-07,1.2339305443908598e-06,6.44081598372923e-07,0.3442987268476976,167.7900404437359,1.27892554,0.108595975
38,7.839851325859471e-07,1.5111631311552592e-06,7.839851325859471e-07,0.3660643077023589,171.77665384696417,1.21881115,0.10855259
38,7.184092289717069e-07,1.3744184447156362e-06,7.184092289717069e-07,0.3543872323599733,167.066805575691,1.16881037,0.108565755
40,6.610075101097463e-07,1.2602169670758133e-06,6.610075101097463e-07,0.3455243716921722,164.97969568107774,1.26074851,0.108683534
40,1.1540039179636599e-06,2.2885970250376427e-06,1.1540039179636599e-06,0.4037379897434007,177.4699326689825,1.39119208,0.108699955
40,1.307653779997175e-06,2.6071380589798704e-06,1.307653779997175e-06,0.42076764153903834,180.90194269351505,1.46092892,0.108728938
41,1.0080373850833172e-06,1.985930597765777e-06,1.0080373850833172e-06,0.38787077497132966,174.52530227984832,1.32973862,0.108526193
39,8.174344806299764e-07,1.569614223511926e-06,8.174344806299764e-07,0.36904476647342166,168.81721699209714,1.21946549,0.108533338
41,1.7890381275724448e-06,3.592952171203577e-06,1.7890381275724448e-06,0.4607382447676038,183.20917031352846,1.73580611,0.108641788
40,1.4009233880406156e-06,2.772352201371954e-06,1.4009233880406156e-06,0.42776559755414584,176.37908557044526,1.49412167,0.108598977
41,1.94764025234123e-06,3.912089679815056e-06,1.94764025234123e-06,0.47251737342746175,183.7637713305337,1.77710342,0.108692087
43,2.480306692960905e-06,5.0337866859737955e-06,2.480306692960905e-06,0.5068978552476081,188.53751451165948,1.90860021,0.108722135
39,4.1792249921672226e-07,7.849103465395002e-07,4.1792249921672226e-07,0.3261128467942439,205.6262477833857,0.876422465,0.108592533
40,5.13536660039565e-07,9.940138513035443e-07,5.13536660039565e-07,0.34592130044566693,225.96867710852223,0.944532037,0.108576991
41,6.098064941809484e-07,1.1983867309309252e-06,6.098064941809484e-07,0.3629284901498451,234.0467405711011,0.995812535,0.108603716
40,4.1380776183080073e-07,7.773319344676972e-07,4.1380776183080073e-07,0.3256859536298056,210.18529720934316,0.844059348,0.108539805
39,4.5369735050059077e-07,8.6301948541868e-07,4.5369735050059077e-07,0.3352250642926093,216.169736923593,0.879477322,0.108570524
40,4.519484586416127e-07,8.618014184132154e-07,4.519484586416127e-07,0.33334831915342167,218.29970356060386,0.874135554,0.108575687
44,2.331705184037086e-06,4.939249318132753e-06,2.331705184037086e-06,0.5308226744448354,266.20746863096383,1.84451163,0.108481161
42,1.8072252714072114e-06,3.803047898882704e-06,1.8072252714072114e-06,0.48937592469111674,260.70316037475493,1.67242205,0.108534522
68,9.176870215199291e-06,1.9047663174747027e-05,9.176870215199291e-06,2.3200895777565873,450.49630903563303,3.92260075,0.106487505
58,2.0264025778616554e-06,5.335577858290228e-06,2.0264025778616554e-06,0.6468372479555679,315.74593335492625,4.29185295,0.111971639
118,1.7158780299682633e-05,3.1996116244144854e-05,1.7158780299682633e-05,1.8733469199819148,372.31161576962415,5.03068733,0.10924948
162,2.73367944062633e-05,4.979727503525624e-05,2.73367944062633e-05,2.815448656983924,512.3561406451249,5.14315271,0.109987535
102,1.4063712836220556e-05,2.7781621785053736e-05,1.4063712836220556e-05,1.5447080613231003,353.184517283007,5.0292182,0.108608045
113,1.7274717510953353e-05,3.160218025202634e-05,1.7274717510953353e-05,1.9283793126644861,374.86291579314303,5.03672552,0.108947739
41,2.0131870295771012e-06,6.671249713443509e-06,2.0131870295771012e-06,0.2939370078578296,271.159310752557,4.51401281,0.108635508
45,4.9312070934198155e-06,1.0604189084846471e-05,4.9312070934198155e-06,0.6772406804119112,275.40308823771613,2.71213412,0.108417645
44,2.7293775827775443e-06,5.827502698057715e-06,2.7293775827775443e-06,0.5530133945987219,267.2628836403993,1.99206531,0.108593069
43,2.3919334996911776e-06,5.058297784532267e-06,2.3919334996911776e-06,0.5349119740077241,265.37148754410333,1.81815314,0.108544357
44,3.550316450978725e-06,7.588569838837719e-06,3.550316450978725e-06,0.6034061684101065,268.52782636133685,2.28815007,0.108441226
49,8.100836388815462e-06,1.7847840623069547e-05,8.100836388815462e-06,0.81274982391898,284.13389581715586,4.15638542,0.108430669
48,6.485508233792843e-06,1.4026765340719205e-05,6.485508233792843e-06,0.7484535085559166,279.0733266253546,3.31450939,0.108469985
52,9.182373046747882e-06,2.1029722276260897e-05,9.182373046747882e-06,0.8357704754378964,289.90744023205247,4.67371368,0.108446762
66,1.3630944187230569e-05,3.6460661070904194e-05,1.3630944187230569e-05,0.9748794761660877,302.50180183464363,10.5955629,0.10860844
56,8.562890244912402e-06,2.0331971128259154e-05,8.562890244912402e-06,0.8040010447388354,290.6558619401715,4.76075745,0.10852734
41,1.3408602955855617e-06,3.964584040017353e-06,1.3408602955855617e-06,0.2886664789539772,269.78482901957824,3.35397911,0.108666942
40,1.8831656573222942e-06,5.2168214029315805e-06,1.8831656573222942e-06,0.331156259587787,268.4653841523343,3.27482605,0.108495973
206,3.4342786018477435e-05,5.8168323414677413e-05,3.4342786018477435e-05,4.237344643326635,637.4190011946847,4.20697689,0.108484849
75,4.330244846155455e-06,8.971624507458999e-06,4.330244846155455e-06,1.1777309612270797,326.76834155957295,3.93153501,0.108453348
61,1.9627345132212963e-06,4.395637297424585e-06,1.9627345132212963e-06,0.5506861297829742,244.76425612592402,3.02702141,0.109530464
62,2.0559757680917553e-06,4.7962329837938594e-06,2.0559757680917553e-06,0.5566767259805383,247.27529023959352,3.48182249,0.110086098
64,2.242109895854794e-06,5.1316569511104604e-06,2.242109895854794e-06,0.6601252715391259,260.3954663049006,3.33215213,0.111643896
53,8.373424878928573e-06,1.6916555830094918e-05,8.373424878928573e-06,0.832690778823986,227.86896791589731,3.64783573,0.108519107
57,6.065293826636524e-06,1.2085465182423338e-05,6.065293826636524e-06,0.7508038145514265,226.11956367990467,3.23815417,0.108617887
54,3.2734499026280544e-06,6.576686465526449e-06,3.2734499026280544e-06,0.6134062908733735,229.92933130084702,2.7745719,0.108901121
57,2.6874440111710883e-06,5.458286404562551e-06,2.6874440111710883e-06,0.5768690087419878,229.09971132182895,2.96275425,0.10893093
58,2.4823353037748105e-06,5.3366766908711785e-06,2.4823353037748105e-06,0.5687526653094205,235.13415468675578,3.18878627,0.109119609
55,4.473765723362795e-06,8.915539855732173e-06,4.473765723362795e-06,0.67498960704103,224.69749266337095,3.09914041,0.108868502
60,7.100976991171683e-05,0.0002509722241488628,7.100976991171683e-05,1.398902117329335,218.89124020020577,35.3829384,0.108500086
42,3.539661658658019e-06,7.189411682592679e-06,3.539661658658019e-06,0.5726994695782817,192.1083077863798,2.21417379,0.108591929
47,5.83775064285138e-06,1.1749573992213054e-05,5.83775064285138e-06,0.6989564784526857,197.5095487909191,2.89972258,0.108677015
49,9.226611012723327e-06,1.8370063364256925e-05,9.226611012723327e-06,0.8615168141680984,205.01676427114978,4.31391478,0.108621486
46,6.429427883851603e-06,1.2844835606918661e-05,6.429427883851603e-06,0.7289797670752236,197.35549858647627,3.12429786,0.108594477
44,4.25309952602758e-06,8.59060731235587e-06,4.25309952602758e-06,0.613040099312103,191.8343783625466,2.39634609,0.108691938
43,3.3601672967449388e-06,6.7922045253391505e-06,3.3601672967449388e-06,0.5631292944054379,189.88154905278066,2.16987562,0.108586229
38,0.00017089165068254436,0.000712244520243591,0.00017089165068254436,0.6100618001580836,187.10491397410638,48.3361511,0.108525217
59,2.1237167192785526e-05,4.505633267032725e-05,2.1237167192785526e-05,1.1308147931916885,224.19001430168657,7.42360115,0.108444355
54,1.4464433537442795e-05,3.0033700673244853e-05,1.4464433537442795e-05,0.9890962118801919,222.81191170162276,5.22888422,0.108343482
55,1.1224480947678179e-05,2.2924190445350438e-05,1.1224480947678179e-05,0.9126442221290378,222.7982891916769,4.60651159,0.108388267
43,1.290017628063085e-06,2.6820827540133323e-06,1.290017628063085e-06,0.44264792074860915,255.68696909650868,1.421422,0.108690247
41,9.62331086208301e-07,1.9543813995787487e-06,9.62331086208301e-07,0.411899980709174,248.15054802200504,1.24611461,0.108496144
41,7.830445468709518e-07,1.573424470012627e-06,7.830445468709518e-07,0.38647265881941123,242.96166325665433,1.13916481,0.108395189
42,6.776656836659083e-07,1.3517771252515716e-06,6.776656836659083e-07,0.36992734625282636,237.2256713352378,1.09355187,0.108565658
42,5.993150123731148e-07,1.1750288984606788e-06,5.993150123731148e-07,0.3595060340848699,233.2682768812963,1.01312554,0.108669683
40,3.956236435599911e-07,7.3678007212902e-07,3.956236435599911e-07,0.31936037467331163,201.3438068346609,0.853730202,0.108568415
38,3.9296876905668994e-07,7.264416732564568e-07,3.9296876905668994e-07,0.3188063702184639,196.46635248506234,0.835650027,0.108512007
38,3.5680735041541217e-07,6.368990416396526e-07,3.5680735041541217e-07,0.31068631693842663,186.6942228437534,0.750645757,0.108529106
39,3.680264516925367e-07,6.658651925206507e-07,3.680264516925367e-07,0.31262607822585975,192.04735919342573,0.787973225,0.108598687
38,3.238423705563376e-07,5.635387058847963e-07,3.238423705563376e-07,0.2989412139201359,174.56978102919223,0.730333924,0.108524546
38,3.4692581819924197e-07,6.093400648165083e-07,3.4692581819924197e-07,0.3058072658104423,177.8821064485341,0.713461399,0.108324446
39,3.25714790572776e-07,5.666250022786743e-07,3.25714790572776e-07,0.30119367788560814,179.05541495325278,0.701260269,0.108495981
36,3.455701396256367e-07,6.01991088618086e-07,3.455701396256367e-07,0.30145528730608945,165.42879088755697,0.814478278,0.108611323
38,3.2503687682598635e-07,5.575354548423268e-07,3.2503687682598635e-07,0.29640982076675554,165.00685296423757,0.713863909,0.108444408
37,3.251275805829423e-07,5.63344797676775e-07,3.251275805829423e-07,0.2964990808697157,167.86597514227518,0.7770015,0.108533777
39,3.151305865081654e-07,5.450039481869996e-07,3.151305865081654e-07,0.29582537660027813,171.07165612527137,0.744355202,0.108630978
38,3.6179737261392267e-07,6.344306779961861e-07,3.6179737261392267e-07,0.3029497366540615,164.41122614918922,0.810509145,0.108869538
38,4.489950786899273e-07,8.120031470785477e-07,4.489950786899273e-07,0.3176049514074891,164.23775822747365,0.906937182,0.108625688
38,3.95624101542686e-07,7.000749299102236e-07,3.95624101542686e-07,0.30826802420397226,162.06764125820996,0.861203194,0.108719379
37,5.255943177420991e-07,9.738866458019162e-07,5.255943177420991e-07,0.32957246973856424,164.5318813722957,1.04666519,0.108511925
39,4.633026541533149e-07,8.332949774994208e-07,4.633026541533149e-07,0.31999851264433066,161.9492402266166,0.952638865,0.108483821
39,6.011284449417051e-07,1.1356392273258827e-06,6.011284449417051e-07,0.3378155400423922,164.60936264565916,1.24401319,0.108674109
38,7.076188185074566e-07,1.3393293551700727e-06,7.076188185074566e-07,0.3536943903686412,166.2333475596766,1.16079295,0.108632602
38,6.645193192857975e-07,1.2532352000139804e-06,6.645193192857975e-07,0.346241256957877,162.94112718747263,1.1171906,0.108735412
40,6.102826435523605e-07,1.141168491376755e-06,6.102826435523605e-07,0.33884362907731,160.59339194882494,1.24334228,0.108703978
40,1.0797615088668516e-06,2.114594501614524e-06,1.0797615088668516e-06,0.39659548491749125,174.3438629020666,1.3552469,0.108700462
40,9.604180706600335e-07,1.877637882733872e-06,9.604180706600335e-07,0.38106692588999613,169.5122949377005,1.33447325,0.108618245
41,7.695755038602175e-07,1.466595966504113e-06,7.695755038602175e-07,0.3608525196177584,166.05416644190655,1.19813085,0.108665004
40,1.5465755812353612e-06,3.0551620006831166e-06,1.5465755812353612e-06,0.4406488633416883,176.36782256571988,1.55580831,0.108618699
41,1.7163158367912264e-06,3.4104283252286952e-06,1.7163158367912264e-06,0.45300106181635397,177.98206736489104,1.6577183,0.108602926
39,1.1194547174636082e-06,2.1931465754446265e-06,1.1194547174636082e-06,0.40034275798177904,172.5686057347314,1.35209942,0.108541422
41,1.2591613040700284e-06,2.4708405074393083e-06,1.2591613040700284e-06,0.41044151031464976,170.93354699325386,1.4471215,0.108527102
42,2.225546427346548e-06,4.4727407473304785e-06,2.225546427346548e-06,0.48653113357175093,180.48445500378017,1.79406321,0.108629137
40,3.9488061817015586e-07,7.324490190932561e-07,3.9488061817015586e-07,0.3222856418002633,205.71439510622008,0.836758375,0.108548835
39,3.845961043627037e-07,7.109731151268377e-07,3.845961043627037e-07,0.317466700609241,200.3982063761606,0.840789795,0.108532317
41,4.946428044498038e-07,9.482554562451064e-07,4.946428044498038e-07,0.34283167841254364,224.13030039137124,0.891901255,0.108634792
40,5.205025730086676e-07,9.979640708146605e-07,5.205025730086676e-07,0.3486246323915658,226.97363449004908,0.920981228,0.108645149
39,4.012678996379303e-07,7.49299001367606e-07,4.012678996379303e-07,0.32324511257402117,210.70786608334578,0.842903912,0.108634256
39,3.809322008855921e-07,7.018930233504173e-07,3.809322008855921e-07,0.3190065380994665,205.50489677713966,0.805942535,0.108593695
40,4.458629271090495e-07,8.382831761849306e-07,4.458629271090495e-07,0.33303764586773504,217.17255344378572,0.870184064,0.108663507
40,4.161799972682475e-07,7.827902461077763e-07,4.161799972682475e-07,0.3248100549958171,213.43756798247088,0.844950736,0.108664013
44,1.7910073150950695e-06,3.745111818589258e-06,1.7910073150950695e-06,0.4892096309169514,259.6239082900425,1.68493617,0.108572178
43,1.3355284257364365e-06,2.763777670261073e-06,1.3355284257364365e-06,0.44755098261250503,254.71405270303688,1.41128254,0.108646154
69,1.551643034755802e-05,3.5515588230707383e-05,1.551643034755802e-05,2.5373102448654845,449.1804551467629,6.83136272,0.111414559
56,2.0281604984935606e-06,4.8333581018816365e-06,2.0281604984935606e-06,0.6856774403018235,316.71520117706484,2.97819161,0.114006624
134,1.5177700132116527e-05,2.781848871111879e-05,1.5177700132116527e-05,2.100571988051622,424.56550355580526,5.27632952,0.109254971
112,1.6473593227288473e-05,3.29899962870245e-05,1.6473593227288473e-05,1.7451607155636615,364.8722929771201,4.91051054,0.11008089
42,1.170159554371271e-06,3.4353162561003146e-06,1.170159554371271e-06,0.28330724797858164,270.0078196904094,3.13129115,0.108645767
42,9.84301677377319e-07,2.7769460881364815e-06,9.84301677377319e-07,0.28619344694607063,270.9253023535987,2.68652749,0.108940512
46,5.0323317985561945e-06,1.0778123161039561e-05,5.0323317985561945e-06,0.6816721805951463,273.578006554864,2.80920458,0.108494721
44,2.268640252158417e-06,4.7728442165444064e-06,2.268640252158417e-06,0.5257560972744161,263.16657961989,1.80990589,0.108625062
43,1.8992828379038594e-06,3.9635972966521815e-06,1.8992828379038594e-06,0.49820913242063586,260.42431945332277,1.67035758,0.108699068
43,3.226015764284267e-06,6.861885097272395e-06,3.226015764284267e-06,0.5850676965171259,266.7264522418317,2.12018657,0.108527765
51,8.144142219247579e-06,1.817448251326656e-05,8.144142219247579e-06,0.8053116122015118,284.65754031561914,4.36306047,0.108414218
45,6.587695807660653e-06,1.4222897734763471e-05,6.587695807660653e-06,0.7569719868194439,278.08470238863146,3.43358898,0.108487725
60,1.3730406125968561e-05,4.218329655016551e-05,1.3730406125968561e-05,0.8557395679476199,293.5576986304213,13.2428846,0.108547546
53,7.459372078301737e-06,1.71452022417336e-05,7.459372078301737e-06,0.7720639842905722,286.78092187795426,4.09185362,0.108498819
41,1.3261932082576556e-06,3.6796320675038735e-06,1.3261932082576556e-06,0.2975661989274474,268.3700305367007,2.57604623,0.108677723
128,1.738326141736122e-05,2.9419986518713136e-05,1.738326141736122e-05,2.513094377339109,454.6334597177192,3.93042159,0.108497262
78,6.56516785352083e-06,1.296458644429921e-05,6.56516785352083e-06,1.5599886726291317,365.92003627245487,5.01406145,0.104906119
66,4.686251820563634e-06,1.0103793241279926e-05,4.686251820563634e-06,0.9288411331008753,274.7259573228679,3.94236541,0.11209248
62,2.42680658212749e-06,5.489193867623322e-06,2.42680658212749e-06,0.6041219223988264,243.7173032102527,3.07604384,0.110790856
52,7.202924362606216e-06,1.4674721369354594e-05,7.202924362606216e-06,0.7711093199830243,219.2578394767397,3.82887697,0.108575329
55,5.291796569168139e-06,1.0666786846553294e-05,5.291796569168139e-06,0.7022381602259039,222.05174655380907,3.36669159,0.108787246
60,2.6745529504756386e-06,5.713508790621289e-06,2.6745529504756386e-06,0.5664297501051222,227.19639193712305,3.35005879,0.109298311
56,3.6047884509089854e-06,7.405833689509621e-06,3.6047884509089854e-06,0.6159446930532434,222.89468194117626,3.14736485,0.108950563
60,2.449260968231495e-06,5.655512546551095e-06,2.449260968231495e-06,0.5598884453668768,235.3793782052675,3.63086677,0.109792672
50,1.7500036145482903e-05,3.553310803376611e-05,1.7500036145482903e-05,1.1224599518760643,212.009104355144,8.08892059,0.108624861
45,4.6897467370875195e-06,9.411759668558123e-06,4.6897467370875195e-06,0.6365239127020519,190.0292170043424,2.4793241,0.108661249
52,8.765424076570428e-06,1.7400494457329152e-05,8.765424076570428e-06,0.8401421316566909,202.1715391582212,4.6225915,0.108644985
47,5.627872580079892e-06,1.1267139426464632e-05,5.627872580079892e-06,0.6832099390720134,191.04724946804714,2.86133552,0.108691663
43,3.4727340025229125e-06,6.970640591350934e-06,3.4727340025229125e-06,0.5690902810482598,185.63281105819476,2.22403026,0.108705185
43,2.66796922265263e-06,5.348202846897499e-06,2.66796922265263e-06,0.518736504091704,182.83845051314765,1.96690321,0.108566485
42,0.0002633756239276292,0.0010289417780720892,0.0002633756239276292,0.7610988658932439,185.24568863923648,52.3246422,0.108639464
61,0.00012239894039239852,0.00045597988208470185,0.00012239894039239852,1.6622068066208613,218.84766490262473,45.3295479,0.108552888
61,2.7460451890854317e-05,7.598981430525453e-05,2.7460451890854317e-05,1.0383724742838314,215.5905793184197,15.5426359,0.108544946
56,1.2547692382091595e-05,2.6358060112788466e-05,1.2547692382091595e-05,0.9169554692662213,216.65672570785125,5.27281761,0.108402498
42,9.280049329720739e-07,1.8747195556779702e-06,9.280049329720739e-07,0.40555875255952845,245.54236745435935,1.19804013,0.108582549
43,1.2318499317751732e-06,2.526096284341133e-06,1.2318499317751732e-06,0.43833344234952104,251.8380661161565,1.33808529,0.108578779
44,7.559364456837644e-07,1.516812405359573e-06,7.559364456837644e-07,0.3812053341411297,241.57469377989344,1.12439954,0.108591519
41,5.988667107613657e-07,1.1765988814915861e-06,5.988667107613657e-07,0.3585079106181749,232.80837316838742,1.00989568,0.108668089
40,5.435601027269136e-07,1.0445696794460822e-06,5.435601027269136e-07,0.35272965737712825,228.5731655679212,0.974371791,0.108533971
39,3.685920326737836e-07,6.687869996667049e-07,3.685920326737836e-07,0.31425527185759194,195.1676099622875,0.789166868,0.108591206
39,3.439977331986275e-07,6.080608642874785e-07,3.439977331986275e-07,0.30710191109787777,185.39145462597466,0.72652632,0.1085582
39,3.3296316027755185e-07,5.844996485310845e-07,3.3296316027755185e-07,0.30414048323310927,182.4694538616513,0.713488162,0.108540796
39,3.4473774767225356e-07,6.124145835600295e-07,3.4473774767225356e-07,0.3082731038414892,189.41842994751258,0.735734761,0.108618826
38,3.322741302338173e-07,5.732765601136959e-07,3.322741302338173e-07,0.30328078602361247,174.60545565020217,0.713673651,0.108443752
38,3.1019473014866826e-07,5.303588408217258e-07,3.1019473014866826e-07,0.29611558311707126,170.5069854474736,0.704071641,0.108618595
38,3.2856372613642153e-07,5.685147749019085e-07,3.2856372613642153e-07,0.3007987480053219,175.60011960450942,0.698967576,0.108435787
37,3.0775487524601044e-07,5.283887962070636e-07,3.0775487524601044e-07,0.2967697179293718,176.56811000823436,0.681127191,0.10861323
38,3.3741743936034554e-07,5.809667594845356e-07,3.3741743936034554e-07,0.29667146438321373,160.73772557694386,0.771283567,0.108614519
36,3.142515457490099e-07,5.355364029926471e-07,3.142515457490099e-07,0.29281522736342913,163.18837967391863,0.696798861,0.108564794
37,3.2108691085806633e-07,5.499191461192059e-07,3.2108691085806633e-07,0.29444203859170237,163.73564794015803,0.752781391,0.108574159
37,3.154171528257822e-07,5.385104834028133e-07,3.154171528257822e-07,0.2968754266729732,167.72043220825836,0.682885408,0.108515918
36,3.4415968986903877e-07,5.915758605202021e-07,3.4415968986903877e-07,0.2985829919861804,159.787939782777,0.777568817,0.108570509
37,4.186719111334886e-07,7.399024117233383e-07,4.186719111334886e-07,0.31222004590342106,160.275083459658,0.853259921,0.108515017
38,3.749111773976344e-07,6.500737922207713e-07,3.749111773976344e-07,0.30291944809604077,157.89164863184004,0.796368361,0.10846708
39,5.158155544119057e-07,9.474290761527083e-07,5.158155544119057e-07,0.3264809618213088,161.75745567352567,1.12776005,0.108626515
39,4.6862768923643815e-07,8.494679993881581e-07,4.6862768923643815e-07,0.31717030679083247,158.91595495747757,1.0164175,0.108479202
41,7.121139610405006e-07,1.337681468347003e-06,7.121139610405006e-07,0.3541723553451767,162.56705480398406,1.16034651,0.108613528
38,6.099103245558157e-07,1.1254195400102385e-06,6.099103245558157e-07,0.3392905211364405,158.8348372588273,1.07936859,0.108578995
38,6.175033937492609e-07,1.140871449190725e-06,6.175033937492609e-07,0.3404762495835502,159.31369205260916,1.09831369,0.108578093
39,5.948603322076343e-07,1.1026386235232263e-06,5.948603322076343e-07,0.3374353348880774,158.86502206452536,1.23394418,0.108628444
39,5.18019953379703e-07,9.473700650503572e-07,5.18019953379703e-07,0.32585967800967774,159.33892643829196,1.19343436,0.108634904
39,9.48890898263994e-07,1.8204061674201635e-06,9.48890898263994e-07,0.3830837600732149,166.5957643706798,1.29980111,0.108658485
40,8.126893155085349e-07,1.5593208826854934e-06,8.126893155085349e-07,0.36304714412517064,164.3112342127307,1.2377156,0.108606331
42,1.4555929170432655e-06,2.864045254748119e-06,1.4555929170432655e-06,0.4302341050322797,173.01998636887518,1.5559839,0.108574979
41,1.6597727092406103e-06,3.279112889791222e-06,1.6597727092406103e-06,0.44537867187942626,172.61672053662107,1.58612788,0.108578943
40,1.003858350009403e-06,1.9429345941568696e-06,1.003858350009403e-06,0.38726164797571955,167.17276648744902,1.30352247,0.108593382
39,1.1505327990798957e-06,2.2429262592771558e-06,1.1505327990798957e-06,0.4009038851249935,166.99131210644688,1.36441624,0.108577229
38,1.2723558623078245e-06,2.4700987363366244e-06,1.2723558623078245e-06,0.41412606083046477,166.81700454337852,1.45956779,0.108616054
41,2.157728961446812e-06,4.294137075575835e-06,2.157728961446812e-06,0.4834417776946196,176.7014001038723,1.83286619,0.108530238
39,3.7407601689251224e-07,6.77535864034132e-07,3.7407601689251224e-07,0.31805677702923796,198.96334133297105,0.769684792,0.108609609
40,4.611586753867904e-07,8.728570499652032e-07,4.611586753867904e-07,0.33659867934760174,220.32733108128704,0.880560637,0.108630039
38,4.530381394005637e-07,8.515488247239205e-07,4.530381394005637e-07,0.3367196223995722,221.4980018473387,0.913400054,0.108540997
39,3.6471390262378747e-07,6.636706811884984e-07,3.6471390262378747e-07,0.3156186780498626,203.31049942032539,0.790293276,0.108684167
38,4.0982597090187526e-07,7.600434103048252e-07,4.0982597090187526e-07,0.32706757541722803,213.42129266151318,0.835980654,0.108558737
38,3.905579270642203e-07,7.214072187156556e-07,3.905579270642203e-07,0.32114676391711394,208.6042436173368,0.809434533,0.108616963
43,1.410085060831889e-06,2.9023824445171816e-06,1.410085060831889e-06,0.4550534977171891,254.32115838204916,1.44581342,0.108648844
103,1.6377447120098832e-05,3.185361927632183e-05,1.6377447120098832e-05,2.1395676175670655,388.1308220499891,5.04526806,0.116313957
66,1.0944120382578094e-05,2.39724583597896e-05,1.0944120382578094e-05,2.2512375401570144,427.73755783926,4.75413322,0.109375037
102,1.2191481130114926e-05,2.3772631757818163e-05,1.2191481130114926e-05,1.5321410825373798,354.66910689478175,4.38875628,0.1100315
105,1.5083502215189107e-05,3.0140093626049607e-05,1.5083502215189107e-05,1.5341370048759242,343.19335960725203,5.23225021,0.10886696
109,1.437993176655001e-05,2.824421583029408e-05,1.437993176655001e-05,1.6682324943678397,359.6846761805634,4.88337755,0.109090805
99,1.1338377903821033e-05,2.229751438712784e-05,1.1338377903821033e-05,1.3713118247868332,339.5267322740484,4.33389187,0.10933423
98,1.0477113623901642e-05,2.044788833880387e-05,1.0477113623901642e-05,1.2368486245984656,324.84796116322667,3.49789834,0.108804256
45,4.244431235605253e-06,9.039639415222248e-06,4.244431235605253e-06,0.6424964495096981,269.59545650366346,2.61708617,0.108566873
49,5.720958488312908e-06,1.2239225926245315e-05,5.720958488312908e-06,0.7200004395993584,275.47998254792094,3.18742251,0.10846322
43,1.8255111738962376e-06,3.797653123074414e-06,1.8255111738962376e-06,0.49064305749996595,258.8516456234858,1.62167501,0.108710319
44,2.317612593990821e-06,4.862947780974108e-06,2.317612593990821e-06,0.5270709785190864,261.71893562471115,1.79369068,0.108574614
44,2.615233713187672e-06,5.49362251052956e-06,2.615233713187672e-06,0.5463617854718693,262.69507664078674,1.90885174,0.108460896
51,7.262572696471464e-06,1.633110692742846e-05,7.262572696471464e-06,0.7717455471650169,284.25651044943294,3.99816298,0.108507983
52,5.876182528498636e-06,1.2658914317050743e-05,5.876182528498636e-06,0.7273468158362613,278.3780691659676,3.16685462,0.108526975
55,7.257144116609761e-06,1.7274901800816257e-05,7.257144116609761e-06,0.7595806711257659,287.26318914858695,4.85137129,0.108500868
52,5.993977157210822e-06,1.3138172727551351e-05,5.993977157210822e-06,0.7279204467968927,280.59223347097105,3.3080678,0.108516544
42,1.2105540923596866e-06,3.3336888681010165e-06,1.2105540923596866e-06,0.2918179649267167,266.96243119294274,2.50573969,0.108916305
249,0.0002949832026709014,0.0005383233260368376,0.0002949832026709014,10.491030731400006,791.9554641516135,10.6748571,0.108500578
58,6.720375496820982e-06,1.524013751194547e-05,6.720375496820982e-06,0.8048623201671793,292.48816469580515,5.4555645,0.108504713
72,9.109311007675187e-06,1.7247099613810445e-05,9.109311007675187e-06,1.1833890032569847,318.1293757976983,3.68673706,0.108878613
74,6.254612552491937e-06,1.2781508420582676e-05,6.254612552491937e-06,1.4043198993681272,336.3502900552911,4.91913223,0.104022905
65,4.023684521394502e-06,8.487133825567004e-06,4.023684521394502e-06,0.8431559536994457,259.16704264040806,3.61410594,0.111732975
63,2.8042092429283587e-06,6.3172106483576765e-06,2.8042092429283587e-06,0.6287616753480277,237.3125947631868,3.39368796,0.11110197
53,8.904600565691841e-06,1.868726324586682e-05,8.904600565691841e-06,0.8047345290599062,215.29791728286614,4.52571535,0.108540654
53,6.350034977393795e-06,1.3196788013647348e-05,6.350034977393795e-06,0.7222377001349544,216.43269595479003,3.7146945,0.108706675
61,2.445276922686219e-06,5.301366469420547e-06,2.445276922686219e-06,0.5655623697933456,229.13512675582624,3.03804302,0.109877005
57,3.268348674301546e-06,7.0857842395987524e-06,3.268348674301546e-06,0.5881649766933265,222.1020970839374,3.56076837,0.109034069
56,3.847941002175744e-06,8.047622436908465e-06,3.847941002175744e-06,0.6156756621627019,219.17167719894988,3.44072986,0.108839482
51,9.109607675212388e-06,1.7898460377734985e-05,9.109607675212388e-06,0.8597957753558809,201.07153600375668,3.95515394,0.108597562
48,1.5588218039935398e-05,3.082541790144643e-05,1.5588218039935398e-05,1.067350488203625,206.17154307969062,5.27992105,0.108557694
46,4.085875058213402e-06,8.212241898378885e-06,4.085875058213402e-06,0.598481847253605,185.31911433953772,2.47898626,0.108625896
47,6.787741759119359e-06,1.345894601248273e-05,6.787741759119359e-06,0.7456952936113779,194.57524025845893,3.17306948,0.10856811
45,5.779170342076492e-06,1.1453533300532726e-05,5.779170342076492e-06,0.6934017249610914,188.9741471820803,2.91634607,0.108649462
44,4.3566454393359774e-06,8.666796591623371e-06,4.3566454393359774e-06,0.6166297693009306,183.91553566781033,2.35602093,0.108653612
44,3.2713050151627667e-06,6.5192058132159926e-06,3.2713050151627667e-06,0.554964995683831,180.7422562509315,2.09103918,0.108675644
41,2.844622535136181e-06,5.6934157260413615e-06,2.844622535136181e-06,0.5281519359807408,180.2569509197806,2.02817345,0.108629011
76,0.0004958985528681917,0.002099014609566699,0.0004958985528681917,2.100161537173679,218.28337311398312,85.3906326,0.108648665
38,0.00011531079346522398,0.0005796162819325733,0.00011531079346522398,0.43291946064112763,180.17266765287368,53.715229,0.108706087
59,1.4563289653567505e-05,3.22124087281897e-05,1.4563289653567505e-05,0.9204081793370752,212.1943773548872,7.67166567,0.108515725
40,9.720594786142615e-07,1.957232948386592e-06,9.720594786142615e-07,0.41195070135970857,246.29707044308546,1.1959331,0.108620197
41,7.222222981782487e-07,1.433942284466555e-06,7.222222981782487e-07,0.37793739297060863,238.7643290670625,1.1108762,0.108768277
41,5.798290141399744e-07,1.1336780305901484e-06,5.798290141399744e-07,0.355230032507666,231.33532200408177,1.01961732,0.108697183
39,5.105048886759892e-07,9.760576512009284e-07,5.105048886759892e-07,0.34602853780639714,225.0651531421411,0.941621125,0.108603612
39,3.509761951545728e-07,6.286247795869176e-07,3.509761951545728e-07,0.3104094784113792,194.50443013900724,0.735666454,0.108716674
39,3.321852175526506e-07,5.830320568698531e-07,3.321852175526506e-07,0.30465544090184227,185.8663699484772,0.708647728,0.108504102
39,3.256768612941652e-07,5.673377370942484e-07,3.256768612941652e-07,0.30168916852499134,181.80004134410999,0.697164118,0.108527683
38,3.3006028378682145e-07,5.806022615741576e-07,3.3006028378682145e-07,0.30394407085236036,188.35894378553863,0.703445494,0.108501673
38,3.027865978078843e-07,5.148713120769583e-07,3.027865978078843e-07,0.29309957158851435,170.77744543366052,0.657024324,0.108566679
38,2.9931595565659374e-07,5.05660491312506e-07,2.9931595565659374e-07,0.29344160503273725,168.72482283163774,0.661316276,0.108543687
38,2.976149621489421e-07,5.015006981453948e-07,2.976149621489421e-07,0.29097678970315366,166.0032338367998,0.658358037,0.108490631
37,3.0719660862369405e-07,5.234597174927083e-07,3.0719660862369405e-07,0.29658056013811956,173.38008534570048,0.677252591,0.108543739
38,3.012469921168715e-07,5.125254340542618e-07,3.012469921168715e-07,0.29425235732384225,174.44459274998997,0.671506107,0.10847497
39,3.104223589147435e-07,5.333927080280243e-07,3.104223589147435e-07,0.2969654491532791,178.53647036483983,0.680079758,0.108394898
38,3.1766722889123294e-07,5.391047835903836e-07,3.1766722889123294e-07,0.2913556101123293,159.3340077320084,0.724668086,0.108534396
37,2.9901001440277584e-07,4.984478296580151e-07,2.9901001440277584e-07,0.2894088014825275,158.90215309354414,0.680789232,0.108503483
37,3.002539050523591e-07,5.06388935311079e-07,3.002539050523591e-07,0.2905404295980215,162.98256813946387,0.707728505,0.108575054
36,2.8752383520167204e-07,4.749974598591342e-07,2.8752383520167204e-07,0.28756000533348486,158.89893176274168,0.657175183,0.108567543
38,3.417411076446354e-07,5.806687181782825e-07,3.417411076446354e-07,0.2956422120059239,156.056809576334,0.732379854,0.108450443
38,4.160405775888804e-07,7.275074142155538e-07,4.160405775888804e-07,0.3115905083980258,157.42633713148086,0.849718511,0.108449981
38,4.3949730100292823e-07,7.719794123223552e-07,4.3949730100292823e-07,0.3147111600165467,155.49799270259197,0.9194085,0.108442441
36,3.797476041060542e-07,6.493311125142503e-07,3.797476041060542e-07,0.30530362494411223,154.74091267570248,0.797647774,0.108517043
39,4.7429657759593715e-07,8.467835292407288e-07,4.7429657759593715e-07,0.3185703045716108,155.6497945984971,1.08715999,0.108583711
40,6.613145456586452e-07,1.2327295279361312e-06,6.613145456586452e-07,0.34448833938684414,158.57545850018406,1.1154027,0.108477734
37,5.756787417715194e-07,1.0514731202049279e-06,5.756787417715194e-07,0.33352174469364426,155.8109719832827,1.02458787,0.108546257
38,5.740437847501213e-07,1.0441794643058332e-06,5.740437847501213e-07,0.3333035254182348,155.2030160950617,1.05091345,0.108574949
40,5.44782363948094e-07,9.975923720822927e-07,5.44782363948094e-07,0.32763513810392736,155.49497429103877,1.22621632,0.108508542
39,8.810327797896296e-07,1.6744628774599706e-06,8.810327797896296e-07,0.37448737247986336,163.23780167556416,1.23366344,0.108702391
40,7.435528108051095e-07,1.3985411468866866e-06,7.435528108051095e-07,0.3552761318833564,160.1460734025281,1.18410814,0.108591974
41,1.7271398979709189e-06,3.41420864452287e-06,1.7271398979709189e-06,0.45036026406179736,171.67432526317205,1.63452137,0.108604513
40,1.5232580641798872e-06,2.9695962774807605e-06,1.5232580641798872e-06,0.43555393433027545,167.3106209401074,1.54587793,0.108630553
39,1.0185275195624153e-06,1.9570712868507477e-06,1.0185275195624153e-06,0.38776347109871256,162.92466111960425,1.32423413,0.108716957
40,1.05138456952208e-06,2.0159061827202086e-06,1.05138456952208e-06,0.39016216663094944,162.45796544313367,1.33052433,0.108657315
39,1.1767059343258144e-06,2.2632844715584604e-06,1.1767059343258144e-06,0.4025591459314293,163.58759640907536,1.40467107,0.108649299
41,2.340723880810588e-06,4.6287250907688954e-06,2.340723880810588e-06,0.4981140528304668,176.3940518327633,1.79142165,0.108598508
39,1.9302810752768612e-06,3.771908047414956e-06,1.9302810752768612e-06,0.46833101560621665,170.42430138877322,1.64638686,0.10869842
39,3.4215126520393664e-07,6.157145909199972e-07,3.4215126520393664e-07,0.3081597273848879,197.4505596751139,0.757544279,0.108643584
38,4.3656243344664267e-07,8.162355149043311e-07,4.3656243344664267e-07,0.3331491017814428,219.9172118991171,0.892306328,0.108629994
38,3.61702576705557e-07,6.562984586252081e-07,3.61702576705557e-07,0.31520795254015166,203.23422899379347,0.786090195,0.108632497
38,3.3610356458275354e-07,6.002761368800011e-07,3.3610356458275354e-07,0.30805199576293285,198.0909499783144,0.75048542,0.108457677
39,4.19124577695389e-07,7.754668585910046e-07,4.19124577695389e-07,0.3293770081629918,215.62529763624607,0.854415536,0.108683899
38,3.8822599769701903e-07,7.156078129353292e-07,3.8822599769701903e-07,0.3200164602162798,210.32894237674572,0.823997498,0.108648233
38,3.662679600272674e-07,6.717658573080267e-07,3.662679600272674e-07,0.314092817563902,207.31471162590958,0.797344804,0.108634658
42,1.2649338855541143e-06,2.5829431287092495e-06,1.2649338855541143e-06,0.44155153330579233,251.84493895052833,1.37934911,0.108559906
100,1.4861760302812223e-05,2.9030399756589134e-05,1.4861760302812223e-05,1.746914967869179,365.1990098866028,4.69753599,0.113979436
78,3.0068982738342757e-05,8.667190656110879e-05,3.0068982738342757e-05,2.84750893070451,459.3675865010453,16.5434666,0.109232731
97,1.5112179281060894e-05,2.970910341810886e-05,1.5112179281060894e-05,1.8616286694332553,376.2491957598361,5.38046741,0.114267051
99,1.2420300084362854e-05,2.4666843635658857e-05,1.2420300084362854e-05,1.3832750974894295,335.3844665744959,4.46614504,0.110140085
101,1.0163683946021674e-05,1.9569318360781393e-05,1.0163683946021674e-05,1.2617134960482879,329.12292622946194,3.48638844,0.108811729
95,1.0892446333118575e-05,2.1310446012663296e-05,1.0892446333118575e-05,1.260044346911477,325.50403073275476,4.17366266,0.109060593
86,1.0742192718133337e-05,2.0536567528014416e-05,1.0742192718133337e-05,1.2071510014712197,315.76347033689757,3.11967731,0.108924821
87,1.0219525710704488e-05,1.9788235953789735e-05,1.0219525710704488e-05,1.1983645294508096,319.93485559379627,3.59654498,0.10883376
45,4.414250227072351e-06,9.319971444774212e-06,4.414250227072351e-06,0.6555079973121918,269.80482435097133,2.4782424,0.108536221
44,3.0300253349465724e-06,6.384661761069489e-06,3.0300253349465724e-06,0.5725834554937714,263.65487429014274,2.03186178,0.108487546
48,5.350785248732839e-06,1.1360538530445448e-05,5.350785248732839e-06,0.7005537201137462,273.137945448619,2.92411113,0.108472429
43,1.6379264579666433e-06,3.3743750298821588e-06,1.6379264579666433e-06,0.474653230311113,255.93123093285774,1.54623616,0.10851936
42,1.8188973829161177e-06,3.757042991014751e-06,1.8188973829161177e-06,0.4894224716092325,256.3888654819485,1.60733867,0.108376086
54,6.170948682295619e-06,1.4191004427977387e-05,6.170948682295619e-06,0.7286733063058453,284.09074253211014,4.03653717,0.10851039
51,5.617126513387452e-06,1.2516125326920237e-05,5.617126513387452e-06,0.7077428953077541,280.5752834047311,3.59171557,0.10848394
51,5.826961937166884e-06,1.2394019836752492e-05,5.826961937166884e-06,0.7303136334059845,276.3051187390912,3.18222451,0.108471297
125,1.6690378024529273e-05,2.8285211042980683e-05,1.6690378024529273e-05,2.379060288484832,439.90732198931863,3.68504095,0.108600177
57,5.920302653258907e-06,1.336019558436889e-05,5.920302653258907e-06,0.7587884201379589,288.63641394798583,4.59794664,0.108476095
75,8.647714759077105e-06,1.5765312973945248e-05,8.647714759077105e-06,1.272788244062122,326.7301856585782,3.51014638,0.108772442
73,6.009563671977444e-06,1.185208771679122e-05,6.009563671977444e-06,1.3411348319866694,316.07315591444444,4.35843992,0.105062135
67,4.6915160606825715e-06,9.79355261508965e-06,4.6915160606825715e-06,0.9125475580460213,258.6710409939475,3.9325099,0.11319828
67,3.2802046920749476e-06,7.125895313730502e-06,3.2802046920749476e-06,0.7190716901687327,238.9639122036091,4.01002026,0.112531684
55,8.696292817366567e-06,1.839896995997189e-05,8.696292817366567e-06,0.7900696314497186,213.2632902293422,4.54828167,0.108606569
57,6.034602871902343e-06,1.2924259442717158e-05,6.034602871902343e-06,0.6883606574364352,211.71046732711594,3.94536924,0.108599164
61,3.0892025072913203e-06,6.794871190942158e-06,3.0892025072913203e-06,0.5940768442240495,223.81949472557127,3.41454029,0.109999999
58,3.923615071580725e-06,8.449688936879125e-06,3.923615071580725e-06,0.613603950923115,217.6576496812706,3.85684681,0.109072566
50,9.367829178533085e-06,1.8598287891402897e-05,9.367829178533085e-06,0.8435145970079942,195.5343521062139,4.04220057,0.108458765
53,1.9712011807977973e-05,3.911387147165712e-05,1.9712011807977973e-05,1.1756227520508704,207.76588496003,6.23550463,0.108567663
51,1.5658460832818386e-05,3.0870619976906945e-05,1.5658460832818386e-05,1.0549950723225074,200.8888871084497,5.84139872,0.1084648
42,3.5456818099203832e-06,7.042062818136615e-06,3.5456818099203832e-06,0.572773242566967,180.05797587838168,2.1631074,0.108593926
44,5.608006568114616e-06,1.1075076135979452e-05,5.608006568114616e-06,0.6838792958065173,186.71500776438074,2.75529361,0.108553022
43,3.939978810693275e-06,7.741642915359831e-06,3.939978810693275e-06,0.5973028016485381,179.51668031556216,2.22612095,0.108565368
41,2.53333996775004e-06,4.995583044634202e-06,2.53333996775004e-06,0.5084329238244729,174.40618515184232,1.89414752,0.108623281
51,0.0007547735989102336,0.0031719275721669798,0.0007547735989102336,1.5803958964349325,189.16793106536608,89.4173584,0.108579732
37,0.00019086829155500948,0.0008729023820646563,0.00019086829155500948,0.5432543959151561,177.86666440764597,58.8226395,0.108559392
56,1.3620871072427352e-05,3.0081641165686955e-05,1.3620871072427352e-05,0.8973809671892792,210.5130313287619,7.00955439,0.108509377
42,9.068767991581834e-07,1.819926234852372e-06,9.068767991581834e-07,0.4018041230142328,244.61065672208105,1.18727779,0.10860873
42,7.572760630739346e-07,1.509494984229575e-06,7.572760630739346e-07,0.382124727303088,239.97558224955654,1.15041351,0.108593144
41,6.329936218340877e-07,1.2420479043572934e-06,6.329936218340877e-07,0.3650144574735497,235.07425525277236,1.06630754,0.108635187
41,5.583526122105266e-07,1.0896873229539945e-06,5.583526122105266e-07,0.3505975919497438,229.4869046704391,1.02183259,0.108579546
41,5.038048455560519e-07,9.680275857599587e-07,5.038048455560519e-07,0.3419570821108575,226.20831715554462,0.976653755,0.108549975
39,4.48730263995879e-07,8.431884348356083e-07,4.48730263995879e-07,0.3346888024892686,220.55390990194303,0.887369573,0.108601242
38,3.2616689366787687e-07,5.738191146135001e-07,3.2616689366787687e-07,0.30520621414014476,191.49482482908118,0.727314174,0.10864301
37,3.1544767271519233e-07,5.469323684429834e-07,3.1544767271519233e-07,0.2992488505014239,182.53054768830052,0.693311512,0.108430237
39,3.0661335959297624e-07,5.311601181335163e-07,3.0661335959297624e-07,0.2984242833986391,186.67310682516072,0.683959484,0.108545087
37,2.915332948331092e-07,4.887079073371475e-07,2.915332948331092e-07,0.2911002430695176,167.61582069369646,0.644744337,0.108521327
38,2.9626990595215457e-07,5.001332123313298e-07,2.9626990595215457e-07,0.2914416150874057,170.19858596311548,0.661479473,0.10852921
38,2.88047032844828e-07,4.827857091088619e-07,2.88047032844828e-07,0.28794233284951076,165.81872150092877,0.639134347,0.108479284
37,2.963317835127455e-07,4.955832006824008e-07,2.963317835127455e-07,0.29029516608897254,163.42268052690866,0.644400597,0.108550549
38,2.8082902363984955e-07,4.6419583356664515e-07,2.8082902363984955e-07,0.28405770534803465,160.36577224246236,0.618477941,0.108389109
37,2.9405032084251007e-07,4.936225038763651e-07,2.9405032084251007e-07,0.29194758278858424,170.33455369063,0.647714198,0.108586498
38,2.978616226310648e-07,5.014976722460002e-07,2.978616226310648e-07,0.29480845766103336,173.7539078045593,0.654857695,0.108390816
37,3.0279908151241315e-07,5.139521595838826e-07,3.0279908151241315e-07,0.2965366728308859,176.61745660562283,0.664139211,0.108404055
38,3.1266786905826375e-07,5.22859652306897e-07,3.1266786905826375e-07,0.2896684052477059,155.69244674326657,0.679157794,0.10860505
37,2.93585847825686e-07,4.875075038057245e-07,2.93585847825686e-07,0.28507453306386993,155.44443621663066,0.680792868,0.108545087
38,2.8418030655443885e-07,4.7147940478445457e-07,2.8418030655443885e-07,0.28481026012398225,160.52249293884228,0.632980585,0.108531766
37,2.821847944046311e-07,4.646748432367212e-07,2.821847944046311e-07,0.2827485814772363,155.75959198113048,0.634701848,0.108572014
36,2.8016335457254195e-07,4.6172598851929853e-07,2.8016335457254195e-07,0.2837190886582814,157.73029541653972,0.648165822,0.108437799
37,3.480119176887155e-07,5.8528523267209e-07,3.480119176887155e-07,0.29659326392136454,152.4233209107246,0.730269909,0.108591184
37,3.186110779998601e-07,5.292043809880606e-07,3.186110779998601e-07,0.291328122790667,153.0540859778133,0.680402994,0.10859926
36,4.4341614425197083e-07,7.788155402169394e-07,4.4341614425197083e-07,0.3134892939895553,151.9709101339106,0.953064501,0.108572736
38,3.8223043919067485e-07,6.518093062814238e-07,3.8223043919067485e-07,0.3044051020289699,152.69061632380456,0.795166612,0.108531654
38,4.899173672564103e-07,8.737327056242121e-07,4.899173672564103e-07,0.32041050524356607,152.14036862725274,1.15732145,0.10861782
38,6.171348766492923e-07,1.1253849107739193e-06,6.171348766492923e-07,0.33819012435893325,153.7681417564266,1.05738258,0.108497359
39,7.171374788851545e-07,1.3424790400791163e-06,7.171374788851545e-07,0.35128073877561916,157.22279682611457,1.1630851,0.108676031
39,5.242161727579822e-07,9.320431923776528e-07,5.242161727579822e-07,0.3265145029835801,152.47311812736817,0.968612015,0.108668968
38,5.284701941601808e-07,9.500535381098142e-07,5.284701941601808e-07,0.32633872392336943,152.7521076262128,1.06280804,0.108516924
40,5.553414263142045e-07,1.0008298541961761e-06,5.553414263142045e-07,0.3296276716337087,152.98573246575592,1.02241743,0.108533554
40,8.37128429110174e-07,1.5774978078249924e-06,8.37128429110174e-07,0.3668238374027022,159.40031256836343,1.22511375,0.108682036
40,1.3322018668222559e-06,2.584111846317942e-06,1.3322018668222559e-06,0.4146038046511641,162.53445359678793,1.52651536,0.108619511
39,1.5954934099351273e-06,3.090104566822676e-06,1.5954934099351273e-06,0.44149645613681043,165.0548664535716,1.53602672,0.108770661
38,9.543510399095985e-07,1.8172804328172863e-06,9.543510399095985e-07,0.3793511300704361,158.63667950479402,1.30221987,0.108638942
40,9.499907338442161e-07,1.796430413198313e-06,9.499907338442161e-07,0.37790920350793095,158.0786262578319,1.28762472,0.108686559
40,1.0383562989133727e-06,1.973749334042675e-06,1.0383562989133727e-06,0.3861203155656331,157.70926553274685,1.3297081,0.108619541
40,2.009340342053082e-06,3.9112178162362936e-06,2.009340342053082e-06,0.474900773214934,167.9737990216285,1.67647207,0.108693078
39,3.2654314633829256e-07,5.775354883652851e-07,3.2654314633829256e-07,0.3040253421163491,192.96296938023102,0.720970631,0.108462758
38,4.010893390361946e-07,7.412878088633503e-07,4.010893390361946e-07,0.32462438355214784,216.5975736599373,0.865236998,0.108670779
38,3.5105751438049176e-07,6.33577411459166e-07,3.5105751438049176e-07,0.31123311486945804,202.78527389755908,0.756762445,0.108630672
39,3.192960559687398e-07,5.660508304222041e-07,3.192960559687398e-07,0.30218711798461195,195.83220811634473,0.726068258,0.108495735
39,3.6519730491904105e-07,6.657969468745689e-07,3.6519730491904105e-07,0.3154987368194915,210.9514974757903,0.819646835,0.108614296
40,3.4974388707304973e-07,6.350552856543362e-07,3.4974388707304973e-07,0.3108459617983443,206.83175703652768,0.79200846,0.10867092
41,1.3201779741722255e-06,2.699937353883204e-06,1.3201779741722255e-06,0.4476122625788632,251.50940427028712,1.4531014,0.108434491
42,1.0854391664741546e-06,2.197831482101098e-06,1.0854391664741546e-06,0.42117471178511035,247.16079168098344,1.27207541,0.108553424
236,3.709096084121607e-05,6.646747212334426e-05,3.709096084121607e-05,5.329649622948708,724.7250633800783,7.73083258,0.116618097
201,0.0007468671696368264,0.002032176410773099,0.0007468671696368264,8.627204048804723,666.9752725607171,43.0587883,0.110002965
88,1.3145321492488017e-05,2.57511060511336e-05,1.3145321492488017e-05,1.6625231220734684,360.2061134239116,5.05565357,0.112424433
90,1.210069716778127e-05,2.3180016238242533e-05,1.210069716778127e-05,1.4107472283774947,334.03283715189787,4.10232687,0.110148109
85,1.1171506053512983e-05,2.1383757425869297e-05,1.1171506053512983e-05,1.2602336983555358,319.9911790242595,3.4500246,0.108952351
79,1.0235640594114183e-05,1.94403258960803e-05,1.0235640594114183e-05,1.2277322572993745,319.0938053207164,3.61857414,0.10891258
44,4.072970167352842e-06,8.570587071647271e-06,4.072970167352842e-06,0.6365570233607518,267.23795758295336,2.47600627,0.108504131
44,2.9923581040156883e-06,6.257123515065666e-06,2.9923581040156883e-06,0.5728792024272632,262.3495658742465,1.9964664,0.108559929
46,4.462842575692722e-06,9.319134813006207e-06,4.462842575692722e-06,0.6650501788692922,269.14363489240515,2.43322682,0.10839545
49,5.2472712028306565e-06,1.0955202086909448e-05,5.2472712028306565e-06,0.7062918714708881,272.5006757724739,2.72517443,0.108385496
44,1.6811204238691906e-06,3.452136676068755e-06,1.6811204238691906e-06,0.47848151667086475,254.76651653247723,1.57544959,0.108476408
41,1.3589641857375696e-06,2.7597547432984e-06,1.3589641857375696e-06,0.45189266063860206,250.8045987761422,1.37067616,0.108460762
44,2.326582226663445e-06,4.830035305725429e-06,2.326582226663445e-06,0.526767414391439,257.94430409343084,1.77842009,0.108539708
52,5.149833094144243e-06,1.1635028727966887e-05,5.149833094144243e-06,0.6865610168895947,280.7666477758146,3.59570742,0.108499676
52,5.359466494182447e-06,1.1230171189627262e-05,5.359466494182447e-06,0.713535411207157,274.7472948491963,2.91178799,0.10841734
210,2.280008817088204e-05,3.3501886384442986e-05,2.280008817088204e-05,4.462790680104151,695.3244594215375,3.54765129,0.108549729
53,5.080438313317581e-06,1.163175479227347e-05,5.080438313317581e-06,0.6887348747026008,282.10440970359457,4.7030592,0.108448356
74,8.76422820577342e-06,1.6268643356947256e-05,8.76422820577342e-06,1.2437153361365116,324.1339946803033,4.15014458,0.108859822
216,2.3160520023763365e-05,3.339009122897374e-05,2.3160520023763365e-05,4.792483813150429,733.0253814327576,4.30865955,0.108625747
78,9.004754859556571e-06,1.8103777551790907e-05,9.004754859556571e-06,1.6159973051707863,333.368924164866,5.41363764,0.104612701
72,6.295982104140442e-06,1.2816672665838072e-05,6.295982104140442e-06,1.1671458389117244,280.22955839709493,4.84427452,0.115055203
71,4.057366250220097e-06,8.590926788927363e-06,4.057366250220097e-06,0.833827982641336,245.64296254600416,3.97791076,0.114968583
56,1.0922392143831524e-05,2.390203068025873e-05,1.0922392143831524e-05,0.8249167497220222,209.1279550185729,5.31077433,0.108567603
57,7.807212139154387e-06,1.688969826238592e-05,7.807212139154387e-06,0.7398741993050019,209.4427408511699,4.35904169,0.108562343
56,4.567417887510511e-06,9.787469074778174e-06,4.567417887510511e-06,0.6458038207532953,214.16251271543734,3.37537551,0.109313004
57,6.326940193518349e-06,1.3993560145950573e-05,6.326940193518349e-06,0.6998040852236906,210.31233838385845,4.18058443,0.109162837
61,3.239194237287418e-06,7.190858919484808e-06,3.239194237287418e-06,0.6368820177626319,224.34120866684597,3.95442677,0.110929683
45,8.841276263519094e-06,1.7415167161185673e-05,8.841276263519094e-06,0.8254316241267653,192.22347886951073,3.79186249,0.108401284
46,6.582230261391727e-06,1.3029003885082069e-05,6.582230261391727e-06,0.7243935753410659,186.716765981987,3.1318295,0.108480193
51,1.086800327352211e-05,2.1149307999067376e-05,1.086800327352211e-05,0.9130742247688577,195.23972297119974,4.39609098,0.108566381
57,1.654012940530585e-05,3.238599216791e-05,1.654012940530585e-05,1.0719992705480081,199.32022596236934,5.77639532,0.108592585
64,0.00028663790158343097,0.0013070145940164072,0.00028663790158343097,1.6605409391935664,208.27832957266256,78.8521423,0.10852097
42,3.0824677045938835e-06,6.079069601292857e-06,3.0824677045938835e-06,0.5450540283531037,175.3872486171293,2.04191256,0.108654708
42,4.7371937353783645e-06,9.322951194277569e-06,4.7371937353783645e-06,0.6345815764983693,179.3297814833829,2.66923547,0.108519621
44,5.6803281848290515e-06,1.1224100464265431e-05,5.6803281848290515e-06,0.6785627292123451,182.14598619592354,2.87536287,0.108564802
42,3.223996977992445e-06,6.28745923297336e-06,3.223996977992445e-06,0.5545265549125564,173.26373683426507,2.05495501,0.108672544
42,2.5734577027500817e-06,5.053616314756966e-06,2.5734577027500817e-06,0.5123181737521816,172.98806918767548,1.93005013,0.108552456
38,0.0002710940311267361,0.00123094506225033,0.0002710940311267361,0.6135762733353303,174.78633958502903,64.0706635,0.108458959
62,2.2334979693958215e-05,5.8061306398650956e-05,2.2334979693958215e-05,0.9623766470789735,207.58460728360134,12.545701,0.108478159
41,8.140946584783182e-07,1.6191822904154604e-06,8.140946584783182e-07,0.3896047263321994,241.3221927814673,1.16818416,0.108617947
41,6.584807021543449e-07,1.3004943603473205e-06,6.584807021543449e-07,0.36608304228906324,235.3264649348221,1.07770634,0.108711392
40,5.659033063424583e-07,1.1011764464482562e-06,5.659033063424583e-07,0.3513980942469918,230.26013109216933,1.06537127,0.10865517
41,5.013995185411432e-07,9.61519595620958e-07,5.013995185411432e-07,0.3405510860168616,226.24965321097912,1.02117682,0.108516745
39,4.370470536293698e-07,8.218964739062958e-07,4.370470536293698e-07,0.32895560929334505,220.0635591334372,0.913071632,0.108579308
38,4.0650224704525003e-07,7.51523468085187e-07,4.0650224704525003e-07,0.32493949794213367,216.32831204566946,0.858175695,0.108618841
38,3.035030777992505e-07,5.204980594646262e-07,3.035030777992505e-07,0.2970910345890273,181.3035678807069,0.673055589,0.108465888
40,3.0808818232179594e-07,5.34385018318413e-07,3.0808818232179594e-07,0.2981129095807122,186.60176904397377,0.679138303,0.108604386
39,2.9826271335623624e-07,5.184410622862677e-07,2.9826271335623624e-07,0.29617145203098333,190.14760033208614,0.684746444,0.108627267
37,2.8732271313496094e-07,4.788906726719361e-07,2.8732271313496094e-07,0.2892873044189858,165.74244480503157,0.635289788,0.10847085
38,2.7772310271455663e-07,4.5937797249777414e-07,2.7772310271455663e-07,0.2858390282922364,164.95719119301543,0.62193054,0.108530819
38,2.772962374677278e-07,4.5848819353227914e-07,2.772962374677278e-07,0.28428596633219066,162.5646831224779,0.616861641,0.108379409
38,2.638723210926594e-07,4.2913591613894665e-07,2.638723210926594e-07,0.2791750011085922,157.5735615417267,0.604120553,0.108502567
37,2.9018308465467143e-07,4.815709149186063e-07,2.9018308465467143e-07,0.2914977929557921,167.79821466224658,0.629428804,0.108641289
37,2.8828128008159444e-07,4.819073468494684e-07,2.8828128008159444e-07,0.29110973104724874,171.43669677543312,0.642782032,0.108567536
38,2.915486693754158e-07,4.971533289061363e-07,2.915486693754158e-07,0.29235622228475383,179.16415393643564,0.661627471,0.108604595
38,2.907484982649732e-07,4.902823105602577e-07,2.907484982649732e-07,0.2918510710830001,174.8392856887546,0.639304996,0.108542979
37,2.860398997190584e-07,4.6690681529567943e-07,2.860398997190584e-07,0.28299497743090907,152.29090500208196,0.635378361,0.108660474
37,2.7247422085291915e-07,4.4419762177542597e-07,2.7247422085291915e-07,0.2798398417150705,154.38882789166206,0.621197283,0.108663224
38,2.7185263082095275e-07,4.4033193541679405e-07,2.7185263082095275e-07,0.27906049143105766,152.30758979228125,0.613351405,0.108636871
37,2.660616984389973e-07,4.3108093530638407e-07,2.660616984389973e-07,0.27813040137634454,154.54349913573853,0.593062937,0.108700804
36,3.683176654901993e-07,6.202207170467979e-07,3.683176654901993e-07,0.3021059239987791,151.4696156270186,0.759262621,0.108643629
37,3.289365077537098e-07,5.437408859876304e-07,3.289365077537098e-07,0.29173793845345364,149.27234816043935,0.699075878,0.10863661
38,3.5636413247075355e-07,5.945524450327409e-07,3.5636413247075355e-07,0.2981237047561812,148.98392944786946,0.719338953,0.108726136
36,3.0572184574829663e-07,5.006933920657795e-07,3.0572184574829663e-07,0.2877173568948372,150.3102628955781,0.675447404,0.108670883
39,4.2496460374677335e-07,7.381096050636131e-07,4.2496460374677335e-07,0.3094707723889141,150.70999226667846,0.979324579,0.108572155
37,3.937297187575425e-07,6.701011590461203e-07,3.937297187575425e-07,0.3034609661809511,148.47289256799544,0.850909531,0.108674996
38,4.5892232970094185e-07,8.063230720541812e-07,4.5892232970094185e-07,0.31509040119305887,150.19056123322594,1.17572129,0.108536221
38,4.986656262236751e-07,8.908011698412087e-07,4.986656262236751e-07,0.3189187023457215,150.0924503264599,1.04540253,0.108687736
38,5.919783647334501e-07,1.06778104735464e-06,5.919783647334501e-07,0.334153477192791,151.17076771744314,1.03108978,0.10844589
39,7.098772104389312e-07,1.299068733178352e-06,7.098772104389312e-07,0.3504115827875188,152.92342206178517,1.11373937,0.108667098
39,7.870936152911708e-07,1.470063242313965e-06,7.870936152911708e-07,0.3606739789678225,156.5315006995927,1.20719421,0.108701371
37,5.049578177829424e-07,8.862972665562621e-07,5.049578177829424e-07,0.323379973865713,150.04280705195862,0.91023159,0.108816862
39,5.193537131596559e-07,9.163760053242772e-07,5.193537131596559e-07,0.3242081335502212,149.21392379933292,0.962164879,0.108642429
39,1.228662724261133e-06,2.3630764664828755e-06,1.228662724261133e-06,0.4047440749806013,158.62576796443705,1.47316313,0.108615078
39,1.5384351519399161e-06,2.9600326111239093e-06,1.5384351519399161e-06,0.4350725768936841,161.83587789412593,1.49437952,0.108761244
38,8.59743600808904e-07,1.6137886333645243e-06,8.59743600808904e-07,0.36737535219408896,154.54504147488169,1.28390861,0.108642861
37,8.884231081734127e-07,1.656413209077054e-06,8.884231081734127e-07,0.3723015841798031,154.16402692876477,1.25562406,0.108692259
40,1.0521038610532557e-06,1.994089632072551e-06,1.0521038610532557e-06,0.38708184920822775,155.88043722360328,1.36566889,0.108685359
40,2.0715088256439074e-06,4.00995347831215e-06,2.0715088256439074e-06,0.48027222445668916,166.76511067705795,1.72489429,0.108631082
39,3.337936419735347e-07,5.969261780779006e-07,3.337936419735347e-07,0.30659463137339954,201.56448956124626,0.750167251,0.108642854
39,3.240565946781602e-07,5.749610471928525e-07,3.240565946781602e-07,0.3027439427380126,198.1600677883662,0.726729274,0.108583234
38,3.0656213154147657e-07,5.37205504401086e-07,3.0656213154147657e-07,0.2989453735343449,193.24271187929196,0.698535502,0.108590469
39,3.5381254255364543e-07,6.427919309712786e-07,3.5381254255364543e-07,0.31100911829357375,210.7166975044741,0.806352198,0.108578935
39,3.391284768252218e-07,6.090023329517434e-07,3.391284768252218e-07,0.30610363041739297,202.62789010483948,0.738840997,0.108599372
40,9.922400828451296e-07,1.995248111600388e-06,9.922400828451296e-07,0.41121907322637485,244.92732604931487,1.2171731,0.108591564
244,3.3377191794500525e-05,5.606651645365101e-05,3.3377191794500525e-05,5.154917161072258,778.3845371327882,6.65388823,0.114553712
185,0.00022263151575731375,0.0005764590880526791,0.00022263151575731375,6.031686123109163,611.0664851020701,31.8105583,0.112795308
204,0.0009422117080463993,0.0023679047162408727,0.0009422117080463993,10.568274126475462,739.5893295458118,42.6854591,0.110037617
83,1.06759456000279e-05,2.054671509370198e-05,1.06759456000279e-05,1.4018640050757472,337.6363987179284,4.47411823,0.110119447
129,2.1867761616072583e-05,3.954519609730916e-05,2.1867761616072583e-05,2.581083739893654,446.10460226067863,5.86600256,0.111386269
77,9.247564623522514e-06,1.7456462519757923e-05,9.247564623522514e-06,1.2611324389300098,325.18112929377577,4.38909197,0.109015726
214,2.5706589882921844e-05,4.136481824824353e-05,2.5706589882921844e-05,4.196862924683005,642.0985638450724,4.59031439,0.109508432
44,3.3100728380415277e-06,6.905360769233748e-06,3.3100728380415277e-06,0.5943538547880688,263.35362617030034,2.07620072,0.108400293
43,2.5879784783245133e-06,5.364765176015847e-06,2.5879784783245133e-06,0.5467407460597739,258.4612187142931,1.8358618,0.10844826
46,4.0017395909264e-06,8.329656773826699e-06,4.0017395909264e-06,0.6356885502955222,266.08849270604645,2.16952515,0.108346596
47,5.678028264477178e-06,1.1753395755568623e-05,5.678028264477178e-06,0.7274713298702201,271.1785969884868,2.62005353,0.10834872
47,4.1217192635800185e-06,8.539406978254192e-06,4.1217192635800185e-06,0.6455661993526254,266.37347403736976,2.30249453,0.108408079
43,1.6400249785153862e-06,3.3512763903393766e-06,1.6400249785153862e-06,0.47544817143588014,253.59007559110103,1.57396257,0.10851641
40,1.206537942344361e-06,2.4319518812999954e-06,1.206537942344361e-06,0.4358876021260359,248.04965116474156,1.34070897,0.108538136
49,5.148084311646879e-06,1.0690165390971558e-05,5.148084311646879e-06,0.7107799472576045,273.28046277197416,2.97836494,0.108472452
57,5.667999983119573e-06,1.1839013010678951e-05,5.667999983119573e-06,0.8099511599340319,291.361571994804,3.64489269,0.108493268
55,4.792091858091109e-06,1.0821761444702703e-05,4.792091858091109e-06,0.6836759842657978,281.7395015836438,4.44853783,0.10843128
123,1.550680414176095e-05,2.581649806900925e-05,1.550680414176095e-05,2.381816686692044,444.74308683839155,4.27366352,0.108732007
57,4.784531280108337e-06,1.0016914039796143e-05,4.784531280108337e-06,0.7448039920836718,287.07133989054284,3.62426591,0.108569168
64,6.160511628087457e-06,1.2625734478657778e-05,6.160511628087457e-06,0.8705708710868737,295.2896004184818,4.02898312,0.108645894
130,1.8260478751370993e-05,3.527129450575524e-05,1.8260478751370993e-05,2.5623170652372282,437.6801207984662,4.2728653,0.107376255
113,1.0445402485687542e-05,1.8506957114177016e-05,1.0445402485687542e-05,2.2169323531413676,407.4879189837707,4.74975109,0.10848897
68,4.968248522354514e-06,9.947848207951599e-06,4.968248522354514e-06,0.9328413649206356,245.69037413037674,3.74076366,0.113760404
57,1.0635834769712231e-05,2.404099204940021e-05,1.0635834769712231e-05,0.8010525263208197,205.88681571582057,6.18183708,0.108539887
58,8.396021658523522e-06,1.857843385778851e-05,8.396021658523522e-06,0.7534974441578737,206.3043991010669,5.284904,0.108647205
63,4.217862207471519e-06,9.363572232114366e-06,4.217862207471519e-06,0.6338581120520254,213.94941174290543,4.09515429,0.109395355
63,6.613096829521457e-06,1.484703750705165e-05,6.613096829521457e-06,0.7074348708474105,207.4054961504125,5.24927998,0.109022222
62,5.596830121460963e-06,1.2555280924986169e-05,5.596830121460963e-06,0.701812035520191,210.61136275681625,5.45139265,0.108926624
66,4.37422157658719e-06,9.502045647113927e-06,4.37422157658719e-06,0.7275331148528275,223.43591533941628,4.32182884,0.109960929
49,8.453941574983916e-06,1.659647288239072e-05,8.453941574983916e-06,0.8063736666221409,188.16930068442292,3.69628048,0.108488828
46,6.66249378689604e-06,1.2966740613857952e-05,6.66249378689604e-06,0.728465357037861,181.12218770973263,3.01675749,0.10840442
47,8.515697512905528e-06,1.6553039778757388e-05,8.515697512905528e-06,0.8130654954991272,187.4582600121677,3.40971708,0.10854093
50,1.4836882657675553e-05,2.9143617148254533e-05,1.4836882657675553e-05,1.0237231443678219,195.9347510000295,5.50904083,0.10851571
71,0.00029859075228325294,0.001321342079800975,0.00029859075228325294,1.7045240539252644,206.8589709383341,78.8842621,0.108521767
43,2.441356432899443e-06,4.75304874318357e-06,2.441356432899443e-06,0.5054792815584134,170.37651946816814,1.86891413,0.108687155
43,4.117616486360896e-06,8.039148523401775e-06,4.117616486360896e-06,0.6037976870797195,175.4626105112258,2.22046208,0.108604856
43,4.662234252913929e-06,9.078139061971989e-06,4.662234252913929e-06,0.6334161576054476,176.23031999930595,2.41716313,0.108654581
43,3.065976779816634e-06,5.939645851851281e-06,3.065976779816634e-06,0.5439204748739818,170.89462880408996,1.97863114,0.108631857
41,2.3842827616385026e-06,4.5705450223044725e-06,2.3842827616385026e-06,0.5016170955536225,165.14350726898434,1.7768364,0.108630784
43,1.0438245596367252e-05,2.5674727437174237e-05,1.0438245596367252e-05,0.5447564997076803,176.06731775549605,5.1123414,0.108495198
70,9.618059882958416e-05,0.00036453972678377085,9.618059882958416e-05,1.1395927717501209,207.10436113798033,36.0656166,0.108454764
41,7.921632487059257e-07,1.5811793982621821e-06,7.921632487059257e-07,0.38475104178867037,239.90147577479348,1.15897512,0.108661473
42,5.831869930528132e-07,1.1432274968542595e-06,5.831869930528132e-07,0.3511622998663196,231.37043095875688,1.06537139,0.108669184
42,4.649191338964098e-07,8.805078057165951e-07,4.649191338964098e-07,0.33379291274713707,224.08381076058424,0.992320716,0.1085454
39,4.1799583168667953e-07,7.795813152480447e-07,4.1799583168667953e-07,0.32524182644625343,218.34337771363,0.879667878,0.108694173
40,3.7764931980362686e-07,6.913314152671018e-07,3.7764931980362686e-07,0.31653277927209783,213.13127072203844,0.825665176,0.108627036
37,2.9341856137252616e-07,5.004422898268575e-07,2.9341856137252616e-07,0.2943696321764331,181.35933066829207,0.656156898,0.108631454
39,2.989181073812167e-07,5.168642224424145e-07,2.989181073812167e-07,0.29518544834998267,186.53856463200248,0.666803002,0.108667463
38,3.000072274892312e-07,5.202755609425487e-07,3.000072274892312e-07,0.297081199689909,190.8637745692005,0.683581829,0.108674824
38,2.7502760875399225e-07,4.5277417335538087e-07,2.7502760875399225e-07,0.2844347857604239,163.00108297149112,0.613428652,0.108447298
35,2.766136647380225e-07,4.5208050044074006e-07,2.766136647380225e-07,0.2869417496307745,163.62058263323084,0.605796397,0.108657703
37,2.6455350728143425e-07,4.322248494802062e-07,2.6455350728143425e-07,0.27997055818527616,160.53790384678913,0.594872296,0.108511411
36,2.6974388443852657e-07,4.391077174453818e-07,2.6974388443852657e-07,0.28219135835038267,158.88662369123836,0.601710618,0.108401805
37,2.607954935201281e-07,4.209711420321771e-07,2.607954935201281e-07,0.2774603766415472,155.6246185703973,0.590603292,0.108623073
38,2.532200486957581e-07,4.0673469196914716e-07,2.532200486957581e-07,0.27456432063327213,154.23860375273654,0.599890471,0.108609512
38,2.747194067389268e-07,4.5438327100698503e-07,2.747194067389268e-07,0.28485130365507505,167.30263335249288,0.618457437,0.10867472
39,2.799038217704324e-07,4.6500817182359035e-07,2.799038217704324e-07,0.2886776879649492,170.79502471969073,0.618879437,0.10868004
37,2.8021274579284084e-07,4.73051880284822e-07,2.8021274579284084e-07,0.2889816121434523,177.11234175523455,0.640576184,0.108680993
37,2.772148473058012e-07,4.650579679542545e-07,2.772148473058012e-07,0.28676806816479267,174.2226529489792,0.634887218,0.108675823
38,2.7847681593718804e-07,4.4918277731427105e-07,2.7847681593718804e-07,0.27997549751209044,149.81706865022505,0.614570737,0.108678631
39,2.60525281992752e-07,4.187969189803439e-07,2.60525281992752e-07,0.2740877082508084,150.84845965704503,0.599847198,0.108655669
36,2.563057654116424e-07,4.076230714107451e-07,2.563057654116424e-07,0.2747870497115825,150.09483070735877,0.575472534,0.108497024
40,3.3490155467403683e-07,5.507199093735328e-07,3.3490155467403683e-07,0.29224806129736486,147.15007032558495,0.701119781,0.108587302
37,3.136547904106058e-07,5.091766866373678e-07,3.136547904106058e-07,0.28762132282853764,146.50112221227755,0.658581316,0.108592309
37,3.6380042314954236e-07,6.062819890526498e-07,3.6380042314954236e-07,0.2974187796466698,146.58047774193724,0.766719878,0.108432084
38,2.907734897643759e-07,4.6920404030588084e-07,2.907734897643759e-07,0.28208932586881214,147.10594586556803,0.631752968,0.10860268
40,4.024982633942299e-07,6.877068834972223e-07,4.024982633942299e-07,0.30295455698637547,147.32156309926626,0.936718822,0.108652875
40,4.2390046977908564e-07,7.328575114898438e-07,4.2390046977908564e-07,0.30650801187749915,147.1403164217856,1.07212389,0.108620264
36,3.791792708632051e-07,6.317238747014272e-07,3.791792708632051e-07,0.2995691210594695,144.09821720333963,0.861367047,0.108667329
38,4.6044345789389833e-07,8.010200896291024e-07,4.6044345789389833e-07,0.3133035943984288,146.9965325585125,1.04772496,0.108511962
38,4.713663066329096e-07,8.171469400050166e-07,4.713663066329096e-07,0.3152873795961051,146.5782804114883,0.88059926,0.108638845
38,5.323273695444803e-07,9.377731159110475e-07,5.323273695444803e-07,0.32555642999443574,148.09317258789548,0.957463145,0.108468711
37,6.022901454140157e-07,1.0781870078377347e-06,6.022901454140157e-07,0.3358871257089732,148.2165705775863,1.04073739,0.108586021
38,6.237697647569192e-07,1.1211709028698824e-06,6.237697647569192e-07,0.3378180561080366,148.6104641225906,1.04894996,0.108630292
39,7.042643534253528e-07,1.2912135087383238e-06,7.042643534253528e-07,0.3473784880321386,149.8628556905528,1.19211078,0.108731136
38,8.066783251661799e-07,1.502826734018152e-06,8.066783251661799e-07,0.36116860556644353,153.19405543128124,1.26876223,0.108706139
36,4.939189327371417e-07,8.6313377627619e-07,4.939189327371417e-07,0.319531766989693,147.1186332255577,0.955598056,0.108653866
39,4.944313419504324e-07,8.62028055496914e-07,4.944313419504324e-07,0.3193148790323023,146.506137836646,0.948712587,0.108580969
40,1.220128647106341e-06,2.325120776055357e-06,1.220128647106341e-06,0.4032414271640561,156.29510710989015,1.39655519,0.108693123
39,1.5973799400329693e-06,3.050704590713928e-06,1.5973799400329693e-06,0.441923354942404,159.9004098483032,1.52890444,0.108731411
39,8.76757239267055e-07,1.6278312182455657e-06,8.76757239267055e-07,0.3685333680561713,151.58197263321892,1.22486401,0.108681507
37,7.66704647183829e-07,1.4069983446892322e-06,7.66704647183829e-07,0.3564211301048868,150.03519791994708,1.15680146,0.108619288
39,1.022666809319602e-06,1.9273509815409257e-06,1.022666809319602e-06,0.382958345436455,153.19407100842184,1.38770032,0.108778492
40,1.8185257159800142e-06,3.4841112087737496e-06,1.8185257159800142e-06,0.45987902094413696,162.48619367723853,1.60978746,0.108735271
40,3.153144829168754e-07,5.551604798565512e-07,3.153144829168754e-07,0.3011731898202383,196.7274907615623,0.713161409,0.108637303
39,3.370493764970184e-07,6.071435666240845e-07,3.370493764970184e-07,0.30674867535366596,206.4689950122377,0.772157073,0.108599931
39,3.249742111360736e-07,5.791984721851151e-07,3.249742111360736e-07,0.3023661436988647,201.76266622672267,0.724388003,0.108649909
41,9.649064099785652e-07,1.938323010650392e-06,9.649064099785652e-07,0.40739258341223444,243.38094178132297,1.29631341,0.108581521
41,7.503873163973941e-07,1.489769920379516e-06,7.503873163973941e-07,0.3798280104868836,238.5067894214718,1.14647532,0.108601436
411,0.00014631078988029656,0.00023391438393840716,0.00014631078988029656,14.597345304110776,1251.6159532479971,10.2266903,0.114259757
190,0.0003971287767300655,0.001041055616473352,0.0003971287767300655,6.536179860311253,589.2130689233896,31.2059631,0.114835307
186,0.0005998006296799296,0.001490706339051313,0.0005998006296799296,8.252447544498695,662.9507126611473,26.5495491,0.11209137
204,2.4694797359899262e-05,3.896371782353822e-05,2.4694797359899262e-05,4.1754053888531315,628.9652790779605,5.13049936,0.110644452
232,3.9209787363417016e-05,7.182978465335502e-05,3.9209787363417016e-05,5.259287061560872,762.1788105375409,8.90149021,0.113173202
186,2.6957675990499135e-05,4.220450819163353e-05,2.6957675990499135e-05,4.103416116781443,596.1742634440371,4.41191006,0.10899426
201,2.2718557801249206e-05,3.477351335680683e-05,2.2718557801249206e-05,4.157042152181976,634.9484867342562,4.91600657,0.109299824
45,2.7230083565740074e-06,5.64695307632713e-06,2.7230083565740074e-06,0.5560548825863695,258.5564718758719,1.94348884,0.108478166
43,1.6893035237745596e-06,3.4523899055734314e-06,1.6893035237745596e-06,0.47834724380976185,252.4758182399137,1.57991707,0.108492643
45,3.310188408582275e-06,6.865291534949216e-06,3.310188408582275e-06,0.5957046598340837,261.6878980465419,2.01391053,0.108432733
50,5.025550590462173e-06,1.0488427373275824e-05,5.025550590462173e-06,0.6800008121289218,265.91829231903375,2.41855216,0.108457103
45,3.2622756384721895e-06,6.7596808188018085e-06,3.2622756384721895e-06,0.5900342006204643,260.17056995535285,2.05380654,0.108540431
49,5.431178214559723e-06,1.1222589552443299e-05,5.431178214559723e-06,0.7129748339999157,268.7859443378517,2.28376651,0.108495645
41,1.0724551803137505e-06,2.150806239585558e-06,1.0724551803137505e-06,0.42040671041374955,245.70961994931602,1.37153113,0.108509451
53,4.290191044092346e-06,9.432154700526597e-06,4.290191044092346e-06,0.6512037657025647,276.90248907588256,3.20504332,0.108494498
53,4.429629643321732e-06,9.267904711162658e-06,4.429629643321732e-06,0.6707181471132674,273.2443253391929,2.78554344,0.108483166
53,4.1903969998140575e-06,9.109024606562966e-06,4.1903969998140575e-06,0.6668876637712693,280.0175801516162,3.21586013,0.108434916
58,4.595041625675257e-06,9.554009670558844e-06,4.595041625675257e-06,0.7362892076538621,285.78531697358716,3.29647112,0.10864836
210,2.281716846208025e-05,3.489736088324806e-05,2.281716846208025e-05,4.02018793134803,614.6341686885489,4.51214123,0.108877033
125,1.8829307083859408e-05,3.624632293809351e-05,1.8829307083859408e-05,2.425017228456367,403.77391952193983,4.36474514,0.105212688
69,6.979998701344025e-06,1.440539212832249e-05,6.979998701344025e-06,1.0520460789079054,244.82496608013253,6.05332851,0.110091142
61,2.0801088002064474e-05,5.7354874931728975e-05,2.0801088002064474e-05,0.962270505794507,205.3019375332345,17.1895428,0.108559459
66,9.498503815060949e-06,2.16850051693478e-05,9.498503815060949e-06,0.7901579525303568,205.51946306904355,6.17142344,0.10885416
66,5.2331369538684125e-06,1.1819654786107598e-05,5.2331369538684125e-06,0.7635176328146245,220.9081194451975,5.19745684,0.108941093
61,7.209171400350044e-06,1.6735862156251934e-05,7.209171400350044e-06,0.7493498600541576,207.20678907166229,6.92771149,0.109088682
64,6.596647759346043e-06,1.4258789470752731e-05,6.596647759346043e-06,0.8316932274389902,216.2632466107632,5.13785601,0.109216884
44,5.42012060273532e-06,1.0512258374922598e-05,5.42012060273532e-06,0.6690659524436883,176.3075066006285,2.57408595,0.108421758
46,8.125183291805205e-06,1.5836970652984894e-05,8.125183291805205e-06,0.7896445648515656,182.963458521522,3.90018559,0.108537681
47,6.278477935122736e-06,1.2100099670753431e-05,6.278477935122736e-06,0.7107217859908339,176.45042955859324,2.9251585,0.108527623
53,1.0268517269483854e-05,2.0074668562512817e-05,1.0268517269483854e-05,0.8717400991131875,188.62523395309964,4.66476727,0.108538233
55,2.2486474293125158e-05,4.788457699027797e-05,2.2486474293125158e-05,1.152546149385652,198.20793175894482,11.0115643,0.108464718
41,3.509975462445975e-06,6.773237272970014e-06,3.509975462445975e-06,0.572559990182168,169.77965824774222,2.07695508,0.108689927
41,4.2897169885200714e-06,8.2830990669817e-06,4.2897169885200714e-06,0.6125280511060441,171.30815118708475,2.29041123,0.108569562
42,2.881649921890256e-06,5.541219701762373e-06,2.881649921890256e-06,0.5318716332975142,166.91090297759013,1.89650941,0.108607098
42,1.7677254226965272e-06,3.355872770299719e-06,1.7677254226965272e-06,0.4552868925916324,160.0706279362145,1.5522778,0.108636908
41,2.5751445085488437e-06,4.903417024087582e-06,2.5751445085488437e-06,0.5124251681302436,162.75895554963202,1.77863753,0.108606592
41,9.819524385987099e-06,2.4786526348219177e-05,9.819524385987099e-06,0.5057598267165987,172.28922177179473,5.40940237,0.108520024
55,0.00035587832635962,0.0011059131020814815,0.00035587832635962,1.119492572047378,171.11702750219698,35.5573463,0.108489558
41,6.391033420754455e-07,1.2565542635015053e-06,6.391033420754455e-07,0.36083131480423813,234.8182311190415,1.09185123,0.108584963
41,5.392174727841265e-07,1.0420913439754209e-06,5.392174727841265e-07,0.3444878154086865,229.5758605502711,1.0595783,0.10852395
42,4.4872762475871137e-07,8.462652362369567e-07,4.4872762475871137e-07,0.3303451643391517,222.61021301515348,0.957238734,0.108604625
39,4.0557450843873235e-07,7.500459949473756e-07,4.0557450843873235e-07,0.32227699948806776,216.37524850014466,0.851716101,0.108634308
40,3.4757172305486273e-07,6.271692302622005e-07,3.4757172305486273e-07,0.3089335400514582,208.9913877481615,0.773750484,0.108487479
38,2.8573386956696273e-07,4.849852320187068e-07,2.8573386956696273e-07,0.29242974536253014,180.66878958643136,0.638765991,0.108659901
39,2.8368333243372965e-07,4.879544856360671e-07,2.8368333243372965e-07,0.2901358644892238,185.55549586249444,0.658285856,0.108644888
38,2.8685536685521877e-07,4.943776757828016e-07,2.8685536685521877e-07,0.2923583867634488,188.29810685282894,0.671539366,0.108595021
38,3.011233697831798e-07,5.248864866745453e-07,3.011233697831798e-07,0.29743856778825195,193.49499556206905,0.685348153,0.108672798
37,2.6399239105255063e-07,4.2947212728492953e-07,2.6399239105255063e-07,0.2812733468681501,161.61087710173416,0.599399865,0.10859137
37,2.707193416410684e-07,4.4538907928599373e-07,2.707193416410684e-07,0.2834330461617515,165.42125231580363,0.610839725,0.108643681
38,2.59366746293317e-07,4.193535684348052e-07,2.59366746293317e-07,0.2785944526172951,158.66483206232215,0.589724123,0.108446926
37,2.565769840898783e-07,4.13593779710153e-07,2.565769840898783e-07,0.2763122030511561,156.45996987826746,0.577358484,0.108474225
38,2.5080519497869293e-07,4.0145511386592136e-07,2.5080519497869293e-07,0.27287930254540477,153.3424220576183,0.573032975,0.108559825
38,2.4525888376425934e-07,3.9056813544998524e-07,2.4525888376425934e-07,0.2702655200340728,151.48044894009203,0.582920611,0.108543649
39,2.7088090457303806e-07,4.4583540682677286e-07,2.7088090457303806e-07,0.2843927624595175,166.80466622599104,0.606929302,0.108564176
37,2.755789479039251e-07,4.573725840890231e-07,2.755789479039251e-07,0.286614636117891,171.10892624998985,0.604060531,0.108493611
37,2.7325264465965544e-07,4.582218633105752e-07,2.7325264465965544e-07,0.28622813929902957,175.34996118048699,0.616777897,0.108538449
37,2.8291626021776977e-07,4.5646747157137867e-07,2.8291626021776977e-07,0.2806008759216273,148.37712295114244,0.619484663,0.108672455
37,2.572830140978179e-07,4.0756096700491474e-07,2.572830140978179e-07,0.2735252798244115,147.90944628976015,0.570596397,0.108481996
38,2.4242537140945263e-07,3.82125979006608e-07,2.4242537140945263e-07,0.26759376740964097,147.74948758854538,0.557177782,0.108408295
38,3.3105058319148597e-07,5.397223416187922e-07,3.3105058319148597e-07,0.2905438105086735,144.4436761129013,0.672225773,0.10840743
37,3.0765567167363547e-07,4.921217323426807e-07,3.0765567167363547e-07,0.2854505844387048,143.48957108536723,0.656080902,0.108418062
37,3.682154180533774e-07,6.081527700021056e-07,3.682154180533774e-07,0.2968105462623262,142.62793824362043,0.787856936,0.108433202
38,2.744141261040101e-07,4.384926091975808e-07,2.744141261040101e-07,0.27670111678609943,145.9124678830697,0.615055978,0.108521178
39,3.979250484371089e-07,6.71220950247359e-07,3.979250484371089e-07,0.30234588664120116,144.51614897797242,1.00351346,0.108738288
39,4.193819966473101e-07,7.16827343195531e-07,4.193819966473101e-07,0.30441661261367287,143.6127057352409,1.10502982,0.1086412
37,3.990029911580907e-07,6.660372091227696e-07,3.990029911580907e-07,0.3021975963266369,141.28707438664256,0.96087575,0.108631887
39,4.3640744407414113e-07,7.475829283517314e-07,4.3640744407414113e-07,0.3080537953382031,144.52177113712625,0.922914624,0.108529307
35,4.5990081422672676e-07,7.85001186848388e-07,4.5990081422672676e-07,0.31490035847775205,143.78556261754707,0.868421316,0.10851419
38,5.008514749081508e-07,8.708164155562922e-07,5.008514749081508e-07,0.31879069352935957,145.08750539592907,0.920183659,0.1085798
39,5.378750768207176e-07,9.396236251175125e-07,5.378750768207176e-07,0.3237046876731471,144.02141951364362,0.959408462,0.10856571
40,6.003074194139803e-07,1.0692924278572725e-06,6.003074194139803e-07,0.3320408411938978,144.72931953620497,1.11198914,0.108503461
39,6.610417388685064e-07,1.1949896210086248e-06,6.610417388685064e-07,0.3405971200271752,146.87611535647648,1.17308927,0.108593538
37,4.415659791963523e-07,7.492130157422048e-07,4.415659791963523e-07,0.31001237263325204,142.8001823633526,0.868464112,0.108505525
39,4.7356642528386824e-07,8.123301968553387e-07,4.7356642528386824e-07,0.31426017390666,143.39441769492362,0.873389542,0.108535677
39,1.2052780260942625e-06,2.285634373285171e-06,1.2052780260942625e-06,0.4017053528924565,154.84797011666058,1.37412059,0.108707659
39,1.5470543292790133e-06,2.9358538020209116e-06,1.5470543292790133e-06,0.436440529184008,157.87693788936883,1.53521848,0.108717799
40,1.2791766692197482e-06,2.4120353246198733e-06,1.2791766692197482e-06,0.4102842474154009,153.97581500112756,1.42370403,0.108778685
39,8.185796362021964e-07,1.5079068238582304e-06,8.185796362021964e-07,0.36057207734924995,148.75183087253535,1.1958617,0.108633697
38,6.993402793282989e-07,1.2697140068522836e-06,6.993402793282989e-07,0.34530119111803775,146.88074933381893,1.10107517,0.108606495
39,8.898453166713407e-07,1.6527482170502718e-06,8.898453166713407e-07,0.36721686792665603,149.0295677284778,1.30846214,0.108716279
39,3.2475032559736555e-07,5.799458366301247e-07,3.2475032559736555e-07,0.30294568232905833,204.08235215511974,0.732417047,0.108573444
39,3.2171509372399134e-07,5.702517963301269e-07,3.2171509372399134e-07,0.3021840664604556,199.96970545052588,0.707576215,0.108665101
41,8.624421380677878e-07,1.7168796981618789e-06,8.624421380677878e-07,0.3937814646310678,240.96849262419795,1.18763757,0.108574927
40,6.781268382996566e-07,1.332549188832018e-06,6.781268382996566e-07,0.36734100831690336,235.8974297889459,1.11652005,0.10879232
209,3.325791753023478e-05,5.718958833504908e-05,3.325791753023478e-05,4.578187806921972,641.2934082746314,6.72159147,0.114954107
193,0.0006078098535567777,0.0014348043496594316,0.0006078098535567777,8.965243592120036,643.9779277979808,24.2556305,0.111784302
207,3.0199322351733607e-05,5.132622212761089e-05,3.0199322351733607e-05,4.317239928096961,626.5910933296954,6.74542999,0.110865019
77,9.709010772586836e-06,2.2379993933061998e-05,9.709010772586836e-06,1.1602698155808464,321.0442337742076,5.6224637,0.11065907
76,8.053639833361478e-06,1.7260368793815257e-05,8.053639833361478e-06,1.0069054997144335,306.9529230555063,5.00164032,0.109168068
43,2.0944306269172826e-06,4.299433142183551e-06,2.0944306269172826e-06,0.5097025773701515,254.74354937878795,1.63933861,0.108471319
43,1.2016176328230264e-06,2.4254902566277896e-06,1.2016176328230264e-06,0.43051750425438157,247.78760723566825,1.43123937,0.108476952
48,5.072928795698987e-06,1.066057181283919e-05,5.072928795698987e-06,0.6777253776767759,264.0040947957968,2.51528621,0.108511448
49,4.844065175312303e-06,9.93620903729215e-06,4.844065175312303e-06,0.6876654913687714,267.8808672633334,2.27454829,0.108546108
43,2.6594398571176554e-06,5.488293851023968e-06,2.6594398571176554e-06,0.5497729723826661,256.6068965969451,1.86738443,0.108493343
45,2.978338812521999e-06,6.14689267754349e-06,2.978338812521999e-06,0.5709752753277372,257.8430750265206,1.93227518,0.108443692
41,9.463403277249967e-07,1.8872414598001891e-06,9.463403277249967e-07,0.4029364739637682,242.5918364250503,1.22830141,0.108509302
53,4.0282901741911205e-06,8.512049363112277e-06,4.0282901741911205e-06,0.6461402661472964,273.0782168937835,2.95761728,0.108374134
54,3.797570355802299e-06,8.241483269225666e-06,3.797570355802299e-06,0.6439398308649668,278.8774708675994,3.20070124,0.108489938
58,4.1389741621536736e-06,8.833087432473582e-06,4.1389741621536736e-06,0.6865003572037259,282.2423620621453,3.34660816,0.108639151
61,5.103810196874974e-06,1.0720218316609468e-05,5.103810196874974e-06,0.7786063949590832,288.4469536620076,4.06336164,0.108798526
63,5.308844599499017e-06,1.1279153367175984e-05,5.308844599499017e-06,0.7918708623542954,289.1673407331735,4.32155132,0.108839989
145,1.978204675646396e-05,3.7125599200625046e-05,1.978204675646396e-05,2.9429309609035657,474.9145231821685,4.0854702,0.103520215
78,9.16044391402946e-06,1.8674684857281218e-05,9.16044391402946e-06,1.3212464771648267,266.7140066800414,6.24560785,0.110951066
75,9.987132619606741e-06,2.047351736638251e-05,9.987132619606741e-06,1.2854694972108553,252.97629500168384,6.60323811,0.112414129
63,2.1720361048403365e-05,6.328758301356193e-05,2.1720361048403365e-05,0.9502993995585578,205.82285891227525,15.9421549,0.108608313
65,1.2894121294187094e-05,3.142066068120228e-05,1.2894121294187094e-05,0.9218947992585518,207.63855667444653,10.3904057,0.10896831
64,9.395254183921296e-06,2.0893820253293407e-05,9.395254183921296e-06,0.9002679970523687,210.87608078789054,7.58048058,0.109180957
65,1.227392960894614e-05,3.3138969846974926e-05,1.227392960894614e-05,1.0218552373483234,221.26703515894502,13.2050753,0.110400461
67,9.753175689481487e-06,2.119057023377933e-05,9.753175689481487e-06,1.1766586262562324,240.72077499030442,7.06321335,0.112312883
44,5.39920013183299e-06,1.0396858909788689e-05,5.39920013183299e-06,0.6687502685645911,173.8102058342269,2.74820018,0.108419053
49,8.993571279814426e-06,1.7530781980429723e-05,8.993571279814426e-06,0.817493611282885,183.2004548007746,3.75961781,0.108590327
46,8.045501096775117e-06,1.5711175921546593e-05,8.045501096775117e-06,0.7717364152798694,177.34865197473619,3.72784305,0.108602069
44,5.690511191796109e-06,1.0872818498037171e-05,5.690511191796109e-06,0.6825832909058727,171.23094160081936,2.77441478,0.108569503
51,1.3269118850078211e-05,2.6283923904896045e-05,1.3269118850078211e-05,0.9551227650341244,189.1643820315979,5.01445532,0.108472861
53,1.5357648822393682e-05,3.052650447217134e-05,1.5357648822393682e-05,1.0152107025315233,192.04794489130902,5.35359192,0.108437352
42,3.338522099913789e-06,6.399167350622864e-06,3.338522099913789e-06,0.561256955260247,166.5343763306149,1.99165249,0.108593613
41,4.3977522272403635e-06,8.384766899281648e-06,4.3977522272403635e-06,0.6224740654016385,168.6010296177644,2.35335541,0.108450308
42,3.263597374627616e-06,6.204854486041351e-06,3.263597374627616e-06,0.5565979835778022,164.22116502295657,2.01233029,0.108620107
42,1.7550482344147948e-06,3.3121600712981644e-06,1.7550482344147948e-06,0.4536358762746858,158.06151240279004,1.52158308,0.108698055
43,1.3772748343249317e-06,2.5853145743768307e-06,1.3772748343249317e-06,0.41957737064516554,154.44661470200987,1.44189382,0.108706921
40,2.4995396523156055e-06,4.736796581430231e-06,2.4995396523156055e-06,0.5089139321749764,161.34445621662275,1.71823025,0.108732134
63,3.591029872800563e-05,9.174253122200285e-05,3.591029872800563e-05,1.2221838795408477,200.26857057354846,15.0111523,0.108503751
38,5.418570376322699e-06,1.3397449861003931e-05,5.418570376322699e-06,0.43268349022975544,168.01032533577853,4.35006332,0.108602092
41,5.615367284082555e-07,1.0916494536772124e-06,5.615367284082555e-07,0.34645785176880756,230.77285390642766,1.06537151,0.108581945
41,5.091322304629379e-07,9.725285906237245e-07,5.091322304629379e-07,0.34121289781933106,225.9382946419275,0.984106421,0.108583786
43,4.3248401397942406e-07,8.077999606604239e-07,4.3248401397942406e-07,0.32621846756524664,220.58339292448866,0.918003321,0.108742967
41,4.1225911908150394e-07,7.63292184297322e-07,4.1225911908150394e-07,0.32176565727381157,217.88648559251564,0.880181551,0.108725563
40,3.8352823265995554e-07,7.008009175608502e-07,3.8352823265995554e-07,0.31629017346783184,212.87971533350074,0.813139915,0.108580559
40,3.4035063158712503e-07,6.120808337931702e-07,3.4035063158712503e-07,0.306647209139037,207.97596923382994,0.754013836,0.108486764
38,2.76986302956448e-07,4.6841004903481286e-07,2.76986302956448e-07,0.2884986612770973,179.92725225911698,0.629628718,0.108568273
39,2.766021505755927e-07,4.704794881880677e-07,2.766021505755927e-07,0.288400490059838,182.51732830533302,0.628998578,0.108500928
37,2.835941328984511e-07,4.860084778555109e-07,2.835941328984511e-07,0.29168803893711603,186.85328582827364,0.663277268,0.108655788
38,3.096861266129086e-07,5.408452326227429e-07,3.096861266129086e-07,0.3008118428504172,195.41405818806095,0.691560924,0.108635336
38,2.8688613695996283e-07,4.966148596748098e-07,2.8688613695996283e-07,0.29200989707519576,190.30531032797938,0.660262942,0.108669013
38,2.5536343430781415e-07,4.147911530103669e-07,2.5536343430781415e-07,0.2767876725582415,160.79324321221634,0.591122389,0.108571626
36,2.5184878473249605e-07,4.057521410796233e-07,2.5184878473249605e-07,0.27569723672038815,157.60494817618962,0.588696182,0.108455218
37,2.6057067456044276e-07,4.2496760011126927e-07,2.6057067456044276e-07,0.27962736488348616,163.26982576716955,0.590776682,0.108610995
38,2.504185645191617e-07,4.0187524412989436e-07,2.504185645191617e-07,0.27401640268263655,155.41935922617824,0.577994704,0.108503319
37,2.4112536139677093e-07,3.8176579520116874e-07,2.4112536139677093e-07,0.26936816006760333,151.40175928217562,0.55400753,0.108564317
36,2.392752827702336e-07,3.7696231829650706e-07,2.392752827702336e-07,0.267891879686826,148.758604291522,0.558180809,0.108546391
39,2.6412248898327876e-07,4.3349555822353384e-07,2.6412248898327876e-07,0.28130813376699765,166.4750118857513,0.590690851,0.108426213
39,2.654139062188255e-07,4.388678273249648e-07,2.654139062188255e-07,0.2808645055578674,168.5778386160208,0.59772867,0.108332798
39,2.68642090632024e-07,4.476343918458875e-07,2.68642090632024e-07,0.28370549376548,173.47504446308508,0.609449804,0.108425505
38,2.684313514981916e-07,4.525409679600961e-07,2.684313514981916e-07,0.2846740217535397,178.07241610421912,0.616093576,0.10850925
38,2.646865202449594e-07,4.1942575027166653e-07,2.646865202449594e-07,0.27497969005788603,146.07332175431856,0.603983164,0.108576775
38,2.504245091410537e-07,3.9369286689569694e-07,2.504245091410537e-07,0.27079263518104013,146.3718099742986,0.574259996,0.108408153
38,2.3789445029037223e-07,3.7378247376085124e-07,2.3789445029037223e-07,0.26597284738493754,147.0505547160435,0.556522906,0.108545996
36,2.423669077727701e-07,3.7765776380754845e-07,2.423669077727701e-07,0.2666534444525723,143.9344032361512,0.551513433,0.108454175
38,3.284922005826106e-07,5.307963513529024e-07,3.284922005826106e-07,0.28882734376167507,142.1335739946286,0.6542992,0.108338989
37,2.959718198416814e-07,4.7021469870067536e-07,2.959718198416814e-07,0.2814262491315164,142.03999656492843,0.63956964,0.10846293
39,3.0455528257817083e-07,4.838105282775383e-07,3.0455528257817083e-07,0.282286162951315,140.61763459543818,0.632415295,0.108426504
37,2.762506083969641e-07,4.3535189072046395e-07,2.762506083969641e-07,0.27776562170459873,143.28850310589732,0.606087506,0.108543843
37,3.5507335803273917e-07,5.799602427743122e-07,3.5507335803273917e-07,0.29339776219601754,140.9217808536107,0.756923437,0.108468167
37,4.0701371708122345e-07,6.820851008399208e-07,4.0701371708122345e-07,0.3019354208581101,141.12913056699026,0.981326222,0.108506672
38,3.616306797611365e-07,5.9168127246923e-07,3.616306797611365e-07,0.292607492372557,138.61418038658107,0.910017669,0.108565368
38,3.9461586001624274e-07,6.540687006938515e-07,3.9461586001624274e-07,0.30013282110206413,139.8391006683486,1.05107975,0.108625658
37,4.2403396386138613e-07,7.109807389479002e-07,4.2403396386138613e-07,0.3063100473893037,141.2615304592038,0.808211267,0.108490422
39,5.402740582812409e-07,9.424305156084062e-07,5.402740582812409e-07,0.32333210108256333,141.6984050953394,1.02074564,0.108492002
38,4.6962450897306424e-07,7.983893738494328e-07,4.6962450897306424e-07,0.3131055474192258,141.03567937047956,0.889045775,0.108610593
39,5.893846486212149e-07,1.0449469551594424e-06,5.893846486212149e-07,0.3296478303132212,142.6907646872007,1.13045907,0.108656354
38,6.497471360580502e-07,1.1714628224443316e-06,6.497471360580502e-07,0.33759341571943075,144.34615951412397,1.16357136,0.108541436
38,4.236274036393139e-07,7.036212653107635e-07,4.236274036393139e-07,0.30750937090826747,140.24813933954982,0.816254139,0.10854011
39,4.306004280960768e-07,7.213859333927648e-07,4.306004280960768e-07,0.30609599608432536,139.79258658253462,0.829318345,0.108582355
39,1.0125475776433513e-06,1.8880156943577877e-06,1.0125475776433513e-06,0.3826960660432264,150.24766519291538,1.29370427,0.108698286
39,1.0990456768682218e-06,2.048312682962376e-06,1.0990456768682218e-06,0.3923639898737981,151.2976569523131,1.32514501,0.108656265
40,1.1198681904720715e-06,2.07104558648506e-06,1.1198681904720715e-06,0.3936494925601337,149.90125878906943,1.34800673,0.108490571
38,6.97997492909578e-07,1.2550232488365762e-06,6.97997492909578e-07,0.3454999540310709,145.31989585874794,1.12527847,0.108598553
40,8.600207933760505e-07,1.581140805526985e-06,8.600207933760505e-07,0.3634604021658609,146.65156006408859,1.25209367,0.108652212
39,7.713091677425368e-07,1.4069707012002942e-06,7.713091677425368e-07,0.3525881417795418,144.97393678380732,1.24950469,0.108625874
39,3.2607838505481747e-07,5.804667372939437e-07,3.2607838505481747e-07,0.3034845443807618,203.84802917929395,0.724809587,0.108639263
38,3.0687009162381754e-07,5.386421619366876e-07,3.0687009162381754e-07,0.29746304576839666,196.68189312357268,0.691019177,0.108604692
41,8.108377638020741e-07,1.602795663299283e-06,8.108377638020741e-07,0.38679610362202455,239.9090089090515,1.16484523,0.108580321
41,6.63831388462311e-07,1.2996066697528257e-06,6.63831388462311e-07,0.36299116421695615,234.72754438598227,1.10211074,0.108589128
78,1.690394909798288e-05,3.600770377845289e-05,1.690394909798288e-05,1.4586194107755142,321.9288616182863,5.44189358,0.112025619
98,0.0002200023166201827,0.0005418646078462057,0.0002200023166201827,3.8152004605712087,371.13323186311266,18.5785389,0.115733832
102,0.00043671228729170124,0.0010290594251532877,0.00043671228729170124,5.695510499888177,414.8495469466673,21.1773834,0.113384113
71,8.951731126009525e-06,2.01365983152512e-05,8.951731126009525e-06,1.0268276913472734,306.7179378422665,5.5344162,0.109731898
71,6.437499650175357e-06,1.5329485478237287e-05,6.437499650175357e-06,0.9012442122993534,301.7418294817227,5.04462576,0.109278999
68,6.575906816638502e-06,1.465648313961601e-05,6.575906816638502e-06,0.8613605160596067,295.220102058584,4.78878736,0.109114081
42,1.5132932851115077e-06,3.0738802466326244e-06,1.5132932851115077e-06,0.4611649009797627,250.05389549445812,1.47099793,0.108468764
41,1.0445268921597274e-06,2.0892986350920474e-06,1.0445268921597274e-06,0.41448473225027715,244.6690308253418,1.38181937,0.108488925
48,5.6765494318683494e-06,1.2127893846569868e-05,5.6765494318683494e-06,0.6925316847185906,262.5104051437372,2.76557612,0.108531952
49,4.9910384104284085e-06,1.0422988923228154e-05,4.9910384104284085e-06,0.6741165138616225,264.02626126520005,2.31610012,0.108486421
52,4.2052294454339765e-06,8.602840264664458e-06,4.2052294454339765e-06,0.6568769917607359,268.4367550256515,2.26616597,0.108378604
44,1.991381847617242e-06,4.07658976334257e-06,1.991381847617242e-06,0.49960247309904937,252.58889042231004,1.62525737,0.108437151
45,2.753964290142508e-06,5.6842217366213256e-06,2.753964290142508e-06,0.5546895521686624,256.5373832833297,1.89739978,0.10842783
47,4.74745546326381e-06,1.0238057303146607e-05,4.74745546326381e-06,0.6420792312728113,258.76559989931906,2.75579143,0.108403869
41,9.312956224244827e-07,1.8503386224479924e-06,9.312956224244827e-07,0.40084613367101546,242.20305393301254,1.3010571,0.108497933
40,7.702849387666973e-07,1.522552592679111e-06,7.702849387666973e-07,0.37897048333975925,238.2445559606424,1.20236969,0.108577304
51,3.687016647312367e-06,7.739922573335989e-06,3.687016647312367e-06,0.6311463329364579,273.06003869646446,2.69691467,0.108417138
55,3.4986247325491363e-06,7.5648717770228485e-06,3.4986247325491363e-06,0.6181218576123043,275.6470499408989,2.7997694,0.108541302
60,3.455063972685222e-06,7.520393116459682e-06,3.455063972685222e-06,0.6283049583246927,278.5492858141149,3.50032687,0.108732596
62,4.934907030921148e-06,1.0794516570358683e-05,4.934907030921148e-06,0.7478097802271806,286.185228968381,4.22682905,0.108771212
130,2.1249425436343465e-05,4.541950754205636e-05,2.1249425436343465e-05,2.3406458237466206,394.9694669633196,6.40836048,0.107252978
149,2.227856556769897e-05,4.370649680412437e-05,2.227856556769897e-05,2.4643759414074147,392.8167513748274,4.89898682,0.116257705
112,8.510911370791632e-06,1.4027453477361517e-05,8.510911370791632e-06,2.1332697216270198,392.9005524051888,2.79115963,0.107992247
45,0.00012272061423069231,0.0005811998759711848,0.00012272061423069231,0.4566225645273285,167.38590748442186,50.1951027,0.108737439
65,4.519787520627662e-05,0.00016476219268439157,4.519787520627662e-05,1.1392694083231865,214.94091552936516,29.3874092,0.10894376
69,1.7326102008111576e-05,4.919554069413548e-05,1.7326102008111576e-05,1.0957248978704404,219.70878101932078,13.4532509,0.109376617
81,1.1643642116709708e-05,2.4772578660518143e-05,1.1643642116709708e-05,1.3420499119161506,248.17868014396552,9.16843987,0.11173775
50,1.0391742980849351e-05,2.0335350554531398e-05,1.0391742980849351e-05,0.863191578405506,182.89112689395736,4.18848562,0.108444177
46,7.850201803118749e-06,1.5199149590833455e-05,7.850201803118749e-06,0.7699898344768369,175.3597194494259,3.61002612,0.108612798
43,4.502282650834012e-06,8.605905510550519e-06,4.502282650834012e-06,0.6226900603366929,167.23480663880707,2.3985393,0.108571663
44,4.978359360373674e-06,9.43725209547022e-06,4.978359360373674e-06,0.6469473212260636,166.28887667368363,2.52278662,0.10869652
47,6.627309019708122e-06,1.269244438983823e-05,6.627309019708122e-06,0.7194649091788463,170.54715547422833,3.24193096,0.108650111
50,1.1378304850352358e-05,2.235998413153007e-05,1.1378304850352358e-05,0.8975193212032627,184.32351771481422,4.65859127,0.108517528
54,1.649886918520784e-05,3.3694519012413985e-05,1.649886918520784e-05,1.0221332305834832,191.8593981657571,5.36759949,0.108608998
40,2.691880966574673e-06,5.0644394411059126e-06,2.691880966574673e-06,0.5193383786076878,158.83252512662344,1.77931488,0.108648822
42,3.3733583576520474e-06,6.36499483249056e-06,3.3733583576520474e-06,0.5617112579069572,161.58313456756136,1.93775547,0.108663693
41,1.7880504133236099e-06,3.353651504365292e-06,1.7880504133236099e-06,0.45501477040323207,155.68367383098635,1.52291811,0.108677275
40,1.4856881898706752e-06,2.7547740781742784e-06,1.4856881898706752e-06,0.4310965593959995,152.01276351996563,1.4461087,0.108431101
40,5.274848504220822e-06,1.3437501436492175e-05,5.274848504220822e-06,0.4179642219354111,165.32069606372661,4.50114775,0.108766727
40,5.354894430556082e-07,1.0318653919713242e-06,5.354894430556082e-07,0.34290367638193453,227.94478128103893,1.00331533,0.108520471
41,4.773522354130676e-07,9.031413302519912e-07,4.773522354130676e-07,0.33383158402436164,223.87113272228387,0.917740524,0.108715624
40,4.288436623686132e-07,7.957939191222985e-07,4.288436623686132e-07,0.32459054075943544,219.07542743548004,0.872665882,0.10857255
40,3.998939899188405e-07,7.314682502616874e-07,3.998939899188405e-07,0.3202306408560138,213.7638614183511,0.812535346,0.108464271
40,3.483744437650112e-07,6.251679968117754e-07,3.483744437650112e-07,0.30807926727320906,208.45510065601462,0.757017612,0.108533233
40,3.3160405525529957e-07,5.92453207188695e-07,3.3160405525529957e-07,0.3038793518961029,205.70638462043098,0.749621153,0.108605295
37,2.690253957976538e-07,4.5792255372696895e-07,2.690253957976538e-07,0.2847569930155498,182.5186461943805,0.626253664,0.108592749
39,2.6549551696196344e-07,4.4735207711085243e-07,2.6549551696196344e-07,0.2826554253472289,177.83640700855682,0.599964857,0.108520798
38,2.8010334266209635e-07,4.810294235932452e-07,2.8010334266209635e-07,0.2881366368282653,186.92482417779573,0.653213024,0.108749524
38,2.965295118514309e-07,5.1431590677993e-07,2.965295118514309e-07,0.294442463175271,192.39863201619434,0.667157471,0.108656876
38,2.756998828994176e-07,4.7326528354936364e-07,2.756998828994176e-07,0.28565466252911564,186.55202292447208,0.632796347,0.108752668
37,2.519175864266938e-07,4.0659786740782227e-07,2.519175864266938e-07,0.2759044179463469,159.4485082890165,0.577485621,0.10858611
36,2.4584509073801104e-07,3.9250971284165834e-07,2.4584509073801104e-07,0.27342226176096274,155.95158237952754,0.548111439,0.108539574
38,2.515772956491177e-07,4.0741189170408036e-07,2.515772956491177e-07,0.2750396763631086,160.35513584383997,0.574242234,0.108560279
37,2.580828845170328e-07,4.2192238689743933e-07,2.580828845170328e-07,0.2779749510256471,163.95616970181547,0.59131062,0.108485393
36,2.4237729289443026e-07,3.869746468891466e-07,2.4237729289443026e-07,0.2697060838711958,153.8496065230135,0.565608263,0.108513109
37,2.316027382346732e-07,3.6585102367037244e-07,2.316027382346732e-07,0.26465918390382925,150.10199332654824,0.542073965,0.108543992
36,2.3222026890802384e-07,3.6372403294988296e-07,2.3222026890802384e-07,0.2640233899719919,146.89886172613825,0.539301932,0.108520545
40,2.673288544213994e-07,4.422465427565543e-07,2.673288544213994e-07,0.28186247372823403,169.7279580385241,0.591900468,0.108600482
39,2.5841433522525544e-07,4.2383836330810014e-07,2.5841433522525544e-07,0.2786864055503588,166.31427554616053,0.577171266,0.108459353
37,2.6207027533632635e-07,4.3842756079837035e-07,2.6207027533632635e-07,0.28065680421685874,173.84266319166764,0.603041887,0.108628549
38,2.592214664517458e-07,4.092324402629015e-07,2.592214664517458e-07,0.27141549200187626,144.1622756955204,0.597875178,0.108542666
36,2.46937343190919e-07,3.8502764446001224e-07,2.46937343190919e-07,0.2672670792625097,142.17677073408035,0.572516978,0.10849674
36,2.297367550394744e-07,3.583717121973419e-07,2.297367550394744e-07,0.2628319088838096,145.3167941934144,0.542631269,0.108530566
37,2.3475849700149966e-07,3.6409750190639924e-07,2.3475849700149966e-07,0.26332244791941933,142.98865479803854,0.536207974,0.108545907
37,2.3858852965686064e-07,3.69455630083951e-07,2.3858852965686064e-07,0.2630692222314506,140.74049992618845,0.550972879,0.108600289
36,3.2919811220107487e-07,5.261460849808435e-07,3.2919811220107487e-07,0.2887181345434273,139.50347646174095,0.648156047,0.10839317
38,2.898962808065469e-07,4.5775265577873507e-07,2.898962808065469e-07,0.2783803986815171,140.19142000585128,0.630734563,0.108501777
36,3.050440595270933e-07,4.805092515994832e-07,3.050440595270933e-07,0.2822021404187009,138.0489438333927,0.622667313,0.108602986
36,2.636670330954291e-07,4.1341991240726244e-07,2.636670330954291e-07,0.27287275075214823,141.95226980659248,0.602909863,0.108572744
36,3.382319228709347e-07,5.429268628800649e-07,3.382319228709347e-07,0.2897465627399061,138.83901846623746,0.691043019,0.108405344
37,3.903815296267457e-07,6.434970871085798e-07,3.903815296267457e-07,0.2980272751655106,138.07917235063124,0.840697587,0.108558089
37,3.5670294403245576e-07,5.768388004628731e-07,3.5670294403245576e-07,0.29236201270611867,137.17259551237268,0.838445783,0.108460806
37,3.787361807188956e-07,6.189512045778811e-07,3.787361807188956e-07,0.29580248541224496,136.26947214855358,0.95933032,0.108475812
36,4.113563220960486e-07,6.804852916034451e-07,4.113563220960486e-07,0.30290970882519846,138.37678670640165,0.794926286,0.108562417
38,5.501353111580087e-07,9.525264029385205e-07,5.501353111580087e-07,0.32454185884929343,139.62117234753856,1.05397582,0.108637691
38,4.673099251534892e-07,7.883561244758946e-07,4.673099251534892e-07,0.311547662181945,138.34780681229503,0.872065127,0.108586319
39,5.842815291330457e-07,1.0305544128018005e-06,5.842815291330457e-07,0.3268684695958749,140.17787716954388,1.13576484,0.10871987
38,6.260348953804188e-07,1.1191873108056606e-06,6.260348953804188e-07,0.3342457174033123,143.30770537637142,1.08288491,0.108671747
37,3.980061822885308e-07,6.532632532754553e-07,3.980061822885308e-07,0.30134242038480713,138.1907481429773,0.744340062,0.108679265
38,4.0682592362597697e-07,6.70467865845732e-07,4.0682592362597697e-07,0.30099986446507343,137.27871645272054,0.77448523,0.108822227
39,4.134130554410232e-07,6.792557188388427e-07,4.134130554410232e-07,0.30124934888363075,135.96525116246394,0.780756116,0.108775936
39,9.965025903613328e-07,1.850626047729191e-06,9.965025903613328e-07,0.3791106920529867,147.6708587990744,1.29834199,0.108635642
40,1.0353432664548867e-06,1.9066485617672843e-06,1.0353432664548867e-06,0.3829667770245999,146.91344797374956,1.40454638,0.108778961
39,1.2456360224214082e-06,2.294990168289484e-06,1.2456360224214082e-06,0.40650481080953876,148.5019733103769,1.38387859,0.108776629
39,9.58121576656649e-07,1.752191565776476e-06,9.58121576656649e-07,0.37608861386177944,145.97881110000495,1.27006662,0.108731098
38,6.519081821627109e-07,1.1521520114004863e-06,6.519081821627109e-07,0.34011348565122645,142.48637065801367,1.07708299,0.108748004
41,8.046114877723976e-07,1.4607526950490261e-06,8.046114877723976e-07,0.35604620361263434,143.59613290528867,1.19510555,0.108708642
38,7.19650279344027e-07,1.2973098989272647e-06,7.19650279344027e-07,0.34629431502565655,142.60279339303386,1.20946252,0.108729988
38,3.135984763288602e-07,5.539554037574671e-07,3.135984763288602e-07,0.2995236351819218,200.61115660716493,0.701224089,0.108618364
39,3.091170154900841e-07,5.452020743232453e-07,3.091170154900841e-07,0.2963532136052545,198.5920988499084,0.688655436,0.108659007
39,5.975807967019195e-07,1.1540090214948033e-06,5.975807967019195e-07,0.3533010534324941,231.76110414694776,1.06443691,0.108535521
78,2.4069219107869566e-05,5.188305628061095e-05,2.4069219107869566e-05,1.5347625819178512,314.5378068900174,5.35132742,0.113561027
85,5.9148636811950615e-05,0.00013353497484317522,5.9148636811950615e-05,2.096868480517652,322.22313877161946,9.19378185,0.117553748
109,0.000495436697533745,0.0011112722280848329,0.000495436697533745,6.296700575143831,418.50395446316014,19.62784,0.113065533
69,6.125229653302397e-06,1.4589217699007405e-05,6.125229653302397e-06,0.8428099825422615,295.3903213102175,4.84491014,0.108939447
70,7.444145692096142e-06,1.65080564998998e-05,7.444145692096142e-06,0.9147661387277054,292.0052461470571,4.58128595,0.109848067
67,4.790073310164748e-06,1.1200670169395463e-05,4.790073310164748e-06,0.7396161344532111,289.3262189531034,4.48608589,0.108785614
42,1.2884690589210185e-06,2.6025233993437416e-06,1.2884690589210185e-06,0.4385888571997505,246.79365183810395,1.44160056,0.10848669
41,1.0769249835512926e-06,2.1613087640748154e-06,1.0769249835512926e-06,0.4157782503385216,244.50277276668825,1.37263536,0.108515315
49,4.625309276432294e-06,9.622903769886615e-06,4.625309276432294e-06,0.6585553197191512,263.3847017715175,2.31141734,0.108399034
52,3.6371422583175358e-06,7.622718097294185e-06,3.6371422583175358e-06,0.625180816276661,271.2700425877481,2.66623282,0.108525768
43,1.9822682929861605e-06,4.068536133009511e-06,1.9822682929861605e-06,0.4994170806657948,251.70031724915427,1.67467618,0.108546063
46,2.681175552753611e-06,5.561056171655283e-06,2.681175552753611e-06,0.5454589432780204,255.38521987640848,1.92936206,0.108402647
42,2.130626911757127e-06,4.368521660139729e-06,2.130626911757127e-06,0.5101271681092161,251.398934042113,1.72655654,0.1086092
48,4.837208815079391e-06,1.0310277252177034e-05,4.837208815079391e-06,0.6476063184661537,259.242019456834,2.44504309,0.108427443
41,8.179376765546534e-07,1.6129753510071167e-06,8.179376765546534e-07,0.38433566894020776,238.71580891903304,1.22312975,0.108499803
41,6.734387869724686e-07,1.3126593573150872e-06,6.734387869724686e-07,0.3641318943047321,234.87711106086223,1.08240092,0.108564258
63,3.6226589904019164e-06,8.209838370881775e-06,3.6226589904019164e-06,0.6415796066089261,280.9712741031998,3.71625352,0.108775683
57,3.3583296536285984e-06,7.507949112155162e-06,3.3583296536285984e-06,0.6020867387128432,274.9041473971852,3.28091478,0.108739682
121,1.02441795695597e-05,1.685630670481141e-05,1.02441795695597e-05,2.302194743462067,400.01779412099,3.7998023,0.108517364
125,2.0158692060567313e-05,3.757108292576859e-05,2.0158692060567313e-05,2.1661182112053696,340.43181308954695,4.63737774,0.113366865
40,3.9510197115256774e-05,0.00015044098766722118,3.9510197115256774e-05,0.4467073358769237,164.6827724951253,22.6944656,0.108823702
37,1.5079302459173732e-05,5.740922562055259e-05,1.5079302459173732e-05,0.3818743805040389,165.61692115139138,16.1532021,0.109089486
85,1.6392618750196623e-05,3.9805898515893296e-05,1.6392618750196623e-05,1.4071236860632994,247.32106684492388,14.198103,0.110226206
46,9.266574580720352e-06,1.805713523048611e-05,9.266574580720352e-06,0.8257908113588001,178.33345859182563,4.2494669,0.108564034
52,1.263634897262748e-05,2.5338455199112535e-05,1.263634897262748e-05,0.9271086730951011,185.2806382666672,4.67408037,0.108732164
43,4.139008204532221e-06,7.800826451353567e-06,4.139008204532221e-06,0.6051679480393161,163.2431878353297,2.24239254,0.108681411
43,4.505551236004992e-06,8.47388695126513e-06,4.505551236004992e-06,0.6225121973333362,162.15897672799667,2.40761399,0.108708054
48,7.64883041396132e-06,1.4723128218809377e-05,7.64883041396132e-06,0.7623115619057518,172.8946643043045,3.55330443,0.108590253
43,5.76463410066164e-06,1.0895591709770796e-05,5.76463410066164e-06,0.6847163557242342,165.1983373161623,2.91192079,0.10869918
47,7.353735497734592e-06,1.4151897276914787e-05,7.353735497734592e-06,0.7459411005846531,169.46424290584798,3.53947592,0.108524032
66,3.456714521055154e-05,0.0001054192025672118,3.456714521055154e-05,1.1678627414651925,203.44506533895827,22.7270737,0.108725958
39,2.570447602303259e-06,4.7841117896753215e-06,2.570447602303259e-06,0.5153196222986587,156.23156505463658,1.73632002,0.108483918
40,2.0866078409170658e-06,3.907715252830004e-06,2.0866078409170658e-06,0.47838861384814224,155.7712750539538,1.59705985,0.108574226
43,3.4623675032935846e-06,6.47111946679037e-06,3.4623675032935846e-06,0.5697710032030161,159.75928801794765,1.96106553,0.108587325
40,1.6074792236593906e-06,2.986489636345103e-06,1.6074792236593906e-06,0.4398063466558245,150.86099825090903,1.49225271,0.108664915
37,5.076441332844619e-06,1.2981907458753428e-05,5.076441332844619e-06,0.4072344456297754,164.1201428595406,4.1658349,0.108820118
41,5.006815290295917e-07,9.551492766458906e-07,5.006815290295917e-07,0.3350244457143055,226.4878897592247,0.967294157,0.108603522
40,4.655271666472592e-07,8.746919720254318e-07,4.655271666472592e-07,0.3311306068769726,222.84939733092705,0.922998011,0.108666942
39,4.420857164610631e-07,8.229318028792492e-07,4.420857164610631e-07,0.3277713245972237,218.97013102941307,0.855144978,0.108499408
41,3.831503374800269e-07,6.956839321580663e-07,3.831503374800269e-07,0.315074612259482,212.0343748645462,0.790502846,0.108582102
41,3.38620287614192e-07,6.062048451775768e-07,3.38620287614192e-07,0.3042414316124911,206.9128548431558,0.738020301,0.108591124
38,2.6845418841938835e-07,4.559513936239295e-07,2.6845418841938835e-07,0.2834056604607081,181.22173832738295,0.619140804,0.108679533
38,2.64200700493829e-07,4.451842595701595e-07,2.64200700493829e-07,0.2805563459955944,176.63549484795647,0.591588974,0.108641438
38,2.9392165726666514e-07,5.083465226890397e-07,2.9392165726666514e-07,0.2927282638339469,191.37872129165524,0.657007039,0.108690172
38,3.0421937708585497e-07,5.324441455328125e-07,3.0421937708585497e-07,0.2952050663325171,196.05850081787963,0.671490073,0.108432129
38,2.793361111831271e-07,4.817360892244139e-07,2.793361111831271e-07,0.2867999199999475,188.03460690953264,0.639553428,0.108687341
37,2.6983754689765527e-07,4.618547368371588e-07,2.6983754689765527e-07,0.28320187072412345,184.4923979094523,0.62408638,0.108663917
37,2.450183685935074e-07,3.925050842975109e-07,2.450183685935074e-07,0.2728412063549362,157.07136568507877,0.549069881,0.108582728
37,2.3644705462136003e-07,3.7734961521827844e-07,2.3644705462136003e-07,0.26711165980675516,154.08842337334238,0.550666213,0.108599
38,2.5082540725834827e-07,4.0649469334020857e-07,2.5082540725834827e-07,0.2744978008188929,160.77894564258412,0.569361269,0.108667038
37,2.4450620870787657e-07,3.928427850943954e-07,2.4450620870787657e-07,0.27197994763527755,157.78972915386126,0.550314546,0.10851381
36,2.3121872716898007e-07,3.640552649481311e-07,2.3121872716898007e-07,0.265612656929092,150.67192352968053,0.53514272,0.108575404
37,2.266744616063228e-07,3.567929261696224e-07,2.266744616063228e-07,0.26159025208755854,148.6811887124706,0.533395648,0.108575508
37,2.23584057858957e-07,3.486352506914675e-07,2.23584057858957e-07,0.25901323681234684,145.23753916276422,0.525256991,0.108500451
37,2.649974326713742e-07,4.3573727762995183e-07,2.649974326713742e-07,0.28117564643611553,168.27753268451758,0.576756537,0.108643636
38,2.5570464221828473e-07,4.1792679440054616e-07,2.5570464221828473e-07,0.2764596460729513,164.4687453781937,0.568953097,0.108599663
38,2.485140672885402e-07,4.0503892130458493e-07,2.485140672885402e-07,0.2722395500641902,161.57687505713525,0.562580287,0.108651586
36,2.608914192098925e-07,4.3579460647097223e-07,2.608914192098925e-07,0.2798246247302468,173.03260364329924,0.596392274,0.108724505
38,2.499316700763378e-07,3.892394816672916e-07,2.499316700763378e-07,0.2666464101492079,140.67115734516318,0.585692585,0.108606331
36,2.2752809558453002e-07,3.524564357078222e-07,2.2752809558453002e-07,0.260415866953476,142.96921616701562,0.53303355,0.108560406
37,2.3300609356033144e-07,3.590612865997911e-07,2.3300609356033144e-07,0.260739232737439,140.52094148939736,0.524897873,0.108566575
36,2.4114632404749157e-07,3.7121222243967443e-07,2.4114632404749157e-07,0.2632415569365511,138.62279199846535,0.547646821,0.108570658
36,2.508048650465754e-07,3.8715925509017045e-07,2.508048650465754e-07,0.266393561341355,138.1582662706668,0.57353282,0.108608812
38,3.263759584349052e-07,5.177785099537085e-07,3.263759584349052e-07,0.28498719640616077,136.22539811267632,0.696211338,0.108693622
36,2.874169024130995e-07,4.488725415319596e-07,2.874169024130995e-07,0.27764164549334985,138.34234840261195,0.623211741,0.108556598
37,2.6649580830990204e-07,4.147692754401917e-07,2.6649580830990204e-07,0.2725908183652082,139.87922442478452,0.601368308,0.108507238
37,2.985604088983493e-07,4.6684114935900015e-07,2.985604088983493e-07,0.2789339895088211,136.32566948858948,0.613342464,0.108680278
36,3.7047988808815483e-07,6.016231129703414e-07,3.7047988808815483e-07,0.2939432994523336,136.66737974184315,0.72629571,0.108484253
37,3.40841074904513e-07,5.442499227638886e-07,3.40841074904513e-07,0.288266287185807,135.11058217188568,0.864298582,0.108600661
37,3.6625767892267383e-07,5.974203942886736e-07,3.6625767892267383e-07,0.2914415077306066,134.65072866246464,0.923249364,0.108602926
36,3.568025773634934e-07,5.724283605543838e-07,3.568025773634934e-07,0.29003115238621757,134.69148000089928,0.774104178,0.108565912
36,3.74657373763092e-07,6.055738446181314e-07,3.74657373763092e-07,0.29445892303131127,135.75293493704248,0.696074724,0.108500361
40,3.753251545194932e-07,6.081778687966748e-07,3.753251545194932e-07,0.2937051529420446,135.74286168656985,0.715477526,0.108641885
36,5.01106828784768e-07,8.533754397601366e-07,5.01106828784768e-07,0.3160253531547795,136.88604773299272,0.98932606,0.108640492
37,4.962475975954179e-07,8.41354546073869e-07,4.962475975954179e-07,0.31438142507644923,136.69615699125686,0.965004563,0.108665496
38,4.435249436028275e-07,7.335561978398822e-07,4.435249436028275e-07,0.30679217644112067,135.31169514632546,0.825610101,0.10864009
38,5.937502596035461e-07,1.0355680628284101e-06,5.937502596035461e-07,0.3304103875472274,140.06973546184275,1.01134861,0.108702481
37,5.522399248650798e-07,9.451885840000646e-07,5.522399248650798e-07,0.32374230047199476,137.0142561774915,1.01438117,0.108644389
38,3.863511053569017e-07,6.259268338199842e-07,3.863511053569017e-07,0.2972773679906187,135.4220722906786,0.73826015,0.10875982
39,3.97248569661039e-07,6.428390634894786e-07,3.97248569661039e-07,0.29732174868659095,133.67898452996354,0.750010073,0.108578414
39,1.0798152915142791e-06,1.9630137107152114e-06,1.0798152915142791e-06,0.3916643887410144,146.2070451340019,1.34806705,0.108787589
39,8.338529615252951e-07,1.50165811398903e-06,8.338529615252951e-07,0.35985446134282295,142.26579282859151,1.17587733,0.108729526
39,1.298908699387719e-06,2.3830287368925287e-06,1.298908699387719e-06,0.4104253215259672,146.32092636945953,1.37322831,0.108727865
42,7.711927807341045e-07,1.3930596688069148e-06,7.711927807341045e-07,0.3503255725653581,142.0877587112776,1.15560114,0.108682849
39,6.46241283366248e-07,1.1332823196825816e-06,6.46241283366248e-07,0.3376270131184663,140.17902289733718,1.03532124,0.108688757
38,6.706640151360835e-07,1.191688891882832e-06,6.706640151360835e-07,0.3376846087599417,140.02230653106938,1.1342504,0.108703688
38,3.193598336444464e-07,5.638892412669856e-07,3.193598336444464e-07,0.3003627286473406,201.35863337784335,0.703713298,0.108621523
41,5.36268016736113e-07,1.0289905352454692e-06,5.36268016736113e-07,0.34085123135000867,229.05955896056747,1.0184921,0.108588189
81,3.45513128995945e-05,7.644010155503811e-05,3.45513128995945e-05,1.667605656183581,308.6461234063791,6.95298052,0.114877909
110,0.0004752908634424469,0.001040417312697766,0.0004752908634424469,6.41663779638385,425.61928166174806,17.2361164,0.112515382
86,9.168770003035125e-05,0.00020970751723189425,9.168770003035125e-05,2.454898016561633,321.86102430907926,11.1943569,0.117953315
69,4.495804401510899e-06,1.0707304762417042e-05,4.495804401510899e-06,0.7092679449138012,286.0259434200966,4.32198048,0.108954206
72,7.382931273086519e-06,1.614091843917345e-05,7.382931273086519e-06,0.8980280053915282,286.98975520585634,4.39129877,0.110917017
42,1.4421258572928422e-06,2.914737752901257e-06,1.4421258572928422e-06,0.45229629539708854,247.50287062460495,1.44551373,0.10856922
42,9.448110570508734e-07,1.8890302977332188e-06,9.448110570508734e-07,0.3972138648875616,241.65082866050415,1.29114377,0.108507462
42,8.679084169403314e-07,1.7190610067060667e-06,8.679084169403314e-07,0.388901966600582,239.84628547766005,1.24001324,0.108588971
52,3.825455940831282e-06,7.855931079954991e-06,3.825455940831282e-06,0.6274223067734476,264.39176879717996,2.39043331,0.108487457
56,3.529331482391569e-06,7.545494980986271e-06,3.529331482391569e-06,0.6039303965346371,269.5172139116181,2.73228002,0.108581595
45,2.4429029521756916e-06,5.064544993323783e-06,2.4429029521756916e-06,0.5286203460162765,253.3941970627242,1.89621389,0.108363204
48,4.77285736993264e-06,1.0481836769771052e-05,4.77285736993264e-06,0.6271010503532123,255.805722307405,2.79093194,0.108472593
44,1.7641896109845498e-06,3.6140000085112607e-06,1.7641896109845498e-06,0.4770986390290774,248.76935118042812,1.69063771,0.108383067
50,3.6630312593589585e-06,7.5787794954977666e-06,3.6630312593589585e-06,0.6120911617268272,263.06759059919204,2.31809473,0.108497553
49,3.933954783422231e-06,8.243812765611988e-06,3.933954783422231e-06,0.6126294423745504,259.32973173983976,2.38334966,0.108459711
41,7.518655431286898e-07,1.4804005808364044e-06,7.518655431286898e-07,0.37271559467118626,236.81460876834734,1.13363993,0.108503357
39,6.163197571097684e-07,1.1896219329108674e-06,6.163197571097684e-07,0.35451552159918526,231.7082293609962,1.07636118,0.108445086
61,3.152284300455145e-06,7.367836520344978e-06,3.152284300455145e-06,0.580552734794215,275.389635911582,3.42876029,0.108785629
66,3.628970530172972e-06,8.521323880578571e-06,3.628970530172972e-06,0.6408077720111617,280.23547256884393,3.93051839,0.109049462
58,3.3013311965685837e-06,7.244156803009552e-06,3.3013311965685837e-06,0.5899321505686244,271.19921627552105,3.04985976,0.108701177
93,5.410324120320501e-06,9.97496727889182e-06,5.410324120320501e-06,1.490523908766602,316.8624662086009,4.60706139,0.103736639
93,5.126147277078452e-06,9.429823506914218e-06,5.126147277078452e-06,1.3642271388854812,295.51308013208416,4.15670156,0.104676813
45,3.0265011244686443e-06,9.175049947559363e-06,3.0265011244686443e-06,0.40118930114225215,176.34558162793923,5.24849463,0.110724658
41,6.2051790813917215e-06,1.7609645502922744e-05,6.2051790813917215e-06,0.3870419496582872,162.21210449655004,5.60665655,0.108725101
44,1.3364524277173547e-05,5.1475802581396644e-05,1.3364524277173547e-05,0.3906564248811785,164.1694627613419,17.4949036,0.1089902
41,3.946515519751966e-06,1.213663498315133e-05,3.946515519751966e-06,0.36444134664007244,167.42054720375327,6.24735403,0.109651975
50,9.319263122365559e-06,1.8189891049628815e-05,9.319263122365559e-06,0.8292592354776134,177.1912944995653,4.67290592,0.108604819
53,1.1450538991976058e-05,2.275795601714737e-05,1.1450538991976058e-05,0.8999802249365239,183.97029291834258,4.80000782,0.108829208
81,1.7292192625058204e-05,3.421083215565979e-05,1.7292192625058204e-05,1.4332941477028074,246.2275619517916,7.07007647,0.108806908
43,4.514922746714846e-06,8.486300013724243e-06,4.514922746714846e-06,0.6200437812862853,160.2075920037005,2.57220459,0.108565204
40,3.3105275550524606e-06,6.1492044099054525e-06,3.3105275550524606e-06,0.5612245295544909,157.38972989274515,1.9731108,0.108489692
44,5.3346078611666835e-06,9.962985020336526e-06,5.3346078611666835e-06,0.6675895360062924,162.2390520678543,2.67947555,0.108453803
45,7.063765805526623e-06,1.3456047813622708e-05,7.063765805526623e-06,0.7424113894686172,168.31113957900803,3.36205268,0.108424343
39,2.7256295089302405e-06,6.648061049688157e-06,2.7256295089302405e-06,0.35859858909556563,159.4104461741488,3.04837799,0.108797714
39,2.448636847247779e-06,4.53147109787117e-06,2.448636847247779e-06,0.5067554461135951,154.1032601064395,1.70037508,0.108650118
39,1.912520378390862e-06,3.5526213682697267e-06,1.912520378390862e-06,0.4655811220997606,152.29335530566553,1.56205988,0.108533509
39,4.835589041582755e-07,9.080360698300875e-07,4.835589041582755e-07,0.3343836895267189,223.34974516423102,0.921826839,0.10853339
40,4.261127571502789e-07,7.872868189271894e-07,4.261127571502789e-07,0.3225904715728261,218.86644775972275,0.850129306,0.108567216
39,4.040870552493617e-07,7.385344922158359e-07,4.040870552493617e-07,0.32038542682236304,215.65984021154455,0.802767336,0.108637877
41,3.731829997069706e-07,6.746412636813446e-07,3.731829997069706e-07,0.31175895357294325,210.68909575959768,0.775843024,0.108634219
41,3.32909477361648e-07,5.941493282064373e-07,3.32909477361648e-07,0.30148022322586104,204.82691087243217,0.732478261,0.108573526
38,2.6936846037772916e-07,4.548435513330385e-07,2.6936846037772916e-07,0.2839075448598994,179.89529755622394,0.595940888,0.108612761
38,2.5946468022798236e-07,4.3871191239393643e-07,2.5946468022798236e-07,0.2783161638870348,177.52679840689,0.587453902,0.108666785
38,2.937319350710673e-07,5.104569558505627e-07,2.937319350710673e-07,0.29160680903034275,192.85856624813303,0.647654712,0.108597726
37,2.825034311978703e-07,4.864162303249351e-07,2.825034311978703e-07,0.2875201128931229,188.3487688306482,0.630781233,0.108603574
38,3.0564120722821107e-07,5.357280859532494e-07,3.0564120722821107e-07,0.2955353334070837,197.2189195108656,0.670417011,0.108504623
38,2.729873444397455e-07,4.6672850537273825e-07,2.729873444397455e-07,0.28383448740523726,184.01612063976913,0.609270453,0.108563028
37,2.3636676387654644e-07,3.780744305464128e-07,2.3636676387654644e-07,0.2674788064779186,155.29299314104094,0.540103078,0.108593076
38,2.2988568142569155e-07,3.6551930695780964e-07,2.2988568142569155e-07,0.26408799970547564,152.91920516457463,0.529903531,0.108646922
39,2.347740371131449e-07,3.754170706075535e-07,2.347740371131449e-07,0.26560458633388145,154.864112463017,0.525847852,0.108486488
37,2.466669131430575e-07,3.969368562559346e-07,2.466669131430575e-07,0.27178911432782044,158.4771803912378,0.541917086,0.108498067
36,2.2453172101155227e-07,3.51904220439286e-07,2.2453172101155227e-07,0.26108120331793855,148.05957850284355,0.523025095,0.10863664
37,2.2411895140898182e-07,3.4932170018947977e-07,2.2411895140898182e-07,0.25934104894555593,145.46421422351168,0.522333086,0.108571529
38,2.2136980749057453e-07,3.4312647521523393e-07,2.2136980749057453e-07,0.2554457346904549,142.31752070984112,0.524647892,0.108559132
38,2.579539993780514e-07,4.277045178942463e-07,2.579539993780514e-07,0.2778569224550083,170.1060365240993,0.582574844,0.108677417
36,2.608671290863802e-07,4.27055135345232e-07,2.608671290863802e-07,0.27851948646822666,165.76368079367992,0.56115979,0.108564973
38,2.5300408203293723e-07,4.1230685828888493e-07,2.5300408203293723e-07,0.2738136635603664,162.65612093900174,0.551472425,0.108569562
38,2.563117696875534e-07,4.29398658509682e-07,2.563117696875534e-07,0.2760286689082102,173.43522080102744,0.5738644,0.108745888
37,2.2032458965187028e-07,3.4035665473835793e-07,2.2032458965187028e-07,0.25514618239451975,140.85298014420025,0.524759471,0.108597569
37,2.3101078165604573e-07,3.555408656344148e-07,2.3101078165604573e-07,0.25833673687576336,138.64362079207487,0.522094131,0.108563468
38,2.3636836418078744e-07,3.6387461054877865e-07,2.3636836418078744e-07,0.25896628330855737,137.15344676308175,0.543073356,0.108591549
36,2.575367345990377e-07,3.9592147580318726e-07,2.575367345990377e-07,0.26686802610441074,135.96887931918832,0.575100899,0.108626209
37,2.6720406513832745e-07,4.122832632686764e-07,2.6720406513832745e-07,0.27133365492661393,136.86595608339556,0.59284097,0.108567916
37,3.0957727778915743e-07,4.837422597848137e-07,3.0957727778915743e-07,0.2803424763436472,134.6088231777028,0.624190807,0.108670719
37,3.1851840539040543e-07,4.98728509131671e-07,3.1851840539040543e-07,0.28215760926043937,133.6240451293189,0.718455851,0.108625717
37,2.8797178945595374e-07,4.490844599685171e-07,2.8797178945595374e-07,0.27737958287827336,137.18775907225543,0.619527578,0.108626932
37,2.918546391557542e-07,4.527402253186425e-07,2.918546391557542e-07,0.2761123270490773,134.6463499853485,0.607825816,0.108618252
37,3.35896168676904e-07,5.348691941098149e-07,3.35896168676904e-07,0.28392732037212887,133.1402955993863,0.778419554,0.108636804
37,3.3806854617682493e-07,5.359152634618572e-07,3.3806854617682493e-07,0.2850843309582865,132.19191420016884,0.894213259,0.108639404
36,3.5510651178507376e-07,5.659099533234053e-07,3.5510651178507376e-07,0.28973969482133793,133.51445602913012,0.732297719,0.108680248
36,3.6250430728825926e-07,5.782046994872232e-07,3.6250430728825926e-07,0.2906622018182778,133.1807102576736,0.684881091,0.108561024
38,4.660618361373601e-07,7.780080015344598e-07,4.660618361373601e-07,0.30929331342713196,134.9289967995474,0.916446745,0.108750328
38,5.326546513939337e-07,9.088756252601742e-07,5.326546513939337e-07,0.3181503782680047,134.78167027021013,1.04617286,0.108653091
38,4.2538856364927145e-07,6.952438455338896e-07,4.2538856364927145e-07,0.3019172470407232,133.159644163449,0.79969734,0.108652934
38,5.453298642483282e-07,9.313324420667557e-07,5.453298642483282e-07,0.3213219575364869,136.19045439686678,0.950755239,0.108684219
38,3.5953024079584586e-07,5.725168624275301e-07,3.5953024079584586e-07,0.2898613061596148,132.7512284160971,0.70208329,0.108530022
37,3.8231114951846937e-07,6.132170720709537e-07,3.8231114951846937e-07,0.2949707915540862,132.59704614655737,0.720617414,0.108502395
40,9.501580980690425e-07,1.7044400470835986e-06,9.501580980690425e-07,0.3752262477935514,142.54753399171278,1.31596196,0.108699001
39,8.122389564075143e-07,1.4513526463540936e-06,8.122389564075143e-07,0.35587725266763254,139.93040350353647,1.23300123,0.108733669
39,7.289446839682729e-07,1.2988408858755557e-06,7.289446839682729e-07,0.3447196795944048,139.16487647172193,1.15735352,0.108742818
38,1.3049890802942444e-06,2.402351360094657e-06,1.3049890802942444e-06,0.4085641972667634,145.22721873338048,1.40024006,0.108571827
39,1.677454121758665e-06,3.0820219360628632e-06,1.677454121758665e-06,0.4460929212836836,148.85322145695906,1.47677815,0.108657666
39,1.1199205873928821e-06,2.0287015532651867e-06,1.1199205873928821e-06,0.39304586483805337,142.86023412990764,1.31389606,0.108602792
39,6.187317915118881e-07,1.0814697731128526e-06,6.187317915118881e-07,0.3294144557765901,137.51194587029116,1.07562613,0.108831227
39,4.970761866430718e-07,9.386746239698273e-07,4.970761866430718e-07,0.33515569007713497,224.9733003197177,0.93139267,0.108466774
75,2.4099403912075015e-05,5.2310459423680474e-05,2.4099403912075015e-05,1.424898061162996,297.4056669447417,5.79716253,0.113493696
83,0.00014530112079556113,0.00033058855221325417,0.00014530112079556113,3.0373492996869276,331.5151617069525,12.7215147,0.118030161
105,0.00048811562623700877,0.0010511869278376318,0.00048811562623700877,6.467775282389106,418.8336149549301,16.427866,0.11135944
68,6.112953316816565e-06,1.323326907725541e-05,6.112953316816565e-06,0.8199981142208728,282.6958247918799,3.85139298,0.110080972
67,6.77713268741705e-06,1.4500849926595842e-05,6.77713268741705e-06,0.8574955653048786,280.4824929983688,3.7371912,0.110408105
42,1.2614392289839578e-06,2.5383236445632504e-06,1.2614392289839578e-06,0.4321164382797792,244.81028695040072,1.41175544,0.108425416
42,9.445109333651923e-07,1.8803127306893292e-06,9.445109333651923e-07,0.3965280730101167,240.9979143752568,1.26505911,0.108484447
42,6.939700958731046e-07,1.3586950491644942e-06,6.939700958731046e-07,0.3627656534167984,234.61768389101937,1.11128676,0.108486317
51,3.7103927404051346e-06,7.911128184091345e-06,3.7103927404051346e-06,0.609565727477208,264.98335311763475,2.77167463,0.108497702
45,2.2032112754876494e-06,4.56938701745556e-06,2.2032112754876494e-06,0.5059608767216266,251.23196456032238,1.78018212,0.108535998
46,4.451950004604534e-06,9.727637556003517e-06,4.451950004604534e-06,0.6127242091206075,254.86529499535808,2.64332724,0.108496957
44,1.5426557539008576e-06,3.1656399218966065e-06,1.5426557539008576e-06,0.45411141671921795,246.50378828193132,1.58121276,0.10859517
52,3.7133859313536746e-06,7.908133288630764e-06,3.7133859313536746e-06,0.602145781333829,261.75178107281835,2.70023584,0.108452901
48,3.907574400536503e-06,8.278721680792186e-06,3.907574400536503e-06,0.6015907667805436,256.5590393050949,2.41459465,0.108421214
40,5.526966979372988e-07,1.0507579638405326e-06,5.526966979372988e-07,0.3442083497760018,228.390562246901,0.992489815,0.108446516
63,2.865839644149107e-06,6.66003666383546e-06,2.865839644149107e-06,0.5506558279983554,271.3185456338462,3.34670472,0.108725324
66,3.3266555535153127e-06,7.926405159664794e-06,3.3266555535153127e-06,0.6081678632698877,276.1426997473208,3.62376165,0.109196275
52,3.65559258008664e-06,8.08004322570546e-06,3.65559258008664e-06,0.5933366848648987,266.8704066339472,2.74970245,0.108570196
335,5.913779679840301e-05,0.00010537989544676425,5.913779679840301e-05,6.850260846296194,837.4664994099759,6.08787584,0.110842392
88,5.6026945092441175e-06,1.1008297484759877e-05,5.6026945092441175e-06,1.3359498322821808,285.46751585667175,4.71694279,0.105563
40,4.8827681999540865e-06,1.346294893267199e-05,4.8827681999540865e-06,0.3776208945758541,160.9255624353604,4.99769306,0.108645558
37,3.939604382672628e-06,1.1293045079180394e-05,3.939604382672628e-06,0.35564483515325346,160.53092950785623,4.9314971,0.10920909
43,3.3645532875324902e-06,9.655226659177756e-06,3.3645532875324902e-06,0.38137627987334566,166.76683078041233,4.72665405,0.110179685
49,8.487812306215068e-06,1.6363573753136292e-05,8.487812306215068e-06,0.8040522052131613,174.82390567327454,3.76007247,0.10858658
50,9.907952978474611e-06,1.949691483758058e-05,9.907952978474611e-06,0.8517242472867265,179.01931539199657,4.33024406,0.108814567
57,1.2276760381467203e-05,2.4491020131330474e-05,1.2276760381467203e-05,0.9624086590962553,190.61033882611497,4.82958412,0.108740762
78,1.1548453179737131e-05,2.1789047563649648e-05,1.1548453179737131e-05,1.2035642653205718,227.13466758891613,4.9466815,0.108972482
42,3.3707898109219e-06,6.2067817441382555e-06,3.3707898109219e-06,0.5643028756520758,154.8797262876575,2.02993917,0.108460262
43,4.535257654175767e-06,8.38240674426863e-06,4.535257654175767e-06,0.6286404442432965,158.41964781827463,2.31638193,0.108515598
40,2.5261574239453424e-06,4.654540306067942e-06,2.5261574239453424e-06,0.5104710729331698,152.74865049337035,1.76373124,0.108514026
45,5.779411349397417e-06,1.0771900127360453e-05,5.779411349397417e-06,0.6914971798777896,162.74040754127566,2.84375477,0.108551487
45,7.51823713802205e-06,1.4389190899384827e-05,7.51823713802205e-06,0.7610773629410944,169.11535857157435,3.66456413,0.108435452
40,2.1070592468055947e-06,5.211536896155089e-06,2.1070592468055947e-06,0.3309379968106226,157.16649634471713,2.892699,0.109063998
40,2.086198685213064e-06,3.840471334595301e-06,2.086198685213064e-06,0.4782433438566615,149.95731470096302,1.62508714,0.108792372
39,3.983549220978591e-07,7.259633625063816e-07,3.983549220978591e-07,0.31881237109174987,214.50155242715914,0.807848394,0.108610883
40,4.2054226061394634e-07,7.779757174948935e-07,4.2054226061394634e-07,0.31914880429588877,218.3011232119882,0.832758904,0.108649485
40,3.538716985832643e-07,6.355384362913565e-07,3.538716985832643e-07,0.307056140880023,207.73597377027315,0.745143712,0.108658709
40,3.1141414394321936e-07,5.538995651699349e-07,3.1141414394321936e-07,0.2938026505272226,200.82065070791845,0.687273741,0.108556114
38,3.0484056822639085e-07,5.3723502103631e-07,3.0484056822639085e-07,0.2939514874884683,198.1590534410426,0.679510891,0.108568221
38,2.640409405607872e-07,4.5067437094989395e-07,2.640409405607872e-07,0.2784899668073407,181.43581722125356,0.59506017,0.10851974
39,2.623288024807149e-07,4.429674470023616e-07,2.623288024807149e-07,0.2770439030158103,177.03047056897435,0.578170836,0.108542949
38,2.914679462562919e-07,5.075273268218528e-07,2.914679462562919e-07,0.28841193709353463,192.47741684291177,0.636879504,0.108583115
38,2.824728738929393e-07,4.881876675257437e-07,2.824728738929393e-07,0.28498722984294717,188.4475196939528,0.621382713,0.108561516
37,2.7851304990879686e-07,4.741939822952745e-07,2.7851304990879686e-07,0.2854350863063115,183.25556306338171,0.59556818,0.108515911
36,2.3145953513993015e-07,3.667965252256804e-07,2.3145953513993015e-07,0.2651576412207114,152.42724472183957,0.526762187,0.108555898
37,2.270665347476432e-07,3.578222332469656e-07,2.270665347476432e-07,0.2626235417260977,150.46100684096533,0.527299404,0.108488202
38,2.3727710581290112e-07,3.8020795085954205e-07,2.3727710581290112e-07,0.26631945527877665,155.62913408388107,0.530257821,0.10851942
38,2.32009154654892e-07,3.694314247499238e-07,2.32009154654892e-07,0.26347523027452024,153.02852784627265,0.536676526,0.108521484
37,2.2448873693867205e-07,3.5604701423296274e-07,2.2448873693867205e-07,0.2588270373179052,150.62352232571973,0.533969343,0.108471997
37,2.436027174335294e-07,3.9399307390522705e-07,2.436027174335294e-07,0.2694514355456406,158.97937916294345,0.539873481,0.108516991
36,2.223015376307306e-07,3.473361935218603e-07,2.223015376307306e-07,0.25848099007469755,146.53893356896066,0.528214633,0.108626612
36,2.215817771066302e-07,3.4551391811767215e-07,2.215817771066302e-07,0.2584889391567862,145.85839794830676,0.523932397,0.108642682
35,2.171577237585771e-07,3.3629790502468655e-07,2.171577237585771e-07,0.2537678978761723,141.8468116752014,0.529254198,0.108534887
37,2.5837536099270654e-07,4.262515818668754e-07,2.5837536099270654e-07,0.27810847946180606,168.61681870344833,0.563357115,0.108625852
36,2.5472480796596216e-07,4.169299089872727e-07,2.5472480796596216e-07,0.27475603343351723,164.26641148909962,0.545848727,0.108606048
37,2.525098945337082e-07,4.094945513749008e-07,2.525098945337082e-07,0.27284449267516375,160.79429373225742,0.537507117,0.108526424
37,2.579926399488449e-07,4.3012539009659125e-07,2.579926399488449e-07,0.2774746319896973,172.68842368356596,0.562872171,0.108628668
37,2.2188500687047305e-07,3.415096462685791e-07,2.2188500687047305e-07,0.25383033226607454,138.71722708171052,0.529273868,0.108593158
37,2.3558902408245883e-07,3.606029056238669e-07,2.3558902408245883e-07,0.2580574110447626,136.33736812575938,0.529467702,0.108594127
39,2.4189637554808945e-07,3.711571720711658e-07,2.4189637554808945e-07,0.25867769244231725,134.8334017737164,0.539829195,0.108614661
37,2.5272956179516696e-07,3.8697702503234676e-07,2.5272956179516696e-07,0.2648936525025695,135.5275339033314,0.560723722,0.108620942
37,2.6511987668644827e-07,4.0629027403269654e-07,2.6511987668644827e-07,0.26768346190772574,134.36725709153538,0.576381147,0.10858158
36,2.8046551073711183e-07,4.321866923275282e-07,2.8046551073711183e-07,0.27459001172660275,135.37611127061263,0.60342133,0.108651146
36,2.8120491315957856e-07,4.3327268802418514e-07,2.8120491315957856e-07,0.2737399267574826,134.30913579348757,0.59942013,0.108632982
36,2.992967535758531e-07,4.635656310159941e-07,2.992967535758531e-07,0.2778903368374559,133.11656146940544,0.624074638,0.108577028
36,3.0243734025667506e-07,4.672457206206043e-07,3.0243734025667506e-07,0.2772382349662049,131.54157586489757,0.624521673,0.108603977
38,3.0971741790565255e-07,4.791629394737687e-07,3.0971741790565255e-07,0.2780883809506646,130.40424421129325,0.73839736,0.108673602
38,2.878944130595584e-07,4.4306001254425794e-07,2.878944130595584e-07,0.2732260829064962,132.43156594629284,0.600267828,0.10860268
37,3.2189895954318436e-07,5.034719472891726e-07,3.2189895954318436e-07,0.2805221675566447,130.45385921391198,0.836066961,0.10866259
36,3.337273858751138e-07,5.262074887572648e-07,3.337273858751138e-07,0.2833878014521041,131.041713675129,0.781473815,0.108624212
37,3.351244894537682e-07,5.251062592372014e-07,3.351244894537682e-07,0.2837052982496463,131.15993384707994,0.646938384,0.108743735
38,3.3947234342180995e-07,5.33373263770569e-07,3.3947234342180995e-07,0.28421837262758093,131.16801585708333,0.665585518,0.108570464
38,4.3930970046283495e-07,7.181856113491211e-07,4.3930970046283495e-07,0.30414487610448687,132.29157226524808,0.831375718,0.108685128
37,4.5917441925194126e-07,7.569715787933647e-07,4.5917441925194126e-07,0.3077063922100723,132.93107706866994,0.842550397,0.108661257
38,5.270502128586557e-07,8.946077350698047e-07,5.270502128586557e-07,0.31713135762397704,133.84156383751284,1.03531528,0.108682387
37,3.963756898918333e-07,6.346420409170912e-07,3.963756898918333e-07,0.2960375891982971,130.82168617834742,0.723946571,0.108598121
37,5.010087506738454e-07,8.352389580604566e-07,5.010087506738454e-07,0.3143135607523359,133.38271611704562,0.894709587,0.108715676
38,5.610423027119365e-07,9.501079364602895e-07,5.610423027119365e-07,0.32407152617175955,134.5477157089213,0.956671774,0.108692028
39,3.5396161530572565e-07,5.587789323767941e-07,3.5396161530572565e-07,0.28685391815126193,130.82784793793078,0.682501435,0.108504198
38,3.729573799069159e-07,5.872239147776298e-07,3.729573799069159e-07,0.2922560605341067,130.0228950493429,0.685034454,0.108605407
39,8.503826267007008e-07,1.5082054412547233e-06,8.503826267007008e-07,0.3614074747885549,139.76871834843462,1.19593704,0.108714104
39,7.098653355714494e-07,1.2380704688150152e-06,7.098653355714494e-07,0.3434874089338857,137.24264596964645,1.07651162,0.10865692
38,6.807739893813463e-07,1.1878022639661907e-06,6.807739893813463e-07,0.33944629414565786,137.13280498187126,1.04973996,0.108798303
40,1.5519727068108026e-06,2.8499109296012326e-06,1.5519727068108026e-06,0.4322332546106511,146.43115499593603,1.48076284,0.108685121
40,1.3474977982583311e-06,2.456034079266666e-06,1.3474977982583311e-06,0.4115980460113562,142.91098817835734,1.39945674,0.108640678
39,1.001436905707413e-06,1.7996030559608836e-06,1.001436905707413e-06,0.3772908592086467,139.40786472780712,1.26550388,0.108544804
39,5.886451339640407e-07,1.0123139175285344e-06,5.886451339640407e-07,0.32445859800125176,135.13262151396512,0.999758661,0.108770758
39,5.538124735235819e-07,9.351051937006743e-07,5.538124735235819e-07,0.32152797175889924,134.10160482399368,1.00575423,0.108647756
40,4.753172812078109e-07,8.907296693574481e-07,4.753172812078109e-07,0.3294235408632454,223.0660333747237,0.89495635,0.108548068
75,3.360947510424725e-05,7.365150436047059e-05,3.360947510424725e-05,1.5960154461610276,298.37390883765136,6.17837334,0.114217296
88,0.00031207948956434636,0.0006903687000150946,0.00031207948956434636,4.5750682064509265,364.4344729077325,15.1248598,0.114275865
102,0.00045313888166139717,0.0009685862638227658,0.00045313888166139717,6.278716623815024,417.1684485360987,14.3067131,0.109579556
62,3.510756947362813e-06,8.050957093299743e-06,3.510756947362813e-06,0.6397996161955036,275.17297732238944,3.61982608,0.109413214
67,8.923804763508723e-06,1.9065503652570673e-05,8.923804763508723e-06,0.9257584301395192,277.81398309209254,3.5577054,0.110700935
42,1.1915112905040628e-06,2.393028963739022e-06,1.1915112905040628e-06,0.4233982811745867,243.18261486423415,1.36619663,0.10840176
43,8.847359684368867e-07,1.7533581660942181e-06,8.847359684368867e-07,0.3884759414936159,239.3790611600054,1.23037803,0.108451575
41,7.701330128701648e-07,1.5075897251852468e-06,7.701330128701648e-07,0.37490848886264927,236.05975468903875,1.14202166,0.108529352
39,6.346510283676581e-07,1.222245447401374e-06,6.346510283676581e-07,0.3560133405917498,231.3380035256555,1.02588677,0.108392537
54,3.6181069019438764e-06,8.193859587373997e-06,3.6181069019438764e-06,0.5713829913330298,264.24946859858886,3.19612694,0.108553313
45,2.4780153007637152e-06,5.228766594534719e-06,2.4780153007637152e-06,0.5181401931923653,250.70105661742957,2.01251578,0.108599491
48,4.076686340205581e-06,8.903114475984149e-06,4.076686340205581e-06,0.5916769922887266,253.3685619322089,2.51402378,0.108503632
43,1.439088638852716e-06,2.9166801041217637e-06,1.439088638852716e-06,0.44692572965888816,244.00596321535917,1.53635454,0.108624145
50,3.77523292164248e-06,8.531418407948071e-06,3.77523292164248e-06,0.5761867795455636,259.6057065719999,3.22781086,0.10846357
53,3.2901541619320394e-06,7.012571870485599e-06,3.2901541619320394e-06,0.5658819443039609,256.60088760095255,2.28551149,0.108479135
47,3.8836459279457096e-06,8.385677214773044e-06,3.8836459279457096e-06,0.5857822651552594,253.475915778937,2.33045244,0.108454593
41,5.293612434232019e-07,1.005341775499607e-06,5.293612434232019e-07,0.33714592170118274,226.7913695727504,0.961721182,0.108422928
62,2.7374121829081398e-06,6.480977697419579e-06,2.7374121829081398e-06,0.5363143170073543,270.25361142751973,3.29016542,0.108790159
57,3.0164962441048125e-06,6.850207991583468e-06,3.0164962441048125e-06,0.5496345913568927,267.277598733277,3.15245342,0.108705692
89,5.751239269314192e-06,9.992512200038866e-06,5.751239269314192e-06,1.239630086695109,266.1282372600456,3.13594413,0.113092102
92,7.691993358511904e-06,1.5510758901492137e-05,7.691993358511904e-06,1.5847077182207376,299.58317722004375,5.83722639,0.102182314
92,6.363358510715356e-06,1.2877667218896829e-05,6.363358510715356e-06,1.338961798205587,273.84476039103146,4.95787048,0.108249761
100,9.716203867618453e-06,1.576235196987717e-05,9.716203867618453e-06,1.7317974303753743,306.30477578941003,3.19710922,0.110347874
80,7.575168323494647e-06,1.3538445520165176e-05,7.575168323494647e-06,1.1685198101762664,248.96068657366433,3.2475059,0.109586552
50,8.346601309168217e-06,1.621126569707552e-05,8.346601309168217e-06,0.7920899871911324,171.91588532786855,3.84324098,0.10862387
52,9.935989400096136e-06,1.9443894408679782e-05,9.935989400096136e-06,0.8620421352211592,179.83044953235606,3.91329336,0.108730413
82,1.0482674867287266e-05,1.8905543149836044e-05,1.0482674867287266e-05,1.2529447827220281,230.54586471730482,4.22212982,0.10887412
86,7.530714492089448e-06,1.3329296344196465e-05,7.530714492089448e-06,1.0860397874212624,223.97914364337564,3.23442054,0.109121911
42,3.2714010509765836e-06,5.994793628777905e-06,3.2714010509765836e-06,0.5567121561952098,152.63024927514653,2.10629606,0.108451962
40,2.591647107308077e-06,4.7359729546432995e-06,2.591647107308077e-06,0.5155126125180709,150.8575398562874,1.69735301,0.108529285
43,4.192715306065287e-06,7.715355398926866e-06,4.192715306065287e-06,0.6086837336354465,155.998606355145,2.24846673,0.108457237
41,2.0853019616257473e-06,3.821586268389336e-06,2.0853019616257473e-06,0.47743001481073144,149.20966744646634,1.65612102,0.108663067
46,4.8395396742759995e-06,8.885919694417408e-06,4.8395396742759995e-06,0.6458321163252865,157.89995730322255,2.55258274,0.108665869
45,5.877087963373295e-06,1.097493774992495e-05,5.877087963373295e-06,0.6952594961838576,162.6603089630924,3.03632021,0.108601451
47,7.064776795998319e-06,1.3437492335805397e-05,7.064776795998319e-06,0.7467427599050812,167.62827815767648,3.40058589,0.108411968
40,3.751442981980868e-07,6.833913736916314e-07,3.751442981980868e-07,0.3093051344428662,212.26047952204098,0.78315109,0.10881383
40,4.220732142239228e-07,7.79017984747008e-07,4.220732142239228e-07,0.318937345119549,217.67160953959382,0.827248812,0.10862378
41,3.995102626811158e-07,7.327103055998651e-07,3.995102626811158e-07,0.31382604496570027,215.077606715342,0.806613564,0.108697146
41,3.508246636062238e-07,6.308532742429396e-07,3.508246636062238e-07,0.30477636272292863,207.3326771543566,0.742461979,0.108608954
41,3.2921385537167766e-07,5.90309423544798e-07,3.2921385537167766e-07,0.29702972255288235,203.87338396618705,0.716472805,0.108560912
38,3.130527481472333e-07,5.543560178084863e-07,3.130527481472333e-07,0.2929749643810072,199.26257343556745,0.68164587,0.108554088
38,2.998907128983851e-07,5.260362607100305e-07,2.998907128983851e-07,0.29033691014989627,194.68018779058804,0.652577758,0.10859216
40,2.6314825333174367e-07,4.4715606731067307e-07,2.6314825333174367e-07,0.27700692437227636,179.6948943195983,0.58247906,0.108465061
38,2.595072941906421e-07,4.362411240545839e-07,2.595072941906421e-07,0.2754251031362257,174.3799920952912,0.566512465,0.108472615
38,2.810479772747212e-07,4.8726300912267e-07,2.810479772747212e-07,0.28404696746380426,188.89626530416658,0.616026163,0.108574271
37,2.800343111273338e-07,4.786153496396823e-07,2.800343111273338e-07,0.28461384428552194,183.3947362441394,0.593300581,0.108583026
39,2.6166573073185363e-07,4.465923776182061e-07,2.6166573073185363e-07,0.274496914498902,178.6769591484838,0.575461507,0.108594969
37,2.2023045056968238e-07,3.4682269892487297e-07,2.2023045056968238e-07,0.25693345670125833,148.24396061898983,0.5311324,0.108514056
36,2.38167529184043e-07,3.839535229316087e-07,2.38167529184043e-07,0.2662865940121334,156.6330229137977,0.534711301,0.108544648
36,2.2584243908139722e-07,3.5814576768469894e-07,2.2584243908139722e-07,0.25914513852276655,150.21960996592006,0.538141966,0.108673528
38,2.333555278983036e-07,3.7312958569227615e-07,2.333555278983036e-07,0.2636715908879473,153.67238250546242,0.545500457,0.108623482
35,2.176383683135063e-07,3.401371518769922e-07,2.176383683135063e-07,0.2556922726983907,145.9379276649953,0.536135554,0.108567931
36,2.1685095792797144e-07,3.367727156614818e-07,2.1685095792797144e-07,0.254656881544669,143.5577192808266,0.53058213,0.108530208
37,2.1524456193848372e-07,3.331558232009944e-07,2.1524456193848372e-07,0.25105817785930734,140.56771335016532,0.536263347,0.108619004
37,2.1834333315187314e-07,3.363225010569324e-07,2.1834333315187314e-07,0.25294799570432164,139.45966019745194,0.537479341,0.10856843
37,2.56044125390057e-07,4.2465254241560925e-07,2.56044125390057e-07,0.2757918892934452,170.0943543948608,0.553651869,0.10858272
37,2.567362396749686e-07,4.215196618723277e-07,2.567362396749686e-07,0.27513779104574637,165.74276019838587,0.54916805,0.108636506
37,2.5175938331863263e-07,4.098826446505977e-07,2.5175938331863263e-07,0.2719921243586586,161.47491143530726,0.542990386,0.108627759
37,2.4393562256089574e-07,3.9605931975725114e-07,2.4393562256089574e-07,0.2667716063217395,158.5002245898912,0.543465912,0.108575992
37,2.581887701678924e-07,4.2810892270662807e-07,2.581887701678924e-07,0.2764038571776341,170.1144507215981,0.550105214,0.108544372
37,2.2546827994588317e-07,3.4610760277040675e-07,2.2546827994588317e-07,0.25357067734332434,137.20386674370488,0.535927653,0.108562723
37,2.2809153201324548e-07,3.503237860400014e-07,2.2809153201324548e-07,0.2527635385952913,135.57787746105186,0.54003948,0.108543165
37,2.36964857703536e-07,3.6229310592286424e-07,2.36964857703536e-07,0.2564805482602374,134.1330052181004,0.533336997,0.108591251
38,2.498656927485939e-07,3.8167764320949633e-07,2.498656927485939e-07,0.2602310437831017,132.71659502153605,0.545189023,0.108626582
37,2.6941958121473037e-07,4.11516778204575e-07,2.6941958121473037e-07,0.26927557342120656,133.13708069315766,0.578785419,0.108552031
36,2.636762780277158e-07,4.007069259244038e-07,2.636762780277158e-07,0.2664705491155204,131.73252527322708,0.56373316,0.108594596
37,2.943306058793494e-07,4.5117041408254945e-07,2.943306058793494e-07,0.27383108412178675,129.71796599878968,0.606340706,0.108607627
36,2.871785725397171e-07,4.3798011753860587e-07,2.871785725397171e-07,0.2731902964238444,130.68362409591396,0.594941378,0.108573765
37,3.115538646337451e-07,4.830991864927438e-07,3.115538646337451e-07,0.2765528578985747,128.64955507912188,0.72602874,0.108583137
37,3.129323882147458e-07,4.836530236875762e-07,3.129323882147458e-07,0.276765566163469,128.4545391343923,0.832028389,0.108610965
38,2.784997109406498e-07,4.2633913262118375e-07,2.784997109406498e-07,0.2699051629601401,131.68971136650796,0.588017523,0.108597063
37,3.218576560442999e-07,4.997051649291082e-07,3.218576560442999e-07,0.28038595284374385,129.48497902589878,0.76441896,0.108650655
37,3.295975707439307e-07,5.111235886453994e-07,3.295975707439307e-07,0.2818457422690593,129.34011822268656,0.635641456,0.108677052
36,3.3114669310654385e-07,5.173570519634998e-07,3.3114669310654385e-07,0.2822356717366018,130.33265187165568,0.647619903,0.108723328
36,3.3287537377824704e-07,5.155184588615786e-07,3.3287537377824704e-07,0.2822618433255969,128.31797092974142,0.645459652,0.109035678
37,4.2379553662700987e-07,6.84132270664574e-07,4.2379553662700987e-07,0.3008003567328134,130.7857711518917,0.76937139,0.108826295
37,4.5419659213968516e-07,7.409619113379188e-07,4.5419659213968516e-07,0.30635366870542896,130.9717225188948,0.922873378,0.108758971
37,4.761952572872841e-07,7.838860084971541e-07,4.761952572872841e-07,0.30901612465355427,131.35697790270896,0.904706895,0.108721122
36,4.0517505985214273e-07,6.448627471815735e-07,4.0517505985214273e-07,0.297685750938646,129.0099288834259,0.804255605,0.108790331
38,5.078888515753372e-07,8.405980926675149e-07,5.078888515753372e-07,0.314293593450359,131.94503176485256,0.914878666,0.108788714
36,4.81065829411092e-07,7.851794700219446e-07,4.81065829411092e-07,0.3100702410532027,129.69307346037795,0.894709647,0.108752415
37,3.504387985056084e-07,5.469348155803973e-07,3.504387985056084e-07,0.2863793405832649,128.76824149333964,0.664700568,0.108854271
37,3.699310373011006e-07,5.793085290869187e-07,3.699310373011006e-07,0.28957056583906876,127.83620909217755,0.671794474,0.108781546
37,7.78118052259907e-07,1.35525972894635e-06,7.78118052259907e-07,0.3532830901039153,136.5628226699967,1.13216674,0.108567975
38,6.617779632262573e-07,1.13352125091247e-06,6.617779632262573e-07,0.33781709545988087,134.77182402526,1.0524267,0.108733945
40,1.6426013618223768e-06,3.004444263693742e-06,1.6426013618223768e-06,0.43953862769259155,145.87046628311023,1.55761385,0.108716831
39,1.0314614965356838e-06,1.8566728104098348e-06,1.0314614965356838e-06,0.3781640489212788,139.21339315799142,1.25574088,0.108439602
41,1.422749485382113e-06,2.590765751785187e-06,1.422749485382113e-06,0.4185588335740536,142.82248708474316,1.48698843,0.108618148
40,1.1986646154105422e-06,2.1569927811738017e-06,1.1986646154105422e-06,0.39603361605901144,139.47746972484575,1.30844223,0.108553849
39,5.617799064295211e-07,9.423585360161671e-07,5.617799064295211e-07,0.3230433690853999,132.66637198776775,0.945080578,0.108723477
39,4.6484123206794977e-07,8.693772446682862e-07,4.6484123206794977e-07,0.32635962788768036,222.00285366184926,0.886434734,0.108466826
74,4.008504877813695e-05,8.887162667054928e-05,4.008504877813695e-05,1.6623985645114103,296.21102326381595,6.52918386,0.11491707
83,0.00015172039352074493,0.00033831233389567094,0.00015172039352074493,2.987972415737284,319.6467671211934,10.77425,0.116282769
94,0.0002788088581578641,0.0006111506611436424,0.0002788088581578641,4.5949643167398255,373.8614898320015,12.1243477,0.110347688
62,3.1898006490499835e-06,7.421608673538942e-06,3.1898006490499835e-06,0.5916380853998269,270.0011754828355,3.55382919,0.109089516
64,6.438644928882214e-06,1.3693140035686662e-05,6.438644928882214e-06,0.8128269866267466,273.4731797336559,3.61179376,0.110031039
72,2.303103936882702e-05,5.0977179092236365e-05,2.303103936882702e-05,1.2526213754414945,280.1338647892989,4.94080019,0.111495025
44,9.94044907557601e-07,1.9787415932595874e-06,9.94044907557601e-07,0.39898984385479286,239.6964899043114,1.26097775,0.108428776
43,7.700055951346967e-07,1.5063463526864415e-06,7.700055951346967e-07,0.37286706424717814,236.1480374138973,1.14900923,0.108460955
41,6.758612193657546e-07,1.3085712742227346e-06,6.758612193657546e-07,0.36015729466746504,232.32390041308264,1.0303477,0.108468093
40,5.575016780256901e-07,1.0625523069510793e-06,5.575016780256901e-07,0.34166335244990015,228.04358776904687,0.968215168,0.10849946
54,2.7197311924671205e-06,6.037628372050079e-06,2.7197311924671205e-06,0.5225528020804213,261.73188005496087,2.53036761,0.108688384
46,2.131492745955435e-06,4.468915123909045e-06,2.131492745955435e-06,0.49431797377958625,248.54697063405595,1.90593076,0.108536869
48,3.5877482843820074e-06,7.925904249520872e-06,3.5877482843820074e-06,0.5582458358098004,250.6692596715122,2.50881791,0.108439207
45,1.4388008059259937e-06,2.948076087212987e-06,1.4388008059259937e-06,0.44091698973093885,243.88186506022055,1.5358088,0.108416513
44,1.0041811422051292e-06,1.9976454867063604e-06,1.0041811422051292e-06,0.4008668962607642,238.9253106508027,1.25156856,0.108505279
52,3.283157605776718e-06,7.5925329572889794e-06,3.283157605776718e-06,0.5400898278809596,258.85791090039385,3.05550694,0.108607523
50,3.0615516578489256e-06,6.491291627074706e-06,3.0615516578489256e-06,0.5504415832318257,254.12087141414068,2.18148637,0.108611107
49,3.275356456815367e-06,7.090443669910436e-06,3.275356456815367e-06,0.5480748121737532,250.64369100910255,2.30287075,0.108461551
58,2.3963640099662844e-06,5.60363465130436e-06,2.3963640099662844e-06,0.5096369441497774,264.85808259050367,3.14123845,0.108793616
84,6.166219307227156e-06,1.1131507809846267e-05,6.166219307227156e-06,1.1760552381704161,249.44230673452174,3.68309927,0.113477327
89,8.486926064957174e-06,1.7948801052997137e-05,8.486926064957174e-06,1.398049899776721,268.2829501766536,5.88651371,0.107186608
81,6.563397746257983e-06,1.1597707684342335e-05,6.563397746257983e-06,1.1055937911123679,237.07203513633263,3.29327106,0.109842926
50,8.370679664917166e-06,1.620801902108731e-05,8.370679664917166e-06,0.7975360178919452,172.4905473642916,3.84742618,0.108577952
63,8.585766466537476e-06,1.636880651631363e-05,8.585766466537476e-06,0.8965482653778135,189.10159473305626,3.78067088,0.108948074
81,9.93242529777603e-06,1.7442014437251318e-05,9.93242529777603e-06,1.3127232270482885,238.538256880987,3.9398849,0.109055601
74,7.004191899499418e-06,1.235405783627756e-05,7.004191899499418e-06,1.0782834359031455,223.14772384349104,3.73672605,0.109702274
41,3.1041459535856756e-06,5.645795661212605e-06,3.1041459535856756e-06,0.5492017734970895,151.17353918392882,1.83740163,0.108382829
40,2.4298493235674887e-06,4.4208771954474e-06,2.4298493235674887e-06,0.5020719706795873,147.54995003903016,1.74742377,0.10865061
39,2.1566633373661346e-06,3.9357412324238535e-06,2.1566633373661346e-06,0.48212870606167163,146.7852815201103,1.71784234,0.108556859
42,3.4862600494059657e-06,6.354440064742677e-06,3.4862600494059657e-06,0.5706976685143894,151.00953837281855,2.04441857,0.10840486
44,4.2523592514972395e-06,7.775553589998086e-06,4.2523592514972395e-06,0.6151476558512035,155.062502720724,2.21567988,0.108555079
40,1.7645997606025799e-06,3.210639074447936e-06,1.7645997606025799e-06,0.45097279936752593,144.72660577904267,1.59720242,0.108487092
47,4.647726331736417e-06,8.497944364087677e-06,4.647726331736417e-06,0.6341901285371911,154.5935145921068,2.4817245,0.108617194
49,5.731022157581534e-06,1.0646342384072045e-05,5.731022157581534e-06,0.687058305576135,159.81794216818608,3.11152864,0.108639948
48,6.708772029298237e-06,1.2674462414732613e-05,6.708772029298237e-06,0.7297574177965142,163.91628065223352,3.39272714,0.108575068
39,3.693677715930276e-07,6.683151358415005e-07,3.693677715930276e-07,0.3082918142563858,208.9941959406227,0.746667266,0.108471036
40,4.107632653536287e-07,7.559372667640995e-07,4.107632653536287e-07,0.3146358325373756,216.07309249412504,0.802789688,0.10836257
40,3.8288113559540565e-07,7.017318359372938e-07,3.8288113559540565e-07,0.3075416949036624,211.7680001283695,0.756335616,0.108337089
39,3.521759868359474e-07,6.316145542459594e-07,3.521759868359474e-07,0.3047961925383965,206.03892359068016,0.725761771,0.108612955
39,3.287051226617112e-07,5.869043433153113e-07,3.287051226617112e-07,0.29697181007729706,201.36820399718889,0.6910972,0.108582295
39,3.0384689504221376e-07,5.373847534127334e-07,3.0384689504221376e-07,0.29006418432465697,197.35122528983294,0.661760867,0.108597264
39,3.1276336813863446e-07,5.553703729258885e-07,3.1276336813863446e-07,0.29070225953728773,196.98702431821837,0.646999955,0.108551629
38,2.922163532073097e-07,5.107591350510396e-07,2.922163532073097e-07,0.28800844156318306,192.49491223329505,0.633941233,0.10864646
38,2.6008396918718754e-07,4.399674835030128e-07,2.6008396918718754e-07,0.2745771992805447,176.11691314830105,0.562933087,0.10842365
37,2.599809768885474e-07,4.346104828147657e-07,2.599809768885474e-07,0.27587071306911115,172.40213985952465,0.556349516,0.108510561
38,2.829567113503359e-07,4.913212616798255e-07,2.829567113503359e-07,0.2822020482658232,187.93637225880448,0.609860003,0.108524822
37,2.7920028224580613e-07,4.772438042287732e-07,2.7920028224580613e-07,0.2835682672678828,182.99882004018684,0.588927686,0.108616859
37,2.713599678148211e-07,4.639014417591642e-07,2.713599678148211e-07,0.2788816350040638,180.4505518047093,0.578029335,0.108594514
37,2.6125634837842937e-07,4.4423008452034525e-07,2.6125634837842937e-07,0.27363167713976766,175.99751157077708,0.569724023,0.108513974
36,2.1994531202991847e-07,3.450785366288343e-07,2.1994531202991847e-07,0.2558932961549565,146.82977588522309,0.541339219,0.108668141
36,2.285385262572682e-07,3.6413002949597974e-07,2.285385262572682e-07,0.2597903831060876,151.05553496017916,0.546284974,0.108676352
36,2.2241315987277895e-07,3.507157282533875e-07,2.2241315987277895e-07,0.25686576615467777,147.95530297547631,0.547871947,0.10866148
38,2.3991449393967885e-07,3.8495164418334494e-07,2.3991449393967885e-07,0.2648458476967998,154.36968444894345,0.546911955,0.108576454
36,2.1563799037599944e-07,3.3617568451243116e-07,2.1563799037599944e-07,0.2534153921752297,144.15014088022954,0.543184996,0.108558953
37,2.1503777936235224e-07,3.3374976869970807e-07,2.1503777936235224e-07,0.25193956413444735,142.07228947747612,0.542731941,0.108503573
37,2.1546568900301648e-07,3.328590462121292e-07,2.1546568900301648e-07,0.25029843532535223,139.38385963394043,0.543166101,0.10862837
37,2.2016323606366003e-07,3.3837735469791007e-07,2.2016323606366003e-07,0.2505700512245831,136.2770706647339,0.546675682,0.108572736
37,2.170661712504322e-07,3.3380727047699585e-07,2.170661712504322e-07,0.2505585406077678,138.12982459117956,0.549566269,0.108613387
38,2.5720389118484554e-07,4.24253457039566e-07,2.5720389118484554e-07,0.27545903858609966,167.78702955822428,0.549726903,0.108543769
38,2.535137266539413e-07,4.167616978081758e-07,2.535137266539413e-07,0.2729324450590543,164.8346937644284,0.549523413,0.10860756
37,2.51696976187568e-07,4.1074621799725973e-07,2.51696976187568e-07,0.27090747068534426,161.05213399068847,0.553064406,0.108671091
37,2.4252123266351225e-07,3.910678495062402e-07,2.4252123266351225e-07,0.2665274375451984,156.65103217119162,0.550070107,0.108537592
38,2.550765927866757e-07,4.233250696444777e-07,2.550765927866757e-07,0.2720177402311346,167.6770649772013,0.556767046,0.10864687
38,2.3090812608957855e-07,3.526875604601441e-07,2.3090812608957855e-07,0.2536265952724731,134.22020149135056,0.542031944,0.108567707
38,2.337621303239263e-07,3.5747072113993954e-07,2.337621303239263e-07,0.25326426204339464,132.89472578051675,0.548326612,0.108597167
38,2.4021468491293767e-07,3.670383644327736e-07,2.4021468491293767e-07,0.2559157792660515,132.63868042756818,0.536759853,0.108638465
37,2.4964223918653214e-07,3.803343305678418e-07,2.4964223918653214e-07,0.2589132554921417,131.059711747443,0.538379133,0.108636163
37,2.7326181887241617e-07,4.1626280199115237e-07,2.7326181887241617e-07,0.267878033919975,130.83259717481116,0.569359422,0.108529672
37,2.571198253883843e-07,3.910204955621031e-07,2.571198253883843e-07,0.26076349551390493,129.9398595147579,0.542523623,0.108615093
38,2.6794307039946674e-07,4.063091100776617e-07,2.6794307039946674e-07,0.2639797418586918,128.87546560518726,0.561607361,0.108566649
38,2.884381050479273e-07,4.3956381056976916e-07,2.884381050479273e-07,0.2708873563968715,128.56927248458658,0.595457911,0.108552314
35,2.7806072387300347e-07,4.2371009689328773e-07,2.7806072387300347e-07,0.26822063792200546,129.51820208450226,0.579761028,0.10859438
38,2.949858529690151e-07,4.5032008842018454e-07,2.949858529690151e-07,0.2713904166554098,127.44240075572516,0.631212234,0.108578011
37,3.0278891116682144e-07,4.64494552301444e-07,3.0278891116682144e-07,0.2723646363653933,126.56432354550856,0.743507981,0.108512111
35,3.145235760217151e-07,4.831324687874274e-07,3.145235760217151e-07,0.2773213576191547,127.27947372894286,0.706989586,0.108515583
35,3.1742916177387977e-07,4.847962211686607e-07,3.1742916177387977e-07,0.2788392620909238,126.88952140896839,0.621256948,0.108605422
38,3.2124619963879977e-07,4.972360250460461e-07,3.2124619963879977e-07,0.2780187473215276,128.32586132938587,0.620983005,0.10858462
35,3.264868916134162e-07,5.006923347000883e-07,3.264868916134162e-07,0.2807518368696112,126.6177985733384,0.617386103,0.108527213
36,3.445014495063687e-07,5.327282586696665e-07,3.445014495063687e-07,0.28414049977021,126.97083549054697,0.640609622,0.108856499
36,3.2283741472232004e-07,4.927006430593261e-07,3.2283741472232004e-07,0.2776567093016843,125.24316825821391,0.619369447,0.108528748
35,4.040901865028302e-07,6.413621331918768e-07,4.040901865028302e-07,0.2977325915230181,128.78354804247002,0.731262922,0.108798638
37,4.210456035722073e-07,6.711655812688977e-07,4.210456035722073e-07,0.29973113764924975,128.49693255065597,0.843283534,0.108699322
36,4.447738562759608e-07,7.173121726506373e-07,4.447738562759608e-07,0.30398196802719074,128.80246340098898,0.922888577,0.10872376
38,4.00071587738525e-07,6.32102650408628e-07,4.00071587738525e-07,0.2960632018933463,128.341619949668,0.704457879,0.108819567
39,5.041176920018623e-07,8.259957435796501e-07,5.041176920018623e-07,0.31262763724088,130.14078006750395,0.903917849,0.10899467
37,4.493992590244113e-07,7.200305420326565e-07,4.493992590244113e-07,0.30292308494199083,127.72369059101842,0.894709647,0.108688824
37,3.4521201066245795e-07,5.321816674838794e-07,3.4521201066245795e-07,0.28306626771304105,125.75030797940218,0.640686572,0.108689241
37,3.658666018921034e-07,5.687175493909464e-07,3.658666018921034e-07,0.2868593056946257,125.66961635587104,0.668649852,0.10865242
39,6.779654053511939e-07,1.1655761474976629e-06,6.779654053511939e-07,0.3379765904831117,134.24582408028925,1.03076577,0.108926207
38,7.941235083690321e-07,1.3785504232308381e-06,7.941235083690321e-07,0.3552298141088826,135.62128274247084,1.13051653,0.108614214
40,6.301362493318037e-07,1.0664865041850462e-06,6.301362493318037e-07,0.33126247936784625,132.38848454286224,0.997188687,0.1091296
39,5.98062013927563e-07,1.006555580363031e-06,5.98062013927563e-07,0.32797772608272485,131.75395295264417,1.0405724,0.108768731
38,1.0206070459682186e-06,1.8137779952058955e-06,1.0206070459682186e-06,0.3795540270946087,136.74428424665606,1.26040244,0.108466238
39,8.552442323926794e-07,1.498161310542031e-06,8.552442323926794e-07,0.36022168204601446,135.78065291716428,1.19783735,0.108566187
39,1.4929360304562693e-06,2.698218987684571e-06,1.4929360304562693e-06,0.42550877587059127,141.4299991310013,1.49045253,0.108611993
39,1.25273731624308e-06,2.229317003836068e-06,1.25273731624308e-06,0.4035815094256316,138.2636454307672,1.34892976,0.108512402
38,5.278027837371385e-07,8.672728890471347e-07,5.278027837371385e-07,0.31675066298513915,129.6742424258643,0.891227782,0.109028861
39,5.093575459820248e-07,9.549242189888776e-07,5.093575459820248e-07,0.3340932140207525,223.88469230504674,0.901595116,0.108593158
39,4.502106322945991e-07,8.36126384652133e-07,4.502106322945991e-07,0.32255436774772633,219.61302414728382,0.854790509,0.108562395
75,4.269262158473207e-05,9.574929573309561e-05,4.269262158473207e-05,1.6433548449847422,289.19518228545286,6.45642138,0.112463586
81,0.0001277636999405996,0.000288421820654941,0.0001277636999405996,2.960936221198473,330.7665250940744,9.96952057,0.112683415
101,0.0003373954504490807,0.0007198337649616845,0.0003373954504490807,5.211785426369053,382.1360857896741,12.632266,0.109484985
61,2.7964093241883903e-06,6.290423315609787e-06,2.7964093241883903e-06,0.5682694242240902,265.7108808181364,3.39833236,0.109058976
62,5.212403490076355e-06,1.1143529397537348e-05,5.212403490076355e-06,0.7328456037168013,267.8557290738676,3.34153199,0.109599955
68,1.343573515005189e-05,2.9278947740136048e-05,1.343573515005189e-05,1.0159019047480846,271.164996538265,3.82051492,0.110273376
43,7.897289903712779e-07,1.542882616989348e-06,7.897289903712779e-07,0.37452084225181126,235.563197542613,1.12919688,0.108502597
42,6.755250704423049e-07,1.3066128063847312e-06,6.755250704423049e-07,0.35705569406973764,232.08816118421552,1.04240501,0.108441703
56,1.986110326395341e-06,4.307109670003068e-06,1.986110326395341e-06,0.4938476915961492,260.1933173237513,2.62806654,0.108663827
47,2.377342055083563e-06,5.10070570056882e-06,2.377342055083563e-06,0.5018861842236801,247.51438578753704,2.15427923,0.108422011
46,3.1069573877419235e-06,6.880222435218145e-06,3.1069573877419235e-06,0.530898693583477,247.49112082333696,2.49637341,0.108503409
44,1.3693115629667602e-06,2.7881495985546107e-06,1.3693115629667602e-06,0.43578894888904773,242.31795980500692,1.47248089,0.108462796
44,1.062487930612473e-06,2.1282179602632055e-06,1.062487930612473e-06,0.40408224533239184,239.10703429299264,1.28504431,0.108560547
45,1.6653712373484437e-06,3.463458604564227e-06,1.6653712373484437e-06,0.45500503501571504,243.60656766999514,1.74508572,0.108501568
43,8.937451805444603e-07,1.7640839541821877e-06,8.937451805444603e-07,0.3863579816927941,236.90296925404598,1.1854074,0.108570993
52,2.66171535331265e-06,6.046972674948172e-06,2.66171535331265e-06,0.5083071700592154,255.47773632299814,2.71523976,0.108718723
52,2.4421525238260417e-06,5.193900641358876e-06,2.4421525238260417e-06,0.5071859407796598,251.66160095097356,2.2756865,0.108661503
49,2.9250659992054993e-06,6.336880394239713e-06,2.9250659992054993e-06,0.5244132014895206,248.006831580463,2.20646286,0.108568512
83,6.059919505672359e-06,1.0942224066275323e-05,6.059919505672359e-06,1.0886833057514342,234.4121059404453,3.6209774,0.110962905
93,1.6450854609483106e-05,3.1994001086327255e-05,1.6450854609483106e-05,1.8899828374440037,283.5980554721239,6.81207561,0.104020528
84,6.35375162039917e-06,1.1781639349284918e-05,6.35375162039917e-06,1.127792119163255,233.62905822099077,4.41086245,0.112288453
96,2.1162676388723027e-05,4.094438641436027e-05,2.1162676388723027e-05,1.9028730473619695,267.9985381873302,6.87943125,0.108057372
52,7.645906321793487e-06,1.4704928710223903e-05,7.645906321793487e-06,0.7800255606600017,172.14548107905344,3.74161887,0.108813666
55,8.487548785318763e-06,1.6464492232005055e-05,8.487548785318763e-06,0.8288876869474037,178.31318852540716,3.95948434,0.108896717
50,6.482442335301615e-06,1.2265038938578424e-05,6.482442335301615e-06,0.7236494233812116,164.41837502034946,3.16576409,0.108723067
82,8.910525231836716e-06,1.5397351553989572e-05,8.910525231836716e-06,1.2621151838115432,233.6627723365008,3.34267974,0.109395035
77,7.687999284364807e-06,1.3443259780897059e-05,7.687999284364807e-06,1.144108163731455,224.28623872070762,3.35275316,0.110044792
41,2.6512978277192845e-06,4.799664702675077e-06,2.6512978277192845e-06,0.5178135874210723,147.3694731796921,1.76594496,0.108408853
41,2.0044829044045364e-06,3.6391548945300083e-06,2.0044829044045364e-06,0.46798593732381655,144.51910372559766,1.68753409,0.10858874
43,3.4523281474139244e-06,6.268859435254641e-06,3.4523281474139244e-06,0.5650552848651473,148.76639827113578,2.09887671,0.108443461
42,2.8090555665711864e-06,5.082441367051171e-06,2.8090555665711864e-06,0.525040367765233,146.52706802622018,1.93509591,0.108232208
45,4.605413097573941e-06,8.410426455980607e-06,4.605413097573941e-06,0.6299550347514749,152.412562151374,2.63793826,0.108642034
48,5.11886059454846e-06,9.383243764359446e-06,5.11886059454846e-06,0.6570310268254104,155.40596589052333,2.54370809,0.108579069
39,3.591089195760489e-07,6.500409483607908e-07,3.591089195760489e-07,0.30227276057904695,206.2334505521547,0.714475334,0.108577669
41,4.174327521601549e-07,7.702358311727801e-07,4.174327521601549e-07,0.31442163129604694,215.34283080744433,0.797130167,0.108310945
41,3.858089778850218e-07,7.072961272965039e-07,3.858089778850218e-07,0.30704406000715795,210.65197212451167,0.721152425,0.108346246
39,3.409554039679725e-07,6.129622908124052e-07,3.409554039679725e-07,0.29758064662925104,202.59982315320119,0.684800267,0.10866455
37,3.073813475923799e-07,5.390759560872644e-07,3.073813475923799e-07,0.2914624021838994,194.0636032151939,0.642873526,0.108577795
39,3.345798502199508e-07,5.992028703474114e-07,3.345798502199508e-07,0.294986336361936,199.37873409293508,0.66026473,0.108643502
37,3.1211911092922867e-07,5.539431084251659e-07,3.1211911092922867e-07,0.288592236760846,194.74257535498947,0.647726893,0.108538657
37,2.941764191947166e-07,5.130890342650917e-07,2.941764191947166e-07,0.2870188482615222,190.30937776898625,0.616785288,0.108552761
37,2.61309789807585e-07,4.401465596194218e-07,2.61309789807585e-07,0.274768630036982,173.66370748975189,0.566909492,0.108487159
37,2.6079205884023217e-07,4.3522973589311647e-07,2.6079205884023217e-07,0.27529328560489325,170.69083873795398,0.568451285,0.108703643
38,2.8206402378036733e-07,4.885699958332519e-07,2.8206402378036733e-07,0.28139162808915624,185.54021658571622,0.596561909,0.10866683
37,2.78843688156287e-07,4.775640300689643e-07,2.78843688156287e-07,0.2809547350617493,181.5147070996175,0.581600785,0.108485296
37,2.691247522133175e-07,4.6043107777024675e-07,2.691247522133175e-07,0.2749054247696598,178.2015203540305,0.582153141,0.108685464
37,2.6449297340479233e-07,4.468672821382144e-07,2.6449297340479233e-07,0.2740125931308157,173.36165253269638,0.576787591,0.108633228
36,2.1938680130963358e-07,3.446472606799498e-07,2.1938680130963358e-07,0.2541503575535799,145.6330553742983,0.552996755,0.108648047
37,2.2846709752924835e-07,3.634013206992063e-07,2.2846709752924835e-07,0.2580874172898228,149.32983417630177,0.560333669,0.108670421
35,2.2535613508340507e-07,3.565218762667204e-07,2.2535613508340507e-07,0.2569895415410092,147.71854551451145,0.560020864,0.108638056
37,2.384415671672959e-07,3.812617939723441e-07,2.384415671672959e-07,0.2639122546430621,153.01918338083476,0.555534363,0.108562045
35,2.156834586939189e-07,3.348243853569273e-07,2.156834586939189e-07,0.25257245909998643,141.94736221615193,0.553161681,0.108468108
36,2.157393220200295e-07,3.3405375460356483e-07,2.157393220200295e-07,0.2500784033386631,139.96493844772564,0.557695925,0.108550273
38,2.2163495744080276e-07,3.4079251475085456e-07,2.2163495744080276e-07,0.24949235442442907,135.64403791028158,0.55164659,0.108704492
37,2.289714239760829e-07,3.502157670709152e-07,2.289714239760829e-07,0.25193381071226095,134.0297049490112,0.553492069,0.108635053
36,2.198010806742787e-07,3.385699889317998e-07,2.198010806742787e-07,0.25068821979764644,137.67753835559228,0.562546909,0.108546704
37,2.569153548029038e-07,4.220139211013195e-07,2.569153548029038e-07,0.2737876698855631,164.86232414547354,0.554274738,0.108533777
38,2.5242245800207746e-07,4.1185414737950933e-07,2.5242245800207746e-07,0.26999619210178344,160.3619441415944,0.56118691,0.108623862
38,2.443488232146691e-07,3.96804561007786e-07,2.443488232146691e-07,0.26671405220518013,158.3510884699559,0.551900506,0.108631484
39,2.391881353026378e-07,3.864603716755951e-07,2.391881353026378e-07,0.263249204066302,155.2273628946632,0.555318654,0.108498909
37,2.592261001983036e-07,4.293657030542145e-07,2.592261001983036e-07,0.27297020804443956,166.8970347131196,0.565498531,0.108566448
37,2.35740231267778e-07,3.5991440542146596e-07,2.35740231267778e-07,0.2520681806195475,131.5072201398406,0.55460602,0.108571626
36,2.429990107776165e-07,3.693292614392235e-07,2.429990107776165e-07,0.25650292891035653,130.7077035651476,0.540377676,0.108638525
35,2.5686296819217267e-07,3.886578946021736e-07,2.5686296819217267e-07,0.26009933743164204,128.984802120916,0.542571843,0.108601265
37,2.7289083365617033e-07,4.1407279450998353e-07,2.7289083365617033e-07,0.2665280020014872,128.81095973286773,0.570264935,0.108565114
35,2.7010484667108596e-07,4.092845460166577e-07,2.7010484667108596e-07,0.2628371179019073,127.6258669463497,0.54161793,0.108599745
36,2.721554660021559e-07,4.1120537312946717e-07,2.721554660021559e-07,0.2643715277065526,127.72763488153666,0.55292052,0.108554475
36,2.646806113740964e-07,3.9942596707005657e-07,2.646806113740964e-07,0.25981177210955675,126.2231056889036,0.547369778,0.108662225
35,2.821848687332819e-07,4.269134741546416e-07,2.821848687332819e-07,0.26901372110750005,127.31318949461809,0.579631925,0.10861358
37,2.915388218374953e-07,4.405515782394702e-07,2.915388218374953e-07,0.26947740040022156,125.54247131745547,0.600068629,0.108576939
36,3.042682690018829e-07,4.6460071376163827e-07,3.042682690018829e-07,0.2711441084338944,124.94942685415623,0.695819497,0.108613446
38,3.0174197079291337e-07,4.5835995351631123e-07,3.0174197079291337e-07,0.2721578229290105,125.7430073276889,0.603035688,0.108590186
36,2.9269068554783085e-07,4.41878129704884e-07,2.9269068554783085e-07,0.26972083965580756,124.74870475650772,0.65708667,0.108527824
38,3.0806014666416417e-07,4.703256529355156e-07,3.0806014666416417e-07,0.2732228763594117,125.89515837033791,0.604684114,0.108582437
36,3.1202157127294487e-07,4.7467244085953596e-07,3.1202157127294487e-07,0.2749629843025403,125.25767266122287,0.605691433,0.108546555
36,3.2890446773791117e-07,5.014441642349435e-07,3.2890446773791117e-07,0.2766305717868797,123.83289590913675,0.628348708,0.108466879
36,3.1458003591128815e-07,4.751613186443452e-07,3.1458003591128815e-07,0.2748554927618311,123.63782447252315,0.603387475,0.108525947
38,3.8549408333116064e-07,6.020046633612629e-07,3.8549408333116064e-07,0.2921101890685428,126.91612422648527,0.698081136,0.10859073
35,4.0708582960924146e-07,6.406554494930944e-07,4.0708582960924146e-07,0.2961231604529037,126.30484523602223,0.78964597,0.108694039
36,4.250780840486864e-07,6.7670028091963e-07,4.250780840486864e-07,0.29765576423324047,126.71393178384888,0.894709647,0.108693309
40,4.751445492008285e-07,7.715382288376808e-07,4.751445492008285e-07,0.30629307058388794,128.73514715481056,0.877831638,0.108927891
38,4.3785589809250884e-07,6.938490826949729e-07,4.3785589809250884e-07,0.29954757458188214,125.92266529547302,0.8373366,0.10877037
38,3.438929446874553e-07,5.275460336545832e-07,3.438929446874553e-07,0.2799287062053463,123.94624081603479,0.635928929,0.108499885
37,3.642532913348078e-07,5.644640312993133e-07,3.642532913348078e-07,0.28695605881233854,125.55341445160273,0.674903214,0.108673379
37,3.4699169976659524e-07,5.334139079468326e-07,3.4699169976659524e-07,0.28069286314786135,124.0388390927828,0.654093027,0.108709216
38,6.793694447622123e-07,1.1657983365517342e-06,6.793694447622123e-07,0.33583917902057864,131.98618263365333,1.11661804,0.109120406
38,7.679198835520592e-07,1.3166252580104814e-06,7.679198835520592e-07,0.3503606982491772,133.00875264306728,1.0891242,0.108833365
39,5.983772791343314e-07,9.999199913207023e-07,5.983772791343314e-07,0.32476591545960043,129.92503507321152,0.975955546,0.108787797
38,5.226965153358117e-07,8.568047279519329e-07,5.226965153358117e-07,0.31390382974875597,128.65611474521282,0.889883995,0.108864121
39,9.9319967172529e-07,1.7572309278015423e-06,9.9319967172529e-07,0.37392338311306356,135.08909512977286,1.22469759,0.108635008
38,1.5672276799556668e-06,2.8288515196407344e-06,1.5672276799556668e-06,0.4332651759498405,140.7868635301116,1.53454375,0.108496934
37,1.1531641338244663e-06,2.040892064254373e-06,1.1531641338244663e-06,0.3940708579717026,136.29928282583202,1.37487555,0.108464979
38,4.642974742919503e-07,7.406309519324367e-07,4.642974742919503e-07,0.3046753867649681,126.45952653350126,0.837967098,0.108851202
40,5.259238166700494e-07,9.890969332605585e-07,5.259238166700494e-07,0.33575966672279267,224.05126774735828,0.891925037,0.108583987
41,4.561842334651843e-07,8.515688698039931e-07,4.561842334651843e-07,0.32130686561211697,219.66717906787727,0.822490752,0.108519062
70,3.534997031864035e-05,7.977116398027077e-05,3.534997031864035e-05,1.4818761107461347,282.3388357514441,5.96565151,0.111813717
79,5.971779067117007e-05,0.00013479980279273575,5.971779067117007e-05,1.943791304310805,296.1138267178363,7.50613308,0.114954762
98,0.00027204998033130903,0.0005854016538310585,0.00027204998033130903,4.724440083764307,373.95327274134456,11.591939,0.112840891
58,2.8233540208597283e-06,6.149589697140107e-06,2.8233540208597283e-06,0.570681697036075,261.1246444727158,3.06496668,0.109011106
61,4.4765479136595565e-06,9.42736054584667e-06,4.4765479136595565e-06,0.6989166590949044,263.2723320036285,2.94246387,0.109173857
43,7.667621343742854e-07,1.4880180629046624e-06,7.667621343742854e-07,0.37152654351012393,233.95118281709577,1.0922761,0.108443052
41,6.317063075880857e-07,1.2089101628958803e-06,6.317063075880857e-07,0.3511924673908522,228.88047737856664,0.963090718,0.108527154
56,2.032721770068535e-06,4.567536929215502e-06,2.032721770068535e-06,0.4881249994824729,258.49882153724127,3.06477547,0.10862235
48,2.356911355800532e-06,5.192619096857494e-06,2.356911355800532e-06,0.4840997884743604,243.5095462932857,2.32940102,0.108573198
44,1.2491596858003013e-06,2.530567781713878e-06,1.2491596858003013e-06,0.42025706446794775,240.311107019743,1.42143357,0.108485453
44,8.792862469577357e-07,1.7324344732158318e-06,8.792862469577357e-07,0.3813417123725435,235.69358783014314,1.1514045,0.108556867
41,7.765859270092893e-07,1.5031727908995495e-06,7.765859270092893e-07,0.3722174358269321,233.0371397028676,1.07487714,0.108473659
56,2.22613787762696e-06,4.965119151779674e-06,2.22613787762696e-06,0.4849905490257703,253.77889054525215,2.38341403,0.108665429
49,2.4566866317955935e-06,5.250845906124348e-06,2.4566866317955935e-06,0.5013807299625783,247.54167728960107,1.99633598,0.108641319
81,6.131837050177241e-06,1.1099303118682598e-05,6.131837050177241e-06,1.1825883103828805,237.8426117898951,4.4533186,0.112561621
101,2.4152853226125273e-05,4.587170655744029e-05,2.4152853226125273e-05,2.013077007323281,267.5022763753582,6.50539351,0.10966783
57,6.473108055608006e-06,1.2267989375100467e-05,6.473108055608006e-06,0.7393520473799836,169.1994066128838,3.2182138,0.109005176
59,7.004847128256096e-06,1.3304371086482096e-05,7.004847128256096e-06,0.7971558758093585,176.9923137029379,3.98558974,0.10920158
52,5.72840517751265e-06,1.0768261442484272e-05,5.72840517751265e-06,0.6883968986031791,159.74553857429413,3.22283626,0.108735681
80,8.990986100441129e-06,1.525930606659868e-05,8.990986100441129e-06,1.3319323361329496,239.93526535876953,3.40014648,0.109791532
87,6.955153020224161e-06,1.2304639019088803e-05,6.955153020224161e-06,1.2554728578265801,240.69437045615965,4.14583635,0.112197027
41,2.3420865813307138e-06,4.229113104976328e-06,2.3420865813307138e-06,0.49283243684949185,144.18811013455104,1.83950424,0.108543359
39,1.839800268957721e-06,3.330938007297104e-06,1.839800268957721e-06,0.4543398458174801,142.06233307104347,1.60402644,0.108526774
44,3.5129777595090486e-06,6.3703591311669435e-06,3.5129777595090486e-06,0.5678044957334694,147.76774351092934,1.99744439,0.108508833
43,2.7611556464869997e-06,5.001828078276643e-06,2.7611556464869997e-06,0.518176696051118,144.5166507620575,1.87399483,0.108346857
45,4.523144424125186e-06,8.209395456866698e-06,4.523144424125186e-06,0.6288218198051385,151.37498217599756,2.396173,0.108600624
44,3.9360349255995355e-06,7.143498338442392e-06,3.9360349255995355e-06,0.5895765870848846,146.92037128037003,2.48015094,0.108533725
50,4.4167956802343835e-06,8.113147508501462e-06,4.4167956802343835e-06,0.621357850192531,152.817073798128,2.53756618,0.1086445
40,3.5673283313514834e-07,6.485118533633269e-07,3.5673283313514834e-07,0.2981953369625008,204.55620944484548,0.689977467,0.108616427
39,3.8215142953504574e-07,6.987873643729628e-07,3.8215142953504574e-07,0.30452699686262613,208.1315254327789,0.716646731,0.108398929
38,4.360118115553901e-07,8.070678956043668e-07,4.360118115553901e-07,0.3174484655180566,216.35412689872743,0.789505601,0.108334661
40,4.046683850891675e-07,7.460590714548059e-07,4.046683850891675e-07,0.30891666854672456,211.75619868426134,0.751952291,0.108371265
39,3.2990192455215134e-07,5.932383536949059e-07,3.2990192455215134e-07,0.2899680688953374,197.5218977292457,0.660352409,0.108568288
37,3.087894056005399e-07,5.450408015528777e-07,3.087894056005399e-07,0.28770003667725325,192.48839489678974,0.624146104,0.108614884
37,2.978461566728169e-07,5.209471341650262e-07,2.978461566728169e-07,0.2858007653466253,190.07357071706107,0.620942593,0.108608715
37,2.618359735513907e-07,4.3923396267010187e-07,2.618359735513907e-07,0.27131418598994916,169.21192957141594,0.578968346,0.108569577
37,2.867977831483817e-07,5.001220906700871e-07,2.867977831483817e-07,0.28068702871540563,186.059116934137,0.602795959,0.108667143
38,2.830237133167968e-07,4.912924740003703e-07,2.830237133167968e-07,0.2778600339128997,183.06360426993484,0.602524519,0.108521931
39,2.716791758355205e-07,4.6661613470276316e-07,2.716791758355205e-07,0.272633381281856,177.07033197013348,0.592964709,0.108733274
39,2.8621420853364684e-07,4.948168407250872e-07,2.8621420853364684e-07,0.27872453511462375,182.26879847770954,0.603118539,0.108578816
37,2.685442423951874e-07,4.559213062821413e-07,2.685442423951874e-07,0.27299245316703197,174.08394683143501,0.58379519,0.108664408
37,2.1517241402325196e-07,3.37743820757008e-07,2.1517241402325196e-07,0.2501640483234723,143.69324856557625,0.555303097,0.108575195
36,2.199889698155035e-07,3.4738910071565904e-07,2.199889698155035e-07,0.25294117449662024,145.47116430257745,0.562529981,0.108652838
37,2.332589742771847e-07,3.719502463075364e-07,2.332589742771847e-07,0.26038795296523226,150.38719207089247,0.558266699,0.108620964
36,2.145949733891627e-07,3.3358691143300973e-07,2.145949733891627e-07,0.24870944704777298,139.45097135556867,0.569536388,0.108577594
37,2.1278829690327017e-07,3.331216194330096e-07,2.1278829690327017e-07,0.24896641608376038,141.7606220954516,0.569802105,0.108511247
38,2.1815772810033193e-07,3.3651518500950583e-07,2.1815772810033193e-07,0.24762862506326228,135.50269789455558,0.567347288,0.108637027
37,2.285180993902428e-07,3.5001866304984156e-07,2.285180993902428e-07,0.25007757340127024,132.91583070465643,0.566453278,0.108697884
37,2.171406911927544e-07,3.377369584748124e-07,2.171406911927544e-07,0.2469586907876702,137.26625801080692,0.581093371,0.108589806
38,2.564560468801427e-07,4.209721577228794e-07,2.564560468801427e-07,0.2719670647761854,163.2577601790132,0.561993957,0.108539328
37,2.511266456020558e-07,4.090254929430006e-07,2.511266456020558e-07,0.2677393894731371,158.41237197255668,0.567839146,0.108590052
37,2.3801779271269275e-07,3.823008938064254e-07,2.3801779271269275e-07,0.26218035780315024,152.21430609334675,0.561627746,0.108555004
37,2.463585599111072e-07,3.9869512210056407e-07,2.463585599111072e-07,0.26493237229015304,155.41553933204375,0.5649575,0.108587831
39,2.6206526022856583e-07,4.3294318881962924e-07,2.6206526022856583e-07,0.2725395769364822,164.4619643197728,0.570774019,0.108699366
37,2.3728298738411888e-07,3.621959027243437e-07,2.3728298738411888e-07,0.2522793681195762,130.90697446713628,0.572941244,0.108620659
38,2.43755187887151e-07,3.711336125961811e-07,2.43755187887151e-07,0.25394812555765467,129.47766331284976,0.560706675,0.10862381
38,2.51809601845045e-07,3.8247862707617406e-07,2.51809601845045e-07,0.2560571262950639,128.18729162273013,0.548517287,0.108577415
37,2.447414595098027e-07,3.724244650732908e-07,2.447414595098027e-07,0.2538151118503001,128.72056842845734,0.555489779,0.108615719
36,2.727043248382814e-07,4.1307817199837987e-07,2.727043248382814e-07,0.2642108986679462,127.57146897687993,0.564501166,0.108574726
35,2.713643007877634e-07,4.068496016203137e-07,2.713643007877634e-07,0.26374452520173103,125.73034360303994,0.547919452,0.108592018
36,2.687936643448198e-07,4.060954137875889e-07,2.687936643448198e-07,0.2608897257089835,126.32389471873684,0.547564268,0.108641416
36,2.6702917304462847e-07,4.0155739131043023e-07,2.6702917304462847e-07,0.2592496710348026,124.97314905229334,0.542503536,0.10867466
37,2.7633593290811616e-07,4.1712849994743985e-07,2.7633593290811616e-07,0.2652456955108576,126.36944978128497,0.563231111,0.108605497
36,2.813005866936874e-07,4.2242684231745115e-07,2.813005866936874e-07,0.2657046781988115,124.59958324328124,0.55012846,0.108574636
35,3.028984135021127e-07,4.623596156147659e-07,3.028984135021127e-07,0.26924992313366536,123.8372188493518,0.675329268,0.108614422
37,2.9287036162019857e-07,4.416637242540585e-07,2.9287036162019857e-07,0.2675635289198049,123.84593657395057,0.58118403,0.108686231
38,3.0267365364876595e-07,4.55952914817939e-07,3.0267365364876595e-07,0.27258513370712495,123.98214016112797,0.599853456,0.108658485
36,2.8927924189012766e-07,4.341724654849947e-07,2.8927924189012766e-07,0.2668273955779427,123.26055832687729,0.634572983,0.108620323
37,3.207693426798586e-07,4.86752192480265e-07,3.207693426798586e-07,0.27255612628421666,122.5154653561641,0.617300689,0.108492434
36,3.0993155321617635e-07,4.665239668747283e-07,3.0993155321617635e-07,0.27199403019419127,122.37318696672382,0.596507549,0.10849078
36,3.0027700434388524e-07,4.5162725068083085e-07,3.0027700434388524e-07,0.2687637009200862,122.26076377869228,0.582590997,0.108560912
37,3.6676992366363235e-07,5.676993399689734e-07,3.6676992366363235e-07,0.2853177854888349,124.69077897533244,0.692344844,0.108771138
37,3.918752314991491e-07,6.102618690672249e-07,3.918752314991491e-07,0.2902922196589297,124.56731161892033,0.743439913,0.108844444
38,4.223435750971194e-07,6.693087646799183e-07,4.223435750971194e-07,0.29471031925796853,124.77552350095412,0.888166308,0.10878472
36,4.4048457912206637e-07,6.928889768872699e-07,4.4048457912206637e-07,0.30093057610729984,124.63623547421794,0.801891088,0.108769506
34,4.2691876059085616e-07,6.674337966041246e-07,4.2691876059085616e-07,0.29736753805107413,123.00853755021753,0.808625937,0.108833864
37,3.4276922865572256e-07,5.224933992750716e-07,3.4276922865572256e-07,0.2791100156432711,122.8356284315005,0.635558963,0.108562708
37,3.541932322063835e-07,5.401169667910196e-07,3.541932322063835e-07,0.28243754957849493,122.50143885461463,0.663441718,0.108761109
37,6.571853046824842e-07,1.1063419454758194e-06,6.571853046824842e-07,0.33301134699044727,129.96415571053313,1.00833905,0.108823024
38,7.047129870530212e-07,1.1934450123200443e-06,7.047129870530212e-07,0.3404661474551279,131.0404214258309,1.05661237,0.108930722
39,8.270506665061696e-07,1.431688796278356e-06,8.270506665061696e-07,0.35249145171233215,131.94888087700872,1.17484844,0.108719714
40,5.637670170021959e-07,9.260477257800843e-07,5.637670170021959e-07,0.32011140432811924,128.03675078817398,0.942125499,0.108659238
39,5.733163133711511e-07,9.399160592463922e-07,5.733163133711511e-07,0.32134358775700245,127.47064559575807,0.91201973,0.108588904
39,5.02021152803863e-07,8.08216288295074e-07,5.02021152803863e-07,0.3091697142174899,126.08660703702165,0.857833147,0.108606331
40,1.401515683133079e-06,2.512119547623724e-06,1.401515683133079e-06,0.4146992993972753,138.13718196650564,1.49103963,0.108555004
39,9.969348340514739e-07,1.7387259544105538e-06,9.969348340514739e-07,0.37469068929180693,133.04694620887813,1.25278449,0.108550891
37,1.1216152455587755e-06,1.9830323997566005e-06,1.1216152455587755e-06,0.38697956920422477,134.36698764234595,1.36145425,0.108396664
38,4.700729911367743e-07,7.427856527245771e-07,4.700729911367743e-07,0.30450960877784355,124.03494495888206,0.795797646,0.108644933
42,5.309472223820527e-07,1.0016625472857045e-06,5.309472223820527e-07,0.33334381173657834,224.51085302226076,0.882644236,0.108561233
39,4.787440035723931e-07,8.9061611234983e-07,4.787440035723931e-07,0.32721583654338243,219.3216401007859,0.83695358,0.108375095
66,1.638191198839217e-05,3.594733282914739e-05,1.638191198839217e-05,1.081496979906702,268.96529340965907,4.20379257,0.110481001
72,3.427247343418957e-05,7.697074613415266e-05,3.427247343418957e-05,1.4992676139642185,281.07523365464976,5.83619404,0.113847263
86,0.00019133078157874958,0.00041699974422876394,0.00019133078157874958,3.478024218166689,324.89794373378885,10.4984818,0.1160689
100,0.00026078719482920557,0.0005595569172960026,0.00026078719482920557,4.5733536011146345,363.20679932695685,11.4246483,0.113075741
58,2.135321480312376e-06,4.645197418766166e-06,2.135321480312376e-06,0.5131945004099233,257.5896187668409,2.69011307,0.108939692
58,3.326412194196061e-06,6.966857357722893e-06,3.326412194196061e-06,0.6188084762093403,258.2847005584798,2.55772734,0.108867846
41,6.365629838026469e-07,1.2156535216633432e-06,6.365629838026469e-07,0.3519539457285465,228.67432290914888,0.968678474,0.108558044
46,2.131046598579213e-06,4.6505078705213045e-06,2.131046598579213e-06,0.4725589363573067,241.9143112771523,2.21646738,0.108560845
47,2.2603023054051773e-06,4.835215244807982e-06,2.2603023054051773e-06,0.4878629041385355,244.41584092923188,2.00406122,0.108468868
43,1.1382051472813226e-06,2.2871008334708818e-06,1.1382051472813226e-06,0.4100831003759665,238.36562267173605,1.35503232,0.108485527
42,8.399787454322681e-07,1.6382878008699444e-06,8.399787454322681e-07,0.3783974368161419,233.7585310644439,1.11007714,0.108467951
42,6.868478692894962e-07,1.320219576970555e-06,6.868478692894962e-07,0.3577099791748824,229.94654335482625,0.979340971,0.108523212
53,1.8714693864107389e-06,4.071411842747118e-06,1.8714693864107389e-06,0.4669197865735141,251.31405957004029,2.30302191,0.108739071
51,1.8091778878763127e-06,3.7815316523240843e-06,1.8091778878763127e-06,0.46824331193198,248.09409369556568,2.06357574,0.108675212
99,1.9163236955473552e-05,3.518171593067685e-05,1.9163236955473552e-05,1.866073693958969,262.2291537275764,5.8488636,0.110830106
54,6.070891833624071e-06,1.1454088919687303e-05,6.070891833624071e-06,0.7217584237146752,166.51567368479152,3.01775408,0.109041311
58,6.280107756629873e-06,1.1929463295179546e-05,6.280107756629873e-06,0.752103717787883,171.4610714768453,3.5365603,0.109195761
54,5.540688347203301e-06,1.0377241901875742e-05,5.540688347203301e-06,0.6796915233302605,160.0330182937283,2.88463831,0.108785555
98,9.680202082993038e-06,1.545159464561026e-05,9.680202082993038e-06,1.6970396070331115,284.2985051894835,3.66840124,0.110315487
92,8.925295153540141e-06,1.5152060136288132e-05,8.925295153540141e-06,1.5966504052752366,274.55470658216257,4.3817277,0.111059509
39,1.838573979686838e-06,3.308888034580229e-06,1.838573979686838e-06,0.45418673647248997,140.31637271916182,1.743155,0.108614624
41,2.841629268880726e-06,5.138149263334511e-06,2.841629268880726e-06,0.524320609235617,142.95519104553884,1.90331578,0.108599469
41,2.2242659260666665e-06,4.0092446062835755e-06,2.2242659260666665e-06,0.4812432732118705,141.06583814860667,1.76851439,0.10861858
46,4.219133230062413e-06,7.649265141864565e-06,4.219133230062413e-06,0.6070660069272291,148.3147406045005,2.54191375,0.108532034
43,3.155471303720175e-06,5.7009156141242945e-06,3.155471303720175e-06,0.5410998431447659,142.1849877756378,2.00102234,0.108548246
44,3.7709485346415583e-06,6.788975798891219e-06,3.7709485346415583e-06,0.5807497354369553,145.74427626020767,2.13529849,0.108429447
50,4.66624237370193e-06,8.757402247307465e-06,4.66624237370193e-06,0.6226265821076488,151.77585307810023,2.75329661,0.108858183
54,5.058253324350692e-06,9.519384234211663e-06,5.058253324350692e-06,0.6512406429231034,156.61957890696817,2.76339364,0.108881563
39,3.633810612466212e-07,6.620212026646639e-07,3.633810612466212e-07,0.2981606457946875,203.33055599932686,0.698194802,0.108543389
41,4.0131106078625263e-07,7.388173997385123e-07,4.0131106078625263e-07,0.30779726461427276,209.49849711011373,0.736403108,0.108546309
40,4.376825165608024e-07,8.116170595608149e-07,4.376825165608024e-07,0.31615202703394746,215.36901184383487,0.788031816,0.108418584
40,3.3577435212070405e-07,6.041884675311507e-07,3.3577435212070405e-07,0.2898721403851123,197.24771932193812,0.667345405,0.108498253
39,3.157295094570914e-07,5.630358632288272e-07,3.157295094570914e-07,0.28460334899546635,192.0720216229673,0.645365775,0.108474925
39,3.039408119423497e-07,5.358598432884927e-07,3.039408119423497e-07,0.2842785162566028,189.6554704488273,0.631221771,0.108661346
37,2.6841504133267423e-07,4.5058282350211486e-07,2.6841504133267423e-07,0.27332734231330985,169.75386781907434,0.584458232,0.108558096
38,2.668274121096272e-07,4.430017194556382e-07,2.668274121096272e-07,0.2729647546573014,165.4071514166924,0.582103014,0.108665876
40,2.971031577293257e-07,5.223721536762313e-07,2.971031577293257e-07,0.2818863172263062,187.74777386455816,0.624122083,0.10862159
39,2.7679225665776233e-07,4.75710990899019e-07,2.7679225665776233e-07,0.2725076986043818,176.4330877292172,0.597572744,0.108652897
39,2.8948026221470286e-07,5.011605613085635e-07,2.8948026221470286e-07,0.27709283488310416,179.77062581226804,0.616804421,0.108510323
39,2.967263611853204e-07,5.227423748265384e-07,2.967263611853204e-07,0.27737893713266576,185.42576781495268,0.626009583,0.108734071
36,2.1941155130016594e-07,3.441667748060856e-07,2.1941155130016594e-07,0.25102290612349853,142.6080914022572,0.579242945,0.108572215
37,2.2356184680828688e-07,3.5353837688718767e-07,2.2356184680828688e-07,0.25176187802617694,144.68401701195162,0.570820332,0.108652085
36,2.3032238038985956e-07,3.657728107968621e-07,2.3032238038985956e-07,0.25685725952595234,147.19075293300142,0.575124502,0.108629741
37,2.3712421318125976e-07,3.7922694029686107e-07,2.3712421318125976e-07,0.261033908636687,150.7788094642548,0.570472002,0.108509392
37,2.1711718533779706e-07,3.396604603238822e-07,2.1711718533779706e-07,0.24593949885675917,137.99135869871654,0.589542806,0.108615823
37,2.1544073093709436e-07,3.3912950791856504e-07,2.1544073093709436e-07,0.24657700446053477,140.45764593619006,0.583223164,0.10855554
37,2.2318638232417775e-07,3.438094967982019e-07,2.2318638232417775e-07,0.2486661304332947,134.48626355026298,0.578442454,0.108659945
37,2.2181264676494475e-07,3.4408619745899363e-07,2.2181264676494475e-07,0.24703566101261426,134.90033963775892,0.585988045,0.108648121
37,2.299272780850454e-07,3.5290155568123733e-07,2.299272780850454e-07,0.24940982631497693,132.37432470480775,0.578626335,0.108638585
38,2.5726910368246186e-07,4.236443059447298e-07,2.5726910368246186e-07,0.2693743103774967,162.04045799148798,0.567917287,0.108666092
38,2.508787924278296e-07,4.11076106864256e-07,2.508787924278296e-07,0.266298886608404,158.7556631184095,0.572749436,0.108595096
37,2.4387963331260506e-07,3.9464629444942325e-07,2.4387963331260506e-07,0.26325564695989523,153.5365322671702,0.575630009,0.108654156
37,2.525272511404438e-07,4.105993018779553e-07,2.525272511404438e-07,0.2659766572440948,156.06143904256226,0.579191685,0.108586058
39,2.6079731655370275e-07,4.315742825266602e-07,2.6079731655370275e-07,0.2702562068166649,163.19804124082958,0.578879714,0.108657286
37,2.4449399201510997e-07,3.7277964386165486e-07,2.4449399201510997e-07,0.2531166724727653,129.4871409964543,0.572397232,0.108716048
37,2.538270148670633e-07,3.856723753655816e-07,2.538270148670633e-07,0.25526948873397104,127.74892007596844,0.575672686,0.108556591
37,2.6200053575161307e-07,3.9576299935516543e-07,2.6200053575161307e-07,0.25848338103023055,126.97222938648531,0.5695346,0.108621404
37,2.598482838520755e-07,3.92329068745406e-07,2.598482838520755e-07,0.2582442975709949,126.37513851847507,0.558938622,0.108570687
35,2.6942958867600586e-07,4.0391478279803596e-07,2.6942958867600586e-07,0.2611235510465049,124.63021351532716,0.557406902,0.108645149
35,2.7497232475845066e-07,4.12073135430113e-07,2.7497232475845066e-07,0.2640380562105482,125.00754678167212,0.548250914,0.108667508
35,2.7291965514974426e-07,4.078912198836757e-07,2.7291965514974426e-07,0.2604162329170784,123.09741820022604,0.55263555,0.108624615
36,2.6875560629313044e-07,4.0311386093999475e-07,2.6875560629313044e-07,0.25923372222857377,123.87227345907368,0.545755446,0.108627468
36,2.793380698090167e-07,4.177411628904474e-07,2.793380698090167e-07,0.26390950860176615,123.42582376298093,0.551158667,0.108654171
37,2.8202785244692813e-07,4.218915133663222e-07,2.8202785244692813e-07,0.26284870970857177,122.44762148286709,0.546621025,0.108689174
36,2.888673751502483e-07,4.319499850544115e-07,2.888673751502483e-07,0.2654526278704617,122.23120882645276,0.566517293,0.108640015
36,2.8393285781775575e-07,4.2671869494029506e-07,2.8393285781775575e-07,0.2632845619548653,122.4942024167704,0.57634294,0.108682729
36,2.885266024808686e-07,4.322846333836634e-07,2.885266024808686e-07,0.2641531602161427,121.92170573467843,0.623743713,0.10869538
36,3.220386219996439e-07,4.847755441696215e-07,3.220386219996439e-07,0.27339432651469836,121.34608357593568,0.615163803,0.108814389
37,3.2806284673488937e-07,4.972990037981366e-07,3.2806284673488937e-07,0.2731098552918975,121.18755701416255,0.607605577,0.108752646
35,3.0507710768286776e-07,4.5785801020487835e-07,3.0507710768286776e-07,0.26810719942522154,120.65177160972995,0.587524712,0.108653724
37,2.9316653901753693e-07,4.4050361893822187e-07,2.9316653901753693e-07,0.26497429685691876,121.837492818945,0.571193159,0.108613305
38,3.7501384621472883e-07,5.807444606175554e-07,3.7501384621472883e-07,0.2841522839495836,123.0041510687572,0.683832407,0.108772703
36,4.4027466229285024e-07,6.923735903475438e-07,4.4027466229285024e-07,0.29822922097604765,123.375570035484,0.759868264,0.108806968
37,4.0364687005237794e-07,6.251168200703451e-07,4.0364687005237794e-07,0.29021915621627803,121.7783917296548,0.796250343,0.108745724
36,4.2842949114995155e-07,6.675074559503726e-07,4.2842949114995155e-07,0.2954765841086097,122.02224199144533,0.744549334,0.108867377
36,3.3573071137425064e-07,5.098729765439715e-07,3.3573071137425064e-07,0.2748144494114762,121.13358772654497,0.631839454,0.108750768
36,3.5971552393051615e-07,5.52465115892063e-07,3.5971552393051615e-07,0.28093197051340973,121.6868376647932,0.667250335,0.108703285
37,6.450886590554808e-07,1.0674235360598236e-06,6.450886590554808e-07,0.33070805063478986,127.66844819232206,0.98133409,0.108569257
40,6.933203568368804e-07,1.1667939219308706e-06,6.933203568368804e-07,0.3352888051196808,129.16783277926723,1.06349897,0.108607955
38,8.257939459862298e-07,1.418234748878383e-06,8.257939459862298e-07,0.3524562784544742,130.5271712644132,1.1541357,0.108626187
41,5.409014001046674e-07,8.750706712193214e-07,5.409014001046674e-07,0.31523634031737674,126.1398746853231,0.883876383,0.10844148
38,5.87255070424147e-07,9.595736570562717e-07,5.87255070424147e-07,0.32069171518973866,125.66073221076212,0.938195348,0.108247288
38,5.090145059429393e-07,8.11209615941502e-07,5.090145059429393e-07,0.3107592204404187,124.45720444986051,0.831367016,0.108542122
40,1.4963156492038206e-06,2.6868190893092445e-06,1.4963156492038206e-06,0.42284262519435195,137.57690031839473,1.58195186,0.108658575
38,9.380668399760694e-07,1.6246840250138412e-06,9.380668399760694e-07,0.3667918975899213,131.38450661421655,1.19867015,0.108505055
41,1.2476989002566499e-06,2.211769021166299e-06,1.2476989002566499e-06,0.39668816216690217,134.57029737604182,1.38787663,0.108606741
38,9.832176108604723e-07,1.7058994762912754e-06,9.832176108604723e-07,0.37127582131217995,131.50133298032554,1.28291833,0.108326323
38,4.6832520094697295e-07,7.362572195103515e-07,4.6832520094697295e-07,0.3033700580400218,122.76052996451668,0.776304722,0.108778968
39,4.856593258997687e-07,7.64123639580068e-07,4.856593258997687e-07,0.3048597020337889,122.25888970169376,0.804481566,0.108763106
41,5.261623911064769e-07,9.894408208808866e-07,5.261623911064769e-07,0.33306406131365196,223.0075729256395,0.858413517,0.108495191
43,5.879210268021632e-07,1.1161387014932289e-06,5.879210268021632e-07,0.34040175221132435,225.6983525768902,0.880788386,0.108511053
41,4.7738967319141e-07,8.939725185891619e-07,4.7738967319141e-07,0.3224685708862223,218.60285120004204,0.816986978,0.108440548
66,1.010864394135659e-05,2.1714666045481398e-05,1.010864394135659e-05,0.9239486024130735,263.5849992864013,3.49147844,0.110128619
68,2.294738159204198e-05,5.089175882976868e-05,2.294738159204198e-05,1.3020362815616373,273.8212455271706,4.98124504,0.112881809
73,5.27135830230148e-05,0.00011771093653039375,5.27135830230148e-05,1.8587581482173763,286.73023986405735,6.83694315,0.11700429
98,0.00021782603347049017,0.00047183517523345143,0.00021782603347049017,4.205997254096487,357.07908003877316,10.8671169,0.112909831
56,1.7062396169489016e-06,3.7710136409561963e-06,1.7062396169489016e-06,0.45626936526659945,252.8543885294554,2.42721462,0.108768947
57,1.9476910237967947e-06,4.174802383583014e-06,1.9476910237967947e-06,0.5052990199505971,254.32867364724737,2.26607537,0.108911604
48,1.9575717781502632e-06,4.2181488488597525e-06,1.9575717781502632e-06,0.46007085717253393,240.52700393329457,2.03195834,0.108578064
48,1.2723955713299757e-06,2.607054583897984e-06,1.2723955713299757e-06,0.41712756903567627,238.8185225373617,1.54937911,0.108494766
49,1.6876623786042331e-06,3.5143057180644462e-06,1.6876623786042331e-06,0.4532956330217146,244.4634021764662,1.69108117,0.108532645
43,9.628965212541881e-07,1.9084779737073497e-06,9.628965212541881e-07,0.38921090902028155,234.85879851125907,1.21278083,0.108413279
44,7.535852783634106e-07,1.462723263875412e-06,7.535852783634106e-07,0.36373158056694255,231.24944459406302,1.01760542,0.108409844
41,6.435339829193214e-07,1.226335824904222e-06,6.435339829193214e-07,0.3498879344465833,227.11174255978182,0.939625919,0.108487971
54,1.5388337759477672e-06,3.263792467253948e-06,1.5388337759477672e-06,0.44882142022998645,248.48690701062017,2.16362977,0.108768098
113,7.913294510459322e-05,0.00015062973230864477,7.913294510459322e-05,2.989975375897564,279.80511787940225,8.4681921,0.105502963
57,5.746223410863348e-06,1.096059039320295e-05,5.746223410863348e-06,0.6928234799520148,162.2944408648696,3.41979408,0.108943671
60,5.724445936544429e-06,1.100854083249684e-05,5.724445936544429e-06,0.7613012933340192,172.9227063901934,3.87986922,0.110088557
103,9.349693533877513e-06,1.691878704985559e-05,9.349693533877513e-06,1.582929036813511,280.9784604220305,5.05033016,0.112622887
38,1.6938100677163247e-06,3.034040869757422e-06,1.6938100677163247e-06,0.4393887524456013,137.75214734214399,1.52160501,0.108720869
43,2.422314296759305e-06,4.415314776397814e-06,2.422314296759305e-06,0.48647069650549,139.31432521171666,1.83508849,0.108597003
39,1.8442965039946557e-06,3.3053009758503954e-06,1.8442965039946557e-06,0.4506189531728278,136.8802478365237,1.56803381,0.108750559
42,3.0687896064476357e-06,5.5369304959545185e-06,3.0687896064476357e-06,0.5333516111337907,141.28051623433143,2.20463037,0.108587995
42,2.267386355367745e-06,4.097402024309763e-06,2.267386355367745e-06,0.4748872896889076,136.67018997447263,1.93647671,0.10847912
44,3.2891319453912447e-06,5.963107001499777e-06,3.2891319453912447e-06,0.5463637543442817,141.74558643617664,2.46092772,0.108722553
45,3.507900338054094e-06,6.403465405676034e-06,3.507900338054094e-06,0.5620865290452393,143.98342052332723,2.72937417,0.108793654
56,3.942600576128703e-06,7.6000227575862945e-06,3.942600576128703e-06,0.5919067466897636,153.40987556402663,3.36725521,0.109255962
53,3.722898720319112e-06,7.0311256006869946e-06,3.722898720319112e-06,0.5671060317479198,147.1405931481937,2.83833122,0.108811244
60,5.569390517514807e-06,1.0811822021836383e-05,5.569390517514807e-06,0.7011364924633969,163.71215917299875,3.89272809,0.109726548
62,4.449512367438357e-06,8.856672057100605e-06,4.449512367438357e-06,0.6295937292565464,157.54689219384449,4.06942844,0.109556936
39,3.6658387166088184e-07,6.688620589479186e-07,3.6658387166088184e-07,0.29806753490648524,202.86448012853316,0.709078491,0.108610913
40,4.0445273863200864e-07,7.440866280153614e-07,4.0445273863200864e-07,0.30609750403948516,206.86276532454247,0.748804867,0.108687706
39,4.4880720498206543e-07,8.310620411551238e-07,4.4880720498206543e-07,0.31911195537241566,213.65529273789525,0.77072674,0.108481206
41,4.2510692603754843e-07,7.863990558096909e-07,4.2510692603754843e-07,0.3107076560223686,210.12538020236303,0.780645669,0.10859336
39,3.589034519247284e-07,6.523425100217639e-07,3.589034519247284e-07,0.2953862377489366,199.77883098605759,0.713272572,0.108672448
40,3.3800878954975053e-07,6.093210886997079e-07,3.3800878954975053e-07,0.2896181022232515,196.13509772798403,0.676876724,0.108547345
39,3.282645184958576e-07,5.86223238418518e-07,3.282645184958576e-07,0.2873664084691561,191.6539818989257,0.669392288,0.108501852
38,2.7009446954896244e-07,4.5633457231852497e-07,2.7009446954896244e-07,0.2722711618733637,170.08880108156293,0.591298103,0.108656786
38,2.721204873949371e-07,4.5714952365884e-07,2.721204873949371e-07,0.27189280186444886,167.1368757222845,0.594259262,0.108707994
38,2.7690691043222034e-07,4.7406819403189087e-07,2.7690691043222034e-07,0.2721658177573787,174.19171653649684,0.602804244,0.108663552
38,2.698642512342228e-07,4.5044251327276823e-07,2.698642512342228e-07,0.270663677225609,164.00188012952873,0.596902609,0.108635619
39,3.07412873264597e-07,5.446787406031744e-07,3.07412873264597e-07,0.28056938432036005,187.84513756748194,0.642437577,0.108567066
39,2.9800103127706604e-07,5.210831163788079e-07,2.9800103127706604e-07,0.2769343291402196,181.00697193731847,0.6317752,0.108516887
38,2.8848283869758115e-07,4.958918519068215e-07,2.8848283869758115e-07,0.2772882647271064,176.14456107632608,0.622561634,0.108571455
39,3.0740767884900036e-07,5.442271505646557e-07,3.0740767884900036e-07,0.278739067260676,185.19294997566408,0.647560596,0.108685076
38,2.2040379013451248e-07,3.486632162200331e-07,2.2040379013451248e-07,0.24932727684414566,143.15347713350138,0.581802309,0.108559787
37,2.302058586287158e-07,3.6610122197346247e-07,2.302058586287158e-07,0.2542194362793175,145.69525769321746,0.584319055,0.108694158
36,2.3380368559907577e-07,3.723817268712017e-07,2.3380368559907577e-07,0.2581936134282593,148.00569267083623,0.577981174,0.108557902
37,2.4271589832055786e-07,3.8954605032079346e-07,2.4271589832055786e-07,0.26080860832471514,150.16292698921913,0.584453046,0.108566791
37,2.187160948611718e-07,3.430642254221803e-07,2.187160948611718e-07,0.2458295491410702,137.42764181907245,0.593907118,0.108558521
36,2.2149843905342284e-07,3.4737983879167895e-07,2.2149843905342284e-07,0.2493818951750841,139.716896799118,0.592426419,0.108556174
37,2.2644940011121883e-07,3.498270946505648e-07,2.2644940011121883e-07,0.2478405978386326,133.52460156325725,0.591126502,0.10862378
36,2.2409885160454464e-07,3.4987712366348837e-07,2.2409885160454464e-07,0.24625206127283106,134.88728736608402,0.601806998,0.108518526
36,2.3900061336579076e-07,3.6663887078480915e-07,2.3900061336579076e-07,0.2514272041141098,130.75028402383427,0.593937814,0.108643308
39,2.597279435662033e-07,4.2779605039962906e-07,2.597279435662033e-07,0.26853811180593634,160.34000668043623,0.583155751,0.108549803
37,2.54392254747751e-07,4.1231607437714404e-07,2.54392254747751e-07,0.26587763837024425,153.24632508497075,0.586663365,0.108649828
37,2.5669926397148124e-07,4.201693709652192e-07,2.5669926397148124e-07,0.26578184084263295,156.51024936451842,0.589462161,0.108476199
37,2.503019586328893e-07,3.828411661836265e-07,2.503019586328893e-07,0.2525608890506065,128.2043162980205,0.594837785,0.108707875
37,2.6649189816962994e-07,4.0366892025624956e-07,2.6649189816962994e-07,0.25855458098374307,126.10622770238506,0.587828159,0.108543955
36,2.717453985017868e-07,4.0824520197145306e-07,2.717453985017868e-07,0.2614671491390041,125.06408808188039,0.568541944,0.108699195
38,2.663444854459405e-07,4.0339938632536713e-07,2.663444854459405e-07,0.25735849335125605,125.48572723753037,0.580891073,0.108641036
36,2.7003901828412607e-07,4.055569239032113e-07,2.7003901828412607e-07,0.25771908860833237,123.05859234582958,0.560827255,0.108685091
35,2.7109017697117344e-07,4.06088375777839e-07,2.7109017697117344e-07,0.2607090655998183,123.71567843749881,0.545772314,0.108649679
36,2.724765878600297e-07,4.0683962871502126e-07,2.724765878600297e-07,0.2585963619001934,121.85027225684757,0.559544086,0.108648583
37,2.734848287791111e-07,4.09015954361908e-07,2.734848287791111e-07,0.2594150390552,122.45756437717439,0.551940739,0.10859362
35,2.774855980939101e-07,4.1441879694945517e-07,2.774855980939101e-07,0.25912020817212666,120.90741260377034,0.55096668,0.108607322
36,2.793322450891674e-07,4.1929269084044754e-07,2.793322450891674e-07,0.2591819350074292,120.90718743768424,0.562219918,0.108645454
36,2.8243803274284174e-07,4.231995637418143e-07,2.8243803274284174e-07,0.25949441406656387,120.70891865076302,0.54884547,0.108601369
37,3.0947763197545794e-07,4.6782521586682925e-07,3.0947763197545794e-07,0.2661652243768461,120.45412400358293,0.609904587,0.108780198
35,3.292045226936151e-07,4.969874168099433e-07,3.292045226936151e-07,0.2729114580910017,119.97591434870033,0.612188339,0.108709909
37,3.3267248612406046e-07,5.052409750786024e-07,3.3267248612406046e-07,0.2706142899469227,119.30195956435107,0.633058965,0.108788565
36,2.982108384860469e-07,4.464127472839383e-07,2.982108384860469e-07,0.26562659271169864,120.84339503583415,0.571041524,0.108575925
35,3.0240662238214754e-07,4.525460363046396e-07,3.0240662238214754e-07,0.2659179579741921,119.76699936089064,0.585506976,0.108802631
37,4.0921295066573407e-07,6.324483952319911e-07,4.0921295066573407e-07,0.29072116242418183,121.12243190006559,0.770657301,0.108695984
36,3.626741789882531e-07,5.554779161579349e-07,3.626741789882531e-07,0.28077958676046344,120.79349972199769,0.665495098,0.108702704
37,4.358930264689059e-07,6.791430233072334e-07,4.358930264689059e-07,0.29617666858263436,121.46920037420014,0.75035882,0.108766288
37,3.3759431053596625e-07,5.158991137570815e-07,3.3759431053596625e-07,0.27296405520028516,120.55418311913562,0.642677248,0.108784601
37,6.443172184480287e-07,1.0589952698007755e-06,6.443172184480287e-07,0.32900557810538306,126.02644677431505,0.979264975,0.10845428
38,7.219827398093338e-07,1.2048432087492893e-06,7.219827398093338e-07,0.33846815281631726,127.58178116727406,0.989594817,0.10855791
39,8.475516661113273e-07,1.44736329939663e-06,8.475516661113273e-07,0.35481140657830124,129.57637129260007,1.1228025,0.108607195
40,5.347717025888117e-07,8.544088317710345e-07,5.347717025888117e-07,0.314185519262994,124.1597880192787,0.844413042,0.10862454
39,6.071810929776878e-07,9.873237473913077e-07,6.071810929776878e-07,0.32339381342828855,124.79184096046191,0.922353446,0.108540297
40,5.482565110594221e-07,8.786356551515775e-07,5.482565110594221e-07,0.31316227185194007,123.31364922245761,0.843759775,0.108911842
39,8.866970111210287e-07,1.5136272221951349e-06,8.866970111210287e-07,0.3592620087320603,129.07561388408172,1.17964685,0.108533666
38,1.2324893644358912e-06,2.1725032859385277e-06,1.2324893644358912e-06,0.3959321325111504,132.76452630469453,1.41513717,0.108397447
40,9.726481893138602e-07,1.6870472537743525e-06,9.726481893138602e-07,0.3667796903864433,129.83991002277244,1.25443578,0.108362801
38,4.491394855185593e-07,7.021346615868999e-07,4.491394855185593e-07,0.296311189381136,121.12721295311769,0.739987016,0.108661354
40,5.263223976732699e-07,8.353231562998857e-07,5.263223976732699e-07,0.31069166782874613,122.30450567595102,0.802544653,0.108591974
37,5.012715751311319e-07,7.883699178574605e-07,5.012715751311319e-07,0.30691916384524753,120.80708343757907,0.805181682,0.108501449
42,5.389517392678402e-07,1.0214863495504715e-06,5.389517392678402e-07,0.33046878137005176,222.69332896407224,0.825977504,0.108447328
43,5.85936556021673e-07,1.1152674678154037e-06,5.85936556021673e-07,0.33717279250434057,224.167802076797,0.86459595,0.108454533
42,4.860279563071533e-07,9.155401185551042e-07,4.860279563071533e-07,0.32019837966356185,218.1350308915059,0.808700383,0.108271755
60,3.2999685625394836e-06,6.817941290708429e-06,3.2999685625394836e-06,0.6320510878382447,256.02304894555886,2.52966928,0.109324679
65,9.079777419482123e-06,1.93273674055108e-05,9.079777419482123e-06,0.904858994766697,260.7020506247756,3.23976684,0.110118575
71,2.9178073916320185e-05,6.494596910847673e-05,2.9178073916320185e-05,1.421947999747359,272.8537399626922,5.40847254,0.114490889
82,0.00011356972857900107,0.00025044845702339375,0.00011356972857900107,2.8562639469023208,312.6294313149809,8.63895702,0.115562461
95,0.00020818615531474684,0.0004494963177702348,0.00020818615531474684,4.192047097467109,355.25002793715424,10.7240572,0.109794021
55,1.6465239864882516e-06,3.4595024486161636e-06,1.6465239864882516e-06,0.4800349798402494,250.0746009052095,2.0442853,0.109014839
47,1.6812447992757809e-06,3.5958116603032635e-06,1.6812447992757809e-06,0.43910882298419884,238.81405957042233,1.9006331,0.10857223
45,1.2119119185729007e-06,2.4766864577963874e-06,1.2119119185729007e-06,0.40852640476587526,236.01623563717587,1.50226808,0.108594209
46,1.0293124372016838e-06,2.061149240631214e-06,1.0293124372016838e-06,0.3925121995705398,234.75187456549128,1.27924895,0.108600982
50,1.4339326164030633e-06,2.9800781244458437e-06,1.4339326164030633e-06,0.43243125892824175,242.27619430274856,1.86932075,0.108657263
43,8.714330672922853e-07,1.7172638768119513e-06,8.714330672922853e-07,0.37576347385161807,232.4738151563632,1.14096713,0.108500205
43,7.317799137541372e-07,1.4113560412437507e-06,7.317799137541372e-07,0.35917331976950506,229.19620211020737,0.966947854,0.108388335
43,6.561192750821384e-07,1.2598796859300372e-06,6.561192750821384e-07,0.34792609817272674,226.0871874844636,0.938530266,0.108508199
41,5.781109985162749e-07,1.099176286967386e-06,5.781109985162749e-07,0.33631942682002525,221.76613763872714,0.908805847,0.108481571
54,1.3909927741730647e-06,2.916676917532582e-06,1.3909927741730647e-06,0.43722500868409436,246.22506150506752,1.91749549,0.108926721
103,8.852027960300407e-05,0.0001703866700597957,8.852027960300407e-05,3.166494012110314,294.63664846274924,9.62774754,0.107710548
113,1.113302861224663e-05,1.9743814808284203e-05,1.113302861224663e-05,1.7914971852479022,303.253163835882,5.31024122,0.112664133
40,1.593933567779306e-06,2.8540813189592484e-06,1.593933567779306e-06,0.42669727186528866,134.7075268424502,1.53308332,0.108899578
42,2.0634717167779067e-06,3.767568690223267e-06,2.0634717167779067e-06,0.45677345134058633,135.45476593118548,1.74895477,0.108600579
43,2.7376554349054757e-06,4.9479503234132515e-06,2.7376554349054757e-06,0.5085593149219206,138.11039037465991,2.18840456,0.108722977
42,1.8619911155095238e-06,3.368193015662283e-06,1.8619911155095238e-06,0.44144770331404803,133.80233115985303,1.75690806,0.108696006
43,2.424394714506238e-06,4.35696414194865e-06,2.424394714506238e-06,0.4867531922671927,136.0381925127338,2.24969077,0.108699203
47,3.1439267955895294e-06,5.81126528098274e-06,3.1439267955895294e-06,0.5298383729582985,139.82910599969395,2.77846622,0.108936794
51,3.2281429336545047e-06,6.142300690902329e-06,3.2281429336545047e-06,0.5315214754868243,143.09434814387143,2.90624881,0.108929612
53,4.223124354623989e-06,8.228554006523545e-06,4.223124354623989e-06,0.5865800103500173,148.08807994048743,3.16490746,0.109212182
55,4.093989659083584e-06,8.113080786730433e-06,4.093989659083584e-06,0.6018576049106407,152.63600848969944,3.52280855,0.109659433
64,1.0630627605210777e-05,2.114087544945238e-05,1.0630627605210777e-05,0.9405462463378602,171.66865458384186,4.9126215,0.110956766
62,4.8753685160436405e-06,1.0137601539734732e-05,4.8753685160436405e-06,0.664518870920046,158.57444962019824,4.27229929,0.1101427
39,3.918949447591406e-07,7.196630056438622e-07,3.918949447591406e-07,0.30187233654475154,204.01941742654608,0.741618156,0.10860502
40,4.317088540066021e-07,7.996308361368719e-07,4.317088540066021e-07,0.31062128219405205,207.8400479041738,0.794440031,0.108600751
40,4.669112270084709e-07,8.739835568523373e-07,4.669112270084709e-07,0.3172479419287621,214.2795614261725,0.82696867,0.108431548
41,3.621112809409148e-07,6.618429276621504e-07,3.621112809409148e-07,0.29224214789435926,198.18523690966077,0.710517347,0.108568266
39,3.937937850781188e-07,7.248273178653042e-07,3.937937850781188e-07,0.3006053794459222,202.8569596326013,0.748065889,0.108501486
39,3.471214558175585e-07,6.281893767181057e-07,3.471214558175585e-07,0.28834331362774895,193.71443443207303,0.694343567,0.108514681
39,3.3107367243124755e-07,5.923280662631065e-07,3.3107367243124755e-07,0.2847944706619776,189.44470096098385,0.677125752,0.108572453
39,2.7675287976918776e-07,4.7316463200164955e-07,2.7675287976918776e-07,0.2710780193756248,172.55485872368507,0.608925581,0.108757921
38,2.7850095060387755e-07,4.7222495349581184e-07,2.7850095060387755e-07,0.27224035454097734,169.10401042461135,0.60923636,0.108754046
38,2.837109654608089e-07,4.768607035539912e-07,2.837109654608089e-07,0.2749350430668177,166.51747738775327,0.612370968,0.10874632
38,2.714119529876753e-07,4.520499706594329e-07,2.714119529876753e-07,0.2701773981870234,162.27364201745533,0.602568805,0.108617216
38,2.6863057749822633e-07,4.4352460138516897e-07,2.6863057749822633e-07,0.270415961393706,160.8685677836161,0.594888568,0.108495094
38,2.793609318761498e-07,4.697080287350027e-07,2.793609318761498e-07,0.270342040388887,163.4603840313119,0.617055953,0.108684808
39,3.0475726306041913e-07,5.325393495622192e-07,3.0475726306041913e-07,0.27890625353991616,180.15316372207468,0.643797338,0.108499639
39,2.93978784874141e-07,5.078089464342952e-07,2.93978784874141e-07,0.27574501882866886,175.98775230375168,0.632540226,0.108722292
39,3.214784516290411e-07,5.719007075524353e-07,3.214784516290411e-07,0.28120399907694044,185.7113153154668,0.672004342,0.108527258
36,2.2884570661750354e-07,3.621369992166349e-07,2.2884570661750354e-07,0.25189994558914774,141.87169526895295,0.606337011,0.108543009
37,2.3349532156792758e-07,3.728987701049406e-07,2.3349532156792758e-07,0.2546865233858231,146.04641323999616,0.600360572,0.108564712
37,2.4401043122651143e-07,3.931849705821903e-07,2.4401043122651143e-07,0.2593530834239537,149.821976715949,0.598234117,0.108488813
36,2.2222534488017073e-07,3.508442184946341e-07,2.2222534488017073e-07,0.24601812903216927,137.92658094552644,0.605396092,0.108716756
38,2.2398480262214612e-07,3.559575498291498e-07,2.2398480262214612e-07,0.2469555714856536,140.3653625424138,0.609919012,0.108623967
36,2.312804790364005e-07,3.587726187387013e-07,2.312804790364005e-07,0.248108520568297,132.4836930737117,0.611942768,0.108583406
36,2.2905992545729372e-07,3.57909635404114e-07,2.2905992545729372e-07,0.24674844443576655,134.09676925803777,0.617562354,0.108562648
36,2.2501511640979682e-07,3.54436587504356e-07,2.2501511640979682e-07,0.24595204223270345,136.2463055003049,0.619056225,0.108586147
36,2.343056333070573e-07,3.71336979450673e-07,2.343056333070573e-07,0.24545284608568776,134.0065496542015,0.649089158,0.108620279
37,2.422407957315253e-07,3.744770990662584e-07,2.422407957315253e-07,0.25079392353968954,130.77217690693806,0.621956527,0.108592287
36,2.4731717382434293e-07,3.7956441683875936e-07,2.4731717382434293e-07,0.25237571408134724,129.06354795720378,0.608938992,0.108722776
38,2.5558426074759944e-07,4.170339982223781e-07,2.5558426074759944e-07,0.262698250109991,153.02842597419433,0.599216163,0.108577669
38,2.6193728356835786e-07,4.3224977643446417e-07,2.6193728356835786e-07,0.2650933193458303,157.01075278492996,0.601146638,0.108453408
38,2.5349075252075734e-07,3.898827964454913e-07,2.5349075252075734e-07,0.2515197757312121,127.7448883448773,0.618843913,0.10864906
36,2.636381427293232e-07,4.0234166449912395e-07,2.636381427293232e-07,0.2549902378891744,126.17487410801657,0.605190814,0.108628735
37,2.687352023569829e-07,4.054223560759206e-07,2.687352023569829e-07,0.2575149396076515,124.15955549828541,0.580938101,0.108700708
38,2.7171706966425627e-07,4.1315810700481495e-07,2.7171706966425627e-07,0.2557622087060591,124.42685849599901,0.597689629,0.108698651
36,2.7166630763653615e-07,4.0705151383281605e-07,2.7166630763653615e-07,0.2579831818044083,122.25610431008587,0.571084976,0.108577468
35,2.7064649030112644e-07,4.0651674095339656e-07,2.7064649030112644e-07,0.25520347331368554,121.29720561500642,0.570836246,0.108621664
36,2.7005155060728633e-07,4.054865685759634e-07,2.7005155060728633e-07,0.25410726546706136,120.95015972661002,0.566452503,0.108704507
35,2.750829165948942e-07,4.088334925435965e-07,2.750829165948942e-07,0.2598392165962145,120.95785126457224,0.556715488,0.108694285
34,2.770156218565939e-07,4.130347394075499e-07,2.770156218565939e-07,0.25871275282529876,120.08632248448447,0.557836235,0.108638451
36,2.795478250279209e-07,4.174318452739294e-07,2.795478250279209e-07,0.2570393035984127,119.41673100367906,0.559069872,0.108772248
34,2.8451110982436227e-07,4.242156255006886e-07,2.8451110982436227e-07,0.26107284228092237,119.86117476528219,0.552723289,0.108655974
37,2.874117548367324e-07,4.30098127059405e-07,2.874117548367324e-07,0.2600254200357168,119.79919494090971,0.554050982,0.108651906
35,2.8068645054261406e-07,4.1955428785671084e-07,2.8068645054261406e-07,0.2553899722485113,118.59742572543355,0.566746652,0.108817481
36,3.142568985563711e-07,4.738867314963634e-07,3.142568985563711e-07,0.26626856934395154,119.30329747024196,0.596971929,0.108671062
37,3.2341155626669985e-07,4.903102316641373e-07,3.2341155626669985e-07,0.26667096622203385,118.60487991378925,0.615768969,0.108668581
36,3.422126019339274e-07,5.196853041659125e-07,3.422126019339274e-07,0.2714904611570467,118.22602696574401,0.653312445,0.10875003
36,2.9637074245668193e-07,4.428724762057649e-07,2.9637074245668193e-07,0.2623563503871428,119.11445203355422,0.566890597,0.108788878
35,2.997367202813487e-07,4.5101361154814735e-07,2.997367202813487e-07,0.26179480187167964,118.92873298389826,0.58748436,0.108774804
37,3.875972934768053e-07,5.975407387413822e-07,3.875972934768053e-07,0.2831577623582239,119.77287773945802,0.722915649,0.108725078
38,4.1257602041698704e-07,6.408994450483789e-07,4.1257602041698704e-07,0.28731589944505576,119.97613092788463,0.722508252,0.10859286
36,3.564577591133278e-07,5.44787076243214e-07,3.564577591133278e-07,0.27546678621449017,119.25169091008911,0.663800597,0.108738363
40,4.4291531003249486e-07,6.924905418307779e-07,4.4291531003249486e-07,0.29367361696876676,120.61273630255742,0.75209403,0.108698942
39,6.516437191302027e-07,1.0664579048205342e-06,6.516437191302027e-07,0.32971183496032164,124.98587980748013,0.988095284,0.108664595
38,7.421944644884493e-07,1.2374864215593378e-06,7.421944644884493e-07,0.3417404627129531,126.86782848573674,1.06728995,0.108609535
39,7.998012701604546e-07,1.3396555365594514e-06,7.998012701604546e-07,0.34870973403538497,127.12250353162099,1.07072413,0.108668849
38,5.828730101050606e-07,9.392059059433336e-07,5.828730101050606e-07,0.3186061954565364,123.15926615048564,0.902814686,0.108848423
40,5.480399971271874e-07,8.77187232600832e-07,5.480399971271874e-07,0.3100040871797742,121.4529201463978,0.830297768,0.108510099
42,8.611369587226131e-07,1.4655019849850538e-06,8.611369587226131e-07,0.3527342545053862,127.91270271336869,1.19445109,0.108623497
40,1.3556227637712105e-06,2.412225238150049e-06,1.3556227637712105e-06,0.40293350298789227,130.88171238854287,1.47087562,0.108253717
42,1.1970788547321227e-06,2.119745166563505e-06,1.1970788547321227e-06,0.38489729638168557,129.43549681127226,1.4059732,0.108431257
36,4.820530063104128e-07,7.532291704266157e-07,4.820530063104128e-07,0.30186166852057317,119.5611312219018,0.781599402,0.108766407
39,5.143563788678826e-07,8.133991224718426e-07,5.143563788678826e-07,0.3047661352738859,119.9447514708373,0.814194202,0.108507581
41,5.177542648007936e-07,9.790646162619895e-07,5.177542648007936e-07,0.3252967223513707,218.87589866757773,0.838764668,0.108295113
41,4.938421928849563e-07,9.321704381954205e-07,4.938421928849563e-07,0.32106321299324353,216.12841161757137,0.848615527,0.108400114
64,8.049407698762883e-06,1.7116168046172508e-05,8.049407698762883e-06,0.862066532198246,256.116093017838,3.06019235,0.110342301
59,2.7329961847294945e-06,5.5877186078462276e-06,2.7329961847294945e-06,0.5823287613809424,249.91506870532575,2.11701345,0.109250754
67,2.0267541312547264e-05,4.475297563221406e-05,2.0267541312547264e-05,1.2299863083985945,265.1105037510289,4.63653803,0.113231994
77,6.027994904533136e-05,0.00013445516104010482,6.027994904533136e-05,1.9274959920370007,279.46948539752555,7.00510645,0.115162641
95,0.00022873388420875977,0.0004891620190031709,0.00022873388420875977,4.330993112253584,350.4960435982596,11.0751009,0.110429518
47,1.521391907231957e-06,3.2328232752831085e-06,1.521391907231957e-06,0.4282804894021406,237.44205549468444,1.79460442,0.108577475
49,1.2992581044806402e-06,2.716700692523333e-06,1.2992581044806402e-06,0.41292971492560443,238.58987125891275,1.69812393,0.108697109
46,1.2429756828039764e-06,2.5789643352395927e-06,1.2429756828039764e-06,0.40521918868407836,234.64048257603136,1.59302402,0.108608551
45,8.656766683627586e-07,1.716381606600709e-06,8.656766683627586e-07,0.3724975931313775,231.03937756195455,1.13310969,0.108576901
54,1.2964573462545853e-06,2.7424966803947765e-06,1.2964573462545853e-06,0.42086324674439535,243.01229325784902,1.94636881,0.108944714
43,7.412695564335435e-07,1.4408063890478178e-06,7.412695564335435e-07,0.3584708921810325,227.9073948541508,1.04375684,0.108364314
44,6.214794779624399e-07,1.2000932071414786e-06,6.214794779624399e-07,0.3372144192696016,222.79729427054423,0.979686081,0.108368322
41,5.605865779162805e-07,1.0685853256562992e-06,5.605865779162805e-07,0.3320119900933577,218.93896395861697,0.943808794,0.108307198
111,7.146185533699947e-05,0.00013627896560250958,7.146185533699947e-05,2.895891219134733,298.57592833812436,9.15224552,0.110313833
134,5.253659464645034e-05,9.506999167184672e-05,5.253659464645034e-05,3.315568430232179,377.75843397913195,8.26329803,0.11119312
40,1.6623501539735006e-06,3.0183274914719166e-06,1.6623501539735006e-06,0.42514596353621564,132.17567519360804,1.66113961,0.108583488
41,1.4929927926946132e-06,2.6788942909962002e-06,1.4929927926946132e-06,0.4115620622441879,131.1050565469577,1.62559557,0.108541772
42,1.7501304687879858e-06,3.1471782656380546e-06,1.7501304687879858e-06,0.43284213339514915,132.47413482870547,1.87759507,0.108508617
46,1.774811170618737e-06,3.174049911722329e-06,1.774811170618737e-06,0.4362106383518771,132.75724540219898,1.89575696,0.108426295
47,2.2820349878324833e-06,4.136334768057837e-06,2.2820349878324833e-06,0.4727925105636821,134.88920598466848,2.34336257,0.108618408
50,2.5751142446308372e-06,4.760411843517045e-06,2.5751142446308372e-06,0.4883026544967961,136.46116236657772,2.7135272,0.109038383
53,2.8687215205611486e-06,5.59865632082277e-06,2.8687215205611486e-06,0.4982581556244506,138.65825230637918,3.04835701,0.109012753
53,3.236985411096223e-06,6.415985189984548e-06,3.236985411096223e-06,0.5240393745054926,141.91909185043897,3.29596066,0.109155364
55,3.7756452395373736e-06,7.619073138916751e-06,3.7756452395373736e-06,0.5610237927313727,146.73810320792415,3.59315228,0.109469369
59,5.170426604097136e-06,1.0435627793267195e-05,5.170426604097136e-06,0.6609696466474381,152.96311790694995,4.24161768,0.109953485
69,3.673744463345623e-05,7.403792956601109e-05,3.673744463345623e-05,1.4510827207176684,174.20448804821908,7.4342618,0.114307523
65,3.8991270198357476e-05,7.930660647544456e-05,3.8991270198357476e-05,1.4277363627964088,166.9756591437421,7.72668076,0.110631675
41,4.492636638384758e-07,8.385240996178351e-07,4.492636638384758e-07,0.31136050629817635,208.0543436428165,0.842149556,0.108575612
41,4.633265376005588e-07,8.701726814545433e-07,4.633265376005588e-07,0.3149421223184718,211.92224123927684,0.854103446,0.108524479
40,4.1862280657051665e-07,7.788759177019197e-07,4.1862280657051665e-07,0.30196697668137507,203.52388424001353,0.797025919,0.108627208
41,3.8394325834656543e-07,7.083199840788982e-07,3.8394325834656543e-07,0.29480728771565406,199.9730190346341,0.750831544,0.108492061
39,3.531464545797715e-07,6.390201735061828e-07,3.531464545797715e-07,0.29059675564416854,193.23745057328227,0.705782235,0.108441472
38,3.471347189485058e-07,6.252320024753778e-07,3.471347189485058e-07,0.2874939377727779,189.3438086343455,0.706057012,0.108447388
39,2.851994662961876e-07,4.901535319683295e-07,2.851994662961876e-07,0.27285937888326633,173.04358686046092,0.624534547,0.108738072
39,2.87489019121338e-07,4.928701311347844e-07,2.87489019121338e-07,0.27185021383348107,170.66325501947176,0.626848638,0.10867241
39,2.9018875814428304e-07,4.916468124053846e-07,2.9018875814428304e-07,0.2722635934111595,165.85699216142842,0.629929006,0.108716287
39,2.937296318494323e-07,5.036476873047587e-07,2.937296318494323e-07,0.2728904059577121,170.10887536270488,0.635709524,0.10866233
39,2.783582248839963e-07,4.64538584390775e-07,2.783582248839963e-07,0.2699733369956082,161.0690098829851,0.615446687,0.108622782
38,2.716768175652015e-07,4.501534386556668e-07,2.716768175652015e-07,0.26880343836552156,158.8259351648695,0.609594524,0.10860499
38,2.8756461416377956e-07,4.840590526124852e-07,2.8756461416377956e-07,0.27216288779597986,162.55982641425345,0.630401015,0.108665168
39,3.217450567061725e-07,5.709154301038078e-07,3.217450567061725e-07,0.28049698183733884,183.44672103785328,0.673718274,0.108511247
39,3.1443178397342863e-07,5.519133838969911e-07,3.1443178397342863e-07,0.27771761885994845,179.39724581871042,0.66348511,0.108611867
40,3.0721750916513996e-07,5.371719789890515e-07,3.0721750916513996e-07,0.27564002628579,176.9282608580856,0.657038093,0.108534515
39,2.987406172698288e-07,5.146187359986088e-07,2.987406172698288e-07,0.2757409702576481,173.11728623097866,0.644649148,0.108490795
39,3.473000204953379e-07,6.254507275843168e-07,3.473000204953379e-07,0.28508651831208565,187.57603915086844,0.706780612,0.108480595
36,2.3186256472048844e-07,3.701497857713345e-07,2.3186256472048844e-07,0.2518999025236556,143.36536189757422,0.618691802,0.108593881
36,2.435645187763961e-07,3.902977247822187e-07,2.435645187763961e-07,0.25866444578097664,147.30938448251842,0.597161829,0.10860315
38,2.5666073153568283e-07,4.17120797268517e-07,2.5666073153568283e-07,0.2621757865167455,151.1711519840767,0.610457778,0.108527698
37,2.519044470326005e-07,4.0767983048477255e-07,2.519044470326005e-07,0.25926660930096457,148.46729400336787,0.617652237,0.108657621
38,2.2446887173649131e-07,3.585971144734858e-07,2.2446887173649131e-07,0.2441212210923105,138.3874979248864,0.645277977,0.108741708
35,2.2907754666783662e-07,3.646945185594318e-07,2.2907754666783662e-07,0.24982853486777543,140.77155153090357,0.628972411,0.108572602
37,2.363297235181144e-07,3.706050866347786e-07,2.363297235181144e-07,0.24692897107964693,132.4607086543162,0.649117291,0.108600736
36,2.3577468491101374e-07,3.7611031819225545e-07,2.3577468491101374e-07,0.24675733514867457,136.67786070509328,0.66903615,0.108654045
36,2.3683341390612864e-07,3.787434095028829e-07,2.3683341390612864e-07,0.24602568079704323,135.1493132853698,0.689475656,0.108571179
37,2.444993950236537e-07,3.9200857704485744e-07,2.444993950236537e-07,0.24526965385251523,133.20711089518977,0.684762061,0.108669698
36,2.4273588839646137e-07,3.8191494740002217e-07,2.4273588839646137e-07,0.24803216992775717,131.28338291035482,0.678589523,0.108666845
38,2.439017630289609e-07,3.8054283673794713e-07,2.439017630289609e-07,0.24841139658734226,130.32128991435658,0.648858786,0.108576775
36,2.5035987291517816e-07,3.869760702154296e-07,2.5035987291517816e-07,0.25072795133560355,128.76991764144853,0.634782135,0.108584978
38,2.669276491762971e-07,4.1005103724031585e-07,2.669276491762971e-07,0.25445159395834144,126.72261778288083,0.623957813,0.108649932
38,2.653415307938465e-07,4.3647775963157744e-07,2.653415307938465e-07,0.2645498567667135,154.7115058920448,0.61407274,0.108598918
37,2.814089086780884e-07,4.292250826143574e-07,2.814089086780884e-07,0.2579091464287318,124.47808080091085,0.620016694,0.108841479
34,2.769707341476251e-07,4.169739908179667e-07,2.769707341476251e-07,0.2591128202537307,122.81480121313452,0.589778423,0.108673714
34,2.8472374845895524e-07,4.2896526424864894e-07,2.8472374845895524e-07,0.26093161611539134,122.64913473585594,0.59848237,0.10877955
35,2.752662555722461e-07,4.146369084065315e-07,2.752662555722461e-07,0.2563121700569124,121.62042128129836,0.585456848,0.108622402
36,2.7427630955434563e-07,4.124315359804257e-07,2.7427630955434563e-07,0.25352758499298866,120.22962415283531,0.583472431,0.108772814
34,2.8033100656656326e-07,4.224095082279092e-07,2.8033100656656326e-07,0.25537938488522716,120.53857049022879,0.590448797,0.108787768
35,2.753622854046956e-07,4.113179566142035e-07,2.753622854046956e-07,0.25525819542213496,119.80541643518418,0.569838643,0.108627513
37,2.725239097521697e-07,4.073764765864318e-07,2.725239097521697e-07,0.25389891415704513,119.54887260607758,0.569606662,0.108638667
37,2.7356797293098263e-07,4.108323357558108e-07,2.7356797293098263e-07,0.2508157583631561,118.3105235754923,0.576136649,0.108739376
36,2.75334537776881e-07,4.1140997946229854e-07,2.75334537776881e-07,0.25320936554445206,118.67919064579739,0.574145377,0.108643435
36,2.840538527539151e-07,4.241226079586737e-07,2.840538527539151e-07,0.2567530949161432,118.4991142467854,0.565425754,0.108629599
36,2.8434700224950706e-07,4.2496098644102543e-07,2.8434700224950706e-07,0.2580497469932669,118.6843422918434,0.565116584,0.108672
35,2.8813795303797066e-07,4.3066533878457105e-07,2.8813795303797066e-07,0.25515696334443405,117.1060049917696,0.581641674,0.108617373
35,3.1271896333973693e-07,4.701959005837085e-07,3.1271896333973693e-07,0.26505193870074745,117.8832181862982,0.596147954,0.108640566
36,3.286058184357725e-07,4.971582341648219e-07,3.286058184357725e-07,0.2675727907700142,117.58290236552142,0.618478358,0.108719565
37,3.423980678375159e-07,5.233688623357561e-07,3.423980678375159e-07,0.2692218121157894,117.66305629335162,0.656517565,0.108648092
36,2.986871364619939e-07,4.47072070266972e-07,2.986871364619939e-07,0.26017680311722585,118.00268929844276,0.572607994,0.10869702
35,3.0730359570348455e-07,4.602972406975716e-07,3.0730359570348455e-07,0.26278267477006767,117.69123573422354,0.586339951,0.108734511
36,4.074887757505808e-07,6.289400110427309e-07,4.074887757505808e-07,0.2858984261699487,118.38390850169009,0.727764308,0.108748071
36,3.7451089738521566e-07,5.748300779141555e-07,3.7451089738521566e-07,0.27772711181574816,118.4367736456354,0.681313038,0.1088387
37,4.268496415978689e-07,6.629606140661964e-07,4.268496415978689e-07,0.28844681761308755,118.61771082977766,0.75626266,0.108695395
40,4.434310420215658e-07,6.923674405211597e-07,4.434310420215658e-07,0.29186630698543714,119.18072476244197,0.771895945,0.10886617
38,6.297794175205705e-07,1.0177354578179797e-06,6.297794175205705e-07,0.32479486476920116,122.92140282148122,0.920828581,0.10863331
40,6.857136636747522e-07,1.1210240404648408e-06,6.857136636747522e-07,0.3321060614200405,124.24717279742597,0.978548467,0.108471334
39,7.424651884904042e-07,1.2238026478739985e-06,7.424651884904042e-07,0.34040552311946354,125.03476986790213,1.0328598,0.108576603
41,8.1110763165435e-07,1.353143075352688e-06,8.1110763165435e-07,0.3466440818011692,125.40373227753199,1.09465957,0.108631656
40,5.575782769206661e-07,8.912853386381274e-07,5.575782769206661e-07,0.31015956017607,120.3990522665772,0.859439075,0.108511142
37,6.211410679625717e-07,9.95430067169539e-07,6.211410679625717e-07,0.32280093151062356,120.86044092926875,0.879019797,0.108748317
42,9.366092586384537e-07,1.6153367242433037e-06,9.366092586384537e-07,0.35832300043119064,126.7912239356904,1.24366856,0.108598873
42,1.0878663293459644e-06,1.9204330011524007e-06,1.0878663293459644e-06,0.3703625522618921,126.82282363383374,1.43655181,0.108382478
42,1.3009319213926124e-06,2.331800777807776e-06,1.3009319213926124e-06,0.39146887648212236,128.60244099338783,1.57059538,0.108292952
37,4.888649207924565e-07,7.681732958888974e-07,4.888649207924565e-07,0.2987822654539162,118.22225576364906,0.84116739,0.108902946
39,5.260046719796449e-07,8.346621983561096e-07,5.260046719796449e-07,0.3035812726977472,118.76282869767834,0.880189598,0.108487546
42,5.313216474182773e-07,1.016426655283469e-06,5.313216474182773e-07,0.32353773722971396,216.84034959782267,0.939326286,0.108327724
40,4.969881578510607e-07,9.421843238700864e-07,4.969881578510607e-07,0.31913984057626776,212.95459198882924,0.906218767,0.108462453
58,3.3004187520401274e-06,6.703412645064095e-06,3.3004187520401274e-06,0.6252840481366708,247.64921299047816,2.25205207,0.109293491
55,1.5459280286665253e-06,3.2593646481460752e-06,1.5459280286665253e-06,0.4594737380446079,244.6267883607899,2.01890707,0.10903687
64,8.99674297632239e-06,1.925829736437814e-05,8.99674297632239e-06,0.8872212829459699,252.94712088589176,3.27562785,0.110895813
70,3.4963550924245484e-05,7.796092382586316e-05,3.4963550924245484e-05,1.480127092562375,264.7157348178552,5.77896738,0.112441219
95,0.0002185697229067993,0.0004676150721836032,0.0002185697229067993,4.259949533088882,348.21225743669385,10.8682718,0.110125519
75,5.449196383983999e-05,0.00012159309179185264,5.449196383983999e-05,1.9067882892343604,277.2191668418943,6.83240843,0.114935353
48,1.2042670852474782e-06,2.5062767461606993e-06,1.2042670852474782e-06,0.4009846626304734,235.81239636227912,1.53524065,0.108637929
53,1.1619404043372198e-06,2.446347055032018e-06,1.1619404043372198e-06,0.40363540104689977,239.47020229559996,1.67509627,0.108852215
47,9.84246050916027e-07,1.9819490953456834e-06,9.84246050916027e-07,0.38265236249074847,230.91730230225676,1.28912044,0.108585663
46,1.1671551750801894e-06,2.4131529750090377e-06,1.1671551750801894e-06,0.39764027499218807,232.9655126354417,1.46526885,0.108581118
43,8.303216026334039e-07,1.643015931139712e-06,8.303216026334039e-07,0.36671806133878976,228.3830567183639,1.18306267,0.108479097
43,7.056255076152938e-07,1.3685705280009816e-06,7.056255076152938e-07,0.35334076049875446,225.98848074865683,1.04496551,0.108306006
43,6.317282553696267e-07,1.2232963537055564e-06,6.317282553696267e-07,0.33899175613423566,221.31602620431894,1.02290702,0.108300686
43,5.588713536467189e-07,1.0780496796750378e-06,5.588713536467189e-07,0.3249056523314877,217.16100788536846,0.990025997,0.108263545
133,0.000418670410746609,0.0009145917831118775,0.000418670410746609,5.263361067702797,323.5171799920421,34.3796158,0.103264853
130,0.000390040207907037,0.0008570080779413054,0.000390040207907037,4.858065067009886,314.6819649951168,31.3353157,0.106876612
40,1.3725094650756503e-06,2.4328884830298197e-06,1.3725094650756503e-06,0.40226743672760124,129.52717646135832,1.62453604,0.108553775
45,1.2940489756269284e-06,2.315994308867711e-06,1.2940489756269284e-06,0.3899973013036634,129.14476796696,1.94057548,0.108553283
47,1.7048197414799813e-06,3.0881860728857396e-06,1.7048197414799813e-06,0.42565917668960757,131.12614856925566,2.07015491,0.108590782
49,2.463178137577927e-06,4.642671233572906e-06,2.463178137577927e-06,0.4741248435776056,134.28940908790474,2.5530386,0.108951807
56,3.4445261940214623e-06,6.9059204012988705e-06,3.4445261940214623e-06,0.5239148911907582,138.93684469028605,3.20066381,0.109098561
54,2.9117273831195226e-06,5.7094455445650175e-06,2.9117273831195226e-06,0.49413643927249745,135.66312684961565,3.03827167,0.109293178
60,4.926378279637531e-06,9.925956459927856e-06,4.926378279637531e-06,0.6090818966002157,144.22557462486662,3.97059369,0.109632947
59,1.0178616242979615e-05,2.0553009198909268e-05,1.0178616242979615e-05,0.8272420447376226,151.65354196573102,4.64133835,0.110302255
136,0.0006658742500463817,0.0015167254699157509,0.0006658742500463817,5.6299881921129895,320.856147455136,37.6224823,0.105639666
70,5.855644602498998e-05,0.00012129280724736805,5.855644602498998e-05,1.65011155086078,166.80568291365904,9.09490013,0.111530907
40,4.529811682763321e-07,8.500443126752204e-07,4.529811682763321e-07,0.31148060180157056,207.72947293525797,0.859744132,0.108617336
40,4.112543321432205e-07,7.666946190573144e-07,4.112543321432205e-07,0.29838122613758583,201.47133104080632,0.801566839,0.108552195
40,4.5242099207721057e-07,8.477418369826976e-07,4.5242099207721057e-07,0.30950550205563776,205.58579703315428,0.87091583,0.108441509
40,4.3059229701942327e-07,8.012727423739382e-07,4.3059229701942327e-07,0.3031114040727786,201.20334071361395,0.83052516,0.108362988
40,3.8952702355553436e-07,7.161896800743961e-07,3.8952702355553436e-07,0.2956524739565599,197.42106519258425,0.757098198,0.108655125
39,3.645458383533525e-07,6.627621990918624e-07,3.645458383533525e-07,0.2904443514161856,192.54822006083896,0.720657051,0.10858047
39,3.721132530296347e-07,6.780856528231424e-07,3.721132530296347e-07,0.2900894471516006,191.1394659613299,0.736670017,0.108522214
39,2.982170432592125e-07,5.099858285180849e-07,2.982170432592125e-07,0.27322843783592754,167.4463483404333,0.645140469,0.108740278
39,3.026889687425307e-07,5.218302967209772e-07,3.026889687425307e-07,0.2749252508394954,171.29933237494572,0.651819825,0.108543925
37,2.814385111938567e-07,4.694854484704165e-07,2.814385111938567e-07,0.26992260218671327,158.67836759220535,0.622336149,0.108599357
38,2.7766277078518663e-07,4.6070356453347247e-07,2.7766277078518663e-07,0.2676286530711912,156.9086570683694,0.622911632,0.108589821
37,3.022348552258249e-07,5.117600721701989e-07,3.022348552258249e-07,0.2742951213979363,163.31764180926638,0.65145582,0.108675562
38,2.929502177964516e-07,4.916162448095996e-07,2.929502177964516e-07,0.2722519988993073,160.46486271115378,0.637349606,0.10857065
38,3.3689632327891176e-07,5.992611584772967e-07,3.3689632327891176e-07,0.2828030450515941,183.00790660428734,0.693618536,0.108648695
39,3.210823070632044e-07,5.66293255981643e-07,3.210823070632044e-07,0.2768679470528476,178.49975451211546,0.680050731,0.108504698
39,3.133725253195582e-07,5.45482998782552e-07,3.133725253195582e-07,0.2779100302224706,174.69880648265675,0.675719678,0.108526461
39,3.580280444113662e-07,6.479082153964722e-07,3.580280444113662e-07,0.28577015285167295,186.9760060688599,0.73056215,0.108596191
38,2.3661960743906394e-07,3.813206869499584e-07,2.3661960743906394e-07,0.25177780176025394,144.49526313079863,0.627738237,0.108623691
37,2.3521404068416415e-07,3.787685894224155e-07,2.3521404068416415e-07,0.24839654521383883,141.53987205112261,0.645540535,0.108541138
37,2.504954452796878e-07,4.061039585027302e-07,2.504954452796878e-07,0.25624145974080753,146.5254484899013,0.637891471,0.10871163
38,2.620667099361576e-07,4.296852733342771e-07,2.620667099361576e-07,0.26093210366788794,151.3152553976819,0.627773583,0.108745575
37,2.6254045714928e-07,4.287091870271575e-07,2.6254045714928e-07,0.2603937875682978,148.88868977822975,0.637277663,0.108774848
38,2.30341932321406e-07,3.707979706519645e-07,2.30341932321406e-07,0.24461979671102663,138.92225501217325,0.668509722,0.108688608
37,2.409805270673053e-07,3.903502893398074e-07,2.409805270673053e-07,0.245908778128012,137.36163005117155,0.674884975,0.108618185
37,2.4909836390800044e-07,4.0371219619678447e-07,2.4909836390800044e-07,0.24669351144832435,134.8344673338662,0.728330195,0.108595125
37,2.468869001702416e-07,3.9436542243261384e-07,2.468869001702416e-07,0.2463819538464078,132.4207169985242,0.703496277,0.108807348
37,2.630709289671746e-07,4.268159829451861e-07,2.630709289671746e-07,0.24958403802526696,133.50035530445547,0.721394837,0.108617954
37,2.5295735509694673e-07,4.0162340848661015e-07,2.5295735509694673e-07,0.2483581208275537,130.99033874766695,0.698450923,0.108759947
38,2.5956702072099876e-07,4.080240410029282e-07,2.5956702072099876e-07,0.2503325787445686,129.19636284862867,0.703719854,0.108603977
38,2.6190214448174393e-07,4.099587816681154e-07,2.6190214448174393e-07,0.25121056479189546,128.51251371126224,0.681890965,0.108584337
36,2.6862943229731857e-07,4.166370658564451e-07,2.6862943229731857e-07,0.254167273232739,127.2692721019776,0.667585194,0.108578749
36,2.729952049768786e-07,4.195795048168908e-07,2.729952049768786e-07,0.2557541291357556,125.6918143082301,0.647314668,0.10864199
38,2.7040936982063933e-07,4.4558137716349876e-07,2.7040936982063933e-07,0.2650127820000355,154.21213782754725,0.624593914,0.108641259
37,2.820870816493662e-07,4.3096819444321053e-07,2.820870816493662e-07,0.25757465470987445,123.9329338629915,0.622854531,0.108778141
37,2.802684434600106e-07,4.2617686490661814e-07,2.802684434600106e-07,0.25557316122841,122.39509547403993,0.610132813,0.10863205
38,2.821829121911892e-07,4.2679625751929225e-07,2.821829121911892e-07,0.2566407494594085,121.50545523047207,0.605556428,0.108643912
36,2.7359687559819156e-07,4.1234054753306396e-07,2.7359687559819156e-07,0.25162274100649334,119.81744436696289,0.587455094,0.108831771
34,2.806279174362501e-07,4.230683802187663e-07,2.806279174362501e-07,0.2539512114814375,119.51155948761813,0.59726721,0.108745456
35,2.86190098363348e-07,4.3228299432642004e-07,2.86190098363348e-07,0.25617263969644716,120.15296381687348,0.608180881,0.108658448
35,2.7343236581220977e-07,4.103241994449078e-07,2.7343236581220977e-07,0.2524188767756417,118.82040067217964,0.582891345,0.108735323
35,2.791700213425371e-07,4.177463880045352e-07,2.791700213425371e-07,0.25233067090289835,117.57934545317437,0.583706379,0.108690731
36,2.878546206644013e-07,4.3237808280864445e-07,2.878546206644013e-07,0.2519980291817997,116.74764573447874,0.595265031,0.108669572
36,2.7511520124177857e-07,4.1405993260286427e-07,2.7511520124177857e-07,0.2495574481482778,117.91642083797501,0.58934319,0.10877794
37,2.85073622626489e-07,4.287495711895465e-07,2.85073622626489e-07,0.25377330646715973,117.93324958158982,0.575883508,0.108579464
37,2.9354601209127777e-07,4.4280800865802766e-07,2.9354601209127777e-07,0.2553737228388261,117.39943794192256,0.582458854,0.10864909
36,2.9089924860111267e-07,4.3751870215146153e-07,2.9089924860111267e-07,0.25400182446440933,116.91478998075972,0.588578284,0.108755849
37,2.9655284492746353e-07,4.467887562779842e-07,2.9655284492746353e-07,0.252947919212082,115.93628994178478,0.605483234,0.108760968
35,3.23943542663605e-07,4.872636361167981e-07,3.23943542663605e-07,0.2655203567871312,116.50637017331465,0.607625663,0.108778387
37,3.326736270129117e-07,5.047293719306128e-07,3.326736270129117e-07,0.2650128725432632,116.61883751898966,0.635074556,0.108814888
36,3.5294141194386985e-07,5.389088274498453e-07,3.5294141194386985e-07,0.27016448867821613,116.4133014327189,0.678925037,0.108730741
36,3.669627331591004e-07,5.627958153215816e-07,3.669627331591004e-07,0.2737587297880802,117.28645904706423,0.688052952,0.108704008
35,3.097782265984591e-07,4.6660237164855024e-07,3.097782265984591e-07,0.26051472997081704,117.01333618498884,0.594219506,0.108711921
36,3.9290718237893357e-07,6.062954594322375e-07,3.9290718237893357e-07,0.27935964551880715,116.97153175799775,0.725448012,0.108751923
37,4.455809066572131e-07,6.929527108279897e-07,4.455809066572131e-07,0.2919156480863323,117.9155470938018,0.787505209,0.109028183
36,4.2800760444252127e-07,6.64601518614559e-07,4.2800760444252127e-07,0.28649727755220905,116.94553290880577,0.775275409,0.10874781
39,4.586821866300933e-07,7.19652142859554e-07,4.586821866300933e-07,0.2910068669902831,117.64766799311067,0.822231054,0.109143272
39,6.564733930651113e-07,1.0648881424256596e-06,6.564733930651113e-07,0.32627382830817475,122.29594799130038,0.912528455,0.108564943
39,7.076315851511979e-07,1.1588201219982074e-06,7.076315851511979e-07,0.3327356859415268,123.46007052408451,0.969994783,0.108465433
41,8.079719171020716e-07,1.348271327168331e-06,8.079719171020716e-07,0.344382626985129,123.9812951687033,1.08702147,0.108472086
40,5.392530467454731e-07,8.589430981214937e-07,5.392530467454731e-07,0.3054524047453778,118.92433015079429,0.888635278,0.108511902
38,5.921659658615863e-07,9.528270302530962e-07,5.921659658615863e-07,0.31247495535870995,119.28856804286076,0.926762938,0.10856501
39,6.495007284188006e-07,1.0492718424770561e-06,6.495007284188006e-07,0.3244954422357169,120.8770218222085,0.923332453,0.108785257
42,9.910479700009483e-07,1.7233997861727597e-06,9.910479700009483e-07,0.36057032316441345,124.62507592024971,1.39025784,0.108574629
41,1.051446243040658e-06,1.8300414648260453e-06,1.051446243040658e-06,0.3670067636026289,125.93637971502339,1.40948141,0.108275272
41,1.1652753902717917e-06,2.036973657635861e-06,1.1652753902717917e-06,0.38124763238351417,127.24590684410877,1.57451987,0.108416237
36,5.045869736869819e-07,7.951612893400035e-07,5.045869736869819e-07,0.30100664945288014,117.51674120271308,0.872783661,0.108839244
37,5.54543625045627e-07,8.856553943252766e-07,5.54543625045627e-07,0.30506642792533323,116.95504933596308,0.921286047,0.108636275
41,5.256841701905594e-07,1.0091037393073852e-06,5.256841701905594e-07,0.3203578657237389,213.2471983552337,0.962650716,0.108364694
42,4.891477575571978e-07,9.313484011754473e-07,4.891477575571978e-07,0.31395575952029525,210.33054331700478,0.909950376,0.108498313
58,1.698743278720633e-06,3.5138990806089387e-06,1.698743278720633e-06,0.4836379221328628,242.39598564124475,1.96891034,0.10910023
64,7.213116316142512e-06,1.5279923648615397e-05,7.213116316142512e-06,0.8205345211663736,248.17005716734036,2.9647665,0.110203534
59,2.5789108932772233e-06,5.198427933221916e-06,2.5789108932772233e-06,0.568510010400411,242.33740861026226,2.02593136,0.109299943
65,2.2314159406078683e-05,4.955286829951587e-05,2.2314159406078683e-05,1.2367112704046896,256.02940236501786,4.9337554,0.111540936
76,4.622313711024729e-05,0.0001031471898942697,4.622313711024729e-05,1.8753566349501205,278.8011602618334,6.47941685,0.115375079
93,0.00017332427766061806,0.00037560479933995765,0.00017332427766061806,3.9073214399148943,345.42099476672723,9.99949551,0.109238558
54,1.113839549796e-06,2.350949000139297e-06,1.113839549796e-06,0.3907084489565306,235.80509850239108,1.68368173,0.108850352
51,1.1500005592859204e-06,2.4246186041567784e-06,1.1500005592859204e-06,0.40081745620544706,236.6260443974267,1.70334601,0.108813003
46,9.934941035558512e-07,2.0372075901540545e-06,9.934941035558512e-07,0.3777177479021415,229.86997074456826,1.39222133,0.10863702
50,9.664439847396115e-07,2.0163220003652294e-06,9.664439847396115e-07,0.3731529946710602,231.48931172286893,1.47996092,0.108942769
46,7.909305906482592e-07,1.5677237782884057e-06,7.909305906482592e-07,0.35806136871503075,226.42781929681226,1.18155503,0.108524881
43,6.87832383839564e-07,1.3412468496979348e-06,6.87832383839564e-07,0.3463097663822125,223.99701953091557,1.05505967,0.108338304
44,6.652824852433344e-07,1.3031912059651992e-06,6.652824852433344e-07,0.34132760417371333,221.26181660658932,1.10224628,0.108475737
42,5.92764359894462e-07,1.14669660298264e-06,5.92764359894462e-07,0.33137085427762114,217.33627274635492,0.987281561,0.108337522
44,1.1980487829760775e-06,2.1165955688968455e-06,1.1980487829760775e-06,0.3816829678572286,127.72220533586787,1.68119872,0.108561203
44,1.2271262992469328e-06,2.2068493992964623e-06,1.2271262992469328e-06,0.3807878331975181,127.57650368380202,1.89491749,0.108660474
49,1.793048673035017e-06,3.4046591958291187e-06,1.793048673035017e-06,0.42019021702014875,130.02292771457675,2.49638104,0.108932957
52,2.2347975728317184e-06,4.2361517475183695e-06,2.2347975728317184e-06,0.4545852573690178,132.30742731678933,2.58604503,0.109010056
60,9.584037633462524e-06,1.9216821763929518e-05,9.584037633462524e-06,0.7605343413227302,143.10057265007103,4.18354845,0.110155433
56,6.658786936531568e-06,1.3044699624076187e-05,6.658786936531568e-06,0.664072240583221,137.49296041706504,3.85409951,0.110182784
52,2.679338646634259e-06,5.09538661036815e-06,2.679338646634259e-06,0.4883905151907242,132.65513931188318,2.78412867,0.10928987
64,2.736110303918389e-05,5.581456169294401e-05,2.736110303918389e-05,1.1918760180808579,154.55320762206864,6.47750187,0.111576013
150,0.000990627087187004,0.002326539353000279,0.000990627087187004,6.660508470063366,335.00109590649294,49.3242493,0.104365207
85,0.00030347147114227497,0.0006638373860373373,0.00030347147114227497,3.1429638087022975,184.5193640091869,20.1924343,0.1107191
41,4.7528054279754014e-07,9.008604376133339e-07,4.7528054279754014e-07,0.3118462605999112,207.84323254885211,0.909256816,0.108511955
39,4.769450129463721e-07,9.038327401871472e-07,4.769450129463721e-07,0.3088341020668684,204.2490298375717,0.901609659,0.10836751
40,4.396408918936112e-07,8.270306504070677e-07,4.396408918936112e-07,0.30012821371661613,200.3692201659535,0.855431736,0.108422317
40,4.116096204615383e-07,7.595727077896462e-07,4.116096204615383e-07,0.29864488769957986,196.54136166384853,0.793818891,0.10857892
40,4.0064108038763194e-07,7.38724988007163e-07,4.0064108038763194e-07,0.29547726587453016,195.16856986812988,0.770542443,0.108510576
39,3.866545685896488e-07,7.078459575408382e-07,3.866545685896488e-07,0.29133985831522174,191.0650048167458,0.757977366,0.108441263
37,3.1659826020365536e-07,5.440149458209897e-07,3.1659826020365536e-07,0.27884401567828243,169.52314115448806,0.668876648,0.108630978
38,3.110073993142879e-07,5.305114228760239e-07,3.110073993142879e-07,0.2766673250359479,165.58507415852446,0.662798882,0.108752958
38,3.2024227244194547e-07,5.564118884344483e-07,3.2024227244194547e-07,0.2793135530845708,172.96601725626797,0.67391938,0.108602948
37,2.913273371531287e-07,4.862057835301197e-07,2.913273371531287e-07,0.2710242773383173,157.38101102648267,0.6428231,0.108557895
36,2.8649616779787136e-07,4.7336969535524886e-07,2.8649616779787136e-07,0.2705603165828451,154.65856771617425,0.638429582,0.108741164
37,3.1189638087552923e-07,5.296144091311378e-07,3.1189638087552923e-07,0.274394221607466,161.49895491968385,0.665283203,0.108534887
38,2.989829064699793e-07,5.033108474884295e-07,2.989829064699793e-07,0.27053266214772964,158.38163740301326,0.652839184,0.108519636
39,3.509130691711148e-07,6.28981932715756e-07,3.509130691711148e-07,0.2844138965067599,183.39716534983575,0.723436832,0.108576678
39,3.3329993055018544e-07,5.897441615678285e-07,3.3329993055018544e-07,0.27931338605349454,177.79458194222062,0.699361265,0.108690545
37,3.773471206700687e-07,6.810907539582578e-07,3.773471206700687e-07,0.2906002133025989,186.14718671477146,0.748081923,0.108488731
36,2.4524364622246085e-07,3.9476171898488794e-07,2.4524364622246085e-07,0.25473929793154365,143.80291076943564,0.642286956,0.108555578
36,2.405395952253509e-07,3.88392580675996e-07,2.405395952253509e-07,0.24961027225044208,141.17428686817442,0.662533402,0.108593933
38,2.5503766978239406e-07,4.1699150161098453e-07,2.5503766978239406e-07,0.25389437605681464,145.18536511673057,0.657810092,0.108641341
37,2.6401141555987283e-07,4.3096305109667975e-07,2.6401141555987283e-07,0.25963663018057226,148.02602714705546,0.650709331,0.108677983
37,2.748361281780096e-07,4.522551683750245e-07,2.748361281780096e-07,0.26584776411682065,152.3897699997761,0.63984251,0.108885512
38,2.7276782770448517e-07,4.490707186588006e-07,2.7276782770448517e-07,0.26187921686277027,149.5617245722838,0.657262146,0.108754002
36,2.41148726498502e-07,3.9151573238314406e-07,2.41148726498502e-07,0.24824204706044867,139.66771874780963,0.690808296,0.108636394
36,2.542525042741806e-07,4.135390224447855e-07,2.542525042741806e-07,0.24961956331703367,137.53176144620014,0.70013833,0.1086502
38,2.6267637744142323e-07,4.3155536673581605e-07,2.6267637744142323e-07,0.24891960381406739,135.24960115950057,0.781314671,0.108646244
39,2.6063613548226185e-07,4.200043576574184e-07,2.6063613548226185e-07,0.24773886376633586,131.24575667976794,0.741302311,0.108818077
36,2.8519860337059216e-07,4.6447755835891536e-07,2.8519860337059216e-07,0.2549861756637983,131.7670241117554,0.810721159,0.108555295
36,2.9119591806889626e-07,4.80411953225432e-07,2.9119591806889626e-07,0.2560901586144118,134.00882680187064,0.819330275,0.108671173
37,2.6903355465537956e-07,4.4300575533089443e-07,2.6903355465537956e-07,0.2522295465856122,135.925383319842,0.791048706,0.108640932
38,2.7277635974445605e-07,4.356375737790004e-07,2.7277635974445605e-07,0.2513690728156257,129.33952851926804,0.754370332,0.108681001
36,2.7054359186940376e-07,4.2434050784181214e-07,2.7054359186940376e-07,0.25262841950439563,127.93680276775082,0.700749099,0.108650349
37,2.817020807771764e-07,4.3691674834379366e-07,2.817020807771764e-07,0.2565169719470977,126.22322093481806,0.669168055,0.108656004
36,2.8651572296034133e-07,4.4152852234035636e-07,2.8651572296034133e-07,0.2581594673044611,124.53648232887593,0.667008102,0.108702436
37,2.9335782096646725e-07,4.4829373678804864e-07,2.9335782096646725e-07,0.2585514417282493,122.64138721497453,0.631536126,0.108671755
36,2.930624256994047e-07,4.46071676787622e-07,2.930624256994047e-07,0.25768002025997194,121.30974195652554,0.627681971,0.108682334
36,2.766383358629698e-07,4.1892624869312807e-07,2.766383358629698e-07,0.24924928936755647,118.82397988472485,0.597798526,0.108746164
35,2.86100811360181e-07,4.34901151526395e-07,2.86100811360181e-07,0.2513901932983245,118.87070413391962,0.617361367,0.108700447
36,2.9582626275179464e-07,4.516520230537676e-07,2.9582626275179464e-07,0.25486718093859334,119.90791064994032,0.631729186,0.108780593
35,2.7573950967618267e-07,4.167992758188539e-07,2.7573950967618267e-07,0.24862415825483164,117.76323496507825,0.597005308,0.108730987
35,2.8522876396655303e-07,4.301977951738353e-07,2.8522876396655303e-07,0.2500374860536729,116.43265594521277,0.605867386,0.108666793
37,2.847885712960315e-07,4.2941858882402886e-07,2.847885712960315e-07,0.2494447078540263,116.9742316182412,0.601023257,0.108751468
36,2.8537589653359435e-07,4.3203934193495326e-07,2.8537589653359435e-07,0.24820118965835822,116.74090928739267,0.612991035,0.108791597
36,3.0308343353831755e-07,4.5780761513738353e-07,3.0308343353831755e-07,0.2563980184159426,116.65207529325245,0.597941697,0.108723477
35,3.0352067545644384e-07,4.571672973474252e-07,3.0352067545644384e-07,0.25623734481423144,115.72956544010205,0.605821967,0.108803757
38,3.0954471889411016e-07,4.6884344195417753e-07,3.0954471889411016e-07,0.25308858219186453,114.9947955044896,0.628388405,0.108731292
37,3.0142910709923595e-07,4.5450120949998247e-07,3.0142910709923595e-07,0.2531901539083712,115.21979225662342,0.621253729,0.108649306
37,3.2260507261682196e-07,4.876371762011288e-07,3.2260507261682196e-07,0.2615327452443113,115.86417319092698,0.616349816,0.108699836
34,3.4634581907379214e-07,5.245663656212631e-07,3.4634581907379214e-07,0.2688230541866087,115.42982218968639,0.650141001,0.108909994
35,3.597315771816418e-07,5.513235287353111e-07,3.597315771816418e-07,0.26990434108649203,115.59318647166168,0.696581304,0.108884737
39,3.842057932314722e-07,5.939614414795585e-07,3.842057932314722e-07,0.2737218855076384,116.33036849841167,0.729229987,0.108709887
39,3.999327684011837e-07,6.213876450967903e-07,3.999327684011837e-07,0.27609372963512957,115.71056181029124,0.771593094,0.1087595
38,4.2720368485510817e-07,6.676827628480549e-07,4.2720368485510817e-07,0.2825193831406937,116.29194076972293,0.804074109,0.108883373
38,4.471169594663573e-07,7.017002438689715e-07,4.471169594663573e-07,0.2871450395363125,116.63731052039313,0.828504145,0.108927339
37,4.94552519523981e-07,7.788143626311839e-07,4.94552519523981e-07,0.2961535195243622,116.45919478760165,0.878852487,0.108838789
38,4.622944057165782e-07,7.271036243436596e-07,4.622944057165782e-07,0.2882934388201347,115.74284700917441,0.845456004,0.108678311
41,7.345901716049643e-07,1.2013255634981148e-06,7.345901716049643e-07,0.3357337479562539,122.15076706065008,0.95373559,0.10835246
42,8.831864329188683e-07,1.5004352093189738e-06,8.831864329188683e-07,0.3477541663804959,122.74382765101124,1.23007011,0.108573698
40,5.752140436087748e-07,9.248302672702042e-07,5.752140436087748e-07,0.3074782348106733,117.98652046372487,0.936020792,0.108501635
39,6.136163558757194e-07,9.904443124084877e-07,6.136163558757194e-07,0.31545341835490776,119.37161177100884,0.968403995,0.108499378
41,6.922695902272147e-07,1.1275320375202636e-06,6.922695902272147e-07,0.3270877701304335,120.27549957292047,0.997806609,0.108768888
42,9.053895034394952e-07,1.5513593987193647e-06,9.053895034394952e-07,0.3491500286100473,123.52892325072581,1.23979723,0.108734742
43,9.205315212546777e-07,1.5788822851949212e-06,9.205315212546777e-07,0.3526504469214107,123.89374719949149,1.32394063,0.108544834
45,1.0199476974801708e-06,1.7871465461971828e-06,1.0199476974801708e-06,0.3614270863047947,125.34827918116373,1.67549169,0.108491383
37,5.276510033590936e-07,8.413364545540999e-07,5.276510033590936e-07,0.2981176175742946,115.65255071663447,0.926548004,0.108582124
43,5.732119332621132e-07,9.283913854916382e-07,5.732119332621132e-07,0.3017385426837999,116.25178371999294,0.999247015,0.108526476
41,5.404923431783774e-07,1.0437473096965578e-06,5.404923431783774e-07,0.32202570111304407,212.81437509362866,0.985883951,0.10835322
39,5.090202898654294e-07,9.733929000757846e-07,5.090202898654294e-07,0.3155836477900235,209.08242532073552,0.93665868,0.108458504
58,3.2020428775045513e-06,6.441134767588542e-06,3.2020428775045513e-06,0.6192258182270458,240.63163060115525,1.96709943,0.109513044
55,1.4307839997328804e-06,2.9818217890057252e-06,1.4307839997328804e-06,0.44631789509105785,236.9571945664766,1.81179309,0.109042041
60,7.681348201077775e-06,1.6366579244873447e-05,7.681348201077775e-06,0.8197706272491546,242.12101726244745,3.18415642,0.109960519
67,2.5976412587521155e-05,5.8136299655081605e-05,2.5976412587521155e-05,1.3248586986078896,256.3536817313095,5.26003265,0.111969516
86,0.00017936356652883883,0.0003839705326146726,0.00017936356652883883,3.5388425888088695,314.45740568091117,10.0969791,0.111571178
46,8.86467083238712e-07,1.7992424956029385e-06,8.86467083238712e-07,0.3647347490729177,226.88599359310533,1.34416497,0.108667411
49,9.51992686929543e-07,1.977957543944798e-06,9.51992686929543e-07,0.37015115581805674,228.79056715479143,1.48385406,0.108935274
52,1.1122163082645976e-06,2.3375041921809407e-06,1.1122163082645976e-06,0.39515250281437736,232.34644637837712,1.61547053,0.109046571
45,7.381387398251991e-07,1.4607795492401953e-06,7.381387398251991e-07,0.3511457216838479,223.96908241290976,1.18411458,0.108539999
44,6.903519904955614e-07,1.3608948829616914e-06,6.903519904955614e-07,0.34261156309208635,221.04842467856662,1.12569368,0.108528167
43,6.272603733570298e-07,1.2319332373842599e-06,6.272603733570298e-07,0.33282966726168245,217.48797661377702,1.07131875,0.108534083
45,1.1726221807469382e-06,2.122802165758014e-06,1.1726221807469382e-06,0.37200675064094424,126.14562388298589,1.90043914,0.108694278
50,1.5499592898967352e-06,2.8992096322959943e-06,1.5499592898967352e-06,0.3995702948895108,127.66485612802644,2.35699129,0.108945243
53,2.477814162186596e-06,4.711923275585343e-06,2.477814162186596e-06,0.4654908820058576,129.21327295636127,2.68766665,0.109159775
68,3.1954965908034396e-05,6.564179004766167e-05,3.1954965908034396e-05,1.2295245817151073,150.18016679842827,7.54846954,0.112119816
58,1.0415128638027662e-05,2.0751447197143704e-05,1.0415128638027662e-05,0.7746488913009152,138.53625202846717,4.42927551,0.110475793
56,3.816271779808465e-06,7.1598954729046044e-06,3.816271779808465e-06,0.5534073345161433,131.15764656389848,3.04585981,0.109815173
91,0.0004741924840913054,0.0010518117808972901,0.0004741924840913054,4.160046430055441,209.14022800130724,24.6589813,0.106364675
75,0.00016766380400255095,0.0003700168608151303,0.00016766380400255095,2.504707087772468,176.9581175499529,16.507534,0.109602518
40,4.855948554159109e-07,9.263754573035703e-07,4.855948554159109e-07,0.30798158711822954,203.7541933470241,0.930944085,0.10839916
39,4.6982746860623857e-07,8.866015589889601e-07,4.6982746860623857e-07,0.30628112566931837,200.0279004792556,0.890296757,0.108354002
40,4.286793075022826e-07,7.997766383911411e-07,4.286793075022826e-07,0.29974092287452664,197.65253627577113,0.824514687,0.108552739
40,4.240254671547775e-07,7.850957606453953e-07,4.240254671547775e-07,0.2989847837409193,194.0006845269532,0.801814139,0.108491085
39,4.0314676709428735e-07,7.400329950293897e-07,4.0314676709428735e-07,0.2940220436430488,190.08659554124503,0.763436973,0.10843569
38,3.240290476880794e-07,5.606992737935156e-07,3.240290476880794e-07,0.27783441024785593,169.23265500578867,0.676016033,0.108533219
37,3.224641095239124e-07,5.535235063699722e-07,3.224641095239124e-07,0.2774909894076561,165.36419697629282,0.675904393,0.108622916
39,3.3949932652653514e-07,5.977987917028512e-07,3.3949932652653514e-07,0.2806555792443495,175.10576538201613,0.707089841,0.108774334
38,3.379441859657371e-07,5.91017963073359e-07,3.379441859657371e-07,0.280146506323918,172.3718597979104,0.703564107,0.10853292
37,2.9870287861750693e-07,4.985357162739735e-07,2.9870287861750693e-07,0.27053622409530637,154.8254081846598,0.660193503,0.108599111
36,2.869547126420266e-07,4.7356215691721047e-07,2.869547126420266e-07,0.2688169253533685,152.65214624902197,0.656036556,0.108893603
38,3.2752765821143985e-07,5.624662250568825e-07,3.2752765821143985e-07,0.27744373495260843,164.60645292034866,0.687315226,0.108674414
36,3.3218490777352225e-07,5.648820785476551e-07,3.3218490777352225e-07,0.2800529189467836,161.41652704964156,0.687476397,0.10859447
38,3.123907389671025e-07,5.258986538453272e-07,3.123907389671025e-07,0.27389799342526094,157.88311553629285,0.667900085,0.108433887
39,3.5235895651888337e-07,6.29486079378238e-07,3.5235895651888337e-07,0.2841243543729724,181.3091375829774,0.718300223,0.108461909
39,3.423080931950759e-07,6.083917729508917e-07,3.423080931950759e-07,0.280681677002433,177.47907263910417,0.706514537,0.108619384
38,3.9999616486817864e-07,7.322988039361732e-07,3.9999616486817864e-07,0.2933381365044229,188.7830599911617,0.762685955,0.108499348
38,3.909932597638553e-07,7.111525851078742e-07,3.909932597638553e-07,0.2914896541607739,185.10140451292233,0.767091036,0.108482212
37,2.526253801217884e-07,4.108296645058619e-07,2.526253801217884e-07,0.2530778950581666,142.13430587505465,0.688475013,0.108633704
38,2.6893412714584335e-07,4.4338819827985193e-07,2.6893412714584335e-07,0.25743750333151294,146.7228775381777,0.683251381,0.108584173
37,2.6875583339287125e-07,4.4297345858418565e-07,2.6875583339287125e-07,0.25658263506126744,144.44583877445814,0.698806167,0.10862527
37,2.9358716702127256e-07,4.858286774760996e-07,2.9358716702127256e-07,0.2677108985777702,150.70965184686565,0.672945499,0.108554058
37,2.943169095012729e-07,4.862666483014499e-07,2.943169095012729e-07,0.2658462768196824,148.56172593590264,0.694780946,0.108716413
38,2.554568078911088e-07,4.179629949313483e-07,2.554568078911088e-07,0.2509284902469201,140.47291050880455,0.722099781,0.108671285
38,2.587799210460288e-07,4.2527156586831693e-07,2.587799210460288e-07,0.24933303129320297,137.99348261484568,0.748217642,0.108669743
37,2.8429434511973605e-07,4.584692701953993e-07,2.8429434511973605e-07,0.2543468811537344,129.89212565806721,0.764739513,0.108664908
38,3.0661152446641407e-07,5.088027007473671e-07,3.0661152446641407e-07,0.25767074932562967,132.263744264515,0.855459154,0.108636476
37,3.025682983068691e-07,4.945317140204932e-07,3.025682983068691e-07,0.25732825478950794,129.8512922924335,0.858139277,0.10857445
37,3.0428099096202086e-07,5.113513218735134e-07,3.0428099096202086e-07,0.25751485811339336,135.12695341656584,0.910534501,0.108907476
36,2.775557849312407e-07,4.576353667666295e-07,2.775557849312407e-07,0.2557840208895832,138.1547204595212,0.795940101,0.108638018
36,2.875703884996891e-07,4.5769413032673387e-07,2.875703884996891e-07,0.2556986157921236,128.05264679237743,0.766078591,0.108694591
38,2.8717864722884794e-07,4.5493324993678444e-07,2.8717864722884794e-07,0.2540009243640402,127.07380185975883,0.732705474,0.108668841
37,2.953779935241869e-07,4.6163728375189546e-07,2.953779935241869e-07,0.2567693109392758,125.11004583521206,0.692661703,0.108829446
36,2.9309792616622883e-07,4.530481373554613e-07,2.9309792616622883e-07,0.256059070260241,123.1406945325964,0.656986594,0.108805537
36,2.959428531154356e-07,4.5375967028896124e-07,2.959428531154356e-07,0.25657202205012075,121.4561565598123,0.649390817,0.108733132
36,2.8202136720162546e-07,4.267872267447184e-07,2.8202136720162546e-07,0.24934573469936297,117.83352272940502,0.611555994,0.108634062
36,2.890047122236224e-07,4.4036185611400864e-07,2.890047122236224e-07,0.25099424647197655,118.43306913251229,0.632589936,0.108719371
36,2.8881441840580204e-07,4.3899284483628276e-07,2.8881441840580204e-07,0.24913766681932387,117.32456818540581,0.633360207,0.108703136
35,3.011203981737226e-07,4.616130689582143e-07,3.011203981737226e-07,0.25608606340763046,120.37022064514527,0.650357127,0.108682893
35,2.9851424662645423e-07,4.5687008583332105e-07,2.9851424662645423e-07,0.25320766993734223,119.24146670703504,0.641408801,0.108776309
36,2.8722065857133956e-07,4.3570864241892717e-07,2.8722065857133956e-07,0.24847910955513017,116.93447535313454,0.619750202,0.108707875
35,2.9596739224108107e-07,4.4654951030711446e-07,2.9596739224108107e-07,0.25146425018866453,115.71451943982339,0.622146368,0.108641088
35,3.0039815359645475e-07,4.551611353087836e-07,3.0039815359645475e-07,0.25050729141475836,115.32714115540949,0.628702998,0.108681031
36,3.200514289448689e-07,4.841750487073306e-07,3.200514289448689e-07,0.25948180471582005,115.45906890184273,0.614877284,0.108677037
36,3.174279569382418e-07,4.816429485027734e-07,3.174279569382418e-07,0.25608344171919045,114.72540013662918,0.634302497,0.108727574
36,3.212654009419459e-07,4.887936401248063e-07,3.212654009419459e-07,0.2548687224808268,114.12498554970374,0.640388846,0.108696483
37,3.19988193552099e-07,4.851414617051364e-07,3.19988193552099e-07,0.25574582207649904,114.01904044192702,0.647466838,0.108687595
36,3.012509971065318e-07,4.5720798853236276e-07,3.012509971065318e-07,0.25062507551395347,115.04093152059305,0.635079324,0.108582519
37,3.269556804265586e-07,4.943261123865707e-07,3.269556804265586e-07,0.26068471661483256,115.19776164365669,0.620349169,0.10865932
36,3.4924288361756907e-07,5.329803932895045e-07,3.4924288361756907e-07,0.26651402931217605,115.19173381064505,0.665142536,0.108826764
36,3.4145801477348045e-07,5.214038869884267e-07,3.4145801477348045e-07,0.26181355152620256,114.41850577407448,0.647349179,0.10874337
36,3.736329204366391e-07,5.753798502784385e-07,3.736329204366391e-07,0.2702359460449977,114.99590360725385,0.710398495,0.108780161
37,3.942578954092924e-07,6.109784474636981e-07,3.942578954092924e-07,0.27392846400049037,115.10623262875649,0.744548321,0.108708367
38,4.1997333030801123e-07,6.594348308003119e-07,4.1997333030801123e-07,0.2761118347303206,114.94709760647395,0.810984075,0.108716056
38,4.967613346674667e-07,7.88839295625942e-07,4.967613346674667e-07,0.29289835594866553,115.64331953894155,0.883843839,0.10853418
38,4.6704353241527477e-07,7.37790931459041e-07,4.6704353241527477e-07,0.28545262652137915,114.55195764980292,0.863250315,0.108746581
41,7.631782718353171e-07,1.2608815877172375e-06,7.631782718353171e-07,0.33597338630406315,121.04899946844392,1.0182575,0.108488373
41,7.918987592781192e-07,1.3206446848982594e-06,7.918987592781192e-07,0.33724200374197866,120.95020181199196,1.11034262,0.108390257
43,8.161759203385525e-07,1.3741500385856857e-06,8.161759203385525e-07,0.33824501867211126,121.46400694819596,1.11356974,0.108671568
42,6.080839285623766e-07,9.83738607224712e-07,6.080839285623766e-07,0.31040398131124414,117.21335688750574,0.992658377,0.108393639
43,6.557793134559935e-07,1.0681108486004176e-06,6.557793134559935e-07,0.3176728449822994,118.01302819405849,1.02866638,0.108365804
42,7.074931037335433e-07,1.1591606078306121e-06,7.074931037335433e-07,0.3263175908242128,119.64232827062439,1.03854883,0.108685791
44,8.428192673583592e-07,1.4281865424988622e-06,8.428192673583592e-07,0.3398848024435738,121.76373918873881,1.27863324,0.108717315
45,8.715338072877283e-07,1.5116157883348467e-06,8.715338072877283e-07,0.3398876563566631,122.87677865580604,1.38791752,0.108685985
45,9.838905975356589e-07,1.7872353023965403e-06,9.838905975356589e-07,0.348801042506083,124.32596901009478,1.83334732,0.108607195
42,5.264742436964729e-07,8.427195823698157e-07,5.264742436964729e-07,0.2953448336595017,114.78082017812395,0.942277491,0.108509399
43,5.900768162981842e-07,9.574703398565894e-07,5.900768162981842e-07,0.30468958933922935,116.07887526610071,1.0016768,0.10861288
41,5.618613819898125e-07,9.053225907920824e-07,5.618613819898125e-07,0.2997288229337391,114.41608454819186,0.984481394,0.108477987
40,6.249219684857172e-07,1.0097635442492824e-06,6.249219684857172e-07,0.31062371621554025,113.9257133166993,1.08256626,0.108462743
42,5.785193366236788e-07,1.1299969457370165e-06,5.785193366236788e-07,0.324054977801587,213.1963143802853,1.03044486,0.108503811
41,5.17210085110818e-07,9.966892839402486e-07,5.17210085110818e-07,0.3150128755961787,208.17305894514328,0.969768226,0.1084558
56,2.69420238438484e-06,5.412176861103276e-06,2.69420238438484e-06,0.5698274002045874,235.82302751924223,1.8219192,0.109273799
62,7.329610563188728e-06,1.5684506871008342e-05,7.329610563188728e-06,0.7969466594491947,239.15819885548484,3.08363795,0.109673329
68,3.6203194246693314e-05,8.096513673056727e-05,3.6203194246693314e-05,1.5339216155894788,259.49255175999264,5.98658323,0.113698252
86,0.00017686285843192669,0.00037863399141316436,0.00017686285843192669,3.6828721553534,321.49934587884604,10.1001511,0.111793719
46,9.060005168830026e-07,1.8376248025446729e-06,9.060005168830026e-07,0.3677346778926926,225.37439049039207,1.39447773,0.108557515
52,9.70577865075389e-07,2.0364436399495757e-06,9.70577865075389e-07,0.3701390202860109,226.53786506881613,1.58741021,0.108732887
54,1.2446035796996544e-06,2.5724378120474335e-06,1.2446035796996544e-06,0.41661576195661865,230.4943325204661,1.69408321,0.109119773
47,7.909768992129566e-07,1.5926471719068438e-06,7.909768992129566e-07,0.35242581902943615,222.9595742750736,1.27074587,0.10855078
47,7.239441351149393e-07,1.451450255547027e-06,7.239441351149393e-07,0.3429321017565084,220.33491433239885,1.23094833,0.108567715
44,6.210838627015038e-07,1.2325785576631386e-06,6.210838627015038e-07,0.32754463664037103,214.9133127516445,1.11309135,0.108461872
43,7.148554335412448e-07,1.4276733587344307e-06,7.148554335412448e-07,0.34435487461253134,218.2390833522243,1.25059927,0.108578295
46,1.1691389566503591e-06,2.128282147389727e-06,1.1691389566503591e-06,0.36872211830235824,125.09034745100897,2.00317192,0.108499244
49,1.5695225559230954e-06,2.868315327125902e-06,1.5695225559230954e-06,0.4002959749075929,124.51150553538899,2.01813626,0.108810954
52,2.4341699284435167e-06,4.539406597288167e-06,2.4341699284435167e-06,0.4640408013945277,126.70880498919018,2.53761673,0.109122969
73,7.213701878079505e-05,0.00014926373440288295,7.213701878079505e-05,1.736546014141457,156.5084155984577,9.98455143,0.11400909
59,1.290247213095096e-05,2.5367804180445647e-05,1.290247213095096e-05,0.853720984100632,137.17851592212904,4.73291063,0.111067601
69,4.111332329535053e-05,8.306544391223621e-05,4.111332329535053e-05,1.3789981990336673,147.17626010161422,7.9606719,0.112612434
57,9.780557895708996e-06,1.8409058954273283e-05,9.780557895708996e-06,0.7833920472533153,132.45049540871713,4.05431128,0.111339152
54,5.627021922754533e-06,1.0271307723999364e-05,5.627021922754533e-06,0.6387724470112898,128.60522638316672,3.10675192,0.110248215
90,0.00030616768736626415,0.0006764224634634392,0.00030616768736626415,3.5547566807557374,200.48948581200918,20.4267788,0.105684452
43,5.072217134478512e-07,9.750633855488304e-07,5.072217134478512e-07,0.3099763004782183,203.5943205235315,0.982880652,0.108396068
40,4.596264863012324e-07,8.66268705395809e-07,4.596264863012324e-07,0.30241296881651725,197.3969506598058,0.887198389,0.108423546
40,5.059276115781492e-07,9.68635905226709e-07,5.059276115781492e-07,0.3090888944186419,201.0960083084265,0.976724505,0.108335987
40,4.372556700049734e-07,8.136827650550636e-07,4.372556700049734e-07,0.298846477307405,193.40461781624302,0.816603005,0.108465403
39,4.303255415591054e-07,7.946880795743802e-07,4.303255415591054e-07,0.2977127898373353,189.83946907144087,0.801877737,0.108408101
38,3.383489484913181e-07,5.892714806612513e-07,3.383489484913181e-07,0.27997932434801764,168.97808257405032,0.703404844,0.108412653
39,3.4171351167667957e-07,5.943603087214751e-07,3.4171351167667957e-07,0.2792974095634965,167.73553603102965,0.70350939,0.108470291
39,3.5682549223724504e-07,6.354382082215052e-07,3.5682549223724504e-07,0.2829067474028119,176.68869150667203,0.729220033,0.108610123
39,3.5397051541786205e-07,6.249022359271676e-07,3.5397051541786205e-07,0.28272726762092176,173.40554022423353,0.73113364,0.108606167
36,3.1098627921289433e-07,5.17220938122004e-07,3.1098627921289433e-07,0.2732775658396325,153.4535210328276,0.670656264,0.108459316
37,3.192852538367941e-07,5.396217062414631e-07,3.192852538367941e-07,0.27418008976304914,157.0792945250403,0.679074287,0.108474381
36,3.1918234491095663e-07,5.35458770597366e-07,3.1918234491095663e-07,0.2733395433737271,153.94286410140728,0.693893433,0.108500503
38,3.4959174014177405e-07,6.034279605536331e-07,3.4959174014177405e-07,0.2819922877096295,164.75314006838784,0.714073658,0.108591497
36,3.4177058081119684e-07,5.806091591478747e-07,3.4177058081119684e-07,0.2815913517713645,160.09969949293503,0.694658458,0.108595274
38,3.5763204936749226e-07,6.149035203318423e-07,3.5763204936749226e-07,0.2828588471363727,161.45138083358665,0.719504535,0.108644277
39,3.762108867945397e-07,6.758577331673389e-07,3.762108867945397e-07,0.28968101952619774,182.25931666824587,0.756745219,0.108405665
39,3.8102452150474576e-07,6.872303717312082e-07,3.8102452150474576e-07,0.2876226965878608,180.29704304961325,0.756856978,0.108469769
38,4.1805034804127296e-07,7.689093700438771e-07,4.1805034804127296e-07,0.2946012565172365,187.0816696039604,0.780222535,0.108556338
39,3.9737091825088037e-07,7.234710186228722e-07,3.9737091825088037e-07,0.291136869955907,183.94061492023906,0.785040975,0.108521573
37,2.8407447881648377e-07,4.6629461975794356e-07,2.8407447881648377e-07,0.26140907014226655,143.05942096006694,0.719434023,0.108602099
36,2.6969618352711497e-07,4.421660605885299e-07,2.6969618352711497e-07,0.25582418297888304,140.7634231271369,0.717600644,0.108695567
38,2.879025554195117e-07,4.7614327571994375e-07,2.879025554195117e-07,0.2627528557851116,145.94747903076475,0.718582332,0.108627066
37,3.056943242942187e-07,5.089960459433301e-07,3.056943242942187e-07,0.26910307913464027,150.62580716804231,0.694456875,0.108557388
38,2.776437054369233e-07,4.594501126331241e-07,2.776437054369233e-07,0.2561881106195081,140.75490414152014,0.744380236,0.10873089
38,3.367923243202367e-07,5.689579071484664e-07,3.367923243202367e-07,0.2644319025302149,133.14372341904019,0.972502291,0.108799174
38,3.3212365915595234e-07,5.537720706330754e-07,3.3212365915595234e-07,0.2634772095678804,131.0911370677617,0.954471886,0.10860569
38,3.244756894559095e-07,5.33111425370035e-07,3.244756894559095e-07,0.26187242544366435,129.4230191322034,0.868315279,0.108691372
39,3.1495176296807283e-07,5.117065632979606e-07,3.1495176296807283e-07,0.25945822165855636,128.10675276121327,0.849332631,0.10875196
37,3.077185878935901e-07,5.199843963587749e-07,3.077185878935901e-07,0.2590000102332745,136.4497848228481,0.910099924,0.108757973
38,3.283205258325048e-07,5.544649923654386e-07,3.283205258325048e-07,0.2634206750808079,134.70500354473435,0.9496032,0.109045364
37,2.9739061103981366e-07,4.932960391810345e-07,2.9739061103981366e-07,0.2605980811789792,138.41046194042622,0.773843944,0.108449481
38,3.1217195790211955e-07,5.017743403888378e-07,3.1217195790211955e-07,0.25930103872417837,127.05953420380634,0.803550005,0.10859599
38,3.0872571278861366e-07,4.887894299622654e-07,3.0872571278861366e-07,0.2582697051794673,125.14948906957102,0.771083653,0.10868381
37,3.0387379086288926e-07,4.746700365783732e-07,3.0387379086288926e-07,0.2581518042936978,123.87214781962135,0.685335875,0.108838446
37,3.0871841830826785e-07,4.795095512959072e-07,3.0871841830826785e-07,0.2597471695475373,123.2044573894905,0.692625642,0.108703598
37,3.048586386979998e-07,4.7059792039340807e-07,3.048586386979998e-07,0.2584210342486461,122.36932015842976,0.675581634,0.108606912
36,3.101139250559608e-07,4.774398535257838e-07,3.101139250559608e-07,0.2583392071485281,120.97859616632178,0.666252196,0.108495772
37,2.8949031018367184e-07,4.418316532498212e-07,2.8949031018367184e-07,0.2476542677956421,116.82131040867365,0.639740407,0.108812742
37,2.9516827097917113e-07,4.524503891506797e-07,2.9516827097917113e-07,0.25002463062250213,118.11718325948101,0.647928357,0.108746931
34,3.0039706275486126e-07,4.581630785610224e-07,3.0039706275486126e-07,0.2524762024578697,117.20936209196731,0.649812341,0.108745024
37,3.123212362231728e-07,4.822768746996293e-07,3.123212362231728e-07,0.2572868381902913,120.05085466944291,0.679881513,0.108672015
36,3.094666983761481e-07,4.773237146434434e-07,3.094666983761481e-07,0.2539649678500673,118.78070741837152,0.666649759,0.108767822
34,3.004351827756996e-07,4.55289729459233e-07,3.004351827756996e-07,0.25229379917116357,115.6472474511032,0.642197013,0.108816497
35,3.0748410725526356e-07,4.671580009242766e-07,3.0748410725526356e-07,0.2512425937479073,114.91037788197272,0.64643085,0.108680926
36,3.323765840816604e-07,5.067293212266307e-07,3.323765840816604e-07,0.2587303305864535,114.28656639488803,0.648264408,0.108683191
36,3.337183222816415e-07,5.085106398050566e-07,3.337183222816415e-07,0.2579842914877471,113.82443257041125,0.659257174,0.108670078
38,3.3816671355134974e-07,5.188446077599149e-07,3.3816671355134974e-07,0.25545930580686094,113.26582410891005,0.683407187,0.108702064
37,3.203618405164461e-07,4.888595028912035e-07,3.203618405164461e-07,0.252680717947855,114.20054085932551,0.662870228,0.108674489
36,3.35113489591932e-07,5.126473434116544e-07,3.35113489591932e-07,0.2555221732222111,113.26573535581466,0.68635118,0.10873311
36,3.142568800106042e-07,4.792428538277457e-07,3.142568800106042e-07,0.2512804464187018,114.47476327534378,0.660824358,0.108672686
37,3.589509490288005e-07,5.495244575534218e-07,3.589509490288005e-07,0.2654566653223304,114.33792089404166,0.665438175,0.108758196
36,3.550019572382734e-07,5.451926705518987e-07,3.550019572382734e-07,0.26203341007812164,113.47312790735035,0.683336258,0.108761653
36,3.7242761751761473e-07,5.73121509200496e-07,3.7242761751761473e-07,0.2669459154045899,113.73561316257492,0.692551732,0.108758718
37,3.874716568507822e-07,5.983390333358804e-07,3.874716568507822e-07,0.2712485026719566,114.092463542187,0.722808897,0.108701959
35,3.996242515400162e-07,6.214483317554531e-07,3.996242515400162e-07,0.27291842896425594,113.88501085438303,0.762507081,0.108652949
37,4.366128077815617e-07,6.857884221686017e-07,4.366128077815617e-07,0.27918361519033197,114.32463610078305,0.828282595,0.10859473
41,5.149468512482601e-07,8.237302543687924e-07,5.149468512482601e-07,0.29128874935746774,114.16740534088923,0.936186552,0.108597755
40,4.7550329287310025e-07,7.559700513546996e-07,4.7550329287310025e-07,0.28284848789076644,113.83806651231356,0.859923005,0.108549736
45,7.406551683378204e-07,1.2314609806094553e-06,7.406551683378204e-07,0.3260306927938691,119.0068158572331,1.11153769,0.108511232
45,7.533363602736552e-07,1.270359966194694e-06,7.533363602736552e-07,0.32568248845681896,119.84648642112117,1.12008095,0.108482763
42,6.524230674095839e-07,1.0652559188868153e-06,6.524230674095839e-07,0.3135680227307314,116.50433051787512,1.05421925,0.108495452
43,6.78378539902423e-07,1.1158465533145584e-06,6.78378539902423e-07,0.3181632336142056,117.59021322872809,1.11468172,0.10867022
46,8.220568989618562e-07,1.4354142020046632e-06,8.220568989618562e-07,0.3257290900939753,120.13475289116077,1.39072549,0.108729258
45,8.744804804678468e-07,1.550558198302671e-06,8.744804804678468e-07,0.3351979548293411,122.16831166028001,1.61552846,0.108692236
45,1.055401946057146e-06,1.8713908940729666e-06,1.055401946057146e-06,0.35833297779140855,121.92217640396557,1.71710992,0.108792797
46,1.3838720742347163e-06,2.4801233837994373e-06,1.3838720742347163e-06,0.388401963211454,122.74318116108041,2.00468993,0.108774878
42,6.333298800247845e-07,1.032282275688097e-06,6.333298800247845e-07,0.308980001168091,114.70952154189695,1.09093308,0.108574115
43,6.477385708123837e-07,1.0586176045504431e-06,6.477385708123837e-07,0.31258135029725614,115.47865991560049,1.10778999,0.108723894
42,5.680432605832934e-07,9.125324938597546e-07,5.680432605832934e-07,0.30031855720896067,113.60917215373198,0.999913454,0.108530283
42,6.255832972687418e-07,1.009057174394722e-06,6.255832972687418e-07,0.30877339074314264,113.14125897601936,1.06394851,0.108499028
43,6.765494122802453e-07,1.0999362497751547e-06,6.765494122802453e-07,0.3144159423833649,113.13193212184677,1.12374365,0.10843458
42,5.704892715793225e-07,1.1140396563028593e-06,5.704892715793225e-07,0.3206013463992299,211.07913029718335,1.04102981,0.108540215
43,5.347960179589398e-07,1.0384103409359313e-06,5.347960179589398e-07,0.3140243639364444,207.86312731125784,1.01370275,0.108509853
58,2.0309429755229955e-06,4.080717564573487e-06,2.0309429755229955e-06,0.5142548452259883,231.29509084985546,1.78179789,0.109134227
59,7.939639811801609e-06,1.7105021086238068e-05,7.939639811801609e-06,0.8214646319732103,237.7716494125308,3.27898908,0.110454351
67,3.830056032451838e-05,8.532783628288745e-05,3.830056032451838e-05,1.6056847565167485,259.9230068514453,6.21658373,0.115115382
62,8.17724533821236e-06,1.761514974604171e-05,8.17724533821236e-06,0.8354801745638971,236.8556438385644,3.3906014,0.111940093
78,0.00014949241503487795,0.0003215183674918664,0.00014949241503487795,3.2983066087208144,309.112887127025,9.45682907,0.110522971
50,8.887906513402176e-07,1.8374276623206966e-06,8.887906513402176e-07,0.3592030700880205,223.91865239306367,1.48273218,0.108442806
51,1.170195942257147e-06,2.4178217543828562e-06,1.170195942257147e-06,0.40145979831640854,225.92631996003885,1.67890012,0.108899996
51,8.571694608563754e-07,1.784148642760139e-06,8.571694608563754e-07,0.35274610430345027,222.27469225277338,1.47793865,0.108413279
46,7.707593890631123e-07,1.5700892569215191e-06,7.707593890631123e-07,0.3453807383956575,220.18171365616396,1.36483443,0.108525492
44,6.251272912634552e-07,1.2484617064749648e-06,6.251272912634552e-07,0.3244365698771937,213.6962444850986,1.13512325,0.108356774
46,6.988006929079806e-07,1.4084802527891491e-06,6.988006929079806e-07,0.3361311333483788,215.9340669140841,1.22681487,0.108488008
48,7.853862480284319e-07,1.6081747255786872e-06,7.853862480284319e-07,0.3468261431471832,218.29413132567643,1.38836432,0.108417049
49,2.4215688505196243e-06,4.326075839466511e-06,2.4215688505196243e-06,0.4716807138272065,124.18706441352764,2.19964242,0.109086722
56,9.096612373712701e-06,1.6570616117229642e-05,9.096612373712701e-06,0.758611447099568,127.98994152567339,3.38277292,0.110413745
68,5.157693424713889e-05,0.00010394643808366262,5.157693424713889e-05,1.4325864073009416,141.77182195687342,8.27033329,0.113923244
76,0.0002376821394608237,0.0005124501775678699,0.0002376821394608237,2.963483589869074,178.24847093964084,17.7795753,0.106437661
65,4.2944573577660324e-05,8.428156593845628e-05,4.2944573577660324e-05,1.3520244051991948,137.02258631332265,7.70979977,0.113056175
43,5.376285948501063e-07,1.0449191174357732e-06,5.376285948501063e-07,0.312902886487336,205.28749147091443,1.02525461,0.108459629
40,4.86493418172818e-07,9.256641811777019e-07,4.86493418172818e-07,0.3035765922703591,197.42131495964392,0.924083352,0.108524479
42,5.212240947696937e-07,1.009653198478014e-06,5.212240947696937e-07,0.3079448213767073,200.82427261402586,1.01896703,0.108426444
39,4.665965656187019e-07,8.745526505751395e-07,4.665965656187019e-07,0.30233167061141525,193.5505537198928,0.859249711,0.108461477
39,4.540573532929682e-07,8.465827181997292e-07,4.540573532929682e-07,0.2992075858252448,190.50310749073273,0.842964351,0.108357765
38,3.6551981384129363e-07,6.423632936196378e-07,3.6551981384129363e-07,0.28705306026355876,171.83487639119048,0.727418244,0.108483724
38,3.699668122347803e-07,6.457948442444175e-07,3.699668122347803e-07,0.2859010410809024,168.27327505967568,0.729640543,0.108373329
39,3.7360634541261373e-07,6.659853571090663e-07,3.7360634541261373e-07,0.28750120723115274,176.09633579734904,0.74355185,0.108616307
36,3.31153460290981e-07,5.582913600305252e-07,3.31153460290981e-07,0.27453433242219066,152.8652545266192,0.705338299,0.108606577
36,3.4549644419778064e-07,5.866250705306075e-07,3.4549644419778064e-07,0.2794367637462928,157.05450066493034,0.706451654,0.108593173
40,3.6693182246827984e-07,6.375727903681823e-07,3.6693182246827984e-07,0.2843820479912452,164.61067760099627,0.728761613,0.108532488
39,3.545084958205892e-07,6.045977751857704e-07,3.545084958205892e-07,0.2824034380794391,159.14163433659039,0.710551918,0.108643398
39,3.754917978338662e-07,6.500533168422689e-07,3.754917978338662e-07,0.284971203505054,162.01167092817548,0.731654346,0.108652368
39,3.980784771994112e-07,7.166080820914831e-07,3.980784771994112e-07,0.29180426236189483,179.724731306201,0.752978265,0.108396254
38,4.364081530744076e-07,8.024089974426883e-07,4.364081530744076e-07,0.2983499349328062,185.7726725486251,0.817871571,0.10867276
39,4.6361925970905e-07,8.658358853131952e-07,4.6361925970905e-07,0.3005087937529965,189.9576821843678,0.851427794,0.108360879
38,4.2037104159613e-07,7.693511153333036e-07,4.2037104159613e-07,0.2944083710282144,183.33879127876367,0.804987609,0.108495384
37,2.8655857956342877e-07,4.763229453665868e-07,2.8655857956342877e-07,0.25843904116374555,142.00173410138265,0.766163528,0.108741008
37,3.129075852291696e-07,5.20759842155961e-07,3.129075852291696e-07,0.2675994181240259,144.24474196188604,0.785411537,0.108777009
36,3.015693717013782e-07,5.013302296775945e-07,3.015693717013782e-07,0.2656553538692156,147.20496124319612,0.72535187,0.108707592
37,3.2043104121585744e-07,5.368826522176054e-07,3.2043104121585744e-07,0.27014644333370225,149.52927855526218,0.742302954,0.108550452
37,3.0315161362615067e-07,5.053955378300675e-07,3.0315161362615067e-07,0.26178154469151615,140.4280600266607,0.786210179,0.108626835
38,3.6803477679714796e-07,6.286458198644791e-07,3.6803477679714796e-07,0.27098472825113357,132.80614516714263,0.966769218,0.108818039
38,3.976842583260996e-07,6.846357118629758e-07,3.976842583260996e-07,0.2757955111239399,131.13753942660355,1.05485535,0.108778775
39,3.5832225047456747e-07,5.993664277423772e-07,3.5832225047456747e-07,0.26777466266479527,129.7705018994297,1.00733137,0.108766779
38,3.493967167621988e-07,5.759816510163355e-07,3.493967167621988e-07,0.2667420148687081,128.0421650327207,0.950904191,0.108786151
38,3.3152244458557195e-07,5.336011255740586e-07,3.3152244458557195e-07,0.2626276354542972,126.31016972435275,0.833809495,0.108758382
38,3.284665405692541e-07,5.590665313302342e-07,3.284665405692541e-07,0.2638349429884286,137.7745795432079,0.935048878,0.108244419
39,3.648495153846006e-07,6.255087332559898e-07,3.648495153846006e-07,0.27079912889202196,135.1733450783195,1.05590796,0.108680598
37,3.3452280307190654e-07,5.35418582749978e-07,3.3452280307190654e-07,0.26279934721231296,124.83731139756098,0.811477005,0.10877984
36,3.245247343569383e-07,5.124096901287641e-07,3.245247343569383e-07,0.26254098967529654,124.11256050185055,0.773400664,0.108836778
36,3.271423281491907e-07,5.131032800281745e-07,3.271423281491907e-07,0.2627032139252954,122.56679001786198,0.718834758,0.1086592
35,3.239346192906655e-07,5.031597872749494e-07,3.239346192906655e-07,0.26161083552747555,121.49507308392802,0.697173893,0.108604252
35,3.3374393253530316e-07,5.192934992176971e-07,3.3374393253530316e-07,0.2619369329396278,120.47579191680286,0.706344426,0.108734749
36,3.0198514023138173e-07,4.6444488045423615e-07,3.0198514023138173e-07,0.24834919579923082,116.11452102801641,0.664188921,0.108807161
35,3.183028506474692e-07,4.895093365958327e-07,3.183028506474692e-07,0.2545163024391902,116.80158125866225,0.688034952,0.108675681
35,3.262063646956048e-07,5.045246282335891e-07,3.262063646956048e-07,0.2585596277728122,119.0786451438197,0.687481523,0.108759314
35,3.2264265411824546e-07,4.994180156957944e-07,3.2264265411824546e-07,0.2556389944999141,117.81920355483257,0.703624725,0.108716816
36,3.1706165781812015e-07,4.850416124362096e-07,3.1706165781812015e-07,0.25176240918702114,115.15936535158077,0.671937644,0.108758636
36,3.183911617194528e-07,4.879997068664766e-07,3.183911617194528e-07,0.251253081541976,114.4754716087745,0.675978959,0.108715512
36,3.238947952667333e-07,4.957366530707448e-07,3.238947952667333e-07,0.25252486799570806,114.1026453278228,0.675300658,0.108696349
36,3.3928046260368397e-07,5.205036826249036e-07,3.3928046260368397e-07,0.2573697338330851,113.46298776522846,0.674770355,0.108652085
37,3.5433632480408736e-07,5.431432248989986e-07,3.5433632480408736e-07,0.2594568739702227,112.6438100187671,0.699682176,0.108644925
39,3.486331115560501e-07,5.394707840829139e-07,3.486331115560501e-07,0.25425789860054243,112.76414979653389,0.715893269,0.108675435
37,3.420630744260738e-07,5.280466170738623e-07,3.420630744260738e-07,0.2536740676326913,113.12331614946139,0.719073534,0.108684108
38,3.6230809743978395e-07,5.584855347798336e-07,3.6230809743978395e-07,0.26098076104594425,113.28620793672735,0.693442643,0.108729705
36,3.902637272548816e-07,6.026384366734984e-07,3.902637272548816e-07,0.26751451094299283,112.62739612362547,0.726728141,0.108742334
36,3.898232382500188e-07,6.037184975154539e-07,3.898232382500188e-07,0.2688466988331356,113.09565743654997,0.728440642,0.108687781
40,4.084536732053793e-07,6.409521058050734e-07,4.084536732053793e-07,0.26944084639499943,113.27544300392375,0.771152735,0.108658545
41,4.2594433649441665e-07,6.721207610445802e-07,4.2594433649441665e-07,0.2723118140017717,113.40533218071774,0.809440613,0.108546041
39,4.636568172962976e-07,7.358852255415965e-07,4.636568172962976e-07,0.27969505412521417,113.4316937347293,0.864022136,0.108375423
41,5.357031799191217e-07,8.559096041817603e-07,5.357031799191217e-07,0.29355271140953404,113.20029719167702,0.94840008,0.108577043
40,5.101170763610309e-07,8.079490494423698e-07,5.101170763610309e-07,0.2904147032824253,112.59635571524714,0.899084449,0.108419083
43,7.338475232476399e-07,1.2340618079323995e-06,7.338475232476399e-07,0.3215289075818307,118.04722207767837,1.1419698,0.108615406
44,6.987565962216959e-07,1.160428474762943e-06,6.987565962216959e-07,0.318651284114464,117.72542934803425,1.1251564,0.10875348
46,8.115421145109715e-07,1.4071687939571125e-06,8.115421145109715e-07,0.3244072474096016,118.70473918575874,1.23321545,0.108683556
44,6.689963225393631e-07,1.1136585832631668e-06,6.689963225393631e-07,0.31100972709711383,116.13060221895927,1.16140461,0.108809806
47,9.89034294367682e-07,1.7433986355667897e-06,9.89034294367682e-07,0.3445704801530915,119.46897151326608,1.59314179,0.108836107
45,1.1746730392422881e-06,2.0756255728050465e-06,1.1746730392422881e-06,0.3654834698803098,120.18707750526308,1.68087506,0.108861759
47,1.7934145035766287e-06,3.150013375549789e-06,1.7934145035766287e-06,0.424469099337636,120.5461572580208,1.93655038,0.109086365
48,2.9428871783276396e-06,5.171814856196636e-06,2.9428871783276396e-06,0.504427768467132,122.09192831291855,2.21257424,0.109238304
42,6.940355301326822e-07,1.1318736672018257e-06,6.940355301326822e-07,0.31792624462821306,113.7197903798134,1.14602363,0.108503453
44,7.212026340099498e-07,1.1887525248199595e-06,7.212026340099498e-07,0.32041060980041663,114.28156736191764,1.18837011,0.108665563
42,5.82246370313374e-07,9.332605778595682e-07,5.82246370313374e-07,0.3018487511152138,112.97471034960839,1.01112676,0.108590886
44,6.767943518863276e-07,1.087957026975795e-06,6.767943518863276e-07,0.31649631869010825,112.19946971167282,1.06939125,0.108562082
43,8.426407583206882e-07,1.356738988346643e-06,8.426407583206882e-07,0.34076847125599047,111.74244726102398,1.16853428,0.108527184
42,7.465587623944486e-07,1.2103410066525372e-06,7.465587623944486e-07,0.32656705263993085,112.79913115318833,1.15487993,0.108619019
43,5.995961595299378e-07,1.1850930296054893e-06,5.995961595299378e-07,0.32136109461806805,210.15251393982217,1.08608091,0.108603209
54,2.3008345660831743e-06,4.6104092014269094e-06,2.3008345660831743e-06,0.5319322916510604,227.63424132160478,1.72441721,0.10948766
64,2.175555035547194e-05,4.8584102737892915e-05,2.175555035547194e-05,1.234517084951333,247.19265963230418,5.21863556,0.113303833
61,7.6095793215580065e-06,1.6365541569542033e-05,7.6095793215580065e-06,0.8040390009596943,232.62440682864354,3.28505611,0.111679941
56,2.522854279615199e-06,5.076396427486522e-06,2.522854279615199e-06,0.5460933731636574,226.73734844420548,1.83445549,0.109629206
96,0.00021493185200396916,0.000454988166957097,0.00021493185200396916,4.454737571364625,347.79194772609094,10.8046579,0.108617954
50,1.066337595774888e-06,2.1929808789680425e-06,1.066337595774888e-06,0.3890255411771983,223.61732249727166,1.61073446,0.108710088
51,8.392835208920275e-07,1.7314943434193245e-06,8.392835208920275e-07,0.3542088443945888,220.78958442265161,1.41921401,0.108455665
45,6.408167203629282e-07,1.2912403220856147e-06,6.408167203629282e-07,0.3247696670478886,211.7058482954609,1.18594563,0.108522415
47,7.020639311894415e-07,1.4249900313447202e-06,7.020639311894415e-07,0.33405114594565116,213.88333634233462,1.25885761,0.10845238
48,8.684792593560103e-07,1.7638327688546872e-06,8.684792593560103e-07,0.3575107987277036,215.1223708263933,1.42043126,0.108580858
50,9.305897728501028e-07,1.9000303877574404e-06,9.305897728501028e-07,0.36860416063024193,218.5787785461428,1.43841934,0.108604982
55,7.623955651831577e-06,1.3721402061192646e-05,7.623955651831577e-06,0.6944125503180799,124.31370575906931,2.74371171,0.10958752
57,1.351853870268963e-05,2.5148047472736415e-05,1.351853870268963e-05,0.8651921059072559,128.42574770530408,4.11347008,0.110976495
82,0.0003340518427154053,0.0006982390302181161,0.0003340518427154053,3.40792135435213,175.22194330876772,19.4220333,0.109457187
64,5.630356497003287e-05,0.00010785286125155752,5.630356497003287e-05,1.5311041743457237,136.69447919997097,8.03465652,0.111851506
90,0.0003877331413233617,0.0007808266120969287,0.0003877331413233617,3.737996692761435,172.85972563826545,19.0166874,0.104388371
42,5.851544981178113e-07,1.1539561479105807e-06,5.851544981178113e-07,0.3174683857270351,207.1842587799061,1.08910358,0.10849645
42,5.478255785184768e-07,1.0688849616955907e-06,5.478255785184768e-07,0.31243188803631444,203.13033456063138,1.06468165,0.10831368
41,5.157109030545258e-07,9.933678636362383e-07,5.157109030545258e-07,0.30696351164501057,198.39505546738587,0.997937381,0.108605333
41,5.024770309314031e-07,9.571889890172474e-07,5.024770309314031e-07,0.3058280777766127,195.45338498372845,0.952764392,0.108602993
43,5.517334360995043e-07,1.0804337690612772e-06,5.517334360995043e-07,0.31011275320241477,201.02230974211648,1.06855357,0.108338594
40,4.838197381806273e-07,9.148570358478797e-07,4.838197381806273e-07,0.30218940341074557,191.98142235560934,0.916536331,0.108376041
39,3.86110253409965e-07,6.84237758841588e-07,3.86110253409965e-07,0.2876049835181113,171.93047435856752,0.744329274,0.108472593
38,3.9227383173335533e-07,7.02629313394135e-07,3.9227383173335533e-07,0.2895152221562512,175.19744994976327,0.77298367,0.108633794
39,3.8865554991679256e-07,6.829889070982165e-07,3.8865554991679256e-07,0.2882092748497816,168.85834639271226,0.74852711,0.108448729
39,4.041793903175916e-07,7.297268558530763e-07,4.041793903175916e-07,0.29071625290637715,178.2572792365726,0.77934444,0.108447537
36,3.521919463800747e-07,5.935752635019287e-07,3.521919463800747e-07,0.279198187883119,152.49583848359222,0.730603337,0.108789824
38,3.474975297733619e-07,5.916777409445811e-07,3.474975297733619e-07,0.27809905342994534,155.75265660026193,0.718460917,0.108733028
39,3.885222170885873e-07,6.780251960970506e-07,3.885222170885873e-07,0.2895454438209447,165.33425104850573,0.760821879,0.108446799
37,3.7199277317166985e-07,6.364130704560004e-07,3.7199277317166985e-07,0.28468237154320863,157.48387391609015,0.728564084,0.108658895
38,3.8148786142497356e-07,6.569437596068469e-07,3.8148786142497356e-07,0.28629884989606125,159.69373015520142,0.735404372,0.108612195
38,4.083926252603336e-07,7.100377930736469e-07,4.083926252603336e-07,0.2909307593479004,161.9496777956184,0.753426373,0.10853795
39,4.296696779798199e-07,7.841007660127605e-07,4.296696779798199e-07,0.29479289019397964,180.29858376733173,0.807569683,0.10845194
40,4.449644207531635e-07,8.218008497678349e-07,4.449644207531635e-07,0.2962826388804328,184.15595279826246,0.845603645,0.108764656
40,4.7617062240219087e-07,8.89131693411421e-07,4.7617062240219087e-07,0.30130329439290787,187.69769974773578,0.873493135,0.108460903
38,3.2234924263325726e-07,5.40859030677889e-07,3.2234924263325726e-07,0.26796934774759457,144.61255370219965,0.812168598,0.108812578
37,3.1608042168683403e-07,5.30787248845095e-07,3.1608042168683403e-07,0.26620331072944353,142.41197422261382,0.854657352,0.108912535
37,3.2412139944211585e-07,5.430756259562832e-07,3.2412139944211585e-07,0.27075094379475534,147.6738572610117,0.779675126,0.108590096
37,3.387386662242043e-07,5.706462876661215e-07,3.387386662242043e-07,0.2734081848513594,149.58895971028812,0.744714499,0.108621448
37,3.3852589578119724e-07,5.791184509177152e-07,3.3852589578119724e-07,0.2679375519867987,140.46396101840014,0.958701551,0.10840337
38,4.2054048116402494e-07,7.360307637427937e-07,4.2054048116402494e-07,0.2795104671019351,133.84557438160763,1.13307714,0.108757839
39,4.381187345069466e-07,7.519398135290692e-07,4.381187345069466e-07,0.2822579190144335,130.24909130649488,1.12714612,0.108574472
39,4.541432075340814e-07,7.868822432240141e-07,4.541432075340814e-07,0.2863209008338709,132.4460970647169,1.14061773,0.108693033
38,4.0588197759137787e-07,6.859108591463704e-07,4.0588197759137787e-07,0.27629199015723654,128.53474752950603,1.04252541,0.108777769
37,3.7717535040156187e-07,6.162433402152317e-07,3.7717535040156187e-07,0.2724753108539668,126.14846300006118,0.937661946,0.10864345
37,3.595330945310658e-07,5.77837706294119e-07,3.595330945310658e-07,0.26833736503391836,124.37267177382776,0.812607944,0.108657151
37,3.854028861073649e-07,6.768196763451592e-07,3.854028861073649e-07,0.27450913186607034,138.32470571365062,1.08993161,0.108461492
39,3.786306682390943e-07,6.554464889438199e-07,3.786306682390943e-07,0.2733636419852337,137.2094700154332,1.09196043,0.108495899
41,4.3392637725787495e-07,7.666687833907076e-07,4.3392637725787495e-07,0.28213104291972435,135.7093247172846,1.19381809,0.108552873
38,3.494006343661154e-07,5.547587639287071e-07,3.494006343661154e-07,0.26581228534237844,123.30603242704866,0.795759022,0.108765751
35,3.554121081336805e-07,5.601463533834258e-07,3.554121081336805e-07,0.26693759736059003,121.56446415269505,0.74728626,0.108659633
36,3.500230787662738e-07,5.45625689983266e-07,3.500230787662738e-07,0.2638115312011378,119.5249413280267,0.725088716,0.108768791
37,3.6173988931155876e-07,5.726159476467191e-07,3.6173988931155876e-07,0.26496921796765516,120.9020913408164,0.756299973,0.108691484
34,3.261920620925295e-07,5.022432196622566e-07,3.261920620925295e-07,0.25484365947123433,115.44022550496419,0.700113714,0.108605787
36,3.2699030090983887e-07,5.052223678596836e-07,3.2699030090983887e-07,0.25563804411967134,116.64217919324285,0.709957719,0.108640857
36,3.329584201954946e-07,5.18400053309168e-07,3.329584201954946e-07,0.2572296051950409,118.56167883341871,0.696982145,0.108720243
33,3.4230544202648676e-07,5.302020916654493e-07,3.4230544202648676e-07,0.2607287374300766,117.12307104739595,0.716348827,0.108683839
36,3.1973669768473954e-07,4.915062845113473e-07,3.1973669768473954e-07,0.2520921824666956,114.6177208093349,0.68674165,0.108662248
38,3.3150654579300717e-07,5.115973006201454e-07,3.3150654579300717e-07,0.25140691185355213,113.79298839568769,0.687591434,0.108632825
37,3.6040220916732336e-07,5.555805864501698e-07,3.6040220916732336e-07,0.25979648438928854,112.5175035653564,0.704485953,0.108668566
39,3.649690962670391e-07,5.676631824202768e-07,3.649690962670391e-07,0.2562953393476272,112.21224844475529,0.737529814,0.108550034
38,3.7703239166709835e-07,5.855723727518373e-07,3.7703239166709835e-07,0.2595747234210782,112.14778722549067,0.726145744,0.108647056
37,3.6547829799168535e-07,5.678499607758369e-07,3.6547829799168535e-07,0.2563547045417976,112.10501050695053,0.755735993,0.108588651
38,3.507523686327843e-07,5.465036265158375e-07,3.507523686327843e-07,0.2529180934018476,112.95083823704539,0.737894654,0.108593091
38,3.8191989097871183e-07,5.909424859890577e-07,3.8191989097871183e-07,0.2638020803576366,112.32706451543855,0.735591412,0.108699493
37,3.9228343527767983e-07,6.083631234830937e-07,3.9228343527767983e-07,0.2663476900722724,111.98509465142692,0.748083234,0.10868758
39,3.9999652057718255e-07,6.252934573122168e-07,3.9999652057718255e-07,0.26683013730153926,112.685265007517,0.757372081,0.108714439
37,4.291679186728959e-07,6.702489681454338e-07,4.291679186728959e-07,0.27155891073055094,111.3822997372216,0.792752385,0.108627982
39,4.2872038351623593e-07,6.744540548937931e-07,4.2872038351623593e-07,0.27199458249870945,112.43541020108994,0.788067102,0.108654335
41,4.7453815966571014e-07,7.550379046742489e-07,4.7453815966571014e-07,0.27949133256143094,112.74496098498457,0.866394103,0.108479917
40,4.3964432313070957e-07,6.955319796812096e-07,4.3964432313070957e-07,0.2716542157020404,112.2627081531967,0.800513625,0.108615004
41,5.653385112391686e-07,9.01913805552288e-07,5.653385112391686e-07,0.29832593657330964,112.42475970576541,0.977017999,0.108588815
40,4.771422302289555e-07,7.574756637440072e-07,4.771422302289555e-07,0.2809465133452283,112.2724973709934,0.883188009,0.108514346
41,5.324144099775402e-07,8.423432591939571e-07,5.324144099775402e-07,0.29273874644461945,111.74313158011473,0.928022742,0.108553872
44,7.311892527133339e-07,1.2333484110035485e-06,7.311892527133339e-07,0.31742668807638613,116.77386186873532,1.17618072,0.108735815
45,8.092298629601211e-07,1.3924696836150379e-06,8.092298629601211e-07,0.3233118941638181,117.08737192142664,1.25584257,0.108813293
46,7.2257758170598e-07,1.2108681324495394e-06,7.2257758170598e-07,0.3183934802414545,115.82149699807134,1.20405591,0.108641833
46,9.143597093939916e-07,1.5951007229039128e-06,9.143597093939916e-07,0.33412598430759116,117.80280776057678,1.38667834,0.108832143
47,1.042979782092375e-06,1.8081391311749914e-06,1.042979782092375e-06,0.3522868199552474,117.83819429938411,1.51769161,0.10870824
47,1.3429014109712763e-06,2.336756506643664e-06,1.3429014109712763e-06,0.3838534023978342,118.36625245980665,1.70017552,0.10873238
48,2.6386376161211826e-06,4.6486256003924875e-06,2.6386376161211826e-06,0.4770735366203871,118.46807872784002,1.88718045,0.109178819
50,4.6959057747038405e-06,8.393598156436707e-06,4.6959057747038405e-06,0.5811766776949043,120.40798188881453,2.32751989,0.109348938
53,9.180640526138375e-06,1.6773635134867863e-05,9.180640526138375e-06,0.7283216452449196,122.280047937239,3.0212431,0.10988991
44,8.907320348238516e-07,1.4492990742478362e-06,8.907320348238516e-07,0.3455720225729515,112.55326588203386,1.22664106,0.108654037
44,8.347925238894343e-07,1.3711297921931603e-06,8.347925238894343e-07,0.33774201031795437,113.8164573358061,1.23976624,0.108613089
43,6.73700279613495e-07,1.0812713966526066e-06,6.73700279613495e-07,0.31519037344412165,111.76597556655749,1.06371152,0.108647078
43,8.042046677863835e-07,1.288405993640304e-06,8.042046677863835e-07,0.33510453261029355,111.07577189463723,1.11764145,0.108647801
45,1.1391716741769092e-06,1.8805542125652195e-06,1.1391716741769092e-06,0.36988592477276233,110.97326277913913,1.24584055,0.108630955
45,1.02655952809908e-06,1.6801225775417784e-06,1.02655952809908e-06,0.3588736693599641,110.28851926908982,1.1826843,0.108792633
63,2.603133259026006e-05,5.822597234257557e-05,2.603133259026006e-05,1.3138198171054483,246.179703955282,5.52155828,0.113780141
57,3.7193131541631743e-06,7.705186392100376e-06,3.7193131541631743e-06,0.6146404382084285,225.57909693449662,2.3171351,0.109599374
57,7.850540135502612e-06,1.7010421755219624e-05,7.850540135502612e-06,0.8260011612966522,232.08960625741346,3.42557311,0.1113052
56,1.5795792256075655e-06,3.1575637859669142e-06,1.5795792256075655e-06,0.4559299227808408,222.077747719219,1.60732436,0.109212607
84,0.00016940773255590816,0.0003597311861338124,0.00016940773255590816,3.3967316125800466,300.00506060272613,9.97864056,0.112643749
46,6.276568019617833e-07,1.2582182227904974e-06,6.276568019617833e-07,0.3231685707083361,209.15017433351105,1.16526663,0.108556807
45,7.417127544020854e-07,1.502385397405984e-06,7.417127544020854e-07,0.3401373328396708,211.29196067436854,1.294927,0.108573012
45,6.986763020166435e-07,1.4063216394889138e-06,6.986763020166435e-07,0.33425238204099034,208.71896086575975,1.24328852,0.108475275
50,9.472838192909417e-07,1.932263247296274e-06,9.472838192909417e-07,0.37013099639753305,215.29428761473085,1.48111069,0.108714037
53,1.0577314578086216e-06,2.1407754105298647e-06,1.0577314578086216e-06,0.389704198022713,218.17276784132724,1.53217757,0.108853608
58,2.7456041928841834e-05,5.187792700419626e-05,2.7456041928841834e-05,1.1190270319360853,128.7864442857094,5.45706701,0.112354897
79,0.00025333610298220133,0.0005020417419169426,0.00025333610298220133,3.0118513134881684,158.75615672258297,15.2930059,0.109282151
43,6.22345533649629e-07,1.2335946227312e-06,6.22345533649629e-07,0.32378557675060515,205.23004912394967,1.13910484,0.10835173
41,5.458900289867167e-07,1.0640687260683176e-06,5.458900289867167e-07,0.30785769919581585,197.80504468673587,1.05942535,0.108624645
43,6.413735398106417e-07,1.260606321636132e-06,6.413735398106417e-07,0.32855212551738616,202.30765407211936,1.13494718,0.108418748
41,4.99867328553276e-07,9.433290490886701e-07,4.99867328553276e-07,0.30440809195010643,189.46558754278297,0.949277103,0.108342864
42,5.46898567226166e-07,1.0571858286688761e-06,5.46898567226166e-07,0.3071177014575032,194.17506455182468,1.03999865,0.108442016
39,3.9781125281822417e-07,7.12729221163489e-07,3.9781125281822417e-07,0.28834268475333863,172.94516775397258,0.769186914,0.108603388
38,4.2021846658224863e-07,7.580553540549778e-07,4.2021846658224863e-07,0.2939893254074854,176.53425429478136,0.780762732,0.108483315
39,4.149558232472147e-07,7.395527943048232e-07,4.149558232472147e-07,0.29187995645759396,170.72336628959965,0.794901788,0.108492605
40,4.0881381273605975e-07,7.237034610767559e-07,4.0881381273605975e-07,0.28986633142715795,167.40660935997937,0.77737397,0.108395547
37,3.6005444784335585e-07,6.110105402871745e-07,3.6005444784335585e-07,0.2792637257180184,152.70670126268067,0.735383689,0.108696312
38,3.8623521968137847e-07,6.620268774648855e-07,3.8623521968137847e-07,0.2849076118888319,155.36347026562646,0.751784384,0.108637802
41,4.160390336173776e-07,7.298470411407304e-07,4.160390336173776e-07,0.2915547815382093,164.21400653225615,0.784275472,0.108386524
39,4.113313785912103e-07,7.150297250045572e-07,4.113313785912103e-07,0.28845547039507496,158.2287206753563,0.771299899,0.108568132
39,4.2978767038531953e-07,7.51980084445048e-07,4.2978767038531953e-07,0.2932639387799119,161.21137527805152,0.789850891,0.108428881
40,4.603137982511795e-07,8.498300642536995e-07,4.603137982511795e-07,0.2981939914445014,181.69473028830564,0.870904624,0.108518802
39,4.4780758729720556e-07,8.180936902238287e-07,4.4780758729720556e-07,0.29664421311721473,178.65941143807296,0.831087112,0.108402133
42,4.896346951324871e-07,9.154363158843197e-07,4.896346951324871e-07,0.302848582737022,186.28166813805547,0.924999058,0.108397976
37,3.399532417282147e-07,5.713332666613118e-07,3.399532417282147e-07,0.27317046076714824,146.11151380473945,0.825051665,0.108700201
38,3.5050756841994835e-07,5.935176117777216e-07,3.5050756841994835e-07,0.27336955774195215,143.50130286586133,0.892956614,0.108718559
36,3.556026466257778e-07,5.999782316685301e-07,3.556026466257778e-07,0.27812678605975205,148.65860034671113,0.770460129,0.1086035
38,3.7047165603097767e-07,6.42040721123313e-07,3.7047165603097767e-07,0.2730296036136962,141.13692909775045,1.01475704,0.108734615
40,5.25653598174835e-07,9.140301325721531e-07,5.25653598174835e-07,0.30473775321965957,134.87193884440825,1.25386178,0.108713739
40,4.784474685938762e-07,8.285948551258486e-07,4.784474685938762e-07,0.2896824398613115,129.82643846793883,1.17433596,0.108526632
41,5.807555362342942e-07,9.896851772468188e-07,5.807555362342942e-07,0.3167851537381518,132.78876329230786,1.26445317,0.108548976
38,4.202631984450118e-07,7.003002297874342e-07,4.202631984450118e-07,0.27962282210013734,126.6534964146461,1.05988717,0.108777806
38,4.5982768505584353e-07,7.906821735816e-07,4.5982768505584353e-07,0.2853329928718951,128.56999090219455,1.16906619,0.10880141
38,3.8552732905214487e-07,6.273844401768301e-07,3.8552732905214487e-07,0.2732038865812045,125.16224613006493,0.889018416,0.108599536
39,3.8362196605090173e-07,6.211952858556264e-07,3.8362196605090173e-07,0.27215418160349586,124.23216304676735,0.884406567,0.108719058
36,3.746084231201878e-07,5.987506714848898e-07,3.746084231201878e-07,0.27120176895474557,122.84266080675765,0.825707674,0.108796865
37,3.8256337878215735e-07,6.578386665749859e-07,3.8256337878215735e-07,0.2765616158766073,139.9631106742311,0.939191163,0.108683497
37,4.5355440026763325e-07,8.184058692537594e-07,4.5355440026763325e-07,0.2851339999900781,138.14883743682893,1.23139715,0.10862191
40,4.7478997858911163e-07,8.298371504467305e-07,4.7478997858911163e-07,0.2950275681950649,137.08633490171044,1.31158173,0.10865549
40,6.055239153979739e-07,1.0411109656333432e-06,6.055239153979739e-07,0.322166121487768,135.18096642307376,1.35089147,0.108707406
36,3.639314433999886e-07,5.704183179465352e-07,3.639314433999886e-07,0.2658603044704583,119.1960873443993,0.744575024,0.108654059
36,3.8868651427506895e-07,6.168997452624737e-07,3.8868651427506895e-07,0.2728257929765019,121.17992621320757,0.814108193,0.10851483
37,3.923371438981641e-07,6.21162282075815e-07,3.923371438981641e-07,0.27175636127646857,119.85890907548841,0.807476342,0.108554445
36,3.369868328738304e-07,5.221911903487978e-07,3.369868328738304e-07,0.2562437902596639,115.80874864375245,0.727063239,0.108573362
35,3.320519714308771e-07,5.138976904322655e-07,3.320519714308771e-07,0.25415439301034704,114.9495403021723,0.70066756,0.108642161
35,3.4750805167844035e-07,5.42333260132263e-07,3.4750805167844035e-07,0.25789784640769414,116.47525559811446,0.746750653,0.10859637
37,3.6245546396921664e-07,5.684219027470583e-07,3.6245546396921664e-07,0.26375249795273853,118.53138543196117,0.750086784,0.108696744
34,3.6978000002383484e-07,5.792743028478102e-07,3.6978000002383484e-07,0.26453426013174697,117.11568102006309,0.747306943,0.108607993
37,3.3408187474097045e-07,5.183094126279415e-07,3.3408187474097045e-07,0.2529675568663505,114.61167144323717,0.724942088,0.108651616
37,3.3578406570942226e-07,5.188390273818686e-07,3.3578406570942226e-07,0.25321755605850904,113.89315666378374,0.705941319,0.10864909
38,3.548735177185832e-07,5.524931193243631e-07,3.548735177185832e-07,0.25415114175677384,113.14995616603538,0.725651741,0.108561173
40,3.8218203676657485e-07,5.995706411686728e-07,3.8218203676657485e-07,0.25692836906830213,111.76699860977457,0.765138328,0.108519025
39,3.9374875970107666e-07,6.175818161885768e-07,3.9374875970107666e-07,0.25968069198276944,111.72151925005392,0.765420198,0.108564749
38,4.040625349069223e-07,6.307320287152352e-07,4.040625349069223e-07,0.26491564178326515,111.5532031575265,0.771671295,0.10862273
39,3.800324896630644e-07,5.961120849157995e-07,3.800324896630644e-07,0.2566497913300988,111.76620816873888,0.78518492,0.108596332
36,3.771435940433643e-07,5.896218587405607e-07,3.771435940433643e-07,0.25767954516813957,111.94632815810184,0.781713128,0.108725607
39,4.436008859148032e-07,7.006424880296706e-07,4.436008859148032e-07,0.2726359222238351,111.52273991276778,0.808775723,0.10860505
40,4.3723405178331684e-07,6.863174216271269e-07,4.3723405178331684e-07,0.2707045749873953,110.99702156456806,0.802888989,0.10853859
41,4.945485004044019e-07,7.728039046851329e-07,4.945485004044019e-07,0.28545935321139043,110.7212265667905,0.846544921,0.108529061
38,4.2183172323327967e-07,6.64963760387628e-07,4.2183172323327967e-07,0.2647676354584712,111.19095507747949,0.798931181,0.108552262
40,5.014895632282532e-07,7.902193994973477e-07,5.014895632282532e-07,0.2868672721783554,111.48160739726697,0.881742835,0.108561508
41,6.364532200389863e-07,1.0084855760743228e-06,6.364532200389863e-07,0.31202742169753966,111.34221725495067,1.00173283,0.108514845
42,5.872991749286861e-07,9.274576654124863e-07,5.872991749286861e-07,0.30253238642803654,111.16735946076088,0.949752688,0.108506858
41,6.193068594417529e-07,9.726420774935056e-07,6.193068594417529e-07,0.30854480808438345,110.30688876799309,0.951861024,0.10850402
44,8.272057541982993e-07,1.392689977928813e-06,8.272057541982993e-07,0.330722449947937,115.17689450438158,1.24939597,0.108643353
47,1.000673693746704e-06,1.703555127907522e-06,1.000673693746704e-06,0.350409407039446,116.31073296660178,1.3605634,0.108843334
47,1.8682836539186113e-06,3.24771005274168e-06,1.8682836539186113e-06,0.42700205439838074,116.10549996112755,1.69824266,0.108982384
49,2.2756218579312283e-06,3.976802982907345e-06,2.2756218579312283e-06,0.45523090798142185,116.75013778885281,1.75815666,0.108982764
51,7.985470995261573e-06,1.4896102729231808e-05,7.985470995261573e-06,0.669824359006353,118.52997249371997,3.23954582,0.109131731
54,1.8819181373743976e-05,3.57237136406242e-05,1.8819181373743976e-05,0.9084250487610714,122.30511951386498,4.21630621,0.110233508
46,1.2688997247826126e-06,2.1249469459287133e-06,1.2688997247826126e-06,0.38003928831877454,111.91814991516242,1.29826009,0.108641259
45,1.3009556173350254e-06,2.19107170232344e-06,1.3009556173350254e-06,0.38209082075204276,111.1910687672304,1.3527323,0.108711623
45,1.2554156792691497e-06,2.1058812210543355e-06,1.2554156792691497e-06,0.37885571791029937,112.63093547336824,1.32498455,0.108672857
47,9.341477188158998e-07,1.5537311386118237e-06,9.341477188158998e-07,0.3467760126563657,114.1840993380446,1.29151523,0.108773641
41,7.619558548995652e-07,1.2150691565735692e-06,7.619558548995652e-07,0.3301944684699018,110.9088664657451,1.0835346,0.108577721
44,8.881452103940242e-07,1.4406727597636351e-06,8.881452103940242e-07,0.3409169404506492,110.19460123596747,1.10586011,0.108772628
45,1.5984898431474878e-06,2.778951426777607e-06,1.5984898431474878e-06,0.3997112759843878,109.7906135825412,1.69624698,0.108659908
46,1.8707643041402086e-06,3.332577171662994e-06,1.8707643041402086e-06,0.4147898475733375,109.98624369104878,1.89638281,0.108731218
46,1.5965081097071355e-06,2.785292177869292e-06,1.5965081097071355e-06,0.3978818871998041,109.03853451609493,1.77545989,0.108999394
65,2.321374999511331e-05,5.198672189873363e-05,2.321374999511331e-05,1.2517800808053703,243.01908824753883,5.36202621,0.114415571
55,2.7277676928882242e-06,5.573371349713539e-06,2.7277676928882242e-06,0.5450667949939029,220.68214219440318,2.02181768,0.109113924
59,9.644107008048384e-06,2.1184173922709753e-05,9.644107008048384e-06,0.8524233662325338,227.71345882006318,3.89652896,0.110748202
92,0.00017555325268736892,0.0003740338492901177,0.00017555325268736892,3.9075516117338496,325.93894884721175,10.0990095,0.111735925
44,6.830300207269326e-07,1.3553731044313107e-06,6.830300207269326e-07,0.33546251654114334,206.11750427510103,1.18646502,0.108504139
48,8.497752137355011e-07,1.7103886880476755e-06,8.497752137355011e-07,0.3584230691445397,210.86872939677122,1.40292001,0.108678736
45,7.329508997394816e-07,1.4626532042117837e-06,7.329508997394816e-07,0.34151483210195277,206.9980288702325,1.28131485,0.108440034
53,1.4135051639617175e-06,2.7994723406474284e-06,1.4135051639617175e-06,0.43356865207265544,216.2979645290447,1.55704749,0.108872145
50,1.1601279052014355e-06,2.2921558116153904e-06,1.1601279052014355e-06,0.4025808826919242,212.5850405591141,1.4636811,0.10882172
65,4.9741023785789084e-05,9.360178862315385e-05,4.9741023785789084e-05,1.3793532252123102,127.89812102553122,6.53438377,0.112825826
73,0.00015044467752606353,0.00028729614319151754,0.00015044467752606353,2.350788583224434,145.14548167898735,11.253706,0.114008576
87,0.0003023862402421982,0.0005810027591101399,0.0003023862402421982,3.4928397733182877,166.7105110696291,15.3195028,0.108762942
43,5.90207160044146e-07,1.1498241010104145e-06,5.90207160044146e-07,0.32077429125468265,198.64418081898629,1.11076427,0.108422741
44,7.008106538337316e-07,1.3820456047029337e-06,7.008106538337316e-07,0.3374724697275927,202.66333962155423,1.25493574,0.108489864
41,5.106100751736889e-07,9.657615392981432e-07,5.106100751736889e-07,0.3047850764015589,187.7389145944767,0.972270906,0.108136982
43,5.564571954423976e-07,1.0601170499642114e-06,5.564571954423976e-07,0.3160751582731602,191.19985772916834,1.02377903,0.108389616
42,6.149362470191663e-07,1.1842103924713523e-06,6.149362470191663e-07,0.32703078878633496,195.60469152468247,1.11657095,0.108583078
38,4.3750163507342277e-07,7.908197995241351e-07,4.3750163507342277e-07,0.29622951841518147,174.8333419049201,0.813446581,0.108446203
39,4.3259028238876165e-07,7.772196382232968e-07,4.3259028238876165e-07,0.2935482864031647,171.62496650381928,0.812270582,0.108455375
38,4.246091062073655e-07,7.524712261413063e-07,4.246091062073655e-07,0.2951104536760605,167.40644677913923,0.794092059,0.108346865
36,3.925204773598251e-07,6.695695098187241e-07,3.925204773598251e-07,0.2875279978280482,153.4866689410827,0.762584567,0.108615041
37,3.7032183417518185e-07,6.296975510451405e-07,3.7032183417518185e-07,0.27945349328398067,151.01061185158315,0.765549064,0.108587183
39,4.156034070471942e-07,7.169348738847441e-07,4.156034070471942e-07,0.2888233569031855,154.44342684910612,0.772731781,0.108610198
39,4.492231082335604e-07,7.948805897444034e-07,4.492231082335604e-07,0.2969145390493442,164.43387109092646,0.817588568,0.108270399
37,4.239758210116382e-07,7.329030232344194e-07,4.239758210116382e-07,0.29339090956848035,157.6460487126364,0.778039217,0.108592212
38,4.5459691462868197e-07,7.965503381984774e-07,4.5459691462868197e-07,0.2987777891354864,160.44112423413117,0.819347918,0.108318195
40,4.6940409658692537e-07,8.70249617910333e-07,4.6940409658692537e-07,0.2992991447220798,181.72077390273017,0.891189873,0.108445659
40,4.628804056790534e-07,8.514878162382271e-07,4.628804056790534e-07,0.29843485677172926,178.5265041365733,0.901061594,0.10836228
42,4.921251957366195e-07,9.241799498174378e-07,4.921251957366195e-07,0.30163897899490827,184.78157832765444,0.952630639,0.108254246
38,3.568023637789426e-07,6.03799693384196e-07,3.568023637789426e-07,0.2758509736803562,145.82243105274333,0.852678537,0.108604603
38,3.8904686584110903e-07,6.694091200872087e-07,3.8904686584110903e-07,0.2791241321065463,143.092899944457,0.987061083,0.108668111
37,3.8206777034965366e-07,6.496011496251455e-07,3.8206777034965366e-07,0.28200245398166274,148.34567725566703,0.847640574,0.108557202
42,6.485833163697538e-07,1.1090146925438723e-06,6.485833163697538e-07,0.32430763483416264,130.65136659327572,1.32694542,0.108551562
40,6.91744454442812e-07,1.1851014662350643e-06,6.91744454442812e-07,0.3354307878166123,133.00075844563347,1.36296701,0.10845615
37,4.789327251689848e-07,8.062587313319283e-07,4.789327251689848e-07,0.2894082746826904,125.97748491192561,1.07667673,0.108707651
38,4.315697920055442e-07,7.098964506129723e-07,4.315697920055442e-07,0.2812231028151145,124.81226004439247,0.948535681,0.108666971
39,5.21965965833611e-07,8.942148681514659e-07,5.21965965833611e-07,0.29784154801206014,127.8967690931156,1.20716012,0.108742051
36,4.139900658441652e-07,6.652094686455733e-07,4.139900658441652e-07,0.2778106016685713,122.36395456426077,0.888575852,0.10869725
38,4.457845349516353e-07,7.288938814332433e-07,4.457845349516353e-07,0.2847393100265684,124.07359990290935,0.958967924,0.108660646
38,4.1759811743196857e-07,7.214837570879782e-07,4.1759811743196857e-07,0.2834839738703151,140.71043461467704,1.04338658,0.108753651
38,4.867785421231332e-07,8.53190846810065e-07,4.867785421231332e-07,0.2975997525766609,139.52262879185932,1.23138261,0.108687006
41,6.129413937812116e-07,1.0665301823533452e-06,6.129413937812116e-07,0.32215363879752684,137.8373099770668,1.3693614,0.108720213
43,6.947359414602943e-07,1.2030878759143853e-06,6.947359414602943e-07,0.3365216713544681,135.9959775353583,1.55116701,0.108543023
37,3.908446692875275e-07,6.183853854441397e-07,3.908446692875275e-07,0.2697852985099698,118.75640720845445,0.782519996,0.108634166
37,4.103561658302234e-07,6.585414471973821e-07,4.103561658302234e-07,0.27637048681233145,121.86247647208292,0.879188538,0.108580023
36,4.168938829400187e-07,6.672984338178923e-07,4.168938829400187e-07,0.2761683102707809,120.14132024898187,0.850964963,0.108487472
36,4.1445904794686817e-07,6.62347420093062e-07,4.1445904794686817e-07,0.27320837661820707,119.25402953438176,0.819925129,0.108634502
38,3.5105843687903206e-07,5.495105361526735e-07,3.5105843687903206e-07,0.25655392172823843,115.36528940128318,0.758185744,0.108609691
36,3.559672913043584e-07,5.525635220099285e-07,3.559672913043584e-07,0.25841580248595436,114.17804459247034,0.753973663,0.108686075
35,3.673613044906465e-07,5.75965022905517e-07,3.673613044906465e-07,0.2634334270230534,115.99160912478175,0.750617921,0.108587772
36,3.9789318605246616e-07,6.30423962671343e-07,3.9789318605246616e-07,0.26897934790582984,117.79165557480896,0.774272442,0.108723842
36,4.1021073106682393e-07,6.473572208046673e-07,4.1021073106682393e-07,0.2718553125704483,116.19941058150155,0.798716009,0.108655833
37,3.585980710369917e-07,5.598119972305522e-07,3.585980710369917e-07,0.25587341056001356,113.58153243879671,0.763661444,0.10865742
38,3.7226231937160486e-07,5.841042926002501e-07,3.7226231937160486e-07,0.255828212268044,112.93513317730753,0.763149321,0.108596735
38,3.9397100735335597e-07,6.183366320841791e-07,3.9397100735335597e-07,0.2596831898417386,111.29198582954523,0.791504502,0.108570158
38,4.159738669335264e-07,6.558773746100699e-07,4.159738669335264e-07,0.26318380100424754,110.83396361744532,0.820648253,0.10853181
37,4.3661054459610844e-07,6.857297016948077e-07,4.3661054459610844e-07,0.27111399033270944,110.51697309976237,0.823142648,0.108487017
37,4.058441655687214e-07,6.378591303831886e-07,4.058441655687214e-07,0.26183712613121923,110.91161907338635,0.823525965,0.108551897
38,4.1556258669374503e-07,6.521620499630855e-07,4.1556258669374503e-07,0.263964645268193,110.63427782091134,0.777259469,0.108448312
38,3.891651540897061e-07,6.154510544730218e-07,3.891651540897061e-07,0.25698373666610336,112.0953214118492,0.814142227,0.108539626
41,5.342708257874824e-07,8.367115692025955e-07,5.342708257874824e-07,0.294233776673237,110.59811772379352,0.874415994,0.108534858
40,5.001200525796776e-07,7.787319258304585e-07,5.001200525796776e-07,0.28666156733104303,110.55946130849519,0.837584317,0.108490832
38,4.655514219557815e-07,7.266374295121731e-07,4.655514219557815e-07,0.27964572783249425,110.4258433008552,0.839590967,0.108449899
41,5.947311771493926e-07,9.289529926939347e-07,5.947311771493926e-07,0.3038501879285026,109.91678059408058,0.907048643,0.108480394
40,6.65041694253588e-07,1.049703939568886e-06,6.65041694253588e-07,0.3169452351785444,110.70442518210763,1.00342703,0.10846106
41,6.909869685424163e-07,1.089450874663544e-06,6.909869685424163e-07,0.31955754604714964,110.1207533823537,0.98970747,0.108435556
40,6.537877956379864e-07,1.0305964882328065e-06,6.537877956379864e-07,0.3128467689322827,109.85580951769114,0.954008758,0.108479246
46,1.048116540613861e-06,1.7662802699226643e-06,1.048116540613861e-06,0.3560492824547927,114.70443387466347,1.32812333,0.108829327
48,1.6542131960505797e-06,2.833667832811035e-06,1.6542131960505797e-06,0.4113557459416375,114.80395972105804,1.46540332,0.108837038
50,3.145873276072356e-06,5.6725123440321375e-06,3.145873276072356e-06,0.4929698329043098,115.11708902816784,2.26605988,0.10910739
50,5.928657700286603e-06,1.0951230434000634e-05,5.928657700286603e-06,0.6059523006664469,116.1058492490139,2.89006209,0.109594874
55,1.940725660380964e-05,3.749793647726931e-05,1.940725660380964e-05,0.8844530369328065,118.9491683199544,4.56055641,0.109689571
56,2.6345288465028302e-05,5.068738857329759e-05,2.6345288465028302e-05,1.000835061577949,121.1522013818704,4.93508816,0.109718844
47,1.9021499353869998e-06,3.3671034063635688e-06,1.9021499353869998e-06,0.41643334906951546,110.60759102110202,1.82342899,0.108706862
49,2.7628126926444226e-06,5.073364481791612e-06,2.7628126926444226e-06,0.46142264031184405,111.01669133284882,2.27141142,0.108944431
47,2.1377603313555496e-06,3.7917853154162096e-06,2.1377603313555496e-06,0.4340561825509589,112.61499163904259,1.83919179,0.108934887
47,1.6466120166892172e-06,2.8262706170869483e-06,1.6466120166892172e-06,0.4083762520015002,113.16011664859212,1.49050498,0.109100506
43,8.168749195657564e-07,1.3099044814734586e-06,8.168749195657564e-07,0.33410243917946364,110.15367168424139,1.06080592,0.108419329
44,1.221668858259155e-06,2.061405461234789e-06,1.221668858259155e-06,0.3701679321873528,108.83513838224629,1.45454156,0.108423829
46,2.1540522971329845e-06,3.896108549544195e-06,2.1540522971329845e-06,0.42931760240881794,108.80288238850252,2.09809971,0.108788423
49,3.3879736264371874e-06,6.4775336483822485e-06,3.3879736264371874e-06,0.4772546866540604,109.15003372203986,2.73367429,0.108667068
46,2.319477627232348e-06,4.260854647731842e-06,2.319477627232348e-06,0.43489112048718637,108.02571980885264,2.31825805,0.108757384
46,3.1243221539944676e-06,5.938046698949426e-06,3.1243221539944676e-06,0.46855833600415475,108.03495329344453,2.66461062,0.108921655
67,2.923449745220684e-05,6.52799123996292e-05,2.923449745220684e-05,1.3794743915659187,242.8458631840063,5.89525127,0.116101019
55,2.5018375184640956e-06,5.119783189185194e-06,2.5018375184640956e-06,0.5271586190688036,218.13955770989332,1.95537615,0.109061927
58,5.590901781677337e-06,1.1940664849546615e-05,5.590901781677337e-06,0.6989088785020677,221.4090182315027,3.04162145,0.109875433
92,0.00023506503769443613,0.00048450296966014465,0.00023506503769443613,4.391853884812846,321.28396956358006,11.0185366,0.112616353
68,3.314322636460464e-05,7.339588990891385e-05,3.314322636460464e-05,1.4742537208757387,244.0843266112035,6.15569925,0.117036603
48,1.0281353723851223e-06,2.0255567020788647e-06,1.0281353723851223e-06,0.3868909358032561,208.77419968700843,1.46303082,0.108733721
46,8.469546438460117e-07,1.6832585732367593e-06,8.469546438460117e-07,0.3572518054830419,205.95425291676293,1.3884213,0.108587489
46,7.257750884344788e-07,1.4255200390097747e-06,7.257750884344788e-07,0.34246176548093293,202.6869746411452,1.22772455,0.108512186
53,1.6035263316480229e-06,3.181446273748385e-06,1.6035263316480229e-06,0.4518343267896046,215.2930475709427,1.57910526,0.108870618
51,1.929485138773254e-06,3.842398928646708e-06,1.929485138773254e-06,0.48059956500906026,211.32795048394252,1.64460826,0.108749293
70,0.00013409051450205724,0.00024976849867822,0.00013409051450205724,2.1876758041761692,137.81188341828894,9.68557167,0.114512533
61,4.866760573264639e-05,9.295814137591994e-05,4.866760573264639e-05,1.3077767509841216,124.78128692647333,6.07814264,0.111070104
85,0.00031522734386919707,0.0005813918114449637,0.00031522734386919707,3.694781930515462,164.2368036118371,14.0340233,0.106027052
44,7.237673525489804e-07,1.3978409876939787e-06,7.237673525489804e-07,0.3444458330614332,198.4563513970418,1.20987654,0.108449183
44,5.47151327907041e-07,1.0358735457307743e-06,5.47151327907041e-07,0.31392089207347607,187.74098482070147,1.05234563,0.10827864
43,6.578984708223363e-07,1.2525208810695864e-06,6.578984708223363e-07,0.33646858879438307,194.08002522456732,1.12587321,0.108569138
43,6.462524272522921e-07,1.2164894769082934e-06,6.462524272522921e-07,0.3365933681453235,190.86780124182022,1.09230566,0.108499996
39,4.5399386397643014e-07,8.262609651595992e-07,4.5399386397643014e-07,0.2959235860109029,174.74591872690291,0.843738139,0.108457156
39,4.53233809682841e-07,8.167225416577194e-07,4.53233809682841e-07,0.29770287537222656,171.61059843401628,0.826154649,0.108461261
38,4.6470101066172e-07,8.340655818415151e-07,4.6470101066172e-07,0.3014530231460054,169.98367356762154,0.867422402,0.108631216
38,4.514600024383765e-07,8.050826027264814e-07,4.514600024383765e-07,0.2983753837721705,167.4489366745544,0.829155147,0.108562179
38,4.06801064348719e-07,6.977582632815129e-07,4.06801064348719e-07,0.28603658260896675,151.22533895722287,0.814600646,0.108554892
39,4.403666491554711e-07,7.649124440458674e-07,4.403666491554711e-07,0.29388629910658026,156.55598221687416,0.819705188,0.10862942
38,4.332552667228543e-07,7.4851855555345e-07,4.332552667228543e-07,0.29201127367778457,153.91481245563892,0.790448964,0.108616762
39,4.6988303267881004e-07,8.364623501247825e-07,4.6988303267881004e-07,0.29989636487625476,165.07796556764225,0.839114666,0.10851419
39,4.7090371479140113e-07,8.312030682437425e-07,4.7090371479140113e-07,0.3018498302125035,162.87985675973445,0.848062992,0.108346701
38,4.5683135577153255e-07,7.994122597934237e-07,4.5683135577153255e-07,0.29809034297137454,158.697841472707,0.853801727,0.108567074
38,4.738092748585503e-07,8.331092417169406e-07,4.738092748585503e-07,0.3019463428601709,159.52854107788377,0.871501386,0.108444922
38,5.024767693881261e-07,8.8982548592298e-07,5.024767693881261e-07,0.30488140115922224,160.03362043416277,0.903475463,0.108391248
41,4.995917464447997e-07,9.280320697480254e-07,4.995917464447997e-07,0.30423947578140775,181.29068551642092,0.942013264,0.108212359
40,4.7560940897214843e-07,8.778399052079388e-07,4.7560940897214843e-07,0.2995511632945049,178.42032143008822,0.926172495,0.108357154
44,5.625743692370224e-07,1.063463924629604e-06,5.625743692370224e-07,0.3166476323909015,185.72025061377246,1.05438936,0.108363502
37,3.791617060206964e-07,6.43915563775656e-07,3.791617060206964e-07,0.27996001860556013,145.49429565902722,0.879819095,0.108603716
38,4.0176863312514837e-07,6.92799332862609e-07,4.0176863312514837e-07,0.28199826693233093,142.9933171915444,1.0220803,0.108638696
37,4.013165019054339e-07,6.859075908224846e-07,4.013165019054339e-07,0.28420052765955306,148.31852976016913,0.846764386,0.108561583
41,6.778134154121288e-07,1.159225648905293e-06,6.778134154121288e-07,0.32903615767077365,130.15195084338373,1.34985924,0.108709387
41,7.703963179776437e-07,1.348796692207463e-06,7.703963179776437e-07,0.3418127967878991,132.90579139894606,1.40931046,0.108555377
43,8.462556626754386e-07,1.4780594318815525e-06,8.462556626754386e-07,0.3502068348847093,131.74290032489756,1.50313568,0.108711958
44,7.766513580664542e-07,1.340683425018006e-06,7.766513580664542e-07,0.34687829102416506,135.35927553005493,1.51448619,0.108510591
39,5.065878896937714e-07,8.538181459681776e-07,5.065878896937714e-07,0.2933791577668226,126.42645327062571,1.13007808,0.108515427
42,6.23556612062427e-07,1.0523557375350535e-06,6.23556612062427e-07,0.3182883984497884,128.69517758955183,1.22415519,0.108604498
36,4.566536781153117e-07,7.447798523501221e-07,4.566536781153117e-07,0.2847374869476298,122.23795007932151,0.927650392,0.108690508
39,5.073440293007688e-07,8.504306298202555e-07,5.073440293007688e-07,0.29198161003823775,124.28605763275092,1.07251382,0.108564392
37,4.3663699328291194e-07,7.52593473547413e-07,4.3663699328291194e-07,0.2874673595352003,142.4755910293226,1.01072526,0.10858909
39,5.492529696763594e-07,9.584099482995315e-07,5.492529696763594e-07,0.30966127790778203,140.03661277336417,1.24022579,0.108611956
40,6.850800752402873e-07,1.2025897631112599e-06,6.850800752402873e-07,0.33315860540899844,138.33803330788558,1.38038671,0.108556479
42,7.868604327123823e-07,1.3792416769584161e-06,7.868604327123823e-07,0.3458970054547659,137.58306917024672,1.47633338,0.108473167
36,4.5355870435637503e-07,7.296117957925205e-07,4.5355870435637503e-07,0.28224013240448986,119.93970171765098,0.877214909,0.10840337
36,4.7583336294308216e-07,7.706500716357494e-07,4.7583336294308216e-07,0.2877412585263526,120.75394545793155,0.9320122,0.10858874
35,4.491299007137256e-07,7.21382099857163e-07,4.491299007137256e-07,0.27993820649800505,118.69431809583494,0.862766981,0.108644724
36,3.800146408269857e-07,5.976243921008651e-07,3.800146408269857e-07,0.26215574080637843,114.86002671264795,0.782874525,0.108624525
37,3.799701916741081e-07,5.975554761022944e-07,3.799701916741081e-07,0.26133550462001515,114.16299624931754,0.773105562,0.108653992
36,4.0049121145367207e-07,6.299582609117569e-07,4.0049121145367207e-07,0.2680696582148641,115.46256290937528,0.807605565,0.108567432
36,4.240535720924365e-07,6.708858657856189e-07,4.240535720924365e-07,0.2764386283683855,117.410571090418,0.803365052,0.108796589
38,4.412533702882685e-07,7.042747696840024e-07,4.412533702882685e-07,0.27614673287159436,116.5648781900925,0.816028714,0.10861893
38,3.802302259082456e-07,5.957057640647097e-07,3.802302259082456e-07,0.25993236600790226,113.28946491832302,0.793275774,0.108631104
38,3.951309718606627e-07,6.219764241601994e-07,3.951309718606627e-07,0.26034331594334903,112.34320068797655,0.81930542,0.108449012
38,4.5013993386671985e-07,6.994919726803564e-07,4.5013993386671985e-07,0.2764608165296449,109.98311358243971,0.812960863,0.108465992
38,5.435900543868768e-07,8.441369080300227e-07,5.435900543868768e-07,0.29612487880407967,109.67122275745581,0.876437187,0.108390242
40,5.870459091382133e-07,9.181025592388429e-07,5.870459091382133e-07,0.3012826816483677,109.65373929574886,0.892684579,0.108464308
38,4.545182909227527e-07,7.074423438613209e-07,4.545182909227527e-07,0.27712636186310574,110.39253546030315,0.836714864,0.108374789
37,4.1504080780495506e-07,6.55544128527239e-07,4.1504080780495506e-07,0.26213604311321154,111.27493859723675,0.822639644,0.108405009
39,4.79007275923067e-07,7.479719191801427e-07,4.79007275923067e-07,0.2802278475122968,110.30130229251724,0.872342885,0.108280391
40,5.221137369166888e-07,8.145675490263778e-07,5.221137369166888e-07,0.28995058417635766,110.00792652061168,0.880592406,0.108293839
40,5.639817907562202e-07,8.808891073983911e-07,5.639817907562202e-07,0.2981105100224617,110.01426311719744,0.884100258,0.108453326
39,5.981546894367273e-07,9.328325256629724e-07,5.981546894367273e-07,0.30471154984543836,109.52244593914278,0.908610106,0.108466916
40,6.545316516405892e-07,1.0235246365825776e-06,6.545316516405892e-07,0.3140544280508447,109.37117472706758,0.942179203,0.108520672
41,6.779043688928362e-07,1.0677601631315918e-06,6.779043688928362e-07,0.31475318790634876,109.04190594766891,0.947257817,0.108527362
41,8.203958450104564e-07,1.3143008107133466e-06,8.203958450104564e-07,0.334770111666859,109.25130718127922,1.03952408,0.108443253
43,7.275832955233619e-07,1.1566434808820637e-06,7.275832955233619e-07,0.32081713432942327,109.24605069524449,0.979295194,0.108549669
41,7.965800635255816e-07,1.2677530619705723e-06,7.965800635255816e-07,0.33228518458053913,109.03895090775792,1.00232291,0.108529799
47,2.1559196304388688e-06,3.7995084001084903e-06,2.1559196304388688e-06,0.4410074878387343,113.8238411686128,1.83787477,0.108844832
50,5.1593230187293015e-06,9.607717293475945e-06,5.1593230187293015e-06,0.5662167143825911,113.36940676078216,2.88794255,0.108897738
51,8.187116832627573e-06,1.5503005071512048e-05,8.187116832627573e-06,0.6584126071898032,114.46465374995144,3.50617576,0.109421663
51,1.3533858743975747e-05,2.6033467642369333e-05,1.3533858743975747e-05,0.778177698695808,116.54908071930245,4.22478724,0.110044532
58,4.60588901941675e-05,8.878353395122683e-05,4.60588901941675e-05,1.2462239323001938,121.03454592458007,6.19103098,0.111620679
47,3.977753930947186e-06,7.56150646395245e-06,3.977753930947186e-06,0.5059524911577038,109.10921252501757,2.84204793,0.108885676
48,4.295328274942338e-06,8.15656724620381e-06,4.295328274942338e-06,0.5200622270684517,110.0866836788866,2.91097093,0.109162554
49,5.809463224298745e-06,1.1158740236947746e-05,5.809463224298745e-06,0.5694028670117841,110.5249740550893,3.2480166,0.109320052
50,3.300006368187083e-06,6.096151576173355e-06,3.300006368187083e-06,0.48910582434721694,112.60444346508261,2.45360279,0.109177873
42,1.0678236499578374e-06,1.7760588281067248e-06,1.0678236499578374e-06,0.35708177581054096,108.73332268940327,1.33529055,0.108390793
43,1.6499203649705412e-06,2.9184273544982343e-06,1.6499203649705412e-06,0.39754533634994416,107.80208971577532,1.88648427,0.108515874
44,2.1404883570694356e-06,3.925925109612343e-06,2.1404883570694356e-06,0.42321463525367475,107.62542453864523,2.19829202,0.108598977
51,4.943944399740053e-06,9.644327762417797e-06,4.943944399740053e-06,0.5295207729560418,108.13708179513227,3.26543498,0.10901098
49,6.612567149937957e-06,1.3041954968893945e-05,6.612567149937957e-06,0.5775171537672779,107.97495597958033,3.59734273,0.109167524
47,4.1029917900369844e-06,7.956274937592546e-06,4.1029917900369844e-06,0.5041500232045039,106.85606826992576,3.06326079,0.1089577
51,5.595591772117373e-06,1.1054994385456778e-05,5.595591772117373e-06,0.5446211264397842,107.20669122747829,3.51376224,0.109109342
51,2.648721005662426e-06,5.407110293558885e-06,2.648721005662426e-06,0.5326402559572337,214.6147301349261,2.04964328,0.109097265
60,1.0900253674983792e-05,2.4079207768768906e-05,1.0900253674983792e-05,0.8825470377310181,224.14731404038406,4.13153172,0.110695727
73,8.344751567262563e-05,0.00017928744914233642,8.344751567262563e-05,2.1845893453398686,252.9809890985616,7.93271446,0.119408324
85,0.00016027102361067345,0.00034159949207872666,0.00016027102361067345,3.687993533017577,311.1187587139872,9.77969456,0.11231678
62,1.5540419615073513e-05,3.4586537348570876e-05,1.5540419615073513e-05,1.021122070148759,226.113818973203,4.83405399,0.111808673
51,1.4371557499446186e-06,2.8073485982910233e-06,1.4371557499446186e-06,0.43473300913554147,208.15190350988343,1.55725551,0.10878817
49,9.527095404875358e-07,1.8727449333202472e-06,9.527095404875358e-07,0.3743312786513603,204.44356513220274,1.41078842,0.108723037
46,9.393238525307999e-07,1.8160046896460723e-06,9.393238525307999e-07,0.3780171246312289,201.7120355514909,1.32752049,0.108633272
44,7.834772275563826e-07,1.5126297970078062e-06,7.834772275563826e-07,0.35367761196085407,198.8109563115225,1.22826767,0.108451836
53,2.718203472594192e-06,5.575628205771556e-06,2.718203472594192e-06,0.5288351583296966,210.4249421187582,2.1966598,0.109102815
60,6.900001024855779e-05,0.00013064169454255422,6.900001024855779e-05,1.534269042950242,126.11417209652245,6.81062126,0.112531461
83,0.000308608113781218,0.0005579631653106966,0.000308608113781218,3.609014683790155,157.94553393386687,12.9989586,0.107539885
46,7.817287178142834e-07,1.5018433429424616e-06,7.817287178142834e-07,0.35477512354568314,196.67410935173714,1.26409316,0.108576283
42,7.414140137786068e-07,1.4140396332857055e-06,7.414140137786068e-07,0.349509677755806,193.85458681127204,1.20823145,0.108496755
44,7.450889135664747e-07,1.399050880413501e-06,7.450889135664747e-07,0.35203522178347785,189.7891154858594,1.15565753,0.108465493
40,4.916137513988788e-07,9.03861549140775e-07,4.916137513988788e-07,0.3022113082240899,176.23809929880917,0.931129158,0.108375698
39,4.821611769361825e-07,8.787818210502635e-07,4.821611769361825e-07,0.300917997034454,173.24563091100669,0.899333,0.108375296
39,5.045838979265558e-07,9.127093510814954e-07,5.045838979265558e-07,0.30662776729219887,168.98773184530796,0.929281414,0.108782314
40,5.120511249225464e-07,9.364392941613612e-07,5.120511249225464e-07,0.30674148076267194,172.34685281556912,0.943349063,0.108175159
37,4.4144156378231605e-07,7.613977540812972e-07,4.4144156378231605e-07,0.2932346183984131,151.61969238531245,0.831473708,0.10848543
38,4.4003161286528553e-07,7.59139014677197e-07,4.4003161286528553e-07,0.2901680561469366,149.9332490169897,0.849131405,0.108454891
39,4.6875012584033846e-07,8.200966201851804e-07,4.6875012584033846e-07,0.2984343643782068,156.23293613996944,0.857742369,0.108590126
40,5.066922932409411e-07,9.173416245998355e-07,5.066922932409411e-07,0.3042069545242422,167.20156446315295,0.937436283,0.108746968
38,5.132499302559944e-07,9.210152835403897e-07,5.132499302559944e-07,0.3068096273664903,163.60493842031312,0.940208435,0.108555339
39,5.263255648109479e-07,9.403816312162113e-07,5.263255648109479e-07,0.3089106526634145,162.43474754429434,0.91488719,0.108432584
38,5.048436338208519e-07,8.88271594399949e-07,5.048436338208519e-07,0.3059207316180519,157.60148127052082,0.91472578,0.108510874
38,5.353187101634826e-07,9.517806287483054e-07,5.353187101634826e-07,0.3103946652577554,159.62359840604296,0.931821823,0.108377419
44,6.048856992928914e-07,1.1236560696703274e-06,6.048856992928914e-07,0.32915648560286453,182.59321965884166,1.07809114,0.108360134
42,5.510240114441224e-07,1.0245271431370285e-06,5.510240114441224e-07,0.3167852245675014,180.09684485030493,1.04075038,0.10835889
41,5.373180599757361e-07,1.0023591351956803e-06,5.373180599757361e-07,0.3095448722179687,178.62086920319481,1.00512326,0.108450957
43,6.643542236590341e-07,1.2404357249938295e-06,6.643542236590341e-07,0.337110586079163,186.21129219345224,1.13879168,0.108626232
38,4.1500747800855415e-07,7.058288501079962e-07,4.1500747800855415e-07,0.28762870364153037,146.13227751362103,0.874961019,0.108611345
36,4.4567487978961783e-07,7.623380829086008e-07,4.4567487978961783e-07,0.29371210802559067,147.31942001711548,0.911102116,0.108571261
44,7.72633711713454e-07,1.317802442388242e-06,7.72633711713454e-07,0.34258914561336834,130.1227868627266,1.47922301,0.10870266
44,1.2039813435005147e-06,2.1658866777034627e-06,1.2039813435005147e-06,0.38903936916566423,134.1192635733572,1.69891441,0.108619712
46,2.2099599539011413e-06,4.339958216549021e-06,2.2099599539011413e-06,0.4513996954143279,133.16107908956383,2.5671289,0.108599797
43,1.0989126428650744e-06,1.9511114220676436e-06,1.0989126428650744e-06,0.3826796207732512,135.78989148197152,1.77993429,0.108466513
42,8.245959696023385e-07,1.4506432157746793e-06,8.245959696023385e-07,0.3506517089075229,137.40074961388666,1.5434643,0.108506143
40,5.345482763922281e-07,9.019700801189153e-07,5.345482763922281e-07,0.2974782442737185,125.80267858757455,1.18231153,0.108484209
42,7.864734713634188e-07,1.3289475528314935e-06,7.864734713634188e-07,0.3434090996711918,128.54955945052495,1.4120332,0.108598746
39,4.821104132116287e-07,7.907446036630642e-07,4.821104132116287e-07,0.28788231042085716,122.60270547478162,0.968712151,0.108617559
38,5.520674537888321e-07,9.232306299911285e-07,5.520674537888321e-07,0.299907952524554,124.36015924502227,1.14061785,0.108542584
38,4.570927681100674e-07,7.908892127296543e-07,4.570927681100674e-07,0.29063270967898996,143.79227009670467,1.01465797,0.108585827
38,5.466728174265346e-07,9.402974686066205e-07,5.466728174265346e-07,0.3123421457898423,141.69032586015132,1.16052377,0.108596168
38,4.505407327387791e-07,7.768329413163732e-07,4.505407327387791e-07,0.29061679589509476,145.06478642510942,0.969370365,0.10861475
40,6.674570684848907e-07,1.1546141582609008e-06,6.674570684848907e-07,0.33088362440426644,140.0074613651834,1.27549601,0.108546235
42,7.494347016422946e-07,1.3005172666088452e-06,7.494347016422946e-07,0.342527416330261,138.47298623063128,1.49241865,0.108429186
36,4.788295752519286e-07,7.784105522524281e-07,4.788295752519286e-07,0.284758446722367,119.7080495499264,0.925678611,0.108425975
38,5.15313451780935e-07,8.484556508696981e-07,5.15313451780935e-07,0.29319008686879766,122.15428826272063,1.01704264,0.108647183
37,5.273351267987684e-07,8.666738496621614e-07,5.273351267987684e-07,0.29318904222134595,120.70237835756171,1.00605917,0.108525388
37,4.656615236198891e-07,7.497030979395578e-07,4.656615236198891e-07,0.28137379067099577,117.82340862920785,0.888773203,0.108589083
36,4.038396239852304e-07,6.368606582576866e-07,4.038396239852304e-07,0.2680596975109235,114.67728166582798,0.824353814,0.108552113
37,4.045835722440135e-07,6.406533621302311e-07,4.045835722440135e-07,0.26497626156919357,114.08867422637172,0.839328825,0.108571403
36,3.9899842822290765e-07,6.286577787190636e-07,3.9899842822290765e-07,0.2631492409242158,113.13297334129177,0.829723835,0.108555801
37,4.356025545004297e-07,6.948873276232715e-07,4.356025545004297e-07,0.2731670752003365,115.45710811266461,0.862659574,0.108538926
38,4.790358946557955e-07,7.71691961080698e-07,4.790358946557955e-07,0.2804634356425321,116.2274199286678,0.848059297,0.108563393
38,4.800956993614342e-07,7.747771199215335e-07,4.800956993614342e-07,0.28262633358478845,117.58013511134077,0.885357678,0.108512916
36,4.608792545568292e-07,7.225201048385454e-07,4.608792545568292e-07,0.2765964740982122,110.88283450242028,0.811095297,0.108348295
36,4.2278760594008215e-07,6.703658441912348e-07,4.2278760594008215e-07,0.2650330817694001,111.90618197346386,0.859928727,0.108440511
40,6.169431456107858e-07,9.711592197374679e-07,6.169431456107858e-07,0.304558952210153,109.1040976561457,0.934300303,0.108411275
41,5.623760927483737e-07,8.824792733327216e-07,5.623760927483737e-07,0.2952111114053184,109.70932823580407,0.909273922,0.108354539
40,6.741204632387681e-07,1.0647953501358817e-06,6.741204632387681e-07,0.31337399795663295,108.71346293721922,0.969574988,0.108571142
41,4.99132803434592e-07,7.817344403825227e-07,4.99132803434592e-07,0.2837612803616564,110.6051557719317,0.88592422,0.108366415
40,5.786927634761678e-07,9.099464550983875e-07,5.786927634761678e-07,0.2985625858694478,109.82523087340773,0.914979577,0.108331226
40,6.104623791580497e-07,9.587336873038717e-07,6.104623791580497e-07,0.30385797244352963,109.36475158195968,0.927422762,0.108385339
41,7.79733858061599e-07,1.244598217366344e-06,7.79733858061599e-07,0.3273610040591373,108.58080258976868,0.998255849,0.108597964
41,8.122682539731664e-07,1.3028421442071735e-06,8.122682539731664e-07,0.3308636994988705,108.2130003922316,1.06528103,0.108583383
42,1.0483028790981846e-06,1.7397012378540421e-06,1.0483028790981846e-06,0.3547071752823027,108.33552618618558,1.33081114,0.10851261
43,9.799061197435588e-07,1.611743787466331e-06,9.799061197435588e-07,0.34764529869384525,108.19226520142786,1.31387448,0.108592398
42,1.477371368251187e-06,2.588200921646803e-06,1.477371368251187e-06,0.38647869023513465,107.41604781907749,1.8014369,0.108553641
51,8.637237520866648e-06,1.6687148506088677e-05,8.637237520866648e-06,0.6542933561227283,112.75560461815344,3.72725487,0.108954728
56,2.9496538988792963e-05,5.7512748671751656e-05,2.9496538988792963e-05,1.0143801341188265,116.78432454732044,5.63186216,0.110564448
56,2.254073561181627e-05,4.42918195673102e-05,2.254073561181627e-05,0.8983664208366596,114.23172209315351,5.2858696,0.109875545
66,0.00011192074695011449,0.00020924074196363134,0.00011192074695011449,1.890806838944335,127.38888130601391,8.11530399,0.113072932
59,7.039629813384046e-05,0.00013317033612405857,7.039629813384046e-05,1.518169651154606,121.77689808486173,7.20934105,0.111173756
50,6.136022432027403e-06,1.19495578029934e-05,6.136022432027403e-06,0.5707991809671419,109.1371736162381,3.42347383,0.109202601
51,9.117365845683198e-06,1.786716377344472e-05,9.117365845683198e-06,0.6484213159720738,109.22233123612061,4.00535583,0.109481856
51,9.340633693190453e-06,1.8311000148995302e-05,9.340633693190453e-06,0.6540336289353685,110.28147281702581,4.01272202,0.109458119
51,8.443844377495236e-06,1.6406225891188447e-05,8.443844377495236e-06,0.6420849799926138,111.23312642892863,3.81299806,0.109204285
45,2.4812496279959818e-06,4.6207528122257345e-06,2.4812496279959818e-06,0.4401065117561102,106.75320058085933,2.38639498,0.108811647
44,2.161543731971626e-06,3.980382181210905e-06,2.161543731971626e-06,0.42111786816982844,106.88393781402604,2.19050169,0.108775742
47,4.289821227787209e-06,8.381948857365761e-06,4.289821227787209e-06,0.5050379577759087,106.09749327461486,3.13826895,0.109042004
50,6.88678132600164e-06,1.362171464036006e-05,6.88678132600164e-06,0.5867056796351015,106.80444894591547,3.7770586,0.109193854
50,9.949972946172741e-06,1.995987023964115e-05,9.949972946172741e-06,0.6487423232106696,106.96268423704551,4.39089775,0.109300159
54,1.2080194322925364e-05,2.423233412862078e-05,1.2080194322925364e-05,0.6931415248988887,108.1174301877837,4.62182331,0.109214425
53,1.4048704386708122e-05,2.8195197538756152e-05,1.4048704386708122e-05,0.7321645318767903,107.3198679629228,4.94569731,0.109158628
51,6.339692226346476e-06,1.2573086840560265e-05,6.339692226346476e-06,0.5691422477073521,106.2401863420753,3.67938375,0.108886421
50,1.002798328545897e-05,2.0212802160509172e-05,1.002798328545897e-05,0.6481924660055982,105.86342108651328,4.45898533,0.109129727
55,6.845666308215145e-06,1.4778966554112207e-05,6.845666308215145e-06,0.7388384323696954,217.1938002989157,3.4329071,0.110063158
69,3.3739944271867055e-05,7.445363383183535e-05,3.3739944271867055e-05,1.4459618186365495,235.20889848513195,6.24443531,0.116069376
80,0.00014916398019352127,0.00031770335744923115,0.00014916398019352127,3.362551303817106,292.47031233710663,9.61484051,0.111457236
71,4.346338702784023e-05,9.49567774964126e-05,4.346338702784023e-05,1.6410966612808908,238.73587148036873,6.7685957,0.116953611
60,8.123528341026804e-06,1.7692279178291e-05,8.123528341026804e-06,0.7704301171198984,214.1813257914521,3.74226642,0.110423565
51,1.478406631817417e-06,2.9077353704324903e-06,1.478406631817417e-06,0.4341738778351992,206.0739107096073,1.54292309,0.108969748
51,1.4584383223426904e-06,2.8680607129641546e-06,1.4584383223426904e-06,0.4311516644423962,203.85025507681837,1.48482597,0.108980931
44,1.019408099808919e-06,1.9513685801783034e-06,1.019408099808919e-06,0.38796425039967547,198.95850019921218,1.36993778,0.10857784
55,3.2027067633941625e-06,6.680925456243058e-06,3.2027067633941625e-06,0.5543717701097283,208.66420006729604,2.46820474,0.109228052
79,0.00028038927839026893,0.0005059619333123201,0.00028038927839026893,3.3994134116884043,155.64285887125445,11.2807007,0.106341787
46,9.005701211847344e-07,1.7276660735609296e-06,9.005701211847344e-07,0.3692591292446781,194.3526419760853,1.3455925,0.108546905
46,1.0306554906712684e-06,1.9770985929295688e-06,1.0306554906712684e-06,0.38586082438739844,197.00815562410043,1.350021,0.108657323
45,9.055011825910555e-07,1.7274487377746657e-06,9.055011825910555e-07,0.3707631819703301,192.69180059619998,1.32012582,0.108521752
46,8.168173545773215e-07,1.5441048739385658e-06,8.168173545773215e-07,0.3573785658406319,189.11536626061948,1.24162257,0.108477257
43,7.698125165157338e-07,1.4384685646854766e-06,7.698125165157338e-07,0.35492532801493015,186.62937178748692,1.20574355,0.108576477
42,5.270572792502481e-07,9.732235305755763e-07,5.270572792502481e-07,0.308097210629602,175.61223740551287,0.978846252,0.108480327
41,5.210362846696746e-07,9.538091754445979e-07,5.210362846696746e-07,0.3074169089588123,170.73257989299307,0.956769586,0.108409487
41,5.727623975339616e-07,1.0462509887782487e-06,5.727623975339616e-07,0.32197836090174237,173.93847839449714,1.02501929,0.108513974
38,4.808201379574594e-07,8.373913470208463e-07,4.808201379574594e-07,0.2989436834422959,153.61747287789893,0.848721147,0.108483709
38,4.806402696805415e-07,8.358946622746572e-07,4.806402696805415e-07,0.2976553274432335,151.49483155600134,0.85762167,0.108467542
38,4.6775945469013574e-07,8.083596792105896e-07,4.6775945469013574e-07,0.2939517426573607,148.0387555299229,0.90098834,0.108442232
40,5.423515485588141e-07,9.93772849242859e-07,5.423515485588141e-07,0.30866942688058835,167.66199429183632,1.02741456,0.108695582
39,5.602647418390155e-07,1.01931227962408e-06,5.602647418390155e-07,0.31106073899186115,164.6987555624121,1.00727034,0.108584337
39,5.629490812289027e-07,1.0160953560622019e-06,5.629490812289027e-07,0.3143147927434676,161.86934755081063,1.03071797,0.108345449
40,5.351347846007324e-07,9.506178172312918e-07,5.351347846007324e-07,0.30727619878541035,156.35061652295983,0.987781644,0.10857527
38,5.117244882049713e-07,8.978471632340424e-07,5.117244882049713e-07,0.3049764379478418,154.40085739815717,0.937691808,0.108575851
38,5.774589027735413e-07,1.0311665257497347e-06,5.774589027735413e-07,0.3170834285092099,158.63203869483985,0.99314028,0.108410828
40,5.510993078406642e-07,9.78366658284812e-07,5.510993078406642e-07,0.31165902176450555,156.84019121508896,1.00500715,0.108484976
45,7.334936446565995e-07,1.365189846526661e-06,7.334936446565995e-07,0.3467188392686883,182.54874577020462,1.18249559,0.108556859
43,7.169493454812731e-07,1.3275285535618e-06,7.169493454812731e-07,0.34373999207817313,179.52516744264753,1.15725458,0.108540975
36,4.971799889356597e-07,8.587577431220915e-07,4.971799889356597e-07,0.30047323361053735,146.95510319813485,0.956100106,0.108454794
44,1.083686401272837e-06,1.8571396513493277e-06,1.083686401272837e-06,0.3817922023971743,130.696171160602,1.57078385,0.108460829
46,2.2569447108127676e-06,4.460244477875404e-06,2.2569447108127676e-06,0.4535829760565567,135.03056980535598,2.60207462,0.108475894
48,3.9436338264220235e-06,8.383533942990491e-06,3.9436338264220235e-06,0.5119376276285325,133.03491891618503,3.50626683,0.108569555
50,1.0800816376484509e-05,2.4622466600151985e-05,1.0800816376484509e-05,0.6523670649945246,135.18516824931305,5.29048109,0.10872364
44,9.074107642306205e-07,1.5737219663595722e-06,9.074107642306205e-07,0.3634783686852528,137.42630278525425,1.58183789,0.108499594
44,1.1749252005880568e-06,2.074240749258641e-06,1.1749252005880568e-06,0.39187236558499333,136.48901420552497,1.65428758,0.10847985
41,7.575137292462425e-07,1.2840720678318208e-06,7.575137292462425e-07,0.3361306090666589,126.5279640739502,1.32670128,0.10860353
45,8.646989341920342e-07,1.452300471644837e-06,8.646989341920342e-07,0.35594440201189437,128.05531711622376,1.49333715,0.108516432
39,5.902133056931247e-07,9.901141421559598e-07,5.902133056931247e-07,0.3064041668314063,124.19174719840453,1.1821692,0.108686745
37,4.840587143046361e-07,8.370003765583495e-07,4.840587143046361e-07,0.2968888186223153,144.0585524765529,1.03529549,0.108538844
38,6.12403905724268e-07,1.0569096262789466e-06,6.12403905724268e-07,0.3226562072437445,141.93486923100974,1.13013172,0.108478792
42,7.373414823707577e-07,1.2832804569379332e-06,7.373414823707577e-07,0.33913330044955153,139.94093493489723,1.32696879,0.10845831
43,7.653521522524886e-07,1.3113617015991595e-06,7.653521522524886e-07,0.34675923666403036,139.61015538172484,1.37088132,0.108413666
42,8.547546417394943e-07,1.4682298703808037e-06,8.547546417394943e-07,0.3596460532789112,138.22989032646964,1.47716296,0.108424999
38,5.178648263609867e-07,8.448055706672653e-07,5.178648263609867e-07,0.29075492995549473,119.2775594991529,0.950245857,0.108482733
39,5.765697577578641e-07,9.604869895685316e-07,5.765697577578641e-07,0.30333185321913203,122.38680312426466,1.15370083,0.108637638
40,5.638206966655902e-07,9.349626389559917e-07,5.638206966655902e-07,0.29802274261265116,120.86787373231495,1.02081263,0.108534396
39,5.141381894658168e-07,8.378247805995757e-07,5.141381894658168e-07,0.2873498403516766,118.40660204825332,0.885485768,0.108481273
39,4.3473233626749055e-07,6.901926577934331e-07,4.3473233626749055e-07,0.27162959420702204,114.32788986210622,0.829372406,0.108569309
38,4.212528208866102e-07,6.705927028869495e-07,4.212528208866102e-07,0.26648153667587376,113.48176123618934,0.859704673,0.108579606
36,4.2209291791735525e-07,6.692433875732396e-07,4.2209291791735525e-07,0.2660440532913909,112.37420635973159,0.858878493,0.108509429
37,4.640916717774226e-07,7.42690388960533e-07,4.640916717774226e-07,0.27768852619923384,114.9232145163746,0.838707685,0.108528048
39,4.921912057318516e-07,7.995403782162684e-07,4.921912057318516e-07,0.28090602165558176,115.66895047215947,0.893366516,0.108531602
39,5.210812655477797e-07,8.494400480474623e-07,5.210812655477797e-07,0.2878398074756666,116.88306185900903,0.921242058,0.108452052
39,5.563844942139122e-07,8.743638809930006e-07,5.563844942139122e-07,0.2946166687583074,110.74415493968002,0.899880707,0.108401068
38,5.953459117793858e-07,9.343427984402635e-07,5.953459117793858e-07,0.3020499440211186,110.06199869245381,0.922777295,0.108408861
38,4.5201627575953427e-07,7.18027527932998e-07,4.5201627575953427e-07,0.2719405879884642,111.64599936088965,0.832122862,0.108396873
40,7.168722079466303e-07,1.135450192939083e-06,7.168722079466303e-07,0.31903465972711603,108.36695706876928,0.968372941,0.108424939
39,6.661458882769057e-07,1.0494470862576926e-06,6.661458882769057e-07,0.31227952920096447,108.58102722467305,0.931692302,0.108377904
40,6.34035816934417e-07,9.982075537783799e-07,6.34035816934417e-07,0.30708713878527527,108.89393129826666,0.94080317,0.108393833
41,7.812579311454414e-07,1.2526907018619839e-06,7.812579311454414e-07,0.32554693864119094,108.18816527548923,1.04373705,0.108487107
39,6.569992108957028e-07,1.04220923635155e-06,6.569992108957028e-07,0.3099248639464381,108.68828785628335,0.960792243,0.108408868
39,6.274340637182683e-07,9.952280508575469e-07,6.274340637182683e-07,0.30495933581638573,109.66223151298179,0.95276469,0.108411312
42,9.134171637985438e-07,1.4829891287258193e-06,9.134171637985438e-07,0.3418127640648139,107.92712296594796,1.21834219,0.108629368
43,9.814803024706835e-07,1.6207149331776684e-06,9.814803024706835e-07,0.34483465737432845,107.43412349498999,1.3340317,0.108510472
43,1.1402539622661947e-06,1.927295680566769e-06,1.1402539622661947e-06,0.3588609526780209,107.2949800788632,1.53086448,0.108667277
44,1.4622585321381095e-06,2.53498957200553e-06,1.4622585321381095e-06,0.3875802991156458,106.90780500970729,1.80892301,0.108671568
44,1.8368782011967915e-06,3.313943972099097e-06,1.8368782011967915e-06,0.40496652181894977,107.00496572531621,2.072088,0.108639173
52,1.4324986703996326e-05,2.807777470378562e-05,1.4324986703996326e-05,0.7673015883569105,112.64798806395456,4.61735296,0.109294966
58,5.157472672907239e-05,9.930080687116437e-05,5.157472672907239e-05,1.2712241708002665,117.11647721555062,6.8139658,0.110830359
56,3.392234713030644e-05,6.620864005647362e-05,3.392234713030644e-05,1.0593166055446885,114.11567510647316,6.21662283,0.110180736
74,0.00029651922507834336,0.0005306702066336693,0.00029651922507834336,3.4632419014650706,152.39269963473825,11.2829752,0.104436621
70,0.00023532554669877768,0.00042330824957666923,0.00023532554669877768,2.7328354812324025,131.21358373878,10.528162,0.110992081
54,2.281331681088024e-05,4.556945613474778e-05,2.281331681088024e-05,0.8779084598345224,109.28136280783217,5.77315521,0.109428264
52,1.9152790324986606e-05,3.8007769737063955e-05,1.9152790324986606e-05,0.8332904946977536,109.95117274728321,5.33058405,0.109913193
53,1.9498065841977055e-05,3.8497368333506295e-05,1.9498065841977055e-05,0.8516279109902786,111.64474309420252,5.17017841,0.109887533
48,4.662929253804951e-06,9.174319699033354e-06,4.662929253804951e-06,0.5164979705257534,105.70081420244297,3.28465343,0.109248623
47,3.6580653612664077e-06,7.073762254888444e-06,3.6580653612664077e-06,0.48465191327536666,105.76177126604634,2.96021557,0.109044962
51,9.834704018266001e-06,1.973039943984487e-05,9.834704018266001e-06,0.6484111099252804,104.89968757694372,4.39967585,0.109638624
54,1.8561921820472135e-05,3.743295031286393e-05,1.8561921820472135e-05,0.8044865042596416,106.40034635194264,5.50587511,0.109589756
54,2.3547485568462585e-05,4.697980531573857e-05,2.3547485568462585e-05,0.8912945904521951,107.2494798505888,5.85771179,0.1095706
56,2.761011426398499e-05,5.509810935860777e-05,2.761011426398499e-05,0.9408887859589989,108.15288560239802,6.20581532,0.109538622
51,1.3089729466977275e-05,2.6397092992866657e-05,1.3089729466977275e-05,0.7077626332210213,105.06244852939741,4.86181688,0.109455593
57,2.9637798480516767e-05,5.8893746904008165e-05,2.9637798480516767e-05,0.9689938866331971,106.26977850900929,6.38653851,0.110744886
61,2.1347781343907253e-05,4.7481498618327584e-05,2.1347781343907253e-05,1.1437358204492163,223.9953108080151,5.40406656,0.113722719
74,9.203908027687565e-05,0.00019595686227978496,9.203908027687565e-05,2.230986030178713,244.29205454523003,8.236763,0.118706889
84,0.00020354285936095872,0.00042233969958358896,0.00020354285936095872,3.876520639350178,292.7911122972771,10.5808992,0.111640304
57,8.485193530025438e-06,1.841525108709082e-05,8.485193530025438e-06,0.7852865320777587,211.3175558255693,3.84397006,0.111297049
54,2.7988322926475237e-06,5.7738969610055305e-06,2.7988322926475237e-06,0.5242677976781992,205.74596420929964,2.29917502,0.109186925
51,1.7138722735019048e-06,3.393990009426437e-06,1.7138722735019048e-06,0.4498737649416964,201.61585390706594,1.68007994,0.108951926
57,5.917842468169718e-06,1.2732845822475223e-05,5.917842468169718e-06,0.6733270463571535,207.96291543577163,3.31415415,0.109210588
49,1.3319169642206743e-06,2.5842289691852666e-06,1.3319169642206743e-06,0.4160027793838111,195.78529578828096,1.40226424,0.108830675
51,1.76110526288753e-06,3.4935105611077402e-06,1.76110526288753e-06,0.4531217432914358,199.7170842650171,1.71169329,0.108847708
48,1.2249989653567928e-06,2.361581292158991e-06,1.2249989653567928e-06,0.40538947456080193,192.12406676648865,1.3894881,0.108722471
44,9.088849730823409e-07,1.7284325523524415e-06,9.088849730823409e-07,0.36880168835763233,188.8765633238578,1.28519452,0.108487047
46,9.136976818860021e-07,1.7275577001907468e-06,9.136976818860021e-07,0.36979348983546484,185.52960088021953,1.30947971,0.108362533
42,6.637631750495524e-07,1.215819439652026e-06,6.637631750495524e-07,0.33843157821879205,177.00397075309547,1.06790018,0.108540647
42,6.614748681471463e-07,1.198124822057048e-06,6.614748681471463e-07,0.3371275410243053,171.61049255687945,1.07113516,0.108375467
42,7.689868589930538e-07,1.4133467315828096e-06,7.689868589930538e-07,0.3519516758962123,175.35445718985787,1.18755627,0.108430423
37,5.02662293302552e-07,8.702261224676987e-07,5.02662293302552e-07,0.3035493444629747,150.01161881433077,0.880522788,0.10838227
38,5.22261802025679e-07,9.180467683571881e-07,5.22261802025679e-07,0.30509071432687823,153.1407133735225,0.948039412,0.108606912
38,5.223993916497791e-07,9.118114094336787e-07,5.223993916497791e-07,0.3024111558638322,147.6884428706923,0.944088697,0.108330682
43,5.855901831698311e-07,1.0627044417755433e-06,5.855901831698311e-07,0.3190152122244901,166.59346712558914,1.08090365,0.108605057
43,7.12295756141502e-07,1.2893512886963079e-06,7.12295756141502e-07,0.34349363942815486,169.99572908948645,1.1598978,0.108655512
43,6.958809999254022e-07,1.2519927318845072e-06,6.958809999254022e-07,0.3383041240229891,164.02349153723364,1.13420796,0.108420625
40,5.858015037823943e-07,1.0609780068062665e-06,5.858015037823943e-07,0.3153779533700253,159.85777623371794,1.0368886,0.108320355
42,6.955414497279351e-07,1.2499418845464235e-06,6.955414497279351e-07,0.33722054732544005,161.70966406391696,1.14664757,0.108325802
39,6.083399236153176e-07,1.0880543778970892e-06,6.083399236153176e-07,0.31942107444265183,156.7094395116411,1.05144012,0.108548686
40,5.742577800379283e-07,1.0232212637837e-06,5.742577800379283e-07,0.3127157142391536,154.82256467599015,1.05857015,0.108714841
45,9.013996675690832e-07,1.6956388982805682e-06,9.013996675690832e-07,0.3665048654727648,182.37073824622797,1.24361885,0.108371764
44,8.502537022766385e-07,1.5842439804221656e-06,8.502537022766385e-07,0.36163586015840055,178.83936206900813,1.25158763,0.108556286
46,9.233701720112164e-07,1.7340466368305732e-06,9.233701720112164e-07,0.3713826973237909,181.40961877431366,1.32789481,0.108512223
38,5.22968954435573e-07,9.085224319832388e-07,5.22968954435573e-07,0.30274465684054375,145.1931029668972,0.982639015,0.108489789
38,5.462483782732877e-07,9.514826783437213e-07,5.462483782732877e-07,0.30659773092555587,147.27817485923742,0.954212606,0.108446293
46,1.5294837893879253e-06,2.777380831367836e-06,1.5294837893879253e-06,0.4125576430221444,130.1059262514731,2.13479185,0.10827671
50,3.169378695202519e-05,7.300565907897146e-05,3.169378695202519e-05,0.8993426380064482,134.1327783879133,10.3689852,0.108561806
48,7.415429607975717e-06,1.626751047696464e-05,7.415429607975717e-06,0.6007174899091365,131.91334860360158,4.4554491,0.108420238
50,1.0470054075456017e-05,2.385109086405947e-05,1.0470054075456017e-05,0.6511784958884933,135.5438999820382,5.2700572,0.108742379
44,1.9496506342275304e-06,3.670120754752676e-06,1.9496506342275304e-06,0.44471653524505855,136.3958808949572,2.26111507,0.108739406
41,1.0632733346623299e-06,1.8355082507851757e-06,1.0632733346623299e-06,0.3836317858855562,137.73367828836737,1.44348001,0.108538941
43,8.3661487568071e-07,1.4014615685373308e-06,8.3661487568071e-07,0.3485666199754508,125.64058347198522,1.36052001,0.108745292
45,1.0393921116052233e-06,1.77971534708523e-06,1.0393921116052233e-06,0.3731526618168722,127.93649138807761,1.59611702,0.108520068
42,6.802458291504974e-07,1.136923650834237e-06,6.802458291504974e-07,0.32350978349455795,124.12450645111244,1.28461647,0.10864038
37,5.499544912179084e-07,9.529934592861691e-07,5.499544912179084e-07,0.30764138247369377,143.7451880877619,1.03319407,0.108572826
38,6.49479339990719e-07,1.1062540389674946e-06,6.49479339990719e-07,0.33034420510547663,141.77615465600536,1.09028852,0.108643025
40,7.145715559669914e-07,1.2157258361320833e-06,7.145715559669914e-07,0.3398147910377861,141.23481373246295,1.07198513,0.108607963
43,8.358897298195838e-07,1.435298153974286e-06,8.358897298195838e-07,0.3551181990836152,139.1109401573619,1.37059009,0.108491786
39,5.800805001897629e-07,9.593853313405804e-07,5.800805001897629e-07,0.29935012694007407,119.52193093126871,1.01855505,0.10848894
41,6.336190348406963e-07,1.0562310810514695e-06,6.336190348406963e-07,0.31050131012596444,121.60107241463051,1.15265191,0.108560503
39,6.236927390936603e-07,1.0338709567118235e-06,6.236927390936603e-07,0.3088546485295242,120.64774603534921,1.10348451,0.108548835
39,5.765415380340653e-07,9.464762109705056e-07,5.765415380340653e-07,0.29713199119434125,117.63682774358678,0.975087464,0.108420447
39,6.182857177029886e-07,1.0202136493028279e-06,6.182857177029886e-07,0.3047289982850049,118.36503732651616,1.02340317,0.108441003
39,4.559883981608937e-07,7.284668170468614e-07,4.559883981608937e-07,0.2737327169109882,113.9523242866452,0.835447729,0.108589292
40,4.506919790647188e-07,7.240305695618179e-07,4.506919790647188e-07,0.2685821093560956,112.89132691687037,0.836184263,0.108501211
40,5.059662809341258e-07,8.166512537326824e-07,5.059662809341258e-07,0.2820263099821506,113.9527924450343,0.892610133,0.108427472
37,5.176844043448607e-07,8.383713946774233e-07,5.176844043448607e-07,0.2872517568450519,114.92504538350126,0.932750106,0.108502008
39,5.655485510308536e-07,9.221786318962258e-07,5.655485510308536e-07,0.2956581264703432,116.07723626110585,0.973098457,0.108483642
39,6.182103826586356e-07,9.823204617532197e-07,6.182103826586356e-07,0.30325666312771865,110.69330822584774,0.94901371,0.108293258
38,6.539092642951919e-07,1.04016320365589e-06,6.539092642951919e-07,0.3093256188787378,109.86637289614319,0.959048927,0.108426519
41,5.665657014757686e-07,8.999069114405597e-07,5.665657014757686e-07,0.295017887332731,111.484240663807,0.95116812,0.108352736
41,7.889979640571947e-07,1.2715494362180496e-06,7.889979640571947e-07,0.3253144150500904,107.86999702923373,1.09322131,0.108499058
43,1.03489795252261e-06,1.7244500921622153e-06,1.03489795252261e-06,0.3500732260223482,107.06852298334798,1.4141854,0.108481072
40,7.335294778712125e-07,1.1716690363332618e-06,7.335294778712125e-07,0.31797123627828616,108.36905806967755,1.00628912,0.108444907
41,7.311686135662108e-07,1.1709455279715688e-06,7.311686135662108e-07,0.31900599272362445,108.24837822172078,1.01708627,0.108530797
41,7.737480599037492e-07,1.2487210866526847e-06,7.737480599037492e-07,0.32246175968241897,108.24296618512516,1.1076262,0.108514465
41,7.394086081242265e-07,1.196567818984656e-06,7.394086081242265e-07,0.31737353046585803,108.69468587753298,1.06437886,0.108450726
44,1.4840275188757761e-06,2.5932647012764105e-06,1.4840275188757761e-06,0.3834749775027695,106.29699266507349,1.84258211,0.10871508
46,2.082936123477129e-06,3.8222870712230806e-06,2.082936123477129e-06,0.4147392084043238,106.24155674457039,2.23320913,0.108876862
46,1.7514043110241597e-06,3.1168089395366545e-06,1.7514043110241597e-06,0.40165195576876067,106.67789110854287,1.98424053,0.108725637
64,0.00015552651445610563,0.00028728510431770283,0.00015552651445610563,2.1404798078099296,124.17279796910104,9.38650513,0.110715061
60,8.367759771552961e-05,0.00015834099188096818,8.367759771552961e-05,1.555163882956536,116.42007016792034,7.97810411,0.110949717
82,0.00034042273157467736,0.0006023667494029733,0.00034042273157467736,3.735251997552937,153.1850100532073,11.8715591,0.104175955
78,0.00038391233470507874,0.0006687183098574123,0.00038391233470507874,3.9605934946558206,150.05622442812847,12.3365774,0.105117574
58,4.185334501969132e-05,8.205108542069885e-05,4.185334501969132e-05,1.131059286234717,110.76852325209244,6.91878271,0.109751053
60,6.547771486221255e-05,0.0001260912744692188,6.547771486221255e-05,1.3775420480334861,113.50308697920576,7.78010368,0.111105993
62,5.2210846298257035e-05,0.00010142015445465766,5.2210846298257035e-05,1.2343527906387641,110.59981197656808,7.48801422,0.11008206
59,5.2983462104987086e-05,0.00010257333406674692,5.2983462104987086e-05,1.2578450240584818,113.62118003915694,7.22169113,0.110826917
47,7.529506627415596e-06,1.5059156636844074e-05,7.529506627415596e-06,0.5933245012675542,104.9960448672364,3.93048429,0.109374881
47,5.0022400962666594e-06,9.778703307301153e-06,5.0022400962666594e-06,0.531972090960204,105.28021104781348,3.3105464,0.108986303
48,3.30687863608042e-06,6.292226994411316e-06,3.30687863608042e-06,0.47240497714686525,105.60924503721134,2.8154707,0.108949803
52,1.1545955363618955e-05,2.332206254091006e-05,1.1545955363618955e-05,0.6756518189736582,104.4642661617243,4.63999367,0.109630652
56,2.4579565969462664e-05,4.9010132559071027e-05,2.4579565969462664e-05,0.8947519379079321,104.8876354334697,5.98551559,0.110455692
59,4.1006745428854175e-05,8.078021729482137e-05,4.1006745428854175e-05,1.102207025520046,107.61133165494893,7.03855705,0.110093758
62,0.00012231755073591565,0.00022895856848120888,0.00012231755073591565,1.797874605285445,112.19107959944512,9.29967785,0.111062184
59,7.620078240816527e-05,0.00014623251939608042,7.620078240816527e-05,1.4528556595652953,111.01279970739368,8.2826252,0.110231005
60,0.00010982682476141682,0.00020598350851787787,0.00010982682476141682,1.7217381638668474,110.71770377593269,9.00478554,0.112058409
61,8.779230900789471e-05,0.00016611159929200584,8.779230900789471e-05,1.5349137325546351,108.3713290440111,8.46557808,0.112568595
64,2.6004363718120313e-05,5.7319350804956764e-05,2.6004363718120313e-05,1.2551269073994624,222.52851048032124,5.83997297,0.115065694
76,0.0001316757676761248,0.00027792725837164686,0.0001316757676761248,2.735123448121332,255.0601208942664,9.20048237,0.115446188
90,0.0002194644276564271,0.00045148591917168744,0.0002194644276564271,4.182567402451231,298.45061635966755,10.7344875,0.11030522
56,8.551427420185333e-06,1.8591843596052414e-05,8.551427420185333e-06,0.7804245754672218,208.42264361526765,3.83518028,0.109963536
54,4.387747089882348e-06,9.303663028230692e-06,4.387747089882348e-06,0.6039551745410464,203.43071355131892,2.97829485,0.109117106
50,1.8607638318313207e-06,3.699612533235827e-06,1.8607638318313207e-06,0.4595340951292092,197.3036372598513,1.82537973,0.10888046
50,1.5030689987453293e-06,2.929453714698613e-06,1.5030689987453293e-06,0.42979436137636273,191.48007158584804,1.61395001,0.108842887
47,1.290628677605882e-06,2.478261458717215e-06,1.290628677605882e-06,0.4120588859108014,188.64790045566525,1.42228234,0.108754314
46,1.1327993118688054e-06,2.162404598822234e-06,1.1327993118688054e-06,0.3943410712005473,185.0436401303502,1.35946143,0.108576849
42,8.221187861793533e-07,1.5112505654484654e-06,8.221187861793533e-07,0.35665474498451843,172.63764965529762,1.23279798,0.108450316
43,8.674402747266943e-07,1.6087265208037193e-06,8.674402747266943e-07,0.36368854696226927,175.53367983177452,1.28869557,0.108585283
37,5.407510620697799e-07,9.483133638216081e-07,5.407510620697799e-07,0.30824254347698204,151.0967237660388,0.958859801,0.108390853
37,5.394341928618776e-07,9.427305395461228e-07,5.394341928618776e-07,0.30659542949256324,149.40335136941323,0.94495666,0.108358927
39,5.871135049577075e-07,1.039107598512143e-06,5.871135049577075e-07,0.3152579241533447,153.4784109646011,1.02016377,0.108568572
43,7.80180399291002e-07,1.4179252607450821e-06,7.80180399291002e-07,0.3509596559346806,167.42365655606565,1.16713047,0.108607322
43,8.293682924433665e-07,1.516744318068765e-06,8.293682924433665e-07,0.35830747743767494,169.36805030961287,1.23556066,0.108699754
45,9.159751882379295e-07,1.7079812740255917e-06,9.159751882379295e-07,0.366173302630417,172.9602902248026,1.31837022,0.108496465
44,8.956834025579539e-07,1.6486992877308017e-06,8.956834025579539e-07,0.36082304601127346,164.94430155118394,1.25474882,0.108473122
43,8.809034745107033e-07,1.6048882625963058e-06,8.809034745107033e-07,0.36040130334434944,163.1818378711963,1.14033008,0.108511686
41,6.40418031277722e-07,1.1580961163854685e-06,6.40418031277722e-07,0.3246696470400716,158.77152569962317,1.08912301,0.108418182
42,9.235670047872666e-07,1.6755402654919603e-06,9.235670047872666e-07,0.3660199021219668,160.67578242269386,1.1971277,0.108565792
40,6.582058506019071e-07,1.1898293885186826e-06,6.582058506019071e-07,0.32699338314237253,157.9033894080456,1.08011854,0.108579397
39,6.663344445312759e-07,1.196282266169504e-06,6.663344445312759e-07,0.3286760046199079,155.45817005941132,1.12137628,0.108760707
38,6.373958628279192e-07,1.1439914722321564e-06,6.373958628279192e-07,0.32164404514946043,152.73604023396265,1.13364041,0.10855715
49,1.1909405510949223e-06,2.2726775850591413e-06,1.1909405510949223e-06,0.40050244498437776,184.2734633088441,1.42643249,0.108582623
49,1.196279329651628e-06,2.2854257262543107e-06,1.196279329651628e-06,0.39789274414686365,181.38673496491114,1.46021616,0.108642973
45,1.0283997493881588e-06,1.935254695082784e-06,1.0283997493881588e-06,0.38040288089171076,178.65640287988694,1.38353455,0.108719118
38,5.742227606683692e-07,9.986821161698458e-07,5.742227606683692e-07,0.31100202559476436,145.2260184732963,0.975325346,0.108516619
38,6.130588795273652e-07,1.0786014211957382e-06,6.130588795273652e-07,0.31643641930974065,147.80889275336042,1.06397295,0.108556636
49,3.6693031254372117e-06,7.428681892034228e-06,3.6693031254372117e-06,0.510417621093644,129.33782326310643,3.17044711,0.108499527
59,0.0003396774392341027,0.0006689280624785717,0.0003396774392341027,2.697090535503655,140.5384094815413,13.8323965,0.108448699
54,6.616376388915805e-05,0.00014634944874950405,6.616376388915805e-05,1.2078380340156472,136.00339417629016,9.29361343,0.108658709
54,0.00015848017616923316,0.0003321345385047438,0.00015848017616923316,1.7783864576744413,135.61316126394289,11.4010639,0.108370036
46,3.1435298878068164e-06,6.413729818376476e-06,3.1435298878068164e-06,0.4949775043293023,135.5449182924005,3.10480499,0.108728029
47,6.494202296473279e-06,1.4290519489932351e-05,6.494202296473279e-06,0.5848382653491256,135.00950225074942,4.37477493,0.108721003
44,1.3850682411479902e-06,2.449537077967401e-06,1.3850682411479902e-06,0.410872016054532,136.56410655348645,1.6937083,0.108723454
40,8.938056080687238e-07,1.5294668481678198e-06,8.938056080687238e-07,0.36278743682603826,138.86335571142487,1.28324687,0.108438358
43,1.0794693027764838e-06,1.853879743980913e-06,1.0794693027764838e-06,0.38335628805027494,137.17760563491888,1.47709787,0.108586118
45,1.036750516159738e-06,1.7659428243908242e-06,1.036750516159738e-06,0.3706535294790491,126.37302068412845,1.51524127,0.108649574
42,8.907127514153424e-07,1.486050241320625e-06,8.907127514153424e-07,0.35276496057137413,123.76785477236233,1.3769151,0.108568676
40,6.851564493461453e-07,1.178461492201133e-06,6.851564493461453e-07,0.33304686587648763,142.23426081820028,1.10691237,0.108616702
41,7.979817601299858e-07,1.371086446912841e-06,7.979817601299858e-07,0.34922673193167647,141.34630187937628,1.17085636,0.108414412
38,6.472622631595156e-07,1.073512591961883e-06,6.472622631595156e-07,0.3109653878754762,119.64750996819764,1.08331907,0.108503111
42,7.165607282561372e-07,1.1900514697559086e-06,7.165607282561372e-07,0.3253977845144677,121.9337699957556,1.20579612,0.108551741
39,6.025432315569813e-07,9.909824846444692e-07,6.025432315569813e-07,0.3006567550281672,116.69873844394363,1.01675963,0.108422987
40,6.676039096601747e-07,1.1112053461001224e-06,6.676039096601747e-07,0.3105187782285589,117.92746249614869,1.05484438,0.108515091
40,7.359284564775694e-07,1.2308436919498949e-06,7.359284564775694e-07,0.3205309374253005,118.14515915422426,1.1067462,0.10858155
39,4.913012070842918e-07,7.908020332317453e-07,4.913012070842918e-07,0.2790712734418168,113.07957900446895,0.883345664,0.108489364
40,4.969356208329396e-07,7.975691384224631e-07,4.969356208329396e-07,0.27958941475229254,112.49976456040899,0.897046864,0.108491108
40,5.729027647040236e-07,9.353150757419035e-07,5.729027647040236e-07,0.2932424798530786,113.99508517841564,0.965522587,0.108503565
39,5.937297520464606e-07,9.6909771677442e-07,5.937297520464606e-07,0.29550185390053946,113.02044291352276,1.00813174,0.108403847
41,5.872047027183866e-07,9.426462560471828e-07,5.872047027183866e-07,0.2977421720172876,112.15214645808342,0.958800077,0.108350351
39,6.370269611513717e-07,1.050314472754705e-06,6.370269611513717e-07,0.3047043885470387,114.78216377354623,1.06412065,0.108492091
40,7.274921842336118e-07,1.1806659277415076e-06,7.274921842336118e-07,0.31708575898901037,109.51538723893393,1.05346203,0.10847237
40,7.507083802106152e-07,1.2153171229912972e-06,7.507083802106152e-07,0.32027614717785513,108.91192977373598,1.06871057,0.108500808
41,5.923200077664132e-07,9.421516501505191e-07,5.923200077664132e-07,0.3004447265792511,111.54994835780394,0.974784851,0.108389251
43,8.143330216848686e-07,1.3406535611165813e-06,8.143330216848686e-07,0.3249015137972332,110.06481427927905,1.1302923,0.10857936
42,1.1335706605613073e-06,1.9024638780584961e-06,1.1335706605613073e-06,0.35799274860818486,106.72431820733891,1.49113297,0.108639427
42,8.691492001385473e-07,1.416853487446356e-06,8.691492001385473e-07,0.33356384004297746,107.55624121361988,1.21498775,0.108625665
46,2.1321318469705807e-06,3.895144637984241e-06,2.1321318469705807e-06,0.4201971237566701,105.63254438297955,2.25238347,0.108768053
44,8.520049293763765e-07,1.388978390725083e-06,8.520049293763765e-07,0.33060562955833495,107.70518794546975,1.19842792,0.108655386
44,1.009939842412948e-06,1.6917643872610123e-06,1.009939842412948e-06,0.3451392443210631,107.48012715553826,1.39908087,0.108649217
41,9.319014418161377e-07,1.5395266538802968e-06,9.319014418161377e-07,0.3368998923640707,107.81409228667762,1.28495169,0.10850656
48,2.967041761317656e-06,5.592770506662998e-06,2.967041761317656e-06,0.4589931683258032,105.27842476016858,2.66921043,0.108874805
49,3.231487844356015e-06,6.140638296965611e-06,3.231487844356015e-06,0.46923773225461163,105.40932065339456,2.78035855,0.109024413
73,0.00029010540551932637,0.0005175211014305585,0.00029010540551932637,3.1104462557124237,134.82802702486896,11.4301996,0.109436378
88,0.0003329506938988441,0.0005934672854623876,0.0003329506938988441,3.5116309333733557,144.2714775426969,12.0574169,0.108010605
65,0.00016872401334537575,0.000311018804767171,0.00016872401334537575,2.1552886918074403,118.35587677106444,9.93713951,0.111277111
65,0.0001774499463576926,0.00032672370975882984,0.0001774499463576926,2.252884313746673,121.57430752239492,10.0474463,0.113411598
73,0.000261400346882072,0.0004713475308326131,0.000261400346882072,2.8476549236351953,126.90523803360426,11.2480602,0.110887237
51,1.0707364734048932e-05,2.1549869639941395e-05,1.0707364734048932e-05,0.6631928742332558,104.42083422819775,4.61707592,0.109435447
49,7.592738736235948e-06,1.512131066841142e-05,7.592738736235948e-06,0.6001007287252205,104.3211703505288,3.99999547,0.109072611
59,3.885553874876668e-05,7.621273233083265e-05,3.885553874876668e-05,1.0775590585134207,105.60898916798455,6.79287815,0.110556789
55,2.4180901842617615e-05,4.84395048998718e-05,2.4180901842617615e-05,0.877868149344502,104.20184978288479,5.93928528,0.109694272
58,4.4321704974315135e-05,8.631958359829892e-05,4.4321704974315135e-05,1.141961542268656,105.93725135267505,7.10615444,0.111483656
61,0.000146648107305605,0.0002721504224851318,0.000146648107305605,1.9923083093493232,113.96049817180253,9.71349525,0.11213357
68,0.00023189999821874685,0.0004208110599796073,0.00023189999821874685,2.5745351404776273,120.61682141658171,10.9601221,0.11371699
66,0.00018885294472988337,0.000345073077552024,0.00018885294472988337,2.3196392214991386,116.82822921790519,10.3609715,0.113520451
66,0.00017499004135522852,0.00032008482514859143,0.00017499004135522852,2.169550454579475,112.89740980279407,10.2040577,0.114365496
64,2.416189972950604e-05,5.3047029621183573e-05,2.416189972950604e-05,1.205824460048041,218.23980987058601,5.72980118,0.11338111
70,7.498166701229226e-05,0.00016088644763973895,7.498166701229226e-05,2.0112734640101033,233.91539157137305,7.90739059,0.118111305
80,0.00016851605851955664,0.0003489390754654121,0.00016851605851955664,3.3099633868893696,265.0107782827883,9.88001442,0.111919671
54,5.809551489910819e-06,1.2494539351376574e-05,5.809551489910819e-06,0.6652925358233099,203.0119881917202,3.31697726,0.109483078
57,7.91593950293926e-06,1.7105531681054275e-05,7.91593950293926e-06,0.752808255873172,203.50264632740314,3.79286695,0.110517964
49,3.157416946207721e-06,6.572031909959202e-06,3.157416946207721e-06,0.5401953383837889,200.19995493996697,2.51985955,0.109043553
50,2.7298852875402753e-06,5.627006245315309e-06,2.7298852875402753e-06,0.5123743566030985,195.6006472051535,2.39473605,0.108898468
50,1.921685813108079e-06,3.8014335530586695e-06,1.921685813108079e-06,0.4628326811972147,190.8177623613147,1.90340018,0.10881637
50,3.273176145941929e-06,6.74586523987223e-06,3.273176145941929e-06,0.546035309858869,194.39490293675556,2.50489259,0.108995534
49,1.7124735610611927e-06,3.374737094681442e-06,1.7124735610611927e-06,0.4437131472195238,188.04003580338752,1.800699,0.108889475
50,1.925163227082277e-06,3.836772250477788e-06,1.925163227082277e-06,0.45640099971424447,185.26472591807004,1.98718822,0.109025687
45,1.155779127084885e-06,2.181902701143729e-06,1.155779127084885e-06,0.39307743395706723,175.95993888086352,1.45119321,0.108837135
38,6.054399272694071e-07,1.0687362923402836e-06,6.054399272694071e-07,0.3168399388442743,150.3010250018042,1.04506445,0.108446278
43,9.754522677207393e-07,1.8005502908754264e-06,9.754522677207393e-07,0.37585418149623095,167.69495794751595,1.32790506,0.108652748
45,9.333238363080556e-07,1.7253483713177714e-06,9.333238363080556e-07,0.3693329798101608,170.7457775943133,1.2831068,0.108616613
45,1.1805515666188114e-06,2.2237771867509204e-06,1.1805515666188114e-06,0.3947058188811607,173.08538559633078,1.41661012,0.108808033
45,9.856639164823252e-07,1.8235377472207584e-06,9.856639164823252e-07,0.3746260496891609,165.85161263424405,1.36296463,0.108601168
45,1.1337526681172769e-06,2.108942551268072e-06,1.1337526681172769e-06,0.3885287408450268,162.8809656078581,1.40636778,0.108817503
45,1.145208680897505e-06,2.141407389351338e-06,1.145208680897505e-06,0.3885151270409354,165.044845396206,1.45732856,0.108767055
46,1.0327374932305802e-06,1.89201783362781e-06,1.0327374932305802e-06,0.3760526271274716,158.51757127396542,1.27962518,0.108572058
45,1.1157401672459609e-06,2.055801903112415e-06,1.1157401672459609e-06,0.3876960089422874,160.82369108508112,1.45573318,0.108833075
43,8.868205402200931e-07,1.590173585162606e-06,8.868205402200931e-07,0.3629799528716831,156.2009062037232,1.2355715,0.108727559
39,6.922900850811876e-07,1.2445336158311305e-06,6.922900850811876e-07,0.3319710428272061,153.93913718966,1.13519251,0.108587272
41,8.833369709436339e-07,1.5802294565506822e-06,8.833369709436339e-07,0.3611276642799377,153.37368871656173,1.22663701,0.108626798
40,6.822687000413804e-07,1.2250383052082251e-06,6.822687000413804e-07,0.3260098034262968,151.14799460752022,1.1462065,0.108449347
47,1.8882537025752867e-06,3.7188326046945564e-06,1.8882537025752867e-06,0.4566377551181256,183.9876962555583,1.96380985,0.108885318
50,1.4761445331145273e-06,2.8426649678066066e-06,1.4761445331145273e-06,0.424694180016329,180.66205874386384,1.64932978,0.108728804
47,1.318320362258487e-06,2.5195552956913213e-06,1.318320362258487e-06,0.4090169778295327,178.34746340210688,1.55050373,0.108719811
38,6.434810475897206e-07,1.1279025726469435e-06,6.434810475897206e-07,0.3207354820326388,145.78815789579104,1.05867982,0.108544052
39,6.628042619458779e-07,1.1795979052539193e-06,6.628042619458779e-07,0.3235914440753606,149.43907914100117,1.12036598,0.108511798
51,6.88541056323565e-05,0.0001493936251137818,6.88541056323565e-05,1.245505891466368,131.99599239576503,9.2263298,0.108557254
49,2.4322958876891917e-06,4.601053328422115e-06,2.4322958876891917e-06,0.46442119005787147,127.45464315756568,2.49549246,0.108558029
62,0.0002567405911187137,0.0005152614430326245,0.0002567405911187137,2.327941941711503,138.27130520335152,12.8168678,0.108593039
52,7.306281394141646e-05,0.0001618374668681712,7.306281394141646e-05,1.2396100879914478,135.13760721267167,9.52118587,0.108732335
67,0.0009737558822765888,0.00172210946098602,0.0009737558822765888,5.2935781029684,151.963264598662,18.4991798,0.108625919
43,1.7328121665449637e-06,3.099882079247533e-06,1.7328121665449637e-06,0.43929567025629307,135.58473902364724,2.00195789,0.108633637
47,7.363398875370504e-06,1.621764290621715e-05,7.363398875370504e-06,0.6078775056014548,134.26343845682484,4.62768459,0.108755216
42,9.020245444601668e-07,1.532106729879125e-06,9.020245444601668e-07,0.3655380008765571,138.86179902323704,1.29548419,0.108421408
40,8.548968097366445e-07,1.4612034445762222e-06,8.548968097366445e-07,0.3585172003389925,140.5257250980984,1.12503684,0.10855069
44,1.0350929158695283e-06,1.749856980487239e-06,1.0350929158695283e-06,0.38203265447343615,137.39731303567268,1.1823467,0.108537659
46,9.863708203005313e-07,1.6594136056474017e-06,9.863708203005313e-07,0.3647851922491327,125.02982477207286,1.49247909,0.10852284
44,1.029875662717163e-06,1.717664925207074e-06,1.029875662717163e-06,0.37001131337822624,123.55480388047302,1.39412546,0.108507529
38,6.517221210875983e-07,1.1305158825773572e-06,6.517221210875983e-07,0.32525701887986974,143.3059902070422,1.06717575,0.108463794
39,7.282584314383144e-07,1.2618164542407697e-06,7.282584314383144e-07,0.33740398293892776,142.776342647851,1.08058405,0.108627737
43,7.556634008201836e-07,1.2569010114684102e-06,7.556634008201836e-07,0.3300206664862876,120.76621037604723,1.2814914,0.108628795
43,8.087076201122985e-07,1.3564551037820578e-06,8.087076201122985e-07,0.33427955610886784,120.09766644910573,1.2925632,0.108606115
43,1.0855277922217802e-06,1.8050299481573794e-06,1.0855277922217802e-06,0.37477808921891353,122.26090811813512,1.36538136,0.108596437
41,6.499510052988154e-07,1.078540043967726e-06,6.499510052988154e-07,0.3058119971010909,116.48076819968395,1.07124639,0.108477004
42,7.682608264832093e-07,1.284966602372493e-06,7.682608264832093e-07,0.3229652258695345,116.77804122425987,1.13871861,0.108614512
43,9.318770124676116e-07,1.5493395458666254e-06,9.318770124676116e-07,0.35212146861341115,118.67360145807012,1.31531,0.108593747
44,9.38829756804183e-07,1.558483874698952e-06,9.38829756804183e-07,0.3525991248900871,117.51201361975744,1.29221165,0.108688965
42,6.967561365359507e-07,1.1190717267948864e-06,6.967561365359507e-07,0.3153451061355127,111.58466219781508,0.991093695,0.108547784
39,6.572811246713279e-07,1.0830408807270597e-06,6.572811246713279e-07,0.3065196173853988,113.86631816716653,1.07025898,0.108592555
41,7.311505115277699e-07,1.1869183016168405e-06,7.311505115277699e-07,0.32031665370236106,112.0947401250582,1.08421314,0.108643994
44,8.200604511457275e-07,1.3339354915729049e-06,8.200604511457275e-07,0.3323359919959654,111.70749843615893,1.11722231,0.108765766
42,8.840679128354585e-07,1.4476382236707332e-06,8.840679128354585e-07,0.3386838849518093,110.79241135718789,1.14003778,0.108760521
39,7.02914028297362e-07,1.1703086275508815e-06,7.02914028297362e-07,0.3118197509235868,114.6667974721609,1.12420964,0.108552322
42,7.39452478426909e-07,1.2360309771526145e-06,7.39452478426909e-07,0.31742144863129446,115.4339412478169,1.13861263,0.108557209
44,9.051146653188228e-07,1.4930971240656583e-06,9.051146653188228e-07,0.33759809055193324,108.99851462482472,1.29564857,0.108638324
42,9.077435816619852e-07,1.5007090961673183e-06,9.077435816619852e-07,0.33799569493935006,108.46781090136908,1.3187387,0.108591802
40,8.021545499655524e-07,1.3098427607907233e-06,8.021545499655524e-07,0.3265676401570743,110.5166906322431,1.09149182,0.108555645
43,9.397944454047453e-07,1.5612195401565388e-06,9.397944454047453e-07,0.34170100410786897,109.61286939646315,1.27573824,0.10869845
44,1.288008017778319e-06,2.2050107041703183e-06,1.288008017778319e-06,0.37002757611672493,106.50330734062952,1.66598761,0.108690381
46,2.141683529842174e-06,3.891878093349062e-06,2.141683529842174e-06,0.42224450950448855,105.74135140697607,2.21853185,0.108793519
48,3.8016023051216174e-06,7.266106846142759e-06,3.8016023051216174e-06,0.4928480229209502,104.62645820664478,2.98709536,0.10895206
46,1.168605507198541e-06,1.9990939210569874e-06,1.168605507198541e-06,0.3561316153262675,106.95698765447568,1.57426178,0.108788721
45,1.5125959737854963e-06,2.666078604754022e-06,1.5125959737854963e-06,0.38432592427472484,106.40879015732959,1.85677946,0.10878662
44,1.246612069148301e-06,2.1373849898292695e-06,1.246612069148301e-06,0.36798137815906956,106.99940049076837,1.65526545,0.108620107
49,4.533710252173567e-06,8.745605854833357e-06,4.533710252173567e-06,0.5181818390986765,104.61181535131931,3.12745047,0.109001152
49,5.775019949315425e-06,1.1313302457170539e-05,5.775019949315425e-06,0.5542159381466748,104.42991501184738,3.51890969,0.109131373
80,0.0003723560309352724,0.0006626645222258109,0.0003723560309352724,4.168705228748002,156.7482422039785,12.4506083,0.105843067
81,0.00044467799676097637,0.0007704151240533773,0.00044467799676097637,4.105265606527578,143.34154202644564,13.0802231,0.106062993
79,0.0004047732117979518,0.0007090409098965715,0.0004047732117979518,3.8313029814075343,140.36105792380732,12.7926207,0.106476627
77,0.0003920210795145646,0.0006907737705141597,0.0003920210795145646,3.721273835804664,138.34246573444958,12.7451239,0.109265395
53,1.192512107316495e-05,2.3859381793025373e-05,1.192512107316495e-05,0.6912566234382682,103.8664955644608,4.61009789,0.109195009
57,2.872955956969466e-05,5.699191820924754e-05,2.872955956969466e-05,0.948130832199177,104.25820359758711,6.23253584,0.109731175
63,0.00012373107980123485,0.00023038589267305632,0.00012373107980123485,1.8161840482924205,110.39952405640406,9.27017021,0.113435194
57,5.982449284686429e-05,0.00011576211741936006,5.982449284686429e-05,1.280491282631323,105.91765295034524,7.69618082,0.110878147
78,0.000415498677590309,0.0007241388759690541,0.000415498677590309,3.8156313425684365,135.15162600685898,12.9062815,0.108092003
74,0.00035582204366973617,0.0006245968539596514,0.00035582204366973617,3.453218501103852,129.1426336385219,12.3439398,0.112609275
86,0.0006054491699439366,0.0010180583917300018,0.0006054491699439366,5.152103649028541,149.5917971494838,14.2682447,0.102704063
63,2.654880542427946e-05,5.796234285626549e-05,2.654880542427946e-05,1.2359099669203082,214.3773334690153,5.9599309,0.114450753
72,0.00012622628433528793,0.0002634817824736055,0.00012622628433528793,2.6411839434041116,241.68974660282376,9.05193996,0.113423929
81,0.00017631561478043044,0.0003599664243781854,0.00017631561478043044,3.4134524420529346,261.82574047047865,9.95364189,0.107326731
54,5.3865107772060285e-06,1.1510073243966881e-05,5.3865107772060285e-06,0.6404359875811769,198.91390509192675,3.25787759,0.108801007
59,8.418123189145672e-06,1.8261629256011067e-05,8.418123189145672e-06,0.7594042019793292,200.80590157907832,3.87233663,0.109528273
52,3.5066466967080243e-06,7.307009804760976e-06,3.5066466967080243e-06,0.5520365015010559,192.01735649130742,2.70248127,0.109025992
53,8.643827375887829e-06,1.8810301913091828e-05,8.643827375887829e-06,0.7529278962883251,198.08352849213568,4.06577253,0.109332338
52,3.3772408803620656e-06,6.9962838297446435e-06,3.3772408803620656e-06,0.5459574032796116,189.39101251236136,2.65216851,0.109281614
52,3.7235260200882875e-06,7.741682545409102e-06,3.7235260200882875e-06,0.564251196091502,187.19895646727892,2.77697062,0.10952089
49,1.5009387437575881e-06,2.8913718459688365e-06,1.5009387437575881e-06,0.42339961205351617,176.147156384558,1.71027136,0.108769886
48,1.1157487405035077e-06,2.0944818972889847e-06,1.1157487405035077e-06,0.38710771434494207,170.3444055910538,1.40087819,0.108785644
47,1.2871158154006405e-06,2.4276350192220153e-06,1.2871158154006405e-06,0.4053054298459183,169.49715401869167,1.57834351,0.108852267
48,1.522650239732773e-06,2.908887867134889e-06,1.522650239732773e-06,0.42604222500378575,172.6373383439912,1.64839137,0.108921848
49,1.3901752786923429e-06,2.638628378775888e-06,1.3901752786923429e-06,0.4118730088779164,166.71570177380718,1.61718524,0.108830355
50,1.550115036821351e-06,2.942533701067745e-06,1.550115036821351e-06,0.4242582383036336,162.69328756945282,1.7363168,0.108849101
49,1.9389723515720972e-06,3.7432313521950224e-06,1.9389723515720972e-06,0.4532054872037541,165.13419735023933,1.98737228,0.108890235
46,1.182321192991395e-06,2.1852129088353452e-06,1.182321192991395e-06,0.39113669848336025,157.52516196005743,1.47540677,0.10869807
46,1.3873168028181307e-06,2.580346323562399e-06,1.3873168028181307e-06,0.41194891008344453,158.84671712668865,1.59060526,0.108847871
47,1.7690118275229056e-06,3.36954431695802e-06,1.7690118275229056e-06,0.4414896480053399,161.29937085428966,1.838184,0.108863987
46,1.2859264962533677e-06,2.3749496186244785e-06,1.2859264962533677e-06,0.40143490719734404,155.13458424538905,1.54104245,0.108758278
40,7.566038499048971e-07,1.3690947229769026e-06,7.566038499048971e-07,0.3386354063838084,151.72942852157152,1.20839751,0.108517669
45,1.1625497251586776e-06,2.1022359619401586e-06,1.1625497251586776e-06,0.38929215796180805,152.67755853073632,1.32045698,0.108613186
40,7.460587797322384e-07,1.349040269610962e-06,7.460587797322384e-07,0.33380069815938934,150.19045408301412,1.19902599,0.108614698
51,3.1239905395795905e-06,6.3900618451345686e-06,3.1239905395795905e-06,0.5307739393424601,183.6818277819346,2.61924672,0.108950503
50,2.3896806143939647e-06,4.76215219691372e-06,2.3896806143939647e-06,0.48922432374250774,180.79603788039853,2.2405417,0.108728424
50,2.5160420924214454e-06,5.0115760534268e-06,2.5160420924214454e-06,0.49800968156682746,179.22507260234974,2.30205798,0.108666122
40,6.964567958387323e-07,1.2301141539525013e-06,6.964567958387323e-07,0.3257849616564957,145.36381730580234,1.12221611,0.108619988
39,7.262069226328306e-07,1.2941878831245228e-06,7.262069226328306e-07,0.3317603504559305,147.2527325593358,1.1434834,0.108530417
53,0.00010595026020314236,0.00022286927257192092,0.00010595026020314236,1.5120397063814277,131.3430109355068,10.1751757,0.108700976
50,2.2973739295442894e-06,4.254771950857049e-06,2.2973739295442894e-06,0.46042838449553364,126.18099377644961,2.37946701,0.108585142
62,0.0006595086816707247,0.0012055135413646272,0.0006595086816707247,4.12694298699021,146.6076901620398,16.4703331,0.108594671
50,3.974024917305302e-05,8.954525547524787e-05,3.974024917305302e-05,0.9937178374661968,134.0704692114234,8.09630108,0.108725466
85,0.002153201955399176,0.003449644111868687,0.002153201955399176,10.043820389086957,179.2865182974648,37.748455,0.108744413
45,1.3509940544567247e-06,2.3366412725208495e-06,1.3509940544567247e-06,0.4100641712126062,135.5335623372825,1.54691505,0.108630478
48,1.8521860600714382e-06,3.3433892284115127e-06,1.8521860600714382e-06,0.4452364463872607,134.50709451788052,2.13346338,0.108559936
49,4.1418108325604345e-06,8.442916704623509e-06,4.1418108325604345e-06,0.539522432909701,133.35977952188986,3.42320275,0.108741283
43,9.766876400905783e-07,1.6728488540581673e-06,9.766876400905783e-07,0.3728512361213266,139.78101549953846,1.11596751,0.108561449
46,1.1080821549843333e-06,1.8874634531524376e-06,1.1080821549843333e-06,0.3883961371194301,136.89651605162726,1.28684366,0.108610258
46,1.1393732346645818e-06,1.9622607720384424e-06,1.1393732346645818e-06,0.3893330121131903,139.02945673550317,1.23307955,0.108598888
50,1.5971486083173308e-06,2.7786603239621133e-06,1.5971486083173308e-06,0.419869358398322,125.22970256024182,1.68224549,0.108550698
41,8.911607163213528e-07,1.5547536309284155e-06,8.911607163213528e-07,0.3589795585483794,142.474382705591,1.22653162,0.108749621
41,7.368056961606681e-07,1.3074363072407978e-06,7.368056961606681e-07,0.3308031246763097,144.53928418930582,1.17176688,0.108592808
44,1.142131693446385e-06,1.8939619948462475e-06,1.142131693446385e-06,0.3803950771770175,121.00975826941497,1.39144063,0.108583219
48,1.6472022462163568e-06,2.8274092617397497e-06,1.6472022462163568e-06,0.42648291061791366,123.04971552543294,1.66064358,0.10853789
42,8.41107387092947e-07,1.416646729730352e-06,8.41107387092947e-07,0.3297072297797186,115.53338622630953,1.19961846,0.108624734
45,1.2216523406507165e-06,2.0289783045179154e-06,1.2216523406507165e-06,0.38723726958397503,119.13380213107054,1.33006108,0.108649559
45,1.2144270742303675e-06,2.0079752839201767e-06,1.2144270742303675e-06,0.383872827256606,115.95850698455283,1.3176415,0.108686596
46,1.3335588179760929e-06,2.2160406064225845e-06,1.3335588179760929e-06,0.3975650942761544,118.06789445959126,1.41973341,0.108731061
43,7.882465271342198e-07,1.3164341339654389e-06,7.882465271342198e-07,0.32222611572213217,113.11210024768981,1.21216369,0.108730659
45,9.505350120833213e-07,1.5629422695509354e-06,9.505350120833213e-07,0.34738159343815783,112.00816152409213,1.22583699,0.108850583
44,1.1696435967919463e-06,1.9526536413941683e-06,1.1696435967919463e-06,0.37044318787789937,110.18618202400326,1.37368977,0.108917676
44,1.1080653662874738e-06,1.840518037375506e-06,1.1080653662874738e-06,0.3648315657819686,110.00294506720465,1.32966864,0.108918384
46,1.036129819552744e-06,1.729379160698188e-06,1.036129819552744e-06,0.3518212244934226,109.5033958061158,1.3422631,0.108801298
42,8.700879714785133e-07,1.4638904633103155e-06,8.700879714785133e-07,0.3328519382721994,113.9723293282018,1.22816455,0.108662516
43,1.075904410536425e-06,1.7953471079826756e-06,1.075904410536425e-06,0.3560381111592019,108.41913746818629,1.44911671,0.108705848
46,1.369391046799006e-06,2.369372583731856e-06,1.369391046799006e-06,0.37818132716362224,107.44356916845427,1.74182642,0.108750783
47,2.0055442962599322e-06,3.6318512368404257e-06,2.0055442962599322e-06,0.4143479272419936,105.79859705481779,2.18162704,0.10897857
50,3.8038539808887104e-06,7.311382507023781e-06,3.8038539808887104e-06,0.4928686745696889,104.5844604305043,2.96045756,0.109278522
49,5.197912639282307e-06,1.0111133903312263e-05,5.197912639282307e-06,0.540499730431713,104.03137841191297,3.37882543,0.10922154
50,1.1786232824454305e-05,2.353686800000198e-05,1.1786232824454305e-05,0.6913614096335294,103.48311836639269,4.69694376,0.109494977
48,2.272939567066058e-06,4.221242698477756e-06,2.272939567066058e-06,0.425873466715939,105.47784685235858,2.43991613,0.109039985
48,2.2955630031869493e-06,4.276050237917794e-06,2.2955630031869493e-06,0.42852273364828575,105.73577421475841,2.38388038,0.108840741
46,1.8690584039180507e-06,3.3648972755737e-06,1.8690584039180507e-06,0.4078668506009145,106.42060982756989,2.08069777,0.108789116
51,7.452327724971248e-06,1.4725173040099136e-05,7.452327724971248e-06,0.5980022572326714,103.63793673347698,3.92376781,0.109128036
51,8.509770547844355e-06,1.6861175975747873e-05,8.509770547844355e-06,0.6233175532813929,103.71678284171604,4.11038208,0.109100848
53,1.7746483981990484e-05,3.546829322720499e-05,1.7746483981990484e-05,0.7933741428782493,103.77868936436903,5.42411518,0.109124556
56,3.4222046693776685e-05,6.735667443153258e-05,3.4222046693776685e-05,1.0197878735878414,104.3825120467958,6.55298519,0.109293804
61,8.759115965239042e-05,0.00016546687303877692,8.759115965239042e-05,1.523974493048557,107.0099768871301,8.45355797,0.110294141
64,0.00012443450159956536,0.00023112936375688264,0.00012443450159956536,1.8252052858897303,109.9199461699917,9.32649517,0.110973276
72,0.0002557352520361264,0.00045822617285320576,0.0002557352520361264,2.7964615584317287,121.18865972934314,11.3357286,0.110641181
87,0.0006792684778824454,0.0011293412128926571,0.0006792684778824454,5.519031301819023,150.24969361456712,14.9190226,0.108739004
64,3.7150860696688354e-05,8.03619216248625e-05,3.7150860696688354e-05,1.4073885989478516,214.02608481569936,6.50439453,0.112054415
68,6.174722349927176e-05,0.00013204224246203124,6.174722349927176e-05,1.7473574143663617,218.65085824208992,7.49968386,0.111261524
79,0.00015719943561069813,0.00032223300886857005,0.00015719943561069813,3.192053044090414,255.20207179315375,9.6324749,0.106827252
57,7.112262361859083e-06,1.5170508277946194e-05,7.112262361859083e-06,0.7133221695158668,194.95830591024279,3.64757609,0.109229311
55,9.293495519699656e-06,1.999013385492762e-05,9.293495519699656e-06,0.7796002951524705,193.33994012693032,4.11315918,0.109868661
57,7.900868065193912e-06,1.6790969081409615e-05,7.900868065193912e-06,0.7336456622311983,189.11882286507011,3.77718186,0.110505678
49,2.3018853849963253e-06,4.543583585093249e-06,2.3018853849963253e-06,0.48241834559011887,175.73667468381734,2.25006676,0.10898529
50,2.621736142688989e-06,5.215761472010446e-06,2.621736142688989e-06,0.4960872921817439,170.3222763843655,2.42078853,0.109331988
49,2.154167331028146e-06,4.22298377275067e-06,2.154167331028146e-06,0.47253470137516307,172.39286591169315,2.14326882,0.109240279
51,2.976497218017541e-06,5.983777966722169e-06,2.976497218017541e-06,0.516394395384756,169.04080415259094,2.55054784,0.109324358
51,2.8576439725190696e-06,5.713150579509259e-06,2.8576439725190696e-06,0.5019544518798876,163.84366535211308,2.44052172,0.108866431
52,3.3853884236062844e-06,6.882448841815537e-06,3.3853884236062844e-06,0.5335223637558014,166.9322567079701,2.68753529,0.109006643
47,1.7292165239734082e-06,3.26025898152678e-06,1.7292165239734082e-06,0.43855460462860296,158.00126128905882,1.80328631,0.10885004
50,2.81535638441917e-06,5.5924838553894e-06,2.81535638441917e-06,0.503893071135514,160.99225983559404,2.49335837,0.109005809
46,1.579425802268438e-06,2.9471159970660707e-06,1.579425802268438e-06,0.42601579493805897,155.82811124432877,1.72416186,0.108847618
43,9.443463728997105e-07,1.6971022822226382e-06,9.443463728997105e-07,0.3635644869861057,150.0702328593141,1.30509627,0.108566292
46,1.5752928557802402e-06,2.9223890438537083e-06,1.5752928557802402e-06,0.42561684304230574,152.80423197110744,1.70270169,0.108884528
46,1.1771693304462763e-06,2.12062416603308e-06,1.1771693304462763e-06,0.3917951690525434,151.05759373724342,1.33963227,0.108638011
40,7.90112267937563e-07,1.433819958360394e-06,7.90112267937563e-07,0.33883273097255984,148.60984697393778,1.24449396,0.108581066
55,5.994140459654315e-06,1.2523042319865623e-05,5.994140459654315e-06,0.6715613636242659,184.73934571143116,3.46527171,0.10951709
55,5.293680944285572e-06,1.1030562512704452e-05,5.293680944285572e-06,0.6330635141351101,180.94005435834728,3.30504274,0.109308124
42,8.144072718399557e-07,1.4742382515632235e-06,8.144072718399557e-07,0.33920414269992977,146.1270986046025,1.26910341,0.108485736
53,4.609783171229837e-05,0.00010131789669857201,4.609783171229837e-05,1.0658018979044546,128.44227985564532,8.27041149,0.108795181
61,0.0004157400224881699,0.0007902514934925398,0.0004157400224881699,3.140455442214063,141.87705385643005,14.4564276,0.10871397
88,0.0009608866577022954,0.0017437921545924,0.0009608866577022954,6.774188057351511,173.41678151323464,50.8296967,0.108783945
50,2.8819854774049877e-05,6.504060555869986e-05,2.8819854774049877e-05,0.8989083370741824,133.09338106132228,7.24513197,0.108819373
35,7.295737144631396e-05,0.0003665813687704902,7.295737144631396e-05,0.31177004348596016,103.93251007129693,56.8460808,0.108988531
48,1.3966966617064591e-06,2.3990819485358116e-06,1.3966966617064591e-06,0.41584591374231433,135.1358309404865,1.3925885,0.10859704
50,1.0671474009482275e-05,2.3467811865614244e-05,1.0671474009482275e-05,0.6886849932533564,132.51220309242782,5.09209681,0.108798064
47,2.1496227978385475e-06,3.855924619628441e-06,2.1496227978385475e-06,0.4688663104301421,133.5638416998805,2.09438872,0.108609781
43,1.0546762574809589e-06,1.8326536249984786e-06,1.0546762574809589e-06,0.3798353152480789,140.97819773657037,1.27553892,0.108704336
46,1.199663468953109e-06,2.0549818162076073e-06,1.199663468953109e-06,0.3982693850809622,137.7612212201856,1.23796713,0.108636409
47,1.3067832265110186e-06,2.2359651648608994e-06,1.3067832265110186e-06,0.4084106271642725,135.79057414156435,1.26585412,0.108825035
46,1.2839434616487928e-06,2.2522464086077826e-06,1.2839434616487928e-06,0.4005320742859568,140.2909745635433,1.37459195,0.108792044
48,1.3819214246689475e-06,2.4054481206378534e-06,1.3819214246689475e-06,0.41280798169357613,139.13913495038244,1.33072054,0.108818933
41,9.011067106819502e-07,1.6043523921319749e-06,9.011067106819502e-07,0.35654723713450426,144.40736175149405,1.299734,0.108630858
47,1.36253202447959e-06,2.277856544212831e-06,1.36253202447959e-06,0.4022648759917402,120.32093508235323,1.50747705,0.108601741
49,2.4400171109686745e-06,4.4327892484732256e-06,2.4400171109686745e-06,0.4707226146747888,122.76790881530226,2.28445053,0.108594529
45,1.1106938212647246e-06,1.839897580861707e-06,1.1106938212647246e-06,0.37076977642342446,114.72254316534828,1.32244098,0.10866373
48,1.449302473585683e-06,2.402378449474908e-06,1.449302473585683e-06,0.4096071297110353,116.20792249384884,1.4077785,0.10855826
49,1.6941021040855002e-06,2.837182054941945e-06,1.6941021040855002e-06,0.4336606253155219,118.60281033963261,1.64090347,0.108741485
45,9.845203986604773e-07,1.6404753693565339e-06,9.845203986604773e-07,0.35089930275595105,112.40354932095683,1.31536114,0.108813487
44,1.2230333472243965e-06,2.0335669728835116e-06,1.2230333472243965e-06,0.37897883873438903,111.03644837850462,1.35096228,0.108880825
49,1.5840968846226483e-06,2.6605715691211622e-06,1.5840968846226483e-06,0.409249375624153,109.3117321431577,1.59047663,0.109165654
46,1.5495372199060082e-06,2.610125412476437e-06,1.5495372199060082e-06,0.40525182401743565,108.29154190179017,1.61301112,0.109026074
46,1.5291613155821281e-06,2.599966508134764e-06,1.5291613155821281e-06,0.3972066350054559,108.45556865034156,1.68570518,0.108955152
45,1.3053273241853893e-06,2.2034087554017478e-06,1.3053273241853893e-06,0.37766906394933947,108.3079295059279,1.59254682,0.108820833
46,1.0372222286155606e-06,1.7233952411796335e-06,1.0372222286155606e-06,0.3586183224140657,112.84623112773825,1.34212708,0.108636849
48,1.248022411667672e-06,2.065266009967124e-06,1.248022411667672e-06,0.3846947795973755,113.32522367439572,1.39229763,0.108848549
46,1.4912020927051034e-06,2.582742883982794e-06,1.4912020927051034e-06,0.3896704159894571,107.64133142896837,1.78882301,0.108740941
46,2.2646178887133783e-06,4.1264337299917475e-06,2.2646178887133783e-06,0.4343020200185045,106.46350498359116,2.28253198,0.108953506
49,6.4874236489888484e-06,1.283874918281532e-05,6.4874236489888484e-06,0.5744433761492699,103.84625354510213,3.71790123,0.109413229
50,4.258831271968775e-06,8.26220305020415e-06,4.258831271968775e-06,0.5073310073100887,104.70850595628079,3.11722946,0.109196737
54,1.2961097279961544e-05,2.5823906677289986e-05,1.2961097279961544e-05,0.7112132503918983,103.2562572496059,4.80286503,0.109596342
51,1.6460978129627978e-05,3.289791266941967e-05,1.6460978129627978e-05,0.7775061323729283,103.40361022132078,5.17342234,0.109649844
47,3.659734083656567e-06,7.077897968766669e-06,3.659734083656567e-06,0.48836016695703366,104.96610012959272,2.91100645,0.108990334
47,3.4294183896948455e-06,6.552345170566302e-06,3.4294183896948455e-06,0.4814090962596551,105.26577158744291,2.89943337,0.108906567
49,3.905492193028474e-06,7.461839324926713e-06,3.905492193028474e-06,0.5047752829616066,105.48424926196402,2.94923973,0.109079801
53,1.6576682966813968e-05,3.295830438875313e-05,1.6576682966813968e-05,0.7788296214792743,103.06353848467994,5.20492935,0.109259181
55,2.0691947213612175e-05,4.108544824551569e-05,2.0691947213612175e-05,0.8415726796497025,103.41778218056704,5.6099534,0.109836914
56,2.541775841311719e-05,5.018230029075478e-05,2.541775841311719e-05,0.9146753236554344,103.58452909652301,5.94210672,0.109466553
61,9.769237333817824e-05,0.00018243624248917895,9.769237333817824e-05,1.6475291431087558,107.97225940104374,8.66191196,0.110921964
60,5.340602873797363e-05,0.00010223886177717365,5.340602873797363e-05,1.2487812616026324,105.10494534308145,7.32092714,0.110280797
68,0.00016398298442902518,0.00029917921836163493,0.00016398298442902518,2.110757309356428,111.2740779813924,9.96161461,0.110849485
70,0.0002886714271113595,0.0005112385322489643,0.0002886714271113595,3.0328249553962197,123.34075581314676,11.6715326,0.108010516
74,0.00043724333564046987,0.0007543860531091264,0.00043724333564046987,3.9997923889898845,135.6380045809808,13.1104984,0.105698958
63,2.993453930970902e-05,6.489121065145463e-05,2.993453930970902e-05,1.27267300131173,207.41018174857993,6.14079142,0.110087626
73,0.00012390283655144368,0.0002556568380361823,0.00012390283655144368,2.567665678145238,233.0825007218204,9.00053978,0.111641899
78,0.00012406173412390196,0.0002546102767247491,0.00012406173412390196,2.823673335423978,242.4217339533179,8.90003586,0.112506218
57,1.3758618406657345e-05,2.978179230978505e-05,1.3758618406657345e-05,0.9247063706301872,196.47184571496786,4.74631405,0.111156531
58,1.8855766371001915e-05,4.068130208681051e-05,1.8855766371001915e-05,1.0450097308312447,195.25901201179877,5.34605217,0.112963982
53,3.912672447995586e-06,8.010300595997066e-06,3.912672447995586e-06,0.571951193985372,176.69359006388328,2.98385787,0.109489605
52,5.363725638793265e-06,1.1172797832091245e-05,5.363725638793265e-06,0.626587438650521,173.9536601049082,3.30634117,0.11005272
52,8.513488537640924e-06,1.8235448949530913e-05,8.513488537640924e-06,0.7173930302308325,172.90936647237422,4.1275034,0.110240705
54,7.208616620530835e-06,1.516058955942494e-05,7.208616620530835e-06,0.6769428373215856,166.2816934938213,3.66534686,0.109165005
55,7.962711067466448e-06,1.6982131514623215e-05,7.962711067466448e-06,0.6993007193752138,169.57102391419545,3.91530633,0.109604038
50,2.3769142677139592e-06,4.5737254817301995e-06,2.3769142677139592e-06,0.48065930754732994,157.25789283572183,2.15171504,0.109041795
51,4.174868961435794e-06,8.468451338865008e-06,4.174868961435794e-06,0.5685920272305391,160.2692800999649,2.89889264,0.109196767
56,9.425621747846064e-06,1.979940853170469e-05,9.425621747846064e-06,0.7380045518355612,164.300596367775,4.01035881,0.109525681
50,2.375234058569628e-06,4.533584630960112e-06,2.375234058569628e-06,0.48058168844695665,155.09267212341388,2.08615518,0.109151296
45,1.0864613121211193e-06,1.9540697674567805e-06,1.0864613121211193e-06,0.3792973422137591,148.81908653700074,1.36087239,0.108701378
48,1.914451329174634e-06,3.549535839058262e-06,1.914451329174634e-06,0.4514403034461264,151.46795091242353,1.82295597,0.108945854
47,1.5844423991106356e-06,2.9056413551030216e-06,1.5844423991106356e-06,0.425480394482856,149.66422224525832,1.58737218,0.108799621
45,9.71649352989805e-07,1.7558290895038325e-06,9.71649352989805e-07,0.3642633763144107,147.07675008631702,1.36022091,0.108622499
59,1.9699486546723255e-05,4.239633064512995e-05,1.9699486546723255e-05,1.0434463817669002,191.45028350339928,5.46724272,0.111968763
56,9.585119822370115e-06,2.055383276172891e-05,9.585119822370115e-06,0.781820966372691,183.54196569196182,4.2817359,0.110535659
73,0.0016482760558389664,0.002736572053532407,0.0016482760558389664,7.667542081119774,159.67221956231353,20.9183617,0.108905137
55,6.934531192478125e-05,0.00014907895541440826,6.934531192478125e-05,1.2485665783558817,127.11778208025684,9.08244896,0.10872592
56,0.00022950271288620024,0.0004544126932915095,0.00022950271288620024,2.28219707717844,137.09886247831787,12.0623922,0.108894102
76,0.0004923024413528354,0.0007938323958413973,0.0004923024413528354,5.121400523875572,164.6462700340134,11.5731535,0.109020114
52,3.1847893013713516e-05,7.096009849528815e-05,3.1847893013713516e-05,0.9476199172536686,132.18420364633957,7.31441355,0.108959183
36,0.00010064549490743237,0.0004193919002409844,0.00010064549490743237,0.39208469684852365,103.35247982301465,40.9115677,0.108956523
102,0.0019429036277249945,0.0029247769366900394,0.0019429036277249945,13.383102808058423,226.5813132473623,41.9267578,0.108879708
51,4.771995835929574e-06,9.542469270291345e-06,4.771995835929574e-06,0.5718561591428656,132.6756455693821,3.48450756,0.108824641
49,1.7192314128613478e-06,2.95417789454938e-06,1.7192314128613478e-06,0.4469852724775853,134.8713516255996,1.4827348,0.108722895
45,1.168714158288264e-06,2.05774398942498e-06,1.168714158288264e-06,0.39239562213315515,142.069835055091,1.3891722,0.108861476
45,1.348222164159501e-06,2.3170934924074876e-06,1.348222164159501e-06,0.41221424734070866,137.09278214801049,1.29956949,0.108858839
47,1.5400828394033181e-06,2.737424030146124e-06,1.5400828394033181e-06,0.42466460626368474,141.50663873270227,1.53464413,0.108884819
47,1.7553470164325431e-06,3.0576943544946812e-06,1.7553470164325431e-06,0.44929293242438734,138.58720345464508,1.47242236,0.109079316
47,1.863686138911915e-06,3.312154248098583e-06,1.863686138911915e-06,0.45467791202689967,140.9562581057137,1.6591965,0.109095708
46,1.1936704007521732e-06,2.129510611957878e-06,1.1936704007521732e-06,0.39164645787306407,144.56523867944597,1.46585548,0.108766511
47,1.961224162296174e-06,3.380405234895028e-06,1.961224162296174e-06,0.45022370272807694,120.68631927060545,1.9417609,0.108677179
48,1.5865284093072667e-06,2.6448827345400603e-06,1.5865284093072667e-06,0.4190193673937307,113.977598416341,1.41979754,0.108911194
50,2.0001250225495436e-06,3.3521612848874826e-06,2.0001250225495436e-06,0.45748804183575664,116.39397493853139,1.76489902,0.109043062
51,1.6834260536180075e-06,2.796453275387029e-06,1.6834260536180075e-06,0.43009830537978,114.9912069141998,1.48887289,0.108904943
53,4.864750835550167e-06,9.498364864988194e-06,4.864750835550167e-06,0.5659583218837687,120.45090608205572,3.39790773,0.108920194
51,3.0139239390313764e-06,5.347776543802808e-06,3.0139239390313764e-06,0.5127130298755519,117.86991618901102,2.52810383,0.109249271
46,1.4826752458059196e-06,2.4641947849219663e-06,1.4826752458059196e-06,0.4046506335216863,111.04949349301401,1.46388209,0.108777024
47,1.6571715994198808e-06,2.781606671563893e-06,1.6571715994198808e-06,0.4152963316130174,109.84367262944438,1.54196131,0.109100491
50,2.2889353871064695e-06,3.8979636530556695e-06,2.2889353871064695e-06,0.46084521414168167,108.36415133875737,1.9216646,0.109295204
50,2.543353000615206e-06,4.421404515491905e-06,2.543353000615206e-06,0.46772854819871124,107.53418851925439,1.98461318,0.109128349
49,3.190803938624192e-06,5.81434494214022e-06,3.190803938624192e-06,0.489758102170815,106.85021579941115,2.44756436,0.109163448
48,2.381853353567731e-06,4.26466392234888e-06,2.381853353567731e-06,0.44602748088833377,107.13546481765793,2.21673894,0.109031677
48,1.3476451784477168e-06,2.233612878384166e-06,1.3476451784477168e-06,0.3923347772743823,112.4427952349546,1.44863379,0.108795054
49,1.7569588843994527e-06,2.9267667828557884e-06,1.7569588843994527e-06,0.43194070163554843,112.27065511025263,1.46126044,0.10928151
47,3.5223895431472434e-06,6.651523457557349e-06,3.5223895431472434e-06,0.490454081633779,106.08570798772844,2.84635115,0.109158076
51,1.0519400224183041e-05,2.1076100156296125e-05,1.0519400224183041e-05,0.6635029791438034,103.66705134669573,4.55970049,0.109448791
51,8.94063490501839e-06,1.8014121590470274e-05,8.94063490501839e-06,0.6302813782472346,104.10166439399175,4.1989789,0.109258182
58,4.668413527224109e-05,8.999853974730646e-05,4.668413527224109e-05,1.1721416529508621,104.50830036354456,7.13035297,0.110226355
55,3.263942947555347e-05,6.403233424671565e-05,3.263942947555347e-05,1.018563323957762,104.18288082435159,6.44698668,0.110952571
62,6.522552359167486e-05,0.00012344933186851008,6.522552359167486e-05,1.3672790536539243,105.86751372372838,7.87514019,0.111132227
50,8.444384483460937e-06,1.6964428170755387e-05,8.444384483460937e-06,0.6185985534225235,104.37725937472345,4.07435703,0.109290272
52,7.736567781765816e-06,1.5394551497523337e-05,7.736567781765816e-06,0.6100850286129696,105.31880651964828,3.90460992,0.10961064
57,4.3550116227479194e-05,8.417097676912372e-05,4.3550116227479194e-05,1.1379030338968152,104.55817563767349,7.01395416,0.109933458
64,9.173336238465901e-05,0.00017077703657150263,9.173336238465901e-05,1.620326456135781,107.8242421869143,8.49195194,0.112532146
73,0.0003153899661897434,0.0005527114992154609,0.0003153899661897434,3.2837087379709136,126.77415463432959,11.9056892,0.109490648
61,0.00016731785664980602,0.00030331288194969337,0.00016731785664980602,2.1789263571157167,111.88195217170978,10.0267344,0.11127656
65,0.00011801959006672168,0.00021706746495078793,0.00011801959006672168,1.8416446419615649,109.77292108249057,9.02193069,0.112064645
76,0.00042151711142714436,0.0007222818220085237,0.00042151711142714436,3.9644881255309548,133.37178185285572,13.0252676,0.106681935
70,4.9864526080132306e-05,0.00010572571731410751,4.9864526080132306e-05,1.5921824405796166,208.90810352600832,7.08095551,0.115925372
80,0.00018003943518487439,0.00035970655452165597,0.00018003943518487439,3.3269623890254736,243.01436047567805,9.87090874,0.112520695
67,6.86862572052005e-05,0.0001430543876990157,6.86862572052005e-05,1.8765044466072982,211.302802159891,7.7467041,0.117636479
57,1.1038200862962868e-05,2.3668210059303696e-05,1.1038200862962868e-05,0.819720478666975,182.79108162674947,4.53678656,0.110719256
56,1.0259835752553397e-05,2.201559399465542e-05,1.0259835752553397e-05,0.7735349924018657,176.24311578090948,4.3458066,0.110816352
63,3.7811285571377825e-05,8.003027295933049e-05,3.7811285571377825e-05,1.316128832276311,186.9556525704464,6.67461395,0.113276899
60,2.5885485828463187e-05,5.49086172278945e-05,2.5885485828463187e-05,1.1314214728612706,181.22927414974328,5.95060539,0.112466045
57,1.52860637098439e-05,3.284076085645422e-05,1.52860637098439e-05,0.8890708175911747,174.15839468890522,5.06284857,0.110562891
60,2.35766351860042e-05,4.962236120814219e-05,2.35766351860042e-05,1.0715340654832923,173.38958529021454,5.65226889,0.110531971
54,5.688301588669821e-06,1.154879701068713e-05,5.688301588669821e-06,0.6299794887640967,159.15198416241265,3.14660788,0.109592333
61,2.59184098548253e-05,5.3323199084325927e-05,2.59184098548253e-05,1.106295719598161,166.91823582217506,5.54952765,0.110884942
63,3.385993510931862e-05,6.962000944669903e-05,3.385993510931862e-05,1.2676739892407711,173.3603219168158,6.10555029,0.110932343
51,2.9733626740413387e-06,5.714148235498131e-06,2.9733626740413387e-06,0.5151959016774373,154.2474519013023,2.27645826,0.1093501
45,1.416429124197202e-06,2.543252041776496e-06,1.416429124197202e-06,0.414262989752009,146.33939552607728,1.51915491,0.10889934
52,3.0855993125942963e-06,5.846525878229871e-06,3.0855993125942963e-06,0.5251856963898994,151.74786098049762,2.20262432,0.109227523
47,1.7766084677405615e-06,3.253601469016236e-06,1.7766084677405615e-06,0.4410394977829597,148.32156768670646,1.64715588,0.108817756
67,5.246040935845567e-05,0.0001098711190998122,5.246040935845567e-05,1.5826200384298583,198.57872029095282,7.27112103,0.115139261
70,5.104011977046423e-05,0.00010681760867625665,5.104011977046423e-05,1.5761320234224765,197.94233503596266,7.22134209,0.11511156
55,9.854139378805975e-05,0.0002071880618775393,9.854139378805975e-05,1.4475769325199264,126.70554213997706,9.82354927,0.10869398
49,2.2030642435942956e-05,4.7985197721042374e-05,2.2030642435942956e-05,0.8434176447515767,123.24997717981309,6.33531523,0.108782001
57,0.00020280654809167823,0.00040059113342721204,0.00020280654809167823,2.193062539139129,136.23326585027448,11.3674669,0.109018601
67,0.00024300563204147926,0.0005494371592665796,0.00024300563204147926,1.766977935427554,121.60926794711027,20.7201366,0.109105244
63,0.00033546850911564104,0.0006139770549264432,0.00033546850911564104,3.142212956564025,142.33313776760818,12.6986914,0.109279424
53,5.555119921779501e-05,0.00012015763658369734,5.555119921779501e-05,1.1860710748807224,132.45792869115652,8.3596983,0.109154813
52,8.28384169039886e-06,1.7414072851287963e-05,8.28384169039886e-06,0.6633618676439981,131.89925809766626,4.49218416,0.109464586
86,0.002922455585836467,0.004818315282360554,0.002922455585836467,10.600089084123171,167.44429757972955,23.6355782,0.109142415
34,8.111664107430489e-05,0.00032821851661622714,8.111664107430489e-05,0.3941028835774228,101.93138839716595,37.1855011,0.109374851
52,3.2696014696843223e-06,6.028591119364786e-06,3.2696014696843223e-06,0.5364817374544081,133.3765660370636,2.6493392,0.109359667
48,1.9713080148036133e-06,3.396044547706637e-06,1.9713080148036133e-06,0.468267018721114,135.02491690196823,1.57552969,0.108990155
48,1.626481515533579e-06,2.809019941158716e-06,1.626481515533579e-06,0.4369399971629839,136.20574399100872,1.39595437,0.108884305
46,1.5531001231480698e-06,2.763893580802244e-06,1.5531001231480698e-06,0.42763964673309907,143.57026175518743,1.56119287,0.108887836
48,1.947971546111072e-06,3.4085602464880103e-06,1.947971546111072e-06,0.46623815100224436,138.56174146968877,1.54696548,0.109212875
50,2.7324805369482235e-06,4.848606891754713e-06,2.7324805369482235e-06,0.52577557911025,141.53962976669504,1.90430713,0.110049047
49,2.2912382212231756e-06,4.1065536043227835e-06,2.2912382212231756e-06,0.4866246715921508,142.82506635442215,1.83370876,0.109227061
46,1.56099161467836e-06,2.7891956361817984e-06,1.56099161467836e-06,0.42860777132497246,144.1527663120398,1.5556891,0.108942494
51,1.8193643206315148e-06,3.0219839057601147e-06,1.8193643206315148e-06,0.441884954260572,113.20369667821595,1.51898301,0.109246112
52,2.894346446084964e-06,4.929009490288119e-06,2.894346446084964e-06,0.5211255938639998,116.1846124227897,2.13550043,0.109613031
54,3.919142555443145e-05,8.383900880228202e-05,3.919142555443145e-05,1.038864071093442,122.89211779972881,7.40833712,0.109131053
55,3.128532283471296e-05,6.650036022681259e-05,3.128532283471296e-05,0.9719621747075101,121.61602341770656,6.88079357,0.109482415
53,8.351898959187672e-06,1.6622723048547313e-05,8.351898959187672e-06,0.6734630603200601,118.79997990655184,4.27182007,0.109748781
50,1.8783245831202444e-06,3.1490162940241886e-06,1.8783245831202444e-06,0.4382899835353123,110.60838072631572,1.63857794,0.109219156
49,1.917437013207252e-06,3.218114736478465e-06,1.917437013207252e-06,0.4372411424422911,109.45281471849282,1.64081633,0.109280422
52,2.9070093368723735e-06,4.968937355820956e-06,2.9070093368723735e-06,0.5008792202092024,108.73151553778997,1.98634791,0.109279118
54,5.1595866956059015e-06,9.368081908334521e-06,5.1595866956059015e-06,0.5807401989438263,107.41642590549836,2.80301905,0.109512232
55,8.033182695183029e-06,1.5195608570186994e-05,8.033182695183029e-06,0.6522904456890326,107.11155232657501,3.55920959,0.109566167
51,7.3497073526859126e-06,1.4150634138912574e-05,7.3497073526859126e-06,0.6213341871400769,105.9964286634568,3.61642718,0.109294176
50,5.599329269602965e-06,1.0803627800398278e-05,5.599329269602965e-06,0.5648360672795599,105.68051293247662,3.3806963,0.109333158
52,1.952561393774723e-06,3.2695480829807167e-06,1.952561393774723e-06,0.44709439461109546,111.50390849344677,1.61222231,0.109364972
58,3.079587770809594e-05,6.0853147325812704e-05,3.079587770809594e-05,0.984681362213696,104.38060195947676,6.41398668,0.110523291
57,3.025404206558262e-05,5.983163460975852e-05,3.025404206558262e-05,0.9816325584134333,104.99994127338655,6.33477354,0.110411376
64,9.730942888568303e-05,0.00018082209690309432,9.730942888568303e-05,1.6633252517327635,108.22547553198216,8.64886093,0.112008743
64,0.00011658871059815302,0.0002140857779729744,0.00011658871059815302,1.8223421692237767,109.49397244720359,9.08120918,0.11229109
67,0.00019646275082815099,0.0003504632880997494,0.00019646275082815099,2.455024209935249,115.50214145042165,10.4168539,0.11328394
56,2.3878643418537305e-05,4.769086621328399e-05,2.3878643418537305e-05,0.8915740773959964,105.4693143248597,5.83188677,0.110240787
58,2.1501016162471128e-05,4.245372626647539e-05,2.1501016162471128e-05,0.8765729309490746,106.23346335450928,5.51806879,0.110179469
70,0.0003166247596390813,0.0005506589459820669,0.0003166247596390813,3.2437052198247267,123.74771037111658,11.7911139,0.113217168
74,0.0003915121156820416,0.0006745719321423204,0.0003915121156820416,3.818617671717506,133.4439272798421,12.6161308,0.107127964
72,0.00035933317109456103,0.0006192187681118059,0.00035933317109456103,3.6121067467344354,129.74438944609952,12.4082766,0.110044174
73,0.0001535462647007668,0.0003077848980693418,0.0001535462647007668,3.057509260714375,234.46339984200708,9.59023285,0.112468757
65,4.6743261937169704e-05,9.745920567213044e-05,4.6743261937169704e-05,1.4686734472263288,188.2495543712907,7.11297798,0.114530019
68,0.00011187350407025001,0.00022625418382123103,0.00011187350407025001,2.350148094033715,211.39527322507635,8.73726463,0.115707353
65,5.5521653737622046e-05,0.0001155823221889267,5.5521653737622046e-05,1.607871769210125,190.0280663977647,7.41971636,0.114273541
70,7.590163938009118e-05,0.00015379464601913634,7.590163938009118e-05,1.8761911490278296,189.65996271271555,7.84817266,0.113788649
67,5.1159084483345235e-05,0.00010511415497898999,5.1159084483345235e-05,1.5127620579618075,179.3326204909191,7.08033037,0.11224629
56,8.432944590376598e-06,1.7124189334690416e-05,8.432944590376598e-06,0.7244123555695543,158.79479354847075,3.60379982,0.109800875
63,3.202371762426121e-05,6.463804393216612e-05,3.202371762426121e-05,1.2457036765044762,169.12218420996666,5.76126862,0.11210414
68,0.00012445109480045875,0.00024302042673197437,0.00012445109480045875,2.355861085957158,187.93789624593674,8.68413258,0.112358689
73,0.00017322985566087793,0.00033448818160139785,0.00017322985566087793,2.833103670354844,197.91190839753335,9.7289753,0.110728607
55,8.292750952348976e-06,1.6431357016887684e-05,8.292750952348976e-06,0.728045249291197,156.2370694248987,3.34596348,0.109717146
48,1.923879816121807e-06,3.487019721612357e-06,1.923879816121807e-06,0.45694779164975724,145.9328182002202,1.68361938,0.108839169
51,3.1894332202825813e-06,5.992217058309981e-06,3.1894332202825813e-06,0.5342369792076502,150.77479851196998,2.19342971,0.109249562
56,8.097647171308492e-06,1.5563088181854952e-05,8.097647171308492e-06,0.7502451931142794,154.15538282260238,3.04481435,0.111082621
51,2.639745654022789e-06,4.879054990973043e-06,2.639745654022789e-06,0.5086641623080909,148.862589668146,1.93695223,0.109025024
60,0.00042374356829920503,0.0007939014031205511,0.00042374356829920503,3.1524994004462594,133.42216859387514,14.2134199,0.109083802
83,0.0002874323796139671,0.0004740785460099009,0.0002874323796139671,3.8493672387526403,155.83297043347827,10.1495371,0.109415062
62,0.00019599015762309925,0.00036939244147141456,0.00019599015762309925,2.4155449858385536,139.71383070257392,10.4837799,0.110902086
72,0.0002064337839786376,0.0003575512429960873,0.0002064337839786376,2.961372211486746,146.03234030326425,9.17186642,0.109784447
57,5.4918082073008564e-05,0.00011692703766134706,5.4918082073008564e-05,1.2345820186543033,134.9855047582548,8.04434776,0.110185459
86,0.00281134621508931,0.00463261069149623,0.00281134621508931,10.407086025312678,166.53227833350326,23.3035431,0.109755784
38,0.00016877295441052165,0.0006010814077788371,0.00016877295441052165,0.5574293990749324,102.48313036665381,46.0092926,0.109959722
53,4.81257231678643e-06,9.07224476441675e-06,4.81257231678643e-06,0.6146922114531773,134.8689903534086,3.14931679,0.109917589
49,2.1898532198159615e-06,3.7943932162116545e-06,2.1898532198159615e-06,0.4854310215707166,135.5893558293566,1.59232485,0.10927926
52,2.65450427956565e-06,4.652333420414738e-06,2.65450427956565e-06,0.5214450665809442,138.34251460261433,1.83080494,0.109652773
52,2.9758408988078398e-06,5.28111735170478e-06,2.9758408988078398e-06,0.5447291425309329,141.08295016098995,1.95323992,0.110227376
52,3.1749706278435745e-06,5.7254867858663515e-06,3.1749706278435745e-06,0.5503829091582377,144.55945078004206,2.02836847,0.110234961
52,5.229940513418186e-06,9.355739425788368e-06,5.229940513418186e-06,0.6819240028712822,146.35461340171213,2.49014735,0.111873731
49,2.142092202680549e-06,3.862164239330844e-06,2.142092202680549e-06,0.4746698304720798,144.02381542685785,1.7921735,0.10907872
49,2.3044330245126576e-06,3.845714791491185e-06,2.3044330245126576e-06,0.4778231102304011,113.7746564345078,1.68866146,0.109246336
55,3.5752101280519193e-06,6.143510241273552e-06,3.5752101280519193e-06,0.5617086080602736,116.67854190031589,2.35678744,0.109812722
53,3.0789462616052265e-06,5.204316674360678e-06,3.0789462616052265e-06,0.5351006197572251,115.08485210941366,1.9889884,0.109541588
58,9.428263019895653e-06,1.8199540381239586e-05,9.428263019895653e-06,0.7346892900238183,120.01781138271836,4.12042046,0.109711751
60,0.00028933490400618266,0.0005424316593557329,0.00028933490400618266,2.718686741394915,130.95770349234596,12.3625498,0.109730408
57,0.00010587249593704385,0.00021138649629044162,0.00010587249593704385,1.6549425839469014,124.98492211001597,9.2962513,0.110134386
51,2.1446388134113635e-06,3.6142937837892126e-06,2.1446388134113635e-06,0.4569240981191193,110.25814433742018,1.71875238,0.109350622
51,2.621730313163363e-06,4.395942737323375e-06,2.621730313163363e-06,0.4934367524574528,109.56842972342574,1.80080879,0.109356448
56,6.426058959789594e-06,1.1279005303466689e-05,6.426058959789594e-06,0.6532420534252741,109.77331065403597,2.698174,0.109904177
57,7.215173625616163e-06,1.2936463104019255e-05,7.215173625616163e-06,0.6651452657226067,108.79475046416364,2.97214508,0.10974884
56,1.2426096756942245e-05,2.2980446567129033e-05,1.2426096756942245e-05,0.7861228015868093,108.48178243151482,3.8750248,0.110195249
57,1.8920871459382848e-05,3.5223753211763425e-05,1.8920871459382848e-05,0.9077719149638185,108.46542604504828,4.72386742,0.11085064
58,2.5011311118440152e-05,4.763010675822919e-05,2.5011311118440152e-05,0.9712501216683551,108.13883747745403,5.41060877,0.110731229
59,2.9431810673939697e-05,5.70442560417125e-05,2.9431810673939697e-05,1.00167169426783,107.29222115614088,5.95462561,0.110295422
52,2.6256363015967273e-06,4.3825734362917435e-06,2.6256363015967273e-06,0.5034326027940373,112.53219259965987,1.76094174,0.109450266
54,2.95254547483182e-06,4.954315272017569e-06,2.95254547483182e-06,0.5218257696567964,111.65388169838785,1.84547269,0.109976552
65,6.9358097694177e-05,0.00013245394720200494,6.9358097694177e-05,1.4051875738327508,107.51719993003411,8.05806065,0.111964084
59,6.37466877034896e-05,0.00012209242654267113,6.37466877034896e-05,1.3600785846683257,107.4794641239382,7.8385663,0.110780396
82,0.0007123022199551737,0.0011620028147013102,0.0007123022199551737,5.727655143218543,148.5359494795122,14.902235,0.107203387
62,0.0001009458509529473,0.00018801498460347348,0.0001009458509529473,1.70694736076945,109.63539068322672,8.72152805,0.112466797
70,0.00022424862278266466,0.00039761216702049145,0.00022424862278266466,2.7450481364220005,122.24718059976026,10.6695776,0.111169882
59,6.245816752723775e-05,0.00011895256286871387,6.245816752723775e-05,1.3619879420655967,108.42677121825182,7.48785448,0.111038856
62,9.672875919340537e-05,0.00017773596165078146,9.672875919340537e-05,1.717102564801287,111.98043143158674,8.23273182,0.111297399
75,0.00040526303859671306,0.0006967666544939143,0.00040526303859671306,3.9930224482634467,136.93070641519208,12.6401472,0.108407393
87,0.00025428623485121383,0.000491674823800827,0.00025428623485121383,4.282483230590321,249.3114040638347,10.824789,0.11095164
72,0.00016096253450339592,0.000318947420084934,0.00016096253450339592,2.8738952182411848,218.0557164744507,9.59189892,0.11314927
80,0.00026117230907598865,0.0004977599208274884,0.00026117230907598865,4.368397165562018,240.3641008321499,10.8555689,0.109713756
81,0.0002710715603838832,0.0005138596667540701,0.0002710715603838832,4.146066813163346,228.08584995864808,11.0551872,0.109494358
79,0.0003903068497930244,0.0007248742114651375,0.0003903068497930244,5.148073373435958,239.22299364825892,12.2573299,0.107634589
61,2.9885462716503455e-05,5.924059757777375e-05,2.9885462716503455e-05,1.230144288211718,166.34890718798337,5.32177305,0.111873306
73,0.0001429083966914589,0.00027099834765983115,0.0001429083966914589,2.63181720736206,189.22965937118485,8.67306614,0.111933507
75,0.00024379244601173723,0.0004576873638863225,0.00024379244601173723,3.738457204942783,209.8465172835243,10.5122051,0.109457076
61,2.415038873658145e-05,4.70816656394622e-05,2.415038873658145e-05,1.1504876279894423,163.47585867166308,4.71672487,0.111929178
52,2.6591841324461165e-06,4.86648665581782e-06,2.6591841324461165e-06,0.5076718578766858,146.22769578490156,1.89864707,0.109322764
53,4.741582131932104e-06,8.969748609062337e-06,4.741582131932104e-06,0.6176050920643765,150.86208985817598,2.44655347,0.11061132
65,3.45060187470184e-05,6.552282166225842e-05,3.45060187470184e-05,1.3885981203774707,167.14042398549833,5.08738708,0.113604702
60,1.5112257424499911e-05,2.8124321492422355e-05,1.5112257424499911e-05,1.024486314302078,160.5920875591025,3.54482532,0.113370903
84,0.00018169250342127486,0.00031046536487752045,0.00018169250342127486,2.9730097800918456,147.68635891238227,19.0982418,0.110666223
64,0.00014504634247911678,0.0002657056556156384,0.00014504634247911678,2.323219813391692,142.2411700977036,8.85694599,0.112269841
63,0.0001057271122725754,0.00020733242906879909,0.0001057271122725754,1.824817377368341,138.920914446743,8.82933331,0.112329558
71,0.0001182280131363142,0.0002057358677429373,0.0001182280131363142,2.359351714584622,144.83381694486337,7.66921902,0.110780001
56,1.7303368157982328e-05,3.661127969126707e-05,1.7303368157982328e-05,0.8710060326717015,135.78633605568902,5.59198809,0.110713176
77,0.0011792186938623644,0.0019030235478958368,0.0011792186938623644,7.414786198225791,165.4192323989886,17.7465878,0.110138416
81,0.0006560220473714051,0.0010614753672175431,0.0006560220473714051,5.7571144384168536,162.83746675142328,13.5583048,0.110913597
52,3.4240238979525304e-06,6.102350671751703e-06,3.4240238979525304e-06,0.5690362744220795,137.23499625341458,2.20175338,0.109147824
58,9.035424607786354e-06,1.7259287703762895e-05,9.035424607786354e-06,0.7854734139086492,139.44022944867055,3.88198209,0.109964147
53,4.415542368375658e-06,7.855538580495306e-06,4.415542368375658e-06,0.6365850999418999,141.4546471344552,2.43068504,0.110347964
56,5.307097145590785e-06,9.484086941198325e-06,5.307097145590785e-06,0.6975034096251735,145.79285187143591,2.6785984,0.112666011
53,5.95272738838264e-06,1.0768591905969258e-05,5.95272738838264e-06,0.7124384009219871,149.14612969613287,2.50405955,0.111675963
55,4.386544006470336e-06,8.074177645428421e-06,4.386544006470336e-06,0.6192222490454451,148.8558577220508,2.36307096,0.110762008
58,6.485818594418562e-06,1.1579567792602657e-05,6.485818594418562e-06,0.7630657910332873,149.14290897978339,2.62129974,0.113343917
61,1.2838008844441055e-05,2.3125800818769255e-05,1.2838008844441055e-05,1.0181351022341394,157.18131852057846,3.85643435,0.115016811
56,3.30532164341543e-06,5.5361144189066385e-06,3.30532164341543e-06,0.5535069284741523,114.74632718241504,1.98353839,0.109532036
56,6.776852044237463e-06,1.1848680771757132e-05,6.776852044237463e-06,0.7212006040094887,120.46239109358709,3.06269503,0.110569999
57,5.796099414129879e-06,9.911656819505064e-06,5.796099414129879e-06,0.6988891324994703,119.63534993548451,2.53136873,0.110216901
61,5.5247983100524465e-05,0.00011156194378422327,5.5247983100524465e-05,1.3202013969734352,124.80654184390117,7.64271402,0.110236026
63,0.00022391208095281142,0.00041615498563627823,0.00022391208095281142,2.5662410868594834,133.06780123668872,11.1071339,0.11069034
53,3.7278673012034503e-06,6.324167553160233e-06,3.7278673012034503e-06,0.5608295782379253,111.05337581396458,2.06733847,0.110538773
62,1.0065686987960928e-05,1.736203868243252e-05,1.0065686987960928e-05,0.7979745690974508,112.88671556739165,2.96423912,0.111302391
62,1.792800806567918e-05,3.132264143075722e-05,1.792800806567918e-05,0.9811556650793359,113.67534485652119,3.72265458,0.110914268
62,2.9475468176813444e-05,5.264265740429473e-05,2.9475468176813444e-05,1.158740696115817,113.56166298897163,4.93377161,0.111213967
63,8.781010331456742e-05,0.0001565788483967843,8.781010331456742e-05,1.7894491961349182,116.5124028939836,7.39472818,0.111690685
61,9.079556417530463e-05,0.00016563938027165323,9.079556417530463e-05,1.7168586784498807,113.53280803713012,7.93473291,0.111293577
54,3.8420843505773125e-06,6.440079065746865e-06,3.8420843505773125e-06,0.587263020324527,114.14771476733293,2.06498098,0.110627308
59,7.04235531302436e-06,1.1872912281837332e-05,7.04235531302436e-06,0.7374326415625105,115.88217278396957,2.78319049,0.112977989
63,0.00013308733130114678,0.00024356180832119835,0.00013308733130114678,1.958928807096421,111.40713253734957,9.30074692,0.110742912
60,9.302126916827926e-05,0.00017292104893957937,9.302126916827926e-05,1.6751535311247465,110.64135477703996,8.42489624,0.111549646
69,0.00032016347314598977,0.0005599503877063089,0.00032016347314598977,3.3532038210296444,129.06364467522783,11.9385252,0.1078633
69,0.0003059176410881677,0.0005299338924361351,0.0003059176410881677,3.3192081321985456,129.31978935523148,11.6881208,0.108314373
75,0.00030151243873723343,0.0005202424165586506,0.00030151243873723343,3.428932308104598,134.6374542491505,11.3668051,0.104099214
72,0.00011045705827578307,0.00020764920267353867,0.00011045705827578307,2.399145179534359,184.3716453527591,7.55231762,0.112217374
77,0.00019951639332693334,0.0003692374598791781,0.00019951639332693334,3.7265187114944056,214.40439271930205,9.15053272,0.107918732
60,9.59957697602249e-06,1.7725213599088592e-05,9.59957697602249e-06,0.849972640034485,155.16888301203895,2.88133073,0.111629248
70,6.267655480966791e-05,0.00011566705407514263,6.267655480966791e-05,2.1533826650777743,187.28915396024013,6.98434925,0.109567352
74,6.355477543450123e-05,0.00011695304986109822,6.355477543450123e-05,2.1165380880464673,182.37857281668764,7.49601936,0.109136
44,2.3519230978620466e-05,7.610917300547968e-05,2.3519230978620466e-05,0.4888644147254394,111.88346420390671,15.2869167,0.113858104
75,0.00019612208203366872,0.0003350963232212526,0.00019612208203366872,3.207774242651529,156.68896895745843,8.84231091,0.110208549
64,8.598478039769721e-05,0.00015577812328829548,8.598478039769721e-05,1.995599673154215,146.0160152411721,7.32343626,0.112994447
60,5.556793465036889e-05,0.00011136002502696641,5.556793465036889e-05,1.459718216452127,141.68252688433117,7.44823456,0.113260753
50,5.249038968511525e-05,0.00016296497098918978,5.249038968511525e-05,0.8163016512073513,127.14356352907116,19.89048,0.10797333
63,2.498576281222399e-05,4.9242822602865504e-05,2.498576281222399e-05,1.1573988812372196,145.01695892266036,5.76990366,0.112639382
66,0.000261636028212238,0.0004771967438926788,0.000261636028212238,2.909334822428487,137.98447670143676,11.5716639,0.110990532
65,0.00015416569529568043,0.0002803423573054218,0.00015416569529568043,2.5363841274102175,145.5828983622553,9.0456686,0.110789187
59,6.457589574023763e-06,1.1590512692961557e-05,6.457589574023763e-06,0.7453666901772308,143.26079688096118,2.81131148,0.110665157
58,1.0488954014444946e-05,1.9330349807517594e-05,1.0488954014444946e-05,0.9065441392511858,146.26316589895606,3.74545431,0.110654473
64,1.3126196790349018e-05,2.333002314900974e-05,1.3126196790349018e-05,1.0908791637431472,156.58563476101295,3.85495615,0.113090098
66,1.867141221180964e-05,3.411770125847108e-05,1.867141221180964e-05,1.246694815733659,162.64275061600708,4.92757607,0.113219514
68,2.3228912616552402e-05,4.262294307713578e-05,2.3228912616552402e-05,1.3023937765029951,165.1152991450022,4.88794041,0.112390794
71,3.320303943903524e-05,6.129933235683491e-05,3.320303943903524e-05,1.7247384196702116,177.63417322022573,6.12937975,0.109850943
72,3.87282456596932e-05,7.089085435208794e-05,3.87282456596932e-05,1.8554997531725015,181.7632385372991,6.04515362,0.107671328
58,5.448110602255567e-06,9.213192437823455e-06,5.448110602255567e-06,0.6806032628342772,117.87921559963029,2.5907414,0.109686173
61,9.183415189407917e-06,1.5858918187325894e-05,9.183415189407917e-06,0.8560815846409178,125.25663168627833,3.18017054,0.111031212
61,1.7812685317375048e-05,3.208607117807927e-05,1.7812685317375048e-05,1.0929629848292342,130.75004074927048,4.5862937,0.109915055
65,1.6139334982114813e-05,2.780577987610447e-05,1.6139334982114813e-05,1.1494563052830793,133.28178469188538,4.47432566,0.106183186
60,5.156015612793584e-05,0.00010155105067933496,5.156015612793584e-05,1.416373863650553,130.34193220906576,7.21441555,0.111277267
70,5.836996276944233e-05,0.0001069460628856664,5.836996276944233e-05,1.7708519370394586,142.96511226345814,6.80408955,0.108726837
60,9.843699293709965e-06,1.677204062029967e-05,9.843699293709965e-06,0.8190775008244524,115.2367429104109,3.11760616,0.113700733
68,3.0084063694316906e-05,5.1896835350104545e-05,3.0084063694316906e-05,1.318324453946641,123.99405997832619,4.94867706,0.112839662
70,9.973164892961036e-05,0.00016952760490837216,9.973164892961036e-05,2.149429830464012,128.75624532178082,7.55981207,0.109092861
71,0.0001473171783903993,0.00025159103442296335,0.0001473171783903993,2.533528299426186,129.79360175361498,8.00241852,0.108392358
79,0.0003863040059260745,0.0006368162067899109,0.0003863040059260745,4.419542097059349,147.43139232817236,11.4651985,0.104181178
61,1.279520619040711e-05,2.1814031947245635e-05,1.279520619040711e-05,1.0078207749523334,125.89882720185824,3.91246104,0.110274948
63,2.8232611204932007e-05,4.859498124850504e-05,2.8232611204932007e-05,1.3541269626478138,129.7225202955735,4.8072691,0.111332804
75,0.0003246696803313939,0.0005642061458010802,0.0003246696803313939,3.410093267613586,129.72235507165598,11.8408699,0.107078664
82,0.0004849585942160282,0.0008194354086131539,0.0004849585942160282,4.526277456356236,142.2039614106751,13.4834328,0.105901174
141,0.0002915197473440516,0.0004869887898525927,0.0002915197473440516,5.082412306665731,211.55039509824564,15.5338278,0.108338259
87,0.00016882713093689203,0.00031610577009508016,0.00016882713093689203,2.9991311538254273,172.9077168671759,13.352787,0.108695827
123,0.00047359829275889605,0.0009204508671743554,0.00047359829275889605,4.882864630466599,189.25427905101364,24.5904179,0.107016057
75,7.193671691570529e-05,0.00013052883960047878,7.193671691570529e-05,2.129727234963648,165.28272544433986,9.07748508,0.109086998
74,3.997979477641356e-05,7.33765752816377e-05,3.997979477641356e-05,1.742770070737919,166.77819491235914,6.85351372,0.104236595
74,2.813324050427244e-05,5.117478699868043e-05,2.813324050427244e-05,1.5868111525481188,167.7254828305067,6.19388342,0.10832271
80,8.047759783369465e-05,0.00015739942572011589,8.047759783369465e-05,2.6480655812774248,195.6973507661465,10.4315653,0.107809559
75,2.9888682711130754e-05,5.183687743070424e-05,2.9888682711130754e-05,1.574885808007036,146.3587506846343,6.14188433,0.102972873
72,3.272485505281886e-05,5.662788573033082e-05,3.272485505281886e-05,1.5831609028040268,145.1331844887796,5.49364471,0.105287731
76,6.461590526276617e-05,0.00011231498212109812,6.461590526276617e-05,2.18227001345827,148.75800674556766,9.02302551,0.102921881
70,7.916491794351298e-05,0.00013596773165728957,7.916491794351298e-05,2.06719985758806,135.3853866299294,7.17114544,0.108472191
74,0.00015721659469841297,0.0002628394137081575,0.00015721659469841297,2.86304385576276,141.32696249160685,8.8346386,0.105206192
76,5.963510620559976e-05,0.00010326038194716587,5.963510620559976e-05,1.9943187427874478,144.08340140747205,7.78465986,0.106006302
