n_points,HI2_percent,HI3_percent,HI_percent,SA_dyne_s_cm2,transit_ms,max_stress_Pa,mean_inlet_velocity
46,6.726920346155115e-06,1.3462883548421612e-05,6.726920346155115e-06,0.6166062877075591,117.31820293154992,3.97755289,0.0631416813
44,7.103487550590674e-06,1.422551528797803e-05,7.103487550590674e-06,0.6206598989555661,113.89493326411679,4.32700109,0.0634983182
43,7.185671739790566e-06,1.4551328943544724e-05,7.185671739790566e-06,0.6274000094048818,120.15763203183342,4.36093998,0.0626875237
44,6.446566001714026e-06,1.302091225085317e-05,6.446566001714026e-06,0.6098149066652071,121.08199311698519,4.26851606,0.0629845262
45,6.4745567835363525e-06,1.2951751664322417e-05,6.4745567835363525e-06,0.6084871148355655,116.92914307734222,4.08428907,0.0632899478
44,7.315473483933618e-06,1.4708276575340096e-05,7.315473483933618e-06,0.6260937029131934,115.43289026967865,4.3845644,0.0629701987
43,7.0767157327284266e-06,1.407454739105755e-05,7.0767157327284266e-06,0.6214750014781348,113.0541557838246,4.13061857,0.0632124394
44,6.624363032096556e-06,1.3264415421130393e-05,6.624363032096556e-06,0.6079427688541308,113.78675542825042,4.06836176,0.0626721904
44,6.857887725416117e-06,1.3573910503931482e-05,6.857887725416117e-06,0.6148112297862525,111.25023677792566,4.20662069,0.062850073
44,7.442371511905093e-06,1.5160404799541193e-05,7.442371511905093e-06,0.6330071212329419,121.39576509678986,4.35873508,0.0623296015
46,6.937612370107439e-06,1.4104990317196609e-05,6.937612370107439e-06,0.623432826786014,123.84508607258113,4.31751013,0.0622660331
45,6.864422677463998e-06,1.4059345321204742e-05,6.864422677463998e-06,0.6212946877275504,126.72138145613287,4.30158329,0.0625068396
45,6.412156344041453e-06,1.3076082291449381e-05,6.412156344041453e-06,0.6109771562036513,125.66777833481382,4.12476587,0.0624831505
45,5.948398072809664e-06,1.202807436766333e-05,5.948398072809664e-06,0.5954026383408898,121.09933573925568,3.98886704,0.0627718791
44,6.015671286937404e-06,1.2083871868916664e-05,6.015671286937404e-06,0.5947783581525851,117.20551448848695,4.15502596,0.0626047254
43,7.214044833046714e-06,1.4317792412743031e-05,7.214044833046714e-06,0.624797805044707,112.1651870149659,4.08838511,0.0629326776
47,7.5904401020108354e-06,1.5257608755097051e-05,7.5904401020108354e-06,0.6357741684935141,117.15126571277256,4.40207338,0.0626707226
44,6.8876550794555685e-06,1.3617275707046474e-05,6.8876550794555685e-06,0.615413929508723,110.32626794069662,4.11196232,0.0628370792
44,6.108091888743745e-06,1.2166999190976225e-05,6.108091888743745e-06,0.5957483003375478,114.50325140443623,3.60754728,0.0625862703
45,6.578020649799369e-06,1.3089177812232597e-05,6.578020649799369e-06,0.6052633797109459,111.75015954054345,3.88341236,0.0628608316
41,6.406961203242028e-06,1.2666941658438034e-05,6.406961203242028e-06,0.5985388483050307,108.44406790398399,4.27370787,0.0631750152
43,6.5681858558559565e-06,1.2922946600071952e-05,6.5681858558559565e-06,0.607319643509397,108.96627319946741,4.12363386,0.0625962839
46,7.43312139704443e-06,1.518331533538122e-05,7.43312139704443e-06,0.6350705396052693,125.36675552939433,4.37953329,0.0628504381
47,7.562446282441233e-06,1.5350737549675e-05,7.562446282441233e-06,0.6355601894860909,120.73096606287409,4.38433695,0.0620732382
46,7.266824852763977e-06,1.4909051384839654e-05,7.266824852763977e-06,0.6323396055914571,127.36265854371295,4.31305695,0.0628756061
45,7.43250388479525e-06,1.5312168796654783e-05,7.43250388479525e-06,0.6357666376801072,129.87898950003878,4.33659506,0.0619978011
46,6.8661545661187914e-06,1.418776175545541e-05,6.8661545661187914e-06,0.6226461148423045,130.8730848222015,4.25634193,0.062542893
45,7.066433251990362e-06,1.4625557042935856e-05,7.066433251990362e-06,0.6311396906993818,135.4137244582297,4.22553301,0.0624136813
45,6.296470589553524e-06,1.2875238584773514e-05,6.296470589553524e-06,0.6046475725886415,125.03218159385479,4.14112377,0.0623286925
43,6.263529019269429e-06,1.2766356740311024e-05,6.263529019269429e-06,0.6004449055665116,120.77017838062346,4.11305094,0.062713176
44,5.678908587582265e-06,1.1348218125027262e-05,5.678908587582265e-06,0.5858402763866061,117.29941051687878,3.79824305,0.0626311377
47,7.439570325872021e-06,1.4905991788213571e-05,7.439570325872021e-06,0.6286247709011296,113.64866474951273,4.44860554,0.0628640279
46,7.142832975832898e-06,1.414121823633542e-05,7.142832975832898e-06,0.6193250595003954,109.05605975937173,4.39563799,0.0629182234
43,7.519732749194308e-06,1.4710289294666977e-05,7.519732749194308e-06,0.6341245180701975,109.54699571107385,3.76537967,0.0631133318
45,7.72056500606563e-06,1.555436609790365e-05,7.72056500606563e-06,0.6378483026258104,117.63660249367422,4.33167553,0.0628149286
40,6.08683116732105e-06,1.2097797291559464e-05,6.08683116732105e-06,0.5929472273156579,112.37336611429616,3.9475832,0.0630106106
44,6.278298935619036e-06,1.240284356479325e-05,6.278298935619036e-06,0.5966492624030465,109.52070253017352,3.87576818,0.0630071908
43,6.2936265959890035e-06,1.2356108075150358e-05,6.2936265959890035e-06,0.5934651274311952,106.74824860506789,4.21023321,0.0634670109
42,6.580915071810234e-06,1.2898307179610305e-05,6.580915071810234e-06,0.6048353980693383,106.72878399716022,3.97044635,0.0637165904
43,7.027987451355738e-06,1.3771312206009705e-05,7.027987451355738e-06,0.6141815518875932,106.19585169732086,4.14334869,0.0630120784
44,7.88339841851743e-06,1.6100566331331455e-05,7.88339841851743e-06,0.643104916825597,123.76721784355746,4.52211046,0.0623732843
46,7.825889311938396e-06,1.6153512688177156e-05,7.825889311938396e-06,0.6464679954407364,131.40374990171884,4.45060301,0.0624674037
45,7.99959615793843e-06,1.624110983306765e-05,7.99959615793843e-06,0.6447926380895728,120.84868112131758,4.60748672,0.0626612529
45,7.744001378468366e-06,1.6031659322979418e-05,7.744001378468366e-06,0.643955666066531,133.28327754150166,4.36885738,0.0626039729
45,7.614782102943469e-06,1.5697055903939005e-05,7.614782102943469e-06,0.6434674472411298,134.09306777063105,3.66190624,0.0624823421
46,7.271924910756181e-06,1.5114711469616096e-05,7.271924910756181e-06,0.6307528946003526,133.02357391837373,4.18922329,0.0624639131
47,7.457744066839564e-06,1.5608362895898373e-05,7.457744066839564e-06,0.6362857892114753,137.6934401844253,4.23296881,0.0627365261
47,7.37411272992609e-06,1.5456625645341635e-05,7.37411272992609e-06,0.6398783539145165,140.12424264535966,4.37209129,0.0622052401
45,6.229205883887421e-06,1.2749734384793657e-05,6.229205883887421e-06,0.6005865196753029,124.19603165608956,3.97319674,0.0623612255
45,7.543310776655375e-06,1.581221674714702e-05,7.543310776655375e-06,0.629698872238444,131.50512649719974,4.15189314,0.0629464388
44,7.531439148582945e-06,1.5843448129880623e-05,7.531439148582945e-06,0.6249769231133779,129.04748926044994,3.92126203,0.0630134568
44,5.8792988371726385e-06,1.1980884815523293e-05,5.8792988371726385e-06,0.5887471068198302,121.24747273829496,3.47373867,0.0626297891
41,5.82429052144672e-06,1.1682352797911705e-05,5.82429052144672e-06,0.587237039659472,115.70024017858215,3.62638545,0.0629023835
45,5.640295400729131e-06,1.1396612247385632e-05,5.640295400729131e-06,0.5835752282975515,119.30897355247419,3.69828844,0.062710993
46,7.72278887359704e-06,1.5359134184754687e-05,7.72278887359704e-06,0.6383487752868487,112.80382108372231,4.65049553,0.0629627779
43,7.260882993596042e-06,1.416044726661078e-05,7.260882993596042e-06,0.6226969646369717,106.8990464352894,3.82811427,0.0629300177
43,7.889753479965524e-06,1.5509416120778853e-05,7.889753479965524e-06,0.6382874879759115,107.33997026575459,4.40736437,0.0636421591
44,8.380450724131308e-06,1.6579284927555255e-05,8.380450724131308e-06,0.6511564939120361,110.28936728138571,4.3096962,0.0629789382
47,7.940390675295605e-06,1.595645245426129e-05,7.940390675295605e-06,0.6452678158130036,118.7826015899871,3.94856834,0.0629373565
47,8.16732470104221e-06,1.6410233795838907e-05,8.16732470104221e-06,0.6468937600760805,115.00137463958255,4.59190941,0.0631283745
41,5.94017097208172e-06,1.186746822382619e-05,5.94017097208172e-06,0.5873634209596912,112.2397696393023,3.87593293,0.0636204556
42,5.9048058118708555e-06,1.1707082073159678e-05,5.9048058118708555e-06,0.5860189554447758,110.35494094750769,3.79437566,0.0635006204
41,5.8874589652667816e-06,1.1566916593926751e-05,5.8874589652667816e-06,0.5835178224294842,107.46142109241448,3.72244048,0.0632542521
44,6.311721534013581e-06,1.2407537930581474e-05,6.311721534013581e-06,0.5907007761355481,105.33834763075946,4.23231792,0.0633419082
43,6.7356229398278415e-06,1.3228422411736526e-05,6.7356229398278415e-06,0.6026509191801467,104.99124413349612,4.28134584,0.0633165166
42,7.007142597463153e-06,1.3675153589385434e-05,7.007142597463153e-06,0.6126709580369113,104.67604171132281,4.35406208,0.0634651333
43,7.3765821169182e-06,1.4338916528561445e-05,7.3765821169182e-06,0.6227009671088551,104.55054157510563,4.10347319,0.0633178577
45,8.085664408940264e-06,1.6653952822851294e-05,8.085664408940264e-06,0.6491859991635068,128.2660128749947,4.56922054,0.0630034283
44,8.395168439459475e-06,1.7519774137252646e-05,8.395168439459475e-06,0.660143174349396,135.60286308729405,4.60278606,0.0623466
44,8.246865694628235e-06,1.6880151483845427e-05,8.246865694628235e-06,0.6506025547167962,123.36298795056906,4.63470745,0.0626023263
47,7.954689958022736e-06,1.655585917868014e-05,7.954689958022736e-06,0.6521472163589346,138.6980379598025,4.02391148,0.0622715466
47,8.501816171196425e-06,1.818127466162644e-05,8.501816171196425e-06,0.6489756969807166,138.41697332966612,4.09809446,0.0628055334
46,8.385594512958786e-06,1.7868331367650833e-05,8.385594512958786e-06,0.6546644954041478,143.48627800173008,4.2604866,0.0627630949
46,7.4255364510498586e-06,1.565935757681525e-05,7.4255364510498586e-06,0.6429212981849817,145.7112252079663,4.41424608,0.0620083325
45,8.046091028684436e-06,1.7064861594800918e-05,8.046091028684436e-06,0.6528065132108833,145.96919449628226,4.2565794,0.0625648499
45,8.740032547699874e-06,1.8810022758257143e-05,8.740032547699874e-06,0.6496306560036671,136.73657800010008,4.25542784,0.0626475215
43,8.174226409188366e-06,1.7454982893219562e-05,8.174226409188366e-06,0.6366921683236637,133.34552901941885,4.23038578,0.0626985952
44,8.003391088972364e-06,1.721915586896885e-05,8.003391088972364e-06,0.6216304370261148,127.96475889652444,4.33507252,0.0628619641
44,6.706971887866722e-06,1.3984636555271129e-05,6.706971887866722e-06,0.6036736697067859,124.53368135821535,3.7810955,0.0625229701
41,5.787554773404478e-06,1.186269384695012e-05,5.787554773404478e-06,0.5806206760176045,119.72273513142392,3.75496936,0.0627864674
42,5.666325375305766e-06,1.1333736681879042e-05,5.666325375305766e-06,0.5814170752376079,115.21973180537796,3.54983187,0.0634530038
44,7.765176847617164e-06,1.5217543623920424e-05,7.765176847617164e-06,0.6332520317630381,105.6906797436072,4.20373821,0.0640933737
41,8.207657038012625e-06,1.612352992833333e-05,8.207657038012625e-06,0.6450569319285668,106.70688347295321,4.23486853,0.0638581887
45,8.321533099702971e-06,1.6517055647311833e-05,8.321533099702971e-06,0.6506441745703168,110.61266342973185,4.50113773,0.0631514266
44,8.425680874988096e-06,1.6965170207575215e-05,8.425680874988096e-06,0.6568599029664154,119.51230230319192,4.33089447,0.0625893176
44,8.47027376818442e-06,1.6877623059649563e-05,8.47027376818442e-06,0.655879853723714,113.61788746826059,4.58671188,0.0628413111
42,5.620583310297942e-06,1.1197565493746845e-05,5.620583310297942e-06,0.5787950638184431,113.02468287808325,3.57567549,0.0636873692
42,5.5465905990408895e-06,1.1059596200084723e-05,5.5465905990408895e-06,0.5730712182525766,110.71581388009182,3.91449881,0.0626618341
43,5.742673142468654e-06,1.1417781957157241e-05,5.742673142468654e-06,0.5782421717984612,108.45578120866132,4.11955738,0.0628098026
41,5.737910018920145e-06,1.1167312640812102e-05,5.737910018920145e-06,0.5786623698340264,106.1216501423152,3.54776359,0.0630806312
41,6.144577587217112e-06,1.1896010652309043e-05,6.144577587217112e-06,0.5890232169462426,104.63014265798165,3.63633442,0.0636589676
43,6.610098050123121e-06,1.2842555698910132e-05,6.610098050123121e-06,0.5965519999470165,103.30907617872936,4.13171291,0.0636350736
40,6.882618278970149e-06,1.335706529552528e-05,6.882618278970149e-06,0.6064728746157936,103.57600340858788,3.69106221,0.063507475
42,7.290610771572642e-06,1.4213137932353554e-05,7.290610771572642e-06,0.6154725904110716,103.16299524191474,4.16858578,0.0638533011
42,7.4005509412592e-06,1.4390224361281096e-05,7.4005509412592e-06,0.6215954588218473,103.83677928959567,4.01505041,0.0640803948
42,7.631517786424104e-06,1.4870741684712131e-05,7.631517786424104e-06,0.6274089533863763,103.73486101287186,4.23223019,0.0638354793
48,8.12683085077882e-06,1.6818469987392006e-05,8.12683085077882e-06,0.6497284473556312,131.07436461132124,4.50397491,0.0627253726
46,8.302462352213384e-06,1.713717815672533e-05,8.302462352213384e-06,0.6556471870291536,130.10330598791805,4.49438477,0.0626877993
47,8.408359084492631e-06,1.759590787416753e-05,8.408359084492631e-06,0.6612184381622969,138.9994171934685,4.45648956,0.0617690049
46,8.105910385907625e-06,1.7087844684311477e-05,8.105910385907625e-06,0.6571466149604442,143.6177027250811,4.53448296,0.0618116148
44,8.145090602334213e-06,1.6570211883117834e-05,8.145090602334213e-06,0.6523374099254964,124.7399461664355,4.01659298,0.0621535964
47,9.934762191365074e-06,2.172698554144506e-05,9.934762191365074e-06,0.6724385284900488,142.79366671470157,4.53959751,0.0626712441
47,9.862056786413724e-06,2.1453413406545155e-05,9.862056786413724e-06,0.6778758788018504,146.90155885522177,4.50148249,0.0623594262
48,9.6350923518689e-06,2.081017511469289e-05,9.6350923518689e-06,0.6807642409436317,151.12508168388356,4.17711544,0.0623057298
48,7.932689131945623e-06,1.678030254968688e-05,7.932689131945623e-06,0.6540646891115401,148.05091145678594,4.34793615,0.06210123
47,7.997166603882723e-06,1.706381833153717e-05,7.997166603882723e-06,0.6562904204603724,153.5168357315658,4.25680351,0.0622846484
50,9.351756407503528e-06,2.0173676828850756e-05,9.351756407503528e-06,0.6805134657240449,156.16877368353454,4.2053194,0.0622529425
44,9.530968739044895e-06,2.0981142261508666e-05,9.530968739044895e-06,0.6566475419886776,140.22135057731376,4.72159624,0.0625612512
44,9.198827216386369e-06,2.02243372253902e-05,9.198827216386369e-06,0.6435525529206646,134.19426307254946,4.70296383,0.0625440702
44,1.0022925957039888e-05,2.235098743942371e-05,1.0022925957039888e-05,0.6592371183823541,140.87768647589115,4.76207399,0.0623414963
43,8.796819148631987e-06,1.9345250450850768e-05,8.796819148631987e-06,0.6334323369883751,131.53005727678337,4.74985456,0.0623885728
43,8.0819352234523e-06,1.7650592099007643e-05,8.0819352234523e-06,0.6168643750340923,127.90495441846497,4.48047924,0.0627845526
41,6.181067409791835e-06,1.2832313515057923e-05,6.181067409791835e-06,0.5896486646692051,123.39520946102695,3.59662008,0.0626843199
43,5.6100387305564085e-06,1.142515289007616e-05,5.6100387305564085e-06,0.5766368151224132,117.97651545085195,3.68131685,0.0633388087
45,6.473808895570374e-06,1.3518538632064742e-05,6.473808895570374e-06,0.5915062035478554,121.89858200333605,3.71660614,0.0630382746
44,7.861891503767222e-06,1.5396395750272698e-05,7.861891503767222e-06,0.6345111451874712,105.0505084369724,4.31422281,0.0640807077
42,8.686832563772689e-06,1.7137652271227596e-05,8.686832563772689e-06,0.6558962949066587,107.73394160897321,4.439116,0.0636599436
46,7.905338906808861e-06,1.5415419312646468e-05,7.905338906808861e-06,0.6351341216753223,104.34984136344745,4.26040125,0.0641342029
45,8.995867516269832e-06,1.7874881261299597e-05,8.995867516269832e-06,0.6647003221130383,111.02976293198003,4.362679,0.0633035079
46,9.044942043342019e-06,1.8408271462385954e-05,9.044942043342019e-06,0.6686013957934099,121.01089513854721,4.72263765,0.0628461093
46,8.855552285762691e-06,1.7801052228189616e-05,8.855552285762691e-06,0.6640516074530766,116.39273011580521,4.42051888,0.0631662607
40,5.119356830270022e-06,1.0202939964897897e-05,5.119356830270022e-06,0.5635114327411006,113.38356307053854,3.65436316,0.0634734556
42,5.19497931780028e-06,1.0214945249337339e-05,5.19497931780028e-06,0.5654669007920058,109.88453779940384,3.13253546,0.0629258603
41,5.3940111508490645e-06,1.053935239528578e-05,5.3940111508490645e-06,0.5688077744307292,107.11769492413407,3.54102182,0.063440688
40,6.276138611150294e-06,1.2456472056729634e-05,6.276138611150294e-06,0.5847872726559324,105.36992939651326,4.19781733,0.0634327158
43,5.970817952853704e-06,1.1633590520921223e-05,5.970817952853704e-06,0.5802862734631649,104.63066416905164,3.95491719,0.06316863
38,6.420218493351403e-06,1.2516767336423599e-05,6.420218493351403e-06,0.5888083198700051,102.5581977272411,3.92489362,0.0638316348
42,6.586865282594834e-06,1.27800982779153e-05,6.586865282594834e-06,0.5966834650919367,102.76263963658599,4.03436327,0.0634698942
43,6.975486422173132e-06,1.3557198320228648e-05,6.975486422173132e-06,0.6060609245533286,102.39881856751613,4.15007591,0.0635773838
42,7.270056790810347e-06,1.4200593998798224e-05,7.270056790810347e-06,0.6142157287931355,102.48890098900279,4.23984671,0.0637308508
42,8.017893703797874e-06,1.5696248024246896e-05,8.017893703797874e-06,0.629893657958892,102.60034659508946,4.32656622,0.0639713928
47,8.424719617686149e-06,1.7556100453879318e-05,8.424719617686149e-06,0.6582391735740338,133.92927696344546,4.58669662,0.0627183393
47,8.534388506319799e-06,1.788007360912531e-05,8.534388506319799e-06,0.6605132826057399,137.43383810922083,4.48749685,0.0623158365
48,8.284735818482615e-06,1.7086434488713988e-05,8.284735818482615e-06,0.6542317321861036,127.7951628109853,4.7681427,0.0626424253
48,8.414031770541685e-06,1.7550666249531862e-05,8.414031770541685e-06,0.6579948442996298,133.6109553719294,4.67337513,0.0630868971
47,8.91552323736155e-06,1.8773466679864574e-05,8.91552323736155e-06,0.672865352180447,143.220238374984,4.15627146,0.0620469116
48,8.263803839643285e-06,1.7587321395553532e-05,8.263803839643285e-06,0.6610971983844834,149.39807280505718,4.45542192,0.0620991364
49,8.943633271628825e-06,1.9002149198188908e-05,8.943633271628825e-06,0.6755380314092548,148.46487235969812,4.54859734,0.0619636849
45,8.858871501706586e-06,1.8080316519724418e-05,8.858871501706586e-06,0.6668001936863679,123.49240931527314,4.69735575,0.0625664815
44,1.0739106737083676e-05,2.382516007096326e-05,1.0739106737083676e-05,0.6846784619906067,148.42753107036813,4.65390396,0.0620681867
46,1.0250988039144768e-05,2.2882676618631676e-05,1.0250988039144768e-05,0.6715679059122982,146.8287114840749,4.63483429,0.0623557866
49,1.0702458384355757e-05,2.3488671201499944e-05,1.0702458384355757e-05,0.6941264402806141,152.06096656623467,4.57997227,0.0622804314
46,1.11160930435018e-05,2.4489999383474148e-05,1.11160930435018e-05,0.7064695482490551,159.06389439469507,4.60486841,0.0622122213
48,7.946422139344932e-06,1.6933874548489916e-05,7.946422139344932e-06,0.6583316012564954,155.2745986026537,4.37403154,0.0624813735
47,8.571775872072193e-06,1.8459000081108477e-05,8.571775872072193e-06,0.6716987045021903,159.04221356272063,4.23936605,0.0622282811
50,1.0766751505854006e-05,2.3668409600800795e-05,1.0766751505854006e-05,0.7053412783049583,162.7743592470875,4.39574528,0.0620993264
44,9.679480651534124e-06,2.1698231753785604e-05,9.679480651534124e-06,0.6474108876076292,138.02296341770557,4.80927563,0.0622454546
47,9.563970762808256e-06,2.144892304498081e-05,9.563970762808256e-06,0.6551150748249914,147.09818171016772,4.6429863,0.062198095
48,9.309162812886835e-06,2.0961421220258378e-05,9.309162812886835e-06,0.644810738390366,146.1245326803115,4.68149948,0.062120188
45,9.052905210329043e-06,2.0235964865540826e-05,9.052905210329043e-06,0.62919478186146,131.5591688071874,4.77465105,0.0623685196
46,9.44059536102352e-06,2.1266183718552167e-05,9.44059536102352e-06,0.6388659271467205,137.26274807830663,4.75109816,0.0621450655
45,7.683020332907916e-06,1.6568554783776388e-05,7.683020332907916e-06,0.6103243321400229,126.3971794853233,4.17327166,0.0634989068
45,5.433149776657406e-06,1.1125874790769048e-05,5.433149776657406e-06,0.5681911555469037,118.70095531254854,3.59249353,0.0635509118
43,6.83905838602947e-06,1.4545169814585064e-05,6.83905838602947e-06,0.592692140613357,123.12077314119912,3.89308834,0.0629771799
45,7.933093245773831e-06,1.747692386655335e-05,7.933093245773831e-06,0.6070446107881817,127.74384360044772,4.36902475,0.0634575188
43,8.066064412411e-06,1.57118474220427e-05,8.066064412411e-06,0.6428673871825091,105.40284978614217,4.25623608,0.0638062879
44,8.442569658503745e-06,1.661605962162824e-05,8.442569658503745e-06,0.6543909795792936,108.79987758110192,4.34358835,0.0635750517
43,7.791825850333202e-06,1.5154990422556363e-05,7.791825850333202e-06,0.6315331542561702,103.28306383038063,4.35516739,0.0640609637
41,7.643291983677526e-06,1.4833488171045048e-05,7.643291983677526e-06,0.62755107070911,102.65035565132831,4.37836361,0.0640432015
43,8.948488362647005e-06,1.784568402821584e-05,8.948488362647005e-06,0.6658080226334151,112.15623129428805,4.51878309,0.0630135834
45,9.404427763574925e-06,1.902946351680173e-05,9.404427763574925e-06,0.6778759912535544,118.59826636426072,4.44633102,0.0632394999
45,9.411723269015456e-06,1.8867844281989363e-05,9.411723269015456e-06,0.6794679860544445,116.23014806771492,4.39148474,0.0627173409
42,4.983106006466845e-06,1.004195829596441e-05,4.983106006466845e-06,0.5560529301379529,114.28664436757683,3.69121575,0.0634562597
43,5.1527034547307885e-06,1.0250055374335754e-05,5.1527034547307885e-06,0.5606192804745043,110.4717807818996,3.86317992,0.0633190498
41,5.352797358045619e-06,1.0604812991473554e-05,5.352797358045619e-06,0.5626727547445836,108.0556345357501,3.8545301,0.0632322207
42,5.654823085959652e-06,1.1110693411201153e-05,5.654823085959652e-06,0.5698954751435775,105.48901734142474,4.03568316,0.0635455921
40,5.89675311948427e-06,1.1492509412440478e-05,5.89675311948427e-06,0.5756349193533967,103.96735926572698,3.83243728,0.0631499663
44,6.098316458195472e-06,1.1890044175480985e-05,6.098316458195472e-06,0.5793224126824582,103.30516218592348,3.86852384,0.0636892691
40,6.626675674596586e-06,1.288225127783197e-05,6.626675674596586e-06,0.5930804130958838,102.14774031269609,4.0541811,0.063575983
44,6.84947087236025e-06,1.333007345696771e-05,6.84947087236025e-06,0.599510063757495,102.07573127819562,3.99006677,0.0635902286
43,6.971729836369631e-06,1.350904548016759e-05,6.971729836369631e-06,0.6039537281493027,101.77024903622944,4.1418066,0.0634750873
42,7.083086129064711e-06,1.3725186372694955e-05,7.083086129064711e-06,0.606950217643566,101.66578797126246,4.21238899,0.0642470196
44,7.3596875733713635e-06,1.428321150283414e-05,7.3596875733713635e-06,0.6185874792762898,102.31213755798741,4.28904152,0.0643374622
43,7.240360434330428e-06,1.404876575463961e-05,7.240360434330428e-06,0.6138624256226938,102.06226444513337,4.2730937,0.0651386008
48,8.640046515434532e-06,1.8152732908686694e-05,8.640046515434532e-06,0.6640774153946922,138.8827670128161,4.62836647,0.062508747
46,8.765403852856677e-06,1.8613592466736915e-05,8.765403852856677e-06,0.6681871454285102,143.93565118233656,4.64461279,0.0625078902
47,9.177439686306261e-06,1.9037301915781442e-05,9.177439686306261e-06,0.6758042836963919,131.31208981198947,4.70672321,0.0629187301
48,8.76907153977255e-06,1.836942286485785e-05,8.76907153977255e-06,0.6676054509076352,136.76947826744293,4.54567957,0.0627297908
48,8.950581778595648e-06,1.9114239600268557e-05,8.950581778595648e-06,0.6766387264166777,150.30754458943687,4.32859802,0.0623256676
49,8.439312092013249e-06,1.8131855845573162e-05,8.439312092013249e-06,0.6668447149009026,154.02637436655053,4.54635763,0.0620000325
48,9.184084558170198e-06,1.9899819654927627e-05,9.184084558170198e-06,0.6808353426706463,157.31041367007074,4.69417191,0.0620673113
43,9.30115605789157e-06,1.900616984620814e-05,9.30115605789157e-06,0.6790093529600775,124.93586555207044,3.97300005,0.0629730523
47,1.1451368891950328e-05,2.5526924677472466e-05,1.1451368891950328e-05,0.700744588347605,156.03312540914428,4.68609953,0.0618344434
45,1.0704051806641857e-05,2.3903636312136294e-05,1.0704051806641857e-05,0.6858390361872404,152.9680470203185,4.59122801,0.0618120618
51,1.2312977648895157e-05,2.747562419477839e-05,1.2312977648895157e-05,0.7318822913872756,167.6350790377275,4.84638309,0.0619335026
47,1.1908080021857594e-05,2.6627300783948768e-05,1.1908080021857594e-05,0.7152629937032429,162.55449513604754,4.76202822,0.0619605668
50,8.695367597627477e-06,1.8868018742458706e-05,8.695367597627477e-06,0.6772288580952948,163.93513200651097,4.31067657,0.0619468689
48,8.268325441755395e-06,1.7901768311020213e-05,8.268325441755395e-06,0.6696774780487224,163.92611774927917,4.32790327,0.0618351027
49,9.75109906157751e-06,2.1321108322646166e-05,9.75109906157751e-06,0.6956346570317286,167.20825304828574,4.27475119,0.0617561452
51,1.1937661158463467e-05,2.6506754972369574e-05,1.1937661158463467e-05,0.7318496749822127,171.46984024527177,4.59038305,0.0619749054
48,1.0014080103258852e-05,2.2448490743689042e-05,1.0014080103258852e-05,0.666648850049539,153.361640640291,4.54166031,0.0620580614
46,9.230012887389999e-06,2.0816154508075363e-05,9.230012887389999e-06,0.6431503066134117,146.13677146491,4.6443162,0.0621080585
47,9.59704616353847e-06,2.160733613724659e-05,9.59704616353847e-06,0.6582417045468524,153.95368165839957,4.50350046,0.061969623
46,8.833654923991829e-06,1.992933535976891e-05,8.833654923991829e-06,0.6406162179527151,152.1784150747433,4.53067255,0.0620823093
43,8.96733846117078e-06,2.0197900993693685e-05,8.96733846117078e-06,0.6274464682504679,135.94895754313816,4.56976604,0.0619548783
45,8.864567895253096e-06,1.9995900504463912e-05,8.864567895253096e-06,0.6194154731845276,131.84096416457857,4.69400835,0.0628577918
43,9.546242714595924e-06,2.1478463739179158e-05,9.546242714595924e-06,0.6442303056476393,141.01993265971842,4.71519995,0.0620003976
42,5.305523767808607e-06,1.0900090454263914e-05,5.305523767808607e-06,0.5617997469732955,118.56337386933959,3.6299572,0.063091144
43,7.034150768321928e-06,1.512693043949576e-05,7.034150768321928e-06,0.5937316017110503,123.8313975835085,3.94630551,0.0629878119
43,8.476197541590514e-06,1.9068616073390597e-05,8.476197541590514e-06,0.6062092243102458,128.45823749799553,4.48705339,0.0627867356
44,7.935050541265481e-06,1.5454256705594923e-05,7.935050541265481e-06,0.6399389660924764,105.14542957792516,4.20880175,0.0638520047
41,8.058212428783836e-06,1.5590538040648735e-05,8.058212428783836e-06,0.641522331879941,103.45274234205857,4.10242271,0.064076148
44,8.18599318350573e-06,1.614961831140049e-05,8.18599318350573e-06,0.6460980618243002,108.06835061251101,4.30010223,0.0637545288
43,7.687902281656133e-06,1.4869605155407462e-05,7.687902281656133e-06,0.6277782458694486,102.19415844568516,4.17985296,0.0644459203
45,7.240648157165303e-06,1.405711493739242e-05,7.240648157165303e-06,0.6157372889387446,102.21455086947417,4.36761284,0.0646675676
43,8.75438931653843e-06,1.743280582918594e-05,8.75438931653843e-06,0.6625722888147948,112.08649701347936,4.50827837,0.0636406019
44,9.003009184507706e-06,1.8140068893583244e-05,9.003009184507706e-06,0.6743628676353428,120.7421103397346,4.18630934,0.0629982203
43,8.681261988542445e-06,1.7416554072152875e-05,8.681261988542445e-06,0.6621722688873912,114.64163778256555,4.36494923,0.0622864887
42,4.700390082928616e-06,9.409997673950448e-06,4.700390082928616e-06,0.5492905527765161,114.61219770952319,3.54038715,0.0633096546
43,4.587741753027489e-06,9.28100671504864e-06,4.587741753027489e-06,0.5442014132309967,117.4006535390406,3.24613976,0.0628093928
41,4.82909743397026e-06,9.555235352740332e-06,4.82909743397026e-06,0.553847756072199,112.06495475710325,3.48977828,0.0630862936
40,5.302603404296837e-06,1.032548247881323e-05,5.302603404296837e-06,0.5625098177916031,106.45440744254626,3.26645517,0.0635670796
42,5.1084197619295866e-06,1.017217695046834e-05,5.1084197619295866e-06,0.5549590389470211,109.48272630664881,3.8363843,0.0631033331
42,5.556365127935779e-06,1.0864004536065022e-05,5.556365127935779e-06,0.5643244170617698,104.24381450102045,3.83244586,0.0634116977
42,5.813589672777582e-06,1.1346352936664966e-05,5.813589672777582e-06,0.5689645942955036,103.33048530575145,3.83115506,0.0633122921
42,6.330456170236857e-06,1.237703295968873e-05,6.330456170236857e-06,0.5806557806890144,102.80384303254903,4.07043266,0.0639691278
41,6.104716132081485e-06,1.191392324337547e-05,6.104716132081485e-06,0.5721467673128896,102.2624086553121,3.94752502,0.0635297149
42,6.3560170934189584e-06,1.2352480898870716e-05,6.3560170934189584e-06,0.5829436280689035,102.31199596705963,3.96436739,0.0632988885
45,6.437176185780402e-06,1.2507919478582544e-05,6.437176185780402e-06,0.5865258656416701,102.28765260949251,4.05497742,0.0636426806
42,6.703025929324677e-06,1.3004873195803185e-05,6.703025929324677e-06,0.5934924578692429,101.60852326737611,4.11171293,0.0634376332
45,6.834874203300944e-06,1.3243543254851572e-05,6.834874203300944e-06,0.5997716659197465,101.85686466468603,4.10184765,0.0639526919
47,6.731122065702293e-06,1.3068805370680801e-05,6.731122065702293e-06,0.5973195015270443,101.59793325404685,4.21010923,0.065167971
41,7.110226070170539e-06,1.3782589859772622e-05,7.110226070170539e-06,0.6077790246649633,101.16199370291694,4.30093288,0.0646987855
49,8.992472056176684e-06,1.9133254723133853e-05,8.992472056176684e-06,0.6734954213569581,144.47607734145313,4.50195646,0.0618021823
47,8.850371579002585e-06,1.8915140405109964e-05,8.850371579002585e-06,0.6715124563857918,149.24321241024984,4.73693037,0.0622914769
45,9.829617965865373e-06,2.0400097288038294e-05,9.829617965865373e-06,0.6905897471906672,131.07664443267774,4.57512999,0.0629834458
47,9.570651901440134e-06,1.9985417430195193e-05,9.570651901440134e-06,0.6871536466981085,136.15689462269208,4.38169575,0.0625083223
46,9.045677015166458e-06,1.9013307139502473e-05,9.045677015166458e-06,0.6786194094834145,142.41455673651814,4.42260218,0.0618053451
48,9.571325414084592e-06,2.0882801497258385e-05,9.571325414084592e-06,0.6909576805375813,161.17387201940738,4.78885031,0.0618219227
50,9.163167005458848e-06,2.0070138809214488e-05,9.163167005458848e-06,0.6859614174902469,167.20715702571263,4.58333826,0.0618611276
48,9.639286404748439e-06,2.1153273295251754e-05,9.639286404748439e-06,0.6962966083663976,167.32984410747883,4.444839,0.0618007965
45,9.217819158098829e-06,1.894069189997709e-05,9.217819158098829e-06,0.6788699012768254,127.02244595466314,4.46386623,0.0629514009
47,1.1077587677271165e-05,2.4791754651209887e-05,1.1077587677271165e-05,0.6956956661797136,159.2318927630017,4.63370562,0.061683841
50,1.3154390619963355e-05,2.952168414700781e-05,1.3154390619963355e-05,0.7474573891989523,172.81988866512984,4.9856863,0.0619900525
49,1.2391599894156848e-05,2.7856739576693567e-05,1.2391599894156848e-05,0.7237207103357629,167.4577570323485,4.79123545,0.0620593205
47,8.792730995656601e-06,1.9344533219659764e-05,8.792730995656601e-06,0.6837915903434705,173.0819750044306,4.43436956,0.0619531199
52,8.965439883663118e-06,1.9623119994198522e-05,8.965439883663118e-06,0.6840417759737284,171.05494963225723,4.42230606,0.0619205572
53,1.0174108311305633e-05,2.2486273215714217e-05,1.0174108311305633e-05,0.7110420487566093,178.22272557415727,4.2716794,0.0618968345
50,1.2261868643611643e-05,2.731569077775969e-05,1.2261868643611643e-05,0.7441624492632297,179.78814898018484,4.47609234,0.0619944856
43,1.0127920534322843e-05,2.2716885926406116e-05,1.0127920534322843e-05,0.6752856663414398,158.33065703339375,4.51664305,0.0619219095
44,8.872785837597296e-06,2.006091281082214e-05,8.872785837597296e-06,0.6348916048535856,146.21971970091266,4.57334709,0.0620925948
46,8.990080979596428e-06,2.02095467901102e-05,8.990080979596428e-06,0.6479571252227073,157.96891890545993,4.37603855,0.0619290061
46,8.43332010597499e-06,1.898854465703264e-05,8.43332010597499e-06,0.6364462351052014,157.77514494814287,4.35248137,0.0621714517
46,8.424145432607102e-06,1.9099088483344727e-05,8.424145432607102e-06,0.6281389792310327,151.24367319682003,4.48112774,0.0621820986
43,8.582249983985106e-06,1.94284345222885e-05,8.582249983985106e-06,0.6186099654885159,138.2376444458878,4.52385902,0.0622636005
43,8.000385075779184e-06,1.8157613343349392e-05,8.000385075779184e-06,0.6032712978273047,135.95838234855208,4.49427605,0.062420506
43,7.995381929719558e-06,1.80952637422876e-05,7.995381929719558e-06,0.5983547430976384,133.07624230161662,4.38906431,0.0620097183
44,5.491168254435387e-06,1.1428784189036257e-05,5.491168254435387e-06,0.563153779258647,120.81857515633031,3.54738116,0.062822096
43,6.867986798889992e-06,1.4858753215573213e-05,6.867986798889992e-06,0.5849530571028011,123.9206164741189,3.8575995,0.0630580857
43,8.124789203193465e-06,1.82009952817038e-05,8.124789203193465e-06,0.6015825932775346,128.5206058561894,4.40859365,0.0625516027
43,8.475284972005926e-06,1.650161535703961e-05,8.475284972005926e-06,0.6556235331449585,105.94986061515819,4.40632772,0.0642704666
42,7.852711156447343e-06,1.5144284484885967e-05,7.852711156447343e-06,0.6344011070373389,102.2628306847674,4.17376232,0.0647355765
42,9.064255773813458e-06,1.7804209607122635e-05,9.064255773813458e-06,0.6676671182066847,108.2908855743898,4.18134546,0.0638960153
42,7.864385554852005e-06,1.5147078477025524e-05,7.864385554852005e-06,0.6291461481983653,101.19745481317032,4.26985645,0.0648363903
45,8.48355742802965e-06,1.6817039237802208e-05,8.48355742802965e-06,0.6595739181973319,112.45358603556524,4.30983543,0.0636783168
46,9.04611398476681e-06,1.8272706408338072e-05,9.04611398476681e-06,0.673641059261015,120.41578522047938,4.45996761,0.0634016097
43,8.674455880878852e-06,1.738845204966728e-05,8.674455880878852e-06,0.6653725142744937,117.11249762359888,4.18914557,0.0629978776
45,8.130540205329313e-06,1.6195841134223704e-05,8.130540205329313e-06,0.6536030337550462,114.50071585620746,4.18196011,0.0633193329
42,4.696206979071061e-06,9.324637714308915e-06,4.696206979071061e-06,0.5491278865286836,112.9299117175437,3.3737514,0.0630275682
43,4.8154409384501715e-06,9.926285111197832e-06,4.8154409384501715e-06,0.5460157645816762,119.93359662022107,3.22652078,0.0626331493
39,4.893102800806519e-06,9.795761267950665e-06,4.893102800806519e-06,0.5504874962212108,111.574482003594,3.84368062,0.0630524084
41,4.939166312500837e-06,9.704008511948674e-06,4.939166312500837e-06,0.5517895792912827,108.051536366815,3.66256571,0.0634488091
40,5.411900731802838e-06,1.0575247203564569e-05,5.411900731802838e-06,0.5644464040625784,106.06342102549752,3.823982,0.0637723953
40,4.886367067444603e-06,9.663056872781704e-06,4.886367067444603e-06,0.5520132464068549,110.64006499986002,3.40036058,0.0631445795
40,5.444355190608017e-06,1.0649139194827154e-05,5.444355190608017e-06,0.5579387616502981,103.95521080130496,3.70224261,0.0635142103
43,5.672286528461497e-06,1.1059669389240928e-05,5.672286528461497e-06,0.5615663860093106,102.667146930793,3.80065274,0.0635241419
44,6.079749030441887e-06,1.1850236004885887e-05,6.079749030441887e-06,0.5722269763466493,102.44992797050462,3.92983055,0.0637595132
44,5.7083277296469216e-06,1.1171154960283856e-05,5.7083277296469216e-06,0.5584080477959876,102.67672550628008,3.95401835,0.0635060593
45,6.050858326991637e-06,1.1797186702367597e-05,6.050858326991637e-06,0.5681920201098366,102.53862568561702,3.83911085,0.0634403974
45,6.47995983968664e-06,1.2618889663732428e-05,6.47995983968664e-06,0.5842442785445431,102.23258321386459,4.08565998,0.0633950159
45,6.139276819392443e-06,1.1930122470864123e-05,6.139276819392443e-06,0.5745577332363204,101.92521144144196,3.96264672,0.0637424588
43,6.520822772977737e-06,1.2686779429142905e-05,6.520822772977737e-06,0.5864975129981481,101.82009679193276,4.20061874,0.0636109114
46,6.621144788780322e-06,1.2832648289484814e-05,6.621144788780322e-06,0.5922785635295933,101.58058813961846,4.15303373,0.0641754717
44,7.0953227899834815e-06,1.3690637092133127e-05,7.0953227899834815e-06,0.6062990797065921,101.41487249130942,4.13925743,0.0636578277
44,6.827087428302976e-06,1.3150292676115663e-05,6.827087428302976e-06,0.6028403717434263,101.18654011935337,4.01120853,0.0642239749
50,8.916507467128387e-06,1.9096902171672337e-05,8.916507467128387e-06,0.6741888673845815,150.2417306469379,4.60821724,0.061883688
48,9.669906795141165e-06,2.091142222248952e-05,9.669906795141165e-06,0.6925163401934051,156.4397082086867,4.18580294,0.0620047674
45,9.768854300369098e-06,2.0307458332972873e-05,9.768854300369098e-06,0.6909096097990727,132.88791733477925,4.42591619,0.0626883283
45,9.668696168793099e-06,2.0314613614215404e-05,9.668696168793099e-06,0.6913459010219556,139.71934581536732,4.26000214,0.0621000193
46,9.969295326413736e-06,2.1255520982985592e-05,9.969295326413736e-06,0.696801465824481,145.9089566316484,4.67908192,0.0622504167
49,9.52088978792495e-06,2.0395585452268117e-05,9.52088978792495e-06,0.6889483481096752,150.63846451094255,4.83411598,0.0622089133
48,9.724634791260674e-06,2.1477485827414364e-05,9.724634791260674e-06,0.6953705850984665,167.36959259312184,4.84998798,0.0617472827
51,9.245984268609608e-06,2.0492370280068457e-05,9.245984268609608e-06,0.6918564642953855,175.99505356350213,4.74313879,0.0619525723
50,9.917062734652022e-06,2.200361818723638e-05,9.917062734652022e-06,0.7043221377954411,174.52596866716746,4.72326708,0.0619746447
46,8.936959907039953e-06,1.824599222256203e-05,8.936959907039953e-06,0.6731554525495563,124.20518899365698,4.38862705,0.0630326271
47,9.377683796706878e-06,1.9293661801225224e-05,9.377683796706878e-06,0.6835637944382363,128.86151211878666,4.35678148,0.0625519603
47,1.226219491837482e-05,2.7537716550566275e-05,1.226219491837482e-05,0.7218537547249281,167.4572873970462,4.76882076,0.0618350282
46,1.1357795838087012e-05,2.5524569231652335e-05,1.1357795838087012e-05,0.7015055586918262,163.77375552449388,4.60254622,0.0617509671
49,1.3782478714791592e-05,3.108709071037728e-05,1.3782478714791592e-05,0.7630064486419179,179.7877244633795,4.92561197,0.0619602166
51,1.4157873787660285e-05,3.214422266755641e-05,1.4157873787660285e-05,0.7730005925214031,187.09567123276975,4.90410852,0.0619738512
49,1.3211374879478362e-05,2.9829244236716096e-05,1.3211374879478362e-05,0.7461068252103356,176.28499868887758,4.82750082,0.0622221306
49,8.846489212082223e-06,1.962159962706884e-05,8.846489212082223e-06,0.685607378716568,179.00636628860582,4.46132374,0.0619016439
51,9.302782282770254e-06,2.091844058428996e-05,9.302782282770254e-06,0.6973795260215837,186.84141172278922,4.6210041,0.0619804524
50,1.0435744717431893e-05,2.325942934781967e-05,1.0435744717431893e-05,0.7195804976464821,184.21628132467774,4.45430183,0.0616993979
50,1.3031030908142612e-05,2.9250387587401955e-05,1.3031030908142612e-05,0.7656535750318917,189.24202733251533,4.49222231,0.0618520118
47,1.0687837451623679e-05,2.4006046396977335e-05,1.0687837451623679e-05,0.6896923992968245,163.66442666242168,4.5790906,0.0620856322
47,1.0087281615585718e-05,2.2647390843228467e-05,1.0087281615585718e-05,0.6791312021436896,164.23064698653542,4.42256737,0.0619316436
44,8.469716140627314e-06,1.91811091564524e-05,8.469716140627314e-06,0.6214217566560941,143.43262901821686,4.54035854,0.0623660348
48,8.94652138967991e-06,2.0011812087371896e-05,8.94652138967991e-06,0.6554494121693736,164.00010929261947,4.37260199,0.0619478412
47,8.13184152233791e-06,1.8090252249438756e-05,8.13184152233791e-06,0.6410676951064205,164.86423888890747,4.00985146,0.0620568208
48,7.754652204537365e-06,1.735023848628694e-05,7.754652204537365e-06,0.6278034925852138,163.0320417364414,4.10946178,0.0622020513
48,7.714742386353974e-06,1.7444336968257667e-05,7.714742386353974e-06,0.6172947281670154,156.32505484476343,4.26678038,0.062036071
45,8.265275810775375e-06,1.8830422428407183e-05,8.265275810775375e-06,0.6190113487326572,149.59570988558525,4.48027277,0.0620692298
44,7.652574497592514e-06,1.7413791536850493e-05,7.652574497592514e-06,0.5977159344698006,139.54049064773216,4.44424582,0.0624841452
44,7.900013881602211e-06,1.7954958545512313e-05,7.900013881602211e-06,0.6056468203835166,142.7788769422989,4.46148777,0.0628194958
43,7.660154540847915e-06,1.7288183335988807e-05,7.660154540847915e-06,0.5952661250615233,135.0958956050585,4.32929182,0.0624038428
44,5.991676039254125e-06,1.279146747800132e-05,5.991676039254125e-06,0.566294421080458,123.03855474314364,3.65341878,0.0629311949
43,7.436305046679373e-06,1.644673840196775e-05,7.436305046679373e-06,0.5891912751833325,126.9506542240694,4.12039375,0.0631509423
44,7.926952925115759e-06,1.7776738856735936e-05,7.926952925115759e-06,0.595297342719125,129.7673266293542,4.42752838,0.0629251897
45,7.369124157674435e-06,1.4382973507437857e-05,7.369124157674435e-06,0.6267181711337195,104.64702697134429,4.31787539,0.0640850216
44,7.157848623575857e-06,1.3810101799760672e-05,7.157848623575857e-06,0.6147948675959439,101.52881151916631,3.88329864,0.064778775
44,7.3466224188031786e-06,1.4265347452100694e-05,7.3466224188031786e-06,0.6235135509625738,102.9175106484257,4.44736719,0.0643827692
44,7.568616063989428e-06,1.4758393434344152e-05,7.568616063989428e-06,0.6355257417923811,105.93675426151513,4.44891691,0.0641286001
43,7.020973873606131e-06,1.352346733075694e-05,7.020973873606131e-06,0.6104893495751672,100.84054678164814,4.20771313,0.0644985065
45,7.91614113929355e-06,1.5664081448826685e-05,7.91614113929355e-06,0.6447458370831427,110.39011244181214,4.40211916,0.0634556785
45,9.335354702179e-06,1.8905666593812005e-05,9.335354702179e-06,0.6823101493700193,121.67725698934677,4.29773045,0.0633913353
44,9.005807725609948e-06,1.792394854228618e-05,9.005807725609948e-06,0.669731606555427,111.85946732632328,4.52475739,0.0631937459
47,8.995717470127325e-06,1.8017182593267855e-05,8.995717470127325e-06,0.6735541203721224,116.8472794641915,4.1284852,0.0633640513
44,4.494524840653201e-06,9.124260805885581e-06,4.494524840653201e-06,0.5379753980891999,115.50312476278661,3.76186299,0.063173458
43,4.818593573125621e-06,1.0013779657038985e-05,4.818593573125621e-06,0.5411568870054434,119.52529613976648,3.60412383,0.0634960681
40,4.364736588237296e-06,8.661654546286845e-06,4.364736588237296e-06,0.537205323062261,113.85812129765942,3.21758008,0.063158527
40,4.780480563564925e-06,9.334075369228513e-06,4.780480563564925e-06,0.5465001215999807,107.84602546502714,3.26341009,0.0633693188
40,5.178161337489105e-06,1.0168016544855499e-05,5.178161337489105e-06,0.5526922342468715,105.41468584146696,3.78918028,0.0634060651
39,4.656684687859857e-06,9.205065765727908e-06,4.656684687859857e-06,0.5455608559072294,111.56928372502172,3.07016516,0.063469924
41,5.503844507113793e-06,1.0714633260966153e-05,5.503844507113793e-06,0.5582848127098121,103.49052464042975,3.63280177,0.0632373393
43,5.549894123805099e-06,1.0871561343480213e-05,5.549894123805099e-06,0.5546935355282588,102.89949874721404,3.87388754,0.0630757287
42,6.10635584466411e-06,1.1877141734987115e-05,6.10635584466411e-06,0.5718649826298572,102.2518469702914,3.93505883,0.063220866
41,5.498444195937799e-06,1.0750534438588008e-05,5.498444195937799e-06,0.5506605191088133,102.56839790252596,3.90304089,0.0638159737
44,5.378055127332117e-06,1.046944794461845e-05,5.378055127332117e-06,0.546012424727594,102.35481553062222,3.63558292,0.06358812
44,5.799748772594212e-06,1.1337676832496106e-05,5.799748772594212e-06,0.5581816422237434,102.2962091895534,3.94196439,0.0633030906
45,6.240173341444721e-06,1.2068499598526627e-05,6.240173341444721e-06,0.5772849539166494,101.98536208192915,3.8136847,0.063651599
46,5.856744818850364e-06,1.1414263202914614e-05,5.856744818850364e-06,0.5624062602150243,102.16967241637846,4.03876495,0.0629838333
46,6.426179401270848e-06,1.2460139852083775e-05,6.426179401270848e-06,0.582078093541055,101.69455546863537,4.05222607,0.0636159852
43,6.376002293915118e-06,1.2396111639737515e-05,6.376002293915118e-06,0.5824180944089073,101.23390916301888,4.11736345,0.0635860711
43,6.535263936549004e-06,1.26276944774281e-05,6.535263936549004e-06,0.5919437366636627,100.97880437351711,3.99819803,0.0636135712
50,8.943799665077408e-06,1.933860138277507e-05,8.943799665077408e-06,0.6771602955203646,155.84547487608896,4.79955912,0.0622375458
49,9.181690333809821e-06,2.0107968785434906e-05,9.181690333809821e-06,0.6850733372227212,165.00617165530463,4.61182642,0.0617269501
45,9.21016189791178e-06,1.920299667066393e-05,9.21016189791178e-06,0.6802834791478809,134.19736219314314,4.18857384,0.0621514171
47,9.201765762453792e-06,1.9476325699332767e-05,9.201765762453792e-06,0.682151391923084,141.9056582530387,4.39671898,0.0618927591
45,1.0288498584473665e-05,2.2032497159389735e-05,1.0288498584473665e-05,0.7045092376270642,148.64225099119687,4.35129786,0.0618082173
50,1.0074736239922355e-05,2.1834950275215814e-05,1.0074736239922355e-05,0.705474391772075,157.82189590239625,4.43652248,0.061849039
49,9.519360213677633e-06,2.067071811574473e-05,9.519360213677633e-06,0.6917877303909541,159.56562246320303,4.80487394,0.0620972291
49,1.0042604639854059e-05,2.230191682302512e-05,1.0042604639854059e-05,0.7060024781448824,175.20385164994198,4.13369465,0.0618032739
49,9.71902777245583e-06,2.176833825199624e-05,9.71902777245583e-06,0.7049251537265118,182.9823359229903,4.70832539,0.061913617
49,1.0263138912694981e-05,2.3007169990690112e-05,1.0263138912694981e-05,0.7130229711929036,181.99004777040489,4.36510277,0.0619522668
46,8.564470523019472e-06,1.7522167443650114e-05,8.564470523019472e-06,0.6693578714836859,127.6913304451616,4.27607298,0.062358208
44,9.804724846582114e-06,2.0402977411206467e-05,9.804724846582114e-06,0.6953982632660046,134.803999554456,4.24590826,0.0621876083
48,1.2729232050359035e-05,2.8787210453101385e-05,1.2729232050359035e-05,0.735010923476744,175.93115691501438,4.79438162,0.0619224384
51,1.1402416201697103e-05,2.573168093872444e-05,1.1402416201697103e-05,0.7050304865406861,170.1074908670388,4.68651724,0.0621314533
50,1.436670975804447e-05,3.254114424510892e-05,1.436670975804447e-05,0.7740919263622826,185.40135912951226,4.84288311,0.061965853
51,1.41449628413196e-05,3.2072043167394186e-05,1.41449628413196e-05,0.7849221504974413,196.26601948869563,4.65940475,0.0619730763
49,1.5248910001568408e-05,3.4703865248995305e-05,1.5248910001568408e-05,0.796889084018481,194.47891080211656,4.92523813,0.0619561858
52,9.375855697954374e-06,2.0995251006291023e-05,9.375855697954374e-06,0.6997628602223401,187.4068517767649,4.58601093,0.0618222021
52,9.875527686719681e-06,2.2373636181319292e-05,9.875527686719681e-06,0.7107334317537297,192.30846620546933,4.62341404,0.0618589297
51,9.478898085607414e-06,2.1585996490896303e-05,9.478898085607414e-06,0.7055077149470169,197.7708322261747,4.3585372,0.0620605424
52,9.455196472145981e-06,2.1432758169554736e-05,9.455196472145981e-06,0.7060481848113331,195.78919968780286,4.43557358,0.0620586574
53,1.0484125217855868e-05,2.3701218998727514e-05,1.0484125217855868e-05,0.7236944204468488,195.13629447907178,4.69457054,0.0618381314
52,1.213111774751377e-05,2.7429085126429642e-05,1.213111774751377e-05,0.7584616488251527,200.10344460934746,4.61482286,0.0619510077
48,1.0665166714393125e-05,2.4014980512397445e-05,1.0665166714393125e-05,0.6928274523443474,169.14592215095325,4.48870754,0.0620121174
49,1.0428405011366983e-05,2.3425596712540684e-05,1.0428405011366983e-05,0.6908111224516132,170.5975256762951,4.46269178,0.06194764
45,7.991419955547295e-06,1.822416479253301e-05,7.991419955547295e-06,0.6080243278659692,145.2911315171234,4.46848154,0.062550731
49,9.599532639302633e-06,2.147144470476826e-05,9.599532639302633e-06,0.6761430445583012,171.4688182613058,4.36874962,0.0618790314
48,7.968430364740126e-06,1.7677277612873143e-05,7.968430364740126e-06,0.6426011943595717,169.6370650743915,4.23919773,0.062032558
49,6.818831937343118e-06,1.5237145505147375e-05,6.818831937343118e-06,0.6055269205251937,162.60031874849352,4.14699316,0.0625316873
47,7.438354129152851e-06,1.647826406940413e-05,7.438354129152851e-06,0.631285165763374,169.2766595332731,4.28266478,0.0620528087
45,7.605512206007355e-06,1.727258811470256e-05,7.605512206007355e-06,0.6106263507881255,154.12691404085174,4.32098436,0.0621280223
45,8.097101337459241e-06,1.842424889929443e-05,8.097101337459241e-06,0.6155715450602446,148.2188390524165,4.45254946,0.0622395873
46,7.35083636679916e-06,1.6801046711728788e-05,7.35083636679916e-06,0.5910367566508282,143.62601723645577,4.3910265,0.0622817203
46,7.0213157660297375e-06,1.5913949701748302e-05,7.0213157660297375e-06,0.5788134390217071,136.5830435937898,4.26144648,0.0625325888
43,6.946861283650448e-06,1.5434560206572596e-05,6.946861283650448e-06,0.5749062787889615,126.9169173524961,4.09145498,0.0632886142
43,5.669066192812671e-06,1.2297761836029772e-05,5.669066192812671e-06,0.5518294076984814,124.74793036193633,3.6611805,0.0628250688
43,7.1500118691230696e-06,1.6146508973823917e-05,7.1500118691230696e-06,0.5810334436259845,134.4340758569319,4.27737331,0.0625961646
41,7.175968920442903e-06,1.6182145142126293e-05,7.175968920442903e-06,0.5758248169919413,130.50379610981818,4.31530619,0.062995784
44,8.118006056817156e-06,1.5761947896735723e-05,8.118006056817156e-06,0.6435817613238488,103.5070978053958,4.39975739,0.0640240908
45,7.856523631755846e-06,1.5194483824556947e-05,7.856523631755846e-06,0.6301199304782984,101.41513248679595,4.35811281,0.0644632354
44,7.847064161769862e-06,1.5230900421784725e-05,7.847064161769862e-06,0.6338866933270693,102.29626848311672,4.32108259,0.0646199882
46,8.567237532493387e-06,1.6747561927793096e-05,8.567237532493387e-06,0.6563673018839405,106.10543351073504,4.4080348,0.0640484616
44,8.809177717918918e-06,1.7335829443353125e-05,8.809177717918918e-06,0.6638965461625067,108.86924858721669,4.46383762,0.0634293035
45,7.6056990613527085e-06,1.473471144694174e-05,7.6056990613527085e-06,0.6199609218581218,101.21367430017746,4.43012714,0.0642079189
47,8.703157967640472e-06,1.7551417658153937e-05,8.703157967640472e-06,0.6680550780689098,120.06969215099423,4.38674927,0.0635544434
47,9.85573881820458e-06,2.019012257205217e-05,9.85573881820458e-06,0.6912881991046282,124.86523539424095,4.53905773,0.0626346096
47,9.333994298479943e-06,1.8629041695404756e-05,9.333994298479943e-06,0.6802451803533366,114.01427879930019,4.47698212,0.0630358085
45,9.445413422474723e-06,1.864808852474101e-05,9.445413422474723e-06,0.6810877876323614,110.25234410838468,4.49638748,0.0636447966
47,9.569855863537985e-06,1.9206526211384276e-05,9.569855863537985e-06,0.6880868276520297,117.73808287804295,4.53952932,0.0629727915
43,4.294379234750335e-06,8.75910413799277e-06,4.294379234750335e-06,0.529327492573229,118.1212683376732,3.54037452,0.0636332631
39,4.267833652958681e-06,8.501184844358038e-06,4.267833652958681e-06,0.5343708839642164,115.23298693261856,2.91277194,0.0630095601
40,4.5791192118084525e-06,9.011752439782499e-06,4.5791192118084525e-06,0.5408975285153911,110.09266521512605,3.04377723,0.0638359264
41,5.048959623786387e-06,1.0006259409956642e-05,5.048959623786387e-06,0.5497734612111695,107.95056986410097,3.7476387,0.0636492521
41,5.013210162112995e-06,9.812844590059142e-06,5.013210162112995e-06,0.5458010616974237,105.11657146293643,3.6083231,0.0633225143
38,4.239965531233887e-06,8.41752262910906e-06,4.239965531233887e-06,0.5300748825481495,112.89185009841232,3.30834413,0.0631010979
41,5.3096686102394245e-06,1.0349151476925125e-05,5.3096686102394245e-06,0.5509298978897613,103.64745084274692,3.54145694,0.0631462708
42,5.0291403989389064e-06,9.840116591484645e-06,5.0291403989389064e-06,0.5456066687615513,104.70917800683901,3.50974822,0.0633043125
44,5.954739195774831e-06,1.160376554149388e-05,5.954739195774831e-06,0.5616375176016593,102.12993883420988,3.79412293,0.0637087822
42,5.05442045506552e-06,9.834824501203444e-06,5.05442045506552e-06,0.5381574581077289,102.51833821587392,3.56489396,0.0637549683
44,5.2194949960179484e-06,1.0203567743101701e-05,5.2194949960179484e-06,0.5385045006653175,102.2313348567717,3.85274649,0.0636646301
42,5.10684860875161e-06,9.992040842190437e-06,5.10684860875161e-06,0.5413861002805216,103.32094048697633,3.6263504,0.0638167709
43,5.398547930136746e-06,1.0528211520831005e-05,5.398547930136746e-06,0.5446102801273512,102.22222077694276,3.70874786,0.0631550997
44,5.4675475434665194e-06,1.0658401302487819e-05,5.4675475434665194e-06,0.5454775516997901,102.1968414076753,3.73471284,0.0631898716
43,5.7811268365947035e-06,1.121654914702785e-05,5.7811268365947035e-06,0.5598999689831832,102.29975660639926,3.87818003,0.0633458644
46,5.828727294691087e-06,1.1312925002123815e-05,5.828727294691087e-06,0.56052612906523,102.1386070292775,3.91354775,0.0635859519
44,5.709807081048363e-06,1.116151681005631e-05,5.709807081048363e-06,0.5540049671905398,102.39427433846392,3.87627649,0.063384749
44,6.045101607271025e-06,1.1681225444255766e-05,6.045101607271025e-06,0.5705797869539471,101.58926529458158,3.73916268,0.063864924
43,6.377254407696521e-06,1.2231118330058212e-05,6.377254407696521e-06,0.5830191926325325,101.51460498812689,3.70882297,0.0637438819
47,6.922854657365806e-06,1.340800411191848e-05,6.922854657365806e-06,0.5976311687038572,101.27243636118848,4.28150463,0.0637138113
50,9.29141077712615e-06,2.0330664979841513e-05,9.29141077712615e-06,0.6910422139616457,167.36652069890062,4.23190594,0.0618337505
50,9.6110613683451e-06,2.1459848745378872e-05,9.6110613683451e-06,0.7000454075060564,179.3903961059818,4.50686646,0.0616452545
49,9.12492570179384e-06,1.9479387331702357e-05,9.12492570179384e-06,0.6819766392150494,148.21590223386394,4.32185793,0.0620490685
47,9.254987268132487e-06,1.943670641325636e-05,9.254987268132487e-06,0.6857632562409934,140.90543945484552,4.24155617,0.0620119348
49,1.0285572119066087e-05,2.2374754208294792e-05,1.0285572119066087e-05,0.708962580115298,157.7425454270302,4.32962513,0.061844673
48,1.0106065156982453e-05,2.2131530601723317e-05,1.0106065156982453e-05,0.7092927396987307,164.75689079639767,4.53962326,0.0618987381
49,1.0231188416066096e-05,2.252629581020457e-05,1.0231188416066096e-05,0.712401320613628,166.6806354994514,4.43476868,0.061911162
49,1.0211462536872072e-05,2.290181828015378e-05,1.0211462536872072e-05,0.7126970836081158,183.07033615798719,4.33438206,0.0617088266
51,1.0236178102722411e-05,2.324353467527836e-05,1.0236178102722411e-05,0.7159505034346301,191.1888487092804,4.639328,0.0617007837
46,8.703702311993732e-06,1.7923386104656006e-05,8.703702311993732e-06,0.6730276806749484,131.26721224058522,4.11424494,0.0621940866
50,9.98187805529999e-06,2.0621939306131622e-05,9.98187805529999e-06,0.696211774543892,129.0666788999718,4.61870766,0.0626175031
48,9.033589592290066e-06,1.8876730023644783e-05,9.033589592290066e-06,0.6810949039194495,137.76985158559003,4.58922005,0.0619066022
49,1.2353085800872178e-05,2.7975142078324013e-05,1.2353085800872178e-05,0.7275158807933433,176.40838444045576,4.74842167,0.0621152148
48,1.3655294266704039e-05,3.096217545124033e-05,1.3655294266704039e-05,0.758197666628217,183.196166877574,4.8507309,0.0620778725
49,1.1439056835278281e-05,2.574302180786649e-05,1.1439056835278281e-05,0.7144559156422343,175.5391742800711,4.52727127,0.0620496683
52,1.4831097460080578e-05,3.3860015456876614e-05,1.4831097460080578e-05,0.7844600707297019,191.64681461972026,4.91772175,0.0620494336
50,1.5017031531958324e-05,3.411966011022721e-05,1.5017031531958324e-05,0.8021211160829479,199.52512139278335,4.82913494,0.0619752593
52,1.3443577720871659e-05,3.065665204899924e-05,1.3443577720871659e-05,0.7894453373886432,209.7220869580923,4.96715975,0.0620210469
52,1.5948685224433066e-05,3.6571010444444564e-05,1.5948685224433066e-05,0.8163653163213136,204.89892223309585,4.91948462,0.0620031506
52,1.627719258220072e-05,3.72632898725344e-05,1.627719258220072e-05,0.8167887583463532,200.99637394590982,5.08468819,0.0620156564
50,1.0571809719517384e-05,2.4194724648699816e-05,1.0571809719517384e-05,0.7279664272413445,200.94780623459027,4.50718832,0.0617640242
51,9.863385200635713e-06,2.2733001398512417e-05,9.863385200635713e-06,0.7167050824937974,206.50380672101196,4.79149628,0.061955709
51,9.987953485032466e-06,2.3005709231939068e-05,9.987953485032466e-06,0.7188689523776831,208.1436948161708,4.6334753,0.0620382242
51,1.0815475383892947e-05,2.5041987524076516e-05,1.0815475383892947e-05,0.7353651120484331,208.11177254826563,4.90210152,0.0620253682
50,1.1235810368052979e-05,2.5638939489616732e-05,1.1235810368052979e-05,0.7434584875322269,204.29245414935477,4.8078146,0.0618649088
53,1.1668573912638312e-05,2.6968219609338835e-05,1.1668573912638312e-05,0.7554370996637103,213.40769527121893,4.99009609,0.0619474053
47,1.037557707037371e-05,2.3287366513589324e-05,1.037557707037371e-05,0.69488104545747,177.06538127843652,4.48288345,0.061909657
48,9.865644964861376e-06,2.207913533425602e-05,9.865644964861376e-06,0.6870425556844845,176.44805774395496,4.17287254,0.0620978028
49,6.858414624729052e-06,1.543416522082954e-05,6.858414624729052e-06,0.6001838615420162,159.2074912785019,4.00098181,0.0626538917
47,6.942726147987979e-06,1.5380330242625027e-05,6.942726147987979e-06,0.6160859855303137,168.41108128557707,3.63208365,0.0621405728
49,6.192086501656057e-06,1.3854763370709306e-05,6.192086501656057e-06,0.5869191397516467,161.57276987013168,3.81593323,0.0625414178
50,7.71653916103546e-06,1.716129884564984e-05,7.71653916103546e-06,0.6392449385640944,174.4193361239777,4.26826143,0.0619467311
50,9.18054311801982e-06,2.0432025957686464e-05,9.18054311801982e-06,0.6768152360008743,179.73881450239983,4.19073963,0.0623056889
47,7.186632336575244e-06,1.6336048569906195e-05,7.186632336575244e-06,0.597858762902289,153.87729387363714,4.20264482,0.0622026213
44,6.975343104800088e-06,1.590062420192871e-05,6.975343104800088e-06,0.5893681686221749,148.76208130684668,4.27284336,0.0617816336
47,6.590045315806669e-06,1.5003584263064126e-05,6.590045315806669e-06,0.5768729023906308,145.0109907730427,4.19710493,0.0616802126
43,6.775335192332307e-06,1.536494496223311e-05,6.775335192332307e-06,0.5743054237146884,138.4439218861563,4.19508791,0.062341962
44,6.761242443478743e-06,1.5181632739454521e-05,6.761242443478743e-06,0.5666995491631391,127.72476704803806,4.06515646,0.0627401695
43,5.1227261416575745e-06,1.0945560874293411e-05,5.1227261416575745e-06,0.5432641812637216,124.2304295573506,3.55655789,0.0630953312
42,4.236600831878863e-06,8.708656884724904e-06,4.236600831878863e-06,0.5264730617139382,120.2838072453754,3.16719794,0.0634588301
44,6.4412411515555e-06,1.4559428858207104e-05,6.4412411515555e-06,0.5621284229037884,134.245298023861,4.17836761,0.0625547096
46,6.379204882562021e-06,1.4425415704047547e-05,6.379204882562021e-06,0.5644565322652533,138.25226742914288,4.14227104,0.0622946471
43,6.663999482890802e-06,1.5112859117998261e-05,6.663999482890802e-06,0.5612819029828812,129.96629319264224,4.24397182,0.0625441968
42,8.675426350903845e-06,1.683898479480064e-05,8.675426350903845e-06,0.6579011709776544,104.09932532402634,4.24684525,0.0645455793
43,7.794064289553074e-06,1.5134808592517588e-05,7.794064289553074e-06,0.6248822611943966,101.02983660127173,4.29937792,0.0645283684
43,8.642589509775913e-06,1.6769754274400227e-05,8.642589509775913e-06,0.6519630203172017,102.60651561958583,4.38600588,0.0642172024
43,8.152967880054797e-06,1.58029373280796e-05,8.152967880054797e-06,0.6363216222083116,101.21550027132355,4.39150333,0.0643176213
42,9.260898983812496e-06,1.8125659691815257e-05,9.260898983812496e-06,0.6728499695681923,106.4141470044387,4.42137051,0.0644904301
46,7.160094014613353e-06,1.3824237561871459e-05,7.160094014613353e-06,0.607144557043217,101.05291245022013,4.04416704,0.0639984161
48,1.0023942436201665e-05,2.0355041146796274e-05,1.0023942436201665e-05,0.6954120225448019,120.98203852449439,4.55792284,0.0637797564
46,1.013103263502025e-05,2.067211206605665e-05,1.013103263502025e-05,0.699992829685792,124.8015117037405,4.29766893,0.0636347309
44,9.686236050809157e-06,1.907522668704532e-05,9.686236050809157e-06,0.6877778193165025,110.83044071246886,4.14970827,0.0636304915
46,1.014435934514375e-05,2.0270931646265015e-05,1.014435934514375e-05,0.6987162544551088,115.3755980980783,4.32552004,0.0622716844
42,9.371236298456399e-06,1.8405680530642683e-05,9.371236298456399e-06,0.6772637190532446,108.24143594173262,4.08906269,0.0638822466
44,9.789672250263723e-06,1.9685180197859122e-05,9.789672250263723e-06,0.6932395218271634,119.50464190571176,4.13173199,0.0623362102
40,4.171291669263899e-06,8.397071741569819e-06,4.171291669263899e-06,0.5283648886651869,116.92092806280043,3.00731969,0.0631447285
41,4.43703448623257e-06,8.765765449821723e-06,4.43703448623257e-06,0.5340926370772627,110.2324890640056,3.35554481,0.0634847432
40,4.430814040535144e-06,8.877606185705102e-06,4.430814040535144e-06,0.533624882487939,113.12156012180502,3.45651293,0.0630611852
39,4.897857025543256e-06,9.695631787007753e-06,4.897857025543256e-06,0.5416026466363477,106.73250365290968,3.78179836,0.0632999465
40,4.473648856809566e-06,8.843358266941016e-06,4.473648856809566e-06,0.5331142721242214,109.56134911864734,3.54623866,0.0632696822
40,4.968798906828088e-06,9.737799775029356e-06,4.968798906828088e-06,0.5432696658863954,105.53028649282452,3.52561021,0.063180618
39,4.1469678064538705e-06,8.337502310782416e-06,4.1469678064538705e-06,0.5268742896351318,115.90503570005802,3.31218863,0.0628857315
40,4.798690337386035e-06,9.379267361573703e-06,4.798690337386035e-06,0.5337327100486575,103.80995432037417,3.40852427,0.0636079162
43,5.327697083502323e-06,1.0344720180577769e-05,5.327697083502323e-06,0.5423677453228445,102.25736140176302,3.76102948,0.0632894337
40,4.874794064739099e-06,9.527526627059027e-06,4.874794064739099e-06,0.531555031694231,102.52284146030695,3.73574519,0.0636447966
43,4.896596896449187e-06,9.535268481741485e-06,4.896596896449187e-06,0.5282645280434642,102.1567464568791,3.57672334,0.0635212436
43,4.797541049499233e-06,9.261798060122925e-06,4.797541049499233e-06,0.5258917183250454,102.03919010730127,3.31726789,0.0634714141
42,5.057798150127116e-06,9.827385252291227e-06,5.057798150127116e-06,0.531795974622725,101.96629634347609,3.82060337,0.0634263977
44,5.118551737361336e-06,9.942375144053758e-06,5.118551737361336e-06,0.5322886254260946,102.3465548304553,3.68362665,0.063297756
43,5.485024659950139e-06,1.0611201599115733e-05,5.485024659950139e-06,0.5459863290515727,102.45883654452732,3.49811029,0.063414067
46,5.367814468048348e-06,1.0474157852098163e-05,5.367814468048348e-06,0.5404353223297993,102.53423919597655,3.86568403,0.0635517463
44,5.626636752066713e-06,1.0927170649939487e-05,5.626636752066713e-06,0.551694552548473,102.24650603245274,3.95392299,0.0635321811
43,5.200816902255484e-06,1.0089639842599967e-05,5.200816902255484e-06,0.5346230949781468,102.4311021590491,3.69457269,0.0631503016
44,6.055194726533466e-06,1.1666070185385444e-05,6.055194726533466e-06,0.5683359054707762,102.00850960415444,3.70847058,0.063716948
45,6.4312156366425904e-06,1.2453099837369094e-05,6.4312156366425904e-06,0.5786328486212522,101.91474384590866,3.87287831,0.0639501065
44,7.006647795380324e-06,1.3580788791375321e-05,7.006647795380324e-06,0.5970238092422844,101.2025693374689,4.0436511,0.0636255816
43,6.4247677509379645e-06,1.248815412140374e-05,6.4247677509379645e-06,0.5761328895367831,101.63028110044617,3.95764565,0.0640112162
50,9.772578462097156e-06,2.1595988495346777e-05,9.772578462097156e-06,0.7013154508068756,170.71420570895492,4.77008486,0.0618622787
54,9.668713815629816e-06,2.1858895814330253e-05,9.668713815629816e-06,0.7038896233447439,187.55529417337206,4.76601076,0.0615915656
50,1.026159217070964e-05,2.302362867886927e-05,1.026159217070964e-05,0.7166778563083495,183.0554533942591,4.96282911,0.061756853
49,8.968029173691074e-06,1.9054812947892032e-05,8.968029173691074e-06,0.6826166337469394,147.55834658941663,4.25315952,0.0620873049
49,9.893675835097702e-06,2.1493081518717404e-05,9.893675835097702e-06,0.7028790851980399,158.97332489209197,4.55938864,0.0619733445
50,9.485206407242004e-06,2.0816426061046407e-05,9.485206407242004e-06,0.7011627826349226,168.94635762029702,4.14628935,0.0618547462
48,1.0365396243827346e-05,2.311408077612592e-05,1.0365396243827346e-05,0.7189660885277319,175.0975379050052,4.51617908,0.0619083531
52,1.0292820008232351e-05,2.352829845240733e-05,1.0292820008232351e-05,0.7163298942669254,195.25096842231213,4.88145924,0.0615986697
49,1.071092057611524e-05,2.4545192758581137e-05,1.071092057611524e-05,0.7277641522793383,197.81773771954562,4.89315939,0.06172451
50,1.0216037568912382e-05,2.1320605354785016e-05,1.0216037568912382e-05,0.7030091919903494,134.9469346846212,4.65371466,0.0619851239
44,1.0454989859245413e-05,2.158585843421701e-05,1.0454989859245413e-05,0.7091328368161667,131.12444490344495,4.61791229,0.0628312379
49,9.969090412938213e-06,2.117333784252553e-05,9.969090412938213e-06,0.7010924942592365,144.85418184865102,4.72574282,0.0619991198
50,1.3999750340663506e-05,3.179492769695969e-05,1.3999750340663506e-05,0.7652734911176682,187.1061169802038,4.85434484,0.0619650111
48,1.297525502250584e-05,2.939639353730903e-05,1.297525502250584e-05,0.7448979812862737,181.89241006905777,4.7921524,0.0619440377
48,1.209390785292035e-05,2.722788668866579e-05,1.209390785292035e-05,0.7351946980138637,183.54650581063476,4.46282053,0.061945755
51,1.5430813230133655e-05,3.5258711721278016e-05,1.5430813230133655e-05,0.7950447221984337,194.84151648669408,4.99218702,0.0620824471
51,1.3127658553253472e-05,3.0412335788717405e-05,1.3127658553253472e-05,0.7876605689077553,219.6297462793107,5.31672621,0.0619747229
51,1.534142606565804e-05,3.511997980063812e-05,1.534142606565804e-05,0.8226594836249205,214.78734043166813,5.13080311,0.0620154105
51,1.6702998081672676e-05,3.82785376478938e-05,1.6702998081672676e-05,0.8333096987278176,209.541546037564,4.95854282,0.0620778091
53,1.7241186681785312e-05,3.9428278422616514e-05,1.7241186681785312e-05,0.8416470016967956,207.87137641767646,4.93121338,0.0620771646
49,1.0679553614523642e-05,2.4710208419308127e-05,1.0679553614523642e-05,0.7327909602034515,207.9221307330793,4.69845104,0.0618480518
51,9.980598595752267e-06,2.3303482623721e-05,9.980598595752267e-06,0.7214621076010292,216.4427901998875,4.86222506,0.0620012097
52,9.681010955928172e-06,2.252283186731677e-05,9.681010955928172e-06,0.7162659901878269,215.6266779191732,4.9070549,0.0621102788
52,1.0809853728854229e-05,2.527603840870718e-05,1.0809853728854229e-05,0.7379177116353361,217.47978432413635,5.07260561,0.0621244684
54,1.152204139625556e-05,2.7043265712726014e-05,1.152204139625556e-05,0.7574904042291546,223.3149332460614,5.20397663,0.0620363057
52,1.2386733556342729e-05,2.916104301240721e-05,1.2386733556342729e-05,0.7766585239776866,225.95624230239,5.43605757,0.0620094202
48,1.1134079609230155e-05,2.4982469262199698e-05,1.1134079609230155e-05,0.7147271435276414,181.98012132355396,4.36192751,0.0619109385
47,1.0738599750276963e-05,2.406185683849686e-05,1.0738599750276963e-05,0.7120348809022353,183.93510198222194,4.25118399,0.0622328483
46,7.2365624072445714e-06,1.610916240272815e-05,7.2365624072445714e-06,0.6250636683596446,173.33658196978317,4.48273087,0.062165983
47,5.845468336156456e-06,1.3043832033654867e-05,5.845468336156456e-06,0.5844148650890553,167.3148696571947,4.31243467,0.0622325242
47,6.181746796004816e-06,1.3859105841017768e-05,6.181746796004816e-06,0.5866427662099644,160.50940419035572,3.78364754,0.0624782927
48,8.662473739985203e-06,1.9252386380339512e-05,8.662473739985203e-06,0.6672599640535161,180.56915568737435,4.02034807,0.0622514412
49,1.0612414382868728e-05,2.3783818024824235e-05,1.0612414382868728e-05,0.7105990800738945,185.81847607526632,4.20670795,0.0619139299
48,6.367390181852594e-06,1.4330185329984554e-05,6.367390181852594e-06,0.5841269613551305,153.9009788506557,3.98128343,0.0622010678
46,6.394370889049706e-06,1.4501372566834177e-05,6.394370889049706e-06,0.5782249614107845,149.52477335854994,4.09283352,0.0618824922
46,6.255876899723263e-06,1.4274374511055566e-05,6.255876899723263e-06,0.5663106938305236,144.67923428071387,4.18181944,0.0618512072
45,5.834963309667743e-06,1.3190246170725263e-05,5.834963309667743e-06,0.5561935980170295,142.8084760722859,4.01036263,0.0620814115
44,6.003375502322917e-06,1.3261166458486972e-05,6.003375502322917e-06,0.5559250988703598,127.26134456990998,3.83453727,0.0625610575
43,4.4487245363911254e-06,9.329560477831982e-06,4.4487245363911254e-06,0.5276578106457068,123.69300076472199,3.24464798,0.0631912425
45,6.1880699965941065e-06,1.4062845467643382e-05,6.1880699965941065e-06,0.5529467611776738,134.11754680211152,4.10683918,0.0630332455
45,6.064716315862161e-06,1.3764084680987617e-05,6.064716315862161e-06,0.5531489517176388,137.1892436155407,4.05370235,0.0623668581
45,6.3356896083065494e-06,1.4334947781507824e-05,6.3356896083065494e-06,0.5541726091705785,131.00567271018372,4.1064167,0.062825568
44,8.968584757384429e-06,1.7458929780720936e-05,8.968584757384429e-06,0.6630413261410822,104.33801936539575,4.41113377,0.0642947853
42,7.572954533405224e-06,1.4640789612609122e-05,7.572954533405224e-06,0.6165226565711469,101.1760893996448,4.03630829,0.0635185912
44,8.22172948580947e-06,1.600413599437426e-05,8.22172948580947e-06,0.6340328128152165,101.56348447968604,4.36982203,0.0635028854
44,8.247299325161309e-06,1.5980525706905443e-05,8.247299325161309e-06,0.6421265119734327,102.09678912205334,4.32761002,0.0641811937
42,9.100589644879982e-06,1.772461505459727e-05,9.100589644879982e-06,0.6686379495106776,105.61723337514951,3.83009195,0.0640149117
45,1.0095099210404222e-05,2.0673093949984257e-05,1.0095099210404222e-05,0.6972052629317911,126.19526893187289,4.30868006,0.063661769
47,9.927972112689396e-06,2.003560448534348e-05,9.927972112689396e-06,0.6943044163108583,120.2890719424323,4.14039373,0.062475808
47,1.0236094046766592e-05,2.0932245154694016e-05,1.0236094046766592e-05,0.6984329642138344,124.36561555023786,4.42395067,0.0628846139
43,9.763686049801203e-06,1.926657906654451e-05,9.763686049801203e-06,0.6880304264605852,110.96743245348848,4.24275303,0.063552171
47,9.648530664649741e-06,1.9316732070558053e-05,9.648530664649741e-06,0.6842270756021005,114.2314364181194,4.71923685,0.0632024333
43,9.318321542309234e-06,1.8381996725723704e-05,9.318321542309234e-06,0.6727008993841618,107.15244655231723,4.64534187,0.064072445
43,9.490599893918705e-06,1.8902116961629427e-05,9.490599893918705e-06,0.6780883608184706,110.2848806162178,4.68492317,0.0633657351
44,1.0148078598198264e-05,2.040268622216736e-05,1.0148078598198264e-05,0.6980910336397975,119.22939507536606,4.5702877,0.0631736517
38,3.899583509297532e-06,7.883853759881067e-06,3.899583509297532e-06,0.5189463125429212,119.18062966312361,3.00093746,0.0627474412
42,4.2113252730975396e-06,8.407543903564493e-06,4.2113252730975396e-06,0.5253275750841032,112.17146867954527,3.52844024,0.0635988191
40,4.2760566893859145e-06,8.619245108325866e-06,4.2760566893859145e-06,0.5280369165649798,115.4901556924441,3.35967994,0.062969476
41,4.557309061340583e-06,9.012095310670005e-06,4.557309061340583e-06,0.5320146080491298,107.49769272403829,3.71704936,0.0634366795
40,4.377773636866349e-06,8.643491706877399e-06,4.377773636866349e-06,0.5302672780005921,110.00266449118043,3.43145227,0.0633994862
41,4.554894492912161e-06,8.979362144120359e-06,4.554894492912161e-06,0.527932301058094,105.56512660084944,3.68749404,0.063489154
42,3.970881260623746e-06,8.086683738950029e-06,3.970881260623746e-06,0.51878190491178,119.01413668437958,3.46530437,0.0628428608
41,4.596470976596415e-06,9.021520255127045e-06,4.596470976596415e-06,0.5274098193026088,104.68330204239311,3.59814358,0.0630387217
40,4.596291443295129e-06,9.011519732747844e-06,4.596291443295129e-06,0.5236656663948444,103.41978973502835,3.61084294,0.0633005723
42,4.578111168892334e-06,8.909296720621854e-06,4.578111168892334e-06,0.5226116998792665,102.97307346457272,3.51355982,0.0636687502
42,4.760211116696817e-06,9.272636413751522e-06,4.760211116696817e-06,0.5225422198443115,102.1886199008337,3.69718242,0.0633410066
42,4.755839768854238e-06,9.212211767892184e-06,4.755839768854238e-06,0.5210535806880006,101.84264584954683,3.58019948,0.0634631664
43,4.780699754697874e-06,9.292216807163306e-06,4.780699754697874e-06,0.5190535168332849,102.06140654410363,3.52316689,0.0634145439
43,4.875995593035687e-06,9.484476808702235e-06,4.875995593035687e-06,0.519819793398104,102.3334514376096,3.41812372,0.0632302761
43,5.057798581440369e-06,9.903299570384495e-06,5.057798581440369e-06,0.5249529458215183,102.75597237909678,3.90307951,0.0635121092
43,5.469489086061407e-06,1.0689793317256815e-05,5.469489086061407e-06,0.5400857485138884,102.65151279189334,4.07852125,0.0633159429
44,5.984769439081061e-06,1.1614031475769559e-05,5.984769439081061e-06,0.5584738582182474,102.36046359907323,3.91374016,0.0633001477
43,4.781251027056937e-06,9.324788786156897e-06,4.781251027056937e-06,0.5166677242130372,102.45600069395493,3.69564581,0.0628931522
45,6.385813599658838e-06,1.2455042650171542e-05,6.385813599658838e-06,0.5686301535219833,102.08131070396749,4.03940487,0.063673377
44,7.280908447410918e-06,1.4089085320371707e-05,7.280908447410918e-06,0.6000994279583196,101.1248347733109,3.79862332,0.0640610382
44,6.622469471555095e-06,1.2904157506340798e-05,6.622469471555095e-06,0.5755911259431417,101.9759694505277,4.18477726,0.0638950989
45,6.862790164463971e-06,1.3376772667801071e-05,6.862790164463971e-06,0.5796796618751642,102.02058143134455,4.01697016,0.0640155375
49,1.0206861212225916e-05,2.2727251627465264e-05,1.0206861212225916e-05,0.713938373866424,175.39565585890867,4.56801319,0.0618787743
51,1.0037121267195144e-05,2.2940347317142508e-05,1.0037121267195144e-05,0.7164674072197351,197.36834204082894,4.87794161,0.061780408
51,1.0243990607479097e-05,2.3284240384580205e-05,1.0243990607479097e-05,0.7176627142651241,190.92849839708737,4.76544142,0.0618592985
50,1.0431125600023556e-05,2.3549471943745275e-05,1.0431125600023556e-05,0.7227205189868792,186.63239535272672,4.53480339,0.0618582554
50,9.843979561413024e-06,2.1087034885231846e-05,9.843979561413024e-06,0.7007283239521231,151.00023740705998,4.24192905,0.0620910488
49,9.075326276132045e-06,1.9526087789165944e-05,9.075326276132045e-06,0.6884608896316193,156.3143674077631,4.19510794,0.0620032996
49,9.301194658563704e-06,2.025193292270561e-05,9.301194658563704e-06,0.6971043177506293,163.04805985537638,4.44446278,0.0619173832
47,9.996512566609291e-06,2.2136786439112254e-05,9.996512566609291e-06,0.7144814035920627,175.3788362158701,4.23547792,0.0617869571
51,9.853939201447997e-06,2.177060029721687e-05,9.853939201447997e-06,0.7106262515071172,172.41526244767553,4.61073923,0.0617809668
49,9.626812848151126e-06,2.1671749669401426e-05,9.626812848151126e-06,0.7070647583555454,183.9455343118077,4.32749319,0.0618223548
52,1.010824911384517e-05,2.3329880263343096e-05,1.010824911384517e-05,0.7178682066612194,204.76876297699354,4.79041767,0.061890319
49,1.0649291305813426e-05,2.4702824033238917e-05,1.0649291305813426e-05,0.7308617716405965,209.80300863908997,4.9530282,0.0617915764
45,1.1288937376046305e-05,2.3875868001538173e-05,1.1288937376046305e-05,0.7271892350477756,142.5708624031551,4.61635065,0.0615263842
46,1.0134872198835643e-05,2.0944803036246384e-05,1.0134872198835643e-05,0.7027091878231199,132.0720334591579,4.551754,0.0628572628
46,1.0370027901726403e-05,2.1701235427906988e-05,1.0370027901726403e-05,0.7057842870238599,136.95237468457248,4.78383112,0.0624326169
46,1.092613054178516e-05,2.3278919809242125e-05,1.092613054178516e-05,0.7227377632014944,148.16479810010657,4.60023546,0.0618067235
51,1.5245642476289843e-05,3.4796537140161977e-05,1.5245642476289843e-05,0.7917842897933507,193.5297192389416,4.97829437,0.0620112643
53,1.3886331085715725e-05,3.1548475396868664e-05,1.3886331085715725e-05,0.7653872400466022,188.50906145582155,4.81509161,0.061869096
51,1.3997234092188518e-05,3.184789752493802e-05,1.3997234092188518e-05,0.7717119450887588,192.03552523038255,4.74747753,0.0620476268
51,1.197890970442272e-05,2.698550050750604e-05,1.197890970442272e-05,0.7344627008110343,188.48298697001522,4.47015715,0.0618628524
55,1.6075153948001975e-05,3.6820471559418395e-05,1.6075153948001975e-05,0.8122224547987731,201.33176192197408,4.99013472,0.0620200373
52,1.3757819526150074e-05,3.201694307167536e-05,1.3757819526150074e-05,0.8020562985735482,225.20915690744374,5.43226337,0.0621775314
52,1.6865955186825803e-05,3.879281355269941e-05,1.6865955186825803e-05,0.848266222840181,219.06792762224927,5.05327749,0.0622178093
52,1.7356194148749243e-05,3.994909683267355e-05,1.7356194148749243e-05,0.8522348758558237,216.97100584499273,5.00044966,0.0621527433
53,1.7273190409154015e-05,3.9678727179257824e-05,1.7273190409154015e-05,0.8440573148714833,213.36127749037922,5.01151896,0.0620980933
48,1.128007660787835e-05,2.6441593385467156e-05,1.128007660787835e-05,0.7473943520209081,217.3422452284654,4.84908533,0.0619232692
53,1.0569846098013956e-05,2.5040060959378584e-05,1.0569846098013956e-05,0.7348576762293834,226.7077206230333,4.85105038,0.0621624179
52,1.0465131237984629e-05,2.4686914772513005e-05,1.0465131237984629e-05,0.7346904635824713,226.54806367933267,4.64632416,0.0621341802
54,1.0488763420735752e-05,2.470696508149114e-05,1.0488763420735752e-05,0.7335593901424968,223.53881491152302,4.91940165,0.0620845594
52,1.1281807992336677e-05,2.6720845837806922e-05,1.1281807992336677e-05,0.752506479290684,228.528864172807,5.28842926,0.0620945804
51,1.1966297698968411e-05,2.8522545609362295e-05,1.1966297698968411e-05,0.7718538203621099,235.7880377042166,5.35120296,0.0621385276
53,1.2634133591556999e-05,3.0023448972053153e-05,1.2634133591556999e-05,0.7834715990244788,235.31936808894497,5.45734882,0.0620803647
48,1.2264029285040537e-05,2.7646485394699765e-05,1.2264029285040537e-05,0.7424569766502133,189.81614107930724,4.4097271,0.0619780906
53,1.192648147108117e-05,2.690889163312563e-05,1.192648147108117e-05,0.7390607866044933,191.90385517886776,4.56295967,0.0621379875
49,7.665966312574386e-06,1.7048785149658864e-05,7.665966312574386e-06,0.6436360062885462,178.59090154131883,4.10060787,0.0621595122
49,5.9260073068100825e-06,1.3150187373407345e-05,5.9260073068100825e-06,0.5948109360644496,172.50544281879016,4.18933868,0.0622243695
48,5.804068345930335e-06,1.2942694396384364e-05,5.804068345930335e-06,0.5827235834482783,166.24346855566387,3.86340237,0.0619604327
47,6.111799374255548e-06,1.3729042623425909e-05,6.111799374255548e-06,0.5815594366584066,158.8511062303476,3.90196514,0.0625672266
48,5.518849874763742e-06,1.2279874699308939e-05,5.518849874763742e-06,0.5733542204397007,163.98923424553502,3.62547708,0.0619961433
49,9.782208468790855e-06,2.1923872354128096e-05,9.782208468790855e-06,0.6969595643100948,187.78835096700686,4.25205421,0.0623191595
45,8.908209169214186e-06,1.9858718420897884e-05,8.908209169214186e-06,0.6761562682823345,184.6124148005875,4.00113392,0.0620897822
51,1.1382978202100671e-05,2.5683690673819082e-05,1.1382978202100671e-05,0.7308384070950263,193.4334875843552,4.36964655,0.0623062626
45,5.797352085604815e-06,1.30352985545134e-05,5.797352085604815e-06,0.5704145530981595,154.21716688514533,3.83052897,0.0623151585
44,5.69492558006475e-06,1.283149758456016e-05,5.69492558006475e-06,0.5614689547419128,148.4376976007473,3.84622359,0.0620510243
42,5.534523553225455e-06,1.2449328637233877e-05,5.534523553225455e-06,0.5513103153174949,142.306853413657,3.93418169,0.0623153858
46,5.212018996102054e-06,1.1691005135007257e-05,5.212018996102054e-06,0.5480920666289432,148.16715333745148,3.73211169,0.0622055978
43,5.495498762671221e-06,1.2002868205693309e-05,5.495498762671221e-06,0.5455778482424055,127.49997719631762,3.75676656,0.0630828738
41,4.105461418083543e-06,8.528256338802158e-06,4.105461418083543e-06,0.5195274146434173,123.46587389970058,3.07490969,0.0629282147
45,5.9112365466202785e-06,1.3428553834731773e-05,5.9112365466202785e-06,0.5464946215772789,134.33120340834589,4.0642581,0.0626425073
44,5.473437092198334e-06,1.2432122572842423e-05,5.473437092198334e-06,0.5388324776210287,138.47983868468162,3.93598366,0.0622468553
45,5.455523687703038e-06,1.2387032826736165e-05,5.455523687703038e-06,0.5421574497154731,141.20564891439983,3.93952084,0.062489409
43,5.9785619279630615e-06,1.3447855278500114e-05,5.9785619279630615e-06,0.548799697987797,131.06937925272192,4.06096983,0.0630690604
43,9.223060575508598e-06,1.79561102440681e-05,9.223060575508598e-06,0.6655154115377396,103.4210204937499,4.35399675,0.0640525073
46,7.614649910896397e-06,1.4771149654113666e-05,7.614649910896397e-06,0.6146029092986327,101.17676069781793,4.26135588,0.063533023
44,8.065366996038858e-06,1.5589602505815597e-05,8.065366996038858e-06,0.6317260977568501,100.9723105413372,4.32840538,0.0638518333
41,7.980017917433885e-06,1.54360239533043e-05,7.980017917433885e-06,0.6275889224182303,100.92262979671729,4.29149818,0.0640311241
43,8.473398286265707e-06,1.639145174180773e-05,8.473398286265707e-06,0.6490964527850923,102.25769624415435,4.39149332,0.0645484328
43,8.332635379347398e-06,1.6061551860761384e-05,8.332635379347398e-06,0.6405426639060346,101.10497234826776,4.31790257,0.064384222
44,8.798708259199405e-06,1.708294195471152e-05,8.798708259199405e-06,0.6623391746912666,105.14078345403306,4.09789467,0.0635197759
46,1.0304465756076305e-05,2.1246829501679594e-05,1.0304465756076305e-05,0.7040470067550747,130.28628490587633,4.34632301,0.0631524846
48,1.060002478433245e-05,2.1712952765808528e-05,1.060002478433245e-05,0.7035414448523928,124.5660065404391,4.8459425,0.06262853
45,9.921168069213578e-06,1.9712827254063642e-05,9.921168069213578e-06,0.6885090075890005,113.36592818162187,4.61522675,0.0632495508
44,9.261801994012916e-06,1.8177145834773686e-05,9.261801994012916e-06,0.6722409869537394,107.40802041560924,4.58761692,0.0643453449
44,9.777106111554468e-06,1.9324971062230934e-05,9.777106111554468e-06,0.6841987754673605,109.97630500136529,4.54064941,0.0635762289
44,1.0252372231951438e-05,2.0570963744719237e-05,1.0252372231951438e-05,0.6959773405099429,115.81725002246004,4.7253418,0.0640182346
48,1.0432437568176167e-05,2.112965588026076e-05,1.0432437568176167e-05,0.699360284998161,120.19849092846967,4.74161816,0.0631221458
42,3.8130968492916735e-06,7.8039080566116e-06,3.8130968492916735e-06,0.5124175230545345,122.19509385439744,3.10846353,0.0628455952
39,4.0788091411380755e-06,8.226436607013642e-06,4.0788091411380755e-06,0.5203515639876044,114.64061274014173,3.44239044,0.063371107
40,4.000723448901762e-06,7.90850881305924e-06,4.000723448901762e-06,0.5196148427993051,111.98516507590426,3.17340112,0.0632532239
41,3.91530517788961e-06,7.934906491030362e-06,3.91530517788961e-06,0.5167597393839302,117.84406892738558,3.43580461,0.0629635826
39,4.372078527668026e-06,8.570815305761244e-06,4.372078527668026e-06,0.5287421158236097,108.74511636535813,3.10232234,0.0633654371
39,4.250656190849559e-06,8.31250258082579e-06,4.250656190849559e-06,0.5205907105835832,106.45373549986726,3.09563375,0.0634815022
40,3.8143448633554424e-06,7.797346986343594e-06,3.8143448633554424e-06,0.5127770246243525,120.92877510357889,3.31911469,0.0629501715
40,4.22343718630397e-06,8.359833587602562e-06,4.22343718630397e-06,0.5146242206269536,105.8513529074073,3.58435225,0.0634599328
39,4.32805186656309e-06,8.466980251089435e-06,4.32805186656309e-06,0.5160367538973476,104.17475891633771,3.27720857,0.0633187667
41,4.284844218004496e-06,8.353680534096125e-06,4.284844218004496e-06,0.5112133406171013,102.91723369987066,3.31690502,0.06381163
41,4.37148097997705e-06,8.4617690610162e-06,4.37148097997705e-06,0.5144659394243453,102.81605685368093,3.50640392,0.0635228381
42,4.281710339290692e-06,8.245709452376527e-06,4.281710339290692e-06,0.5074659326608804,101.95022290195708,3.35172653,0.0632980466
41,4.30170422784909e-06,8.330792786823287e-06,4.30170422784909e-06,0.5040374474947893,102.02437348401575,3.39961147,0.0634940267
42,4.39990470997631e-06,8.500407597489086e-06,4.39990470997631e-06,0.5050503898228712,102.08543526313524,3.28591895,0.0631993487
43,4.454187867117479e-06,8.668691590022262e-06,4.454187867117479e-06,0.5027294793753468,102.4246941564071,3.63738108,0.0633419752
44,5.00436514833852e-06,9.874310569664643e-06,5.00436514833852e-06,0.5173460187186729,102.84842781229993,4.00364065,0.06312567
43,5.514491079545336e-06,1.0765735907951362e-05,5.514491079545336e-06,0.536916643458539,102.82312003601979,4.02783298,0.0634025559
45,5.628967590753215e-06,1.1000409709779512e-05,5.628967590753215e-06,0.5422135121533996,102.8040887711071,4.12272644,0.0632658675
44,5.922854930825455e-06,1.1563820013995369e-05,5.922854930825455e-06,0.5512992003192174,102.4230074364435,3.93915415,0.0631650612
43,7.138363205177158e-06,1.3819458515384382e-05,7.138363205177158e-06,0.595925865138958,101.39182146784185,4.22480011,0.0646618828
44,6.449206923768464e-06,1.2626318981759212e-05,6.449206923768464e-06,0.56318714026528,102.55856334445862,4.07100821,0.0629948825
41,6.689431458381863e-06,1.2940944724437246e-05,6.689431458381863e-06,0.5765810483173902,102.20010499979098,4.0463891,0.0634998307
53,1.0569033680782975e-05,2.4440796205220962e-05,1.0569033680782975e-05,0.7262471158813846,203.91653194568698,4.95500183,0.06199665
50,1.1041570425611366e-05,2.5189296608346498e-05,1.1041570425611366e-05,0.7385232171111908,194.96989183333915,4.60865164,0.0617831461
51,9.962276644969623e-06,2.2889432539233726e-05,9.962276644969623e-06,0.7198113426235518,204.3773464109687,4.45241928,0.0619186498
50,9.4307256623488e-06,2.138807726779215e-05,9.4307256623488e-06,0.7099868092660966,192.64039700579033,4.2509141,0.0617409721
48,1.0766303962730997e-05,2.3367663075496923e-05,1.0766303962730997e-05,0.7207816415951608,156.88457328390493,4.70429516,0.0622546151
47,1.1302637991199717e-05,2.4732655142045614e-05,1.1302637991199717e-05,0.7389398452694437,165.079095671748,4.62365627,0.0622475334
50,9.56408138918974e-06,2.1330049146262327e-05,9.56408138918974e-06,0.7084566201031472,181.89103245218246,4.13607931,0.0619306415
48,1.1580027615801177e-05,2.576309599805805e-05,1.1580027615801177e-05,0.7478877947175279,176.5743777288712,4.54390669,0.0620348006
50,1.0282166738788501e-05,2.3133433184476825e-05,1.0282166738788501e-05,0.721526175715883,184.5525677985938,4.43782949,0.0620425455
49,1.0089209733480415e-05,2.276288144890683e-05,1.0089209733480415e-05,0.7250013605101513,192.16900807380557,4.29344988,0.062045671
53,1.023279167973117e-05,2.3826698037810576e-05,1.023279167973117e-05,0.7268289540986228,214.92291689173294,4.95017862,0.0621607862
47,1.0584725551115632e-05,2.239328516386978e-05,1.0584725551115632e-05,0.7156501076086031,144.63219241777216,4.37181854,0.0618343987
47,1.1325454010630215e-05,2.382518084681147e-05,1.1325454010630215e-05,0.7229309202503418,139.07441304107098,4.81097221,0.0626936853
49,1.0858189785724591e-05,2.3396949170534614e-05,1.0858189785724591e-05,0.7222169727435638,154.79252020786996,4.82524061,0.0618620403
52,1.5618213530107257e-05,3.574130121689208e-05,1.5618213530107257e-05,0.8009882068928094,199.45197299841047,4.9571991,0.0619976036
51,1.466982045054566e-05,3.34264423381535e-05,1.466982045054566e-05,0.7865544897801906,196.14558600801837,4.87952566,0.0621545725
54,1.3848359677979886e-05,3.144633641051608e-05,1.3848359677979886e-05,0.7755280164672775,197.32919169823023,4.70486307,0.0620263927
50,1.703095724506399e-05,3.90305133683568e-05,1.703095724506399e-05,0.8358164445836429,208.8187690786334,4.9944849,0.0620149523
53,1.3698617667494217e-05,3.266611366948541e-05,1.3698617667494217e-05,0.8063382749182605,238.7783278746197,5.80094385,0.0619959719
53,1.547343890008597e-05,3.6036990477208876e-05,1.547343890008597e-05,0.8372610398440374,232.3930015474072,5.53711319,0.0621420145
53,1.642657058222497e-05,3.804694389432096e-05,1.642657058222497e-05,0.8501612209409145,228.7409704673617,5.31925821,0.0622843169
53,1.773264282638268e-05,4.11694932593047e-05,1.773264282638268e-05,0.8670586762264054,229.45088686687117,5.49406719,0.0620497167
55,1.8004896184919212e-05,4.1670777477268295e-05,1.8004896184919212e-05,0.8690769575784842,225.11125359430366,5.35999823,0.0621044524
54,1.7724270472602718e-05,4.077050412672532e-05,1.7724270472602718e-05,0.85915569600214,218.26788868094368,5.04388809,0.0621780194
51,1.108736019700361e-05,2.6127619913366017e-05,1.108736019700361e-05,0.7441248895250435,222.7287246649972,4.85149002,0.0619076826
53,1.0415663623556663e-05,2.4843417779124052e-05,1.0415663623556663e-05,0.736560111928476,236.22149775186952,4.87684965,0.0621356554
52,1.149962547255925e-05,2.7572459720959972e-05,1.149962547255925e-05,0.757928179098193,240.5005947673391,4.81406832,0.0621883944
52,1.1942198414372592e-05,2.8492046119609936e-05,1.1942198414372592e-05,0.7626125610334115,232.85092255335667,4.89569426,0.0621332489
53,1.1673220781690964e-05,2.7963235591135105e-05,1.1673220781690964e-05,0.7671472867189257,241.28161721938918,5.2719593,0.0621162392
57,1.2368262267804295e-05,2.983343101562411e-05,1.2368262267804295e-05,0.7781209025482342,244.27590394849042,5.60050535,0.0621635728
53,1.2431052469117745e-05,3.0224899033294527e-05,1.2431052469117745e-05,0.7823954175626838,251.7173519159332,5.64567375,0.0621786043
53,1.2988394653771318e-05,3.134349059498215e-05,1.2988394653771318e-05,0.7938080246375002,245.76001168138035,5.6523962,0.0621005371
51,1.3514503433957929e-05,3.0627059396778196e-05,1.3514503433957929e-05,0.7734675910938913,197.76540037625315,4.50000286,0.0619786903
51,1.3695585914606455e-05,3.102571701946664e-05,1.3695585914606455e-05,0.7812828271754032,200.27268103871245,4.55694818,0.0621550046
49,7.775340300942459e-06,1.7349348743983073e-05,7.775340300942459e-06,0.6473410613409972,181.60798568013143,4.34382772,0.0621472485
49,6.448583223184517e-06,1.4313464104088334e-05,6.448583223184517e-06,0.6126190493899628,177.8607147889052,4.0259409,0.0621742494
47,5.55605351281936e-06,1.2350816679545759e-05,5.55605351281936e-06,0.5827880657207006,171.67347940779456,4.20232868,0.061971087
45,5.49542230687875e-06,1.2300474321084362e-05,5.49542230687875e-06,0.5787435389552152,170.65836010207747,4.3041482,0.0621834546
49,4.948305550203623e-06,1.1005472952583163e-05,4.948305550203623e-06,0.5597737471302523,165.340987173691,4.00117874,0.0620237626
47,5.338075189042491e-06,1.1893957663769128e-05,5.338075189042491e-06,0.564135774037294,159.36495530240788,3.83945441,0.062072508
49,1.042179785444618e-05,2.3391160947352434e-05,1.042179785444618e-05,0.7150756026835471,191.84184364497796,4.27007866,0.0621892624
51,9.870452496474352e-06,2.2103097743461147e-05,9.870452496474352e-06,0.700391484709666,189.0325849616248,4.01598406,0.062109042
52,1.28145040723539e-05,2.8952880704158964e-05,1.28145040723539e-05,0.7640256738880701,198.46495507435858,4.59215164,0.0623158999
47,5.349285800646268e-06,1.1995049241070847e-05,5.349285800646268e-06,0.5581201463092424,154.51403885425648,3.73800826,0.0622497872
44,4.746134750489696e-06,1.0543778373705323e-05,4.746134750489696e-06,0.5362673899033014,146.47641037679568,3.53107357,0.0622617751
48,4.918043199538541e-06,1.0990374903987086e-05,4.918043199538541e-06,0.5471103235277196,152.9728093145719,3.69971704,0.0622556843
47,4.606407221113026e-06,1.0264144814803026e-05,4.606407221113026e-06,0.534517306864084,150.28262870910729,3.4469254,0.0622943714
42,5.15242592653515e-06,1.1213045522642262e-05,5.15242592653515e-06,0.53823638897071,128.32744633582442,3.65013528,0.0631324425
41,4.239775112539139e-06,8.932118259575872e-06,4.239775112539139e-06,0.5217435234725228,126.34492241465419,3.25407481,0.0626456141
43,6.053567618812835e-06,1.375013351216633e-05,6.053567618812835e-06,0.5491931197050789,134.48917825171895,4.02994967,0.062364962
43,5.600404674323012e-06,1.2702062560452078e-05,5.600404674323012e-06,0.5441068428875389,137.75683978379234,3.96189761,0.0624111891
46,4.87846027553105e-06,1.0940070331952099e-05,4.87846027553105e-06,0.5327102925147489,142.38349781221595,3.7721312,0.0623071678
46,4.566204513074373e-06,1.0096867872613777e-05,4.566204513074373e-06,0.5325747821076379,145.52283551861353,3.58300304,0.0624905601
41,5.639162067830562e-06,1.255923716766977e-05,5.639162067830562e-06,0.5446061409732178,131.78850183495456,3.91480732,0.0629784092
43,8.817362619294169e-06,1.7088730358033142e-05,8.817362619294169e-06,0.658226300808466,102.8452438131134,4.49981499,0.0643739179
45,7.393407403480556e-06,1.425291500014356e-05,7.393407403480556e-06,0.6083513195022069,101.20637629897192,3.88459039,0.0642129853
42,7.596094089126816e-06,1.466472075204055e-05,7.596094089126816e-06,0.614960213190408,101.33465678517551,4.09405231,0.0635449737
42,8.07462071409667e-06,1.5628088083290075e-05,8.07462071409667e-06,0.6324669504079676,101.23780741273583,4.4274168,0.064276658
42,8.24404700306431e-06,1.5926482210124325e-05,8.24404700306431e-06,0.6415787889535746,101.80699742010786,4.08639765,0.064074263
43,8.855467188375159e-06,1.718558165213096e-05,8.855467188375159e-06,0.6642061862622752,104.79237872403357,3.99026752,0.0635067225
47,1.1143535073287752e-05,2.322391850930335e-05,1.1143535073287752e-05,0.7148452112009432,132.38158714253802,4.82998705,0.0628995225
47,1.0531834212391217e-05,2.1636543999871267e-05,1.0531834212391217e-05,0.7041893755307196,127.24061359113342,4.69205952,0.062715739
48,1.133925664844322e-05,2.3271265981855876e-05,1.133925664844322e-05,0.7177751078200489,124.89219146745255,4.87288141,0.0628269464
44,1.0027092732609339e-05,1.9982513247929674e-05,1.0027092732609339e-05,0.68803182219889,112.3788328209461,4.60575056,0.0637153238
45,9.777940650464846e-06,1.92477887961808e-05,9.777940650464846e-06,0.6838276172661109,108.56624422062347,4.6274848,0.064011544
43,9.40884189710186e-06,1.8358986711547286e-05,9.40884189710186e-06,0.6753557067867247,105.89929838230248,4.60782576,0.0636203438
46,1.0322879360164643e-05,2.0785664528723205e-05,1.0322879360164643e-05,0.695919363175909,117.62683286389006,4.74136925,0.063744776
41,3.910294807243628e-06,8.08941701140942e-06,3.910294807243628e-06,0.514863072474372,124.5709808630553,3.04989696,0.0630515665
40,3.9076507896274074e-06,7.869144233963254e-06,3.9076507896274074e-06,0.5149261888051283,115.87117133244168,3.35205054,0.0629229248
39,3.711058246024145e-06,7.377030680586385e-06,3.711058246024145e-06,0.510015805827869,114.583140117829,3.01391101,0.0628765374
41,3.859087544194083e-06,7.630519670705216e-06,3.859087544194083e-06,0.5129726189248969,111.89394656784428,3.10432315,0.0631445646
42,3.829339594066678e-06,7.749787369533735e-06,3.829339594066678e-06,0.5138058721616073,118.77893394911099,3.16650724,0.0629024953
39,4.053071269842368e-06,7.962114627850846e-06,4.053071269842368e-06,0.5168292909483049,108.94377096130428,3.11154699,0.0632215366
39,3.767670238529539e-06,7.382058482003981e-06,3.767670238529539e-06,0.5042390478985305,107.8223271607874,3.16424656,0.0629790649
41,3.685953414000577e-06,7.562640017345474e-06,3.685953414000577e-06,0.5075864653989416,122.49064420672607,3.2677629,0.0631122813
38,3.966902522449043e-06,7.755636362184096e-06,3.966902522449043e-06,0.5077025920379376,106.1314990284735,3.07157826,0.0635941327
41,4.135647964651006e-06,8.076838438994926e-06,4.135647964651006e-06,0.5082278179469427,103.88867938187174,3.30450773,0.0634034723
43,3.972738589178976e-06,7.8157812572007e-06,3.972738589178976e-06,0.5039876898078739,105.22400986065733,3.47745919,0.0631457269
39,4.0742095161500046e-06,7.91146086555642e-06,4.0742095161500046e-06,0.5047571463519299,103.21529602419521,3.31094432,0.0634452477
43,4.126068593673212e-06,8.035826310896172e-06,4.126068593673212e-06,0.5010819010474119,102.69039219629947,3.43421221,0.0633465648
44,3.893967219449867e-06,7.6177386203525985e-06,3.893967219449867e-06,0.4874222200608415,102.37687928768179,3.41859746,0.0632452145
43,4.159301852457792e-06,8.035968013209042e-06,4.159301852457792e-06,0.4968463313902835,102.1918899740525,3.15610504,0.0632897466
43,4.17650524565342e-06,8.117260450712586e-06,4.17650524565342e-06,0.4930337629670926,102.09650611530733,3.61849451,0.0633437112
44,4.50231790260556e-06,8.808146465240424e-06,4.50231790260556e-06,0.4998548123693377,102.34333329292264,3.84055448,0.0634429753
42,4.768353625011077e-06,9.258691453390594e-06,4.768353625011077e-06,0.5105671313417308,102.74293880503492,3.37524414,0.0633556694
43,5.143351293442428e-06,1.0113025539660528e-05,5.143351293442428e-06,0.5209240277662832,103.00531972569082,4.02727699,0.0634046346
44,5.3990246673975694e-06,1.0560824513654731e-05,5.3990246673975694e-06,0.5289050872488671,102.83330151749838,3.93868685,0.0632938072
44,5.776598089944212e-06,1.1348834111797948e-05,5.776598089944212e-06,0.5397819760621889,102.90729525865169,4.00108004,0.0630613416
43,7.322680524209745e-06,1.4088653424255057e-05,7.322680524209745e-06,0.602292174367736,101.41297092023026,3.68458915,0.0645688474
45,7.1717384770059275e-06,1.3861512536727957e-05,7.1717384770059275e-06,0.5933533743464903,101.59846335401102,4.09393597,0.0638563484
42,6.310674920953785e-06,1.241763625755047e-05,6.310674920953785e-06,0.5536638832203685,102.73459513073195,4.12405443,0.0632413626
41,6.234409653805775e-06,1.2056935802200175e-05,6.234409653805775e-06,0.5589809329369914,102.39672541899806,3.83241987,0.0631827116
44,6.709524511744402e-06,1.3030890800200023e-05,6.709524511744402e-06,0.5739460381123149,102.18876504027793,4.09882307,0.0636727214
50,1.0576328641993502e-05,2.4453646518168907e-05,1.0576328641993502e-05,0.7321904231150222,203.36366077600306,4.71341372,0.0618356951
51,1.0591851633600511e-05,2.4650225947964677e-05,1.0591851633600511e-05,0.7345019098196846,212.54494612319652,4.46210909,0.061841704
48,9.770388929842886e-06,2.2350110760172475e-05,9.770388929842886e-06,0.7219678244861711,203.56493413916522,4.2416687,0.0619014725
46,1.0743692808808917e-05,2.333960580549836e-05,1.0743692808808917e-05,0.7223181760776053,159.74880575157525,4.87897205,0.0620859265
48,1.0955844227867373e-05,2.406882919822383e-05,1.0955844227867373e-05,0.7315603068091476,168.8968911729926,4.88169336,0.0621058866
50,1.1403639477083109e-05,2.5557128503934666e-05,1.1403639477083109e-05,0.7402578050651197,180.09380032341332,4.53223562,0.0618410371
51,1.1519365169310066e-05,2.6122398725543442e-05,1.1519365169310066e-05,0.7472996706595042,188.26056065314694,4.68697357,0.0618507788
51,1.063271022395545e-05,2.4171751913123734e-05,1.063271022395545e-05,0.7307905153748115,191.98853929748844,4.79351854,0.062100023
49,1.0344229366180982e-05,2.362886333715999e-05,1.0344229366180982e-05,0.7294894307898978,196.8775920229282,4.66511869,0.0619513467
54,1.0385803019729137e-05,2.445201273043677e-05,1.0385803019729137e-05,0.7310427955651485,221.0084291668482,4.98393202,0.0620313324
53,1.08498912776776e-05,2.562377098279221e-05,1.08498912776776e-05,0.7383194173413864,223.67737492449606,4.67172194,0.0620368533
45,1.0995683646027464e-05,2.3469386074357754e-05,1.0995683646027464e-05,0.7223248490094681,147.58895940238637,4.60520267,0.0620561466
48,1.1065517220151926e-05,2.3437095768526606e-05,1.1065517220151926e-05,0.7190360093273095,142.81195318186943,4.86899471,0.0622792169
49,1.1552128238549842e-05,2.432548595277719e-05,1.1552128238549842e-05,0.7254011807286808,138.41836058921788,4.91838551,0.0624950528
48,1.1497920936697761e-05,2.4911134945556522e-05,1.1497920936697761e-05,0.7326734659830181,157.28096531228684,4.84632015,0.0622122325
53,1.6686478352917934e-05,3.8430958911252285e-05,1.6686478352917934e-05,0.8296717214322875,211.27366321133744,4.99982166,0.0622241013
53,1.6255931185726803e-05,3.724177980572767e-05,1.6255931185726803e-05,0.8246805773106759,208.09863043159052,4.82937717,0.0623100512
52,1.4894887385368224e-05,3.386205302855884e-05,1.4894887385368224e-05,0.8022473507281717,202.99633650751122,4.56699514,0.0623555593
53,1.5599639027062773e-05,3.5627710387731824e-05,1.5599639027062773e-05,0.814447502763521,206.18256079701547,4.68577528,0.0622472018
56,1.3656413878195141e-05,3.308453174725298e-05,1.3656413878195141e-05,0.8083516761617744,249.0493276084956,5.96636343,0.062017601
56,1.5571184991606842e-05,3.685335394836805e-05,1.5571184991606842e-05,0.8463572119684666,245.22696283682524,5.91045189,0.0620339736
54,1.6768655718782883e-05,3.920692913754378e-05,1.6768655718782883e-05,0.8652385886513778,239.29236298196048,5.94953728,0.0621071868
54,1.8156487242340482e-05,4.219745585483272e-05,1.8156487242340482e-05,0.8848791654114924,235.30452026701707,5.58689308,0.0621424094
54,1.8601393973612543e-05,4.2909690440794204e-05,1.8601393973612543e-05,0.9005086423201513,233.6340458708177,5.6477046,0.0621934161
56,1.8952437209394198e-05,4.362640386347278e-05,1.8952437209394198e-05,0.8919673186179596,226.4299097253686,5.29055691,0.0622299351
56,1.8537611443609732e-05,4.2648985667405614e-05,1.8537611443609732e-05,0.8760928369285249,219.4721814923185,5.40059662,0.0622064844
53,1.105300658442427e-05,2.6308950178951043e-05,1.105300658442427e-05,0.7449250993977449,231.5478990934897,4.87838984,0.0620444939
53,1.082610030958692e-05,2.6000668476337342e-05,1.082610030958692e-05,0.7500122067046867,244.3337850177042,4.87600756,0.0620715544
52,1.1640743394865453e-05,2.8079506469507565e-05,1.1640743394865453e-05,0.7649541770107848,247.56874960058718,4.9293232,0.0620406456
52,1.1461384003355704e-05,2.7586936559066235e-05,1.1461384003355704e-05,0.7563140637003382,241.1140658981343,5.03950167,0.0620363727
53,1.0835659346188274e-05,2.613944977046452e-05,1.0835659346188274e-05,0.7501160538511397,249.04349050311043,5.09999895,0.0621071495
54,1.2576559281148094e-05,3.054745499096995e-05,1.2576559281148094e-05,0.7880180614394854,254.24614565055782,5.62435389,0.0621572211
53,1.1846536499746465e-05,2.893954309257344e-05,1.1846536499746465e-05,0.7755654631202084,260.1837180692338,5.4436245,0.0622173734
50,1.1348888837313173e-05,2.7759539226462628e-05,1.1348888837313173e-05,0.7660785830809835,260.96555152495546,5.18746662,0.0620977208
52,1.5517722733778014e-05,3.533959861570954e-05,1.5517722733778014e-05,0.8184702742869249,206.62313993067002,4.76746559,0.0623108707
53,1.4847438735576004e-05,3.370596145900978e-05,1.4847438735576004e-05,0.8087147330639655,206.37714257185965,4.79798365,0.0620794445
51,8.833296676190406e-06,1.980646341785035e-05,8.833296676190406e-06,0.6761702623651552,187.79787508688642,4.38232422,0.0621835068
52,7.54857641686041e-06,1.6920898695459234e-05,7.54857641686041e-06,0.644418566421922,184.32844757324258,4.42386341,0.0622093119
50,5.6606673652692014e-06,1.2677976801206922e-05,5.6606673652692014e-06,0.5888899421464063,177.1962010922671,4.29345703,0.0621663146
47,4.741659925149667e-06,1.0618382571498023e-05,4.741659925149667e-06,0.557116511256496,171.02440599660008,4.23908663,0.0624279976
47,4.679016797812875e-06,1.0419070944016484e-05,4.679016797812875e-06,0.5493371206657789,164.16636953129674,3.97304511,0.0623850189
47,5.02096406803944e-06,1.1212468763975113e-05,5.02096406803944e-06,0.5541138773966102,158.76971230507942,3.86381769,0.0620927848
52,1.0988594266847891e-05,2.4816498110747217e-05,1.0988594266847891e-05,0.7273392623121403,195.37559465447058,4.41423893,0.062226098
50,1.3738819462248031e-05,3.1087381846663496e-05,1.3738819462248031e-05,0.7860506978381676,202.32773822007073,4.58899832,0.062230926
46,4.163623092493772e-06,9.23373251433657e-06,4.163623092493772e-06,0.5272850250188236,155.47120459622423,3.67163134,0.0623440333
48,4.178497056730912e-06,9.221015220760194e-06,4.178497056730912e-06,0.5235723474491747,150.99747631455966,3.4679606,0.0621288121
44,4.449688400471951e-06,9.512650755174683e-06,4.449688400471951e-06,0.5249288382649943,128.29409838839882,3.5138998,0.0624165647
43,5.867276727646667e-06,1.3308298712806725e-05,5.867276727646667e-06,0.5473366685073019,135.134829196101,3.97350335,0.0624568537
44,5.31071356483166e-06,1.2068026444173554e-05,5.31071356483166e-06,0.5369636023701372,139.21006360083686,3.87763143,0.0626313165
46,4.935491866662439e-06,1.1178358621224944e-05,4.935491866662439e-06,0.5299632290636392,141.9347556492137,3.81985068,0.0620525591
45,4.370831413867955e-06,9.699895809730075e-06,4.370831413867955e-06,0.5231264798187683,146.04725538193625,3.40954351,0.0622873791
42,5.041560479730308e-06,1.1055993284408866e-05,5.041560479730308e-06,0.5357905432505662,131.8057384677459,3.67785597,0.0623324513
44,8.673014248539102e-06,1.6815615213068156e-05,8.673014248539102e-06,0.6544523385332743,102.91130498271467,4.42615032,0.0639814213
45,7.881215887412539e-06,1.5320793200848637e-05,7.881215887412539e-06,0.6218649796008652,101.52660662533752,4.35461664,0.0638824925
46,7.47012280083945e-06,1.4470104497984563e-05,7.47012280083945e-06,0.6073499399781284,101.39984161386093,4.25669384,0.0638475865
43,7.920862769309404e-06,1.5284783680863687e-05,7.920862769309404e-06,0.6274624692437702,100.97389101102199,4.23379612,0.0641927868
43,8.395778929666322e-06,1.6295434015815775e-05,8.395778929666322e-06,0.6412852580825358,101.5484296134799,4.5181365,0.0641949624
44,8.32606146318551e-06,1.6103520345814977e-05,8.32606146318551e-06,0.6455876152189967,102.22506069165445,4.49403811,0.0639420822
43,8.60114718212788e-06,1.6604842540542094e-05,8.60114718212788e-06,0.6554701894009225,102.94891000945289,4.15192652,0.0639638156
46,1.144933870572335e-05,2.380520513366558e-05,1.144933870572335e-05,0.7220567234737552,132.30139073621604,5.0180645,0.0625379756
47,1.07271444513197e-05,2.1835383051432865e-05,1.07271444513197e-05,0.7050774105143942,122.12217005750337,4.93607616,0.0631415918
46,1.1315568729639437e-05,2.3416639311605795e-05,1.1315568729639437e-05,0.7181087962629057,129.22457238782457,4.99944496,0.062397372
46,1.0107213605948181e-05,2.0239077388611846e-05,1.0107213605948181e-05,0.6914879901854161,115.23205521955133,4.58693027,0.0635806248
45,9.462689601804488e-06,1.862576261350337e-05,9.462689601804488e-06,0.6765621517311774,108.9924163098763,4.40093613,0.0633705705
46,1.0199823879764269e-05,2.0287235237548113e-05,1.0199823879764269e-05,0.6913662702030229,112.03628958886382,4.76394606,0.0628917962
45,8.9534205375629e-06,1.7430202281994324e-05,8.9534205375629e-06,0.6673963371725391,106.6295472273803,4.45557594,0.0641271025
46,8.918224853709165e-06,1.732701743791579e-05,8.918224853709165e-06,0.663334734664617,104.6691805113168,4.29162979,0.0632999167
43,3.7661369986795165e-06,7.83736231726247e-06,3.7661369986795165e-06,0.5081835397145086,126.13358101398259,3.08300233,0.0634935051
40,3.6461385400366864e-06,7.292997285677261e-06,3.6461385400366864e-06,0.5051518365265454,115.1580357490767,3.05221534,0.0628417507
40,3.539985664141818e-06,7.117749286363762e-06,3.539985664141818e-06,0.5047756871710755,118.37545032551274,2.91354895,0.0625774562
40,3.5302701772718315e-06,6.9830165375946045e-06,3.5302701772718315e-06,0.49914350432598725,112.43477955413577,3.10012698,0.0633564442
39,3.893154859200204e-06,7.778303840315228e-06,3.893154859200204e-06,0.5083986114362777,110.41796255250996,3.34521198,0.0634198785
40,3.4668438533459424e-06,7.0200518880440625e-06,3.4668438533459424e-06,0.5017100445339161,121.22770987602738,3.10329413,0.0627427176
42,3.5902912497444624e-06,7.0606005394903314e-06,3.5902912497444624e-06,0.4969937487232467,109.13238431187973,3.07153988,0.0630714595
42,3.5949725401226497e-06,7.394923537414257e-06,3.5949725401226497e-06,0.5043153396654412,124.27126962475286,3.1347096,0.0630566329
41,3.8141270931753375e-06,7.409525316737093e-06,3.8141270931753375e-06,0.49705180269097665,104.0661360726018,3.1421361,0.063188985
41,3.687473898580551e-06,7.256080299364146e-06,3.687473898580551e-06,0.4961151982782226,106.80366089576322,3.29257274,0.0634530634
40,3.8073158116050422e-06,7.3555355539469335e-06,3.8073158116050422e-06,0.49446349439946935,103.15275226770385,2.97057271,0.0631815419
42,3.650523119103811e-06,7.050654975091494e-06,3.650523119103811e-06,0.4825860144350177,102.63605427501433,2.90832758,0.0632611141
41,3.6544955247533576e-06,7.0630515520168735e-06,3.6544955247533576e-06,0.48644610017388595,103.22270421984811,2.9042213,0.0632387847
43,3.833656383948089e-06,7.3807717617322855e-06,3.833656383948089e-06,0.48735890748993943,102.25307432632175,2.99783301,0.0633039773
43,4.003801815288705e-06,7.84622396474266e-06,4.003801815288705e-06,0.48317508946128185,102.19695663769907,3.63598537,0.0631630197
43,4.320524812228193e-06,8.425873795532181e-06,4.320524812228193e-06,0.49381498122310824,102.07685134985375,3.65815806,0.0633095726
43,4.463949289550813e-06,8.63982948297574e-06,4.463949289550813e-06,0.4969626558097124,102.54285944195331,3.31750655,0.063436754
42,4.876382288576707e-06,9.546687736408595e-06,4.876382288576707e-06,0.5084075401980869,102.76908850163736,3.51651192,0.0633746386
43,5.306001388758007e-06,1.041990469291852e-05,5.306001388758007e-06,0.5216080842449035,102.7514929468736,3.99751663,0.0632999688
42,5.575959230989977e-06,1.0908280669167023e-05,5.575959230989977e-06,0.5305369112937784,102.89609634088744,3.86513019,0.0632639751
43,6.050471660829405e-06,1.1928054216825634e-05,6.050471660829405e-06,0.5412845670816726,102.95420991710591,4.07743454,0.0633226931
45,6.9911425633291614e-06,1.3510657860500163e-05,6.9911425633291614e-06,0.5912267452787814,101.34325813662196,3.94079566,0.063755475
43,6.892976610223097e-06,1.3363945267922441e-05,6.892976610223097e-06,0.5798714136470912,101.90015849227318,4.06990099,0.0633989275
42,6.814643318252953e-06,1.3259583963435879e-05,6.814643318252953e-06,0.5813777861619039,101.57805759649762,4.18050051,0.0631553531
43,6.186488300656131e-06,1.204584315127062e-05,6.186488300656131e-06,0.5508282792997665,102.70652711968896,3.92573547,0.0635638833
43,6.141536645059699e-06,1.1899611396346391e-05,6.141536645059699e-06,0.5516371598335652,102.95542320473537,3.66960907,0.0632550642
41,6.564113041127031e-06,1.2754684238367578e-05,6.564113041127031e-06,0.5648394982183916,102.2556869375037,3.96863651,0.0633923486
52,1.0089121145310603e-05,2.3572152672850637e-05,1.0089121145310603e-05,0.7243391796973637,214.052376630365,4.54844427,0.061968796
50,1.0522304499928919e-05,2.4801393499392957e-05,1.0522304499928919e-05,0.7379028699845502,223.60013881716478,4.49636555,0.061785344
49,9.294404706471509e-06,2.13978296283492e-05,9.294404706471509e-06,0.7142390029674811,208.85853355463695,4.60470152,0.0619382523
50,9.685992792343974e-06,2.25446476729806e-05,9.685992792343974e-06,0.7218326887136758,216.29228448987,4.28980303,0.0620539039
48,1.1103972663167825e-05,2.4339291884732383e-05,1.1103972663167825e-05,0.730587353412663,165.86861024158677,4.71355104,0.0618941076
51,1.1408023602260847e-05,2.5328060130158125e-05,1.1408023602260847e-05,0.7353023042683544,172.01301236798426,4.91376829,0.0617556907
49,1.179423195379866e-05,2.6576698020205467e-05,1.179423195379866e-05,0.7458949506359048,182.66258278550328,4.72981215,0.0618317798
51,1.122835019845202e-05,2.5497278763214162e-05,1.122835019845202e-05,0.7420360324411293,192.79163643013155,4.60551071,0.062030986
52,1.1571287516246735e-05,2.6438908216709047e-05,1.1571287516246735e-05,0.7523427298648991,195.43012965725347,4.89784288,0.0619906448
50,1.1608180929647483e-05,2.6645441030049005e-05,1.1608180929647483e-05,0.7566347325690193,201.53525891101597,4.66805029,0.0619432628
50,1.1393088318366627e-05,2.6518295166374418e-05,1.1393088318366627e-05,0.7545253153329483,211.31373807473233,4.89620781,0.0619695559
52,1.1157612604042374e-05,2.656743976349244e-05,1.1157612604042374e-05,0.7521547654137957,233.77614483876965,4.76723576,0.062042214
48,1.1448347904113341e-05,2.4527928257275916e-05,1.1448347904113341e-05,0.7284676613680854,149.04432251356727,4.8667388,0.0623790324
49,1.2696992869379932e-05,2.7376760039975424e-05,1.2696992869379932e-05,0.747374079213003,149.86290405192102,5.11428404,0.0620698482
48,1.1714011018770438e-05,2.4979931964607943e-05,1.1714011018770438e-05,0.7278180226524397,143.73438024817062,5.088305,0.0621049292
44,1.1119943999469084e-05,2.331340563713718e-05,1.1119943999469084e-05,0.7165416839865202,137.81730511343662,5.0205307,0.0624374971
50,1.1616226255516023e-05,2.544398523686802e-05,1.1616226255516023e-05,0.7368433302379803,163.96232160742915,4.54952955,0.0619186386
48,1.2424189729119454e-05,2.701696961608832e-05,1.2424189729119454e-05,0.7492182898361431,157.1901546968779,4.66305161,0.0620389283
53,1.7477688085408396e-05,4.007783249154483e-05,1.7477688085408396e-05,0.8559429899276095,215.65664383508852,5.10012484,0.0621219724
54,1.732096359400146e-05,3.953947794720005e-05,1.732096359400146e-05,0.8548605351257197,212.64980512659326,5.18110609,0.062311966
54,1.444701926438394e-05,3.502459044118179e-05,1.444701926438394e-05,0.8258498893811197,254.48225726041386,6.047472,0.0622050725
54,1.3765376417145435e-05,3.376951884044481e-05,1.3765376417145435e-05,0.8145866502936825,259.48233890633253,6.07997465,0.0621814691
56,1.613836215919386e-05,3.806085649033964e-05,1.613836215919386e-05,0.8636788166740709,248.04281743524203,5.71962357,0.0620444082
58,1.528640206409481e-05,3.715603215317748e-05,1.528640206409481e-05,0.84768902644639,258.63332939014737,6.20474052,0.0622018464
56,1.697295745901027e-05,3.986236462304396e-05,1.697295745901027e-05,0.8813711564531916,245.05137864985525,5.89620829,0.0622863211
54,1.9560206469768138e-05,4.5397003069377075e-05,1.9560206469768138e-05,0.9215408732554632,240.34884384776896,6.03263235,0.0623911135
57,1.956462905641206e-05,4.4965780040818485e-05,1.956462905641206e-05,0.908570158478857,229.15044422085177,5.58421612,0.0623167232
55,1.8652135875216315e-05,4.289114903526539e-05,1.8652135875216315e-05,0.8851463340772406,225.1187520081085,5.27262735,0.0622128956
53,1.0375528944574201e-05,2.4826800369476213e-05,1.0375528944574201e-05,0.7405743314049724,243.41791377545636,4.93526602,0.0621453822
52,1.212155993407904e-05,2.9617769880701167e-05,1.212155993407904e-05,0.7766994162743898,258.3787353293079,5.05122423,0.0621314272
53,1.1186817830776018e-05,2.7200785981420936e-05,1.1186817830776018e-05,0.7576464107645071,256.36805555242404,4.93801403,0.0620866604
52,1.1470407689150028e-05,2.7754075793921255e-05,1.1470407689150028e-05,0.7629726405772802,250.9414274210966,4.95042324,0.062128365
53,1.2716780698821877e-05,3.136135065980679e-05,1.2716780698821877e-05,0.7908329287217998,265.11650319094,5.54981375,0.0621485412
54,1.1594061093059867e-05,2.8576374659566597e-05,1.1594061093059867e-05,0.7725319203113814,270.35255088572643,5.40251589,0.0622096136
54,1.2364888736363557e-05,3.053710082717909e-05,1.2364888736363557e-05,0.7857518778455581,272.0294938048674,5.11845732,0.0619808249
51,1.668690046644115e-05,3.803276979883658e-05,1.668690046644115e-05,0.8483477738288031,212.89090199369906,5.00893497,0.0623574592
53,1.557875891678634e-05,3.553440582286915e-05,1.557875891678634e-05,0.8303496316753824,211.9635751089873,4.9607048,0.0621723942
50,9.533770255234696e-06,2.141387809806617e-05,9.533770255234696e-06,0.6957057740344826,191.58950606788133,4.4327879,0.0622435063
50,8.203000169515658e-06,1.8400870132841844e-05,8.203000169515658e-06,0.6632331438424456,188.7699556059313,4.13945627,0.0622749254
52,6.582975274754992e-06,1.479738683325773e-05,6.582975274754992e-06,0.6180480109817111,182.0668630969865,4.42199135,0.0622698255
49,4.955807007644878e-06,1.0993702228228069e-05,4.955807007644878e-06,0.5690322577726386,175.72656722831235,3.92217278,0.0621947795
48,4.551915022633027e-06,1.018886648456514e-05,4.551915022633027e-06,0.5516979059668182,169.79807104294136,4.20820141,0.0624636337
48,4.472150377681716e-06,9.95400277416732e-06,4.472150377681716e-06,0.5440047409796214,165.14195747553995,4.02310658,0.062282782
48,4.007413296807155e-06,8.742260454526817e-06,4.007413296807155e-06,0.5306078886377938,160.59158021949904,3.54415035,0.0626754463
49,1.328300222260659e-05,3.0069388409586306e-05,1.328300222260659e-05,0.7819519673318842,203.23260456713453,4.67751741,0.0624843165
52,1.1919302981368034e-05,2.7095201359296472e-05,1.1919302981368034e-05,0.7469566811343564,199.47282429169272,4.85007429,0.0624484569
54,1.4280744106438867e-05,3.2550146174748275e-05,1.4280744106438867e-05,0.8054645212743978,209.12325770998473,4.84847212,0.0622929558
46,3.7541719851187416e-06,8.240501374026276e-06,3.7541719851187416e-06,0.5162346792212011,155.82591511509597,3.58981228,0.0624637231
46,3.848800621487975e-06,8.45317479999067e-06,3.848800621487975e-06,0.5167978517099237,153.19735579589096,3.45884061,0.062217705
45,3.888588704158337e-06,8.505259161227759e-06,3.888588704158337e-06,0.517846811869089,150.35884709223427,3.45950747,0.0623413883
43,4.332030233508488e-06,9.315653659041728e-06,4.332030233508488e-06,0.5208680861437851,130.46940466149346,3.42155409,0.0629386753
43,5.832790845254414e-06,1.323277734582973e-05,5.832790845254414e-06,0.5453009581522341,135.87980166818048,3.90459347,0.0627381057
44,5.38482391334311e-06,1.2276673720663956e-05,5.38482391334311e-06,0.5347392654979802,139.06513369347522,3.89163995,0.0627951175
43,4.810761037182017e-06,1.0895349689697588e-05,4.810761037182017e-06,0.5263306891834342,142.87889357270763,3.74763298,0.0625049248
45,4.202648680530575e-06,9.359403268388048e-06,4.202648680530575e-06,0.5162506946743569,146.3794069272198,3.43993855,0.062223386
44,5.242751767280286e-06,1.169872752140756e-05,5.242751767280286e-06,0.5351277644445843,134.18624054844395,3.75973129,0.0624930002
43,7.853021354744368e-06,1.5206770660052404e-05,7.853021354744368e-06,0.6197873487039203,101.15139052293867,4.34948206,0.0639560819
43,6.9689828569386855e-06,1.3476201787323747e-05,6.9689828569386855e-06,0.5936311026161725,101.1873498821173,4.25770569,0.0632372797
46,8.098339633442424e-06,1.565345686588802e-05,8.098339633442424e-06,0.634131574671367,101.51302978077788,4.27385664,0.0639562011
43,8.417151368786093e-06,1.6328519342138972e-05,8.417151368786093e-06,0.6422707364315676,101.58789416269963,4.4522233,0.0642140955
46,8.426777748533065e-06,1.628285306180533e-05,8.426777748533065e-06,0.6472197422294359,102.47843700991953,4.31806755,0.0638139471
46,1.0543594123106353e-05,2.1487176915944418e-05,1.0543594123106353e-05,0.6999954144656424,123.27483321276435,4.91646385,0.0631271228
47,1.0321975408987286e-05,2.0885536141448695e-05,1.0321975408987286e-05,0.6956974371941874,117.86534891513203,4.87211466,0.0635409802
47,1.0783893567292255e-05,2.2215605331616033e-05,1.0783893567292255e-05,0.7067767737411479,129.07282006776424,4.75783014,0.0624777004
49,1.0788081056755763e-05,2.246200931152668e-05,1.0788081056755763e-05,0.7078698440823261,132.86111959761843,5.00983047,0.062187016
45,1.0246985391778348e-05,2.056758833346501e-05,1.0246985391778348e-05,0.6910279515407698,114.30965488390842,4.82578754,0.0629009977
44,9.906733928240112e-06,1.9534829411100096e-05,9.906733928240112e-06,0.6840151925415888,108.82562058733237,4.68987894,0.0643945932
43,9.419550184986799e-06,1.8624593039651745e-05,9.419550184986799e-06,0.6754813395121668,111.62339173292675,4.72093487,0.0640363321
43,9.645416423960002e-06,1.887220372032956e-05,9.645416423960002e-06,0.6757028307116063,105.80007398523865,4.50162601,0.064610295
45,8.715255714427042e-06,1.686131010273015e-05,8.715255714427042e-06,0.6577371004232739,104.0628334720123,4.14230061,0.063553229
42,3.936989162430713e-06,8.296285806374574e-06,3.936989162430713e-06,0.5106278512842302,127.92783176247285,3.2978673,0.063381128
38,3.510877960424546e-06,7.092219484925062e-06,3.510877960424546e-06,0.4979435659806381,116.1763760465589,3.25734591,0.0626937822
40,3.506820432820189e-06,7.112668908398948e-06,3.506820432820189e-06,0.5007383340227585,119.59511883916663,3.20001411,0.0625490844
38,3.541118272855361e-06,7.095011730711713e-06,3.541118272855361e-06,0.4957646732683444,112.24678690893639,3.29723859,0.0632557943
40,3.331810645395319e-06,6.673935355804191e-06,3.331810645395319e-06,0.4904645065746865,115.36289748127241,3.03999591,0.0627878755
43,3.5982731647080988e-06,7.435615726158237e-06,3.5982731647080988e-06,0.5022236184177191,125.31524584559838,3.03055048,0.0629978627
37,3.4647066589216636e-06,6.850660596026046e-06,3.4647066589216636e-06,0.4929755261813443,110.04213775209948,3.115165,0.063557595
39,3.593090350555206e-06,7.062530881983149e-06,3.593090350555206e-06,0.4834445266975771,103.72612560868242,3.31477833,0.0634721741
40,3.551239536620344e-06,6.948023967559322e-06,3.551239536620344e-06,0.48795228240459515,105.4496874931942,3.07402349,0.0629732162
39,3.464697284887404e-06,6.843849306995935e-06,3.464697284887404e-06,0.48887627730228006,108.07237092815836,3.10945296,0.0632160828
44,3.5853292883761243e-06,7.031885829464048e-06,3.5853292883761243e-06,0.47290752549313814,102.70261624137291,3.36486745,0.0630513504
42,3.4637293157246686e-06,6.73974133099027e-06,3.4637293157246686e-06,0.47622145536221133,103.04710299731349,3.28936791,0.0632681698
43,3.5956592122787187e-06,6.933253122283818e-06,3.5956592122787187e-06,0.4744497013608871,102.46606244620209,2.75804734,0.0631893203
41,3.92558705799958e-06,7.63000751225895e-06,3.92558705799958e-06,0.4818341583077219,102.23885192579716,3.25144553,0.0631825626
41,4.167572455551469e-06,8.048545245791447e-06,4.167572455551469e-06,0.4878615254562678,102.36215426011071,3.14104986,0.0634543076
41,4.666709784758051e-06,9.130675147001428e-06,4.666709784758051e-06,0.4993380162476182,102.41381213244705,3.68153763,0.0633082166
42,4.9230746981110204e-06,9.607925090729651e-06,4.9230746981110204e-06,0.5078480488444324,102.64258610767479,3.67705321,0.0632352978
42,5.334856829447425e-06,1.0397446599759833e-05,5.334856829447425e-06,0.5213178854272109,102.69071318467466,3.82023215,0.0631368607
41,5.542932506732391e-06,1.0860355315653406e-05,5.542932506732391e-06,0.5248952871529161,103.04307148213118,3.8128798,0.0631839633
44,6.477658434257417e-06,1.2600129866435378e-05,6.477658434257417e-06,0.5651687960825714,102.04156163503464,4.08410168,0.0633676276
42,6.610344399203544e-06,1.2835137643746805e-05,6.610344399203544e-06,0.5757525685970271,101.72171359836612,4.04508734,0.063079223
43,5.91933256332477e-06,1.1521685397497601e-05,5.91933256332477e-06,0.5403484802562002,102.94565783618368,3.76444674,0.0631918982
42,6.237177244849039e-06,1.2223435710426343e-05,6.237177244849039e-06,0.5464601789306798,103.10091208579321,3.9659729,0.0629405454
43,6.273500323028381e-06,1.2283498228493961e-05,6.273500323028381e-06,0.5539118203855692,102.45979702674292,4.05316019,0.0634412318
43,6.126123095748648e-06,1.1946380246345065e-05,6.126123095748648e-06,0.54622792468889,102.93197345643131,3.93432236,0.0628190041
50,1.0150657266568594e-05,2.406851535558411e-05,1.0150657266568594e-05,0.732111439467181,229.16028738875983,4.59921646,0.0619115792
52,1.1311048469978176e-05,2.7079288760314128e-05,1.1311048469978176e-05,0.755132393643728,237.30967499885566,4.87052441,0.0618726648
50,1.0306910024408325e-05,2.4096488867413898e-05,1.0306910024408325e-05,0.7341664492405721,217.18539660494824,4.59685087,0.0619860366
50,1.0421443205520045e-05,2.4578208633745477e-05,1.0421443205520045e-05,0.7432313798189851,229.30598736905608,4.58116484,0.0619713552
49,1.24146643660268e-05,2.7642495120431735e-05,1.24146643660268e-05,0.7532912695749233,171.06389739225068,5.01653481,0.0622517206
49,1.240576514611014e-05,2.7883501657084756e-05,1.240576514611014e-05,0.7549979157014728,179.18293423468353,5.00149536,0.0618649274
51,1.2012425644026242e-05,2.72649752677367e-05,1.2012425644026242e-05,0.7509836648049627,187.80001674383175,4.81228781,0.0617427789
52,1.1377108422378265e-05,2.6161734566721502e-05,1.1377108422378265e-05,0.7470668234261449,201.74042877969651,4.64898825,0.0619145036
51,1.2249070384911526e-05,2.8195396981219297e-05,1.2249070384911526e-05,0.7596245442512688,198.58843100199675,4.93170691,0.0619601086
51,1.1249061150468853e-05,2.616776071064258e-05,1.1249061150468853e-05,0.7502467634034278,211.920528946511,4.78665781,0.0618304834
52,1.2220260925503302e-05,2.8867306795868525e-05,1.2220260925503302e-05,0.7717589086412895,223.93831072430223,4.92905617,0.0621075779
51,1.0475770685229158e-05,2.5139575191276496e-05,1.0475770685229158e-05,0.7449083273110749,244.69652168929608,4.63609076,0.0621023588
45,1.1712351862513234e-05,2.512364768494264e-05,1.1712351862513234e-05,0.7329470452753233,151.26491103096504,4.83727598,0.061921861
49,1.1572630890398028e-05,2.474289099160531e-05,1.1572630890398028e-05,0.7228634516503871,145.20278875385026,5.13042545,0.062296439
46,1.1480593098584282e-05,2.4074880063389785e-05,1.1480593098584282e-05,0.7211643510104682,136.9348117062972,4.54337072,0.0624509007
48,1.2181709749608927e-05,2.668983312035243e-05,1.2181709749608927e-05,0.7433766418311121,163.0190155054316,5.15495539,0.0622255169
48,1.1755055285311619e-05,2.5593458483822936e-05,1.1755055285311619e-05,0.7317852846090729,156.8836872209985,4.78620434,0.062030416
55,1.8054055676886435e-05,4.1321392968865937e-05,1.8054055676886435e-05,0.8769971491304163,221.23183011932747,5.1760807,0.0622871518
53,1.699477099410289e-05,3.8784467994107246e-05,1.699477099410289e-05,0.8600277406601228,218.28799140016042,4.95109987,0.0622194186
57,1.4991202606662768e-05,3.683800150694866e-05,1.4991202606662768e-05,0.8384321288412617,263.4017239503866,6.2634697,0.0623290762
52,1.4624001075474112e-05,3.620135585499913e-05,1.4624001075474112e-05,0.8298233370317649,267.0256207872219,6.25928354,0.0622658208
58,1.6096090570932332e-05,3.850853317537065e-05,1.6096090570932332e-05,0.8670413116215617,257.3394127880635,6.17350864,0.0620539039
56,1.481156119311105e-05,3.672595798054284e-05,1.481156119311105e-05,0.839445612156042,269.09657761987734,6.41076803,0.0622299425
57,1.88872832934322e-05,4.4360739905060176e-05,1.88872832934322e-05,0.9226302158922345,252.26592365528262,6.30514622,0.0623032302
55,2.0356780522076245e-05,4.719460224511366e-05,2.0356780522076245e-05,0.9376856671949998,241.17928658938388,6.09193754,0.0623622723
55,2.0041903338650596e-05,4.621335362594889e-05,2.0041903338650596e-05,0.924012529053186,233.88587094678502,5.89284039,0.0621737018
57,2.0320496926221558e-05,4.670984814902732e-05,2.0320496926221558e-05,0.9288618263821236,231.08626820893204,6.17416334,0.0622393042
54,1.0916551596922904e-05,2.6369753640578706e-05,1.0916551596922904e-05,0.7520263264450324,250.99364514307777,4.60793829,0.0620833524
54,1.1545135082663185e-05,2.8320341226008888e-05,1.1545135082663185e-05,0.7679932001155452,266.5440453445299,5.01479387,0.062010631
53,1.102895355672641e-05,2.6969376449688203e-05,1.102895355672641e-05,0.7583487695600005,264.52873819950986,4.82697582,0.0621610619
51,1.1590265984680705e-05,2.8360467596715826e-05,1.1590265984680705e-05,0.7678297680889099,262.69903515970327,4.97741699,0.062102288
52,1.3166933916816568e-05,3.263852675142263e-05,1.3166933916816568e-05,0.8045963986780582,274.02293070659385,5.7382822,0.0622007251
52,1.2098216190664217e-05,3.0007049752302588e-05,1.2098216190664217e-05,0.781280925249407,274.72504465345133,5.35289717,0.062088307
54,1.2389248619668285e-05,3.098379208367817e-05,1.2389248619668285e-05,0.7906323563122087,281.7506767940668,5.56361341,0.0622402579
54,1.211101656352777e-05,2.999790593071218e-05,1.211101656352777e-05,0.7825868233463505,276.934162812907,5.0475421,0.0619744323
55,1.254736154142115e-05,3.1308682602530644e-05,1.254736154142115e-05,0.7926216991621401,283.37203060041514,5.25089884,0.0622293279
53,1.7272741791620394e-05,3.939046474961841e-05,1.7272741791620394e-05,0.8696496968116062,219.9894896267795,5.2944746,0.0622483641
53,1.6013972499436558e-05,3.649259919197899e-05,1.6013972499436558e-05,0.8446594432962655,216.45857665464848,5.10157537,0.0624018162
53,1.000366865925628e-05,2.2727788936314753e-05,1.000366865925628e-05,0.7045772435212588,194.82528308881288,4.72144222,0.062261764
52,7.76755029710085e-06,1.7533590814770564e-05,7.76755029710085e-06,0.6503961692520454,188.647725798772,4.22147799,0.0622955151
52,1.0258077209003868e-05,2.3429411238570112e-05,1.0258077209003868e-05,0.7077249227560163,196.69782635684115,4.59733963,0.0623947456
52,6.322624960565968e-06,1.4349200133570094e-05,6.322624960565968e-06,0.608957877237295,183.18974199583002,4.64281082,0.0621971078
47,5.377132690695957e-06,1.206553785022803e-05,5.377132690695957e-06,0.5846425019635774,180.00979528605836,4.01787567,0.0620753728
48,4.351110953325613e-06,9.650859189016497e-06,4.351110953325613e-06,0.5508063584743784,174.82291755373535,3.99045086,0.0622801632
48,4.280586552243899e-06,9.454011441298023e-06,4.280586552243899e-06,0.5490418688937436,173.2809764721126,3.68372869,0.0622228831
47,4.372556708514497e-06,9.78178623514806e-06,4.372556708514497e-06,0.5430251539829278,168.05949636708095,4.14677382,0.0621369779
48,4.126552500003136e-06,9.150460939096925e-06,4.126552500003136e-06,0.5314495737580376,162.18197297000128,3.84780312,0.0627743453
51,1.3354267456453397e-05,3.0324732008469593e-05,1.3354267456453397e-05,0.7862931641741995,206.0853981828531,4.74893141,0.0623141304
53,1.4669154163743498e-05,3.337858802330941e-05,1.4669154163743498e-05,0.8194348658831031,212.54813090661824,4.90414906,0.062322557
51,1.2103699101498082e-05,2.7488074616727044e-05,1.2103699101498082e-05,0.7542699337690258,201.0604605620721,4.79847193,0.0624381602
50,1.549985557598161e-05,3.533621352466516e-05,1.549985557598161e-05,0.8366259831819403,215.0828686338327,5.0847249,0.0624685436
47,3.4581704103302075e-06,7.552027887077687e-06,3.4581704103302075e-06,0.5080887823491399,156.82334193068078,3.44907546,0.0624077879
45,3.677784547940021e-06,8.020616407370714e-06,3.677784547940021e-06,0.508069686853352,150.0020009394763,3.35131431,0.0623732582
45,3.262190541435209e-06,7.059191504889447e-06,3.262190541435209e-06,0.5011759336304312,153.89061188919388,3.39000034,0.0623523109
41,4.574216588247681e-06,9.963017548293232e-06,4.574216588247681e-06,0.5237117163499989,132.39263485259656,3.46929145,0.0628956407
43,5.566570370738517e-06,1.2641499652774943e-05,5.566570370738517e-06,0.5388928044970653,137.16518743465153,3.88720679,0.0626294613
44,5.3194543979276825e-06,1.2148065393392632e-05,5.3194543979276825e-06,0.5334319261505154,140.7813465560301,3.85388541,0.0627554432
43,4.806731341957152e-06,1.0885715802255432e-05,4.806731341957152e-06,0.5270644254297763,142.40193790528144,3.7284255,0.0623910017
45,4.061621139072475e-06,9.023094693166546e-06,4.061621139072475e-06,0.5136763336106367,146.57394808833132,3.42996788,0.0622983985
46,7.2128860003568745e-06,1.385075182965529e-05,7.2128860003568745e-06,0.6045285501145209,101.01458429254038,4.00726271,0.0635568127
46,7.652161017521032e-06,1.4786877248910482e-05,7.652161017521032e-06,0.6214220997677482,101.3297652769746,4.33344936,0.0639150739
44,6.738594550074324e-06,1.3017530712054385e-05,6.738594550074324e-06,0.5864269591276233,101.58468197714505,4.01249504,0.0629283115
46,7.689199130162853e-06,1.4797031978334386e-05,7.689199130162853e-06,0.6262162003463014,101.5030069676236,4.13761044,0.0638764426
44,7.803875454086726e-06,1.5022137032373614e-05,7.803875454086726e-06,0.6311173510531979,101.67599194980505,4.20508623,0.0634159967
42,8.428693460966631e-06,1.6294934920161227e-05,8.428693460966631e-06,0.6497402563543418,103.17280004510846,4.27746725,0.0637622699
46,1.0966040820035423e-05,2.2473917045350366e-05,1.0966040820035423e-05,0.706159996829927,125.33749425570636,4.88837624,0.0630293638
47,1.0100946880361272e-05,2.0362994642058934e-05,1.0100946880361272e-05,0.6899330657755244,118.59189925839011,4.64729071,0.0632674098
49,1.4144005033569768e-05,2.9101114182629167e-05,1.4144005033569768e-05,0.7592383880513645,130.1819071368552,4.66046238,0.0622810051
47,1.1127675231054073e-05,2.3369408509270257e-05,1.1127675231054073e-05,0.7146763855125762,137.91850050635526,4.90835524,0.0622097552
50,1.4080662724037348e-05,2.935248729300164e-05,1.4080662724037348e-05,0.7605748419205102,136.29817269635905,4.75049019,0.0620763563
44,9.67110180798e-06,1.9259880032548634e-05,9.67110180798e-06,0.6806469513364579,114.3538872222639,4.83868599,0.0635580868
44,9.321827095126267e-06,1.835015495348789e-05,9.321827095126267e-06,0.6711810455498306,108.85494042497322,4.53952885,0.06413012
44,1.0209705398418972e-05,2.020285290028955e-05,1.0209705398418972e-05,0.6881777271408196,111.79823953616246,4.46082354,0.0635254532
44,9.049798486642053e-06,1.7630410646658962e-05,9.049798486642053e-06,0.6634613879944437,104.8015654059285,4.58364248,0.0647075996
44,9.022308118409545e-06,1.772145594519098e-05,9.022308118409545e-06,0.6607027549094481,105.9100137171385,4.68340206,0.0642385036
42,4.142997155029947e-06,8.879324746750745e-06,4.142997155029947e-06,0.5138908759411397,129.5740965305751,3.2848444,0.0629855543
41,3.375644357418043e-06,6.8258509146817495e-06,3.375644357418043e-06,0.49409751962164394,119.50632157755129,2.95829511,0.0625298694
41,3.46143896260445e-06,7.103488664466787e-06,3.46143896260445e-06,0.49818045930080596,122.86196810851595,3.0514586,0.0626477376
40,3.247988407996241e-06,6.462929866771409e-06,3.247988407996241e-06,0.4846477716545534,113.43207035275104,2.82476163,0.0632322431
39,3.517056185922557e-06,7.1380721249323965e-06,3.517056185922557e-06,0.4937687796329966,116.10691800194533,2.83541536,0.0627982542
40,3.627542382105343e-06,7.439747839319061e-06,3.627542382105343e-06,0.49687760659804364,118.65206974391384,3.04468918,0.0626693815
41,3.7375221894961205e-06,7.805135976935057e-06,3.7375221894961205e-06,0.5046533075219429,126.02489055338903,2.9544673,0.0628680289
40,3.297219264505492e-06,6.5441473801381385e-06,3.297219264505492e-06,0.48456386315145805,111.0782219264154,2.72019386,0.0634166002
42,3.2372069753489264e-06,6.303969738600275e-06,3.2372069753489264e-06,0.47366967408451005,104.71668338760115,2.99615359,0.0631589144
42,3.203987111498911e-06,6.2799268496233604e-06,3.203987111498911e-06,0.4728913862264297,105.8533615601857,2.90628886,0.0628963485
39,3.220788621402211e-06,6.290967393508727e-06,3.220788621402211e-06,0.47824206989111656,106.9041455433096,2.91783094,0.0632742196
40,3.246745106226034e-06,6.406696905199252e-06,3.246745106226034e-06,0.48017518938209264,109.35995475869889,2.67346644,0.0631777272
43,3.484596152178381e-06,6.7666214629005695e-06,3.484596152178381e-06,0.4691392706393913,102.7380696209508,2.84113097,0.0626238436
44,3.183073071564845e-06,6.198377758174451e-06,3.183073071564845e-06,0.45962065127190654,103.32185682150991,2.9173913,0.0629520714
43,3.1863249889580513e-06,6.158821013742763e-06,3.1863249889580513e-06,0.4683716364074597,103.75825828012027,2.98812723,0.0633518696
43,3.858758212823742e-06,7.559766816577228e-06,3.858758212823742e-06,0.4764768083502404,102.54450525426567,3.41801357,0.0631495267
42,3.863022673071079e-06,7.4523067227303646e-06,3.863022673071079e-06,0.4775948657860997,102.70656001706762,3.05267859,0.0629942417
41,4.254399399924121e-06,8.234981802381668e-06,4.254399399924121e-06,0.4866016742133104,102.33880870553939,3.12872362,0.0632787347
42,4.695939416031034e-06,9.185622844340395e-06,4.695939416031034e-06,0.49628529868374366,102.54803455884674,3.73265076,0.0631068572
40,5.242115725793293e-06,1.0307166735688761e-05,5.242115725793293e-06,0.5124411812207859,102.68933184240738,3.91416788,0.0629587844
41,5.627463161278246e-06,1.1084654538688143e-05,5.627463161278246e-06,0.5245877767371968,102.86842719193027,4.01502419,0.0630604997
41,5.95209098025813e-06,1.1603680612657005e-05,5.95209098025813e-06,0.5373507141429615,102.97384473305628,3.74950027,0.0630380437
44,6.254130750646529e-06,1.2180020614274653e-05,6.254130750646529e-06,0.554232800409269,102.04246223716446,3.97199726,0.0638036579
41,6.435295533361874e-06,1.2448185350601917e-05,6.435295533361874e-06,0.5685238915824469,101.61945992607063,3.95444298,0.0631411746
43,6.458706253532404e-06,1.241851806058008e-05,6.458706253532404e-06,0.5764530086023706,101.82805051272652,3.59250903,0.063086763
41,5.6078607976402215e-06,1.092545310862473e-05,5.6078607976402215e-06,0.5266363985582125,102.87507371774332,3.87211943,0.0630292967
43,5.8860014108552075e-06,1.1489220466018583e-05,5.8860014108552075e-06,0.5356600435695116,102.81109149101968,3.76755691,0.0627364293
42,5.797898302936733e-06,1.1290418778467721e-05,5.797898302936733e-06,0.5405445294218495,102.42451986172492,3.98079109,0.0630778223
50,1.0230330617241223e-05,2.447774462819768e-05,1.0230330617241223e-05,0.7377652377539754,238.1074188173314,5.03673458,0.0619140901
50,1.1108078181038476e-05,2.6930470343073806e-05,1.1108078181038476e-05,0.7559799090534047,248.69782905241837,5.14412546,0.0619515777
50,1.0503178485550762e-05,2.491959821795247e-05,1.0503178485550762e-05,0.7419685207288793,230.4587117103425,4.84900093,0.0620299056
48,9.630237018896417e-06,2.2936977810211552e-05,9.630237018896417e-06,0.727855616599488,240.74431440008652,4.361166,0.0620034412
48,1.2082928227291365e-05,2.6870308909155717e-05,1.2082928227291365e-05,0.744406780211066,170.73170283876556,5.29111385,0.0618796498
49,1.2195004198171271e-05,2.7704768675782196e-05,1.2195004198171271e-05,0.7571602125108635,190.42341183494796,4.93620634,0.0618054643
49,1.2169552089983363e-05,2.72187118723405e-05,1.2169552089983363e-05,0.750523222732024,179.36786386174415,4.97540188,0.0618599318
50,1.2225102180579887e-05,2.8080809000094612e-05,1.2225102180579887e-05,0.7590763791526066,198.37927834853926,5.08007336,0.0620179139
53,1.2317517594538328e-05,2.8674421760293658e-05,1.2317517594538328e-05,0.766098360665456,209.49754741115555,4.87428617,0.0618566722
51,1.2540717624872251e-05,2.9312353802699845e-05,1.2540717624872251e-05,0.7692500127368469,210.3490110056753,5.27545309,0.0620743781
50,1.1429551515202009e-05,2.6848469116875504e-05,1.1429551515202009e-05,0.7573624181869931,220.52893539294035,4.67899179,0.062028721
49,1.1298502831765762e-05,2.672981606667644e-05,1.1298502831765762e-05,0.7578964810302028,229.20752811185196,4.67710733,0.0622311011
48,1.2272856401424535e-05,2.9296766014618776e-05,1.2272856401424535e-05,0.7795991036418356,236.54707874509367,4.8696003,0.0621236935
53,1.1644126910151303e-05,2.851060658517724e-05,1.1644126910151303e-05,0.771223812391954,262.17513654831595,5.05964088,0.0619128831
50,1.1896622953897073e-05,2.5709282303239457e-05,1.1896622953897073e-05,0.7329845689158903,154.09391798569794,4.83482313,0.0622147545
48,1.205509806524156e-05,2.544378062703372e-05,1.205509806524156e-05,0.7330864435094419,143.7816546047051,4.78585339,0.0625329241
45,1.1770223784424742e-05,2.578036243144915e-05,1.1770223784424742e-05,0.7350892798004013,162.91993617101326,4.7757926,0.0621110499
51,1.2227112693531807e-05,2.645352729098003e-05,1.2227112693531807e-05,0.7426709175479904,159.5727995134978,4.7791543,0.0620586872
56,1.9524616846095512e-05,4.46869320560464e-05,1.9524616846095512e-05,0.911808531401712,226.81470192731845,5.94561052,0.0622929744
55,1.4971840550088142e-05,3.728415500428693e-05,1.4971840550088142e-05,0.8401429683442919,272.4064890840159,6.42994261,0.062291842
56,1.4385966781318758e-05,3.57563225052051e-05,1.4385966781318758e-05,0.833620970942577,277.71355325619504,6.20203543,0.062351279
60,1.595004883576207e-05,3.8964680084738574e-05,1.595004883576207e-05,0.8674615396894169,264.369322014559,6.64242506,0.0622681975
59,1.5743620736654618e-05,3.907290568462188e-05,1.5743620736654618e-05,0.8602989178337106,270.22969082145795,6.38484335,0.0622385591
57,1.562783096637471e-05,3.9013927871517204e-05,1.562783096637471e-05,0.8618928575364855,280.95671040039036,6.38870525,0.0622354001
59,1.7458593085476216e-05,4.174602157605685e-05,1.7458593085476216e-05,0.9039908104778085,259.7171637716474,6.42870855,0.0622770488
59,2.0292948460671907e-05,4.772203173219373e-05,2.0292948460671907e-05,0.9478653649820779,253.1434683559276,6.53771544,0.0622153208
57,2.098422395936968e-05,4.87941748964925e-05,2.098422395936968e-05,0.952356599244898,245.29710197336954,6.50476646,0.0621524453
58,2.120136619932294e-05,4.9133989382304205e-05,2.120136619932294e-05,0.9521157187356538,240.47575713592846,6.57169628,0.0621735901
59,2.1501973505061726e-05,4.957477259759848e-05,2.1501973505061726e-05,0.9617158393108446,239.95570121957772,6.49088526,0.0621996
58,2.0831691635194796e-05,4.800673001267654e-05,2.0831691635194796e-05,0.9461394686271719,235.4988679495435,6.49322414,0.0622805431
57,1.2106130367284189e-05,3.0027513333692477e-05,1.2106130367284189e-05,0.77966602369611,273.99478027217515,4.98009443,0.0619853772
55,1.1573382061860257e-05,2.8650387296855097e-05,1.1573382061860257e-05,0.7730079917059934,277.8074402759772,4.9016366,0.0620883219
52,1.1751857329032531e-05,2.8983468354431135e-05,1.1751857329032531e-05,0.7748099452711644,272.0304013753322,4.76385212,0.061966382
57,1.3322599810512873e-05,3.3300529102591746e-05,1.3322599810512873e-05,0.809694651356281,285.32955762408864,5.77927589,0.0623095892
55,1.2495723437083716e-05,3.149335932797189e-05,1.2495723437083716e-05,0.7954219886127201,292.38877238176667,5.50743055,0.0622666031
54,1.1948391659147158e-05,2.9848428417732818e-05,1.1948391659147158e-05,0.7807466513288359,283.7521037715279,5.16468859,0.0620793328
54,1.235984552182777e-05,3.089429298200146e-05,1.235984552182777e-05,0.7937940478406288,289.5483217926592,4.97225189,0.0622258224
57,1.3034503700154861e-05,3.283125911479218e-05,1.3034503700154861e-05,0.8037297096524516,294.8036084876039,5.31871796,0.0622022972
57,1.8747716237307326e-05,4.283897475356045e-05,1.8747716237307326e-05,0.9042366788545234,225.5320212015324,5.94563103,0.0622270219
53,1.6981914238017765e-05,3.866524988963481e-05,1.6981914238017765e-05,0.8728891343588177,221.25346796601107,5.58567619,0.0623942167
51,1.246552375797601e-05,2.839790019041002e-05,1.246552375797601e-05,0.7652529286429284,203.49240575130187,5.00673723,0.062599346
52,9.053903279459774e-06,2.0425101266419148e-05,9.053903279459774e-06,0.6865344362614462,194.12030640145954,4.2018919,0.0622426979
53,1.1556111489045847e-05,2.6617757187011034e-05,1.1556111489045847e-05,0.7383063608127811,201.13260628865004,4.88536072,0.0625886992
50,7.581737340719189e-06,1.7238567562426344e-05,7.581737340719189e-06,0.6439227206528556,188.50839716876368,4.4998517,0.0623374954
51,6.280012545643451e-06,1.4493838066034272e-05,6.280012545643451e-06,0.6063771532659363,185.13369500892998,4.6565938,0.0621778369
50,4.569363639288829e-06,1.0490107019981223e-05,4.569363639288829e-06,0.5535392248611097,179.8453984296244,4.25858688,0.0621289015
50,3.742594918530595e-06,8.29086639181074e-06,3.742594918530595e-06,0.5302666153857856,174.8058515206283,3.72443485,0.0623860247
48,3.8129626809715043e-06,8.481028644964546e-06,3.8129626809715043e-06,0.5296354251101685,170.51558454563403,4.05255985,0.0622893237
47,4.14682961085553e-06,9.20031550002632e-06,4.14682961085553e-06,0.5389741579528252,167.14464891320802,3.8499105,0.0621690452
45,3.5006324917838407e-06,7.719360471803616e-06,3.5006324917838407e-06,0.5122836447030783,161.61146633966322,3.74505782,0.0624370351
53,1.3503745315802206e-05,3.092520909095008e-05,1.3503745315802206e-05,0.7908385524112882,209.07503556949385,5.04607773,0.062247429
57,1.5509091315591475e-05,3.5488330433630846e-05,1.5509091315591475e-05,0.8449979349924076,219.6505382918969,5.50040388,0.0624448545
54,1.4832919847320375e-05,3.387861397821245e-05,1.4832919847320375e-05,0.8253586632316585,214.99653538091675,5.06479883,0.0623620674
45,3.151598249874982e-06,6.8397502147006015e-06,3.151598249874982e-06,0.4993743783046608,158.45892089753553,3.54971027,0.0622257292
46,3.32167411108783e-06,7.281067259278289e-06,3.32167411108783e-06,0.49529296942458056,151.50828434641085,3.35989594,0.0622880645
47,3.021952552864482e-06,6.542583874808967e-06,3.021952552864482e-06,0.491554902908894,156.43668122601355,3.23625827,0.0621255413
42,5.1745277946861865e-06,1.1607868133820393e-05,5.1745277946861865e-06,0.5308071354981524,135.70147753069904,3.84100914,0.062487103
42,4.757195735490973e-06,1.0562853072196846e-05,4.757195735490973e-06,0.5228075426831303,133.6046907082527,3.61506009,0.0625248849
43,5.366861816030689e-06,1.2246954332620615e-05,5.366861816030689e-06,0.537410302072183,140.52255918307557,3.85190058,0.0625339523
42,4.578552661391734e-06,1.0324068464196045e-05,4.578552661391734e-06,0.522784038370478,144.45758497540953,3.66053653,0.0622494966
46,3.4191894219033935e-06,7.4747948441533565e-06,3.4191894219033935e-06,0.49965711127610546,150.87155375873073,3.33677292,0.0622647703
46,3.6551398768395305e-06,8.060608782262197e-06,3.6551398768395305e-06,0.5040779735156162,148.29687903874733,3.25778031,0.0624786876
45,7.061502608050687e-06,1.358797403210079e-05,7.061502608050687e-06,0.6000165178543696,101.35698851769229,3.75965858,0.0631629825
45,7.2358434839671e-06,1.3924633191014452e-05,7.2358434839671e-06,0.6101762179120115,101.35445052452488,4.28430605,0.0630557165
45,7.4589276592999635e-06,1.4271949502038707e-05,7.4589276592999635e-06,0.6219159522144014,101.73841150550643,3.85878181,0.0633292496
45,6.7664001856838235e-06,1.3071890868235629e-05,6.7664001856838235e-06,0.5879026818623087,101.29938447104668,4.06424379,0.0633118302
42,7.985458630675306e-06,1.5365692171108613e-05,7.985458630675306e-06,0.633800472812763,101.56999683970488,4.19407558,0.0636735111
41,8.551247758639024e-06,1.656522626434335e-05,8.551247758639024e-06,0.6484100432575074,102.86631543568043,4.56456089,0.0638674796
45,8.429739120521037e-06,1.6434009566348367e-05,8.429739120521037e-06,0.6495962872109601,104.73448071774119,4.47428513,0.0638143942
50,1.1289230484730151e-05,2.2852450492873607e-05,1.1289230484730151e-05,0.7105610851580453,122.01555434997535,4.67437983,0.0630073026
48,1.1749722281215639e-05,2.3608128880645575e-05,1.1749722281215639e-05,0.7155440812818159,117.84746022515787,4.72802925,0.0634474307
48,1.6597172241578656e-05,3.464821018909389e-05,1.6597172241578656e-05,0.7836526970490169,128.23837912992565,5.01276875,0.0625981987
49,1.7396529137178217e-05,3.6746876583128794e-05,1.7396529137178217e-05,0.7984325387335367,135.41828648346373,5.07764721,0.0622063056
51,1.6651352446822443e-05,3.5370532693718334e-05,1.6651352446822443e-05,0.7965850276274488,143.3458141507731,5.06822729,0.062403433
45,1.2223599771929451e-05,2.438736183756623e-05,1.2223599771929451e-05,0.7218276041322823,113.90884982144112,4.62127256,0.0638444424
45,1.0380035414835045e-05,2.043036993183872e-05,1.0380035414835045e-05,0.6898520715713388,108.91885130942526,4.23755932,0.0635192841
44,1.3727237296617144e-05,2.762171616609668e-05,1.3727237296617144e-05,0.7375468096893536,111.50072999036334,4.74670696,0.0634280667
44,8.70031351619884e-06,1.692215686700639e-05,8.70031351619884e-06,0.657191735677397,105.7817239612051,4.29179716,0.0638041273
42,4.387459210165648e-06,9.517324825126617e-06,4.387459210165648e-06,0.5158147853547035,129.98819023936375,3.37936091,0.0625638142
41,3.71465752983494e-06,7.726119650893956e-06,3.71465752983494e-06,0.501929712531942,123.39245729020172,3.15415072,0.0622647144
42,4.102215764836738e-06,8.665255674578877e-06,4.102215764836738e-06,0.5073794304695471,122.3459948765936,3.25207543,0.0624201223
44,4.214471965074638e-06,9.029827617367096e-06,4.214471965074638e-06,0.5114173202390466,127.22613540729554,3.29218721,0.0623955838
41,4.242713446251188e-06,8.972945036576912e-06,4.242713446251188e-06,0.5021018921029267,116.30211022379298,3.26085615,0.0629987791
39,4.138830911132437e-06,8.653623341973118e-06,4.138830911132437e-06,0.5009294498266236,113.94933419166223,3.15383482,0.0626420602
40,4.444284989985888e-06,9.499638770777627e-06,4.444284989985888e-06,0.5094750026770093,118.86565299723355,3.3724947,0.0627926737
39,3.59016719037466e-06,7.2854997840454645e-06,3.59016719037466e-06,0.48772496019065587,111.23236748047344,2.89273882,0.0628259927
43,3.1684344900255473e-06,6.182220635918167e-06,3.1684344900255473e-06,0.4690013633620782,105.10532696474779,2.88380527,0.0629702806
41,3.451536697446424e-06,6.9237646112775026e-06,3.451536697446424e-06,0.479031585471943,107.66442271431765,3.04466033,0.0629977435
41,3.500298587646773e-06,7.022100277067899e-06,3.500298587646773e-06,0.47576929239236193,106.1970580298712,3.05240679,0.0626795366
40,3.7366118496311162e-06,7.604506615199423e-06,3.7366118496311162e-06,0.4879473098931434,109.25322353982634,3.00837302,0.0631498843
42,3.7343627695570674e-06,7.258288044885507e-06,3.7343627695570674e-06,0.4745941142732755,102.87004546121591,3.09006834,0.0625950769
40,3.433155889714889e-06,6.670861135746938e-06,3.433155889714889e-06,0.4683110537321345,103.08105434090389,2.93502188,0.0626880974
42,3.134947651989713e-06,6.044426681215528e-06,3.134947651989713e-06,0.46227169121230766,103.64077426340657,2.62978601,0.0626388267
42,2.995777885172192e-06,5.794889348296806e-06,2.995777885172192e-06,0.4602253533697333,104.34862521147863,2.76094651,0.0629480407
43,4.237706229492008e-06,8.31738647897478e-06,4.237706229492008e-06,0.4820252425675109,102.5575875272498,3.56268024,0.0629096851
42,3.817683550080483e-06,7.395963450730129e-06,3.817683550080483e-06,0.47366136364380784,102.52730211391417,2.98425937,0.0629392415
41,4.784083315732126e-06,9.426789808860814e-06,4.784083315732126e-06,0.49586541395998285,102.54244456124363,3.79223371,0.0629098192
40,5.120492078579022e-06,1.0027822984238062e-05,5.120492078579022e-06,0.5080925293326746,102.58766219439667,3.61949277,0.0628789216
41,5.578926473253293e-06,1.0889222209061061e-05,5.578926473253293e-06,0.5245595413974748,102.81428168563073,3.84336591,0.0629703477
42,6.0187305858717815e-06,1.1703184958138077e-05,6.0187305858717815e-06,0.5516786390227949,101.99042996086018,4.05874681,0.0633009225
43,6.028525568164586e-06,1.1633745152526534e-05,6.028525568164586e-06,0.55713158725194,102.06113811807317,3.56809115,0.0628128424
43,6.266992473868193e-06,1.2132440528482657e-05,6.266992473868193e-06,0.5699111846719067,101.56956659688963,4.12308359,0.0631257221
41,5.668705838742301e-06,1.104503890021618e-05,5.668705838742301e-06,0.5279124930599266,102.78373317230779,3.71285462,0.0629889965
42,5.343103941339344e-06,1.0423835036417102e-05,5.343103941339344e-06,0.5157399494478838,103.07630419019002,3.66254425,0.0626506358
41,5.2896664075597475e-06,1.0292161660400108e-05,5.2896664075597475e-06,0.5140637649286003,103.21454598791442,3.63545418,0.0625395253
41,5.796528796724707e-06,1.1268416894055457e-05,5.796528796724707e-06,0.5357602308488222,102.7352956837362,3.70237923,0.0626986474
40,5.6460972492406155e-06,1.1049281315343498e-05,5.6460972492406155e-06,0.5312068453538173,102.69022915826321,3.97161293,0.0626210496
43,5.598651423282288e-06,1.0893208887348727e-05,5.598651423282288e-06,0.5306803820847733,102.62251093771474,3.63864279,0.062691763
53,1.0407567527130109e-05,2.51359965672375e-05,1.0407567527130109e-05,0.7451186314595957,251.02862208033778,4.53050709,0.0619667098
52,1.0653953996377725e-05,2.606377673244973e-05,1.0653953996377725e-05,0.7492387665533292,259.8015468974769,4.90971327,0.0619657598
52,1.0647476565773145e-05,2.5802706210941093e-05,1.0647476565773145e-05,0.7541244362628393,256.68395220584813,4.60722733,0.061984539
51,1.1495335479207274e-05,2.774750192687309e-05,1.1495335479207274e-05,0.7652029515154687,245.86383039997781,4.96697903,0.0619474985
51,1.0714707532339132e-05,2.6016407564806156e-05,1.0714707532339132e-05,0.7513300525764179,256.62906684432755,4.60536528,0.0620139427
51,1.2266975429434755e-05,2.7001946989385412e-05,1.2266975429434755e-05,0.7488919092433384,170.4772897210759,4.91915751,0.0620175861
50,1.224939862600997e-05,2.794302434606081e-05,1.224939862600997e-05,0.7584898584316802,192.7560352392222,5.11709595,0.0619721264
50,1.3034596626996438e-05,2.9140887417857835e-05,1.3034596626996438e-05,0.7678536066723808,183.23142632037255,5.13711405,0.0621953756
50,1.1865601812044776e-05,2.7344146933717713e-05,1.1865601812044776e-05,0.7550135595318785,201.6701067737297,5.04485083,0.0621208586
49,1.2582097794472552e-05,2.9613853345934262e-05,1.2582097794472552e-05,0.7758389978369186,219.57597571578006,5.02196789,0.0619752146
50,1.2518059952449204e-05,2.9303858882577856e-05,1.2518059952449204e-05,0.7695110304469236,214.9495902670055,5.20618248,0.0620577633
50,1.1744196035386967e-05,2.7840428176428366e-05,1.1744196035386967e-05,0.764830318138829,230.90547703039778,4.7850132,0.0619643144
53,1.2357091820127824e-05,2.9853045525109002e-05,1.2357091820127824e-05,0.7781965753341546,245.24136476762402,5.02071619,0.0619176477
51,1.1659889414226018e-05,2.8093861828878926e-05,1.1659889414226018e-05,0.7697099339102991,248.12367418204568,4.99471188,0.061875768
51,1.5148862520649747e-05,3.223117200696526e-05,1.5148862520649747e-05,0.7823131115310795,149.42959951974703,4.67769909,0.0623884238
49,1.7076874915764082e-05,3.68746173976782e-05,1.7076874915764082e-05,0.8131734490163197,157.76868005973768,5.10959005,0.0621822923
49,1.650390319735016e-05,3.608180351089096e-05,1.650390319735016e-05,0.8125631082950441,168.56074789980084,5.12809753,0.061746534
59,1.982615849710688e-05,4.5582980323711746e-05,1.982615849710688e-05,0.9268652015412598,231.4889229240628,6.45572901,0.0621468574
56,1.4632701695338051e-05,3.6771733616823625e-05,1.4632701695338051e-05,0.8394159758333524,284.0028506029768,6.27718163,0.0622394718
57,1.3708975162524894e-05,3.443533871125759e-05,1.3708975162524894e-05,0.8194240407570975,285.7240224312182,6.07896185,0.0623589903
59,1.651436017315457e-05,4.074361309848662e-05,1.651436017315457e-05,0.8839227332109559,270.5616387852592,6.84236097,0.0622140579
57,1.557292068545471e-05,3.87926825010945e-05,1.557292068545471e-05,0.8602796573058971,277.3572010861912,6.6857028,0.0623417683
59,1.5412813354521918e-05,3.89396642079927e-05,1.5412813354521918e-05,0.857840989963599,291.68375054140597,6.5393796,0.0623226985
56,1.658657121332026e-05,4.176664018974459e-05,1.658657121332026e-05,0.8824629849530242,286.06368889958605,6.7787466,0.0622580647
59,1.8039770825446588e-05,4.396854386027704e-05,1.8039770825446588e-05,0.9154115634408192,265.45029603451377,7.02382183,0.0623019598
58,2.0738972174309927e-05,4.895007132920049e-05,2.0738972174309927e-05,0.9619338196489883,257.03737952087187,6.79602671,0.0624232255
60,2.139162198045165e-05,4.9930117371317436e-05,2.139162198045165e-05,0.9731928975536097,251.40100710613055,6.82950735,0.062450517
57,2.2234096439575856e-05,5.15295342703356e-05,2.2234096439575856e-05,0.9881450089120585,248.14437860259864,6.79523993,0.0623832457
58,2.1945880501778786e-05,5.0768521716602204e-05,2.1945880501778786e-05,0.9814170979440829,244.85101157806952,6.73851728,0.0624365099
57,2.1075150020124054e-05,4.860558071945992e-05,2.1075150020124054e-05,0.966172510637263,240.7593817227035,6.61230755,0.0623582974
56,1.151113515864191e-05,2.8647225726084385e-05,1.151113515864191e-05,0.7723226329238922,282.9947897882766,5.07806778,0.062157657
53,1.1330887846285672e-05,2.8140590877415825e-05,1.1330887846285672e-05,0.7715237409259654,282.92440302040393,4.77879047,0.0622012056
54,1.1400671353955256e-05,2.855112725342541e-05,1.1400671353955256e-05,0.7708617711888581,283.68177873367637,5.174438,0.0621402673
57,1.3146807868639584e-05,3.3379660435601464e-05,1.3146807868639584e-05,0.8088205035976689,297.9062711609368,5.79614544,0.0621979982
56,1.3307096627261568e-05,3.349057087411303e-05,1.3307096627261568e-05,0.8137013790637784,292.40396408423544,5.61611414,0.0623898245
56,1.3021373931849773e-05,3.2897759810890475e-05,1.3021373931849773e-05,0.8040668797241682,297.0121883700938,5.37770128,0.062225081
58,1.3786532927707482e-05,3.509196168275872e-05,1.3786532927707482e-05,0.8209398739317976,303.71716321983587,5.60326004,0.0621829815
56,1.1818665379203478e-05,2.968985154754302e-05,1.1818665379203478e-05,0.7816666614185411,294.6973427597246,5.19397545,0.0621367209
55,1.233328242836377e-05,3.1093496503712725e-05,1.233328242836377e-05,0.7935695169786928,297.9526999115723,5.16580725,0.0622030646
55,1.3062589494776985e-05,3.3261179199429335e-05,1.3062589494776985e-05,0.8065207513392999,304.1875435226703,5.61695099,0.0623365603
58,1.789050845943103e-05,4.124193440678359e-05,1.789050845943103e-05,0.8887589580033579,227.17905056712428,5.95753431,0.0620765463
56,1.897982787789099e-05,4.377128218002435e-05,1.897982787789099e-05,0.9185779324642389,233.70810891494637,5.98865223,0.0621101297
58,1.8124551429768446e-05,4.155040635491446e-05,1.8124551429768446e-05,0.9006846237241539,228.21126803801872,5.77741432,0.0622983016
53,1.3715905495506934e-05,3.132293358159014e-05,1.3715905495506934e-05,0.7917513214805176,207.91222366807355,4.93751383,0.062295869
54,1.0064512127173169e-05,2.346653323700862e-05,1.0064512127173169e-05,0.6990935221365431,197.9670113892939,5.31254435,0.0623378456
53,1.2525593853555904e-05,2.882139843844409e-05,1.2525593853555904e-05,0.7611155136073243,204.17828362454654,5.04445648,0.0624000393
49,7.969564133371113e-06,1.853387943846069e-05,7.969564133371113e-06,0.6499624848562168,190.9364661565091,4.73842478,0.0623023212
49,7.186935714880121e-06,1.6639360498350218e-05,7.186935714880121e-06,0.6300797224653941,188.7801551822133,4.51885843,0.0625978708
49,5.140609325667626e-06,1.1874189917800509e-05,5.140609325667626e-06,0.5747988594381362,183.60503950393698,4.46267509,0.0622556433
49,4.05416594221999e-06,9.333706994661533e-06,4.05416594221999e-06,0.5376786433167334,179.3991883978833,4.22992992,0.0623650625
50,3.545929485000265e-06,8.05310623602139e-06,3.545929485000265e-06,0.5199156018544568,175.300762162522,4.15443373,0.0625414029
48,3.560150012030527e-06,7.971817224182547e-06,3.560150012030527e-06,0.5190809355188929,170.14092216023363,3.98475814,0.0624792427
45,3.458280921894455e-06,7.658872086281687e-06,3.458280921894455e-06,0.513193148606791,165.14038201933184,3.84479284,0.0621944554
53,1.398960289712501e-05,3.1884479814454344e-05,1.398960289712501e-05,0.8072134967731989,213.1863691862453,4.94412279,0.062388327
59,1.7874456725355058e-05,4.104616427164836e-05,1.7874456725355058e-05,0.8923120341990443,224.94470729322543,5.62031364,0.0625240207
53,1.6186517314407698e-05,3.702852350114277e-05,1.6186517314407698e-05,0.8562455873551273,219.75428487488773,5.41988993,0.0625191107
45,3.1055157915598608e-06,6.824160202282451e-06,3.1055157915598608e-06,0.4980005219857011,162.20544744175507,3.49992085,0.0623860061
46,2.8647178975538485e-06,6.16679628195885e-06,2.8647178975538485e-06,0.48788671462112904,156.45329537989446,3.38944006,0.0622173212
47,2.8989572091954188e-06,6.32125441699277e-06,2.8989572091954188e-06,0.49220454544418757,161.2305957093912,3.48261023,0.0625741929
41,5.331470571451943e-06,1.2108793108734154e-05,5.331470571451943e-06,0.5327145905762254,137.8039211942837,3.86663938,0.0626754239
44,5.1864458913526975e-06,1.1766560852825212e-05,5.1864458913526975e-06,0.5300445313758844,137.0270040615617,3.82931137,0.0629094839
44,5.0718424537141005e-06,1.1399300728287074e-05,5.0718424537141005e-06,0.528368073891977,133.58617760920487,3.80030942,0.0626713261
44,4.776017371597335e-06,1.084717616451197e-05,4.776017371597335e-06,0.5247343382442023,143.2468036186368,3.71039796,0.0625947565
46,4.988169684986913e-06,1.1363076739198093e-05,4.988169684986913e-06,0.5270204642657103,141.97189528306845,3.786237,0.0623888895
44,4.203394748400669e-06,9.428156982232955e-06,4.203394748400669e-06,0.515192467699045,145.48174939394372,3.59054852,0.0626487508
45,2.89867097046349e-06,6.25944068588854e-06,2.89867097046349e-06,0.48512407487257014,153.11731227910317,3.34313321,0.0620431639
47,3.3679598365381863e-06,7.3695796903820275e-06,3.3679598365381863e-06,0.49718575560174955,150.49784237171525,3.23590088,0.0621636212
45,6.925292091957941e-06,1.3394924623357841e-05,6.925292091957941e-06,0.5951818813285363,101.24975927465759,4.26105261,0.0633733347
46,7.193642232791153e-06,1.384214599344153e-05,7.193642232791153e-06,0.6094041686968095,101.34103693688914,4.09281397,0.0631259605
42,7.5761499282971985e-06,1.459034211049844e-05,7.5761499282971985e-06,0.621855228616225,101.31496957618235,4.04640245,0.0632114112
44,6.453569017079178e-06,1.250520015425726e-05,6.453569017079178e-06,0.5800677329317504,101.45352748131856,4.19817972,0.062937744
43,8.081745658870355e-06,1.572971098771444e-05,8.081745658870355e-06,0.6319805050895986,101.90608619869445,4.34008408,0.0637581348
42,8.722556501548533e-06,1.701485318890186e-05,8.722556501548533e-06,0.6487992357724746,103.27506688075881,4.55963039,0.0638131052
45,9.774532580775296e-06,1.911567769032211e-05,9.774532580775296e-06,0.6718568460303724,105.1445083363737,4.27147722,0.0634006783
48,1.6776228304116155e-05,3.486983817395356e-05,1.6776228304116155e-05,0.778956892515417,123.20744405275458,4.94675493,0.0628028885
45,1.6025814016428624e-05,3.3023155310565134e-05,1.6025814016428624e-05,0.7665996538210281,118.20075568201649,4.90709877,0.0632932559
48,1.6989809639298587e-05,3.561631449283237e-05,1.6989809639298587e-05,0.7843573744454968,128.78786307868873,5.03517103,0.0623521358
47,1.780363386131095e-05,3.766127314246763e-05,1.780363386131095e-05,0.8031400320232609,137.14243749021952,5.07871056,0.0622037984
46,1.7371816339543432e-05,3.646148896521374e-05,1.7371816339543432e-05,0.7913513722124697,130.46951095111245,5.0512476,0.0624817982
47,1.7972070312013617e-05,3.835610908803833e-05,1.7972070312013617e-05,0.815524400485294,147.00418042872772,5.08413553,0.0628273115
48,1.7833481117987867e-05,3.80383665637929e-05,1.7833481117987867e-05,0.8060972349660217,143.08492802341277,5.0639739,0.0626741424
46,1.5456123852677767e-05,3.165507502555171e-05,1.5456123852677767e-05,0.7577210260015903,114.59287120881038,4.93323326,0.0631846488
46,1.2429148740741075e-05,2.4818742275196178e-05,1.2429148740741075e-05,0.7135549834382121,107.64278999083116,4.44667435,0.063694194
43,1.4583773986724176e-05,2.9716564486274474e-05,1.4583773986724176e-05,0.7382974984967043,109.24855218029637,4.83821964,0.0635157898
44,1.4976732327849484e-05,3.07527497304672e-05,1.4976732327849484e-05,0.7441802273381087,111.87468672560233,4.8684001,0.063155286
41,4.682407338080693e-06,1.0269070660803505e-05,4.682407338080693e-06,0.5193897281259127,129.50849258585896,3.51509094,0.0626209974
41,4.54018812522739e-06,9.85953464973026e-06,4.54018812522739e-06,0.5146032033369429,125.53400136192336,3.47451782,0.0623477548
41,4.683281005386508e-06,1.0224575157664907e-05,4.683281005386508e-06,0.5138705636325271,123.00078086774272,3.58681464,0.0624401048
41,4.836983266899787e-06,1.0747999988103159e-05,4.836983266899787e-06,0.5195269445230473,129.59536547971933,3.74659777,0.062469285
39,4.622352321764392e-06,1.001329621676092e-05,4.622352321764392e-06,0.5097077466547087,118.2949574700291,3.48364162,0.0633944198
41,4.250195681566894e-06,9.175056478044e-06,4.250195681566894e-06,0.4978708680859039,117.43719455490489,3.4479444,0.0625440851
40,4.317254826914114e-06,9.287553340480523e-06,4.317254826914114e-06,0.4968023791929167,114.63793792625549,3.5024941,0.0626309216
41,4.390762957312797e-06,9.560335701606504e-06,4.390762957312797e-06,0.5051992284174032,121.92434454973117,3.46831894,0.0625259802
40,4.44616540253587e-06,9.539334834331358e-06,4.44616540253587e-06,0.4978160216354518,112.3383302928088,3.5550282,0.0631231368
44,3.3321381086894518e-06,6.6913496998891675e-06,3.3321381086894518e-06,0.4655713779762708,105.7106556291837,3.12916398,0.0629946142
41,4.146701210560448e-06,8.679814972543516e-06,4.146701210560448e-06,0.48932983331512503,108.61927452457066,3.35525823,0.0627814755
42,3.7307201181297337e-06,7.639310945502114e-06,3.7307201181297337e-06,0.47651361448324114,106.56347341181905,3.11732936,0.0627957806
40,4.459428697061947e-06,9.551720375308146e-06,4.459428697061947e-06,0.49392053273728337,110.66698952737242,3.44206572,0.0627570525
42,3.448107141081995e-06,6.712082170699512e-06,3.448107141081995e-06,0.46401907362458705,103.06720326328102,2.92400408,0.0626269579
43,3.7022149707838267e-06,7.205895377471744e-06,3.7022149707838267e-06,0.4693805037503451,102.93199904380327,3.26530886,0.062525928
41,3.2995277660959032e-06,6.427243842306974e-06,3.2995277660959032e-06,0.46462643298925865,103.50071035636226,2.96092415,0.0625518113
42,3.332192981103438e-06,6.5032374730939755e-06,3.332192981103438e-06,0.46281580109467213,103.43011782297242,3.0928483,0.0624221005
44,3.023169944598941e-06,5.911369023407546e-06,3.023169944598941e-06,0.4548581771300448,104.47247385933926,2.81739044,0.0626527071
42,4.075928934107917e-06,7.953460373773417e-06,4.075928934107917e-06,0.4777388514061716,102.87396073866259,3.45686054,0.062718831
41,4.521868004511293e-06,8.87335402172401e-06,4.521868004511293e-06,0.48851985679512255,102.6145680297417,3.71317124,0.0627272427
40,4.9873944117406745e-06,9.717606995727055e-06,4.9873944117406745e-06,0.5030137637944208,102.88061605410732,3.57510805,0.0627337471
38,5.002763328615308e-06,9.67317652537954e-06,5.002763328615308e-06,0.5073759167015379,102.55501777642358,3.44157195,0.0628847927
42,5.837139056420003e-06,1.135508399428046e-05,5.837139056420003e-06,0.5416811338788798,102.25681775647551,3.87801456,0.0630501136
42,5.91023520030543e-06,1.146986767786035e-05,5.91023520030543e-06,0.5550975344054985,101.95039933076222,3.98922682,0.0628991649
44,5.6906078412544895e-06,1.1066729653713091e-05,5.6906078412544895e-06,0.5404142654290665,102.29762488945227,3.89575744,0.062608704
45,6.224854478202704e-06,1.205771911805645e-05,6.224854478202704e-06,0.5704111191414165,101.62790468075816,3.91770363,0.0633566752
40,5.456281784786273e-06,1.0703661524630145e-05,5.456281784786273e-06,0.5197026274605301,102.79832019397638,3.87844491,0.0628438443
41,5.186163403225922e-06,1.0123202204160743e-05,5.186163403225922e-06,0.5085052281274481,102.86177574285469,3.71475244,0.0624154769
41,5.247678225702334e-06,1.0237654516291846e-05,5.247678225702334e-06,0.5099226010592544,103.18817592118232,3.34912062,0.0623879135
41,5.485400810144348e-06,1.0755305284569281e-05,5.485400810144348e-06,0.5197728261444864,102.84904308755483,3.86315417,0.0627987385
39,5.440172991478975e-06,1.0603868672193578e-05,5.440172991478975e-06,0.5230980197058168,102.56428095330338,3.57991433,0.0627107173
54,1.0019663006690981e-05,2.4567078351010257e-05,1.0019663006690981e-05,0.7414495127487306,269.40653461995527,4.683249,0.0621027686
52,1.0279106063105914e-05,2.5276445686334796e-05,1.0279106063105914e-05,0.747279926557057,269.8756465673205,4.55618906,0.0619833618
50,1.2454223570448694e-05,3.0464581051338095e-05,1.2454223570448694e-05,0.7874469166158616,261.7009011150631,4.94065523,0.062008936
56,1.1300133746479012e-05,2.7852045217267648e-05,1.1300133746479012e-05,0.767559643773257,273.59175855426236,4.95729017,0.0620404109
49,1.6539544421561437e-05,3.6478940024988526e-05,1.6539544421561437e-05,0.8180660460728765,176.69071453748495,5.17669487,0.061961785
52,1.2156191378829906e-05,2.764593872012407e-05,1.2156191378829906e-05,0.7536808662558692,192.2919466501772,5.03884459,0.062196441
49,1.6532385123584672e-05,3.672556228335402e-05,1.6532385123584672e-05,0.8261744464491726,185.51565429406025,5.3718195,0.0622744784
51,1.2549454995440079e-05,2.9273975958174827e-05,1.2549454995440079e-05,0.7682358913943089,210.84521511032298,5.29607868,0.0620532446
50,1.2355174139441514e-05,2.8568940565071095e-05,1.2355174139441514e-05,0.763208253631135,205.11127070530122,5.29351521,0.0620944239
50,1.2287493032418634e-05,2.9117932532101814e-05,1.2287493032418634e-05,0.7712799315527803,226.45852179666244,5.22525549,0.0620390214
50,1.2153814489954676e-05,2.880176871721777e-05,1.2153814489954676e-05,0.767134124777893,226.88626359215812,5.25374222,0.0620358922
49,1.325416648917702e-05,3.1747126574890095e-05,1.325416648917702e-05,0.7890777025993672,235.31690363704203,5.27662373,0.0620750859
52,1.1815942746227099e-05,2.8707167812152664e-05,1.1815942746227099e-05,0.7706487402556836,254.17129560532155,4.89239883,0.0620312914
50,1.3449574834365512e-05,3.2832719824114215e-05,1.3449574834365512e-05,0.7947253074598893,249.55167474214,5.44120026,0.0620848201
55,1.1508975999870179e-05,2.8212899856877265e-05,1.1508975999870179e-05,0.7656261069017982,263.881997005,4.97041607,0.0620991513
50,1.8783713649975425e-05,4.065043022630647e-05,1.8783713649975425e-05,0.8339969649040422,159.38438725389818,5.03565073,0.0623580106
51,1.846095928597654e-05,4.050792755605217e-05,1.846095928597654e-05,0.8382836801999881,170.65703055003831,5.14612198,0.0618833639
54,1.4902238024873612e-05,3.776815233514217e-05,1.4902238024873612e-05,0.8462263985292298,294.4621851151142,6.30805254,0.0624162257
59,1.683220959495914e-05,4.2235292581819894e-05,1.683220959495914e-05,0.8875393853613495,280.624567468738,7.05514622,0.06223391
57,1.7566842825967384e-05,4.344015286652082e-05,1.7566842825967384e-05,0.9126525374873373,275.7064169544534,6.89829779,0.0622512884
56,1.4505905951878607e-05,3.677196124480841e-05,1.4505905951878607e-05,0.8453559027531229,299.7595649484952,6.03046703,0.0622192733
59,1.6186661346352235e-05,4.108331017691957e-05,1.6186661346352235e-05,0.8764459220115497,294.78719444447296,6.65979528,0.0623276643
59,1.6817418746427807e-05,4.2657439181439725e-05,1.6817418746427807e-05,0.8871663225537346,287.74344021501,6.82807302,0.0622597188
60,1.8088143494487767e-05,4.3941401805676023e-05,1.8088143494487767e-05,0.9273805416592403,268.1664810825756,6.95318174,0.0623196177
59,2.069545058178035e-05,4.910708096568197e-05,2.069545058178035e-05,0.9735733949156467,262.2522518809069,6.83184671,0.0623124503
61,2.2470920321828478e-05,5.2838318167390435e-05,2.2470920321828478e-05,1.0090799704426114,259.1554224969733,6.96730328,0.0624095723
61,2.2714833207569996e-05,5.295829532855794e-05,2.2714833207569996e-05,1.0014941281952248,253.0208990477102,6.91088676,0.0625458285
60,2.1123079229918817e-05,4.892805727935823e-05,2.1123079229918817e-05,0.9741248360888127,243.82959404239972,6.65433264,0.0625793263
54,1.2451491807474874e-05,3.137407293308057e-05,1.2451491807474874e-05,0.7967516592507531,296.3979056019791,5.27497053,0.0621211827
56,1.155019195094227e-05,2.9079953647446673e-05,1.155019195094227e-05,0.7726512828715436,291.35513663307574,5.10711241,0.0622532479
51,1.0355528273086278e-05,2.5668055452031153e-05,1.0355528273086278e-05,0.7523444422747063,281.7388946322539,4.66233921,0.061980173
52,1.0833181039855949e-05,2.7110480795537504e-05,1.0833181039855949e-05,0.7607975390874896,289.9126434199855,4.75572824,0.062059477
58,1.4065921457838919e-05,3.5899454810294253e-05,1.4065921457838919e-05,0.8310321309535643,309.2167641928758,5.67451382,0.0622592457
58,1.435056940498128e-05,3.655764696857188e-05,1.435056940498128e-05,0.8353248752550997,302.4658867346687,5.9190464,0.0623266622
57,1.3567086152720875e-05,3.450806539115627e-05,1.3567086152720875e-05,0.8222166596752353,310.4258125494817,5.4196744,0.0621838607
58,1.318605227270862e-05,3.3707964451516094e-05,1.318605227270862e-05,0.8172717076974427,316.3119532670334,5.25604963,0.062294811
55,1.234112723448684e-05,3.1216360828521746e-05,1.234112723448684e-05,0.7927931093621474,298.6501267640767,5.34366703,0.0621089973
57,1.2640544279387213e-05,3.227023226470837e-05,1.2640544279387213e-05,0.8007474808182148,309.2674319102245,5.41755533,0.0621475354
57,1.222823723457925e-05,3.103783146779528e-05,1.222823723457925e-05,0.7995427093221157,313.1767420007894,4.90105438,0.0622988157
60,1.9638166162281438e-05,4.5264727369385865e-05,1.9638166162281438e-05,0.9425861762440552,237.75681761495406,6.42499352,0.0624250025
61,1.8184041426971195e-05,4.196774652189961e-05,1.8184041426971195e-05,0.9139820957642341,233.85456644232852,6.06975317,0.0623714626
54,1.4084065264557572e-05,3.254466198303462e-05,1.4084065264557572e-05,0.7992438422150817,211.47776575528522,5.18762445,0.062290065
54,1.0444043449149267e-05,2.4702782434565457e-05,1.0444043449149267e-05,0.7031090830469022,198.74719902118593,5.57897377,0.0625469089
54,1.2029161284021887e-05,2.798465033685019e-05,1.2029161284021887e-05,0.7451903367259202,204.00245301837353,5.36491823,0.0625562221
56,1.3386598856457066e-05,3.096658942904611e-05,1.3386598856457066e-05,0.7800613899472695,208.86114181523848,5.13814354,0.0624809265
53,8.932775541462967e-06,2.087195345571205e-05,8.932775541462967e-06,0.6707899372948556,194.85132358578798,5.05786705,0.0624241196
53,6.098835747217893e-06,1.4259379483512947e-05,6.098835747217893e-06,0.5998314851277832,188.2210874152392,4.73967743,0.062467292
51,8.316330900646747e-06,1.9585354886141622e-05,8.316330900646747e-06,0.6557328078871499,194.50586643338917,4.9123888,0.0623079501
49,4.818630230252734e-06,1.1174604026193973e-05,4.818630230252734e-06,0.5643998583819829,185.01485286642762,4.42740107,0.0621932186
50,3.6619602475822294e-06,8.365947798235038e-06,3.6619602475822294e-06,0.5277957659717539,179.7542918049613,4.16758585,0.0623358414
50,3.4409475956084004e-06,7.757879536624276e-06,3.4409475956084004e-06,0.5166227425063943,174.56280169270124,3.91807246,0.0624232851
47,3.435404499016876e-06,7.627421530233779e-06,3.435404499016876e-06,0.5156621530437038,169.28146932375122,3.80671835,0.0623389706
46,3.121025017476938e-06,6.89604228683417e-06,3.121025017476938e-06,0.5022412702274593,165.8366729060604,3.76679564,0.0625331923
54,1.5000415710130655e-05,3.4260956359611696e-05,1.5000415710130655e-05,0.8364001834446544,217.71343654086434,5.22238398,0.0623365343
57,1.791977414910513e-05,4.134153179262726e-05,1.791977414910513e-05,0.8930358124327588,226.92629060796543,5.77382517,0.0624808185
58,1.7973783484942016e-05,4.176687287265282e-05,1.7973783484942016e-05,0.881914397012634,224.9829984336702,5.62561846,0.062414933
48,2.589257142636149e-06,5.617526963422748e-06,2.589257142636149e-06,0.4777558388203275,158.5596355448016,3.43854237,0.0624940842
46,2.727033506259527e-06,5.917988884136282e-06,2.727033506259527e-06,0.47843287558082187,155.0329109691451,3.34328532,0.0622962639
47,2.7080556833938435e-06,5.914199854314158e-06,2.7080556833938435e-06,0.48650854044630676,162.78601147016792,3.53212857,0.0625359267
43,5.158455834310418e-06,1.1775857953052235e-05,5.158455834310418e-06,0.5286029705119047,140.33273608765444,3.8070581,0.0624588169
44,5.116509494377071e-06,1.157744827039823e-05,5.116509494377071e-06,0.5294438731597266,136.62591209181213,3.77586651,0.0629332066
42,4.6728873028853e-06,1.0599029319626579e-05,4.6728873028853e-06,0.5194839772244974,140.69760933035587,3.67117643,0.0625696331
43,4.882723324159002e-06,1.0975548038873591e-05,4.882723324159002e-06,0.5227311191663341,133.95571351835233,3.74881124,0.062967144
43,4.712155524959955e-06,1.0703065606069248e-05,4.712155524959955e-06,0.5244756461944488,144.9228242447137,3.6601131,0.0627872869
44,4.657986451708167e-06,1.0579214882123805e-05,4.657986451708167e-06,0.5224563907288882,144.2808768293607,3.70817161,0.0623477809
44,4.035473636174642e-06,9.010073991207999e-06,4.035473636174642e-06,0.513181996900077,147.9912585112406,3.47318172,0.0625073314
47,2.819658960657985e-06,6.0896271489964046e-06,2.819658960657985e-06,0.48120627102880853,152.80728519607658,3.2739625,0.0623198561
46,6.736725062427683e-06,1.294798363902238e-05,6.736725062427683e-06,0.594693954054552,101.4829372825497,3.96424818,0.0631068945
44,7.095174588985322e-06,1.3653789478496355e-05,7.095174588985322e-06,0.6065133191595172,101.52572607988455,4.17357731,0.0637356341
43,7.924358059950293e-06,1.5406776751395078e-05,7.924358059950293e-06,0.628446237347351,102.23509593460987,4.47207832,0.0632279068
43,7.708371725412233e-06,1.4955653211399435e-05,7.708371725412233e-06,0.6196091178124945,101.68399096858761,4.1697073,0.063406989
44,6.347673824409171e-06,1.2252013101353378e-05,6.347673824409171e-06,0.5782655389963168,101.74849117934097,3.92949343,0.0633763149
43,1.1341134130821381e-05,2.250744938973823e-05,1.1341134130821381e-05,0.6921965014903231,104.92449156587523,4.31233835,0.0634721294
43,1.0516886205291063e-05,2.082972041491688e-05,1.0516886205291063e-05,0.6748743508400464,103.75129248906113,4.32863092,0.0637358502
44,1.3080901288382e-05,2.6410400203806302e-05,1.3080901288382e-05,0.7159014992287267,106.48012003028336,4.75826979,0.0635851249
47,1.6648803409926007e-05,3.474174827766311e-05,1.6648803409926007e-05,0.7762421642530779,124.48538600294334,5.00634575,0.0627196655
46,1.5915181566382696e-05,3.30261291868963e-05,1.5915181566382696e-05,0.7616351507219267,119.08793492715886,4.92867422,0.0628605038
46,1.684777960598969e-05,3.523477026655457e-05,1.684777960598969e-05,0.7841912481796037,129.49308396554082,4.91047001,0.0626792982
49,1.6807238592383426e-05,3.5541635728990254e-05,1.6807238592383426e-05,0.7848918979402095,136.81183397587907,4.76420116,0.0624047369
48,1.763023307516882e-05,3.7511649941204176e-05,1.763023307516882e-05,0.8043351228595916,143.07526540712286,4.9168191,0.0626002178
50,1.845007021034555e-05,3.967630005392827e-05,1.845007021034555e-05,0.8222225390632023,152.92635498764602,5.05079651,0.0629537776
48,1.8004914254259205e-05,3.855404603979513e-05,1.8004914254259205e-05,0.8125878133591622,149.443060912125,4.93678379,0.0627352744
45,1.544074679168468e-05,3.193508488839514e-05,1.544074679168468e-05,0.7531609804576745,116.12700088177856,4.8839817,0.0629263446
44,1.4340147343154323e-05,2.942300732267498e-05,1.4340147343154323e-05,0.7300193822414374,109.09174452973569,4.83115816,0.0634323284
45,1.4320909984155745e-05,2.9562521322961263e-05,1.4320909984155745e-05,0.7352563754481578,115.08063365753807,4.72597408,0.0630555302
45,1.4173176466562923e-05,2.9277238800272533e-05,1.4173176466562923e-05,0.7294895681120317,112.43339539470216,4.81978941,0.0628286228
44,4.531859261156245e-06,1.0055854496919897e-05,4.531859261156245e-06,0.5156767043902378,132.66029580008552,3.56577849,0.0625866279
42,4.57233623450459e-06,1.0102318565491768e-05,4.57233623450459e-06,0.5107410008323023,127.39697122311885,3.58631754,0.0629238486
41,4.055070152037966e-06,8.862771931764011e-06,4.055070152037966e-06,0.4960282726115114,125.22318260387588,3.39903212,0.0633100495
42,4.136815934389521e-06,9.101823364484138e-06,4.136815934389521e-06,0.502509488018478,130.7389283488008,3.41595387,0.0625756755
39,3.901344958884384e-06,8.427330090179656e-06,3.901344958884384e-06,0.4917870997731452,120.18134216719345,3.29940748,0.0625131279
41,3.529579450008174e-06,7.561631915313855e-06,3.529579450008174e-06,0.4783555708127612,118.6936580043156,3.16310906,0.0628291443
40,3.8198622821667145e-06,8.162679371007973e-06,3.8198622821667145e-06,0.48355960265050585,115.21936181558779,3.28103256,0.0629656091
42,3.5807216787367255e-06,7.698571746616993e-06,3.5807216787367255e-06,0.48659879504333486,124.52504921821479,3.21114469,0.0624782518
41,3.873679205646062e-06,8.296839404649397e-06,3.873679205646062e-06,0.4815149850564091,113.65660819265328,3.29399228,0.0624219999
44,3.319447729901657e-06,6.66750912365142e-06,3.319447729901657e-06,0.4646419128498245,106.14141032731187,2.87897325,0.0628296658
42,4.187082592439058e-06,8.884127376910497e-06,4.187082592439058e-06,0.48376295452408885,108.99976582588985,3.39537406,0.062809065
42,4.0657125546500795e-06,8.471879312407776e-06,4.0657125546500795e-06,0.4835883045083474,108.0511059490946,3.21170926,0.0625891387
42,3.992917813864422e-06,8.553194795476928e-06,3.992917813864422e-06,0.4810961459665082,112.03145634005054,3.31842875,0.0626015738
42,3.577566198295663e-06,6.961722905237982e-06,3.577566198295663e-06,0.4676994847098136,103.32574066960261,3.12599492,0.0626698732
43,3.4136987515428137e-06,6.6503031528523575e-06,3.4136987515428137e-06,0.46305409559570243,103.80312267663054,2.92179585,0.0624608621
43,3.826476908121273e-06,7.4821875952718265e-06,3.826476908121273e-06,0.47211116555953153,103.48359412151379,3.28012013,0.062409766
40,4.0460937104206115e-06,7.909999698135918e-06,4.0460937104206115e-06,0.47720047029187723,103.10675741704281,3.36034417,0.0622000843
42,3.107360052900559e-06,6.068673379391229e-06,3.107360052900559e-06,0.45817983961932246,104.62398406888046,2.93811464,0.062435098
41,3.2257485130459465e-06,6.325122636625497e-06,3.2257485130459465e-06,0.4593315302801077,104.14238119820908,3.19180131,0.0622524582
44,3.143404824041861e-06,6.239245240354825e-06,3.143404824041861e-06,0.4593465928645902,105.28202832011337,3.22801304,0.0627854392
41,4.304453467504107e-06,8.375722315005758e-06,4.304453467504107e-06,0.4843806173927934,102.61610166800219,3.40242839,0.0623461455
39,4.704615461020652e-06,9.207339124683838e-06,4.704615461020652e-06,0.4931059643798079,102.76016873101467,3.66096973,0.062449079
40,4.875189843856752e-06,9.50881172705804e-06,4.875189843856752e-06,0.4984159135397971,102.9036523649253,3.41693711,0.0624813884
42,5.442627865719263e-06,1.0558267472261209e-05,5.442627865719263e-06,0.5295235515151264,102.43233317852507,3.46918154,0.0626009554
44,5.894192140129007e-06,1.1489619415057804e-05,5.894192140129007e-06,0.5539911863002721,102.1317885161568,4.08874035,0.0630537271
44,5.504994287658973e-06,1.0723371416104998e-05,5.504994287658973e-06,0.5394346959483896,102.08468357959183,3.79029036,0.0626793876
41,5.524901007714764e-06,1.0772246566470764e-05,5.524901007714764e-06,0.5326615990273773,102.42709149912376,3.80153704,0.0626197308
43,5.348887414903079e-06,1.044629524136747e-05,5.348887414903079e-06,0.5304533984720955,102.44785557529944,3.84215236,0.0625447854
46,6.044756880112941e-06,1.1766713906200891e-05,6.044756880112941e-06,0.5630967419956081,102.0280911066672,4.0143652,0.0633706823
38,5.319566032578699e-06,1.0372553737050416e-05,5.319566032578699e-06,0.5150795052139677,102.80280020711987,3.57269859,0.0624706484
41,5.146815165244374e-06,1.0070979784810168e-05,5.146815165244374e-06,0.5058119216832472,103.02615717726718,3.6673491,0.0623976067
38,4.936972840236398e-06,9.602621242776237e-06,4.936972840236398e-06,0.5003788522548785,102.7730372277357,3.53052592,0.0623864271
38,5.0556151582078836e-06,9.89478422213903e-06,5.0556151582078836e-06,0.5068528357790776,102.93816048528275,3.88402677,0.0625510514
42,5.088558304653121e-06,9.947091671644318e-06,5.088558304653121e-06,0.5090052399035162,102.8530862935091,3.53932858,0.0627001822
43,5.173906891661769e-06,1.0103072011818818e-05,5.173906891661769e-06,0.5153087482988135,102.72951938503603,3.57926035,0.0626473054
54,1.0848379042730576e-05,2.6970008429802345e-05,1.0848379042730576e-05,0.7590025038400191,283.62928963483176,4.70428705,0.0619330853
51,1.1765151128590352e-05,2.9115132771497635e-05,1.1765151128590352e-05,0.7753087382724134,277.7535304402152,4.91953421,0.0621039495
51,1.292381322366932e-05,3.2362923505357296e-05,1.292381322366932e-05,0.800302037341489,288.16466300711954,5.18250084,0.0618827529
51,1.9191862827325256e-05,4.2486051616383794e-05,1.9191862827325256e-05,0.8524364094447502,179.38178698144458,5.24366379,0.0620559603
53,1.4772037025154198e-05,3.3558200025478575e-05,1.4772037025154198e-05,0.8046801782214862,199.9745600775454,5.34099483,0.0623054728
51,1.8842398276598567e-05,4.210377486606061e-05,1.8842398276598567e-05,0.8609338586403792,190.30424127598758,5.61900854,0.0621176548
51,1.2901862606366984e-05,3.030068688711666e-05,1.2901862606366984e-05,0.7772237776568209,217.64950190894297,5.35540771,0.062176697
49,1.66580391227406e-05,3.7755348339152994e-05,1.66580391227406e-05,0.8429940417435956,205.8198508735505,5.48314619,0.0621533096
53,1.273854870485914e-05,3.061567365805003e-05,1.273854870485914e-05,0.780637816302501,239.08820383513742,5.39288235,0.0620095991
51,1.2779818846565485e-05,3.0513581606257276e-05,1.2779818846565485e-05,0.7782029795868645,231.550387248895,5.39202356,0.0622851811
49,1.2724904300458304e-05,3.0631166920171314e-05,1.2724904300458304e-05,0.7828005977715655,242.07393898674798,5.45010519,0.0620201044
52,1.2401727953330931e-05,3.044834492398631e-05,1.2401727953330931e-05,0.7826118288302579,262.74411781257845,5.04248095,0.0621190891
52,1.3505003212809222e-05,3.310021220160661e-05,1.3505003212809222e-05,0.8019544117215612,260.7628242720323,5.26404905,0.0619994551
52,1.2744455405299195e-05,3.100866545843352e-05,1.2744455405299195e-05,0.7858061247295147,252.35112232136981,5.41301298,0.0618998371
55,1.1828763751308585e-05,2.926919079353937e-05,1.1828763751308585e-05,0.7741743163272607,275.0270237531445,4.96094942,0.0621723533
52,1.849802915849081e-05,4.031681425677712e-05,1.849802915849081e-05,0.8311106896379227,163.83894166642222,5.09018278,0.0623189174
51,1.89039316164524e-05,4.143921986090231e-05,1.89039316164524e-05,0.8420951623178792,170.5313639736082,5.13416862,0.0620255806
57,1.7641807107132595e-05,4.42138680575924e-05,1.7641807107132595e-05,0.9145620400804227,285.24208515607023,7.08692408,0.0624624826
56,1.9496783611686028e-05,4.8857063138462574e-05,1.9496783611686028e-05,0.947099802445621,280.85697331988644,7.42321682,0.0624743402
58,1.4667662386612772e-05,3.74782055266691e-05,1.4667662386612772e-05,0.8493695999339694,308.0359160725419,6.0358901,0.0622182116
58,1.5093211431609584e-05,3.8543686334999935e-05,1.5093211431609584e-05,0.8569855419181969,304.31019968308294,6.20041513,0.0624508746
59,1.6011911038610582e-05,4.071933042356923e-05,1.6011911038610582e-05,0.8767131848884446,302.5313482129947,6.46468687,0.0624246486
58,1.665326011610285e-05,4.232665035412797e-05,1.665326011610285e-05,0.8924834760672538,297.78621865495944,6.93112946,0.0623457395
58,1.733538377102141e-05,4.3827285665569974e-05,1.733538377102141e-05,0.906642551079257,292.613267123149,6.87872028,0.0624865815
60,1.9143658982214187e-05,4.706797372260513e-05,1.9143658982214187e-05,0.9461783947493487,270.97841047126826,7.288764,0.0623457618
58,2.1770404983494443e-05,5.178724165608547e-05,2.1770404983494443e-05,0.9973448960504769,263.6238418938268,6.89489746,0.0623364002
61,2.336200235754288e-05,5.4996997423149025e-05,2.336200235754288e-05,1.0293796437374518,260.81442539446937,7.24217272,0.0625247508
64,2.2329554602246644e-05,5.1802851461184704e-05,2.2329554602246644e-05,1.0062104044616478,252.28421153933562,6.70080996,0.0625136569
62,2.1375298962821802e-05,4.935026067399171e-05,2.1375298962821802e-05,0.982543530534918,244.62774465948445,6.64921904,0.062467441
54,1.2141264057909313e-05,3.089147167814837e-05,1.2141264057909313e-05,0.7892662727182792,304.05416961077685,5.2866292,0.0621091425
53,1.0967660925582614e-05,2.77168217302435e-05,1.0967660925582614e-05,0.7641664351860725,298.55439271391117,4.99348736,0.0622372627
50,1.064037502566023e-05,2.6481273170584236e-05,1.064037502566023e-05,0.7592432678511848,286.4941193104909,4.66904354,0.0619007349
54,1.0774445145687942e-05,2.7213367452157608e-05,1.0774445145687942e-05,0.7636206505300067,303.4232327138345,4.92008734,0.0620903224
54,1.0826656776329746e-05,2.729853033860009e-05,1.0826656776329746e-05,0.7624874113465403,300.2932994821332,4.74686909,0.0621264838
56,1.3989925963385387e-05,3.5818629645761746e-05,1.3989925963385387e-05,0.8356345334980376,318.81589883292116,5.54511166,0.0624836907
62,1.3926794963776514e-05,3.564671251795574e-05,1.3926794963776514e-05,0.8274499532774762,309.6415450742126,5.73418856,0.0623740442
61,1.444659588021387e-05,3.7129070329799584e-05,1.444659588021387e-05,0.8387570450043276,311.87514709267924,6.06169176,0.0623150431
59,1.307982481579305e-05,3.3355481531522963e-05,1.307982481579305e-05,0.8189055348474945,317.93676935681907,5.10037994,0.062271744
61,1.2884637189119336e-05,3.310298053945071e-05,1.2884637189119336e-05,0.8157395431236876,326.928165369079,5.26148987,0.0624366477
54,1.2808610157816721e-05,3.286427358658401e-05,1.2808610157816721e-05,0.8065661858038399,316.50952755230446,5.34461403,0.0622749701
56,1.2191940460934725e-05,3.124419926434853e-05,1.2191940460934725e-05,0.7986001309719778,321.4052446398157,5.31829548,0.0621978492
55,1.3563282318368745e-05,3.4972455178297204e-05,1.3563282318368745e-05,0.8214863097616028,321.8854370075965,5.72876215,0.0622910969
60,2.0063802278454314e-05,4.606140536723311e-05,2.0063802278454314e-05,0.9579331214659583,240.0370336590338,6.20588636,0.0626155138
59,1.922975779303945e-05,4.4515431189195904e-05,1.922975779303945e-05,0.9447940151000103,241.02469183563034,6.30683899,0.0625542551
61,1.878104824587553e-05,4.3171551115220656e-05,1.878104824587553e-05,0.9301445799066457,235.31591265754489,5.93486357,0.0624777339
56,1.5210469563889845e-05,3.490879966657736e-05,1.5210469563889845e-05,0.8363145141425321,218.09816675979005,5.07036114,0.0624664053
55,1.495894780418962e-05,3.461120621284896e-05,1.495894780418962e-05,0.8189439217926222,214.9349745301441,5.24192619,0.0624159388
53,1.0447561217232424e-05,2.5043668876886418e-05,1.0447561217232424e-05,0.6979649341675299,199.66831766471086,5.73870564,0.0625882745
53,1.346642371564657e-05,3.1480920671354675e-05,1.346642371564657e-05,0.7759645423141349,208.41305312116876,5.48612118,0.0624331161
54,1.4637137566524923e-05,3.4084194773153234e-05,1.4637137566524923e-05,0.8092385262592804,213.78664138140957,5.60897207,0.0625444874
52,6.300447430116021e-06,1.4725146967921921e-05,6.300447430116021e-06,0.6059608166449614,190.70089822656837,4.43003559,0.0622423626
52,8.102754863169811e-06,1.90660350107381e-05,8.102754863169811e-06,0.6525664979764743,195.45163784598435,4.84048414,0.0624280423
52,8.900536420223998e-06,2.1075064936148016e-05,8.900536420223998e-06,0.6738356398101648,199.90404159323455,5.23211241,0.0625609979
50,4.016400857387784e-06,9.441836083518077e-06,4.016400857387784e-06,0.5381420291705147,184.22173453500997,4.40226412,0.0623150617
50,3.2986030144742353e-06,7.662530358208443e-06,3.2986030144742353e-06,0.5113194874289784,179.4256121036483,4.23449612,0.0624612719
48,3.1159711195329958e-06,7.044564958184555e-06,3.1159711195329958e-06,0.5033928645379994,172.1013216038408,3.96455598,0.0623546168
48,2.769855765537987e-06,6.14053767625379e-06,2.769855765537987e-06,0.48977091882313845,167.49760929059178,3.73142099,0.0622631647
57,1.8288172505576113e-05,4.3107459308265554e-05,1.8288172505576113e-05,0.8757767693457961,223.33821793846164,6.34758043,0.0625239238
58,1.882917218796931e-05,4.3567286377568725e-05,1.882917218796931e-05,0.9176681346926903,231.03216335058656,5.79802036,0.0624551363
58,1.990013106550822e-05,4.6965973606591054e-05,1.990013106550822e-05,0.9139841691071943,229.813431712399,6.16098499,0.0625410005
46,2.543566960409838e-06,5.478357630453357e-06,2.543566960409838e-06,0.478286648129176,159.17763749204707,3.43310809,0.0626189038
46,2.363298910785832e-06,5.138101070056947e-06,2.363298910785832e-06,0.46686068981435347,158.92149346602716,3.41633964,0.0625729188
45,2.3930889718617793e-06,5.139617899203143e-06,2.3930889718617793e-06,0.47007803747146343,156.6537817489064,3.34993052,0.0624801666
48,2.3880626993072955e-06,5.201498592175255e-06,2.3880626993072955e-06,0.47308997996888025,165.2533687730514,3.51508474,0.0624274202
43,4.576493543748168e-06,1.0304831798229086e-05,4.576493543748168e-06,0.5171871805338644,138.50855693406527,3.62585354,0.0630832985
44,4.5792157362822505e-06,1.04230732116526e-05,4.5792157362822505e-06,0.51767880303558,144.48610603769035,3.63556051,0.0622676127
43,4.133680066138919e-06,9.141661962788935e-06,4.133680066138919e-06,0.505146962657139,134.2421279640122,3.45163417,0.0628867298
46,4.2246684502714775e-06,9.561575780608996e-06,4.2246684502714775e-06,0.5129384826671596,147.28554647145597,3.53718615,0.0626233816
46,4.052134966865012e-06,9.116069279920165e-06,4.052134966865012e-06,0.5093047354232835,147.17210022428807,3.52485132,0.0625890642
45,3.191630647663976e-06,6.963423302044395e-06,3.191630647663976e-06,0.4911102616992432,150.77829341896495,3.23649406,0.0624513216
46,2.6057950308740373e-06,5.589524954603168e-06,2.6057950308740373e-06,0.47634955659890216,154.30011583513237,3.28741002,0.0626192763
43,6.594873916429031e-06,1.272044017474107e-05,6.594873916429031e-06,0.5885971189432219,101.60249957054357,4.10218239,0.0634689182
44,6.924387531189837e-06,1.336634166809562e-05,6.924387531189837e-06,0.6014878007800407,101.94021658707422,4.02365875,0.0634351298
42,1.0515174181721433e-05,2.0968789217551883e-05,1.0515174181721433e-05,0.6667801946636762,102.84604748096405,4.30200529,0.0634497553
42,1.0290925239142045e-05,2.0606770527133464e-05,1.0290925239142045e-05,0.6573960442175302,102.40737812332611,4.32437944,0.0638148487
43,6.244592103205472e-06,1.2010176736765544e-05,6.244592103205472e-06,0.5775262218420913,101.78288371636152,3.38227963,0.0634013936
43,1.349879543427262e-05,2.7592901371195876e-05,1.349879543427262e-05,0.713364514982084,106.55592334691539,4.72174501,0.06338045
42,1.3037527480318006e-05,2.6617962092803797e-05,1.3037527480318006e-05,0.7026837643922578,104.82228148188044,4.69254589,0.0635609254
46,1.3254908221219228e-05,2.7349317137849956e-05,1.3254908221219228e-05,0.7094186580125538,108.90475852934948,4.7360611,0.0634597987
45,1.509584285280917e-05,3.136775637426005e-05,1.509584285280917e-05,0.7543783347103162,124.01395722846716,4.73563766,0.0627670139
45,1.550994986948452e-05,3.214178575679059e-05,1.550994986948452e-05,0.7548795422126574,119.28023530086809,4.85190582,0.0628040582
46,1.5316733870795503e-05,3.187585553592574e-05,1.5316733870795503e-05,0.7611126373978274,128.23886740842693,4.62652397,0.0626102909
47,1.5424231574852983e-05,3.232061364379328e-05,1.5424231574852983e-05,0.7674413951230376,134.3820534064712,4.51064348,0.0626451969
49,1.6374818067001154e-05,3.4577054265181105e-05,1.6374818067001154e-05,0.785918831620957,140.61332612814275,4.64508867,0.0625565425
47,1.660069118284974e-05,3.5277809131701305e-05,1.660069118284974e-05,0.7934623501573886,147.65732689040235,4.61270857,0.0625268444
48,1.8163874793764275e-05,3.929253526972839e-05,1.8163874793764275e-05,0.8235576933515986,159.55290967917477,5.07596636,0.0622987449
48,1.6718651861869077e-05,3.586512221629639e-05,1.6718651861869077e-05,0.7990800785261367,154.73419272809997,4.75069714,0.0623000711
43,1.3562796539904964e-05,2.7905596288097367e-05,1.3562796539904964e-05,0.7185083175920977,110.82053083593256,4.74478626,0.0630139634
44,1.3384611507192347e-05,2.7482347258705947e-05,1.3384611507192347e-05,0.7271790839834449,118.81643112046648,4.38399553,0.0628457516
45,1.3078097071417626e-05,2.6771727555996394e-05,1.3078097071417626e-05,0.7171489677459515,114.27224648127351,4.48353577,0.0632500947
40,3.835233150684093e-06,8.351060111682908e-06,3.835233150684093e-06,0.4950966783229478,127.84095337140432,3.29919839,0.0631689057
39,3.3955006818121853e-06,7.258108547196612e-06,3.3955006818121853e-06,0.4839322117087241,127.41425147952565,3.134094,0.0629852787
42,3.3725998924776903e-06,7.274229196702132e-06,3.3725998924776903e-06,0.4855194772486429,131.52847977387592,3.18319488,0.0629075617
41,3.316266375385636e-06,7.051183906717599e-06,3.316266375385636e-06,0.477263846761676,121.93519707174268,3.11385345,0.0620787144
41,3.2223443417170937e-06,6.83126606703288e-06,3.2223443417170937e-06,0.4703897097638188,118.49501759727515,3.10204959,0.0627217144
43,2.622703018660049e-06,5.460495822847735e-06,2.622703018660049e-06,0.45492000949914657,122.44495741748428,2.98922157,0.0627134517
43,3.3548225627689005e-06,7.13800971953698e-06,3.3548225627689005e-06,0.4700167136240536,117.07566951330956,3.12840247,0.0621545054
45,2.6422398482089474e-06,5.4897003100620915e-06,2.6422398482089474e-06,0.4598987516027638,126.39785462659626,2.97143745,0.0624919981
40,3.3918468724287186e-06,7.164060674989347e-06,3.3918468724287186e-06,0.4719342682547299,115.1756767843337,3.12085867,0.0626097322
41,3.727497369957908e-06,7.645139422698639e-06,3.727497369957908e-06,0.47426927500800914,106.85768926265307,3.12920117,0.0627460405
41,4.238355837659891e-06,9.044352946716836e-06,4.238355837659891e-06,0.4864826501966514,110.27458064314366,3.36855721,0.0625402704
41,4.173781897456042e-06,8.79272530284817e-06,4.173781897456042e-06,0.4828412465299562,108.38732963140217,3.34251046,0.0628164113
42,3.579867808983396e-06,7.620583043507965e-06,3.579867808983396e-06,0.4718872367327251,113.78529202836371,3.19060707,0.0626173541
42,3.3799031148092376e-06,6.648858661053444e-06,3.3799031148092376e-06,0.46317401421227505,104.44473669320396,3.33610296,0.0627896413
42,3.6967909052107056e-06,7.254465644898703e-06,3.6967909052107056e-06,0.46929123305534187,103.96988655788952,3.46572375,0.0625430122
40,3.91146241088029e-06,7.654544719213334e-06,3.91146241088029e-06,0.47244756407510924,103.77660153985072,3.36621475,0.0622689724
40,4.178944175921711e-06,8.136819426071147e-06,4.178944175921711e-06,0.4792971461133595,103.22345803015273,3.27381682,0.0622454658
43,3.0661602615714035e-06,6.067586767716975e-06,3.0661602615714035e-06,0.45651049798728105,106.02240899397012,3.22012806,0.0625631213
43,3.1483910195443236e-06,6.169572954860311e-06,3.1483910195443236e-06,0.45996434952166404,105.515575167348,2.93545413,0.0626057237
43,3.489529575044428e-06,7.060683921165613e-06,3.489529575044428e-06,0.4679258776746355,106.70379956308393,3.04977012,0.0630173981
40,4.489175905035352e-06,8.76792242065486e-06,4.489175905035352e-06,0.48730247430692186,102.76705160606708,3.60516334,0.0624152534
37,4.593867165310603e-06,8.974745082627776e-06,4.593867165310603e-06,0.4910520210926725,102.6018814930533,3.69413996,0.0623196438
37,4.720546046257431e-06,9.17585299446299e-06,4.720546046257431e-06,0.49474395132362076,102.96475104095853,3.21477413,0.0623347722
43,5.356504160640478e-06,1.0435560425032847e-05,5.356504160640478e-06,0.5377323030744174,102.48303656297733,3.62920094,0.0631470978
41,4.9463231806304765e-06,9.650841453180638e-06,4.9463231806304765e-06,0.5116088112198559,102.61713293825458,3.39225674,0.0627956465
42,5.025669953151403e-06,9.838157768154716e-06,5.025669953151403e-06,0.5163018769302844,103.01439386741636,3.52927685,0.062631242
44,5.353183194310803e-06,1.0521296548671312e-05,5.353183194310803e-06,0.5303878439199272,102.89674999480877,3.43255973,0.0627078116
44,6.067527380319378e-06,1.1745058361451729e-05,6.067527380319378e-06,0.5681575231471903,102.30821070339933,3.6984005,0.0631839782
44,6.399049774334719e-06,1.2582230826733813e-05,6.399049774334719e-06,0.5677794708989259,102.54845928328943,3.58124447,0.0633432418
38,4.809305020209794e-06,9.284100528429302e-06,4.809305020209794e-06,0.4995949364971543,102.49728153240765,3.08611059,0.0622285157
36,4.758055658525073e-06,9.258093422783337e-06,4.758055658525073e-06,0.49599327470232557,102.384043793696,3.41654897,0.0623301528
40,4.9297967987510466e-06,9.691161106101867e-06,4.9297967987510466e-06,0.4985688445954397,103.27432449274734,3.71775675,0.0623131618
42,4.802978674551795e-06,9.461307305939474e-06,4.802978674551795e-06,0.49475001514571243,103.24855198460497,3.67627406,0.0626095682
42,5.081621294972213e-06,9.992605531515053e-06,5.081621294972213e-06,0.5075843439348654,103.01739743332664,3.7563169,0.0625652522
40,4.8527337818508715e-06,9.479372236248183e-06,4.8527337818508715e-06,0.5054536807052056,102.87672593579947,3.48115754,0.0625628531
56,1.2561035983119938e-05,3.1582735843454586e-05,1.2561035983119938e-05,0.7944187360019175,294.38890481233693,5.32831717,0.0619521961
50,1.1803707840310324e-05,2.960526049583867e-05,1.1803707840310324e-05,0.7769666210777282,290.5603993231582,5.20126534,0.0620236956
52,1.2242690454522728e-05,3.105751018246664e-05,1.2242690454522728e-05,0.7870460267176823,305.94487022564704,5.11239338,0.0620575733
53,1.9095675887254784e-05,4.2520069747551314e-05,1.9095675887254784e-05,0.8527971491104258,184.0607881344277,5.48348904,0.0619318672
51,1.8578161879494324e-05,4.104312786934792e-05,1.8578161879494324e-05,0.8386943274384863,177.1837797473157,5.37670326,0.0618827716
50,1.9338825595793116e-05,4.364802523371243e-05,1.9338825595793116e-05,0.8658300351878621,197.05039195704336,5.69471216,0.0620510764
50,1.4029065396974647e-05,3.2782874829149015e-05,1.4029065396974647e-05,0.8034727370144552,221.26075730934602,5.4802742,0.0622810014
49,1.9355901586620198e-05,4.417400854052024e-05,1.9355901586620198e-05,0.8801633144665472,209.3585591700175,6.00186825,0.0620507002
55,1.715615563416518e-05,3.9549301250600905e-05,1.715615563416518e-05,0.8528403753112581,218.0548156974049,5.73018789,0.0621794574
50,1.5247437492458762e-05,3.5931710935354686e-05,1.5247437492458762e-05,0.8310160788840201,235.59063915830652,5.96063662,0.0621345788
53,1.3379848533346724e-05,3.233554083218855e-05,1.3379848533346724e-05,0.7968932119433507,246.3491704540644,5.69262505,0.0620980971
51,1.2778869819308135e-05,3.106495018622207e-05,1.2778869819308135e-05,0.7888874814600038,256.40788574923243,5.49349308,0.0620864891
54,1.275165329795752e-05,3.174082724676251e-05,1.275165329795752e-05,0.7907813569819522,277.1771645043747,5.23397112,0.0620562956
53,1.2794532479457369e-05,3.168734858768787e-05,1.2794532479457369e-05,0.7874915421884151,270.5889957661909,5.4730978,0.0621762536
52,1.3216278763365978e-05,3.244663542416101e-05,1.3216278763365978e-05,0.7944869339487757,259.5218144147019,5.60609388,0.0620007664
52,1.2763110093316043e-05,3.206311482927334e-05,1.2763110093316043e-05,0.7942102753246583,291.52272601287075,5.23912764,0.0621298105
47,1.789150396171828e-05,3.908376106263201e-05,1.789150396171828e-05,0.8280040040351516,169.7159637838083,5.12513971,0.0620494001
60,1.7373751345945686e-05,4.380438952759482e-05,1.7373751345945686e-05,0.9087614505729148,288.3566729883198,7.02841473,0.0624296218
60,1.9067573913493625e-05,4.8403529181599714e-05,1.9067573913493625e-05,0.9411201420440174,289.3868920273517,7.52822351,0.0624863915
59,1.9450170944374004e-05,4.824822839718915e-05,1.9450170944374004e-05,0.9656101626709884,283.2285715248245,6.56051922,0.0626429543
60,1.5526046528719693e-05,3.998071276309619e-05,1.5526046528719693e-05,0.863032242036273,314.2269091906952,6.29623795,0.0624168031
59,1.5690476092562672e-05,4.024048208215995e-05,1.5690476092562672e-05,0.8736230692731164,310.18582556313225,5.96559,0.0624981672
59,1.6988647685909975e-05,4.3591685151120704e-05,1.6988647685909975e-05,0.901932953841352,309.4395205979312,6.36912107,0.0624146536
59,1.7309355797733855e-05,4.418916804459762e-05,1.7309355797733855e-05,0.9101134227050071,300.9128756210771,6.89795208,0.0624743029
60,1.8340168478868515e-05,4.66033586677844e-05,1.8340168478868515e-05,0.9326203260364924,295.9412835193337,7.13185501,0.0624346547
60,1.9803658939148465e-05,4.892547417721927e-05,1.9803658939148465e-05,0.9664807551058124,275.04831773980726,7.29622078,0.0625163093
62,2.1080392627889685e-05,5.0803184583991065e-05,2.1080392627889685e-05,0.9957802954212119,270.2797903319351,7.23705101,0.0623988658
60,2.3800533683813538e-05,5.6044329472096165e-05,2.3800533683813538e-05,1.0438882853793483,263.46542792914056,7.32556248,0.0624791831
61,2.3742025321261412e-05,5.499748315707254e-05,2.3742025321261412e-05,1.0452941344332765,254.86387734770523,6.93391037,0.0624955297
60,2.1480562265609846e-05,4.9469860859520886e-05,2.1480562265609846e-05,1.0006818128742223,248.7835499686649,6.16952372,0.0624433681
56,1.1916839691794069e-05,3.059469378254274e-05,1.1916839691794069e-05,0.7863474820115941,314.1023567156943,5.3559866,0.0619388483
55,1.1087071476354706e-05,2.8172856346183252e-05,1.1087071476354706e-05,0.7721708577751805,311.81466840563974,4.82327986,0.0621422119
55,1.098434903389644e-05,2.7916407891253815e-05,1.098434903389644e-05,0.7701811374143176,314.279444470379,4.94097424,0.0621843562
57,1.2169126605593898e-05,3.114309559367161e-05,1.2169126605593898e-05,0.7853480932349345,312.33754278342457,5.36754131,0.0622702241
54,1.258089477749834e-05,3.213430984354551e-05,1.258089477749834e-05,0.7946006636228802,311.9620536517961,5.13286304,0.0621101223
62,1.4351802704216829e-05,3.718051094007573e-05,1.4351802704216829e-05,0.8409225054480517,327.5365995172947,5.92212963,0.062536113
59,1.4960025503520337e-05,3.837166577120447e-05,1.4960025503520337e-05,0.8572204625877536,320.68450760274754,5.84873867,0.0623916313
57,1.5055314483950951e-05,3.868795662767326e-05,1.5055314483950951e-05,0.8634547010146172,322.8616954292991,5.69127798,0.0623791739
56,1.3150432644149645e-05,3.3801521441806045e-05,1.3150432644149645e-05,0.8183024706307522,323.8357842143446,5.70607758,0.0623312332
56,1.3507221972612748e-05,3.5066624676509406e-05,1.3507221972612748e-05,0.8253736927640671,331.32249524937475,5.85289717,0.0624094084
55,1.1521849933330408e-05,2.9693828846949406e-05,1.1521849933330408e-05,0.7812157449750801,324.6628116038269,5.10506344,0.0623009093
56,1.2674843588764132e-05,3.28867914852191e-05,1.2674843588764132e-05,0.8059263720234848,328.74129015569713,5.60867167,0.06243027
56,1.3219561721248292e-05,3.416074309706163e-05,1.3219561721248292e-05,0.8185177766985122,327.59208103023593,5.48725033,0.0623244308
58,1.3498596180972525e-05,3.4979147197529934e-05,1.3498596180972525e-05,0.8265034086716088,333.3700108877056,5.6360631,0.0624033697
61,2.0885084569073174e-05,4.8134810048160856e-05,2.0885084569073174e-05,0.9889339930872127,245.73619816174997,6.56823397,0.0624633841
61,1.9250388187473994e-05,4.4468945371235046e-05,1.9250388187473994e-05,0.9456071390441723,239.4319609302414,6.26759672,0.0625095963
55,1.7054842675772402e-05,4.035220667388161e-05,1.7054842675772402e-05,0.8481416645438095,219.7286078539626,6.38713217,0.0625732467
53,1.2346237249834302e-05,2.9295461931207464e-05,1.2346237249834302e-05,0.744320460195713,204.77753530983404,6.06712151,0.062401861
53,1.4121988163689192e-05,3.412100388779114e-05,1.4121988163689192e-05,0.775886758888211,210.62997219453962,6.64080763,0.0624313019
56,1.6400010988708596e-05,3.9290298164580264e-05,1.6400010988708596e-05,0.8306932781113296,218.4682845746712,6.62964821,0.0624731369
51,5.944730007563004e-06,1.3878675087274665e-05,5.944730007563004e-06,0.59870370593661,190.89672230561573,4.65137148,0.0624521784
54,7.385938814560471e-06,1.7296632252394697e-05,7.385938814560471e-06,0.6395566373684867,197.25533657273604,4.68297148,0.0625850111
54,9.940198430484847e-06,2.383076826673395e-05,9.940198430484847e-06,0.6926130587929668,202.96708358266474,5.58812857,0.062493667
52,4.1204776105500205e-06,9.695384658800668e-06,4.1204776105500205e-06,0.5426075236354451,185.85826111950615,4.51601648,0.0625335723
50,3.0740512406190135e-06,7.1392288216379475e-06,3.0740512406190135e-06,0.5009385891619381,179.6823670785046,4.25538683,0.0623064339
50,3.0116259420952823e-06,6.997433263562081e-06,3.0116259420952823e-06,0.494208813753078,175.82591060358754,4.06147909,0.0622714162
49,2.880713277496862e-06,6.498905792689347e-06,2.880713277496862e-06,0.49322834660305254,171.3527419170558,3.81495142,0.0622881725
58,2.0392771453495426e-05,4.8475807691693346e-05,2.0392771453495426e-05,0.9170188279228342,229.7960518552623,6.48618317,0.062537387
60,1.950206251596473e-05,4.639831352702426e-05,1.950206251596473e-05,0.8929855826379168,226.2813420024338,6.45666265,0.0624863505
59,2.0011229193728082e-05,4.6816926932431975e-05,2.0011229193728082e-05,0.9368766170719982,236.84008951273654,5.91976547,0.0624292828
60,1.8467634136950444e-05,4.2622657394793305e-05,1.8467634136950444e-05,0.9308145707359582,237.99199853513724,6.03060198,0.062479984
62,2.092904037966909e-05,5.06568864973005e-05,2.092904037966909e-05,0.9231368606615058,234.5266064625113,6.85772705,0.0625509471
45,2.423616683008807e-06,5.327876336503791e-06,2.423616683008807e-06,0.4711284928821791,162.43932209896346,3.44668627,0.06258782
48,2.2477618568556147e-06,4.929921263349534e-06,2.2477618568556147e-06,0.461488476924898,160.68398847684938,3.3832078,0.0624729022
49,2.1345313396017567e-06,4.640525355293359e-06,2.1345313396017567e-06,0.4562370652988753,158.96069734631322,3.35812283,0.062463142
47,2.3625720113783004e-06,5.225119887463086e-06,2.3625720113783004e-06,0.47084877478251463,167.9104183528333,3.60718036,0.0623046905
42,4.286094258511001e-06,9.603208019814239e-06,4.286094258511001e-06,0.5104923099086233,139.57407432382578,3.52291226,0.0627572685
45,4.062264340191153e-06,9.031310302431654e-06,4.062264340191153e-06,0.5048032605187166,137.41383055097933,3.45107198,0.0630525872
45,4.132352240243404e-06,9.310217100717473e-06,4.132352240243404e-06,0.512214393394544,147.084740992891,3.52411985,0.0628193691
44,4.144754424678496e-06,9.334218722973756e-06,4.144754424678496e-06,0.5090684758274143,144.65547900773447,3.50377297,0.0628744066
42,3.3969868009473685e-06,7.359163366121206e-06,3.3969868009473685e-06,0.4872994811977589,136.06853883510848,3.23179817,0.0626895651
45,2.956514194027928e-06,6.412520464260716e-06,2.956514194027928e-06,0.48567052970412017,151.37460770279995,3.25444078,0.0626677573
47,3.574979791188169e-06,7.891720215424852e-06,3.574979791188169e-06,0.5007675452448754,149.575828422902,3.22425532,0.0625991225
45,2.501161939799139e-06,5.37491904338667e-06,2.501161939799139e-06,0.47343094825786924,155.31326175488343,3.22175503,0.0626637563
45,8.207994634472796e-06,1.6278237462631578e-05,8.207994634472796e-06,0.6155311909660862,102.48352551242881,4.16529036,0.0633900315
43,8.232074870161638e-06,1.6187303927942278e-05,8.232074870161638e-06,0.6200931405908461,101.93825988563316,4.12974739,0.0635191202
43,1.2017091192743971e-05,2.4453165948290887e-05,1.2017091192743971e-05,0.6820713621055805,103.14483492049814,4.76420307,0.0639862493
43,1.1122036057141996e-05,2.2808955102937534e-05,1.1122036057141996e-05,0.6593102832173449,102.69814195750965,4.62003088,0.0635049045
43,1.1560757076834937e-05,2.375218709581299e-05,1.1560757076834937e-05,0.6696849743371295,103.79320468219318,4.62927532,0.0633808523
43,7.548780574658575e-06,1.4921068393238379e-05,7.548780574658575e-06,0.5988315259170774,102.60773899185283,3.70297074,0.0631439686
44,1.2291268457910525e-05,2.5309929094681593e-05,1.2291268457910525e-05,0.6900834961907121,106.62213704733371,4.65186834,0.0638358369
42,1.244364866440798e-05,2.5558505609100853e-05,1.244364866440798e-05,0.6966937080632788,108.58992208637984,4.5720458,0.0631812811
43,1.2288725001529089e-05,2.5194339035494354e-05,1.2288725001529089e-05,0.6878537980406051,105.09334274661987,4.67032909,0.0638549849
47,1.4416286174283522e-05,2.9824425549007238e-05,1.4416286174283522e-05,0.7465469872133967,123.5466084298237,4.53132963,0.0627955571
46,1.3427014173000008e-05,2.7726430976733713e-05,1.3427014173000008e-05,0.7359581356945757,127.22989241556628,4.40614367,0.0625976548
45,1.4481445261249846e-05,3.020872025065369e-05,1.4481445261249846e-05,0.7527631749063335,132.74868046467552,4.45614862,0.0626288354
47,1.5316922979872595e-05,3.21406966980667e-05,1.5316922979872595e-05,0.7692155586233749,138.37130884377476,4.50097322,0.062527746
48,1.563952309012309e-05,3.308976962729376e-05,1.563952309012309e-05,0.7767982003056113,144.29492208404943,4.75300121,0.0624522232
50,1.5623416243843158e-05,3.3545075410067545e-05,1.5623416243843158e-05,0.778613976850378,152.16059217959904,5.11247158,0.0626707301
50,1.76734815974402e-05,3.838736141268378e-05,1.76734815974402e-05,0.816402356046811,163.7118254011364,4.98164463,0.0620412715
50,1.635125154735995e-05,3.541192798214167e-05,1.635125154735995e-05,0.7948601234037407,159.67488185199662,5.32445717,0.0626197308
44,1.181995350817097e-05,2.4152991335663405e-05,1.181995350817097e-05,0.6923597940988383,111.1454342978453,4.55320835,0.0629229397
44,1.1328400849637268e-05,2.3095163170287806e-05,1.1328400849637268e-05,0.6896958733522355,115.05263212105555,4.37522793,0.0632277131
45,1.273906380905324e-05,2.617117011969663e-05,1.273906380905324e-05,0.7180642975295353,120.82356754002515,4.56230593,0.0628731847
43,1.1692321550075387e-05,2.389783373961822e-05,1.1692321550075387e-05,0.6987806600281564,117.4291696724607,4.55218029,0.0633232296
44,2.5380228330827126e-06,5.2929183809803355e-06,2.5380228330827126e-06,0.459415525718669,130.17437834964198,3.01686025,0.0627002344
44,2.362168319019274e-06,4.8753007734420825e-06,2.362168319019274e-06,0.45234577159859696,128.69381022597824,2.95584798,0.0624209121
43,2.825766447311485e-06,5.971156071475993e-06,2.825766447311485e-06,0.4722492739501097,133.60547563805503,3.09497833,0.0624449626
46,2.4968821770311143e-06,5.1682597911938525e-06,2.4968821770311143e-06,0.45284641320779073,125.35867690923305,2.9868145,0.0623251759
43,2.6574278108454224e-06,5.533061147120569e-06,2.6574278108454224e-06,0.45462784110517496,121.01439285287563,3.06219077,0.0627141744
44,2.047806927529829e-06,4.201339666651661e-06,2.047806927529829e-06,0.4325868612048784,124.40616999118048,2.91794777,0.0626080185
43,2.6701956565466803e-06,5.5445587021190705e-06,2.6701956565466803e-06,0.45327594407979266,119.72356111435519,2.83830523,0.0622110069
44,2.9097631730413053e-06,6.103538652343444e-06,2.9097631730413053e-06,0.46091758119990534,119.22611731597826,3.08278871,0.062400654
41,3.1547816229234966e-06,6.644029906761829e-06,3.1547816229234966e-06,0.4660010272472336,117.23797655967384,3.02601743,0.0623671524
41,4.013633614468078e-06,8.585234319508566e-06,4.013633614468078e-06,0.4797416761825508,111.60888493032577,3.30723596,0.0625855029
40,4.325446524585808e-06,9.229992664173043e-06,4.325446524585808e-06,0.4857727299911952,110.07836613214789,3.50128007,0.0627942458
44,3.621566471112971e-06,7.415329066391408e-06,3.621566471112971e-06,0.4739725219205872,109.02067669057935,2.97358632,0.0631145462
42,3.6039255502552475e-06,7.666498656316818e-06,3.6039255502552475e-06,0.4727151238357769,113.97460482260051,3.20142174,0.0625164211
42,3.2607409270137133e-06,6.898820232998083e-06,3.2607409270137133e-06,0.4683545053447163,116.95908462283717,3.07291102,0.0625848547
41,3.421513362797678e-06,6.674435785020449e-06,3.421513362797678e-06,0.46903584255117464,105.2631735284644,3.16179419,0.0628033578
42,3.6635109436023994e-06,7.2148399258016996e-06,3.6635109436023994e-06,0.46933149575834615,104.7827227792728,3.41588211,0.062722154
40,3.841150661114501e-06,7.479633013505124e-06,3.841150661114501e-06,0.473894465791599,104.28700466012687,2.99370122,0.0624605864
40,3.841764633817165e-06,7.531426845414892e-06,3.841764633817165e-06,0.4702424669237701,104.12752219475621,3.27050662,0.0624412932
39,4.1155227085117e-06,8.00069541138119e-06,4.1155227085117e-06,0.4783412682339896,103.75504914007814,3.12769246,0.0623317547
37,4.298465374385634e-06,8.317149465122826e-06,4.298465374385634e-06,0.4855480854036134,102.94502235097536,3.09669209,0.0623236969
44,3.0237991921559034e-06,5.9273948674692185e-06,3.0237991921559034e-06,0.45779031138321974,106.48249552150432,2.9933157,0.0626561046
43,3.2266136583489165e-06,6.371924387671516e-06,3.2266136583489165e-06,0.4607032013622909,106.50962804624099,3.33925676,0.0627064779
36,4.544187383847622e-06,8.796594147802001e-06,4.544187383847622e-06,0.4911010220960919,102.7933043520875,3.07179165,0.0621111952
38,4.652841519196149e-06,9.019563608796304e-06,4.652841519196149e-06,0.4915215001573346,103.1180602989796,3.05840278,0.0621566363
44,5.845692093246059e-06,1.1511771157970597e-05,5.845692093246059e-06,0.5480848322206663,102.6625319841868,3.47187781,0.0633100569
42,4.662827663139143e-06,9.15522986303999e-06,4.662827663139143e-06,0.4999807062429333,103.38484988199812,3.40008044,0.0626701936
42,5.043287371607243e-06,1.0031954236808185e-05,5.043287371607243e-06,0.5104340944273917,103.48493250182328,3.52068543,0.0627774075
45,5.344127834261246e-06,1.0695759599548997e-05,5.344127834261246e-06,0.5203292828661013,103.59490236899781,3.71046591,0.0628113672
44,6.59986903233431e-06,1.3410902643765461e-05,6.59986903233431e-06,0.5532881924091104,103.29961109240391,3.8392272,0.0632253364
46,7.924171203380451e-06,1.5978649179458798e-05,7.924171203380451e-06,0.5976385540134616,103.1030713559954,4.01890087,0.0632885247
44,7.003386216188368e-06,1.4029984624364668e-05,7.003386216188368e-06,0.573979754280764,103.10703032550056,3.71891546,0.0631980896
39,4.615541523278597e-06,8.987772984609826e-06,4.615541523278597e-06,0.4876069527719866,103.63696289833102,3.25133467,0.0620940998
37,4.678546367455762e-06,9.211101151812841e-06,4.678546367455762e-06,0.4903130886808697,103.20428692346115,3.82257032,0.0622571558
39,4.4868405022047225e-06,8.868901239049413e-06,4.4868405022047225e-06,0.4830116476337456,103.47016310030392,3.79977822,0.0623486564
42,4.6006390751589415e-06,9.06690385590916e-06,4.6006390751589415e-06,0.49045488042345364,103.3842248863713,3.64951563,0.0625874177
40,4.42390649584491e-06,8.707931842702422e-06,4.42390649584491e-06,0.48893244210881603,103.50911207109178,3.40674496,0.0626740307
55,1.2669859388175337e-05,3.233936031276713e-05,1.2669859388175337e-05,0.7973117864645703,315.19101558735906,5.07740784,0.0621021204
57,1.2708067115122294e-05,3.229531680828672e-05,1.2708067115122294e-05,0.79219715141615,304.210364341488,5.24024677,0.0622400455
60,1.2626513031290296e-05,3.239842432884403e-05,1.2626513031290296e-05,0.7917107125098547,319.95441670383997,5.3193655,0.0621224903
52,1.9605052447162633e-05,4.394359322919277e-05,1.9605052447162633e-05,0.8660621662776492,192.146057505778,5.4786005,0.0619677417
52,1.9321261617865487e-05,4.303377635006589e-05,1.9321261617865487e-05,0.8565820678000469,187.91607253950642,5.69509172,0.0620478317
52,1.871394221673137e-05,4.131858634740166e-05,1.871394221673137e-05,0.8421697362217133,178.72372931271389,5.25018358,0.0618544817
52,2.0090092984162564e-05,4.553839301269929e-05,2.0090092984162564e-05,0.8828468911698365,204.7191982346981,5.74336529,0.0620181002
52,1.9982812467187674e-05,4.598063865432538e-05,1.9982812467187674e-05,0.8910925725493808,219.3242519673639,5.89515781,0.0619886778
54,1.8914286210394884e-05,4.3893998577928254e-05,1.8914286210394884e-05,0.8839860317254197,228.33119235568427,6.11701584,0.062226519
55,1.870503525454364e-05,4.40070709405116e-05,1.870503525454364e-05,0.8856999589389667,240.32789910414942,6.20784807,0.0620298907
53,1.526893140832353e-05,3.676377189967549e-05,1.526893140832353e-05,0.8343211189515095,249.74473574265954,5.91402388,0.0618835762
53,1.406498955582785e-05,3.464609677507034e-05,1.406498955582785e-05,0.810935312066368,260.7574777665951,5.89431763,0.0620300174
53,1.352756005114895e-05,3.326811901020328e-05,1.352756005114895e-05,0.8024620562874494,267.2076972225787,5.56508923,0.0621372573
54,1.3006384925499882e-05,3.259993960553572e-05,1.3006384925499882e-05,0.793631254441375,283.7957375283615,5.66047001,0.0622303635
54,1.3000869463193164e-05,3.274107084046871e-05,1.3000869463193164e-05,0.7958007563549844,293.1539409288104,5.29885101,0.0621797107
54,1.3688969355794974e-05,3.4238193593599166e-05,1.3688969355794974e-05,0.8062591461702624,280.9782257544432,5.78635502,0.0622086227
53,1.702487329420513e-05,3.727997752922902e-05,1.702487329420513e-05,0.8083972441601229,167.38163672995316,5.41731644,0.0622263551
57,1.9467222568670903e-05,4.9140174588657164e-05,1.9467222568670903e-05,0.9653744762986555,292.2370100247073,7.05846071,0.0624380074
61,2.1044537540912536e-05,5.2647871958931565e-05,2.1044537540912536e-05,0.993571877927301,283.485389056053,7.44472551,0.0626029596
61,1.6410142351565557e-05,4.2377501822197895e-05,1.6410142351565557e-05,0.8865879357443531,321.67642919058267,6.17387867,0.0624306612
61,1.6949763494413443e-05,4.394804955266937e-05,1.6949763494413443e-05,0.8951665902843442,318.1731451126743,6.5856967,0.0624476485
60,1.6856901076458703e-05,4.3341607849986095e-05,1.6856901076458703e-05,0.9021638401273913,310.79778635030834,6.48861551,0.0624162108
61,1.9051175584891354e-05,4.930575866893511e-05,1.9051175584891354e-05,0.9388160707912513,318.36377979556244,7.36212111,0.0624545738
61,1.7332841461877457e-05,4.414604962924057e-05,1.7332841461877457e-05,0.9186605785654426,306.4485783093584,6.45922232,0.0625593513
58,1.8260876524917648e-05,4.6364960223005064e-05,1.8260876524917648e-05,0.9437878854887023,303.9913321660439,6.73699331,0.0626184791
57,1.9274278195177475e-05,4.878406526756498e-05,1.9274278195177475e-05,0.9649926103395393,298.0185617633441,7.32147217,0.0625112504
62,2.11678429183088e-05,5.2664462575324666e-05,2.11678429183088e-05,0.994333809629322,277.33780365501053,7.42500877,0.0625339895
64,2.3804011476179268e-05,5.618659191310291e-05,2.3804011476179268e-05,1.0562847196686513,266.27646066056775,7.4088335,0.0623942725
65,2.1397476020803726e-05,5.2357196614633835e-05,2.1397476020803726e-05,1.0090155438926711,275.05040079582244,7.25599146,0.0624009408
64,2.4453345213247322e-05,5.687233662795732e-05,2.4453345213247322e-05,1.0702184228499487,260.3635379042586,6.6277442,0.0625749975
60,2.2352347984000534e-05,5.1755357657711995e-05,2.2352347984000534e-05,1.015225166751964,250.56938149192044,6.68698788,0.0625042543
56,1.1107864332876976e-05,2.8442293888147972e-05,1.1107864332876976e-05,0.774871561465727,322.16647804054134,4.9196887,0.0621687546
57,1.1122540071466813e-05,2.8609494251726958e-05,1.1122540071466813e-05,0.7681765594805291,322.3183771190762,5.00515223,0.0621872768
55,1.2228787350852372e-05,3.144959708730451e-05,1.2228787350852372e-05,0.7901287028663745,323.7565565490392,5.16623068,0.0621423014
54,1.321990630494216e-05,3.4105657150564914e-05,1.321990630494216e-05,0.8061799875987699,323.3863149348229,5.25197935,0.0623518154
59,1.3952047669228988e-05,3.606876249626886e-05,1.3952047669228988e-05,0.8407940351458648,331.4129626598651,5.63196564,0.0624717288
58,1.460593814874374e-05,3.81992320416738e-05,1.460593814874374e-05,0.8486582002326104,336.2253969840175,6.11263895,0.0624293014
58,1.4832846585912572e-05,3.8261884240891464e-05,1.4832846585912572e-05,0.862329322759107,331.2379339146056,5.72764015,0.0623403154
59,1.5713366947211054e-05,4.0380957200223174e-05,1.5713366947211054e-05,0.8824298607718898,328.95024220008736,5.81191301,0.0623576865
57,1.3275831455578022e-05,3.4487270122448617e-05,1.3275831455578022e-05,0.8241572784674198,336.42311227313456,5.6402688,0.0624006838
57,1.355448087925585e-05,3.519615201178515e-05,1.355448087925585e-05,0.8339804882704651,339.8625418767396,5.35683823,0.0623301119
57,1.1950597583494486e-05,3.10310240552095e-05,1.1950597583494486e-05,0.7929322271734393,336.72360204888344,5.40583038,0.0624268614
57,1.1273356214494859e-05,2.90048493029308e-05,1.1273356214494859e-05,0.7806673972464617,330.944696660341,5.03421307,0.0623468533
56,1.184083929968496e-05,3.084056545411517e-05,1.184083929968496e-05,0.7924861136730338,335.96942745454095,5.44081259,0.0623880848
57,1.2953742509938372e-05,3.394915180531888e-05,1.2953742509938372e-05,0.8118812692044011,339.16883919288057,5.65859509,0.0622999743
60,1.3869203382802665e-05,3.650100119680376e-05,1.3869203382802665e-05,0.8312448855868623,343.40349187477506,5.81677818,0.0623201318
62,2.120341088213705e-05,4.8813179914978594e-05,2.120341088213705e-05,1.0011684802159373,247.5555427627756,6.27224874,0.0625150427
61,2.245678007766678e-05,5.1966217750871096e-05,2.245678007766678e-05,1.0297814538097496,253.21550157797262,6.90487337,0.0624805503
61,1.9522752994275687e-05,4.5069406998609455e-05,1.9522752994275687e-05,0.9674080992254733,244.06527439877001,6.12606621,0.0625151321
54,1.4282383401456862e-05,3.4081217552172614e-05,1.4282383401456862e-05,0.7806360712536661,209.3141701982817,6.30350924,0.0623977482
55,1.5851136827654327e-05,3.816723691217871e-05,1.5851136827654327e-05,0.8137390367287509,216.12703132895754,6.59266138,0.0625350922
57,1.8070452095965575e-05,4.353633017186376e-05,1.8070452095965575e-05,0.8565148489268565,221.821527383003,6.87728357,0.0624427348
58,1.9214553956008963e-05,4.67058913397087e-05,1.9214553956008963e-05,0.872665888130423,224.97606307262726,7.0876646,0.0623188838
51,5.973633808780279e-06,1.4033274422118643e-05,5.973633808780279e-06,0.5993403799178799,191.9013202897223,4.73396587,0.0624154843
52,6.791991179611203e-06,1.6013057724352524e-05,6.791991179611203e-06,0.6234200345300807,196.65920640009998,4.77403307,0.0625085086
52,8.591747820311897e-06,2.0496872803915193e-05,8.591747820311897e-06,0.6653395006214541,201.14714326685294,5.26162767,0.062466722
55,1.2399843618328243e-05,2.986267319499843e-05,1.2399843618328243e-05,0.7413903358469294,206.570927305291,6.00763464,0.0624094866
50,4.055726676212549e-06,9.516617475927772e-06,4.055726676212549e-06,0.540363048882836,186.58005584058353,4.48559761,0.0625034645
52,3.0233236879033153e-06,7.247760570737191e-06,3.0233236879033153e-06,0.4941083124206634,182.11846726319885,4.28725147,0.0626525283
50,2.656190192272123e-06,6.220424528528184e-06,2.656190192272123e-06,0.4803684736508574,177.627058224599,3.96289754,0.0626017377
49,2.899086570632678e-06,6.62968573308431e-06,2.899086570632678e-06,0.4907328632079417,173.9625903817891,3.80057669,0.0624641627
59,2.0922570346087484e-05,5.010422847455145e-05,2.0922570346087484e-05,0.9209982080711921,231.07852333676945,6.77692699,0.0624161512
65,1.877743871304676e-05,4.344881220079437e-05,1.877743871304676e-05,0.9443478038331931,241.8402959394648,6.16910934,0.0626301393
63,2.045644640598105e-05,4.8631450046664875e-05,2.045644640598105e-05,0.9382412263938414,238.26264610453669,6.42100573,0.0626851097
47,2.206474152880056e-06,4.879289860719575e-06,2.206474152880056e-06,0.4617724918281495,166.26206484577452,3.46551657,0.0624751709
49,2.01570634856801e-06,4.487003150159986e-06,2.01570634856801e-06,0.4499048640194251,164.03602745590976,3.35068774,0.0624100938
49,1.980785289224071e-06,4.3730171436181125e-06,1.980785289224071e-06,0.44758214732705526,160.6727841555889,3.36675334,0.0623937137
49,2.4792844799378326e-06,5.650868402517151e-06,2.4792844799378326e-06,0.47085577896031844,170.59674130685295,3.78227353,0.0624385737
44,3.8305146358452074e-06,8.473790140753855e-06,3.8305146358452074e-06,0.5013203787824035,140.3477982131764,3.35733843,0.0626194403
43,4.071239012680037e-06,9.147380581136486e-06,4.071239012680037e-06,0.5055981042672657,142.9123524529842,3.48158026,0.0627676398
43,3.3912983903716966e-06,7.369758460875865e-06,3.3912983903716966e-06,0.48992352225977853,138.8632767068754,3.25604033,0.0626868531
43,3.68825269518938e-06,8.202191799281798e-06,3.68825269518938e-06,0.5017769257807569,148.61548594225417,3.38471389,0.0626043677
43,3.908300606682976e-06,8.77961316137622e-06,3.908300606682976e-06,0.5059446645100579,146.64706152994754,3.42637444,0.0627346113
44,2.7469332117950207e-06,5.798066491154606e-06,2.7469332117950207e-06,0.4694655241443777,137.01102019754993,3.05489349,0.0626685247
44,2.7491881540179273e-06,5.883252896877993e-06,2.7491881540179273e-06,0.48076214813796225,152.75659712569467,2.95269179,0.0626617968
44,2.9019781038091814e-06,6.2998303863120505e-06,2.9019781038091814e-06,0.48257599585110844,151.8276462724749,3.22962976,0.0627396554
45,2.280289987120165e-06,4.930603129080479e-06,2.280289987120165e-06,0.46478814847288963,156.519644028904,3.30519748,0.0627199486
44,1.0460483301613987e-05,2.1439741641044336e-05,1.0460483301613987e-05,0.6443051782507586,102.67590655759602,4.5620122,0.0635606945
43,1.2014550975342647e-05,2.4691288184048732e-05,1.2014550975342647e-05,0.6823171513194874,105.21030987548767,4.64207697,0.0633591637
42,1.1055593435638412e-05,2.273841153159209e-05,1.1055593435638412e-05,0.6576344548646453,103.31622924319706,4.55538368,0.0633560345
41,1.1376397509401191e-05,2.339374434378186e-05,1.1376397509401191e-05,0.670407013811724,105.18036664415186,4.56107712,0.0629739091
42,1.0614190338766955e-05,2.192879018258564e-05,1.0614190338766955e-05,0.6503025680551915,104.62532351217824,4.54963827,0.0632216856
42,9.652955907364955e-06,1.9853480826511268e-05,9.652955907364955e-06,0.6240042221027728,102.59227477676386,4.44985533,0.0633684546
41,1.12602425738046e-05,2.3042412388970907e-05,1.12602425738046e-05,0.6769944360902754,107.78459548952856,4.43091917,0.0634729341
44,1.0360801143234249e-05,2.1080772137550273e-05,1.0360801143234249e-05,0.6676002319401243,110.42693220806497,4.45572472,0.0630856454
45,1.1784041850125102e-05,2.4228720132860078e-05,1.1784041850125102e-05,0.7064985207566624,125.13467293605665,4.53549385,0.0627614185
46,1.2804049634299002e-05,2.6592552866125855e-05,1.2804049634299002e-05,0.7253372270814268,130.93772542655307,4.53816462,0.0626131892
47,1.3390917708439997e-05,2.8031745457147955e-05,1.3390917708439997e-05,0.7367164095515417,135.26697801884515,4.76815748,0.0625845492
47,1.430618052859207e-05,3.0226434528600576e-05,1.430618052859207e-05,0.7518946539321114,140.58445701071494,4.81249762,0.0624955297
52,1.5147801317109507e-05,3.2452979424704466e-05,1.5147801317109507e-05,0.7658315635055656,148.24077783562197,5.27819252,0.0625410005
50,1.6082725028447598e-05,3.470707768664197e-05,1.6082725028447598e-05,0.7824130016558958,153.4744595675677,5.30571365,0.0626117215
52,1.7558969943877532e-05,3.868456375063417e-05,1.7558969943877532e-05,0.8061594172437099,164.10496770365805,5.49292421,0.0624490492
43,1.1286888602042072e-05,2.299869222307826e-05,1.1286888602042072e-05,0.6854867617369579,112.41167718611351,4.29872751,0.0631382614
43,9.564499204407944e-06,1.94007192859723e-05,9.564499204407944e-06,0.659438343215137,116.32256472057352,4.46494007,0.0636460856
46,1.0449919181903712e-05,2.1331086471044653e-05,1.0449919181903712e-05,0.6782811446780291,118.6573870123892,4.52308941,0.0630214661
47,1.1901069183420608e-05,2.4409953271718608e-05,1.1901069183420608e-05,0.7072292187698627,122.78429943688873,4.56693554,0.0628992692
45,1.1025792653333927e-05,2.2611390757002362e-05,1.1025792653333927e-05,0.6912594302909698,122.24452445735395,4.5575161,0.0630304813
45,2.3216692073461755e-06,4.828244635738959e-06,2.3216692073461755e-06,0.4524651379937946,133.71069987273808,3.06005049,0.0624535419
46,1.929873443949057e-06,4.029749554797245e-06,1.929873443949057e-06,0.4317169353875977,132.01572309944,3.04739428,0.0625346452
45,1.9548478950946658e-06,4.03542171549353e-06,1.9548478950946658e-06,0.43237699508246824,129.08422568256992,2.94694567,0.0623479784
45,2.1399895899583323e-06,4.387577215048316e-06,2.1399895899583323e-06,0.4482120478882703,136.42344507812095,2.95360923,0.0623389594
44,1.989221726039381e-06,4.095258360588921e-06,1.989221726039381e-06,0.4332259199587401,126.8053240442238,3.0490458,0.0623745322
42,2.2872243489861112e-06,4.724333102953904e-06,2.2872243489861112e-06,0.4419252249793929,123.92365231873603,3.04757762,0.0627365038
43,1.8039800765890339e-06,3.7670838507306087e-06,1.8039800765890339e-06,0.42031897700314785,127.33153216421742,3.0121839,0.0627786964
44,2.5684560687804726e-06,5.356123538568318e-06,2.5684560687804726e-06,0.44985566132679605,122.01483149580233,3.07525969,0.0625179112
42,2.497622891284106e-06,5.137209514198608e-06,2.497622891284106e-06,0.4483506857694826,120.50566386107398,2.80180144,0.0624192692
43,2.9646285399898535e-06,6.210223436987494e-06,2.9646285399898535e-06,0.4624070294585769,120.9800453874334,3.07510662,0.0626314282
43,4.0501584138771674e-06,8.687502385150341e-06,4.0501584138771674e-06,0.48256886286446665,113.52203617912534,3.36310577,0.062458951
41,4.120996693226033e-06,8.67944723894548e-06,4.120996693226033e-06,0.48629887372144576,111.58108872870334,3.29730868,0.0626315922
43,3.3057747463696035e-06,6.632361826266213e-06,3.3057747463696035e-06,0.466577131457221,108.1545754354758,3.15051675,0.0630927235
41,3.505145843589486e-06,7.1200793343959324e-06,3.505145843589486e-06,0.47348930329740074,110.91564670658347,3.16902947,0.062740609
42,3.7483403738470753e-06,8.000328177024946e-06,3.7483403738470753e-06,0.47954939158950394,117.1462087886731,3.19876838,0.0628498644
42,3.464345507478904e-06,6.872577423129263e-06,3.464345507478904e-06,0.46490122648984616,106.25861047167392,3.39207745,0.062567696
40,3.5716863810616666e-06,6.997351691201015e-06,3.5716863810616666e-06,0.4670127381410433,105.84814378269763,3.09700656,0.0626543388
39,3.7305225433338257e-06,7.316807252493977e-06,3.7305225433338257e-06,0.4705524751729196,104.80993787843165,3.28499269,0.0626033992
41,3.869012502480976e-06,7.602245744303131e-06,3.869012502480976e-06,0.46878936218506234,104.4370798277873,3.22323966,0.0625323728
40,4.282967971473512e-06,8.363673320051106e-06,4.282967971473512e-06,0.4810091728525554,103.55843378175733,3.24793792,0.0622237325
39,3.992469012794915e-06,7.814850584562086e-06,3.992469012794915e-06,0.4715397200735711,104.12778074217114,3.52327871,0.0623650663
43,3.1030992305211603e-06,6.1163213164442265e-06,3.1030992305211603e-06,0.4610915760162709,108.05209964360662,3.18211961,0.0627080426
43,3.2233097124136513e-06,6.365185397795753e-06,3.2233097124136513e-06,0.4622606852322851,107.82862384529358,3.09126329,0.0627489835
39,4.251258192944861e-06,8.274250235975669e-06,4.251258192944861e-06,0.4790809190297293,103.59079998428707,3.05118704,0.0621688925
37,4.329691104998985e-06,8.493862532486662e-06,4.329691104998985e-06,0.48027438707161324,103.41042040800016,3.60733581,0.0621052571
46,8.109662871682469e-06,1.6887430661446e-05,8.109662871682469e-06,0.5805732178177784,103.81128683482603,4.21783829,0.0629079565
41,4.465100484860108e-06,8.86508735108877e-06,4.465100484860108e-06,0.4896046125461891,103.93098322451068,3.5802238,0.0628280267
43,5.216735558318019e-06,1.0561420639397316e-05,5.216735558318019e-06,0.5060251046227484,104.52813210171296,3.35499096,0.0628249496
43,6.172857912274533e-06,1.2689741823502245e-05,6.172857912274533e-06,0.5287900542525837,104.2327263769065,3.60530734,0.0628529862
44,7.147705602924681e-06,1.4892254602410946e-05,7.147705602924681e-06,0.5519464806975412,103.93708606103661,3.96822476,0.0631729886
44,7.837796941167448e-06,1.648616254849646e-05,7.837796941167448e-06,0.5668331730031506,104.41846383127314,4.14249754,0.0631107464
45,8.811418986755553e-06,1.8182694157929796e-05,8.811418986755553e-06,0.6046910951774539,103.4943771661545,4.3274436,0.0633661076
46,8.481892586047565e-06,1.77177592835446e-05,8.481892586047565e-06,0.5890004742313082,103.97267785420783,4.23748684,0.0629321635
37,4.373930246346503e-06,8.592662149133758e-06,4.373930246346503e-06,0.48006372484288284,102.89781150862503,3.58761191,0.0621679872
37,4.239995833649877e-06,8.300414972586194e-06,4.239995833649877e-06,0.4759442350015397,103.44870233472119,3.13182068,0.0624210946
40,4.292282218004563e-06,8.484232003211229e-06,4.292282218004563e-06,0.4755057034588828,103.636463238511,3.50841141,0.0625017509
40,4.362007634165195e-06,8.59286584640619e-06,4.362007634165195e-06,0.4833089258144457,103.62843291300844,3.51979136,0.062611483
41,4.09788002891388e-06,8.069123514910739e-06,4.09788002891388e-06,0.47526711690621576,103.96202438405828,3.13638854,0.0627962425
55,1.2640536814924207e-05,3.269290263296598e-05,1.2640536814924207e-05,0.7944832823798934,331.77623621447583,5.48987532,0.0623334236
55,1.3566893178273718e-05,3.446718029768591e-05,1.3566893178273718e-05,0.8088361749586107,305.3554999857493,5.38613844,0.0622258
56,1.3512609892599357e-05,3.4863060204212405e-05,1.3512609892599357e-05,0.8083652981294372,327.6690222644247,5.32437181,0.0621268675
55,1.3945080405576077e-05,3.583067257012555e-05,1.3945080405576077e-05,0.815950028083236,318.47206808642625,5.56988335,0.0621681623
53,1.9265151679863242e-05,4.345404168483058e-05,1.9265151679863242e-05,0.8595596169228749,196.09975330854942,5.76897049,0.0620933883
50,1.9552355089841884e-05,4.383646416425324e-05,1.9552355089841884e-05,0.8655369952209393,193.12366159193851,5.91058826,0.0620850436
55,1.8312639725579225e-05,4.08685928971566e-05,1.8312639725579225e-05,0.8383853881354001,185.41941821819327,5.39645147,0.062040247
53,1.7954181793035857e-05,3.962546294478237e-05,1.7954181793035857e-05,0.8301450477830831,176.44776593535957,5.40444279,0.0620996766
53,2.0242882587535113e-05,4.593340634672759e-05,2.0242882587535113e-05,0.8864419521663207,207.7046285806143,5.68123913,0.0620865859
52,2.069333583169518e-05,4.7818130656388874e-05,2.069333583169518e-05,0.9087748622305911,227.05109048205148,6.22876072,0.0619344302
54,2.0545463314567634e-05,4.808140341080659e-05,2.0545463314567634e-05,0.9090966382480302,239.84551717754886,6.08673906,0.0621414818
53,1.9348420102749407e-05,4.578249640037557e-05,1.9348420102749407e-05,0.8990220748337068,248.9061546447634,6.17169905,0.0620952062
52,1.5137390444683801e-05,3.684351214810869e-05,1.5137390444683801e-05,0.8371287429343179,263.2110282549833,6.15843487,0.0620232597
54,1.3946178263205346e-05,3.448006004734899e-05,1.3946178263205346e-05,0.8138275132699838,271.75945058544016,5.788517,0.0621969253
55,1.334198124824457e-05,3.323218336686968e-05,1.334198124824457e-05,0.8026799983619483,282.31513427764656,5.66172886,0.0622593276
53,1.3096170267274534e-05,3.3009019802306085e-05,1.3096170267274534e-05,0.7971133115988105,292.4709435421266,5.66146898,0.0622376576
55,1.3694651000636519e-05,3.4448419651798384e-05,1.3694651000636519e-05,0.806614556900727,289.99063808973665,5.85033417,0.0621534623
59,2.1426890132448362e-05,5.417114268342708e-05,2.1426890132448362e-05,0.9996947802419842,290.85775069229703,7.87448931,0.0625549182
62,2.303051316095935e-05,5.748807801992368e-05,2.303051316095935e-05,1.0401830591993773,285.73560104760656,8.4200325,0.062625289
59,1.685506021691073e-05,4.349223499810966e-05,1.685506021691073e-05,0.9071305491780142,328.951967208381,6.42867756,0.062459521
60,1.858681348215715e-05,4.807186526125498e-05,1.858681348215715e-05,0.9327643900199039,322.37587054962364,6.53454733,0.0623786859
61,1.8446279884630394e-05,4.791219648839153e-05,1.8446279884630394e-05,0.9353088497647604,315.7419769008127,7.16432953,0.0625014678
62,1.970393353483303e-05,5.074098363874545e-05,1.970393353483303e-05,0.9685015895471517,325.11165764322436,7.85826826,0.0624853522
63,1.8919397125592522e-05,4.808145327007075e-05,1.8919397125592522e-05,0.9611363340244682,305.47615240347426,6.75209045,0.0625765547
60,2.081821375621943e-05,5.382700392098658e-05,2.081821375621943e-05,0.9833932148053158,312.024824621926,7.7785697,0.0625745356
63,2.1930959582020626e-05,5.556253250870216e-05,2.1930959582020626e-05,1.022165891202708,300.6544701869299,7.49457788,0.0625710413
64,2.5043068330643123e-05,5.9325342282893494e-05,2.5043068330643123e-05,1.079463567073216,265.3284922004886,7.3208375,0.0625368953
65,2.482427798172269e-05,6.239361276778631e-05,2.482427798172269e-05,1.0584363705873698,276.56344556736127,10.4379148,0.0624485314
64,2.8812347488781254e-05,7.746276661842697e-05,2.8812347488781254e-05,1.0886444201200176,285.06254752428526,14.6561546,0.0624883175
63,2.5019491739658123e-05,5.825525330680817e-05,2.5019491739658123e-05,1.0813005594558887,260.1374467588765,7.11702204,0.0625374019
58,1.1541290976378017e-05,2.9849146380961116e-05,1.1541290976378017e-05,0.7778860152770161,330.9193434096896,5.08382797,0.0621807389
58,1.2547136183664123e-05,3.270635087127336e-05,1.2547136183664123e-05,0.7949220222902327,336.3663088733443,5.58507395,0.0621977113
55,1.3487443821320688e-05,3.497145785928193e-05,1.3487443821320688e-05,0.8109666436152042,333.29227129836573,5.3191123,0.0621809661
59,1.5009614297304925e-05,3.918619272553235e-05,1.5009614297304925e-05,0.8624100837061844,337.9598237728861,6.1645751,0.0622948855
58,1.523374868740612e-05,3.969045628404979e-05,1.523374868740612e-05,0.8691906029629867,341.3657546133489,6.05724669,0.0623445027
60,1.467670674910936e-05,3.860291004975802e-05,1.467670674910936e-05,0.8578736655715306,346.9401172900906,5.945508,0.0623731725
57,1.591989311120923e-05,4.1105540682666425e-05,1.591989311120923e-05,0.8910228556632381,334.638637319276,5.90267611,0.0623381436
62,1.7739704961856713e-05,4.607171276362984e-05,1.7739704961856713e-05,0.9213277406220258,333.60312126652167,6.4307003,0.0625217035
58,1.5445747341677118e-05,4.084447167669722e-05,1.5445747341677118e-05,0.8635447712360458,348.050441709874,6.03237867,0.0623327568
56,1.2349328951310288e-05,3.229908537869296e-05,1.2349328951310288e-05,0.8031917974142934,346.87603450977286,5.38720989,0.0623836331
61,1.1867703337873987e-05,3.0968825764404804e-05,1.1867703337873987e-05,0.7877493533325547,343.59812274065854,5.33381748,0.0622546263
56,1.2496608822855037e-05,3.2775551175725236e-05,1.2496608822855037e-05,0.8067376744374017,349.242435043834,5.55531549,0.0621929877
60,1.3485176797793811e-05,3.560801072158684e-05,1.3485176797793811e-05,0.8266494764885846,352.3419063366633,5.7994132,0.0622664392
63,2.283346327443343e-05,5.318763956116256e-05,2.283346327443343e-05,1.0340383818155194,251.74873838761903,7.25660181,0.0625326037
65,2.4975793759075257e-05,5.831500512392023e-05,2.4975793759075257e-05,1.080980422740454,257.99426424536205,7.26591539,0.0624934323
62,2.128209973755115e-05,4.947846401379001e-05,2.128209973755115e-05,1.0033035409418853,248.58053146224478,7.03844452,0.0625452101
53,1.372691163132875e-05,3.317074671844332e-05,1.372691163132875e-05,0.768800156713814,212.08318467743294,6.19296885,0.0625105873
58,1.4522923419830331e-05,3.502034429467126e-05,1.4522923419830331e-05,0.7926277534956385,217.3387815871698,6.39046764,0.0624610558
57,1.6843418491939065e-05,4.082923376350983e-05,1.6843418491939065e-05,0.8357185092956212,222.58535050785903,6.69400549,0.0625348166
57,2.0497056067611068e-05,4.969804638115583e-05,2.0497056067611068e-05,0.8999290656358911,228.05627199050863,7.19479084,0.0624814555
53,5.246567031473975e-06,1.2378527739689906e-05,5.246567031473975e-06,0.5815392166016556,193.66191111132812,4.85776949,0.0624158382
54,7.302152723662746e-06,1.741442953861424e-05,7.302152723662746e-06,0.6356473908545426,200.59044814555193,4.99389935,0.0625376925
55,1.1612459611660506e-05,2.795256467987498e-05,1.1612459611660506e-05,0.7268856105714097,207.10438233717363,5.80128336,0.0624033809
55,1.0103988454209967e-05,2.425485223783433e-05,1.0103988454209967e-05,0.6970988282124038,205.34533989135022,5.61472702,0.0624861717
53,1.371682946145962e-05,3.306333291945315e-05,1.371682946145962e-05,0.7715433488273054,212.23977151954284,6.44520235,0.0626479313
54,3.905698366231458e-06,9.250473264631778e-06,3.905698366231458e-06,0.5336918976766861,188.06890177940303,4.53929424,0.0624419376
52,3.046266635506529e-06,7.305938992039501e-06,3.046266635506529e-06,0.49450923469863795,182.85876157978421,4.29725218,0.0626008436
50,2.4931559915919247e-06,5.793961182650201e-06,2.4931559915919247e-06,0.47266114185168046,175.54050811257906,3.91162038,0.0626278967
50,2.8813934034079763e-06,6.844776948970263e-06,2.8813934034079763e-06,0.4843237337849027,179.04184254769655,3.98645926,0.0626092628
60,1.917749617981366e-05,4.6658358334879855e-05,1.917749617981366e-05,0.8872612547303689,232.4385987823658,6.78809071,0.0626288429
59,2.0552183152884707e-05,5.00767690688881e-05,2.0552183152884707e-05,0.9156775380311681,235.6823311735441,6.96109295,0.0626085252
61,2.130866103254454e-05,4.9063797391585264e-05,2.130866103254454e-05,1.0115960913748465,248.05642899674933,7.08191586,0.0625725389
58,2.0393506259311087e-05,4.716852267817745e-05,2.0393506259311087e-05,0.9891202324333626,245.53650865130197,7.0508256,0.0626927912
65,1.9112278315658527e-05,4.457772594945538e-05,1.9112278315658527e-05,0.9409191976211116,242.2961740528677,6.30665827,0.0626345053
48,2.07101235057727e-06,4.671195142509046e-06,2.07101235057727e-06,0.4534998682724806,168.87636921967817,3.5053277,0.0625180081
46,1.999192031091334e-06,4.552019909884236e-06,1.999192031091334e-06,0.44336277956585934,163.85634257807467,3.39056945,0.0624573603
48,1.9759701350502803e-06,4.459913383603134e-06,1.9759701350502803e-06,0.4430117950762187,162.7939331062699,3.38990426,0.0624707825
47,1.924045552072262e-06,4.265466673697475e-06,1.924045552072262e-06,0.4427922275075855,159.4054036363738,3.35032368,0.062495444
50,2.3852619724426285e-06,5.597842706203079e-06,2.3852619724426285e-06,0.46487946632417787,174.12492396196785,3.89778304,0.0626195967
43,3.8117315975882055e-06,8.498078563989308e-06,3.8117315975882055e-06,0.5013498308733926,143.07433783759527,3.37330317,0.0630190298
43,3.240158767210786e-06,7.02826557398655e-06,3.240158767210786e-06,0.4871156123145403,141.9669041633533,3.10525727,0.0626443103
45,3.724231178178116e-06,8.321174026304676e-06,3.724231178178116e-06,0.4990489916466911,145.58029018842936,3.38196039,0.0629463792
45,2.6015907398180138e-06,5.46697568070575e-06,2.6015907398180138e-06,0.4679657252411436,140.91607143717766,3.06266236,0.062325716
45,3.0406112939669215e-06,6.607401435912889e-06,3.0406112939669215e-06,0.48811461213756163,150.90033890188326,3.15706992,0.0626689345
46,3.1066426248357607e-06,6.767758617554378e-06,3.1066426248357607e-06,0.4882116412018546,149.9744866037973,3.20064211,0.0626833513
45,3.3659685711840442e-06,7.411625247821825e-06,3.3659685711840442e-06,0.49512416162170847,148.42650044408498,3.19402051,0.0629179776
45,2.549678729137022e-06,5.493206911641154e-06,2.549678729137022e-06,0.47310733641349545,153.92177226782567,3.23060417,0.0625955611
43,9.82967472842404e-06,2.0348582075262067e-05,9.82967472842404e-06,0.6279502782041388,103.4032513646039,4.39826107,0.0637573749
43,1.0517368712590715e-05,2.152061506841283e-05,1.0517368712590715e-05,0.6595845135597258,106.60857149160309,4.45535421,0.0638496056
42,1.0094399666255527e-05,2.0837477512926258e-05,1.0094399666255527e-05,0.6403232735230849,104.64809719845701,4.46892881,0.0635819733
43,9.745355593132362e-06,1.99944544198893e-05,9.745355593132362e-06,0.6419991529310276,106.25173457312827,4.22735262,0.0634798184
42,8.727678880937397e-06,1.7825761755001016e-05,8.727678880937397e-06,0.6228996514145099,106.34270752713807,4.2712965,0.0632938072
46,9.217625688156485e-06,1.9106674837111742e-05,9.217625688156485e-06,0.6149728318957619,104.295987506273,4.28529692,0.0635502115
43,1.0163792590303872e-05,2.070225830586363e-05,1.0163792590303872e-05,0.655619852847157,107.29439718249934,4.34909821,0.0636911988
43,9.41206238059272e-06,1.905992358884514e-05,9.41206238059272e-06,0.6503750995202513,110.16154039293778,4.3431325,0.0630706325
43,9.20685325910202e-06,1.8586278885234714e-05,9.20685325910202e-06,0.6510957224127722,113.59741449635105,3.8945508,0.0635354742
44,1.1474085395974179e-05,2.3668842108546406e-05,1.1474085395974179e-05,0.700547715283081,126.02699654514163,4.59114552,0.0627049878
47,1.2520503154955668e-05,2.6074156423351934e-05,1.2520503154955668e-05,0.7218994683334443,132.7566667037191,4.70091295,0.0625691414
50,1.3889646637630362e-05,2.9406811022125115e-05,1.3889646637630362e-05,0.7429016544579214,139.55415039856535,5.10978842,0.0626071841
45,1.497632050035234e-05,3.1992377524913743e-05,1.497632050035234e-05,0.7605175365457928,143.1377909999544,5.04246569,0.0624451749
48,1.6486201069595785e-05,3.5928441766035075e-05,1.6486201069595785e-05,0.7788468691247916,150.0450642657506,5.60514402,0.0626094416
51,1.8362512407097992e-05,4.099579910407167e-05,1.8362512407097992e-05,0.8006203151865617,158.1109953416129,6.37635088,0.0624284893
51,1.8799527550258287e-05,4.174126258084765e-05,1.8799527550258287e-05,0.8303702122083403,172.43195626976777,5.59941769,0.0623415448
51,1.8407581389723875e-05,4.092971000455591e-05,1.8407581389723875e-05,0.8138144204512961,165.46611062462742,6.29793119,0.0623527132
44,8.993396551793639e-06,1.8153991527855986e-05,8.993396551793639e-06,0.6491206588445636,114.90236340294494,4.01191807,0.063699156
45,8.898292235478086e-06,1.8072789321097404e-05,8.898292235478086e-06,0.6476172056962193,118.30770572744306,4.03952837,0.0635979772
46,9.844846222488598e-06,2.01371549227834e-05,9.844846222488598e-06,0.6655501473461743,119.79352892683897,4.31414461,0.0633846819
45,1.0286779098766565e-05,2.1080136648079043e-05,1.0286779098766565e-05,0.6749673820020793,120.90695823740062,4.57808208,0.0629815236
46,1.0596006259456667e-05,2.1881882519502185e-05,1.0596006259456667e-05,0.6809772920640299,124.91165609173365,4.29608727,0.0630539954
45,2.1203762161833875e-06,4.413022687170733e-06,2.1203762161833875e-06,0.4438181083765092,135.02663353429807,3.04490376,0.0626116544
46,1.7040984284188262e-06,3.6534095836718815e-06,1.7040984284188262e-06,0.41148986286257794,133.02040938435604,2.99658871,0.0626332685
48,1.7685722245961017e-06,3.7658246701404655e-06,1.7685722245961017e-06,0.41561493425565277,130.46514983295427,3.06458044,0.0623677373
45,1.9523927831722606e-06,4.076197808241167e-06,1.9523927831722606e-06,0.4347029520642307,138.3739983988066,3.00561643,0.0628791377
46,2.1026106400590213e-06,4.354059549526503e-06,2.1026106400590213e-06,0.43493661740727735,125.75011487005978,3.06914139,0.0628419593
47,1.7358589659353405e-06,3.725357806387306e-06,1.7358589659353405e-06,0.4084419504847828,129.54218783393478,3.09243393,0.0626921207
47,1.7092391379112625e-06,3.6825030964695287e-06,1.7092391379112625e-06,0.40612075966462025,131.74555745961828,3.08500385,0.0626370162
43,2.235548168242901e-06,4.613169259025587e-06,2.235548168242901e-06,0.440030050697973,123.71472872524228,3.07025957,0.0624692775
46,2.5957360051572682e-06,5.424293603686096e-06,2.5957360051572682e-06,0.44918519456317413,123.17547136080259,3.12569618,0.0626489222
45,3.333095680742342e-06,7.0962638116540046e-06,3.333095680742342e-06,0.4681310561922171,120.12811930761576,3.12188601,0.0628470406
42,2.9719245481040482e-06,6.194517099050347e-06,2.9719245481040482e-06,0.4655898693177689,123.64302371497028,2.95211053,0.0629581064
43,4.285104268729202e-06,9.217763226446256e-06,4.285104268729202e-06,0.48944542330667146,114.51394043438312,3.43484235,0.0626602247
42,4.033835571337258e-06,8.486724066476311e-06,4.033835571337258e-06,0.48401753695893046,113.3942225070702,3.23650026,0.0627128407
41,3.200905154054815e-06,6.4006681905030524e-06,3.200905154054815e-06,0.46360685591606154,109.46369110914313,2.90430212,0.0628259182
42,3.637562910295927e-06,7.480155135342164e-06,3.637562910295927e-06,0.47625809107645223,113.28642718643802,3.23138285,0.0629112199
41,3.1208598569139715e-06,6.274777568483071e-06,3.1208598569139715e-06,0.46014776286984516,110.4656869720066,3.29066992,0.0627336428
42,4.030283522677221e-06,8.642208865091907e-06,4.030283522677221e-06,0.4861702269891241,117.69431813755364,3.29030418,0.0629906356
41,3.383189192548221e-06,6.639315927630787e-06,3.383189192548221e-06,0.46643903010180954,107.1816870270079,3.03610754,0.0626911074
40,3.675158314136671e-06,7.223585470520732e-06,3.675158314136671e-06,0.4686929778579539,105.99307413665548,3.12026381,0.0625513196
42,3.481033319268133e-06,6.88145207065961e-06,3.481033319268133e-06,0.46454157162937404,106.92284976150388,3.34250522,0.0625999346
41,3.773361590186942e-06,7.419229475430541e-06,3.773361590186942e-06,0.4673445607606432,105.1489054677086,3.3912046,0.0627420545
40,3.853845025060684e-06,7.550476974002834e-06,3.853845025060684e-06,0.46654927033177246,104.96724729302042,3.10952592,0.0625577644
37,3.8728304595013385e-06,7.5694145043907405e-06,3.8728304595013385e-06,0.4685672109910589,104.27249631372072,3.27304268,0.0624562502
43,3.0790791619485723e-06,6.11758862952124e-06,3.0790791619485723e-06,0.4583758791009557,109.71834640479325,3.09974623,0.0627145991
42,3.2780138811468146e-06,6.507331503156711e-06,3.2780138811468146e-06,0.46288593076656814,109.00524571853443,3.2828939,0.0627355874
39,4.180734201039703e-06,8.268739068462516e-06,4.180734201039703e-06,0.47141737771232084,104.31793442595044,3.47284794,0.0623381212
39,4.170706605471831e-06,8.237288980717601e-06,4.170706605471831e-06,0.4695028062954312,104.01226533368154,3.50701523,0.0621830039
44,7.722631322166816e-06,1.6177634526088205e-05,7.722631322166816e-06,0.5724437465152881,104.9418639700812,4.06609774,0.0630120784
43,4.780819558729271e-06,9.649902885852958e-06,4.780819558729271e-06,0.4906697529610488,104.61765027350987,3.49911261,0.062843509
42,5.673178937050209e-06,1.1719645771981605e-05,5.673178937050209e-06,0.5078220248349322,104.78898184353359,3.59425044,0.0627624243
44,6.799505838665737e-06,1.4319505979674916e-05,6.799505838665737e-06,0.532984989317121,105.19344808794898,4.00524664,0.0626316443
44,7.103318312790404e-06,1.4991082348382497e-05,7.103318312790404e-06,0.5429939792688289,104.89479221035202,4.00213671,0.0630002171
46,7.031940076663256e-06,1.4825081955955319e-05,7.031940076663256e-06,0.5475940452629046,105.28145063559624,3.98076868,0.0630856231
45,6.914878294603733e-06,1.451942492160705e-05,6.914878294603733e-06,0.5509511937063265,105.62753189153457,3.92738533,0.0631936714
44,8.386295898596347e-06,1.7510878789884734e-05,8.386295898596347e-06,0.5913408485895781,104.99764464056341,4.2011137,0.0632166266
43,7.810552848436836e-06,1.632573705357271e-05,7.810552848436836e-06,0.576814851693884,105.0402711261143,4.04460907,0.0629156679
40,4.058484547932863e-06,7.994338868802507e-06,4.058484547932863e-06,0.4679369922890117,103.9855930659553,3.44963574,0.062507309
39,3.947231176766741e-06,7.7993261799519e-06,3.947231176766741e-06,0.46135016814195373,104.66241973433054,3.29722857,0.0623505898
40,4.108641781185604e-06,8.149515961332376e-06,4.108641781185604e-06,0.46908372822536926,104.3116135756676,3.44107151,0.0625948608
41,4.405305008868811e-06,8.867994655526253e-06,4.405305008868811e-06,0.4766616879385611,104.97041902747132,3.49226499,0.0627107471
60,1.4065435883171632e-05,3.678045580720964e-05,1.4065435883171632e-05,0.8169090861066571,340.3617066410942,5.67403078,0.0621904545
56,1.2879158599233035e-05,3.36314400872701e-05,1.2879158599233035e-05,0.7997827908612704,343.96997572232317,5.61235332,0.0621342137
53,1.3200938917186982e-05,3.3620838101963704e-05,1.3200938917186982e-05,0.8001285375715639,303.7824642043084,5.63308954,0.0622432195
56,1.3511101348177519e-05,3.518852619325285e-05,1.3511101348177519e-05,0.8071783035129495,334.59925621919956,5.4866066,0.062191233
57,1.4729784053037173e-05,3.821393416096178e-05,1.4729784053037173e-05,0.8293421653065275,325.06336122334477,6.08898783,0.0621340461
54,1.9680253449560497e-05,4.460737128160412e-05,1.9680253449560497e-05,0.8713311039459699,202.88097176760857,5.86849356,0.0621946566
55,1.912255052169617e-05,4.3253170944664424e-05,1.912255052169617e-05,0.8594170559443378,199.31783163224043,5.6783905,0.0621895902
52,1.8823335267336123e-05,4.185371721639861e-05,1.8823335267336123e-05,0.8391476422571217,178.6518482081435,5.40282011,0.0622275285
54,1.9775947980861378e-05,4.457923157243767e-05,1.9775947980861378e-05,0.8564338451013859,189.91172853483758,5.66093111,0.0621763803
56,2.0446012912878822e-05,4.681343748652282e-05,2.0446012912878822e-05,0.8900263274297225,214.03131307621155,6.11598349,0.0621837713
56,2.072537767974854e-05,4.774934858833372e-05,2.072537767974854e-05,0.8989564927045521,221.20152933167574,6.03010798,0.0620043762
56,2.1855938770090127e-05,5.093693463657293e-05,2.1855938770090127e-05,0.9180095467301905,232.7210864848153,6.28481436,0.0620267279
55,2.1317553283723002e-05,5.003872836812622e-05,2.1317553283723002e-05,0.9280981574795062,247.27421686953164,6.24994755,0.0620600767
55,1.9669642081060122e-05,4.652705370164779e-05,1.9669642081060122e-05,0.9137680420004792,257.4261112678689,6.13985062,0.0620024167
54,1.5904633677182076e-05,3.87669405372426e-05,1.5904633677182076e-05,0.8530467676393513,268.62169441220766,6.31783104,0.0619051866
55,1.4223105579421325e-05,3.565298320390566e-05,1.4223105579421325e-05,0.8189939469926881,283.80454008441444,6.02618694,0.0622750409
57,1.4923021312359481e-05,3.730788967151098e-05,1.4923021312359481e-05,0.833492307109484,279.69699912262524,6.31340361,0.0620030165
56,1.3453085127682188e-05,3.3947038150805044e-05,1.3453085127682188e-05,0.8090851926683554,296.1670277391213,5.80550385,0.0621440038
53,1.3797631234577097e-05,3.506686313264818e-05,1.3797631234577097e-05,0.81336216705646,302.08063416278907,5.88976336,0.062171936
54,1.3647193744330424e-05,3.46085842869389e-05,1.3647193744330424e-05,0.8096233225679061,303.1174806071284,5.67481899,0.0621358044
59,2.2396905168052617e-05,5.6958748376606575e-05,2.2396905168052617e-05,1.0216208757399101,293.6012673057301,9.32743263,0.0626002401
62,2.4674532184714518e-05,6.1767971505201e-05,2.4674532184714518e-05,1.0752294390295085,289.5659287717071,9.86611176,0.0625990033
59,1.8895325473980715e-05,4.9069600702043596e-05,1.8895325473980715e-05,0.9443934458934834,329.898818994601,7.2851615,0.0625891536
61,2.2199074771827214e-05,5.7738026650427106e-05,2.2199074771827214e-05,1.0010796478601955,317.68900818488765,9.54994202,0.0626087189
63,1.977877882289667e-05,5.103838319831894e-05,1.977877882289667e-05,0.972120426953049,325.43431966766775,7.08704758,0.0625709593
64,2.342712249992485e-05,6.425409851479113e-05,2.342712249992485e-05,1.0083738576929073,330.328208927514,15.7474632,0.0626859739
64,2.1265672919433633e-05,5.458582504959665e-05,2.1265672919433633e-05,1.0044501060596276,308.32411906010765,7.70067263,0.0626160055
62,2.2958386298562897e-05,6.073417992900507e-05,2.2958386298562897e-05,1.0152990490698988,316.2266757143284,11.7872677,0.062676616
66,2.4414859788375685e-05,6.235248451214127e-05,2.4414859788375685e-05,1.0561095007202375,300.3434912286776,8.66594887,0.0625591502
62,2.2156579766129534e-05,5.620049680404763e-05,2.2156579766129534e-05,1.039039681755328,306.0303161666113,7.16075325,0.0626878217
64,2.8600525900746993e-05,7.054261435622796e-05,2.8600525900746993e-05,1.1243568926362535,274.2343015781773,10.1465216,0.0625837445
64,2.6429869629229258e-05,6.27112065591514e-05,2.6429869629229258e-05,1.108931225634642,267.9947607717026,7.20936918,0.0626198426
66,2.612972393012463e-05,6.737791811781423e-05,2.612972393012463e-05,1.074504585580308,281.15614106112713,13.8085804,0.0625111014
65,3.630733528676712e-05,0.0001080083037132429,3.630733528676712e-05,1.1547633732941405,288.9286851785897,20.4274616,0.0626051426
61,2.820093824763497e-05,6.75771827971979e-05,2.820093824763497e-05,1.1360444598621229,268.07982406429124,10.2869654,0.0626219586
54,1.2584398124773053e-05,3.28362983489605e-05,1.2584398124773053e-05,0.7975552995576767,342.2979521041056,5.48428679,0.0622548461
53,1.3914641454234826e-05,3.625858446341771e-05,1.3914641454234826e-05,0.8214276175593853,342.51046303839695,5.43589067,0.0621347465
61,1.796241463152728e-05,4.7287412331304744e-05,1.796241463152728e-05,0.9176803496279056,342.13686277230096,6.74642706,0.0624267235
60,1.5199888180241585e-05,3.976698430750215e-05,1.5199888180241585e-05,0.8750411102012821,345.52921674108103,6.1024971,0.0623806417
60,1.7760357871194632e-05,4.733557168757855e-05,1.7760357871194632e-05,0.9075719429570864,350.20991500115224,8.20449924,0.0624247231
63,1.7506257733502612e-05,4.681351129684486e-05,1.7506257733502612e-05,0.9031169731110799,354.0217419085412,7.20481157,0.062370304
61,2.295724339532994e-05,6.361344853119514e-05,2.295724339532994e-05,0.9731876492746605,340.70052418155126,13.0908318,0.0625090525
64,1.8328886466223263e-05,4.801199630801999e-05,1.8328886466223263e-05,0.9348048335053336,335.32038163882686,9.04783058,0.0626370385
60,1.347098567481636e-05,3.548421285051084e-05,1.347098567481636e-05,0.8313236579131884,353.9094252668967,5.75934267,0.0623815767
60,1.2411155232987028e-05,3.26343010218193e-05,1.2411155232987028e-05,0.8013941145943079,351.6436700180409,5.43440485,0.0622289516
59,1.287316400929897e-05,3.380003283347625e-05,1.287316400929897e-05,0.8051002104273206,348.81670890902393,5.51476479,0.0621782728
59,1.2680672788737797e-05,3.3505149902623956e-05,1.2680672788737797e-05,0.8103856129653558,354.4284787745099,5.74212456,0.062446177
62,1.4092341832548709e-05,3.739202490490819e-05,1.4092341832548709e-05,0.8367335353247413,359.29361156672695,6.16074038,0.062505804
60,1.5377910092897052e-05,4.086218515620159e-05,1.5377910092897052e-05,0.8688949424994461,360.3787426468402,6.91346645,0.062462721
64,2.585731957276085e-05,6.022584460719223e-05,2.585731957276085e-05,1.1018098154741098,257.4318830163691,7.56290531,0.0625208467
66,2.5679279664461896e-05,6.010599788865846e-05,2.5679279664461896e-05,1.1077608683674658,262.3079580052041,7.7131815,0.0625307411
66,2.5128868003869103e-05,5.834431638372558e-05,2.5128868003869103e-05,1.0890509037650877,255.47111327665428,7.74972057,0.0625588372
55,1.4434276039384685e-05,3.489341544574886e-05,1.4434276039384685e-05,0.7872537758228434,216.50625902526778,6.41630554,0.062557593
57,1.719335174350638e-05,4.1681920690829826e-05,1.719335174350638e-05,0.8386979840783063,221.67822305268677,6.75064039,0.0624960586
60,1.7885760554570764e-05,4.339570249852884e-05,1.7885760554570764e-05,0.8535896297569702,226.28402958704942,6.62506866,0.0625661388
60,1.9156954652321022e-05,4.6566661980422126e-05,1.9156954652321022e-05,0.8876245227700229,231.53385194172412,6.77707481,0.0627318323
53,5.475787881562212e-06,1.3037080185638732e-05,5.475787881562212e-06,0.5851680849465308,194.95440713194265,5.00158405,0.0624943413
55,6.718365106176467e-06,1.5916372551459658e-05,6.718365106176467e-06,0.6236919805266425,201.20556561364495,4.76417303,0.0624496862
54,9.43920755392974e-06,2.2655456728035023e-05,9.43920755392974e-06,0.6854891108220026,205.55152217614892,5.41652012,0.062539652
55,1.1931730757583561e-05,2.876341413194144e-05,1.1931730757583561e-05,0.7343353560170921,209.4048165432477,5.98094749,0.0626188219
56,1.3135159453476045e-05,3.1732352600593614e-05,1.3135159453476045e-05,0.7628184378777682,214.88555308828225,6.09517479,0.0627265945
55,3.521655875324912e-06,8.451738647139353e-06,3.521655875324912e-06,0.5188004659604347,187.38106417357454,4.44031,0.0625048801
51,4.444242897493496e-06,1.0600677353630533e-05,4.444242897493496e-06,0.5515280082366304,192.39428210975052,4.60518932,0.0622313321
53,3.1951766988312217e-06,7.705580391215634e-06,3.1951766988312217e-06,0.4986771307114115,183.9906380489125,4.34803391,0.0625272766
51,2.9241892285388673e-06,7.0314300438179305e-06,2.9241892285388673e-06,0.4828251463892575,182.49293184954118,4.03426647,0.0626382232
49,2.8866231050885894e-06,6.871335839632905e-06,2.8866231050885894e-06,0.48169854258538836,177.7973409665648,3.84740782,0.0626040325
63,2.0787430820843128e-05,5.051934193455732e-05,2.0787430820843128e-05,0.9203747041870818,238.22009116960982,7.05148888,0.0626479015
63,2.355787175296019e-05,5.441528885061669e-05,2.355787175296019e-05,1.0731022356403592,255.35494228901496,7.43771219,0.0626235455
65,2.0304670397775993e-05,4.689567647002461e-05,2.0304670397775993e-05,1.0099908932587598,252.10237750595155,6.97850561,0.0626946464
65,1.9495477224147022e-05,4.527617006450059e-05,1.9495477224147022e-05,0.9778712000853981,248.90871485508967,6.89754629,0.0627489388
67,1.9041863480634267e-05,4.438765065093094e-05,1.9041863480634267e-05,0.9387851030007752,241.8286393847287,6.27691412,0.062601611
68,1.8053939855316655e-05,4.180742334162833e-05,1.8053939855316655e-05,0.943479505017972,246.00070939414258,6.47307396,0.0627761036
47,2.065309694807682e-06,4.825545055758237e-06,2.065309694807682e-06,0.4451558257900555,168.41602936463167,3.65447783,0.0628140196
48,2.3022726351148525e-06,5.3729025881802184e-06,2.3022726351148525e-06,0.4605616513631554,172.2540491134167,3.75759196,0.0626171231
47,2.0299458167373587e-06,4.68378838470071e-06,2.0299458167373587e-06,0.4452273145498273,166.80144921855873,3.50131774,0.0622248873
50,1.8746980288335688e-06,4.3833953948586045e-06,1.8746980288335688e-06,0.42994358861050286,166.61518539495884,3.43472934,0.0621655658
46,1.8105410198399146e-06,4.086632121677984e-06,1.8105410198399146e-06,0.4336194038928336,162.35722541719895,3.10624313,0.0625301301
45,1.9402797682779197e-06,4.341364942432496e-06,1.9402797682779197e-06,0.4415338135373959,159.31116844647482,3.32296872,0.0627216324
44,3.2086271538998097e-06,6.990204012057397e-06,3.2086271538998097e-06,0.48717052493028346,144.4257370925711,3.11300087,0.0629764423
46,3.2737237804757487e-06,7.192968835867748e-06,3.2737237804757487e-06,0.4907935441242624,148.3416446035535,3.21364188,0.0629371405
43,3.2126241482562765e-06,7.016739691320364e-06,3.2126241482562765e-06,0.4900943876593273,146.75243896973512,3.18735814,0.0627838448
45,2.2784215538938245e-06,4.725701849180559e-06,2.2784215538938245e-06,0.4556690483198709,142.03007760108696,2.72006917,0.0624419488
46,2.338498615091409e-06,5.017123609948596e-06,2.338498615091409e-06,0.46346791527524295,153.99391194080468,3.20343161,0.062634021
45,2.809283611874357e-06,6.0306607655888094e-06,2.809283611874357e-06,0.48202238122458285,151.60805940444433,3.10238338,0.0629566386
46,2.5222494772364327e-06,5.374297163491884e-06,2.5222494772364327e-06,0.47141867891420225,151.51928064935814,3.25534415,0.0629872531
47,1.9977959473162728e-06,4.328783206438337e-06,1.9977959473162728e-06,0.44884388640218115,157.0179422808365,3.26812887,0.0626966581
42,9.455685145601412e-06,1.9570375411158063e-05,9.455685145601412e-06,0.6236187646574399,104.67602360563815,4.32527065,0.0635545701
42,8.589013930446745e-06,1.742805758416241e-05,8.589013930446745e-06,0.6266165667811734,107.53301512325564,3.93841434,0.0636881813
45,8.467556101525974e-06,1.710408103408269e-05,8.467556101525974e-06,0.6277882708445693,108.90500289314369,4.12228203,0.0634263977
43,8.6373742995818e-06,1.7863463174082718e-05,8.6373742995818e-06,0.613226444480024,106.170857390871,4.23753071,0.0632082894
43,8.712251483901987e-06,1.809590437798695e-05,8.712251483901987e-06,0.6109110032931028,105.28897991363064,4.21872568,0.063272208
43,7.3326962396039266e-06,1.4918297371065523e-05,7.3326962396039266e-06,0.5951067611425033,107.42043491729937,4.20766068,0.0629386902
42,7.892256446918102e-06,1.6047053603082128e-05,7.892256446918102e-06,0.611041268656162,108.35061945309558,4.36713934,0.0633652508
43,8.701476829643497e-06,1.8046446048645136e-05,8.701476829643497e-06,0.6058073615840017,104.54091797639843,4.20835924,0.0637982264
46,7.628262636510653e-06,1.5906792413092245e-05,7.628262636510653e-06,0.5803301676942013,106.02177763068343,4.01927567,0.0633703023
44,8.524512358682031e-06,1.7306981073023812e-05,8.524512358682031e-06,0.6302187770070571,110.87165049421591,4.58973312,0.063285999
42,7.748017250148573e-06,1.5638110349229942e-05,7.748017250148573e-06,0.622025633798864,114.13788393695026,4.16989422,0.0627976581
47,1.197720255309028e-05,2.516566233049963e-05,1.197720255309028e-05,0.7032785892222057,129.9306052614036,4.80595446,0.0627060756
48,1.345496036995525e-05,2.8620183165007874e-05,1.345496036995525e-05,0.7290828208462523,135.5481634675145,5.24145555,0.0626046732
48,1.615798056334681e-05,3.5914237330669015e-05,1.615798056334681e-05,0.7583911516246418,143.1924306198534,6.54931211,0.0626077279
50,1.7421413074860102e-05,3.9604535825665666e-05,1.7421413074860102e-05,0.7741040778255981,151.69929505313465,7.09802628,0.0626377538
52,1.9613618277510634e-05,4.472090575510516e-05,1.9613618277510634e-05,0.8071784390454795,158.18161655965014,7.23468828,0.0625013784
50,1.6794520207014857e-05,3.805201903359043e-05,1.6794520207014857e-05,0.7643932056115733,149.6485761856862,6.97597504,0.0627161935
52,2.1050014747895257e-05,4.7858159347510876e-05,2.1050014747895257e-05,0.8514159949114188,175.77182767585913,6.8399539,0.062461637
50,2.0355670193370544e-05,4.6931397288129744e-05,2.0355670193370544e-05,0.8222236191593236,165.85149034607429,7.46259832,0.0622770898
46,8.19771743436969e-06,1.671715799491128e-05,8.19771743436969e-06,0.6307191881054328,117.34787596891935,4.55272961,0.0636404678
46,9.279225161588146e-06,1.934074352401692e-05,9.279225161588146e-06,0.6493202769115797,120.49493308369647,4.74469376,0.0631797463
45,1.024336119729615e-05,2.1367877660756453e-05,1.024336119729615e-05,0.6693082714812183,123.64017847088844,4.80689955,0.0629006177
44,1.1489173372042527e-05,2.4449701868642157e-05,1.1489173372042527e-05,0.6874633856419483,127.81909869402588,5.24794102,0.0627555773
46,1.7917919876816466e-06,3.8562600314297415e-06,1.7917919876816466e-06,0.41606154834939124,135.84245011976716,3.01692152,0.0626891851
47,1.6778430817285552e-06,3.677353605702385e-06,1.6778430817285552e-06,0.3973261230781727,134.7846077237123,2.89770532,0.062361069
46,1.8934234762838538e-06,4.022768616552766e-06,1.8934234762838538e-06,0.42811101695496173,140.02415289756576,3.02362943,0.0627991632
43,2.231649571007368e-06,4.68172467533223e-06,2.231649571007368e-06,0.4511937657558416,141.29873248435516,2.97310472,0.0625581145
47,1.838305971858773e-06,3.876763847080287e-06,1.838305971858773e-06,0.4183966901040877,127.66115612574241,3.09197998,0.0625406131
47,1.6840987162747081e-06,3.682881090862601e-06,1.6840987162747081e-06,0.3955984319102754,133.0083854334052,3.13261414,0.0629817322
46,1.7631862137924817e-06,3.8572660243311805e-06,1.7631862137924817e-06,0.4051469238589602,130.79705448350222,3.13570428,0.0625856295
49,1.8152562128663207e-06,3.937802886262141e-06,1.8152562128663207e-06,0.40628169527280616,135.2074521237707,3.09506702,0.0625553131
45,2.12486170468623e-06,4.382396737989228e-06,2.12486170468623e-06,0.4341081678916758,126.48775462292083,2.98156548,0.0624773838
46,2.3958633770450607e-06,4.9815484823808345e-06,2.3958633770450607e-06,0.44411456175209063,126.85029053085395,3.0777595,0.0627847835
44,3.5806124692710115e-06,7.649408144563029e-06,3.5806124692710115e-06,0.47770231417100995,121.64261612553638,3.1718688,0.0630079061
45,2.8168278798012244e-06,5.872391102286583e-06,2.8168278798012244e-06,0.4598849047229836,126.51982951276197,2.9393816,0.0625688061
42,4.272869811332033e-06,9.192883931863852e-06,4.272869811332033e-06,0.4899466986345363,116.41897369532859,3.45403004,0.0629858524
41,4.131454338252055e-06,8.7744430166988e-06,4.131454338252055e-06,0.48776095238935757,116.16084889787905,3.33275032,0.0628577545
42,3.474477931194614e-06,7.16009601109405e-06,3.474477931194614e-06,0.4720169404539585,115.16704569272629,2.96799159,0.0630830452
42,3.258843764703362e-06,6.58185222115354e-06,3.258843764703362e-06,0.4658421080672743,112.54540017301876,3.20567369,0.0629531518
41,3.1211547804303327e-06,6.255413297575295e-06,3.1211547804303327e-06,0.46101641910803787,111.9185272968026,3.26119351,0.0629385561
42,3.1811137035533143e-06,6.352434646512495e-06,3.1811137035533143e-06,0.4621477699894612,110.85319294121084,3.248137,0.062742278
41,4.122381550834242e-06,8.851926952562031e-06,4.122381550834242e-06,0.48938146788380693,118.65470821889245,3.3375001,0.0632445738
43,3.3782368262587343e-06,6.718254104677035e-06,3.3782368262587343e-06,0.4624818898548179,108.43884840688216,3.32419443,0.0627316982
42,3.4620267955769924e-06,6.823632863450366e-06,3.4620267955769924e-06,0.4600884306762174,106.9302211922681,3.04247499,0.0625456646
39,3.393128050204216e-06,6.706103068086025e-06,3.393128050204216e-06,0.46196676786697255,107.7327061318981,3.03231478,0.0626662523
39,3.5666203103486185e-06,7.032770542137834e-06,3.5666203103486185e-06,0.46224308308486217,106.64500743290503,3.12077856,0.0626198426
37,3.72778347088704e-06,7.327884582991362e-06,3.72778347088704e-06,0.4669406167185764,105.202423465563,3.37488794,0.0625878796
40,3.8045318056852393e-06,7.51715255702273e-06,3.8045318056852393e-06,0.4632044471571672,105.21508989306962,3.3106885,0.0626000315
39,3.7312604644844862e-06,7.345378290975815e-06,3.7312604644844862e-06,0.4609690673131331,105.42101014153225,3.23218441,0.0626435876
38,3.886490782738667e-06,7.676433252953496e-06,3.886490782738667e-06,0.4635337498369695,104.69487671024187,3.37889004,0.0625397936
42,3.1951613283863163e-06,6.3726999208523435e-06,3.1951613283863163e-06,0.4613114176826652,110.95204670905544,3.25700569,0.0626987815
38,3.825208043097451e-06,7.53317615255759e-06,3.825208043097451e-06,0.4583021997734223,104.31354174809472,3.27381086,0.0624096654
46,5.9561521574584e-06,1.235306897693495e-05,5.9561521574584e-06,0.5380046197858261,107.02550440029432,3.71799946,0.0629139543
43,6.099615540848468e-06,1.2831177572563898e-05,6.099615540848468e-06,0.509676828216309,105.53757439549526,3.89342165,0.0627175048
41,6.380233259251791e-06,1.3505116656984417e-05,6.380233259251791e-06,0.518696966450341,105.51343061030181,3.92026091,0.0626673996
43,6.0452670625287354e-06,1.2733838358250697e-05,6.0452670625287354e-06,0.5137417627148662,106.17257024339918,3.79695797,0.0628338829
44,6.3226776025618805e-06,1.3329381125781853e-05,6.3226776025618805e-06,0.5248495505128885,106.02073450526947,3.86562157,0.0629471466
46,6.245117796018006e-06,1.3142676731425054e-05,6.245117796018006e-06,0.5285838601961689,106.26256026706422,3.73677301,0.0629007146
45,6.0775779059690225e-06,1.273622671752639e-05,6.0775779059690225e-06,0.5317371979352294,106.39097170426125,3.73492026,0.0631814748
45,6.9681035564432956e-06,1.4524996706606912e-05,6.9681035564432956e-06,0.5625831331093779,106.69177226011935,3.87606001,0.0632130057
38,3.807777949126254e-06,7.524128073801275e-06,3.807777949126254e-06,0.45938322691093925,104.53775606446844,3.23132014,0.0624751337
42,4.003311031924097e-06,8.010734628231514e-06,4.003311031924097e-06,0.46089916262557823,104.84127164965983,3.48114991,0.062608771
38,3.7840278663027005e-06,7.5918166718333744e-06,3.7840278663027005e-06,0.4536175123392688,105.27666021830724,3.49838352,0.0624703206
42,4.512572474601406e-06,9.165890782435102e-06,4.512572474601406e-06,0.472504868909499,105.13886814526956,3.46295452,0.0626160726
41,5.318622777865868e-06,1.1050855635364162e-05,5.318622777865868e-06,0.49112867301331814,105.64549422236968,3.54177427,0.0626510084
58,1.4122242960822103e-05,3.6980528299672274e-05,1.4122242960822103e-05,0.818152543064185,344.19071344399964,5.56274223,0.0623204559
61,1.3804105435178302e-05,3.62918056924645e-05,1.3804105435178302e-05,0.8161415458754292,352.7874017763556,5.72439623,0.0622431338
59,1.3763464178869475e-05,3.600471239608744e-05,1.3763464178869475e-05,0.8174332592120155,347.11788987419317,5.67178631,0.0621439889
54,1.3788129801487544e-05,3.538314600429567e-05,1.3788129801487544e-05,0.8111923104928118,314.18263758685987,5.88759756,0.0621878132
59,1.4912283870412662e-05,3.883294914296994e-05,1.4912283870412662e-05,0.8346697086878406,337.15308123124555,5.82851982,0.0621583089
58,1.4036131073280184e-05,3.6234884778747235e-05,1.4036131073280184e-05,0.8193149361594918,325.8653949954853,5.87988377,0.0621657632
54,2.077433539569818e-05,4.7217579691534235e-05,2.077433539569818e-05,0.8991187352703328,210.4957355135175,6.14235067,0.0623113289
56,2.011233730687172e-05,4.545873196060655e-05,2.011233730687172e-05,0.8828018551237015,202.68999931841148,6.27823496,0.06229591
53,2.048634004206651e-05,4.655124879438337e-05,2.048634004206651e-05,0.8524259100298465,182.2187754590883,6.47271442,0.0623934977
56,1.9902636463082175e-05,4.473347536097868e-05,1.9902636463082175e-05,0.8677407748974579,193.86496189141695,5.9155879,0.0623758212
55,2.0404105121008615e-05,4.692969878449069e-05,2.0404105121008615e-05,0.8947920077186411,219.38221097336913,6.25925684,0.0622853935
55,2.129831794550576e-05,4.944723660713858e-05,2.129831794550576e-05,0.9178023503735772,231.98239703125574,6.40830135,0.0621889234
57,2.2516710176222672e-05,5.270498455090946e-05,2.2516710176222672e-05,0.9439862373847256,244.31769108133406,6.76971865,0.0620894022
55,2.1978658756168787e-05,5.203498276540183e-05,2.1978658756168787e-05,0.9426738791243243,255.58835853749034,6.38100243,0.0622023866
57,1.8967994955390717e-05,4.5527776262999335e-05,1.8967994955390717e-05,0.9052943006909777,267.0745699349291,6.42309761,0.0619264059
55,1.7533265977577727e-05,4.2833600890857364e-05,1.7533265977577727e-05,0.8831129499259248,279.3271778052444,6.5422411,0.0620920211
56,1.4832155433651105e-05,3.743009708454035e-05,1.4832155433651105e-05,0.833066438456332,295.25167809324205,6.3266201,0.0621127896
55,1.5396721533129014e-05,3.898054760084761e-05,1.5396721533129014e-05,0.8415016621482885,292.1195519975687,6.65051651,0.0623083375
57,1.380979814154255e-05,3.51330503943756e-05,1.380979814154255e-05,0.8142714519078721,304.4804454347971,5.83400869,0.0621236339
57,1.3688001563430156e-05,3.512955447700894e-05,1.3688001563430156e-05,0.8092253681896896,315.635525026594,5.80452967,0.0621529035
57,1.4555708227002555e-05,3.7355047105639705e-05,1.4555708227002555e-05,0.8297524847977625,317.5751604632503,5.93657589,0.0621786974
62,2.7581295943794884e-05,7.309269901666857e-05,2.7581295943794884e-05,1.0991980693024939,295.0475030622561,14.9381866,0.0625567734
61,2.4816597124652463e-05,6.973238011579568e-05,2.4816597124652463e-05,1.0104930625258632,334.72676809483926,13.9972363,0.0626471117
64,2.156141216695746e-05,5.6201189153471084e-05,2.156141216695746e-05,1.0028198350302002,323.9572768904205,10.4845753,0.0626132414
66,2.635865021845343e-05,7.431173377435797e-05,2.635865021845343e-05,1.0341635570727385,333.19475794486084,15.2704935,0.0626818538
66,2.8035918994637477e-05,7.923114898980854e-05,2.8035918994637477e-05,1.063282158486257,328.58475942590854,16.842823,0.0626530796
65,2.5813954573689667e-05,6.858436341921878e-05,2.5813954573689667e-05,1.0705362301481824,312.20728317662486,14.0321703,0.0627158657
64,3.858920711353392e-05,0.00013796402780589492,3.858920711353392e-05,1.1161329980472394,317.9484398640524,32.4544983,0.062739633
64,2.8535202527024292e-05,7.51018612740315e-05,2.8535202527024292e-05,1.1293694315545089,301.834419904167,15.3549805,0.0627021641
66,6.42758884691966e-05,0.0003018009959078713,6.42758884691966e-05,1.1559826008831744,308.28840914857545,47.2668724,0.0627670661
68,3.707013799784312e-05,0.00010281214136226382,3.707013799784312e-05,1.1623901202317513,280.44461227315423,19.4296818,0.0626493096
67,3.4942221795883904e-05,9.310115552464244e-05,3.4942221795883904e-05,1.17815069058874,277.28304841136793,21.909132,0.0627241507
66,4.696183557754465e-05,0.00014824573873510467,4.696183557754465e-05,1.22861184939115,292.6368945422374,24.3559685,0.0627173111
67,3.818687853099006e-05,0.00011013768407716273,3.818687853099006e-05,1.1802779513515156,285.2237866497828,21.1516857,0.06262023
65,3.102998938140096e-05,8.583682126199883e-05,3.102998938140096e-05,1.1358531981590703,295.22550895139995,15.5673695,0.0626685321
72,3.138474206917661e-05,7.79586505190181e-05,3.138474206917661e-05,1.1739806361590637,270.3198214709971,14.0032282,0.0626496077
60,1.3796629592629954e-05,3.6437036259328355e-05,1.3796629592629954e-05,0.817356063822335,351.22561795325964,5.67569017,0.0622202344
55,1.4540318208856913e-05,3.815499743107562e-05,1.4540318208856913e-05,0.8328644785918842,351.8102758214247,5.43742371,0.0622777864
63,1.824263366852846e-05,4.805889209030063e-05,1.824263366852846e-05,0.9316286298331766,344.87668820787525,7.06491804,0.0626684725
63,2.0419115730233928e-05,5.663210119622048e-05,2.0419115730233928e-05,0.9442226346449903,349.1298822379181,13.8010349,0.0625255331
64,1.8330014274244214e-05,4.937278934405692e-05,1.8330014274244214e-05,0.9169311161540167,354.7905753952154,8.64487457,0.0624417029
64,2.3307205988072928e-05,6.81676166439234e-05,2.3307205988072928e-05,0.9654072826094738,353.361784135082,16.6480942,0.0625296384
63,1.531562551130386e-05,4.053380336574254e-05,1.531562551130386e-05,0.8724242287044579,357.3872720843341,6.09603977,0.0623943061
63,2.443609337329627e-05,6.977912606125456e-05,2.443609337329627e-05,1.0001658254340775,341.17808090389616,15.5455322,0.062660642
60,1.392479748648152e-05,3.689132342699139e-05,1.392479748648152e-05,0.8298026088960127,359.7649590145042,5.91179132,0.0622089282
60,1.410398472583376e-05,3.737274446388745e-05,1.410398472583376e-05,0.835739560709916,360.3856360547106,5.72481203,0.0626818612
60,1.3861496468317478e-05,3.6723065830477036e-05,1.3861496468317478e-05,0.8203246078829624,356.00241379999915,5.54660273,0.0622321069
62,1.5889013857824535e-05,4.2401770225150806e-05,1.5889013857824535e-05,0.8741330756665486,363.9924667854585,7.08238125,0.0624765456
63,1.7797453548584803e-05,4.7548903897821175e-05,1.7797453548584803e-05,0.9138328347615201,364.63925048143466,8.47836685,0.0625657961
64,1.8461177290566432e-05,5.015910014649125e-05,1.8461177290566432e-05,0.9177085206389434,361.6916018920606,9.46931267,0.0624717586
66,2.8887317766777535e-05,6.845795248914081e-05,2.8887317766777535e-05,1.1677535895417799,265.29875545711366,9.49889374,0.0625891984
68,2.7625548820909495e-05,6.613425739119033e-05,2.7625548820909495e-05,1.1423967913565274,262.82853153410485,13.1277246,0.0627482533
57,1.4337619891504676e-05,3.460474480661824e-05,1.4337619891504676e-05,0.7879861735215776,220.41038735250257,6.11864471,0.0627028793
58,1.5892603579486782e-05,3.846356428207506e-05,1.5892603579486782e-05,0.8246580868258072,225.85159884994573,6.31228924,0.0626907796
59,1.8272729943127854e-05,4.433869596783056e-05,1.8272729943127854e-05,0.8701005151450619,230.59396782354733,6.71501255,0.0627204254
63,1.9896547692955462e-05,4.8427030827612214e-05,1.9896547692955462e-05,0.9032867275581224,236.445196114604,6.82466507,0.0627166107
54,6.127816044714632e-06,1.4567820953667791e-05,6.127816044714632e-06,0.6052567131060256,197.85321971320647,4.90821505,0.0625695512
54,6.100960682656566e-06,1.472640917343655e-05,6.100960682656566e-06,0.6051141681326343,200.36800456413116,5.39558983,0.0625103265
54,1.1204888369600325e-05,2.710532848882167e-05,1.1204888369600325e-05,0.7185782977059235,208.84645238830313,5.82605696,0.0626419932
52,1.181052079067258e-05,2.8496844738850304e-05,1.181052079067258e-05,0.7390707078105845,213.86059549046035,5.73636818,0.0627524704
53,1.531433034860624e-05,3.7060397727003574e-05,1.531433034860624e-05,0.8050287189626703,219.0957395232679,6.49940872,0.062770471
55,3.41696766504126e-06,8.395284925418996e-06,3.41696766504126e-06,0.5080073909751704,188.78859339845928,4.53211021,0.0625367314
53,4.164962282733853e-06,1.013421846312721e-05,4.164962282733853e-06,0.5425646280376085,193.99194339516518,4.97965527,0.0625561774
54,5.617249912299529e-06,1.3415794360375146e-05,5.617249912299529e-06,0.5892903773220157,197.47576829794232,5.05841589,0.062743105
54,3.1976228190697646e-06,7.875387356347742e-06,3.1976228190697646e-06,0.4956139134331755,187.226035876285,4.44626331,0.0625684485
54,3.5446644942987353e-06,8.693959720491424e-06,3.5446644942987353e-06,0.5066927521568655,186.03671698657436,4.47497129,0.0625607297
52,3.3834388413855104e-06,8.046357351282013e-06,3.3834388413855104e-06,0.5048582682578926,181.50148349842726,3.97454834,0.0625857487
50,2.737929464946884e-06,6.597859041059441e-06,2.737929464946884e-06,0.4715355057736559,176.50597594367275,3.89947701,0.0625336841
62,1.987015356998834e-05,4.687968866079913e-05,1.987015356998834e-05,0.9408029824611448,240.91544917652314,7.23864269,0.0626870766
66,2.2016038290276962e-05,5.048640409336359e-05,2.2016038290276962e-05,1.0705577128862522,260.05189205961585,6.57834435,0.0627691001
65,2.015674865128673e-05,4.636055844054068e-05,2.015674865128673e-05,1.027018326225204,256.5092473341676,6.28694487,0.0626818389
63,1.8857557456982863e-05,4.366665876896063e-05,1.8857557456982863e-05,0.9788337535781775,251.78181122353794,6.36825323,0.0627849028
68,1.7337892831172137e-05,3.992095337300107e-05,1.7337892831172137e-05,0.9487984514307102,249.89960733059905,6.19422245,0.0627933219
47,2.175733916974065e-06,5.104366330361394e-06,2.175733916974065e-06,0.44993547183721533,170.40112037166756,3.64587665,0.0629076734
52,2.380486656148954e-06,5.589957996106873e-06,2.380486656148954e-06,0.46208936073105283,173.55751441787174,3.70463538,0.0627671927
50,1.9823477087800834e-06,4.608510662655383e-06,1.9823477087800834e-06,0.43961290218348964,168.06045187870387,3.54616094,0.0624865368
50,1.8834854379022113e-06,4.452276804851651e-06,1.8834854379022113e-06,0.42716255743180037,165.04806482113761,3.40757132,0.0624419227
46,1.8080014760990827e-06,4.177063550147408e-06,1.8080014760990827e-06,0.4261076075081497,162.38797535553536,3.39240122,0.062401928
45,2.9038743506922328e-06,6.226288581334411e-06,2.9038743506922328e-06,0.4795175238795148,144.9783548457687,3.03816938,0.0626934692
46,2.9322024818534544e-06,6.364637295904663e-06,2.9322024818534544e-06,0.4814735698294208,149.30361100288988,3.20227146,0.0629220605
43,2.7453961423913074e-06,5.879053435768686e-06,2.7453961423913074e-06,0.4741533089581253,147.1767224882084,3.11509919,0.0624349751
45,2.4197419304344247e-06,5.087993298925836e-06,2.4197419304344247e-06,0.4613502332377614,144.5150274567418,3.04854465,0.0628866553
46,1.913534111200654e-06,4.1441792612685816e-06,1.913534111200654e-06,0.4424244865182555,156.5166668526547,3.16978955,0.0627451912
45,2.214066602118199e-06,4.733407714641677e-06,2.214066602118199e-06,0.45890451256461484,154.02142852834757,3.29027295,0.0628310964
47,2.134756611224011e-06,4.538297827209046e-06,2.134756611224011e-06,0.4546937850810801,153.79688966124536,3.18222117,0.062915504
47,2.3166526483931037e-06,4.9302225942233815e-06,2.3166526483931037e-06,0.4621645600377984,152.0529791252646,3.22878695,0.062962912
49,1.7128322772898613e-06,3.912869386530354e-06,1.7128322772898613e-06,0.41980543029057726,159.94532010354743,3.33084226,0.0630253702
42,7.649424676252002e-06,1.57411875525877e-05,7.649424676252002e-06,0.5908441852442102,105.71445553100553,3.96084905,0.0630876198
45,7.208014589449015e-06,1.460416683315833e-05,7.208014589449015e-06,0.599574186859486,109.65712516635477,4.46216249,0.0637261644
43,8.00057613199391e-06,1.6174981098659455e-05,8.00057613199391e-06,0.6198533517242413,110.0298983648312,4.45514965,0.0635417104
41,6.9274302490441184e-06,1.4052566349284155e-05,6.9274302490441184e-06,0.5855077963936405,107.34357570259196,4.12691021,0.0631740093
43,5.8048471734177785e-06,1.1661048078240588e-05,5.8048471734177785e-06,0.5649439191048451,109.1425144802292,4.07519436,0.0634049028
44,6.305589173579858e-06,1.2757129064517911e-05,6.305589173579858e-06,0.5776905879896999,109.84256206057688,4.35775423,0.0637484416
44,6.980045283168629e-06,1.4369830839491472e-05,6.980045283168629e-06,0.574631918308948,106.38378625874223,3.85465264,0.0632546544
43,6.1893560643703654e-06,1.2720908656735177e-05,6.1893560643703654e-06,0.5545583834248113,107.00366516921055,3.64186835,0.0631870478
44,7.550020974927572e-06,1.5384182269731308e-05,7.550020974927572e-06,0.6117146932106973,112.73446811756646,4.57809639,0.0632257387
45,7.502699880791567e-06,1.5423133124005774e-05,7.502699880791567e-06,0.6111733993185297,116.21669291551811,4.34135962,0.063130334
46,1.328327023011202e-05,2.833775633157624e-05,1.328327023011202e-05,0.7208910136567124,132.6570847643229,5.33217239,0.0628636852
49,1.528387085700333e-05,3.302620809883801e-05,1.528387085700333e-05,0.7543896143248289,139.54498757728902,5.75666094,0.0624298416
47,1.540430069607789e-05,3.363958869867058e-05,1.540430069607789e-05,0.7497474968781601,138.53193208527063,6.17409182,0.0624823943
46,1.6674056986142137e-05,3.743625658689483e-05,1.6674056986142137e-05,0.7641969807612795,144.169263930971,6.79540014,0.0625112504
48,1.7748786815541045e-05,4.022017950097807e-05,1.7748786815541045e-05,0.7847818442626289,156.52340691270055,6.93883514,0.0627391115
53,1.8792170378766345e-05,4.3024078629961564e-05,1.8792170378766345e-05,0.8016349849714042,163.45258353374436,7.07006025,0.0624397323
49,1.5825116392414487e-05,3.554236596908103e-05,1.5825116392414487e-05,0.7556459315900199,149.8916531113751,6.56170702,0.0626360402
52,1.9272428478688146e-05,4.414692868988161e-05,1.9272428478688146e-05,0.8145953856919071,170.47588138790763,6.95152426,0.0623815656
54,2.1598159777965583e-05,4.972567186890531e-05,2.1598159777965583e-05,0.8558026803514306,179.47019715732813,7.2474494,0.062437132
52,2.0235879872751313e-05,4.5430141917751975e-05,2.0235879872751313e-05,0.8618457445145769,185.4392260803647,5.92894983,0.0623891391
44,8.508343945491258e-06,1.781123455628249e-05,8.508343945491258e-06,0.6295385382474049,119.0251411425076,4.79316473,0.063369669
45,7.758137956887161e-06,1.6272474790105577e-05,7.758137956887161e-06,0.6178762304384451,121.94191170263134,4.5948534,0.0630627498
46,9.37125755772405e-06,1.9885734840617738e-05,9.37125755772405e-06,0.64750520293601,124.31810672732836,5.00099468,0.0629239753
47,1.1328826330220052e-05,2.4310047345375134e-05,1.1328826330220052e-05,0.6817056911023421,127.53490057866956,5.44369602,0.0625350252
46,1.229524379928525e-05,2.6320395456428866e-05,1.229524379928525e-05,0.699855142290949,129.8815980719284,5.50923967,0.062433552
49,1.8168984803878402e-06,3.966621296629776e-06,1.8168984803878402e-06,0.4161494137305527,139.63119659357577,3.10378957,0.0630140752
50,1.7834102047508273e-06,3.96921505247146e-06,1.7834102047508273e-06,0.40107070376758763,138.98497098539303,3.09337401,0.0629024059
48,1.8054743425518663e-06,3.876419664098355e-06,1.8054743425518663e-06,0.422350156643862,141.53981634226952,3.08156323,0.0630794093
46,1.9737496574497413e-06,4.116359556598567e-06,1.9737496574497413e-06,0.43862335247147394,142.72440804187679,3.14113355,0.0630853325
47,1.8915531010500184e-06,3.973081596971253e-06,1.8915531010500184e-06,0.4198358884325678,129.52219952223655,3.05844855,0.06271898
51,2.5995480015628934e-06,5.338632454584698e-06,2.5995480015628934e-06,0.4676193203132281,135.9704688745437,3.16154695,0.0629755482
53,1.9165493219515973e-06,4.125037914258195e-06,1.9165493219515973e-06,0.4146891850286254,134.3247389764712,3.16964436,0.0630887821
48,1.8366726935179986e-06,3.9907163256774404e-06,1.8366726935179986e-06,0.40700241449947133,131.51228906647898,3.10456991,0.0626945123
49,2.1345777579763185e-06,4.4674990350699175e-06,2.1345777579763185e-06,0.4414196945315252,138.20712788246945,3.05339599,0.0628194883
48,2.2016661962962284e-06,4.587653397147391e-06,2.2016661962962284e-06,0.43696487916978605,128.92330510900823,3.10112476,0.0627029315
48,1.898213856354356e-06,4.094242897403962e-06,1.898213856354356e-06,0.41223877521207336,130.93091313126345,3.11882734,0.0628585815
44,3.4222616064483156e-06,7.301021167618995e-06,3.4222616064483156e-06,0.4728891981402982,124.49686843783591,3.0744915,0.0628994331
43,3.7700198879736086e-06,8.143658225613825e-06,3.7700198879736086e-06,0.4784121632585454,122.0864098641959,3.23016191,0.0630573705
45,2.3926681445529563e-06,4.967792913121404e-06,2.3926681445529563e-06,0.4431005641712685,129.37686335178185,3.09655333,0.0624533296
45,2.6948884778451066e-06,5.649000188453205e-06,2.6948884778451066e-06,0.45161902340213916,126.95668017939383,3.05919194,0.0625679493
43,4.229212173209067e-06,9.087573094656908e-06,4.229212173209067e-06,0.48841900628182017,118.34512726653985,3.40142608,0.0627657548
41,3.5525073077008166e-06,7.39576528374115e-06,3.5525073077008166e-06,0.47205631422596095,116.08271476466477,3.03333807,0.0630443767
42,3.384934386953865e-06,6.9052352606634665e-06,3.384934386953865e-06,0.46837883897719557,114.61288012390625,3.22956324,0.0629558861
42,3.230604459427772e-06,6.5675700503308435e-06,3.230604459427772e-06,0.459825223931569,113.05431637320662,3.17098546,0.0628156066
42,3.244482561987419e-06,6.451062185052659e-06,3.244482561987419e-06,0.4593535252195422,110.15178564047669,3.13695192,0.0627924502
42,3.2732062211066523e-06,6.585797713198667e-06,3.2732062211066523e-06,0.4523760823069274,109.67968651925143,3.2585032,0.0629384518
40,3.403247158844929e-06,6.775374843262335e-06,3.403247158844929e-06,0.45578187622325583,108.1652260468413,3.25116467,0.0627014488
41,3.288467990227244e-06,6.604704448632801e-06,3.288467990227244e-06,0.452104075754026,109.4018026367307,3.23829699,0.0628633425
39,3.361104654516621e-06,6.68581533344105e-06,3.361104654516621e-06,0.4527366097904036,107.84229788812772,3.24712491,0.0625194311
40,3.414796951665436e-06,6.746360560203748e-06,3.414796951665436e-06,0.4510175519062062,107.19118926889247,3.07875037,0.0627692044
39,3.495179235627953e-06,6.947537282439763e-06,3.495179235627953e-06,0.44931696774945445,106.46107791092454,3.23381257,0.0627757683
38,3.502740179885486e-06,6.930660173891625e-06,3.502740179885486e-06,0.449789538011207,106.13898995074175,2.99793124,0.0626015961
39,3.4680094394944967e-06,6.840377226303603e-06,3.4680094394944967e-06,0.4474188701468404,105.56775475496003,3.11957669,0.0625363737
40,3.5001560692089043e-06,7.143556250000433e-06,3.5001560692089043e-06,0.465845768216178,112.53433783682163,3.14087915,0.0628284812
45,5.098128498550056e-06,1.0458899856808502e-05,5.098128498550056e-06,0.5200599397944373,107.84809681935845,3.78914356,0.0629329383
44,5.127122635169454e-06,1.0450795800364494e-05,5.127122635169454e-06,0.5282024631246953,107.94439980311148,3.68289423,0.0632852167
44,5.668198395993801e-06,1.199655500170775e-05,5.668198395993801e-06,0.49466171319553154,106.67286887280034,3.75133443,0.0625316873
44,5.666107427532469e-06,1.1919978816927547e-05,5.666107427532469e-06,0.5014157066231962,106.53853779421132,3.7358551,0.0626969486
44,5.060179505677427e-06,1.055730178917992e-05,5.060179505677427e-06,0.49197071647562524,106.98560722478305,3.53421664,0.062759839
43,5.2328691706095225e-06,1.0909434840961968e-05,5.2328691706095225e-06,0.5024020577284489,106.76705325609056,3.55751109,0.0628767833
45,5.131218651639138e-06,1.0651139217319395e-05,5.131218651639138e-06,0.5039449200154014,107.12669062637568,3.69237781,0.0628477633
43,5.2150131205053434e-06,1.0796313146460293e-05,5.2150131205053434e-06,0.5118004261148754,106.85375237503305,3.61267209,0.0628659576
45,4.447306923277586e-06,9.092010291005583e-06,4.447306923277586e-06,0.4971220505165744,107.71402860216467,3.65633249,0.0630501658
44,4.414557866914914e-06,9.016617065561888e-06,4.414557866914914e-06,0.500155303242144,107.94292419389159,3.78194666,0.0628605634
41,3.9434313261171766e-06,7.892948094874619e-06,3.9434313261171766e-06,0.45812402127948576,105.3999905290863,3.10167313,0.0624307469
39,4.12384972486611e-06,8.36960011422531e-06,4.12384972486611e-06,0.46094113525091923,105.51211534328681,3.46982241,0.0625908673
39,4.328243856318268e-06,8.848878697826981e-06,4.328243856318268e-06,0.46573331652870487,106.23489103253314,3.30638671,0.0628407374
41,5.877937819864963e-06,1.243504926877671e-05,5.877937819864963e-06,0.49561941658598746,106.14678946578594,3.90356731,0.0625442937
43,5.340797345849195e-06,1.1227873982713281e-05,5.340797345849195e-06,0.4817977314205462,106.30874963953009,3.57809854,0.0626166239
57,1.454267907409595e-05,3.825843663218112e-05,1.454267907409595e-05,0.8301835063532489,353.69751259883225,5.78180504,0.062378291
59,1.514866722114401e-05,3.9752345012977885e-05,1.514866722114401e-05,0.8401168600166518,345.76977077434003,6.01249838,0.0621675812
57,1.3791392431773657e-05,3.633162392944283e-05,1.3791392431773657e-05,0.8203989222702879,356.79507545640456,5.88221693,0.062256325
63,1.542279601837958e-05,4.093115413181993e-05,1.542279601837958e-05,0.8526460503315989,362.15592426449456,6.07714939,0.0622991808
57,1.5061092246361862e-05,3.94857087716532e-05,1.5061092246361862e-05,0.8362216732325127,338.3974152686796,6.35655642,0.0621243194
55,1.4918937976932438e-05,3.861559956987458e-05,1.4918937976932438e-05,0.8373707523340758,326.84093117230424,6.16375542,0.0621458404
55,2.016562801916918e-05,4.59230106111253e-05,2.016562801916918e-05,0.8933189979432764,213.75554740884624,6.11297941,0.0622153468
55,2.0039875264671517e-05,4.52772869361373e-05,2.0039875264671517e-05,0.887440729999285,204.0520298236107,6.42228603,0.0622056723
55,2.1066775384159634e-05,4.791033153011386e-05,2.1066775384159634e-05,0.8698687563826429,189.86863399818358,6.329597,0.0623890162
55,1.9873555422989303e-05,4.4497686893914995e-05,1.9873555422989303e-05,0.8795920451553723,197.58990763099877,6.1031332,0.0623637065
58,2.1325637963550616e-05,4.898252569857352e-05,2.1325637963550616e-05,0.9213926784115072,225.75168250921107,6.24717808,0.0622931011
58,2.1057304039371603e-05,4.892731118876066e-05,2.1057304039371603e-05,0.9221660443085261,236.68471466326343,6.37123203,0.062204808
59,2.1907965274525884e-05,5.1628875129664096e-05,2.1907965274525884e-05,0.9375983630337446,248.78598994264752,6.70887804,0.0623265319
57,2.2011115493657308e-05,5.215726204939076e-05,2.2011115493657308e-05,0.9517655843184989,260.8852486722299,6.8542614,0.062322069
57,2.0578225450091076e-05,4.9577307875267845e-05,2.0578225450091076e-05,0.932571666500067,272.6156678253583,6.61865807,0.0621396787
57,1.7018588342228e-05,4.2113531672358044e-05,1.7018588342228e-05,0.876776351521526,286.18034768215125,6.6947875,0.0622310527
58,1.5022296953893044e-05,3.8268811300126445e-05,1.5022296953893044e-05,0.8387189396626687,305.45687645231135,6.241889,0.062170215
57,1.5401574526765806e-05,3.9000093366399e-05,1.5401574526765806e-05,0.8485014148043575,298.8085080341782,6.51601219,0.0622922741
56,1.59790749897582e-05,4.1527767468904425e-05,1.59790749897582e-05,0.8562925261415214,328.5393466868124,6.46048737,0.0622065254
57,1.4476224204608475e-05,3.716934766309177e-05,1.4476224204608475e-05,0.8312835701984524,318.9047676913581,5.8725996,0.0622753464
63,2.6189857864527454e-05,7.442423304894302e-05,2.6189857864527454e-05,1.0323804883421774,338.26720525763216,15.7488184,0.0626612455
66,2.520010226398397e-05,6.877330110071592e-05,2.520010226398397e-05,1.0504241467048683,324.03794931367474,14.7058382,0.0625973791
68,3.597846835097278e-05,0.00011733439967496542,3.597846835097278e-05,1.0884086700098798,332.6248759864156,23.0178089,0.06272351
66,3.286292693851335e-05,9.715155792776596e-05,3.286292693851335e-05,1.0921458304321716,337.10593750651526,17.3316059,0.0627623424
67,3.135097769920326e-05,9.595326051000362e-05,3.135097769920326e-05,1.0902917800785514,328.14517708441235,25.5568962,0.0627452433
68,6.238136035740656e-05,0.00027495505928174863,6.238136035740656e-05,1.1758999971665767,313.9418033159849,53.7140427,0.0627880543
67,4.934761844732104e-05,0.00018053612427669115,4.934761844732104e-05,1.202462780828294,319.5047100960689,32.7359161,0.0628824309
65,4.3282594892681845e-05,0.0001675166142554067,4.3282594892681845e-05,1.1321928383574533,322.63113829415903,39.2337494,0.0627635047
71,0.00014813430691520626,0.000825743948049971,0.00014813430691520626,1.2889582272901148,307.4889875035155,74.1070023,0.06273745
75,7.21455370219613e-05,0.0003233764095618305,7.21455370219613e-05,1.27477639980633,302.0166704307794,53.8826027,0.0626926199
70,0.00011988065152230628,0.0005985384407741214,0.00011988065152230628,1.2655015540328933,311.18800485956245,66.9001541,0.0628180578
70,5.8535513434156e-05,0.00019309320950566502,5.8535513434156e-05,1.2566950115221804,281.9119158438999,29.838047,0.062640503
75,0.00010607561351526704,0.0004367911008569473,0.00010607561351526704,1.3409891048617784,279.9761163730898,47.646637,0.0626735091
70,0.0001603507163080425,0.0009153313616040703,0.0001603507163080425,1.3464665724739104,293.696033462871,87.0054626,0.0627630427
74,8.398041474375773e-05,0.00028983356644911957,8.398041474375773e-05,1.3816940913345588,286.2266517143274,32.9675827,0.0626329407
74,9.200449130740834e-05,0.00036774946814572727,9.200449130740834e-05,1.3054181727065233,274.9169481001292,39.4350586,0.0627773628
60,1.491980456627609e-05,3.9460201955903035e-05,1.491980456627609e-05,0.8412830383950053,359.89197311408276,5.89915466,0.0623835437
60,1.4103845817850265e-05,3.705205496284982e-05,1.4103845817850265e-05,0.8267968531946855,356.1671526961052,5.65901566,0.062319763
63,2.4567935688127037e-05,6.903700857443464e-05,2.4567935688127037e-05,1.0027745392272123,345.41328978922417,13.7550707,0.062610738
65,2.5020919687508486e-05,7.070581669004077e-05,2.5020919687508486e-05,1.003011332144133,348.9929530904775,14.8586407,0.0627412349
64,2.1772745751574268e-05,6.648137318792193e-05,2.1772745751574268e-05,0.9334838809308108,357.1772187592538,16.4782314,0.062548466
66,2.714717604601631e-05,8.054122188330623e-05,2.714717604601631e-05,1.0001559555311297,352.04337350346424,13.7714767,0.0625956431
62,2.581785410925053e-05,7.943124723173356e-05,2.581785410925053e-05,0.9776364003617143,354.54659784955334,16.9459896,0.0626296625
62,2.0151330707384858e-05,5.690576946016238e-05,2.0151330707384858e-05,0.9323629867547872,358.8193735692047,13.2199478,0.0624568127
69,2.5382467986459306e-05,7.111989104966798e-05,2.5382467986459306e-05,1.0250852533586272,342.19611938972275,14.3131552,0.0627292767
60,1.4859037814706283e-05,3.9446622392985635e-05,1.4859037814706283e-05,0.8472654463240126,362.36857308214155,6.01359415,0.0623322353
62,1.5542846544451673e-05,4.1385644237360336e-05,1.5542846544451673e-05,0.8650655840989296,366.5456164120171,6.11669397,0.0623654388
63,1.887799716020742e-05,5.110448273451658e-05,1.887799716020742e-05,0.9331495469866662,364.699315351728,10.5416393,0.0626021475
63,2.0429972712338123e-05,5.5419768501516004e-05,2.0429972712338123e-05,0.9655686166036727,363.3674842897701,10.1031189,0.062659435
63,1.823485627415849e-05,4.883939384802989e-05,1.823485627415849e-05,0.9249064375937863,366.82745076225683,8.1735878,0.0623783134
64,2.139303018999528e-05,5.938473996291726e-05,2.139303018999528e-05,0.9602764111062375,360.8405373015551,11.567337,0.0626281202
69,3.021786364481941e-05,7.362403067797474e-05,3.021786364481941e-05,1.1966852798829224,267.2329261862341,15.6523476,0.0628890321
58,1.5691307611463675e-05,3.80267953784028e-05,1.5691307611463675e-05,0.8215845191648182,226.11827204523124,6.15038109,0.062764734
58,1.4862616444505665e-05,3.605991437586116e-05,1.4862616444505665e-05,0.7995531163962951,223.22670953386444,6.02046061,0.0627283156
61,1.609420589560475e-05,3.9021410968856003e-05,1.609420589560475e-05,0.8366192831958961,231.61241472380627,6.18221378,0.0627337396
58,1.8022928987524366e-05,4.370669350514876e-05,1.8022928987524366e-05,0.8822989039388817,236.31778112994695,6.51545858,0.0627004057
54,6.580055691158345e-06,1.600057340997762e-05,6.580055691158345e-06,0.6153959777864526,203.4732449943838,5.54517746,0.062617138
54,1.038301222416822e-05,2.506209647866664e-05,1.038301222416822e-05,0.7094754472483301,213.01977248998895,5.49490547,0.0626383573
54,8.942628365912495e-06,2.1606970458647778e-05,8.942628365912495e-06,0.6741996303990058,208.2053262543943,5.43482685,0.0627185851
58,1.2127458120354109e-05,2.9386460594629402e-05,1.2127458120354109e-05,0.7459906028077721,218.87976132996428,5.68281364,0.062576659
52,3.6739929876694516e-06,9.161236508317878e-06,3.6739929876694516e-06,0.5155497178972582,190.83927690052565,4.81914997,0.0625739619
53,4.9241642136185135e-06,1.1984836287898309e-05,4.9241642136185135e-06,0.564937437665398,196.60529593450477,4.77865362,0.0628544465
55,4.042153380835289e-06,1.0074349057236839e-05,4.042153380835289e-06,0.5312232130645428,195.65629196013438,5.10535288,0.0627605096
56,4.858227972964863e-06,1.1925442401991285e-05,4.858227972964863e-06,0.5636988327111766,200.40768196301104,5.44292307,0.0624429695
54,3.822816357780081e-06,9.330861840083127e-06,3.822816357780081e-06,0.5206255750424954,189.16799834995692,4.64954233,0.0625747666
53,4.7741919310839685e-06,1.1068287365083562e-05,4.7741919310839685e-06,0.5617528626847559,185.0158684760483,4.44069099,0.0624031276
50,3.549737934106876e-06,8.409144995562408e-06,3.549737934106876e-06,0.5119312430861861,180.15035635126503,4.10886669,0.062449947
51,3.387725378978765e-06,8.091293004880662e-06,3.387725378978765e-06,0.4953249966120824,178.79064878020748,3.93532753,0.0627528355
51,2.7979456792659647e-06,6.688224577443297e-06,2.7979456792659647e-06,0.473688204588424,175.3623494907678,3.79725289,0.0626972541
65,1.8971799427118323e-05,4.469624669115685e-05,1.8971799427118323e-05,0.9270918500064101,241.595644940628,6.1226573,0.0628312603
45,4.507654014047331e-06,1.4688775359671237e-05,4.507654014047331e-06,0.4610380695739471,249.56058863932637,6.55647087,0.0630022362
67,2.445690999403655e-05,5.5876231635300105e-05,2.445690999403655e-05,1.1436221296426619,264.49365509472244,8.47769356,0.0627324358
68,2.042479171549097e-05,4.660487922209208e-05,2.042479171549097e-05,1.050932441946986,258.911966461227,7.18192863,0.0627467632
67,1.8275486861632224e-05,4.1674465506091134e-05,1.8275486861632224e-05,0.9975890300477086,255.68256613734968,6.28340483,0.062751472
69,1.6337905668888822e-05,3.741064029462959e-05,1.6337905668888822e-05,0.9396812223982797,251.86482571939274,5.8277154,0.062802881
62,1.8170274569193147e-05,4.22617869530044e-05,1.8170274569193147e-05,0.9350408044510184,245.3004901884432,6.05126667,0.0627542809
51,2.3075243707749013e-06,5.387347765434649e-06,2.3075243707749013e-06,0.45876874804695866,171.9088609895822,3.65953159,0.0624720678
51,2.4198136957469466e-06,5.561784094531103e-06,2.4198136957469466e-06,0.4633326818762014,170.36296834454365,3.59225774,0.0626268014
51,2.209745499363178e-06,5.0074407595258675e-06,2.209745499363178e-06,0.4543156125427504,167.21401309350009,3.47682643,0.0625475347
51,1.9590990372576854e-06,4.502649779981339e-06,1.9590990372576854e-06,0.4353918330617419,163.95709600652626,3.4260788,0.0624954067
43,2.4682354476778642e-06,5.180852983537017e-06,2.4682354476778642e-06,0.46634910469320906,145.98056867434502,3.08287811,0.0629447922
46,2.8148203686968188e-06,6.094286673715003e-06,2.8148203686968188e-06,0.4793117362685069,149.776913749102,3.19427109,0.0629270077
44,2.6139768864052876e-06,5.598362212916554e-06,2.6139768864052876e-06,0.4719157138757218,148.96412240576143,3.20383382,0.0629465729
46,2.2323220275783204e-06,4.683855623567695e-06,2.2323220275783204e-06,0.453791919415237,144.15127121578755,3.13099909,0.0631283596
46,1.8270494037958038e-06,4.012933655924838e-06,1.8270494037958038e-06,0.4344584769726255,157.62211230390918,3.25411081,0.0629202202
46,1.8479842903290807e-06,4.061833128368331e-06,1.8479842903290807e-06,0.4362866207464464,156.5051640625658,3.27837753,0.0628245771
47,1.9187495375998437e-06,4.152560241436521e-06,1.9187495375998437e-06,0.4424347981770371,154.9384812834158,3.28793001,0.0630249679
45,2.134487692695962e-06,4.5242806182823676e-06,2.134487692695962e-06,0.4568342458268941,152.43249290228516,3.1523025,0.0624506213
46,1.7760983242534656e-06,3.854474435853815e-06,1.7760983242534656e-06,0.43406308357955325,153.49182039235464,3.24483228,0.0629177839
47,1.7934943198014858e-06,4.0855608997086956e-06,1.7934943198014858e-06,0.4222454305714361,160.4518938602884,3.36596179,0.0629229993
42,6.23466330868437e-06,1.2587206615218341e-05,6.23466330868437e-06,0.5695409621498989,108.01438436348592,3.46825171,0.062917091
45,6.2702904398965595e-06,1.2655923381154045e-05,6.2702904398965595e-06,0.5803152255439538,110.87029605019639,4.45828485,0.0638268813
44,6.375369949472803e-06,1.2967983767430924e-05,6.375369949472803e-06,0.5839818655848997,112.34491403555387,4.497756,0.0632303953
45,5.475514588362181e-06,1.1079520720159305e-05,5.475514588362181e-06,0.5515618605605828,109.65030417663029,4.10208416,0.0635382235
43,5.232519036512872e-06,1.064485114946537e-05,5.232519036512872e-06,0.5487987283873471,111.88198340862968,4.11129379,0.0634460151
44,5.58256779989791e-06,1.1410541214095013e-05,5.58256779989791e-06,0.559327565043056,111.763963681011,4.20052719,0.0635958016
43,5.827479059532117e-06,1.189151558711601e-05,5.827479059532117e-06,0.5509641358645369,107.74367215268153,3.94976687,0.0635902733
42,5.468327232283753e-06,1.1033346852840706e-05,5.468327232283753e-06,0.5458199215511783,107.99615244671284,3.73641753,0.0631918684
42,4.587048399621177e-06,9.220432717412722e-06,4.587048399621177e-06,0.5184157544048994,108.5761841702522,3.53527474,0.0635571778
44,7.062198124878793e-06,1.4756616262907772e-05,7.062198124878793e-06,0.5929685017644377,114.74695653343797,4.6461339,0.0627661571
46,6.102597897081171e-06,1.2777241298747657e-05,6.102597897081171e-06,0.5709712136050094,116.64587023891978,4.49650955,0.0631304532
47,7.399833410548845e-06,1.55198609926685e-05,7.399833410548845e-06,0.605545964782388,119.67925714899859,4.63384581,0.063341476
48,1.3042403985665053e-05,2.855944118482297e-05,1.3042403985665053e-05,0.7063848823284166,134.18785827036203,6.12489557,0.0626686588
47,1.469771422137797e-05,3.258797770499094e-05,1.469771422137797e-05,0.7320568497135774,139.33757870519878,6.4893465,0.0625376403
50,1.541242463547002e-05,3.435817737225362e-05,1.541242463547002e-05,0.7460283926783395,144.3282420384836,6.57315588,0.0622937493
50,1.75974028544635e-05,3.967552729485907e-05,1.75974028544635e-05,0.7860817255993596,158.03078326431745,6.80249739,0.0628440306
52,1.8666677110358295e-05,4.238366201940587e-05,1.8666677110358295e-05,0.8061140427936839,166.53811080290214,6.68349457,0.0624027327
53,1.813934553987936e-05,4.1323834703183055e-05,1.813934553987936e-05,0.8008748246764216,169.71946486071602,6.72368193,0.0623874292
49,1.5654731951479004e-05,3.507263201603101e-05,1.5654731951479004e-05,0.7562885906394704,152.30397841334482,6.40390253,0.0626665056
50,1.3136990738459333e-05,2.9155643858437365e-05,1.3136990738459333e-05,0.7137623446757984,146.25707726398858,5.91832209,0.0625464544
55,2.01489872936916e-05,4.625914274328033e-05,2.01489872936916e-05,0.8340177018403842,175.85827151982627,7.07316256,0.0625917912
51,2.121349416115455e-05,4.857517110666405e-05,2.121349416115455e-05,0.8607124981690516,183.6386258015431,6.97903585,0.0624559335
55,2.089808115797515e-05,4.759466574588844e-05,2.089808115797515e-05,0.8712037131780904,191.2436999545028,6.49024391,0.0624972209
46,9.101727056039834e-06,1.9321697541831815e-05,9.101727056039834e-06,0.6422385956266865,124.93774499346152,4.84869385,0.0631154701
45,7.183085870979379e-06,1.5064307117510319e-05,7.183085870979379e-06,0.602519252567233,122.35369470505186,4.57682085,0.0632357001
46,1.0031861269095279e-05,2.1486965762199098e-05,1.0031861269095279e-05,0.6592700921624636,127.63961913609212,5.20375776,0.0628162995
49,1.2162037573585393e-05,2.637733811462145e-05,1.2162037573585393e-05,0.6936478019426052,130.32961679775147,5.8713913,0.062776275
47,1.3806421405587711e-05,3.0313308408514204e-05,1.3806421405587711e-05,0.7167354400923891,134.14081387728208,6.12229061,0.0628116727
44,1.8295307656438904e-06,4.010644795474922e-06,1.8295307656438904e-06,0.41267354609775586,141.15047271354763,3.07877779,0.0632155836
48,2.0561250858937273e-06,4.47182823428608e-06,2.0561250858937273e-06,0.422719826412475,139.97188583180832,3.12881207,0.0631238371
47,1.8595090246199143e-06,3.867626395010067e-06,1.8595090246199143e-06,0.43447996115547677,143.3849190621582,3.09842944,0.0630377904
52,3.1198872905666204e-06,6.392622547065801e-06,3.1198872905666204e-06,0.49068015266856696,137.14122540686432,3.14844346,0.0630206764
52,3.7702632006946586e-06,7.77154826616686e-06,3.7702632006946586e-06,0.5165577947742823,139.44125983485006,3.16626573,0.06314037
52,2.7322486440685374e-06,5.615318497807375e-06,2.7322486440685374e-06,0.4712762421522691,134.8734133050339,3.20875835,0.0629204065
50,2.6524105806431124e-06,5.4696225287653e-06,2.6524105806431124e-06,0.46603644142518724,134.20022534504903,3.20920777,0.0626982078
50,1.968087783773187e-06,4.234026343738911e-06,1.968087783773187e-06,0.4150015089193476,131.8001035062212,3.12425733,0.0624700375
50,1.9356691015360956e-06,4.231242905129491e-06,1.9356691015360956e-06,0.40529743913782096,133.74603726907387,3.15595007,0.0625463799
42,3.4277257262576756e-06,7.331410921239022e-06,3.4277257262576756e-06,0.4719676397861662,124.77311831054585,3.1011095,0.0628919899
42,3.849149728280634e-06,8.32690491502203e-06,3.849149728280634e-06,0.4799969565170475,122.37721239972143,3.2760942,0.0631592572
46,2.150742159184998e-06,4.531731006017021e-06,2.150742159184998e-06,0.4273671856010968,130.26882210599925,3.11768055,0.0627871975
44,2.64551172379113e-06,5.534894759707333e-06,2.64551172379113e-06,0.44960587621540077,127.42374083607282,3.11488104,0.0630862787
41,4.233596426652652e-06,9.14809896302921e-06,4.233596426652652e-06,0.48766424442143297,120.28699452508607,3.49554586,0.0629614964
43,4.254760436994165e-06,9.186239261231832e-06,4.254760436994165e-06,0.4853752430731151,118.63498599367702,3.3863163,0.0627416223
41,4.1377382474463615e-06,8.825133954884876e-06,4.1377382474463615e-06,0.4841415192432885,117.22539560773694,3.27759862,0.0628420934
39,3.847076108374234e-06,8.013284634019392e-06,3.847076108374234e-06,0.47830849711093837,115.27350319993275,3.16462326,0.0630378202
42,3.840058488390406e-06,8.040319616124995e-06,3.840058488390406e-06,0.47356419717709486,114.80195931084084,3.06400537,0.0629454851
43,3.270029522152309e-06,6.604664184068352e-06,3.270029522152309e-06,0.45493505297125186,111.13676081351866,3.18937993,0.0629249141
42,3.890533685815153e-06,8.047879066779053e-06,3.890533685815153e-06,0.4666839761244754,111.55225668580587,3.15809321,0.0628964305
41,3.28145514845323e-06,6.535659183882155e-06,3.28145514845323e-06,0.4512493864880206,109.01981305072309,3.16509056,0.0627938211
41,3.8715156634877655e-06,8.004114708744446e-06,3.8715156634877655e-06,0.4624417353867773,110.6296105697107,3.00366163,0.0628842115
43,4.203866833854389e-06,8.85534452603621e-06,4.203866833854389e-06,0.46927673699291106,111.65360573915372,3.25175762,0.0628891066
41,3.4733250893238716e-06,6.972752722085362e-06,3.4733250893238716e-06,0.45080563317535877,108.52322610134554,3.15147781,0.0625939965
42,4.295671964010001e-06,9.053219803384511e-06,4.295671964010001e-06,0.46650244655467477,110.393881217682,3.28468847,0.0627604425
41,4.050088777315503e-06,8.340042789199914e-06,4.050088777315503e-06,0.4605744225511738,108.44166072237434,3.07576489,0.0626677498
40,3.6467646316936743e-06,7.33182239923791e-06,3.6467646316936743e-06,0.4516908375080513,107.49078721511192,3.06328917,0.0626119897
40,3.6117286924423295e-06,7.2130239360807365e-06,3.6117286924423295e-06,0.44945513812339394,106.51557100867598,3.02953458,0.0625733733
41,4.653640549821815e-06,9.668283816590324e-06,4.653640549821815e-06,0.4702273219567723,106.78732256940461,3.32501245,0.0628286079
42,4.482198403564008e-06,9.658722802898722e-06,4.482198403564008e-06,0.4801545121519985,115.11468925611847,3.60754013,0.0629249662
42,4.336617646944975e-06,9.220135357922748e-06,4.336617646944975e-06,0.47656648778509647,113.38220422199672,3.33837986,0.0628608093
44,4.119958731448924e-06,8.31307154454795e-06,4.119958731448924e-06,0.4993868009629812,108.7813117087288,3.66084719,0.062902458
46,3.830784972672626e-06,7.658413195949265e-06,3.830784972672626e-06,0.49459060219340373,109.50150138757715,3.65414143,0.0634550452
43,5.249713881180969e-06,1.1098476016842388e-05,5.249713881180969e-06,0.4825947483643728,107.0613235127806,3.67185497,0.0625599101
43,4.415913164331232e-06,9.200656493194557e-06,4.415913164331232e-06,0.470217547190951,107.63320175580306,3.44520473,0.0626751781
43,4.615374815689721e-06,9.579551368131444e-06,4.615374815689721e-06,0.47920652021191673,107.27133550204361,3.38740134,0.062700659
44,4.0081039085043395e-06,8.176387555602618e-06,4.0081039085043395e-06,0.4730880813533563,107.9477974035293,3.59311533,0.0628229529
43,3.5803309003147898e-06,7.254900744522989e-06,3.5803309003147898e-06,0.4578641218659249,108.14720441907137,3.3498826,0.0627848879
45,4.025383036637937e-06,8.196840288491153e-06,4.025383036637937e-06,0.4756571481806128,108.03455902550385,3.38888502,0.0629321262
45,3.977550449821515e-06,8.076142811911131e-06,3.977550449821515e-06,0.48258978710685174,108.23573239954534,3.72463107,0.0629508346
45,3.24627867344675e-06,6.677928184385272e-06,3.24627867344675e-06,0.46118174313464,109.15197553982705,3.74282169,0.0631767735
43,3.540652141328111e-06,7.145083252638286e-06,3.540652141328111e-06,0.4790084788563409,108.95036533644164,3.74936295,0.0628325716
42,5.23470547484445e-06,1.1164330678427515e-05,5.23470547484445e-06,0.4769575297721858,107.31078472663913,3.74587917,0.0628877357
41,5.207689469907905e-06,1.1114377814738305e-05,5.207689469907905e-06,0.47786844918869353,107.45069300009233,3.69631028,0.0628943145
42,5.2229913554248614e-06,1.1111568909353582e-05,5.2229913554248614e-06,0.4787031651623773,107.01035099315581,3.71860194,0.0628788844
64,1.5002128279289502e-05,3.972953709474041e-05,1.5002128279289502e-05,0.8398099731349522,356.2974175634896,5.9140234,0.0622932166
61,1.548468504406958e-05,4.0671549107440436e-05,1.548468504406958e-05,0.851502808076684,349.95671512604144,5.95120716,0.0623077042
62,1.4696207809913926e-05,3.896052090001548e-05,1.4696207809913926e-05,0.8376969354712407,363.4407287669182,6.12189341,0.0622555353
60,1.545500213502087e-05,4.098657191960295e-05,1.545500213502087e-05,0.862062675074454,364.7873626797774,6.04307938,0.0622780323
63,1.5733408201495033e-05,4.170817999817243e-05,1.5733408201495033e-05,0.8684732014911951,362.94543174105956,6.01789045,0.0623704158
59,1.4730263240787063e-05,3.844244562034624e-05,1.4730263240787063e-05,0.8357756029540362,338.1422449027728,6.19363832,0.0622162297
59,1.611598465915853e-05,4.248865223428173e-05,1.611598465915853e-05,0.8656564026350476,349.0000197677503,6.31332874,0.0623309985
57,2.143128135455484e-05,4.889498845797631e-05,2.143128135455484e-05,0.9267204183184979,223.04766085968362,6.33625412,0.0621746704
57,2.0576630620278877e-05,4.6567524297293125e-05,2.0576630620278877e-05,0.9040475036397744,212.05195105641158,6.4576478,0.0622402653
57,1.9903585849540117e-05,4.470315075441171e-05,1.9903585849540117e-05,0.8976420894316884,208.34996627449658,5.9302454,0.0623467341
56,1.9483407691179667e-05,4.350481228256711e-05,1.9483407691179667e-05,0.8855636978421705,202.10075387805642,5.90786886,0.0626342073
57,2.219024901231776e-05,5.169137690490342e-05,2.219024901231776e-05,0.9536999309159352,244.90527519649723,6.54082155,0.0622808412
59,2.2123227712599128e-05,5.105631306085494e-05,2.2123227712599128e-05,0.9462779457241026,235.51297122383417,6.58921146,0.0622677095
61,2.2226884847672415e-05,5.242512226184691e-05,2.2226884847672415e-05,0.9546973998436629,256.3791253876722,6.89077139,0.0623953268
60,2.1565978291737808e-05,5.180863851178398e-05,2.1565978291737808e-05,0.951770209425858,272.10998482245503,6.94273663,0.0621923991
55,2.2573932155771546e-05,5.366532548367898e-05,2.2573932155771546e-05,0.9658880765258158,265.47886940210907,6.46531725,0.0623063073
55,1.8766667488353384e-05,4.602976588840541e-05,1.8766667488353384e-05,0.9109209957675832,284.94620809947656,6.60454082,0.0622719936
57,1.555573224551841e-05,3.978733906517224e-05,1.555573224551841e-05,0.8517435374422113,310.1011405766975,6.58715773,0.062417239
57,1.5990293882373228e-05,4.0648049654525576e-05,1.5990293882373228e-05,0.8578211348497432,298.11920427722924,6.94470167,0.0623028278
58,1.609290626107815e-05,4.193208505015903e-05,1.609290626107815e-05,0.8593403133912824,331.84880506906364,6.47621107,0.0622772463
56,1.651518016510724e-05,4.2750534688739365e-05,1.651518016510724e-05,0.8741102092594921,327.626199381873,6.67403555,0.0623115711
62,1.5129290355467343e-05,3.8744850408686565e-05,1.5129290355467343e-05,0.8513477579136007,320.5922371757422,6.01830912,0.0624361448
67,4.7999328807130624e-05,0.00016496525668116855,4.7999328807130624e-05,1.2049524969662906,326.6007466742788,28.8220577,0.0628516749
67,6.246146552297666e-05,0.0002455972057354176,6.246146552297666e-05,1.2181756817821556,334.56241841191826,36.4024277,0.0627801791
66,3.303524549724249e-05,9.854463665375672e-05,3.303524549724249e-05,1.109767708171829,339.67257588579275,18.8506298,0.0628649294
69,5.6981051173538255e-05,0.00019884514655396174,5.6981051173538255e-05,1.2704083263194739,337.29851532737734,29.4387054,0.0628366396
66,5.082325650541464e-05,0.0001797138220751858,5.082325650541464e-05,1.195774203875882,330.15562475064286,28.7925491,0.0628105402
70,0.00010342816562329978,0.0004103000476632689,0.00010342816562329978,1.405936281599529,317.49256465062354,39.1267853,0.0629017577
69,8.394751872979324e-05,0.00032216372257708035,8.394751872979324e-05,1.3810131446259069,321.3442848494293,42.3754921,0.0627750531
51,0.00046502292733954965,0.0030838200234410296,0.00046502292733954965,0.9204462904126826,293.4133865918355,163.535324,0.0628388077
73,7.893980144674919e-05,0.0002823676004993286,7.893980144674919e-05,1.401965049075711,301.06098146359886,31.426857,0.0627179369
71,0.000238217693278062,0.001261257083195572,0.000238217693278062,1.4816096645097063,312.24915990514233,96.485321,0.0628967062
76,0.0002057863745535267,0.0007882953592954383,0.0002057863745535267,1.6157219420650493,287.36315592270233,46.8010674,0.06271974
49,1.717080609189177e-05,6.917961919569015e-05,1.717080609189177e-05,0.5881815528665352,262.60925152425654,20.4720993,0.0627320856
53,0.0003731998709775789,0.0026889093541213657,0.0003731998709775789,0.7787069775655177,280.8403700647426,156.735611,0.0628040135
49,0.0006211596107259875,0.004577428329045506,0.0006211596107259875,0.8348947200903905,276.8222769111133,169.81926,0.0627720207
47,6.239516314253684e-06,2.022174572548861e-05,6.239516314253684e-06,0.49602057374755876,255.27988332687264,7.0175662,0.0627997145
61,1.4708114659476867e-05,3.885284172399273e-05,1.4708114659476867e-05,0.8399931352946907,363.6017412889726,5.74730682,0.0623703226
60,1.541199733402133e-05,4.08218273170578e-05,1.541199733402133e-05,0.8590961976896895,366.4109776174074,5.93354416,0.062388353
66,2.802829917517546e-05,8.013587175188694e-05,2.802829917517546e-05,1.0516675061891139,345.29671587123033,15.7645664,0.062756069
67,3.0374086140094533e-05,9.167376571840378e-05,3.0374086140094533e-05,1.0452103729411892,348.88996053198974,16.5789528,0.0628339276
63,2.435342584471976e-05,7.091291301139315e-05,2.435342584471976e-05,0.9825120110048161,356.9371407854785,14.5079002,0.0627227575
65,2.9057216500589527e-05,9.552400346009314e-05,2.9057216500589527e-05,1.0140725845192726,352.3486718264199,20.3183575,0.0627235249
66,2.403078856492714e-05,6.88016759578272e-05,2.403078856492714e-05,1.0090449231117755,354.9380364544396,14.6779871,0.0628255159
63,1.7053908151735562e-05,4.5258027849843416e-05,1.7053908151735562e-05,0.9037148199755156,368.03896535412275,6.18361855,0.062402267
61,1.6960401597325433e-05,4.505667202000056e-05,1.6960401597325433e-05,0.8912277843929355,368.6717882539839,6.22303057,0.0624441318
69,2.173653066546933e-05,5.992155821824535e-05,2.173653066546933e-05,0.9849159899796306,364.6841796536295,12.2218752,0.0627441704
68,2.4233187610441434e-05,6.832252253656576e-05,2.4233187610441434e-05,1.0179361473915396,361.39342999650995,13.293726,0.0627874956
71,2.5771732453524595e-05,7.135473681262497e-05,2.5771732453524595e-05,1.0812946710646452,362.83808797101244,14.5169497,0.0629482269
65,1.9292366572196152e-05,5.2242285016294934e-05,1.9292366572196152e-05,0.9469782998913968,367.8076136375436,10.818327,0.0624270327
60,1.4485533842397027e-05,3.5059941532176643e-05,1.4485533842397027e-05,0.8011087838880708,227.83510565975615,6.00614405,0.0626716986
61,1.3305381451278244e-05,3.218740366801196e-05,1.3305381451278244e-05,0.7786703464609572,225.49139901593986,5.83432817,0.0626964569
60,1.7049633877833464e-05,4.13322426596508e-05,1.7049633877833464e-05,0.8576653992174363,234.2417383572533,6.3020153,0.0627357587
64,1.37734377535637e-05,3.340708209516052e-05,1.37734377535637e-05,0.7955604603900679,232.19609208847638,5.80979919,0.0626897439
64,1.8170389429322994e-05,4.4075469350578816e-05,1.8170389429322994e-05,0.8893029039403274,239.706787238202,7.1220789,0.0628272146
55,7.332515690060378e-06,1.7781399066622563e-05,7.332515690060378e-06,0.6362675817008202,206.1999315893571,5.48095751,0.0626199469
57,1.2411244077024254e-05,3.0015647145025654e-05,1.2411244077024254e-05,0.7514864899165895,216.85404679726562,5.70143843,0.0625597984
55,1.0046364437168104e-05,2.4277468589998155e-05,1.0046364437168104e-05,0.7041283171346046,214.8811971062898,5.72604084,0.0626020432
57,8.410841211663164e-06,2.0382274546878035e-05,8.410841211663164e-06,0.6623246010853138,210.5271625770114,5.77541924,0.062703684
59,1.1037302286453635e-05,2.6504051619552978e-05,1.1037302286453635e-05,0.7380674414864868,221.28498673490535,5.34290934,0.0627289563
53,3.7986113137703974e-06,9.56038025298249e-06,3.7986113137703974e-06,0.5188820498142545,193.76414314658876,5.08992624,0.0627503693
55,4.716696909564745e-06,1.1796913471558728e-05,4.716696909564745e-06,0.5511754462484034,200.32201992316146,5.05498648,0.0622680448
55,4.05655457042652e-06,1.0176868397052708e-05,4.05655457042652e-06,0.5317905115476843,197.9801379582697,5.0411253,0.0625588745
56,7.914684568611508e-06,1.9438661212600185e-05,7.914684568611508e-06,0.6425529150030888,205.528963260301,5.47610712,0.0627786741
55,4.0433517039089866e-06,1.0013643367403607e-05,4.0433517039089866e-06,0.5221945476493415,189.4288588384728,4.71727133,0.062803857
56,5.037536404067257e-06,1.213890722039301e-05,5.037536404067257e-06,0.5679013582281942,192.7121288773109,4.98001242,0.0627033785
51,5.120661262404789e-06,1.173151757475437e-05,5.120661262404789e-06,0.5748315000379203,183.12765340769218,4.17081451,0.062634632
55,5.914189859599669e-06,1.3788193063073313e-05,5.914189859599669e-06,0.5919828704523277,187.1947629063002,4.46218729,0.0627776682
51,4.432045513063254e-06,1.0245249730796736e-05,4.432045513063254e-06,0.5473282311065226,179.3963701858527,4.00367212,0.0629079491
52,2.9982115824826053e-06,7.0502168585198925e-06,2.9982115824826053e-06,0.48558462025776433,175.9467772586404,3.74118233,0.062589772
43,3.996429623004169e-06,1.2381073441783175e-05,3.996429623004169e-06,0.4676528181702787,253.22514775470307,5.45490694,0.0630207211
44,2.9617403354657405e-06,9.219182272837832e-06,2.9617403354657405e-06,0.4324295653023819,248.01861983295115,5.11019754,0.0628734827
64,1.8416513910173373e-05,4.154039925438768e-05,1.8416513910173373e-05,1.0488831715188707,264.34405982745506,5.9145031,0.0628949553
68,1.5977880419265158e-05,3.6271891571801195e-05,1.5977880419265158e-05,0.9727617943899859,260.1266102300492,5.41826916,0.0628977567
68,1.5336178471212442e-05,3.489346550593508e-05,1.5336178471212442e-05,0.9472863238059225,256.68525384168925,5.27765131,0.0629258826
69,1.5453832025232537e-05,3.53508905247683e-05,1.5453832025232537e-05,0.9264774388020516,251.40227085065814,5.73547792,0.0629683957
66,1.6425429376287116e-05,3.876482724252553e-05,1.6425429376287116e-05,0.9041068019212074,248.0185136437642,5.74778032,0.06296812
62,1.8808949214969867e-05,4.5003891451596226e-05,1.8808949214969867e-05,0.918561567375124,243.25683021332125,6.30300045,0.0628887489
50,2.653193081885871e-06,6.183828026357412e-06,2.653193081885871e-06,0.47033206836677566,170.75137705868124,3.64474988,0.0626408383
50,2.9071477121203256e-06,6.737989293168773e-06,2.9071477121203256e-06,0.485436308882897,173.5680610140805,3.8269732,0.0625998303
50,2.7618515009469367e-06,6.213893459233636e-06,2.7618515009469367e-06,0.482181328381042,167.60419164044964,3.48851323,0.0626500994
48,2.35690440960703e-06,5.198703713994505e-06,2.35690440960703e-06,0.4656697157870175,163.8758167714146,3.27858782,0.0628686622
44,2.3780443411878102e-06,5.013345427128976e-06,2.3780443411878102e-06,0.46262599131543775,146.79169234440107,3.14498591,0.0626113638
45,2.4321767433692765e-06,5.18001142566468e-06,2.4321767433692765e-06,0.4646943326410707,148.66188367634464,3.21088481,0.0628785715
47,2.173954578605667e-06,4.64302704165458e-06,2.173954578605667e-06,0.454356835269268,150.86856911615303,3.25312829,0.0624507517
44,2.1738946887182952e-06,4.589836267571353e-06,2.1738946887182952e-06,0.45121710756748923,145.29981601152554,3.06394553,0.0628859699
47,1.7470733419758808e-06,3.985409191474082e-06,1.7470733419758808e-06,0.41796107782651987,159.40586937398754,3.3001411,0.0627210066
48,1.8566053377954198e-06,4.1769161525412734e-06,1.8566053377954198e-06,0.43072125121973387,157.7160687900968,3.26474881,0.0627038404
48,1.7753760532465574e-06,3.931810251632701e-06,1.7753760532465574e-06,0.4284758459214036,156.16335950925736,3.28703833,0.0627956539
49,1.808695180029878e-06,3.996511454235926e-06,1.808695180029878e-06,0.43077692304337256,155.12655986547782,3.2977519,0.0629903227
46,1.8213486965896225e-06,3.9278016906220516e-06,1.8213486965896225e-06,0.43499069200820384,152.35950112432093,3.24475932,0.0630361885
43,5.185526639802553e-06,1.0458161050665698e-05,5.185526639802553e-06,0.5424583218294232,109.18208212694763,4.03063202,0.0629826859
44,5.829545672346206e-06,1.2264058051275546e-05,5.829545672346206e-06,0.5616433640112406,113.7737325951393,4.4371314,0.0628027841
45,6.391831408605122e-06,1.3266443973375324e-05,6.391831408605122e-06,0.5795136744101397,113.92137897133217,4.54569626,0.0626026616
45,4.748723613051327e-06,9.681354914023143e-06,4.748723613051327e-06,0.5298870115215697,110.61037199551485,4.21500301,0.0637575984
42,5.034567264874617e-06,1.0505327354456336e-05,5.034567264874617e-06,0.5386215129903359,112.603684578105,4.31965399,0.0638861731
44,4.484616954782959e-06,9.306465538624167e-06,4.484616954782959e-06,0.5193921762161064,112.10870113957859,4.15481091,0.0637739897
45,4.139317294529388e-06,8.670066498318264e-06,4.139317294529388e-06,0.5110489720335216,113.69443325889385,4.36520767,0.0635509416
44,5.308887126327636e-06,1.1103402659278843e-05,5.308887126327636e-06,0.5450363157199147,113.48329827539253,4.4016304,0.0634491369
41,4.533699140312787e-06,9.08696428501064e-06,4.533699140312787e-06,0.5213480076235566,108.86906079544109,3.56977701,0.0634145513
42,4.427655460549515e-06,8.921917443600875e-06,4.427655460549515e-06,0.5178994575869791,110.0583295358477,3.83103848,0.0632745698
46,3.5438064688851825e-06,7.208523626362104e-06,3.5438064688851825e-06,0.4818790360323552,110.09796528807736,3.82456112,0.0633779019
46,3.3872467424135133e-06,6.790487773831069e-06,3.3872467424135133e-06,0.4823767692262573,110.58965424261898,3.75961709,0.0630968362
44,5.714405939358958e-06,1.190517225351699e-05,5.714405939358958e-06,0.5649248160681508,118.66264855680186,4.32497549,0.0633070543
45,5.613289889464744e-06,1.1770819536629848e-05,5.613289889464744e-06,0.5582059548198338,116.16464745995091,4.54195213,0.0629079267
46,5.728655648461476e-06,1.2097074378994649e-05,5.728655648461476e-06,0.5643109975555869,121.63635562062512,4.40451193,0.0633207113
46,1.2618062303006828e-05,2.783803420910684e-05,1.2618062303006828e-05,0.7035068121560593,141.02785865220056,5.86973238,0.0623466857
46,1.1902112364424935e-05,2.5991209387853887e-05,1.1902112364424935e-05,0.6923954663169481,136.91229834163943,5.76965809,0.0632008091
50,1.5810032085298512e-05,3.553138633262313e-05,1.5810032085298512e-05,0.7617685681292399,157.1115653453127,6.39652729,0.0628488734
52,1.7596907409000084e-05,3.957572972421357e-05,1.7596907409000084e-05,0.7931239938449942,163.96099146766372,6.46255112,0.0625097901
56,1.6625106960536464e-05,3.758692466471475e-05,1.6625106960536464e-05,0.7819271342169789,170.24863186935497,6.25371742,0.0625451133
47,1.518435627174707e-05,3.377220400783548e-05,1.518435627174707e-05,0.7556679784957041,155.83310172444928,6.14297342,0.0627101436
48,1.4774733143372876e-05,3.277721231702067e-05,1.4774733143372876e-05,0.7444476019926854,150.25406364552396,6.13689041,0.0627194494
53,2.018367747358749e-05,4.5867164240810195e-05,2.018367747358749e-05,0.8442967876910001,178.78041434214063,6.73063374,0.0626097247
57,1.893044334850519e-05,4.204656606117733e-05,1.893044334850519e-05,0.8668665658771711,193.27223106582642,5.89331198,0.0626862347
54,1.9923892385153588e-05,4.4159227160166927e-05,1.9923892385153588e-05,0.8704431516564257,184.67256192932334,5.80944633,0.062565513
48,8.965917842923255e-06,1.9222987335720983e-05,8.965917842923255e-06,0.6378704853459232,127.31946163442755,5.03678274,0.0630016923
48,1.0423538040326485e-05,2.261044004271491e-05,1.0423538040326485e-05,0.6640611222075224,131.37888794978286,5.45873785,0.0630782023
48,1.0736970080218311e-05,2.3465434165492654e-05,1.0736970080218311e-05,0.6686110856944838,134.68365559948444,5.73926497,0.0633001179
46,1.7818642565825143e-06,3.9038415016215785e-06,1.7818642565825143e-06,0.4137933891521348,142.75089893804872,3.08598542,0.0629998073
49,2.176595908677907e-06,4.594757014854454e-06,2.176595908677907e-06,0.44315093610371864,140.89967672917695,3.14829612,0.0631124973
46,1.8334990955811045e-06,4.053429151339732e-06,1.8334990955811045e-06,0.4089360855337044,142.38984213811548,3.1687181,0.062995784
46,1.9513746158388866e-06,4.1518377947127845e-06,1.9513746158388866e-06,0.43599412372545665,144.30356773497715,3.15880919,0.0629807264
53,5.882482504344969e-06,1.2413703293364158e-05,5.882482504344969e-06,0.5712181386776657,137.94768732507177,3.77508974,0.0628714785
53,3.187202833293438e-06,6.609239058132022e-06,3.187202833293438e-06,0.49249971418034044,140.7405146799303,3.18174601,0.0632786751
51,7.805468075984033e-06,1.700474645412667e-05,7.805468075984033e-06,0.6061645051446156,136.64610864126126,4.51650858,0.0631769076
55,1.1703296589667625e-05,2.641672729509778e-05,1.1703296589667625e-05,0.6613529917271486,136.58573926932306,5.64371204,0.0631640404
51,2.158219287862335e-06,4.727969352826779e-06,2.158219287862335e-06,0.4150427685426328,133.9683454999613,3.16894364,0.0626835525
49,1.950793894536363e-06,4.22276296370983e-06,1.950793894536363e-06,0.40856547846316826,132.29472550229312,3.15293765,0.0628725365
44,2.7219929942748975e-06,5.682185347960417e-06,2.7219929942748975e-06,0.45182557984337607,126.68893842881448,3.06894636,0.0635030866
44,3.509828726574813e-06,7.496645293680213e-06,3.509828726574813e-06,0.47229184709971217,124.5338164971176,3.14519024,0.0630852953
40,3.867985369840035e-06,8.358117521455228e-06,3.867985369840035e-06,0.4803153042720466,122.77010012134012,3.25699377,0.0630704612
48,2.0424690077575675e-06,4.336972128678991e-06,2.0424690077575675e-06,0.41890028993340805,130.4811257437088,3.10713434,0.0630349368
44,2.2435770374926263e-06,4.660426368656527e-06,2.2435770374926263e-06,0.4335424852950601,129.20883034593834,3.07137585,0.0631686226
41,4.062729571440117e-06,8.808614197542915e-06,4.062729571440117e-06,0.4824457386795419,121.00101703815217,3.40539145,0.0629220605
41,4.1205995953719875e-06,8.9343880589093e-06,4.1205995953719875e-06,0.4809366497696794,119.56921440997667,3.4425602,0.0628445745
40,4.3432706665523736e-06,9.408390778703367e-06,4.3432706665523736e-06,0.4829315564441665,117.5120037139209,3.59409738,0.062901251
43,4.305879715556144e-06,9.305674452326558e-06,4.305879715556144e-06,0.47942859729932763,117.12986812529358,3.54081416,0.0630803034
43,4.675103177692244e-06,1.008848308723455e-05,4.675103177692244e-06,0.4797346427121475,113.77112833465856,3.5920639,0.0629744902
41,4.715118787047265e-06,1.014709406991317e-05,4.715118787047265e-06,0.4783925175876489,111.65600876164079,3.62591243,0.0627185404
43,4.538958070824354e-06,9.78022217126319e-06,4.538958070824354e-06,0.47590269836777366,113.30814333689868,3.56511879,0.0628010929
41,4.666437660535837e-06,9.919410817281963e-06,4.666437660535837e-06,0.4738122990863059,109.68309179231672,3.49269438,0.0628102645
43,4.637853095931755e-06,9.973093104414296e-06,4.637853095931755e-06,0.47134848271693286,111.39955969620593,3.54335523,0.0626686662
42,4.839020426489587e-06,1.0305966560745426e-05,4.839020426489587e-06,0.47238298671010137,108.9314639904255,3.60294557,0.0626691729
41,4.61046489745103e-06,9.668814845724445e-06,4.61046489745103e-06,0.4665092074098528,108.13753039653149,3.31518936,0.0626318827
41,4.416027682735629e-06,9.359530855388386e-06,4.416027682735629e-06,0.4617588142939236,108.50743596384753,3.43902707,0.0628165901
42,4.4931844228608795e-06,9.55047161781896e-06,4.4931844228608795e-06,0.4613313686383813,109.25649482505924,3.45792437,0.0626998246
41,4.476468974017607e-06,9.647986276138472e-06,4.476468974017607e-06,0.47959714503841405,115.21048708594793,3.51652694,0.0628813729
42,3.5407277305380136e-06,7.5304947543783615e-06,3.5407277305380136e-06,0.460565497411912,117.83208101589476,3.16866469,0.0628104433
41,4.208902297329874e-06,9.062497268943171e-06,4.208902297329874e-06,0.4695452103602024,115.19292816347644,3.41552329,0.0629331693
47,3.3109223188611007e-06,6.759341493273701e-06,3.3109223188611007e-06,0.469446337557932,110.05882804547147,3.88199496,0.0635275543
47,2.894919069536073e-06,6.015301033933563e-06,2.894919069536073e-06,0.45457757645747554,110.86937686329463,3.87873673,0.0632695332
42,4.394432424873863e-06,9.197047911993261e-06,4.394432424873863e-06,0.4636596977582633,108.03892123619403,3.36747146,0.0628266707
43,3.56001514203393e-06,7.265841402398709e-06,3.56001514203393e-06,0.44785899426888837,108.58488426684754,3.46797228,0.0627379864
43,3.1941076595330247e-06,6.4784979176591685e-06,3.1941076595330247e-06,0.4403836831508286,108.62314343578869,3.49798417,0.062773861
45,2.779729432601953e-06,5.565053791605952e-06,2.779729432601953e-06,0.4363175470466629,109.22323855834586,3.46013188,0.0629198775
44,2.920013255156636e-06,5.875742533993053e-06,2.920013255156636e-06,0.4382081214265684,109.27555287049753,3.61773753,0.0627302974
44,2.6830039739987894e-06,5.422144681888548e-06,2.6830039739987894e-06,0.42583184061761087,109.19373142079496,3.56626058,0.0626648515
47,2.9852727570783037e-06,6.055390792518697e-06,2.9852727570783037e-06,0.44487961545007143,109.09433730607249,3.68202567,0.0628067181
46,3.028979001262611e-06,6.089903625011627e-06,3.028979001262611e-06,0.4525148905804176,109.36480083821867,3.7170949,0.0627589077
46,2.9146585726094096e-06,6.020335420538342e-06,2.9146585726094096e-06,0.44804689808491727,109.78253314113286,3.75550008,0.0632025301
47,2.3896020411182543e-06,5.021801493658808e-06,2.3896020411182543e-06,0.4188411127362312,109.67074199159372,3.71812463,0.0632051304
46,2.7625885170069645e-06,5.6994378146788115e-06,2.7625885170069645e-06,0.4424347091492001,110.22723597661928,3.8559947,0.0635448471
42,4.051820949379009e-06,8.504817162326414e-06,4.051820949379009e-06,0.45151356948125193,108.64491593362858,3.28883553,0.0629029423
42,4.327052399603958e-06,9.051861646668187e-06,4.327052399603958e-06,0.4613377497162476,108.03991922221842,3.36710382,0.062941432
61,1.6377589656176282e-05,4.338662797172783e-05,1.6377589656176282e-05,0.8729369308122701,357.4733406212741,6.23639107,0.0624003261
59,1.689068568222821e-05,4.4728434919032465e-05,1.689068568222821e-05,0.8898397103109288,355.9573515463771,6.56163263,0.0624138117
62,1.5105829162462056e-05,4.019735115253045e-05,1.5105829162462056e-05,0.8510175524448839,366.94008519907595,6.30871439,0.062366385
65,1.796398540074954e-05,4.81233570789745e-05,1.796398540074954e-05,0.9087163514592579,368.97120060401346,7.77557755,0.062447004
63,1.692132991289289e-05,4.502534394464541e-05,1.692132991289289e-05,0.8960182119447929,367.2403993661929,6.37795496,0.0624737702
61,1.715515474216891e-05,4.5357435191762834e-05,1.715515474216891e-05,0.9064349956488615,361.50741173134486,6.32546377,0.0624664798
67,1.7651015372299565e-05,4.687703043957642e-05,1.7651015372299565e-05,0.9242271675857884,366.8587417315023,6.38917208,0.0625409409
57,1.583363199298122e-05,4.1599674773560154e-05,1.583363199298122e-05,0.8597721408541645,341.4867972237902,6.32258177,0.0623811036
59,1.776733920862096e-05,4.686246251150227e-05,1.776733920862096e-05,0.90816034626637,348.85966791369304,6.69925547,0.0624302104
58,2.0887347517443223e-05,4.743457683645583e-05,2.0887347517443223e-05,0.9207040799428072,219.247713898654,6.22053862,0.0622591302
59,2.1620383302864634e-05,4.9474669192611604e-05,2.1620383302864634e-05,0.9414839505897596,228.13071045376526,6.71744108,0.0623208955
56,2.06593889865334e-05,4.6489135491691585e-05,2.06593889865334e-05,0.9170209811409475,211.32309248163978,6.12759686,0.0625288263
58,2.2119306761243736e-05,4.9985323270060796e-05,2.2119306761243736e-05,0.9567168131270248,222.03987632940883,6.30910635,0.0624820106
57,2.1589202302580943e-05,4.84333767085247e-05,2.1589202302580943e-05,0.938986117611605,211.62174639757265,6.43397284,0.0625783801
58,2.007231172386284e-05,4.48201096637403e-05,2.007231172386284e-05,0.8999485701852444,202.04278960272458,6.28064489,0.0626660436
60,2.2153209551367614e-05,5.164064939504911e-05,2.2153209551367614e-05,0.9623258897524175,250.22538160088558,6.51105261,0.0624007247
58,2.235100017743265e-05,5.1738271993068034e-05,2.235100017743265e-05,0.9609364290979459,239.7698763366681,7.00126219,0.0623821355
62,2.2438713926741348e-05,5.297566792075871e-05,2.2438713926741348e-05,0.9749602337285206,262.4795217886487,6.65408564,0.0624493621
57,2.136438529119124e-05,5.147449046848121e-05,2.136438529119124e-05,0.954477839201652,277.0397254450725,6.830513,0.0622605868
62,2.2288955563089204e-05,5.345585228061138e-05,2.2288955563089204e-05,0.9693430714131474,271.7529401261713,7.50187874,0.0623990484
58,1.6558973325881603e-05,4.1746844789173535e-05,1.6558973325881603e-05,0.8721853709402312,296.9021924841577,6.79610538,0.0624544807
57,1.9112815032107562e-05,4.730613198055707e-05,1.9112815032107562e-05,0.9203395233256039,285.66555142348375,7.15758133,0.0624060705
60,1.5853504905871285e-05,4.042981082477565e-05,1.5853504905871285e-05,0.862549222116276,309.482449781264,6.62887096,0.0623524711
58,1.637564733833443e-05,4.267360682816604e-05,1.637564733833443e-05,0.8755263387072656,335.54948263237,6.39978933,0.0622925945
59,1.667080507171275e-05,4.339103913575573e-05,1.667080507171275e-05,0.8850201332206707,332.2163783393307,6.4142313,0.0623993464
57,1.6723333616375074e-05,4.324066710872571e-05,1.6723333616375074e-05,0.8854049753393284,326.57145651976293,6.22174025,0.0623314269
61,1.6369124709702497e-05,4.203342897666494e-05,1.6369124709702497e-05,0.8830460783382683,319.58835127182186,6.33499908,0.0624044165
67,7.076885918370797e-05,0.0002503607503321871,7.076885918370797e-05,1.3463766871237843,326.8195908194342,38.5004501,0.0630020723
73,0.00013091032769293044,0.0005745736636854989,0.00013091032769293044,1.5074886041205233,325.1302280579096,64.4672852,0.0628473684
70,8.241651186443398e-05,0.00032918506755791674,8.241651186443398e-05,1.326578698314567,333.196449408477,40.9984741,0.0629018918
70,5.434550088568648e-05,0.00021533568090930245,5.434550088568648e-05,1.1896045876460575,340.5133085666604,39.5087929,0.062818639
67,3.4349445061148965e-05,0.00010744711112406896,3.4349445061148965e-05,1.0967587310948568,343.68720062970726,20.6689186,0.0628730208
73,0.00015340061386547897,0.0007564482844712025,0.00015340061386547897,1.4527298868230074,335.3456631657769,72.8688278,0.0630483106
74,0.0001580262919462225,0.0006708854167545083,0.0001580262919462225,1.5508923618872432,339.30405597594984,61.7542763,0.062972337
73,0.0003075481977276628,0.001706317352381139,0.0003075481977276628,1.553561634743644,330.1125127808761,104.929321,0.0631532371
57,0.0006550957609811058,0.004163293330855432,0.0006550957609811058,1.0986933139586808,303.90388318819066,178.147186,0.0629313812
74,0.0002580075396080804,0.0012532678696543548,0.0002580075396080804,1.6559666747479471,322.39205786282497,77.8073807,0.0628762394
77,0.0005803591612882077,0.0031681972168987643,0.0005803591612882077,1.8066960820488134,306.41080099389603,119.438324,0.0628495961
57,0.000763575524585833,0.004406243767654887,0.000763575524585833,1.3003680251992153,298.2464968004713,164.030228,0.0631112382
73,7.133001343176445e-05,0.00028641545400754574,7.133001343176445e-05,1.37436381183568,299.9829971037534,56.4184685,0.0627184138
56,0.0008219049625916136,0.004788636895571108,0.0008219049625916136,1.4004410905865956,302.602026390884,177.159866,0.0630687699
54,0.0002952135227576608,0.0022781466646346195,0.0002952135227576608,0.8645488115306317,276.0490693461432,195.183823,0.062737368
49,4.5048627541221915e-05,0.00020497079741112044,4.5048627541221915e-05,0.7019579022081003,269.1632047105104,34.9085312,0.0627425537
44,7.572000942674584e-06,2.341813456918811e-05,7.572000942674584e-06,0.5442635721667864,261.291173047434,6.40017319,0.0627646074
51,0.0006362327770267505,0.004095160630768509,0.0006362327770267505,1.0684433411577614,283.51557186799687,160.829773,0.0626145452
44,5.841786932598261e-06,1.7729896239707495e-05,5.841786932598261e-06,0.5195735623517013,259.12908264241315,5.78196239,0.0628127009
63,1.598512758550747e-05,4.251472377008536e-05,1.598512758550747e-05,0.8743349110859763,368.84452204204376,6.14516258,0.062444631
63,1.7434174504875678e-05,4.615321440503908e-05,1.7434174504875678e-05,0.9128477115924875,370.2325173005538,6.25505972,0.0625156164
69,3.748364067756173e-05,0.00012351672975247479,3.748364067756173e-05,1.1006020654470299,348.14769344583397,24.7315502,0.0629471615
71,2.7708320976318024e-05,8.264638090976899e-05,2.7708320976318024e-05,1.0479024763127545,358.4610241615276,16.5139103,0.0628026873
70,3.298501627392103e-05,0.00010749373849906959,3.298501627392103e-05,1.074073838669073,350.8633173897733,24.0749569,0.0628983155
71,2.6294108476178458e-05,7.358512408005405e-05,2.6294108476178458e-05,1.067313388378852,353.525596756037,14.5810804,0.0628876165
62,2.002847427071942e-05,5.3709301672825165e-05,2.002847427071942e-05,0.9608710064212627,370.10895025028907,10.0513659,0.0625774041
71,2.5285026537051103e-05,6.922095273324422e-05,2.5285026537051103e-05,1.0597821883482845,366.3359293820187,13.4144506,0.0625457913
74,3.67940449835996e-05,0.00013100970069699334,3.67940449835996e-05,1.1309570602706993,360.0766961138114,29.4099922,0.0628155246
79,9.807988070437429e-05,0.0003967390222207097,9.807988070437429e-05,1.433624641009056,362.136780377289,52.8511696,0.0631132796
72,5.1424702786480244e-05,0.00017368724645952445,5.1424702786480244e-05,1.2813603085466954,364.86944155945827,24.570322,0.0628803149
67,2.5079765735647082e-05,7.012730178465787e-05,2.5079765735647082e-05,1.0292040758922167,369.01090841479703,14.0343866,0.0627150387
70,2.803321365179359e-05,7.919089686959239e-05,2.803321365179359e-05,1.0836979345987958,367.5963011656121,16.3191414,0.0626360178
62,1.2974593765473267e-05,3.135829257210143e-05,1.2974593765473267e-05,0.7804265221770899,230.15246145200513,5.4981122,0.0627020448
64,1.1266205654819626e-05,2.7207212644645543e-05,1.1266205654819626e-05,0.7486485957089472,229.27804009346443,5.23660898,0.0627331957
61,1.1365132089705277e-05,2.7361726940471703e-05,1.1365132089705277e-05,0.7463954092172633,226.2495579803235,5.27780151,0.0628610849
58,1.183882024001097e-05,2.8718619812253644e-05,1.183882024001097e-05,0.7481335795822963,222.4819384175653,5.73258448,0.0629231259
65,1.4589210648539134e-05,3.5488884835021615e-05,1.4589210648539134e-05,0.8155949163568976,236.60899446871383,5.73659229,0.0628224313
64,1.8438673808062435e-05,4.4420390931628884e-05,1.8438673808062435e-05,0.903347113767215,241.43555553809412,6.24994087,0.0628461093
54,1.0029821193250368e-05,2.4200177823323055e-05,1.0029821193250368e-05,0.7100652231164161,218.0279884628137,5.78410673,0.0627985746
58,8.145280667783669e-06,1.9807048136867646e-05,8.145280667783669e-06,0.664618744465821,214.87100108647297,5.82802486,0.0626711547
57,7.478104005704806e-06,1.8255432147274742e-05,7.478104005704806e-06,0.6397077849871758,209.41653247584068,5.71508598,0.0626148582
58,4.28453804390544e-06,1.0837599735741095e-05,4.28453804390544e-06,0.5357258282551653,196.80740114590535,5.33701468,0.0627951548
54,5.265457209298203e-06,1.3173942158481248e-05,5.265457209298203e-06,0.5724900444503838,203.16071545266544,5.39554739,0.0628258437
56,4.70882242941922e-06,1.2101945204362057e-05,4.70882242941922e-06,0.5435292993802934,200.72160775445664,5.42021179,0.0627398565
55,7.034486935194811e-06,1.6428868698842206e-05,7.034486935194811e-06,0.6209657026076337,190.40084356693418,4.85362577,0.0625856444
58,4.619088300201175e-06,1.1660067489210628e-05,4.619088300201175e-06,0.546208940962414,196.44824970680503,5.34853983,0.06274876
57,6.666972019271213e-06,1.577987190610207e-05,6.666972019271213e-06,0.6113159516417421,194.35668341657703,4.97977066,0.0626528859
51,5.791143853926125e-06,1.340126641918607e-05,5.791143853926125e-06,0.5883417599894185,183.31500586700565,4.30326891,0.0625721291
56,7.954869543788424e-06,1.853165413274767e-05,7.954869543788424e-06,0.6396822761794116,187.3439313565638,4.83439541,0.0626747757
52,6.029542019564188e-06,1.3638010110859451e-05,6.029542019564188e-06,0.5958168961848928,179.5906092656379,4.24431896,0.0625974834
51,3.554265801436821e-06,8.253380421219776e-06,3.554265801436821e-06,0.513035792135219,175.85137741277717,3.85812783,0.0629145876
44,3.8026724826435934e-06,1.1568043391183897e-05,3.8026724826435934e-06,0.4678239455661966,254.46119751695008,5.14530993,0.0629219487
48,2.6059658748032174e-06,7.797584328186567e-06,2.6059658748032174e-06,0.4340766896182278,252.6515589185908,4.88956261,0.0630403608
69,1.5177614221110712e-05,3.4274322424897725e-05,1.5177614221110712e-05,0.9919669631286304,265.68183128615135,5.21145487,0.0630514249
72,1.4016410412473376e-05,3.1674707488719846e-05,1.4016410412473376e-05,0.9532058847827014,263.06372632449296,5.1375556,0.0630720258
69,1.4596875215864182e-05,3.323710524188018e-05,1.4596875215864182e-05,0.9321392111800185,257.1691304492641,5.00457573,0.0630305484
68,1.434827897852448e-05,3.339157482968605e-05,1.434827897852448e-05,0.8939922030959063,252.5086164357916,5.24192095,0.0630849898
65,1.6970169871766385e-05,4.026542603112347e-05,1.6970169871766385e-05,0.9007589571520278,246.40286141329088,5.73147154,0.0630406663
62,1.653187497908312e-05,3.9521666873938805e-05,1.653187497908312e-05,0.8804778757720387,243.01495531814672,5.80374479,0.0630457327
51,3.012196577358187e-06,6.865795507626998e-06,3.012196577358187e-06,0.49130288860098975,171.3839318778921,3.3677454,0.0624537058
51,2.932839016078831e-06,6.596682012949747e-06,2.932839016078831e-06,0.4909960876587369,167.97104495565745,3.5016036,0.0626020357
48,2.636502101349215e-06,5.804625154433249e-06,2.636502101349215e-06,0.482036461252584,163.84802746337772,3.44720292,0.0629028678
45,2.2960798843119883e-06,4.879693411120381e-06,2.2960798843119883e-06,0.45670703940692486,147.08705541105996,3.1565659,0.0626222491
45,2.1239332317228148e-06,4.540371604835896e-06,2.1239332317228148e-06,0.4518650165043614,149.7956797134807,3.2171855,0.0627096966
44,1.9301615649643645e-06,4.049914410939599e-06,1.9301615649643645e-06,0.4392934990035601,145.91102032510076,3.1286788,0.062900342
50,2.072656874059232e-06,4.605688718997023e-06,2.072656874059232e-06,0.4480234758168401,161.71155385342902,3.3870616,0.0625081286
47,1.978122752002071e-06,4.411062484954367e-06,1.978122752002071e-06,0.4397726667321149,159.31113002310252,3.31621957,0.0625262409
49,2.082990545546783e-06,4.658539195707019e-06,2.082990545546783e-06,0.4407930205887204,157.9270031908095,3.32695103,0.062904723
49,2.3420128584988787e-06,5.180052149221994e-06,2.3420128584988787e-06,0.45479944736436045,156.6401976044048,3.32944274,0.0628693253
49,1.8921856805386441e-06,4.161866331335089e-06,1.8921856805386441e-06,0.4335157687318987,154.0213949229841,3.25291252,0.0628988519
44,1.8638748108626882e-06,4.1077737190825475e-06,1.8638748108626882e-06,0.4297888109111321,151.16476863182896,3.23385572,0.0626285151
45,4.197356472109895e-06,8.411792877370316e-06,4.197356472109895e-06,0.5168413187356463,111.09139581548183,3.84071326,0.0637760907
45,4.899970532979585e-06,1.0410210111837475e-05,4.899970532979585e-06,0.535409351439602,115.90329042346639,4.65175629,0.0630303025
46,3.57919507798793e-06,7.378770744439872e-06,3.57919507798793e-06,0.4911306710440317,112.29852187855485,4.27084017,0.0631228164
44,3.4439011185990588e-06,7.293256144609398e-06,3.4439011185990588e-06,0.4832792367878452,113.39326180405324,4.44326496,0.0633884296
46,3.4666719246196677e-06,7.485692103057621e-06,3.4666719246196677e-06,0.48200093508911207,114.35388383385913,4.34873247,0.0636543855
45,3.898742642105377e-06,8.469269433196174e-06,3.898742642105377e-06,0.49661035522355806,114.83438214061022,4.59643412,0.0631185248
46,3.839885446406813e-06,7.879372925493922e-06,3.839885446406813e-06,0.4949837907935788,111.18640695582413,3.99054193,0.0630001128
43,4.080137814679006e-06,8.226309626898321e-06,4.080137814679006e-06,0.5090250714145494,111.38242024397866,3.82414103,0.0634924173
47,2.8530423923128996e-06,5.865720517659906e-06,2.8530423923128996e-06,0.4579482732181222,111.34793513307768,3.84838033,0.0634211972
46,5.6682049349650735e-06,1.1964746069963856e-05,5.6682049349650735e-06,0.560245864183382,118.7497788101388,4.61131144,0.0635775775
47,4.427302085484983e-06,9.588887226753786e-06,4.427302085484983e-06,0.5173656289462152,117.53536033181283,4.6036067,0.0635189489
47,7.2066522501375626e-06,1.531619824726883e-05,7.2066522501375626e-06,0.5994702981441077,123.83332954587141,4.83870983,0.0631265864
47,4.699461352842912e-06,1.0136468255528831e-05,4.699461352842912e-06,0.5271663736070454,120.39137729943184,4.75689173,0.0635092258
46,6.380455935544842e-06,1.3526042913729006e-05,6.380455935544842e-06,0.5790966228473361,123.4297582040897,4.7169733,0.0632905439
47,1.0890037865655365e-05,2.3930376317967818e-05,1.0890037865655365e-05,0.6773436522955464,143.1129421064252,5.71212816,0.0624891073
49,9.30618603513001e-06,2.0148261114100283e-05,9.30618603513001e-06,0.6489154318612125,138.08570242547472,5.13368368,0.0631460324
52,1.5921592457949805e-05,3.580228364014922e-05,1.5921592457949805e-05,0.7686039810317242,163.90949236547098,6.04576921,0.062622346
54,1.910279840648614e-05,4.3218993983593207e-05,1.910279840648614e-05,0.8331008806789679,176.0442320172086,6.50893021,0.062464729
53,1.7416202419788505e-05,3.907811758648198e-05,1.7416202419788505e-05,0.8008473723783126,170.22259155358765,6.13297749,0.0625417903
51,1.5957844250041814e-05,3.5605150934360986e-05,1.5957844250041814e-05,0.7663981867278516,158.82330993144313,6.09525347,0.0627407655
48,1.274017594259712e-05,2.8231175975836562e-05,1.274017594259712e-05,0.7136879998919093,153.31396243085726,5.65109491,0.0627859384
48,1.1044994479515564e-05,2.400284193853013e-05,1.1044994479515564e-05,0.6876055678575018,146.8214422504524,4.84584999,0.0626426786
55,1.8978844796923558e-05,4.186362713940243e-05,1.8978844796923558e-05,0.8782241769250966,192.4351491542004,6.1377964,0.0626891479
56,1.9900545457273823e-05,4.417312244083431e-05,1.9900545457273823e-05,0.8664738394480599,183.29832984676978,5.86396885,0.062651746
49,7.511067659089467e-06,1.6136277867363456e-05,7.511067659089467e-06,0.6047428790729991,127.64975976525497,4.87369013,0.0628834367
47,9.436692876044087e-06,2.0425974785149844e-05,9.436692876044087e-06,0.6457792841686272,131.47386798350257,5.4176712,0.0630656108
47,8.196733101614102e-06,1.7640576140529508e-05,8.196733101614102e-06,0.6216859799409906,132.47820671031397,4.99561024,0.0632795691
48,8.997208604743509e-06,1.9803438823388115e-05,8.997208604743509e-06,0.6313664884648843,136.1799708017044,5.83896828,0.0632518381
48,1.7605875094046618e-06,3.836565298310967e-06,1.7605875094046618e-06,0.4182753381327719,144.35234954030219,3.17175293,0.0630534813
50,2.0990091684769083e-06,4.50721426877548e-06,2.0990091684769083e-06,0.4339230174968904,142.17093890548375,3.15500283,0.0629712269
48,1.8054351452624295e-06,3.954372228400814e-06,1.8054351452624295e-06,0.41742958291168325,143.9314871949729,3.09933639,0.0630314201
54,1.0091673398537277e-05,2.2903282214141143e-05,1.0091673398537277e-05,0.6354412597091396,139.49415309900405,5.56794596,0.0630680993
53,4.382510712173154e-06,9.126424385192402e-06,4.382510712173154e-06,0.5354928870168225,140.52083868167654,3.15725398,0.0633783862
55,2.7387472069054078e-05,6.642614278282613e-05,2.7387472069054078e-05,0.7988186999365333,138.30187599451776,8.65319347,0.0631413311
55,2.000608776863906e-05,4.729941645627751e-05,2.000608776863906e-05,0.7427105078105292,136.95477469866893,7.4053483,0.0630282238
54,2.8900887526359633e-06,5.972036348141623e-06,2.8900887526359633e-06,0.4697471340339534,134.33565588557713,3.19779706,0.0629849657
60,6.070615531603915e-05,0.000148745731810819,6.070615531603915e-05,0.9845831533595195,136.50543527255425,11.4701529,0.0630444661
49,2.1734471603532112e-06,4.726197645320095e-06,2.1734471603532112e-06,0.4102443224319225,132.42228360045144,3.1755867,0.0629142374
45,2.1532728372500016e-06,4.495849215204443e-06,2.1532728372500016e-06,0.42520500410176904,128.58978762275052,3.05476618,0.0633335039
44,2.406463272334834e-06,4.991205660675398e-06,2.406463272334834e-06,0.4362890432894262,126.89151031851576,3.06783104,0.0633495525
43,3.1766672036592336e-06,6.735579464487306e-06,3.1766672036592336e-06,0.461685557850241,125.45524047787826,3.04334641,0.0630588681
42,3.682456827628053e-06,7.924348024407718e-06,3.682456827628053e-06,0.47136410144975355,123.24437776203071,3.20019841,0.0628015324
50,1.999002584346198e-06,4.369718564972949e-06,1.999002584346198e-06,0.4048098671676707,131.15712918937163,3.17831564,0.0630944595
47,2.0175624552559016e-06,4.37029488021436e-06,2.0175624552559016e-06,0.4082476552193073,129.9637222505917,3.15991044,0.0627804399
40,3.7488621631965424e-06,8.068462136063216e-06,3.7488621631965424e-06,0.4719725526661745,121.60233399182863,3.23618221,0.0628965348
43,3.6582222025558237e-06,7.860445539621338e-06,3.6582222025558237e-06,0.46725749837107294,120.99031072801718,3.21609831,0.0630352497
42,3.8046791564849267e-06,8.175175609196778e-06,3.8046791564849267e-06,0.4686838653479347,119.00756441176006,3.2553494,0.0631386489
43,4.05629598668496e-06,8.67544535519202e-06,4.05629598668496e-06,0.46675901018637644,114.90223991072364,3.34238291,0.0628597215
42,3.725335924381906e-06,7.885355623363153e-06,3.725335924381906e-06,0.45286972395978065,112.89596622050102,3.25059938,0.0627525002
45,3.1774046389135284e-06,6.6124791767137045e-06,3.1774046389135284e-06,0.44086278423988184,113.79793161191084,3.05213642,0.0628590137
42,4.079235873824286e-06,8.665196879103863e-06,4.079235873824286e-06,0.45636085814894095,111.1023970754464,3.32897425,0.0629511997
44,3.048938128909457e-06,6.3437468392999675e-06,3.048938128909457e-06,0.43197442651655044,112.94706453138893,3.23352122,0.0628620908
42,4.337261504526692e-06,9.21540710109752e-06,4.337261504526692e-06,0.4607491935195712,109.7534026221832,3.39537859,0.0627075583
43,3.43692458512459e-06,7.188942352544257e-06,3.43692458512459e-06,0.44086534203253885,111.45419155074744,3.20467424,0.0629269034
42,3.4576973183908263e-06,7.139616119835604e-06,3.4576973183908263e-06,0.43925709343677083,109.33903356210544,3.22072196,0.0628206283
43,3.1900992861338574e-06,6.556831109629609e-06,3.1900992861338574e-06,0.43183962142295096,109.94434017244566,3.2770915,0.0627731532
40,3.5959968883162564e-06,7.650285318681651e-06,3.5959968883162564e-06,0.4569301710986903,116.93260836950637,3.13454151,0.0630821809
40,3.3011746702547584e-06,6.969060998174231e-06,3.3011746702547584e-06,0.4550726089662396,118.72849439253119,3.11939859,0.0631278008
43,2.972033746138932e-06,6.2431580362032e-06,2.972033746138932e-06,0.4416133316822287,118.99094663127134,3.13223505,0.0632237494
44,3.108200735472474e-06,6.5167190247989945e-06,3.108200735472474e-06,0.4443534906362174,117.16761456827207,3.13693023,0.0629052296
47,2.7524617222058724e-06,5.912083995046846e-06,2.7524617222058724e-06,0.43600516853134547,110.77474821650439,3.92955613,0.0630252063
47,2.971881910951229e-06,6.292439363488797e-06,2.971881910951229e-06,0.44586525623013024,110.60753087318908,3.9799192,0.0634927899
43,2.888017041953879e-06,5.761807183849147e-06,2.888017041953879e-06,0.42774512042583,109.02403476033486,3.09767461,0.0628457889
43,2.5954266046872263e-06,5.23868290162669e-06,2.5954266046872263e-06,0.41762912763202353,109.22757805724798,3.44975543,0.0629077777
43,2.545283184969477e-06,5.101132068539615e-06,2.545283184969477e-06,0.4178056866936551,109.13630249380763,3.38588667,0.0628918484
46,2.4971373794151532e-06,5.1570219150468e-06,2.4971373794151532e-06,0.4223183194766793,109.61187524785554,3.6547749,0.0629528761
45,2.2625530555803343e-06,4.768844184247755e-06,2.2625530555803343e-06,0.4043427043216157,109.86860480455096,3.61219072,0.0629279912
46,2.151065811289081e-06,4.554657394010424e-06,2.151065811289081e-06,0.3959647885608035,109.90149113994522,3.57593894,0.0627376065
46,2.0850761373407346e-06,4.359529484150098e-06,2.0850761373407346e-06,0.3895170798524392,110.08038867290935,3.52292752,0.0627209395
47,2.2843901033761088e-06,4.826371659179332e-06,2.2843901033761088e-06,0.4100205571194768,109.80324128796414,3.66119123,0.0628377199
47,2.3303456072349503e-06,4.964988427888509e-06,2.3303456072349503e-06,0.41543428063295956,109.74645309911287,3.80199218,0.0633841828
48,2.804903090042636e-06,5.941103364038312e-06,2.804903090042636e-06,0.4280376241849807,109.38566985552545,3.81015849,0.0634353682
50,2.6191727758829902e-06,5.635465020671859e-06,2.6191727758829902e-06,0.42324717990091004,110.24293294607506,3.86350107,0.0632488653
44,2.575469257270682e-06,5.175130935437799e-06,2.575469257270682e-06,0.41193928659865037,110.25645557649202,3.31645846,0.0629296377
44,2.973420960657288e-06,5.991139080937654e-06,2.973420960657288e-06,0.4270577834162444,109.42936026304415,3.30142426,0.0629475936
63,2.207456437056631e-05,5.9487681404666946e-05,2.207456437056631e-05,0.9769903317120004,354.32084370671924,10.723073,0.0624167696
64,1.9136411085159102e-05,5.056164445019017e-05,1.9136411085159102e-05,0.9543249884996341,360.11036890537787,6.71609879,0.0624624975
70,1.973985546327506e-05,5.311077314711334e-05,1.973985546327506e-05,0.9558228438228934,369.7814633229302,10.8369331,0.0625607446
66,2.2126000574057794e-05,6.025903085658033e-05,2.2126000574057794e-05,0.9928410510353352,370.75973731432504,11.8562775,0.0625732243
67,1.9112777649309025e-05,5.0649830720357686e-05,1.9112777649309025e-05,0.9598978415381467,365.54876247097644,6.8026433,0.0625012591
66,1.9624269067362592e-05,5.213224950934516e-05,1.9624269067362592e-05,0.9770143226326233,368.2468160824973,7.09387255,0.0626343191
60,1.835965494386195e-05,4.827074874055956e-05,1.835965494386195e-05,0.91914765342476,342.88740629876554,7.13658333,0.0624045506
63,2.1030900506059135e-05,5.5804582102579805e-05,2.1030900506059135e-05,0.9746211129752018,349.46100311860624,7.98270178,0.062466085
60,2.273846928849751e-05,5.188046281712269e-05,2.273846928849751e-05,0.9737923578693942,230.3060045215523,6.64984655,0.0624403208
59,2.3222807270948262e-05,5.2438332471725344e-05,2.3222807270948262e-05,0.9795342050234858,221.21860219910548,7.21260118,0.0626553372
57,2.313315076622188e-05,5.183284255754276e-05,2.313315076622188e-05,0.9725958125085479,211.19831673905722,7.08532619,0.0627603158
58,2.1230820897546473e-05,4.7056957553090074e-05,2.1230820897546473e-05,0.9259022174352178,200.20674374583461,6.65788603,0.0627649054
61,2.293157203549144e-05,5.371187008301683e-05,2.293157203549144e-05,0.9813929041902444,251.82464523163378,6.97981167,0.0624495447
62,2.2274061189157142e-05,5.139077017950487e-05,2.2274061189157142e-05,0.9806185705843132,242.76284444006285,6.51178074,0.062428534
60,2.1196745926606874e-05,5.091754873551813e-05,2.1196745926606874e-05,0.9696988367269723,262.9546432479138,7.0953784,0.0625855252
60,2.1547029914149614e-05,5.251938897600237e-05,2.1547029914149614e-05,0.9656084560030165,275.79548520792565,7.29575539,0.062479414
58,2.0707478287086663e-05,5.095461213812884e-05,2.0707478287086663e-05,0.9462723303977519,281.4532020569213,7.25866556,0.062378373
57,1.671427058508907e-05,4.242963678781478e-05,1.671427058508907e-05,0.8796892464131497,297.741492950055,6.98510027,0.0625472441
59,1.6564401661448797e-05,4.2574351992481626e-05,1.6564401661448797e-05,0.8777546412658112,308.8426576750327,6.77486563,0.0625843927
63,1.9320190873365753e-05,5.04161576622152e-05,1.9320190873365753e-05,0.952370235327496,338.7739771937256,7.15521383,0.0625755861
60,1.8923259058287424e-05,4.9051283158245564e-05,1.8923259058287424e-05,0.9392151555433111,327.97803122082547,6.98421383,0.0625612289
58,1.6806404528518767e-05,4.2937786748696626e-05,1.6806404528518767e-05,0.9062196352404738,317.4295422988178,6.24957323,0.0627596155
76,0.00042444851842434806,0.001618674803342901,0.00042444851842434806,2.191703561678343,329.7345522071158,69.0890198,0.0631014481
60,0.0007196742515490923,0.00424222742212617,0.0007196742515490923,1.4707395486061094,312.110710057308,178.652069,0.0630203635
85,0.0012879631453770726,0.007583743951990857,0.0012879631453770726,2.0974587249094423,334.1457259179853,181.907303,0.0633195862
71,0.00010763405942430866,0.0005491737833197393,0.00010763405942430866,1.2825621116623387,341.85653545138103,63.9887657,0.0630691946
70,4.383122562884762e-05,0.00015022556563984725,4.383122562884762e-05,1.1659359742777735,344.3401710243995,28.7117043,0.0629816428
79,0.0008179160178198099,0.004059864690199311,0.0008179160178198099,2.34029304701674,337.6400694860425,138.958755,0.0629840419
62,0.0007647239122382505,0.004213447069822509,0.0007647239122382505,1.5921498815028305,325.4456971523014,171.438568,0.0630182102
75,0.0002447946685061122,0.0010022318541448804,0.0002447946685061122,1.7671956041582264,342.87808260799767,64.4813156,0.0630815849
63,0.001561754978371493,0.006909995783609125,0.001561754978371493,2.7584273764669227,331.5811586739346,161.631378,0.062993288
66,0.0017431626938784759,0.007392595593911023,0.0017431626938784759,2.974275851220191,322.99605995439344,177.206024,0.0630058721
60,0.0012472563994691869,0.005903834263404303,0.0012472563994691869,2.323885787938696,310.4258350249565,170.332733,0.0631850958
66,0.001583313855766037,0.006856743695614256,0.001583313855766037,2.8975164167695624,314.6390013369719,164.975876,0.0631230325
60,0.000533343358803432,0.00315402802068425,0.000533343358803432,1.1469774751567263,292.5776652163906,143.96994,0.0628230646
64,0.0008186746589000653,0.0038330322677443684,0.0008186746589000653,1.9576714574049598,301.5013731437274,138.486694,0.062885493
56,0.001280372269152585,0.006046519431348839,0.001280372269152585,1.632373284829268,289.3768555155304,143.568176,0.0627108216
70,0.0011158544673507444,0.004907304942269577,0.0011158544673507444,2.599751607073013,309.6905192930039,147.40741,0.0630296841
60,0.00013946588475123193,0.0006185261149591527,0.00013946588475123193,1.0159536474705813,281.0033117768455,61.3419991,0.0627573207
51,4.275105300509391e-05,0.00017262783741353135,4.275105300509391e-05,0.7571642496406095,274.5576534357008,23.3341599,0.0627393275
48,7.02701947375539e-06,2.048574700187602e-05,7.02701947375539e-06,0.5674188885783858,267.27320842856693,5.62522554,0.0628452748
44,6.236938061393772e-06,1.832060093304596e-05,6.236938061393772e-06,0.545624525860114,264.69815932159895,5.61631393,0.062839523
66,0.0001804330313528821,0.0007200548537114597,0.0001804330313528821,1.2950087913205193,286.4447606036676,60.3855438,0.0629637763
44,4.195209671259793e-06,1.2406588899612917e-05,4.195209671259793e-06,0.4899865010916241,260.20114057783655,4.88231516,0.0628592595
65,2.3515171965484452e-05,6.55362358596119e-05,2.3515171965484452e-05,1.0015115691024128,371.0107638430187,14.7937164,0.0626048744
68,2.5190946140369106e-05,7.229079484757612e-05,2.5190946140369106e-05,1.0221471999893872,370.49501933999704,14.1348238,0.0627187714
68,4.4261236334112215e-05,0.0001585961377867358,4.4261236334112215e-05,1.153050789418741,347.5259458341477,26.7686291,0.0629657134
72,4.164254462548238e-05,0.0001551256931888802,4.164254462548238e-05,1.1585164460430528,356.4969807112989,34.6079178,0.0628822371
71,3.334647258044613e-05,0.00010144004674718233,3.334647258044613e-05,1.1433555246775515,350.86652288241766,18.5544605,0.0629450083
73,6.743300978843363e-05,0.00025486481449306473,6.743300978843363e-05,1.3145253778682138,353.4870354696521,39.3898506,0.062905632
77,0.00017294882663187487,0.0008942304442489167,0.00017294882663187487,1.5011234258036736,360.1400213614246,80.3894958,0.0629812777
63,0.0011972328227465424,0.006265598112525498,0.0011972328227465424,2.06023671470638,352.85756649596357,178.620209,0.0630538687
78,6.191196374159943e-05,0.00021739545006802094,6.191196374159943e-05,1.3535936818921852,366.3481549812032,33.4414253,0.0628083795
66,0.001110871578696516,0.005802851822491323,0.001110871578696516,1.8876278932041302,354.63891917973893,163.956268,0.0633404255
71,2.83586381650926e-05,8.291331180366187e-05,2.83586381650926e-05,1.0815262244697352,368.2615412763472,18.7104435,0.0629462302
77,0.00020593993637567023,0.001119142332163745,0.00020593993637567023,1.437801861613185,368.2793203266765,80.1790466,0.0629839599
62,1.1631549737393144e-05,2.8241142525328012e-05,1.1631549737393144e-05,0.7602763069177758,233.96208726257655,5.71281719,0.062844418
65,1.0910627734728405e-05,2.63484574825479e-05,1.0910627734728405e-05,0.7488454101635904,233.70931554505364,5.25168705,0.0629087761
64,7.348489025629098e-06,1.8455282359460596e-05,7.348489025629098e-06,0.6462351175182326,228.9234342726557,5.52451324,0.062751621
58,8.240445861013648e-06,2.0440505682964992e-05,8.240445861013648e-06,0.6685406312007768,223.97770443178558,5.73753881,0.0628394037
59,1.0351701743390215e-05,2.5290344226758565e-05,1.0351701743390215e-05,0.7131210363809184,219.45176875994517,6.02700186,0.0627384409
65,1.5540146822258592e-05,3.7643256963223315e-05,1.5540146822258592e-05,0.8432764742872852,238.48148160426078,5.83987474,0.0629770532
59,7.88963546263852e-06,1.9515908860696953e-05,7.88963546263852e-06,0.6519589043021045,215.9093443376208,5.91015673,0.0627755672
60,6.938317808857445e-06,1.7199881576997305e-05,6.938317808857445e-06,0.6252875849678637,211.83059290425842,6.0012064,0.0626268238
57,6.109166272800549e-06,1.4936843406239682e-05,6.109166272800549e-06,0.6064366799634141,208.07086586058338,5.57322693,0.0626256019
57,4.615437777607884e-06,1.1722626985718099e-05,4.615437777607884e-06,0.5467031508348393,201.25890818712776,5.7103529,0.0628724992
56,6.023904718363799e-06,1.4764929476178917e-05,6.023904718363799e-06,0.5980743788485204,205.75133562217698,5.23084927,0.0628082678
57,5.153763015835387e-06,1.2808144090587352e-05,5.153763015835387e-06,0.5697182456261649,203.93855109046953,5.33363342,0.0628012344
57,1.0792804305105654e-05,2.5132924348163816e-05,1.0792804305105654e-05,0.6947271218149211,192.18854795381037,5.14571381,0.0627460554
59,5.629624056993368e-06,1.4137329807728488e-05,5.629624056993368e-06,0.5761149982279177,198.46990182882956,5.6293993,0.0627351031
60,6.87689106799743e-06,1.6782006625379434e-05,6.87689106799743e-06,0.611994505554936,196.86065270095284,5.5415864,0.0628846511
54,1.0881931736149084e-05,2.5208196265245006e-05,1.0881931736149084e-05,0.6885111804349552,183.67409183321047,4.96127748,0.0626587421
57,1.0161349264515534e-05,2.35535304487347e-05,1.0161349264515534e-05,0.6830065956306276,187.37194013915257,5.34220982,0.0630821735
53,8.405264857487565e-06,1.932289444952615e-05,8.405264857487565e-06,0.6437766146140689,179.4051024575925,4.6881628,0.0626799241
53,4.526933681010376e-06,1.037668322146799e-05,4.526933681010376e-06,0.5483978055526185,174.7952079415129,3.87919831,0.0628464445
45,2.799512011667139e-06,8.080832131253523e-06,2.799512011667139e-06,0.45369245516348994,256.45094018548104,3.97900748,0.0629953295
43,2.291198021719975e-06,6.755076942916243e-06,2.291198021719975e-06,0.4264244216705967,252.08030747578704,4.53078318,0.0630462468
72,1.2327263871632817e-05,2.832140471146515e-05,1.2327263871632817e-05,0.8974775175504048,260.2936359805575,5.39835548,0.063181214
73,1.3540328973249408e-05,3.0120452935962194e-05,1.3540328973249408e-05,0.9860738765197343,268.20435742847343,5.05107117,0.0631075129
67,1.2494778387126179e-05,2.9423874679810734e-05,1.2494778387126179e-05,0.8445166120164895,250.8004998677057,5.18260336,0.0630913228
70,1.2751899006624654e-05,2.9483476068689606e-05,1.2751899006624654e-05,0.883795931684705,256.6929601120391,5.44909143,0.0631260201
65,1.4158825990782154e-05,3.410721935603815e-05,1.4158825990782154e-05,0.8300647860709248,241.6589837399607,5.5566597,0.0630952269
67,1.2794206172167212e-05,3.058325379692248e-05,1.2794206172167212e-05,0.8253993248079446,246.15267455693018,5.42331076,0.0632179305
51,5.33913544834287e-06,1.2093490154081329e-05,5.33913544834287e-06,0.5722410205745854,171.88072742760602,4.41124153,0.0626792535
51,3.3369599867253676e-06,7.505078087733748e-06,3.3369599867253676e-06,0.5048823552629722,168.56973018931888,3.54591131,0.0626802072
49,3.006529627591146e-06,6.581872642586644e-06,3.006529627591146e-06,0.4984272971464201,163.82698667187873,3.31271815,0.0629321337
45,2.0654408643803955e-06,4.398425597309502e-06,2.0654408643803955e-06,0.4474666013148938,148.2218331370052,3.15166807,0.0631572977
47,1.9065593774259195e-06,4.091731971823851e-06,1.9065593774259195e-06,0.4370251406817625,149.99531720730155,3.14836049,0.0624054596
44,2.0897753775399177e-06,4.468148711102421e-06,2.0897753775399177e-06,0.4451006001651902,147.13572624439146,3.19765568,0.0631098971
47,1.9302041690971834e-06,4.153669127065842e-06,1.9302041690971834e-06,0.43387875581651936,145.59292487785132,3.16466403,0.0629896075
50,2.961784199138616e-06,6.41453096124185e-06,2.961784199138616e-06,0.4955714781666839,162.14240950978632,3.31901622,0.0627045333
50,3.6215009735027306e-06,7.841849175998104e-06,3.6215009735027306e-06,0.5175058644596398,160.0157566485535,3.34323955,0.0629883558
50,3.756948989788147e-06,8.092404731755626e-06,3.756948989788147e-06,0.5208201927565087,156.51766706863725,3.32892442,0.0631875694
51,4.157885381396652e-06,8.96252056458058e-06,4.157885381396652e-06,0.5376431609510608,159.29581971792751,3.3454423,0.0630784929
48,2.5956800402194336e-06,5.628771532473087e-06,2.5956800402194336e-06,0.4729875323642981,154.5879310861385,3.22140837,0.0633244216
48,1.987449535774222e-06,4.306348034542173e-06,1.987449535774222e-06,0.4400414523522538,153.004701260244,3.18159318,0.0628344864
47,1.806439481258289e-06,3.936045959991758e-06,1.806439481258289e-06,0.42502783176980036,149.67752781528293,3.14295626,0.0622332543
46,3.7611237250936093e-06,8.340081823377338e-06,3.7611237250936093e-06,0.49019896935084717,116.77030719079862,4.66038704,0.063039124
46,3.4151650619367318e-06,7.251281275888455e-06,3.4151650619367318e-06,0.47837567238234363,112.22767097889246,4.13627768,0.0635458007
46,3.2523913671784797e-06,7.057806898091241e-06,3.2523913671784797e-06,0.46938468103935244,112.93034157046502,4.3260808,0.0632922798
45,3.354936759392901e-06,7.524798421596721e-06,3.354936759392901e-06,0.4646234821009547,114.51996968267328,4.52184439,0.0639093965
44,3.643245276148762e-06,8.311945882544708e-06,3.643245276148762e-06,0.4730125719613942,115.23526262072262,4.68801022,0.0638918802
46,3.7556076580620326e-06,8.427499169065084e-06,3.7556076580620326e-06,0.4802960159947969,116.17847066513585,4.58601665,0.0633699149
47,2.9006256197858925e-06,6.155211038137505e-06,2.9006256197858925e-06,0.4552551736722692,111.8566561040613,4.07873583,0.0632217377
46,3.2095891472873672e-06,6.934847566797784e-06,3.2095891472873672e-06,0.4646499579893556,111.94088006655663,4.23563862,0.0634379536
47,3.135402613219878e-06,6.771067274863486e-06,3.135402613219878e-06,0.45026028620789826,111.26317648765473,4.07845736,0.0635803118
48,2.9136051875373118e-06,6.315409630179177e-06,2.9136051875373118e-06,0.4506975008857777,111.83453849871121,4.08371925,0.0634822696
46,3.968537401768802e-06,8.743558192575264e-06,3.968537401768802e-06,0.4989664310503489,119.00332172376827,4.6001668,0.0639655963
45,3.712851209706017e-06,8.459877551229986e-06,3.712851209706017e-06,0.4780027050289618,117.78176687568123,4.79427147,0.0635999143
49,6.503851095170854e-06,1.4023839771813699e-05,6.503851095170854e-06,0.5787123024418831,125.90216194163831,4.95553923,0.0631655976
47,5.102421410595889e-06,1.1158657785836195e-05,5.102421410595889e-06,0.5316690120304376,120.42596098938277,4.90861464,0.0637440756
47,5.807492377455519e-06,1.2985834679829331e-05,5.807492377455519e-06,0.5449111066316968,123.38852845421971,5.11448193,0.0631875619
50,9.60024534556829e-06,2.0812839464451707e-05,9.60024534556829e-06,0.6557523756261613,142.8161004413352,5.54586363,0.0628971979
49,8.744833021122977e-06,1.922663963388952e-05,8.744833021122977e-06,0.6330435144454749,140.82098083430748,5.49835682,0.0629897565
55,1.6259004134630136e-05,3.622503337273417e-05,1.6259004134630136e-05,0.7806076668441162,164.92430281507495,5.88415909,0.0627251491
56,2.0535218783962283e-05,4.655430161994008e-05,2.0535218783962283e-05,0.8504351711115916,177.3771813876729,6.79020596,0.062473163
53,1.9390424882428556e-05,4.364072398359628e-05,1.9390424882428556e-05,0.8353397380417485,172.7197150620172,6.49651194,0.0627015084
50,1.2679837018008007e-05,2.805308498274706e-05,1.2679837018008007e-05,0.7182695784153271,158.7650736718114,5.49101639,0.063085787
51,1.1817195222841865e-05,2.593551918668336e-05,1.1817195222841865e-05,0.7019916714495742,152.7451581074747,5.38837147,0.0629694834
50,9.7454271996185e-06,2.1511113945825114e-05,9.7454271996185e-06,0.6541812166457022,146.6227460897021,5.49985743,0.0626711249
60,1.957725785978904e-05,4.295853415588849e-05,1.957725785978904e-05,0.8941447183791166,192.16281629503627,6.40971422,0.0627540052
49,7.901428270703104e-06,1.708444518438733e-05,7.901428270703104e-06,0.6123316699651641,129.5523538926663,5.44588804,0.0632104129
49,7.6777693728631e-06,1.692811945071171e-05,7.6777693728631e-06,0.5989246662458986,132.63891921897235,5.58408785,0.0631269217
51,7.549247449860298e-06,1.6928220953500963e-05,7.549247449860298e-06,0.5941252322540146,138.917047504332,5.51470947,0.0631668195
48,2.156730694572297e-06,4.592193133684218e-06,2.156730694572297e-06,0.4383667968442326,141.6342986405923,3.16109872,0.0628829449
47,1.8518732298970394e-06,4.125423067761504e-06,1.8518732298970394e-06,0.41195981458896835,143.11189620955497,3.16381693,0.0628694966
49,1.8373607812563426e-06,4.036553540114738e-06,1.8373607812563426e-06,0.4211323685266842,144.2745996056629,3.12926245,0.0631994605
45,1.9793428289631707e-06,4.256501170777891e-06,1.9793428289631707e-06,0.4354878901323781,145.79804370366273,3.17002273,0.0629323199
55,1.4272903247201395e-05,3.316557085625886e-05,1.4272903247201395e-05,0.6898015813453304,139.27274570567428,6.42295551,0.0632329583
53,6.887999588285273e-06,1.486219342912227e-05,6.887999588285273e-06,0.5927173938297273,140.34508146054355,4.20518875,0.0633813068
60,4.9492708125902316e-05,0.00012127403143392955,4.9492708125902316e-05,0.9347604706114465,138.62015815080636,10.7883615,0.0630272478
59,0.00011596255454570832,0.0002857289780697717,0.00011596255454570832,1.2062350912898967,138.28692259051047,14.3702631,0.0632308349
58,9.896493366585022e-05,0.0002424070153428597,9.896493366585022e-05,1.1488841346928929,135.99641681586215,13.6482325,0.063261725
61,0.00016068144608541248,0.0003893239732612684,0.00016068144608541248,1.3723616463692714,137.41044487749463,15.7283459,0.0635063425
66,0.0001596605910376239,0.0003857990467519578,0.0001596605910376239,1.3642050785138353,135.95969568630142,15.65522,0.0634017587
56,8.705679110650295e-06,1.8729887993679757e-05,8.705679110650295e-06,0.6152409298171151,132.9679830732427,4.88847971,0.0633841679
45,2.0879409054216572e-06,4.406512002612129e-06,2.0879409054216572e-06,0.41738644822821014,128.13098163593625,3.06743574,0.0633164719
44,2.2977715193688553e-06,4.768727074048894e-06,2.2977715193688553e-06,0.4308878420892561,126.42075371566108,3.10201383,0.0630055964
43,3.0305303152099087e-06,6.414673179509693e-06,3.0305303152099087e-06,0.4540130465035542,125.11546783110755,2.98003006,0.0629451349
42,3.246517629913627e-06,6.8964832079564905e-06,3.246517629913627e-06,0.4592940961039684,123.27959064674073,3.02900171,0.0629931837
52,5.678972387171061e-06,1.1709171016475633e-05,5.678972387171061e-06,0.5573175838115807,131.70963893561347,3.40237451,0.0634198487
56,3.634973406724557e-06,7.374561416172469e-06,3.634973406724557e-06,0.4972724650535116,131.22501866998965,3.18338203,0.063274093
52,2.4775075517157445e-06,5.188996220626394e-06,2.4775075517157445e-06,0.4358899937391689,129.06754439382752,3.17056656,0.0635537282
44,3.4101375088808417e-06,7.290167594034337e-06,3.4101375088808417e-06,0.4562134321413369,120.97844604319629,3.11186671,0.0629735589
43,2.9985832717065347e-06,6.290940439081643e-06,2.9985832717065347e-06,0.45129664010876475,122.38476857146564,2.96373129,0.0629376397
44,3.1366330186543493e-06,6.565997932859236e-06,3.1366330186543493e-06,0.4418314253769322,115.02520964297422,3.15353727,0.0630045235
44,2.5776153812468782e-06,5.28874709057485e-06,2.5776153812468782e-06,0.41914026474497157,113.8813081983879,3.2318759,0.062885128
44,2.3347505264591837e-06,4.72720007757224e-06,2.3347505264591837e-06,0.414049318818698,114.8225654711914,3.19969726,0.063027218
45,2.153784268430778e-06,4.367460606367313e-06,2.153784268430778e-06,0.3997228550626115,113.37174177856708,3.196697,0.0628084242
44,3.4925785259045073e-06,7.29976897403264e-06,3.4925785259045073e-06,0.4394785990070685,110.9299883870097,3.19799542,0.0627928525
45,2.4816435927976863e-06,5.03268342254257e-06,2.4816435927976863e-06,0.41140300690594167,112.14670616331871,3.17921233,0.0628491864
43,2.2419500895931285e-06,4.482614385497902e-06,2.2419500895931285e-06,0.3998628492732611,110.87962247967015,3.3030045,0.0628631637
45,2.4221631531640368e-06,4.852533009686583e-06,2.4221631531640368e-06,0.4089696742094297,111.28862828564975,3.18331575,0.0628413409
45,2.6692271449088088e-06,5.564355686981289e-06,2.6692271449088088e-06,0.43285642949343445,120.14160409706797,3.14492631,0.0629802942
45,2.809853215215706e-06,5.883241669730134e-06,2.809853215215706e-06,0.44006286239099035,121.05249121631904,3.12715054,0.0627932698
45,2.4904478600797036e-06,5.166726712914653e-06,2.4904478600797036e-06,0.423319448929695,118.58414091337666,3.14142752,0.0631818622
45,2.2032311334814015e-06,4.5125567475081915e-06,2.2032311334814015e-06,0.4138210692224706,119.05435946097481,3.12521648,0.0630989522
42,2.600844236497661e-06,5.339921973971565e-06,2.600844236497661e-06,0.4286344393152063,116.6651374791302,3.15934205,0.062958926
46,2.460208768525449e-06,5.066291219922961e-06,2.460208768525449e-06,0.4220887657191783,118.27599677441943,3.07642913,0.0629880056
48,3.632621738280467e-06,7.755093252747276e-06,3.632621738280467e-06,0.4642110092243504,110.18598717509192,3.84311295,0.0634705201
48,3.921263160705773e-06,8.328075489559103e-06,3.921263160705773e-06,0.47946720512912977,110.28115189459729,4.05884981,0.0635012761
48,5.104299171664815e-06,1.0690191744863125e-05,5.104299171664815e-06,0.5190147593422819,110.24117437041131,4.21907949,0.0633857474
43,2.1848373125636717e-06,4.427232668453128e-06,2.1848373125636717e-06,0.3970328026361344,110.02196101447343,3.42178893,0.0630503818
46,2.0044029957436553e-06,4.20585783329533e-06,2.0044029957436553e-06,0.3811773144111661,110.17545487930727,3.43281031,0.0630726144
45,1.987011730458299e-06,4.155242810763844e-06,1.987011730458299e-06,0.3824637919737851,110.19679407511222,3.41646481,0.0629204512
49,2.1545152664335788e-06,4.6372219455741195e-06,2.1545152664335788e-06,0.39423711212238083,109.9191247826639,3.60679364,0.0630523935
47,2.1305069207795438e-06,4.56449649512985e-06,2.1305069207795438e-06,0.3877943137732326,109.59106354032689,3.58807325,0.0631741136
48,2.551698127357194e-06,5.430099246330069e-06,2.551698127357194e-06,0.401873793750616,109.38389806179738,3.58715224,0.0633549243
47,2.344672117097834e-06,5.000256144499162e-06,2.344672117097834e-06,0.38899258862467917,109.50606896865106,3.53520107,0.0628369376
48,2.661122064779713e-06,5.68914310409058e-06,2.661122064779713e-06,0.4166654831499901,109.58783327824253,3.71675158,0.0632030517
50,3.163889184001483e-06,6.6364495529049445e-06,3.163889184001483e-06,0.43944423793983034,109.38626364583996,3.66963816,0.0632544085
52,3.8337828839570374e-06,7.955324149804286e-06,3.8337828839570374e-06,0.47078752898531906,109.2228292299476,3.81301045,0.0636991486
49,4.257110457480468e-06,8.9687743331377e-06,4.257110457480468e-06,0.48192433738806784,108.98012637450161,3.77217102,0.0635178909
50,3.3553566768863264e-06,7.0735236476583505e-06,3.3553566768863264e-06,0.45490146897680633,109.65376495289479,3.83598208,0.0633137897
44,2.0810923346073156e-06,4.221592007648232e-06,2.0810923346073156e-06,0.3911699300632786,110.54825675355215,3.24064517,0.0630129352
44,2.0060009176746967e-06,4.137640638292786e-06,2.0060009176746967e-06,0.38240117203676255,111.14249302180849,3.32469416,0.0629387274
64,2.6290639971824945e-05,7.150708364387643e-05,2.6290639971824945e-05,1.0698806960854919,356.7276901510057,13.3683319,0.0626492128
70,2.5416302595176616e-05,7.10110223512355e-05,2.5416302595176616e-05,1.0605932580260806,362.8491850729289,17.2069054,0.0625186712
71,2.5209615420163935e-05,7.174156695612066e-05,2.5209615420163935e-05,1.038828233424723,369.8681518128058,14.9819126,0.0626006424
73,2.7383996935382048e-05,8.191979996656547e-05,2.7383996935382048e-05,1.0578840121530306,371.04840264409535,22.1037903,0.0627125874
70,2.2633612454597232e-05,6.006232111479748e-05,2.2633612454597232e-05,1.0596140525619888,364.48793321949967,10.2994118,0.0627218112
73,4.116755901299664e-05,0.00015905449379533342,4.116755901299664e-05,1.1229796477348202,367.76422501906643,31.0919476,0.0627727509
79,5.679262368824106e-05,0.00024509755080629906,5.679262368824106e-05,1.186129313548914,369.5313136482481,45.6947136,0.0627358481
66,2.6342275892161123e-05,7.316494079741443e-05,2.6342275892161123e-05,1.0538209398940932,349.8008159053388,15.1231661,0.062517643
65,2.6382220777003503e-05,7.186101593198939e-05,2.6382220777003503e-05,1.059586534453262,345.9032984080496,13.3235264,0.0626425073
64,2.324286098852513e-05,5.344592507556754e-05,2.324286098852513e-05,0.9983463524307967,239.98589628042058,7.09094048,0.0626138523
59,2.414349769743598e-05,5.5136676332310545e-05,2.414349769743598e-05,1.0035161704723572,230.6915398990816,7.44090462,0.0627001971
60,2.3734841364632153e-05,5.331526734191764e-05,2.3734841364632153e-05,0.9963362586626043,218.79569139715957,7.22455215,0.0626931414
60,2.2209668014916963e-05,4.9544730484799574e-05,2.2209668014916963e-05,0.9629203261825006,209.05505767061462,6.959939,0.0628052503
62,2.272065703112969e-05,5.302339038873968e-05,2.272065703112969e-05,1.0004911707691178,251.90083094733524,7.44595623,0.0625765026
62,2.2712562537584984e-05,5.583965931226314e-05,2.2712562537584984e-05,0.9867324926012387,270.46145109757407,10.1965113,0.0626837462
63,2.3174494038282352e-05,5.497141434454e-05,2.3174494038282352e-05,1.0055941998461089,255.12235377417846,7.83609104,0.0626658723
62,2.2798380125960766e-05,5.5209572758929314e-05,2.2798380125960766e-05,1.0061932878023487,263.8608011027376,8.35128784,0.0628453419
61,2.0924392323816458e-05,5.219734176408125e-05,2.0924392323816458e-05,0.9548162257561212,282.38879845216496,7.42167282,0.0625800341
63,1.705999097769098e-05,4.3592803219354545e-05,1.705999097769098e-05,0.8919357096136376,297.065673861139,7.13584328,0.0626254752
64,1.7199510553853883e-05,4.385819242477154e-05,1.7199510553853883e-05,0.9056248052846891,307.4003757956176,6.9175868,0.0627208725
63,2.1642510724202262e-05,5.64578004542495e-05,2.1642510724202262e-05,1.0073765404206823,337.60944899214337,7.3635025,0.0626530424
64,1.940820823667992e-05,4.996167019330887e-05,1.940820823667992e-05,0.9629780647648012,325.2254134244379,6.41939449,0.0627624467
65,2.023717088473266e-05,5.1674749562019475e-05,2.023717088473266e-05,0.9886622023794278,317.4761692348003,8.13524151,0.0629062802
63,1.7580809527645653e-05,4.478612850343188e-05,1.7580809527645653e-05,0.9222460844926617,308.78986164678173,6.74135113,0.0628444627
67,0.0014487052169591787,0.006617838116393744,0.0014487052169591787,2.8413005709457106,321.12615693897243,173.726715,0.0629699752
72,0.0025588353086505645,0.009496892478306122,0.0025588353086505645,4.40224884219028,333.5416124515103,175.668228,0.0631270334
73,8.020972576484601e-05,0.0003388822056186842,8.020972576484601e-05,1.282647579881145,346.36807360180757,49.1498985,0.0630229264
77,0.00026837670639669094,0.0013247158632673,0.00026837670639669094,1.59579987495481,345.2805517813472,81.711647,0.0632309243
50,4.867712968116937e-06,1.3386434397301186e-05,4.867712968116937e-06,0.5256084299308185,306.2676376275696,3.71453476,0.0631918311
50,5.6123120144929395e-06,1.6236926963936916e-05,5.6123120144929395e-06,0.5201350769023771,307.2169979671723,4.83608866,0.0632538572
68,0.002359399238697918,0.009389052054472144,0.002359399238697918,3.7983501310581707,338.6739610362019,157.928864,0.0632849932
48,4.998605710269203e-06,1.5672465543486145e-05,4.998605710269203e-06,0.47132827995532506,307.5711559275969,5.80184937,0.0633789152
47,2.435948355047067e-06,7.067376051221239e-06,2.435948355047067e-06,0.4199977222006174,298.0520029191228,3.49606299,0.0633684993
45,3.6624211425993217e-06,1.0133838116673008e-05,3.6624211425993217e-06,0.48101560645041647,290.6378188096005,3.37366009,0.0630664155
50,3.2478943075583176e-06,9.428592872276741e-06,3.2478943075583176e-06,0.4487229626020176,293.40046232801086,3.62447858,0.0632465035
54,0.0016836607060608851,0.007374407207034973,0.0016836607060608851,2.0495329651858323,294.27387078734887,131.946228,0.0628470406
57,8.172008143846273e-06,1.8171855419344103e-05,8.172008143846273e-06,0.8188806837308474,299.2067323657111,2.90189075,0.0629485697
51,9.094865557192953e-06,2.2229659636646957e-05,9.094865557192953e-06,0.756054044063862,287.7107255496727,4.90795612,0.0632394031
47,2.4360078923053925e-06,7.328643522363971e-06,2.4360078923053925e-06,0.4098612625602549,286.64101296181923,3.64676929,0.0629995242
48,1.3812919663259246e-05,3.8110533354413795e-05,1.3812919663259246e-05,0.7405760333422973,278.0304742517006,6.54610109,0.0630300269
46,8.348579811335448e-06,2.362099578181628e-05,8.348579811335448e-06,0.6140753185537391,271.6211826739354,5.41551208,0.0629827604
44,3.881992781661582e-06,1.0597287249594825e-05,3.881992781661582e-06,0.5137157894665529,266.6480198561805,3.88483739,0.0631963462
44,4.330637911597974e-06,1.0392817793323946e-05,4.330637911597974e-06,0.5995620405634852,281.2782386691282,2.67621708,0.0633644909
44,2.987840040890132e-06,8.38136780459407e-06,2.987840040890132e-06,0.4684099171732045,260.3593555605572,3.8314085,0.063178502
74,3.220945447297437e-05,9.783888627298926e-05,3.220945447297437e-05,1.113368893698359,370.7262183797213,17.3828278,0.0627303496
74,6.588596516380135e-05,0.00026427971081088066,6.588596516380135e-05,1.263662529151322,370.594799300585,34.465683,0.0628774539
74,5.0988767651572876e-05,0.00017191573062534752,5.0988767651572876e-05,1.2526332415956196,349.650854231557,28.8348579,0.0631534234
77,0.00026299047467342784,0.0011415573260347518,0.00026299047467342784,1.8331316596701968,356.93693645179457,72.2447052,0.0630648583
87,0.0003617894382624351,0.0014617837034581796,0.0003617894382624351,2.099173032460293,354.5157419866123,75.5764618,0.0632205531
55,8.518616951523672e-06,2.084716204562581e-05,8.518616951523672e-06,0.7466573330215073,330.9152730353908,3.38430834,0.0633496568
73,0.0016612286228201753,0.007833240817051307,0.0016612286228201753,2.689760316540347,355.39416148908543,165.49617,0.0631123185
52,2.709845768294974e-06,8.071072600919986e-06,2.709845768294974e-06,0.4436130869444562,327.403182256205,3.50544405,0.0630730614
50,2.1285143539423524e-06,6.580821245508446e-06,2.1285143539423524e-06,0.41262246509074063,328.5422557494708,3.56505942,0.0633883998
74,0.001280744246170886,0.006053469852840461,0.001280744246170886,2.369247593395911,359.52467994364906,174.443771,0.0631535575
46,1.988023690710538e-06,6.063121952817833e-06,1.988023690710538e-06,0.4091763542322174,331.46184833272775,3.52814627,0.0635062531
48,1.968354297942469e-06,6.118304375964534e-06,1.968354297942469e-06,0.4079706525064944,329.68673735988983,3.53927302,0.0637083948
88,0.0013240615130769111,0.008403718063553226,0.0013240615130769111,1.8724447359010976,370.3439617298227,182.77887,0.0629976988
78,0.0015572837524444143,0.006922932980268796,0.0015572837524444143,2.8127267742144744,362.58809734356856,166.176804,0.0629889071
64,1.1074452750069316e-05,2.6995833179247225e-05,1.1074452750069316e-05,0.7536021365472237,236.44703738869077,5.87355995,0.0629612282
64,9.923646524672013e-06,2.432434883407986e-05,9.923646524672013e-06,0.7212411654828025,233.2269087282061,6.0600028,0.0629367232
61,8.832620286822382e-06,2.1572898114525688e-05,8.832620286822382e-06,0.6926756224955057,228.24560907761685,5.85099983,0.0628638864
67,8.306627116038472e-06,2.0924759342826578e-05,8.306627116038472e-06,0.6758389908488243,231.02990625647516,6.21697426,0.0630801767
60,8.310054745354073e-06,2.0899817024481745e-05,8.310054745354073e-06,0.6690078540666652,225.00509427033066,5.94899702,0.0628969669
62,9.445587192595276e-06,2.2999461254466772e-05,9.445587192595276e-06,0.698265156082568,221.09175062795478,5.93127298,0.0627997667
60,7.544705076458725e-06,1.927858641126107e-05,7.544705076458725e-06,0.6380658409183412,217.7346224026821,6.09765148,0.0629799217
59,6.971065799204025e-06,1.775518223714391e-05,6.971065799204025e-06,0.620195923196568,213.2679710764522,6.18245459,0.0628370717
58,6.045925490386276e-06,1.5763535291744776e-05,6.045925490386276e-06,0.5844463621944609,209.6559177898355,6.11700487,0.0627086014
59,5.279766864630944e-06,1.346341635070884e-05,5.279766864630944e-06,0.5679740627420116,201.7051201503223,5.83105803,0.0628729686
61,5.542250325305929e-06,1.4553369254950829e-05,5.542250325305929e-06,0.5659472705741431,207.46880968486042,6.21354246,0.0628093481
56,1.6590674728654596e-05,3.881619911111516e-05,1.6590674728654596e-05,0.7761109749972024,189.38924948539466,5.92149162,0.0626845509
59,1.1166929360214038e-05,2.6015191697599052e-05,1.1166929360214038e-05,0.7051020359393513,194.7437630378929,5.31865072,0.0629267395
61,7.003014970001677e-06,1.7080429243097754e-05,7.003014970001677e-06,0.6184781207104684,199.20882585036932,5.65692472,0.0627884492
54,1.1928956028275193e-05,2.7525062909072928e-05,1.1928956028275193e-05,0.709920616856636,185.2590962245743,5.36586857,0.0628672019
59,2.327686308536856e-05,5.5079701624985046e-05,2.327686308536856e-05,0.844646872203258,188.60878299487285,7.15155458,0.0626697093
52,9.352508037351272e-06,2.1537816371760714e-05,9.352508037351272e-06,0.6616572309082316,180.6763459620999,5.01728201,0.0628472269
52,7.956816386781451e-06,1.82471107534369e-05,7.956816386781451e-06,0.6332628359809251,176.9678030349174,4.72708702,0.0628281832
43,2.426272250864199e-06,6.816712325121271e-06,2.426272250864199e-06,0.44389724572353323,256.27656891098644,3.76622009,0.063276507
45,2.0382932315366828e-06,5.939400035057999e-06,2.0382932315366828e-06,0.42120860338279376,252.62596305801986,4.07155418,0.063011393
71,1.3148808821675438e-05,2.909249707679763e-05,1.3148808821675438e-05,0.9854313290106972,268.1549322525992,4.59319687,0.0631839633
70,1.1287638786185028e-05,2.5708039460432526e-05,1.1287638786185028e-05,0.9025304899627021,264.1160405647962,5.1549015,0.0633649454
67,1.1675840210351426e-05,2.7373226214937607e-05,1.1675840210351426e-05,0.8492118537011136,255.8679570529663,5.67509222,0.0630924106
66,1.124453067840059e-05,2.667017867510416e-05,1.124453067840059e-05,0.819740068129187,252.59848540209012,5.52948523,0.0631682649
71,1.0004415194820142e-05,2.331900800982075e-05,1.0004415194820142e-05,0.8357204791565902,260.38534510995925,5.52967596,0.0633557811
67,1.420378783573901e-05,3.4345342570365755e-05,1.420378783573901e-05,0.8305963405986482,241.6027465892527,6.14154148,0.0631467998
69,1.026184873447823e-05,2.4879037904892848e-05,1.026184873447823e-05,0.7752453539819429,246.80583984820294,6.07870293,0.0631401688
54,8.588367488529346e-06,1.9827591728209954e-05,8.588367488529346e-06,0.6372546366705281,174.82705888711703,4.75547457,0.0628018007
48,4.993238095056033e-06,1.1276971400134537e-05,4.993238095056033e-06,0.5586261107982308,169.3841274433841,4.15199566,0.0627709627
48,4.287699671037921e-06,9.500570540824323e-06,4.287699671037921e-06,0.5420009730986663,166.08323634516967,3.86398578,0.0629191473
46,1.9197409141452877e-06,4.095709803615074e-06,1.9197409141452877e-06,0.43969720174451465,149.31345706907638,3.22032595,0.0626266375
47,1.8198602720209927e-06,3.968819839062246e-06,1.8198602720209927e-06,0.4261368682866323,148.41109814875028,3.23124981,0.0625852793
49,4.302567821354008e-06,9.438333782023286e-06,4.302567821354008e-06,0.5396677143974219,162.57466865371404,3.62863684,0.0630902275
53,6.9181541830237004e-06,1.5688684859352754e-05,6.9181541830237004e-06,0.5934184748811492,162.193315240487,4.11875772,0.0628988594
49,7.648625289088291e-06,1.724905319454067e-05,7.648625289088291e-06,0.6053810180313672,156.9838950951481,4.23667955,0.0635881126
49,8.09861905877936e-06,1.8388787842371288e-05,8.09861905877936e-06,0.615675387915622,159.63510750020134,4.34593678,0.0633804426
50,4.996154797108073e-06,1.0932581755121598e-05,4.996154797108073e-06,0.5519582940581449,155.1464517766193,3.87240219,0.0636429414
49,2.89374989243019e-06,6.237246173050564e-06,2.89374989243019e-06,0.48405989716782866,152.76591129094703,3.32655048,0.0628600791
47,1.980584391262202e-06,4.305556636166669e-06,1.980584391262202e-06,0.43698330550438674,150.20396722653484,3.27940536,0.0626362935
45,3.6551253244638627e-06,8.324842073855852e-06,3.6551253244638627e-06,0.4724148929448626,116.74462055728632,4.53564262,0.0634798706
44,3.2631509630604646e-06,7.211680573298916e-06,3.2631509630604646e-06,0.4585844827562218,113.50971116722182,4.40301371,0.0638945252
45,3.2253640595449317e-06,7.175994909682225e-06,3.2253640595449317e-06,0.4511506317775084,112.80272985381873,4.45706701,0.0633643642
49,4.3509243922919745e-06,9.512402120461258e-06,4.3509243922919745e-06,0.5044079169925473,115.02058808670974,4.66147089,0.063879326
46,3.930733695447647e-06,8.74791605632523e-06,3.930733695447647e-06,0.49266457664954205,116.19024858268766,4.81050777,0.0631943867
47,4.388550778941432e-06,9.566740578818925e-06,4.388550778941432e-06,0.5083224829315416,115.6214599200897,4.60737085,0.0636527017
45,3.1149644568392056e-06,6.733433834815212e-06,3.1149644568392056e-06,0.458415528044658,111.91718380228883,4.36095858,0.0634707585
50,4.0704650315926945e-06,8.765434922632507e-06,4.0704650315926945e-06,0.48258177459891094,111.14898847693662,4.28634214,0.0636068881
47,3.712507281131011e-06,8.106014473059155e-06,3.712507281131011e-06,0.46623760300235395,111.37380919534979,4.3826437,0.0637778714
46,4.383178149054173e-06,9.808708863741689e-06,4.383178149054173e-06,0.5043027178080274,119.43655710295326,4.90876532,0.0639424548
49,4.226812144662219e-06,9.534762885129943e-06,4.226812144662219e-06,0.4956319017080237,118.2869000980634,4.91795397,0.0634309649
47,6.512900883609781e-06,1.4262341848406326e-05,6.512900883609781e-06,0.5722286471572591,126.02888396847028,5.37480736,0.0631643757
47,5.203161057311538e-06,1.1647009473736654e-05,5.203161057311538e-06,0.527285913789473,121.05859102913412,5.11605453,0.0635320395
48,5.740188786625647e-06,1.2944879741850796e-05,5.740188786625647e-06,0.5443071424799963,124.5014966811048,5.30844831,0.0630533993
52,1.023432936851036e-05,2.2414164834155933e-05,1.023432936851036e-05,0.6677025827933918,145.97381775628156,5.79822397,0.062790893
55,1.7611468256621945e-05,3.919276537899631e-05,1.7611468256621945e-05,0.8084061002833749,166.99782542024053,6.01112366,0.0628692359
55,1.9358165294664214e-05,4.222027547791671e-05,1.9358165294664214e-05,0.8744389736276543,181.00920444982947,6.12789202,0.0626562312
54,2.0506059211772732e-05,4.533102369744673e-05,2.0506059211772732e-05,0.8698648920065044,174.1898102213265,6.34090281,0.0630059615
54,1.2905491065214848e-05,2.8413348858479177e-05,1.2905491065214848e-05,0.7201626792057154,155.00554625903237,5.29725838,0.0629075244
55,1.6319484750757924e-05,3.610192951629497e-05,1.6319484750757924e-05,0.7858039527565283,161.89595970596866,5.78865623,0.0629895404
52,1.1665073148580098e-05,2.5535337818923743e-05,1.1665073148580098e-05,0.698189622917669,150.30746533718613,5.55248499,0.0629475936
57,1.9669208941039733e-05,4.3182107801927955e-05,1.9669208941039733e-05,0.8935779538452994,188.6008733794014,6.68490362,0.0628168732
60,2.0333673055155066e-05,4.487326011980451e-05,2.0333673055155066e-05,0.9189243315253187,197.47032699469506,6.59591532,0.0628830269
50,6.537699636222804e-06,1.4429398626166844e-05,6.537699636222804e-06,0.5701128588557088,129.85826422835163,5.09436321,0.0633083284
50,7.358764051653324e-06,1.6562943463017216e-05,7.358764051653324e-06,0.5887960229402011,132.35422738794722,6.12410116,0.0631815568
52,7.26819912814674e-06,1.652398586967495e-05,7.26819912814674e-06,0.5809835523357532,135.98135505796208,5.8812356,0.0628698394
51,7.6123574086351144e-06,1.7147363558614688e-05,7.6123574086351144e-06,0.5973338911430984,141.60903771091935,5.82199335,0.0629445463
48,1.9559732667337306e-06,4.347392662272099e-06,1.9559732667337306e-06,0.4111433728059113,141.72456895158018,3.20001769,0.0630155951
46,1.8360784564182463e-06,4.058022165138114e-06,1.8360784564182463e-06,0.41590886488452417,142.68615541259828,3.15689993,0.0632792488
45,1.8369316148380428e-06,3.964720147369666e-06,1.8369316148380428e-06,0.4271067946050469,144.9903290432374,3.18572235,0.062979199
46,1.7674954988469974e-06,3.7742673323840503e-06,1.7674954988469974e-06,0.4201516890285319,144.29994872156414,3.10949278,0.0630916879
46,1.8661209826220173e-06,4.060066686069169e-06,1.8661209826220173e-06,0.42896782665307726,146.69119003538157,3.17264342,0.0630346537
54,2.137217161241082e-05,5.1403926295632e-05,2.137217161241082e-05,0.7473737188235046,139.0674884730856,7.70520115,0.0629002079
50,2.32927614346877e-06,4.903526174537019e-06,2.32927614346877e-06,0.4499161438976988,140.67550032529863,3.23250413,0.0635516122
52,5.1854877473037726e-06,1.0798434759868916e-05,5.1854877473037726e-06,0.5578434076423595,139.87303774660276,3.23299813,0.0631991327
58,6.562469826671585e-05,0.00016287985379706308,6.562469826671585e-05,0.9997913358104452,138.12258963386125,11.8778954,0.0631373599
58,9.550528143417226e-05,0.00023700863132546693,9.550528143417226e-05,1.1188130018143472,137.6502141769126,13.6651869,0.063489303
64,0.0001560534066959548,0.0003754357319152259,0.0001560534066959548,1.3653675138423105,136.11033027030257,15.5406227,0.0636482313
74,0.0005502146434199235,0.0012531814540566448,0.0005502146434199235,2.3251729229473748,136.94310324340026,25.1187191,0.0637961701
66,0.00011797331805185176,0.0002810133140813127,0.00011797331805185176,1.2481851923439593,133.05733316273054,14.053793,0.0635931268
47,1.990796195649026e-06,4.289830430794317e-06,1.990796195649026e-06,0.40330120750616255,127.51509108782977,3.16324496,0.063151978
54,2.5422932690410093e-06,5.3159823943599465e-06,2.5422932690410093e-06,0.4389135188543627,128.31827269919575,3.18140149,0.0633908585
49,2.018955953237803e-06,4.16892860331363e-06,2.018955953237803e-06,0.41381420191284196,126.57586108502775,3.11630464,0.063024804
45,2.448303221649387e-06,5.1048550890671494e-06,2.448303221649387e-06,0.431850296367071,125.0753887669743,3.13334322,0.0630340427
46,2.3354739650034193e-06,4.851404950452476e-06,2.3354739650034193e-06,0.42716357174163283,124.14930303751983,3.13566613,0.0633656681
58,2.8939738820489612e-05,6.87901725641701e-05,2.8939738820489612e-05,0.7972708639810926,130.16296192668736,8.77680874,0.0637767091
45,2.541564559286871e-06,5.263118421964974e-06,2.541564559286871e-06,0.4340471192454145,122.68206615033075,3.15962291,0.0631124675
44,2.2534143570928604e-06,4.6376403494989405e-06,2.2534143570928604e-06,0.40904287406687095,116.14063931985477,3.18140864,0.063142322
47,2.0088807252410506e-06,4.1558484498967995e-06,2.0088807252410506e-06,0.3905639114561128,114.35904847961018,3.18378329,0.0629465133
46,1.8482476399266583e-06,3.812219675622597e-06,1.8482476399266583e-06,0.38566678247133696,114.67916726581234,3.15963888,0.0631142408
45,1.9432748101762345e-06,3.9420168512511494e-06,1.9432748101762345e-06,0.38862772147977953,113.1989347659796,3.20335579,0.0629276261
47,1.6825671648924488e-06,3.5327935126189203e-06,1.6825671648924488e-06,0.3684115371234673,113.49184251957729,3.19333959,0.0629859343
45,1.9277559387298866e-06,3.941363838896472e-06,1.9277559387298866e-06,0.38560987774206484,112.40884594518289,3.19807172,0.0628882125
47,1.919953419807934e-06,3.95819058603976e-06,1.919953419807934e-06,0.37876364313765537,111.90663657889365,3.26777339,0.0629378632
45,2.421272952963627e-06,5.047228792605463e-06,2.421272952963627e-06,0.42295729255581477,120.37878913852585,3.15503001,0.0630199909
45,2.3026423676806764e-06,4.768840798394105e-06,2.3026423676806764e-06,0.4218324609201577,121.63867773925764,3.16821051,0.0633460581
46,2.080459645758724e-06,4.314658579066191e-06,2.080459645758724e-06,0.4012913837422334,118.02662036579015,3.13035393,0.0632256046
48,1.99296251440973e-06,4.115809590815529e-06,1.99296251440973e-06,0.4029704609148286,119.12533066549354,3.14876246,0.0635817498
47,1.8810781899576769e-06,3.890855659939919e-06,1.8810781899576769e-06,0.3961068064135535,117.65424651666011,3.18082595,0.0635025278
46,2.012664867744917e-06,4.165966330034999e-06,2.012664867744917e-06,0.39766190630300335,117.38887629461115,3.16711497,0.0630745366
49,6.511275889050919e-06,1.3464536961319557e-05,6.511275889050919e-06,0.5526132169050507,109.06738620599904,4.7128768,0.0637598485
53,9.176644215356946e-06,1.9025287846763852e-05,9.176644215356946e-06,0.6064574040219635,109.14547641028665,5.13573074,0.0636670589
50,1.034419393762098e-05,2.137875131560245e-05,1.034419393762098e-05,0.6296547338450819,109.16018984947698,5.31374168,0.0634197816
49,6.580657277990338e-06,1.3615568092382295e-05,6.580657277990338e-06,0.5595841852559881,109.78835411169521,4.45754623,0.0638573542
52,1.5981945897907816e-05,3.3175325663128903e-05,1.5981945897907816e-05,0.708334632163286,109.16478398449296,5.81621456,0.0635811538
47,1.8891201186882365e-06,4.02115012757905e-06,1.8891201186882365e-06,0.3676954029302877,110.57053492609181,3.38441277,0.0631617531
47,1.9821870129209605e-06,4.274660856301465e-06,1.9821870129209605e-06,0.36835479885091527,110.13761225289628,3.46115303,0.0632206947
47,2.1545362549771375e-06,4.577481253885334e-06,2.1545362549771375e-06,0.3807998448813595,110.1369449907849,3.40621114,0.0633575171
48,3.028857642933563e-06,6.4226593996171195e-06,3.028857642933563e-06,0.43146169259578354,109.30382629138921,3.60331321,0.0632876307
49,3.2334790644043624e-06,6.636494412917912e-06,3.2334790644043624e-06,0.44203591076089815,108.99421656833104,3.55876708,0.0636601672
51,3.857946806950303e-06,7.897049874416269e-06,3.857946806950303e-06,0.46845473578295577,108.90604942676,3.59229589,0.0636418834
50,2.9455319784987086e-06,6.1054099495935435e-06,2.9455319784987086e-06,0.4245954759852068,109.34161655443008,3.44374514,0.0632070899
50,5.601189967457421e-06,1.1465124912061266e-05,5.601189967457421e-06,0.5131286465449643,108.24105703165166,4.22886038,0.0635086447
50,4.09835585284405e-06,8.603653360851804e-06,4.09835585284405e-06,0.4738107240635066,109.05782665774048,3.86621928,0.0633808076
52,6.253481418345903e-06,1.2858640059806728e-05,6.253481418345903e-06,0.5332394788464193,108.23166575455558,4.51563644,0.0634561926
50,6.923322742668466e-06,1.43393988747983e-05,6.923322742668466e-06,0.5530505970611144,108.11986048094526,4.58474064,0.064021267
50,1.1396192237051633e-05,2.3687284641665068e-05,1.1396192237051633e-05,0.6298302751836666,107.30475147831734,5.32577562,0.0638530552
51,8.000942817630363e-06,1.646546903651627e-05,8.000942817630363e-06,0.5802518586713932,108.15603390651545,4.89191628,0.06350068
46,1.8277861216146982e-06,3.866178121300341e-06,1.8277861216146982e-06,0.36547067229590496,110.78685103166254,3.23764706,0.0630795732
49,1.7806176294593623e-06,3.74844162664031e-06,1.7806176294593623e-06,0.3643817779752712,111.56198431504525,3.29225636,0.0631040186
72,0.00012113930644302287,0.000668884531888557,0.00012113930644302287,1.264271566053174,358.2248183038827,69.3927917,0.0629041567
70,6.097418228421837e-05,0.00027243908593364017,6.097418228421837e-05,1.1763586455564865,352.3300102815856,44.3262367,0.0626163185
74,0.00017724975245926757,0.0010262423761341786,0.00017724975245926757,1.309233729562779,362.8935713325568,79.1378555,0.0627479181
81,9.85882291115348e-05,0.00043705383674652923,9.85882291115348e-05,1.3881080135684467,371.4068245521245,48.4435577,0.0628072992
77,5.8908831039784256e-05,0.00021444908644520385,5.8908831039784256e-05,1.3016199565146018,370.41143940262003,32.4018974,0.0628350079
82,0.0009008657286576158,0.005761871292817622,0.0009008657286576158,1.638115977465218,367.5584568991501,183.358109,0.0629971176
64,0.0007742742190363965,0.004768107845703723,0.0007742742190363965,1.2928320908990125,355.5995715383506,178.488068,0.0629344285
65,0.0009292897890054915,0.005392661514475328,0.0009292897890054915,1.5429883480594515,358.7299926047039,175.268494,0.0628913119
75,0.00022772457807963565,0.0013532241254842381,0.00022772457807963565,1.3094219576758566,343.2048057944423,83.7026978,0.0627657026
62,2.3104655812444587e-05,5.39092309842223e-05,2.3104655812444587e-05,1.0119013905331031,245.68853103246778,7.40107489,0.0627267063
61,2.6600175650839884e-05,6.267687713218776e-05,2.6600175650839884e-05,1.0543214637276987,237.22067196960592,13.5070162,0.0628192723
63,2.389026678734967e-05,5.380073353704814e-05,2.389026678734967e-05,1.0137354903401896,223.63133495194853,6.85087919,0.0627974495
61,2.1684211220034306e-05,4.811272094727568e-05,2.1684211220034306e-05,0.9554008605260921,204.69417749996717,6.91118526,0.0627653897
60,2.2368021629251558e-05,4.988900888447648e-05,2.2368021629251558e-05,0.9843734983569673,214.04675664374355,6.88779926,0.0627879426
61,2.1939284207387457e-05,5.620948911598366e-05,2.1939284207387457e-05,0.9685522334025916,278.2016041573935,11.6237288,0.062809214
64,2.2820179032346008e-05,5.514980795062984e-05,2.2820179032346008e-05,1.0099651830878364,255.23023349911313,7.6957984,0.0628537685
67,2.4217448621792393e-05,6.279013141667019e-05,2.4217448621792393e-05,1.0102711742792831,271.12801118286205,13.8802824,0.0630327538
65,2.2622678229818635e-05,5.49808674255327e-05,2.2622678229818635e-05,1.0173549426238948,260.63839249513745,7.48308659,0.0629819036
58,1.767642224023029e-05,4.440859361476154e-05,1.767642224023029e-05,0.9211497658407188,291.441765389354,6.66873217,0.0626436844
58,1.789571669562036e-05,4.563214362388442e-05,1.789571669562036e-05,0.917634238088811,299.9875209882301,7.2372551,0.0629010946
70,2.3423275633038565e-05,6.076469212469145e-05,2.3423275633038565e-05,1.052497653612286,334.62428947038217,7.85018539,0.0627830699
66,2.4485927381122826e-05,6.374410288251816e-05,2.4485927381122826e-05,1.0613634356339956,326.69823896579794,8.63120174,0.0629071295
70,3.086216211592335e-05,8.500748388338325e-05,3.086216211592335e-05,1.1477327924995626,320.29331279664393,17.9083958,0.0631175712
65,1.981723283051149e-05,5.0271864751053256e-05,1.981723283051149e-05,0.9838412643625816,309.80280370629976,6.76525736,0.0632390827
48,1.493068962428036e-06,4.3766191275115446e-06,1.493068962428036e-06,0.38081730585712786,294.29178124060036,3.22896004,0.0633243844
62,0.0006792609516135541,0.004274401475636292,0.0006792609516135541,1.2779145995157901,334.2130273677159,173.765533,0.0630877689
81,0.00042006391231745013,0.001751408888191293,0.00042006391231745013,2.1435826808926692,351.71547054830927,89.6230469,0.0632497817
47,3.0140069225125305e-06,9.5450949347974e-06,3.0140069225125305e-06,0.41649398145969946,301.1120497548337,4.41657829,0.0634451881
48,3.893047173717578e-06,1.274890866862999e-05,3.893047173717578e-06,0.4332043243728814,304.15874419213213,5.45635605,0.0634087473
72,0.0023923032683153584,0.009039695694146385,0.0023923032683153584,4.317895232789942,346.59502534428873,163.684982,0.0633768663
49,4.443818340603501e-06,1.4261759081280708e-05,4.443818340603501e-06,0.46031826508566454,310.25775609130454,5.80343056,0.0636907071
48,3.863710321576959e-06,1.2998903657278104e-05,3.863710321576959e-06,0.4287803028538706,306.7646976309493,6.14186287,0.0637228116
48,3.827876087995601e-06,1.3417099186278211e-05,3.827876087995601e-06,0.42156239385298194,305.82232991238214,6.24727249,0.0640491694
46,2.0729167466323623e-06,6.365738628779883e-06,2.0729167466323623e-06,0.3947610703522288,296.44199058770545,3.57319212,0.0632940158
49,2.612183681990721e-06,8.271824476181594e-06,2.612183681990721e-06,0.4031664211403014,298.3014182835187,4.10102367,0.0633469671
46,2.0805705332754583e-06,6.336089187360087e-06,2.0805705332754583e-06,0.3911088240674507,289.53265477556675,3.56804323,0.063269414
48,1.3592999212730678e-06,4.047071941978397e-06,1.3592999212730678e-06,0.3692196085019898,292.08104564350737,3.20317841,0.0631751493
49,5.276639070561319e-06,1.270336237789276e-05,5.276639070561319e-06,0.6279139998951072,288.523980670759,2.9034965,0.0633150861
43,2.2420352189177136e-06,6.39452289161095e-06,2.2420352189177136e-06,0.4165652988138293,284.4033282429105,3.06361938,0.0629909635
46,3.3350376196769826e-06,8.883765063148065e-06,3.3350376196769826e-06,0.49541188574981804,280.1527481374472,4.00180864,0.0632503778
43,2.069045098113949e-06,6.406876577237976e-06,2.069045098113949e-06,0.3951954436505372,287.24986619828246,3.6468246,0.0633708015
46,1.5250989682130414e-06,4.706553317042348e-06,1.5250989682130414e-06,0.3787813652644656,290.2329784057616,3.61289358,0.0637467355
47,4.474354043472928e-06,1.1091529892034766e-05,4.474354043472928e-06,0.5788987958638442,277.34801128785665,3.2266686,0.0630824715
46,4.635259966771045e-06,1.2017028717876783e-05,4.635259966771045e-06,0.5635704357067705,273.22406312984623,3.64351439,0.0631808043
47,2.968862934030723e-06,7.761614648071054e-06,2.968862934030723e-06,0.49562649048811325,267.0116350804582,3.35031939,0.0631194934
46,2.4491976540103714e-06,6.122669998380352e-06,2.4491976540103714e-06,0.4897914208884983,272.1452610787469,2.4057982,0.0632872358
46,2.9206464557941274e-06,8.360555476289011e-06,2.9206464557941274e-06,0.4598647994089729,275.86082651629215,5.12718248,0.0633734688
48,2.3959333005303823e-06,6.343058926804538e-06,2.3959333005303823e-06,0.4644384895287443,263.9154714056705,3.71920133,0.063010402
84,0.00025265623228670065,0.0011618764200599372,0.00025265623228670065,1.763151790559259,372.1191898035004,74.9000626,0.0629339367
47,3.485080012095685e-06,1.1579651447352856e-05,3.485080012095685e-06,0.43103010678832643,317.86101113593304,5.52129269,0.0636731684
48,2.766765089272357e-06,9.187193496946066e-06,2.766765089272357e-06,0.4156865951262798,320.7138287674639,4.6887393,0.0635618865
49,2.235777323238971e-06,6.950855360342817e-06,2.235777323238971e-06,0.41807834026134305,322.9989853208662,3.66230774,0.0632395521
49,1.5981838649044145e-06,5.080604725683896e-06,1.5981838649044145e-06,0.3934285240294951,326.1735910313887,3.58499289,0.0634131879
146,4.3525372044610635e-05,0.00010600860798997826,4.3525372044610635e-05,2.285771034158967,491.5623544101264,12.7013235,0.063694708
147,3.624926576622919e-05,8.459737007383436e-05,3.624926576622919e-05,2.301316449533757,498.2333704676658,8.64318848,0.0635900497
52,1.7873702813713233e-06,6.253562203883119e-06,1.7873702813713233e-06,0.4042199527951226,331.7568153040846,7.47143316,0.0637090355
49,1.6079635688671776e-06,5.041415948602824e-06,1.6079635688671776e-06,0.39619581952031074,332.27644884856954,3.44916964,0.0635424852
54,3.6566914858519318e-06,1.0190007293690944e-05,3.6566914858519318e-06,0.5109290778063766,339.00257226511957,3.32463193,0.0631012768
50,1.4821330404943254e-06,4.588732769197439e-06,1.4821330404943254e-06,0.3961804828232712,333.92840125201525,3.35557771,0.0634461567
66,1.0780917690684723e-05,2.6334736006460922e-05,1.0780917690684723e-05,0.7523821024114522,237.700296467535,6.09393358,0.0630663484
64,8.7530335009246e-06,2.174671945855962e-05,8.7530335009246e-06,0.697913980799509,234.69305214922454,6.25579834,0.0632401258
63,7.210479711346887e-06,1.8471365144988352e-05,7.210479711346887e-06,0.6409709676436027,228.1594679380132,6.06339836,0.0630201399
69,8.223849778849365e-06,2.0652005769348556e-05,8.223849778849365e-06,0.6789835041921707,232.29401865468762,6.56148243,0.0631818846
62,7.960138709534822e-06,2.0227474530301346e-05,7.960138709534822e-06,0.6572173523468858,223.30722192701245,6.17248726,0.0628830567
62,8.51318070868987e-06,2.1221857450585302e-05,8.51318070868987e-06,0.66891291160037,219.8002879835016,6.34328318,0.0628324971
63,6.3249096134972696e-06,1.684661516392676e-05,6.3249096134972696e-06,0.5972883886995747,216.84077436084718,6.34018421,0.063053526
61,5.991894103359355e-06,1.605610741178898e-05,5.991894103359355e-06,0.5801295059185553,212.5731107723838,6.45027685,0.0628791675
60,5.215316400080628e-06,1.3635178919134739e-05,5.215316400080628e-06,0.5606675186779365,205.45443191817006,5.52406216,0.0631064624
60,7.048407365259954e-06,1.690840979255722e-05,7.048407365259954e-06,0.6299936745296145,202.83934934551073,5.77712202,0.0629955381
61,5.857648882870644e-06,1.5705407670022637e-05,5.857648882870644e-06,0.5722146342912023,209.99455248445312,6.26380825,0.0629744381
58,1.70903092344589e-05,3.995422650966163e-05,1.70903092344589e-05,0.7863801003642833,191.74589763233035,6.0680337,0.0626270622
62,1.710183603525987e-05,4.01722286528267e-05,1.710183603525987e-05,0.7934908049410644,197.29171450175437,5.7992897,0.062926732
52,1.683423452690228e-05,3.959283218113756e-05,1.683423452690228e-05,0.7625478507287073,183.2688466569941,5.90068483,0.0627758503
58,1.9816002465244668e-05,4.6663231779014815e-05,1.9816002465244668e-05,0.8103728326112265,186.30979892103662,6.51071358,0.0629663095
58,2.72257984955379e-05,6.442547899292025e-05,2.72257984955379e-05,0.8885173938091158,191.01233691949162,7.3162322,0.0628570169
55,1.5008308272315258e-05,3.5307587687314976e-05,1.5008308272315258e-05,0.7363161528434682,180.02857309217572,5.85299873,0.0626753643
46,2.3014979385433715e-06,6.449922183371331e-06,2.3014979385433715e-06,0.4466501563272469,258.1647343667087,3.95445418,0.0634311736
76,1.531979987572625e-05,3.269337139076059e-05,1.531979987572625e-05,1.1143769694293175,275.98351464652353,5.42232895,0.0631180182
53,2.3733799665975817e-06,7.008497716522099e-06,2.3733799665975817e-06,0.440715263513912,257.8600728835789,5.97126579,0.0631991178
73,1.3823153131116709e-05,3.0215418470743698e-05,1.3823153131116709e-05,1.0330769129801736,271.71084661146034,5.55250168,0.0634672642
74,1.2626978787041098e-05,2.8071073095508263e-05,1.2626978787041098e-05,0.9731748119631263,267.8315762312517,4.78668356,0.0633405
72,9.685341158797868e-06,2.3203786608508393e-05,9.685341158797868e-06,0.8002221507153481,256.8925979826937,5.96509933,0.063277632
70,1.0218565141730162e-05,2.462753108404905e-05,1.0218565141730162e-05,0.7907315515426707,251.8020004480201,5.68401623,0.0630483702
73,8.98621873060448e-06,2.1100806530780585e-05,8.98621873060448e-06,0.8382989908095911,264.1389090854893,5.10941696,0.0633994862
69,1.2866281140646113e-05,3.126454444269358e-05,1.2866281140646113e-05,0.8096855577705684,242.41956061148744,6.27158594,0.0632094592
73,9.284809000999088e-06,2.3281090903987794e-05,9.284809000999088e-06,0.7452780176228915,246.84740943704674,6.35293531,0.0631394163
53,1.128658860772188e-05,2.62482015110653e-05,1.128658860772188e-05,0.6858976342606311,175.87512219119418,5.45810032,0.0628585368
54,8.683681180619484e-06,2.000930182335087e-05,8.683681180619484e-06,0.6368903842251336,172.38925947072403,4.77838182,0.062827386
53,6.453488333474437e-06,1.4636207204430998e-05,6.453488333474437e-06,0.5927975418224245,169.34449676160176,4.4381094,0.0627752393
52,5.630549242685461e-06,1.2595806287516054e-05,5.630549242685461e-06,0.5737495903498104,165.722469111783,4.04280901,0.0630348399
47,1.8466089692646085e-06,3.990772592906843e-06,1.8466089692646085e-06,0.42688828975348236,147.8563325570497,3.22887325,0.0629830286
52,8.206909190843295e-06,1.8708173601884862e-05,8.206909190843295e-06,0.6198701545159178,164.37851481927538,4.24661589,0.0628207996
51,1.1716784604364165e-05,2.715409552304386e-05,1.1716784604364165e-05,0.6730936737994367,162.82223584062749,4.98173189,0.062873967
51,1.1542492385713129e-05,2.67912321667379e-05,1.1542492385713129e-05,0.6631556634400636,159.1442263733188,4.97277164,0.0632019639
51,1.157727073904158e-05,2.6771426963882535e-05,1.157727073904158e-05,0.6664472373633994,157.92533060080058,5.00924301,0.0634881854
50,9.69670450638996e-06,2.21885057991733e-05,9.69670450638996e-06,0.6364562673663233,155.38343473511998,4.65574169,0.0635551512
47,7.81770454822072e-06,1.751207844140262e-05,7.81770454822072e-06,0.6071201036135035,153.49442572328022,4.46713018,0.0635206029
47,3.3524468947060366e-06,7.204462589833661e-06,3.3524468947060366e-06,0.5010788879667052,150.97631001512588,3.23466444,0.0631286725
50,4.5593196600709325e-06,1.0116572437768485e-05,4.5593196600709325e-06,0.5093710534671423,117.0547776692037,4.98264933,0.0633663982
47,4.265821674273295e-06,9.352773322195664e-06,4.265821674273295e-06,0.49150636210419646,112.69815493756603,4.71597576,0.0635596588
47,3.8257123083599185e-06,8.273472704898108e-06,3.8257123083599185e-06,0.4825587036374268,112.41622494467093,4.38647509,0.0634482652
50,5.997804653620627e-06,1.2573863776039593e-05,5.997804653620627e-06,0.5565436566315286,114.05501114350615,4.87020636,0.0635412335
51,6.794982271682e-06,1.4208987519512483e-05,6.794982271682e-06,0.5760638080607527,114.77479112550242,4.96809769,0.063825272
51,5.26076300744329e-06,1.1621880996901084e-05,5.26076300744329e-06,0.5275532438830366,115.83952876661827,5.07400894,0.0641460046
50,7.614548302808358e-06,1.5773641823431323e-05,7.614548302808358e-06,0.5820798205235946,110.35244504386844,4.53543663,0.0640085265
48,7.509954107442889e-06,1.5447304537284235e-05,7.509954107442889e-06,0.5855536816015661,111.05070656752324,4.41420078,0.0638800338
48,5.36147153492597e-06,1.2193543088976334e-05,5.36147153492597e-06,0.5229682615662341,119.98677853306914,5.13476801,0.0635280684
49,5.41814742954797e-06,1.2403919873340578e-05,5.41814742954797e-06,0.5221010933006967,118.9485646487191,5.1569767,0.0631900653
49,6.211513202204553e-06,1.4272669688783301e-05,6.211513202204553e-06,0.5508395682769314,127.58470528810086,6.1136694,0.0632709265
48,6.0100596456587e-06,1.38443973180317e-05,6.0100596456587e-06,0.5381789846744318,122.55167447916088,5.5707407,0.0634686723
51,5.819966744660674e-06,1.3455136784192485e-05,5.819966744660674e-06,0.5362403853631907,121.0332135741082,5.86506367,0.0635611638
50,6.316454387674037e-06,1.4567611543576368e-05,6.316454387674037e-06,0.5473159763396437,124.69791730356516,5.66464901,0.0637461096
52,1.0558305884432791e-05,2.321921471724463e-05,1.0558305884432791e-05,0.6727449745469436,147.05921378355904,5.56566906,0.0628899187
58,1.9244271785118165e-05,4.292807848614663e-05,1.9244271785118165e-05,0.840170598602139,168.4076595299222,6.28552151,0.0630420595
61,2.0284010046391566e-05,4.4464410963537757e-05,2.0284010046391566e-05,0.8909927042850115,182.86765634024457,6.3936348,0.063018769
61,1.9466748382840545e-05,4.261894039041272e-05,1.9466748382840545e-05,0.8977492671622964,189.6898347060055,6.41455555,0.0629305616
61,2.0352833682146935e-05,4.431532399204364e-05,2.0352833682146935e-05,0.8913705819011565,176.96533511053255,6.35916376,0.0630075261
57,1.1080710863205367e-05,2.4757795417417865e-05,1.1080710863205367e-05,0.6824462592401078,152.08333649069948,6.19558954,0.0628088415
55,1.4158546653855482e-05,3.117704314231381e-05,1.4158546653855482e-05,0.7501721257118328,157.17276824343148,6.41475677,0.0628946722
58,1.6505890315558482e-05,3.68051034819495e-05,1.6505890315558482e-05,0.7939293243853274,163.7912888273841,6.17037868,0.0630987883
59,2.0344698848833217e-05,4.4783236947028304e-05,2.0344698848833217e-05,0.9376105793328579,198.83218144513506,6.43719816,0.0629903078
51,7.339458537741957e-06,1.6788075633610797e-05,7.339458537741957e-06,0.5764213491681862,131.0923424483841,6.46456289,0.0632212237
50,7.1578458791340645e-06,1.6289939046063266e-05,7.1578458791340645e-06,0.5754228044678311,133.92046514060777,5.85410404,0.0631387532
53,7.665474944366486e-06,1.740782875047367e-05,7.665474944366486e-06,0.5895701663393721,138.12862241133914,5.8573761,0.0630148351
52,8.501158441433774e-06,1.887954194559039e-05,8.501158441433774e-06,0.6225989366850856,142.62930813674254,5.60899734,0.062905103
46,1.8574105923843796e-06,4.084497254098836e-06,1.8574105923843796e-06,0.41037938576112826,140.96128995573886,3.15795302,0.0636794418
47,1.8261556670002075e-06,3.93140075463867e-06,1.8261556670002075e-06,0.42049934527451155,142.6961666583243,3.1020689,0.0636307225
46,1.7491693363241092e-06,3.773254325517126e-06,1.7491693363241092e-06,0.4193728884186717,145.84500511488469,3.18971777,0.0631804615
47,1.8287125562450066e-06,3.950919912994334e-06,1.8287125562450066e-06,0.41970850066875737,144.39481178746257,3.1802063,0.0633063838
48,2.0522551467466595e-06,4.371674807200286e-06,2.0522551467466595e-06,0.4389651941407666,146.93401310880802,3.06974411,0.063227877
51,1.1598675996737453e-05,2.6220452850584905e-05,1.1598675996737453e-05,0.6587890778445796,138.35066281891906,5.57119465,0.0631841049
51,2.034374492071513e-06,4.371101418051381e-06,2.034374492071513e-06,0.42522365274169965,140.5430464013847,3.23977423,0.0635930449
49,2.8962002173154988e-06,5.956236078922423e-06,2.8962002173154988e-06,0.47935268097357503,139.13444916797877,3.20645785,0.063579075
56,1.965699310474229e-05,4.620587852200558e-05,1.965699310474229e-05,0.7372887780248101,137.91738625840168,7.08207464,0.0634591505
57,9.859700567919815e-05,0.00024275857301740675,9.859700567919815e-05,1.135242531915156,136.78632823876836,13.4536085,0.0635405257
54,2.1136355579454555e-05,5.018490755425748e-05,2.1136355579454555e-05,0.7489628190161821,137.36901613343997,7.39541769,0.0636425838
65,0.0002946989902684341,0.000705898492577248,0.0002946989902684341,1.7019677534680768,136.7943205653443,19.2164402,0.0638163984
66,0.00035796862672568455,0.0008370988702298132,0.00035796862672568455,1.8991148124558466,136.1409532655575,20.0289612,0.0635202527
75,0.00035513432067103915,0.0008161028625359901,0.00035513432067103915,1.938089970395775,134.95150385044013,20.3752556,0.0633012503
79,0.0009284997116401154,0.002036450401796924,0.0009284997116401154,3.003366928657367,135.35744559948503,38.6556282,0.063438721
51,2.4375431462501703e-06,5.115110386498861e-06,2.4375431462501703e-06,0.426596884481759,126.60290424779566,3.1756196,0.0632775798
56,3.296733653747041e-05,7.865183457222794e-05,3.296733653747041e-05,0.8223279379249959,128.58612780202188,9.24180984,0.063590914
47,1.912194920303831e-06,4.042517626385214e-06,1.912194920303831e-06,0.40064480558755877,125.4904863383253,3.17709804,0.063411057
48,1.9307284288829545e-06,4.04359409968947e-06,1.9307284288829545e-06,0.4004017790203221,123.75189213990318,3.15754533,0.0635828525
47,1.9560601667601175e-06,4.105465709036259e-06,1.9560601667601175e-06,0.3992985045387692,121.7191882036224,3.19003844,0.0633631945
48,1.7559940541296355e-06,3.6684833862040614e-06,1.7559940541296355e-06,0.3776283783701838,115.72283097835235,3.16261744,0.0629587546
47,1.7710703823464157e-06,3.6784348037581728e-06,1.7710703823464157e-06,0.38200024620294404,116.45140735564195,3.13506103,0.0633089617
48,1.6814424854919827e-06,3.5902930994504676e-06,1.6814424854919827e-06,0.3657388889753108,114.19549363243192,3.21061182,0.0631205961
48,1.7010729243260864e-06,3.613556299012139e-06,1.7010729243260864e-06,0.3691512932450495,114.46872645599555,3.19370031,0.0630243197
47,1.7033889675151167e-06,3.5839477460335225e-06,1.7033889675151167e-06,0.3685714087118881,113.27783364060976,3.24528456,0.0630602315
48,1.7253506463188845e-06,3.669114188084718e-06,1.7253506463188845e-06,0.369057122023147,113.33057985458761,3.21734858,0.0630949661
50,2.0362711295959517e-06,4.1701822456184215e-06,2.0362711295959517e-06,0.39181973135225845,112.48370909294844,3.19838786,0.0631204545
48,1.9150616133629185e-06,3.971807427086405e-06,1.9150616133629185e-06,0.3818716593907359,112.48270331470015,3.21886706,0.0630524606
48,1.782470078590456e-06,3.735216815426391e-06,1.782470078590456e-06,0.36849832250647047,112.64518515430407,3.20194983,0.063011311
47,1.7648924801458174e-06,3.720397005392564e-06,1.7648924801458174e-06,0.36506923210316283,111.96700636412731,3.22737384,0.0629830956
47,1.9752799516294333e-06,4.09188777665063e-06,1.9752799516294333e-06,0.40393481712267404,120.62050869460975,3.18529201,0.0633926988
51,1.787234962452208e-06,3.692980910434602e-06,1.787234962452208e-06,0.38282328644239,116.21728691025787,3.16835642,0.0632793903
49,1.858942341443641e-06,3.919695954186026e-06,1.858942341443641e-06,0.3876041408996246,117.952713569597,3.15927267,0.0640989617
50,1.8413922735254504e-06,3.8842834121939805e-06,1.8413922735254504e-06,0.3881997912493924,119.38997858541504,3.20402455,0.063652873
51,1.8282888406957411e-06,3.827037115972323e-06,1.8282888406957411e-06,0.3844216536465064,115.77145871982687,3.1980443,0.0633980483
51,1.8995078827966734e-06,3.929551728721783e-06,1.8995078827966734e-06,0.3911892410797729,116.26599808559082,3.00135803,0.0639049038
51,1.818162053949285e-06,3.8077519483326124e-06,1.818162053949285e-06,0.3805308466493473,115.52282219883581,3.16730189,0.0635085925
53,1.3101631137341874e-05,2.720047388877426e-05,1.3101631137341874e-05,0.6637740149128519,108.17251787604215,5.74935532,0.0637759268
51,2.966352931700831e-05,6.30074024804616e-05,2.966352931700831e-05,0.8216983502935247,106.92072988126276,7.1668148,0.0639947653
53,2.0185380665355114e-05,4.2180624258246996e-05,2.0185380665355114e-05,0.7486655581619479,108.05844013418051,6.24511337,0.0639453977
51,1.6109514966956394e-05,3.3382634826680745e-05,1.6109514966956394e-05,0.7123772905601861,109.48912775515366,5.9361062,0.0638419762
55,3.88300607607392e-05,8.23949676226637e-05,3.88300607607392e-05,0.9024609002827652,108.57195116869832,7.8622241,0.0641076341
48,2.0050487932814027e-06,4.261973853444665e-06,2.0050487932814027e-06,0.36766901220160614,110.99154376830747,3.37497091,0.0633524656
48,3.020237613315925e-06,6.144885655115677e-06,3.020237613315925e-06,0.43569453862865326,109.3797840860671,3.43069911,0.0635865182
48,4.012843693297012e-06,8.141231133280574e-06,4.012843693297012e-06,0.4685996996652584,109.01980593855752,3.48253012,0.0636179
52,7.789857360422542e-06,1.60516121817329e-05,7.789857360422542e-06,0.5586809705285787,107.45213176918399,4.6624465,0.0640774369
53,1.3432291242182182e-05,2.824336289655927e-05,1.3432291242182182e-05,0.6466987628159653,106.96620534995061,5.33395767,0.0634627715
47,7.905745612937021e-06,1.6272613598888834e-05,7.905745612937021e-06,0.5601154221922051,107.76291075560003,4.30650282,0.0634286553
55,1.2332734322886562e-05,2.584203482928752e-05,1.2332734322886562e-05,0.6224112181908156,106.58575661680716,5.00311327,0.0641240999
56,9.978813580012315e-06,2.0744929359729646e-05,9.978813580012315e-06,0.6007545362380227,108.07792774290623,5.0419879,0.063511081
56,1.9417426070734047e-05,4.12689287098546e-05,1.9417426070734047e-05,0.7131027094752995,106.74141537467149,6.29310799,0.0636136755
53,1.7207940167546242e-05,3.635421239417918e-05,1.7207940167546242e-05,0.6927253540574696,107.0605012039138,5.98721838,0.0636949539
52,1.6519741127867063e-05,3.4529154502271194e-05,1.6519741127867063e-05,0.696044178390917,106.68147612360184,6.02690172,0.0642323866
54,2.7932156841511322e-05,5.93172086806753e-05,2.7932156841511322e-05,0.7981395510394323,105.41535765256668,6.93677139,0.0642876551
49,2.4671986819460503e-06,5.073064507661021e-06,2.4671986819460503e-06,0.4072908971694865,110.57929905685218,3.40751147,0.0635228008
49,2.1850706096806596e-06,4.5497824698196465e-06,2.1850706096806596e-06,0.39018534487698714,111.34709180617904,3.26241827,0.0633800626
80,0.0005302879678174071,0.00291671493569735,0.0005302879678174071,1.7068684792876607,358.3024705701918,124.707054,0.0630392283
74,0.00027842565183061043,0.0015496938021773551,0.00027842565183061043,1.4994808944285305,350.98362612608423,96.9693222,0.0629403591
62,0.0009222484075229881,0.005201130539865152,0.0009222484075229881,1.418563204212167,350.6382426157447,175.891052,0.062981762
78,0.0016280155526212322,0.007418499372068677,0.0016280155526212322,2.6474997345787052,364.41297486166997,164.48819,0.0630586743
76,0.0015358376920421065,0.00747119934625658,0.0015358376920421065,2.4515587578444875,363.5688470656026,169.168198,0.0631607398
58,4.563511759081294e-06,1.2394351205423913e-05,4.563511759081294e-06,0.5674087280966896,338.91950085409474,3.67974281,0.0631893799
51,3.147531471926318e-06,8.906484843226427e-06,3.147531471926318e-06,0.49174889463677157,338.9175014530766,3.16816807,0.0631289557
48,2.113611663557965e-06,6.491335978580696e-06,2.113611663557965e-06,0.42389008567832737,337.38059662826845,3.32935548,0.063019909
75,0.00016967407722341178,0.0009407392825819122,0.00016967407722341178,1.4338630351993082,337.57242060782926,75.5044403,0.063091591
67,0.0007483497945844774,0.004193579390599875,0.0007483497945844774,1.5148287492074368,335.60002123438807,179.059265,0.0631475002
67,2.8950744241730366e-05,8.155426204862816e-05,2.8950744241730366e-05,1.0459609070047293,247.06912311540145,19.7820873,0.0628890023
62,2.489869395822004e-05,5.5976902821273505e-05,2.489869395822004e-05,1.0526529828522342,231.59028657006075,6.74158716,0.0628937781
63,2.4207365626183227e-05,5.39561082077447e-05,2.4207365626183227e-05,1.046645061738677,223.62540882179428,7.34784365,0.0630064085
62,2.255690166232762e-05,4.985498451068589e-05,2.255690166232762e-05,0.9887917511474443,207.5191919625889,6.7252593,0.0629759654
65,2.2472083251784055e-05,4.977949256043097e-05,2.2472083251784055e-05,1.0106115499298693,215.35042213260695,6.90423918,0.0630948469
64,2.126307376438938e-05,5.3816985771937285e-05,2.126307376438938e-05,0.9783248715212752,280.1292787549399,8.69898891,0.0629726574
68,3.0182874103166693e-05,8.259545730573021e-05,3.0182874103166693e-05,1.0674709732690482,253.09272615715133,16.8000984,0.0630193502
66,2.819313676408329e-05,7.572817469566374e-05,2.819313676408329e-05,1.0633231851825977,265.7621659690106,14.8382835,0.0632119551
62,2.3379629388534177e-05,5.9685784524257294e-05,2.3379629388534177e-05,1.016181078954601,278.3412866346408,10.2730722,0.0632089153
63,1.813995275726193e-05,4.5707481044947834e-05,1.813995275726193e-05,0.9402600099090825,289.2266805488353,7.14591837,0.0632622465
65,2.0690917895304456e-05,5.2448590274201564e-05,2.0690917895304456e-05,0.9958778139768899,301.7649095000398,7.47735786,0.063764073
77,0.00014356800044462768,0.0008019614786928945,0.00014356800044462768,1.410459804947208,329.84072811780476,75.3411179,0.0633044541
72,2.5518887536840705e-05,6.490651426546805e-05,2.5518887536840705e-05,1.1183276174406347,314.16762573890014,11.6483402,0.0632510409
81,0.00013505419069632094,0.0005778105047830241,0.00013505419069632094,1.6368904148863763,328.7293591169894,53.5042534,0.0635323972
46,1.3402880304025938e-06,4.002661804327339e-06,1.3402880304025938e-06,0.3770837425432829,294.8431641197272,3.2671299,0.063466534
51,4.16407282865346e-06,1.2926665071502339e-05,4.16407282865346e-06,0.46683897607747266,316.7628066264882,5.15302706,0.0633733794
48,3.337026278024566e-06,1.1256502663254918e-05,3.337026278024566e-06,0.417264006814274,301.62165149034803,5.86172533,0.0635004863
48,3.85317267303128e-06,1.234173961702477e-05,3.85317267303128e-06,0.44923981202207947,313.05501124797695,5.55546093,0.0637733117
50,3.599192302990255e-06,1.2534667171451205e-05,3.599192302990255e-06,0.4358105438581782,312.4830748039696,5.93860388,0.0636099279
48,3.689274402683817e-06,1.2817435846913112e-05,3.689274402683817e-06,0.42735275842594544,308.56520239542124,6.23933983,0.0636902675
109,1.3617573194800775e-05,3.324546437286994e-05,1.3617573194800775e-05,1.7225373691953123,446.5567217253539,7.77325773,0.0644230917
103,1.429389616859567e-05,3.465933922835427e-05,1.429389616859567e-05,1.7816663049319803,448.7207674840205,7.873878,0.0645870492
50,1.9643116012746102e-06,6.3045541426928785e-06,1.9643116012746102e-06,0.3932190227258236,297.5449288176557,3.75337148,0.063402541
51,2.7388861213269463e-06,9.64376329339397e-06,2.7388861213269463e-06,0.4056124525498873,300.64379343061677,7.43600082,0.0634386614
44,1.0997126777275468e-06,3.2578510276768396e-06,1.0997126777275468e-06,0.3627050514582223,291.51821443748537,2.94959807,0.0633748248
49,1.1396532604835128e-06,3.423003310738694e-06,1.1396532604835128e-06,0.37076031771124107,294.3697530356441,3.17532849,0.0634595156
45,2.1394441411871034e-06,5.977555509478272e-06,2.1394441411871034e-06,0.4206566252977771,280.9483044646935,2.77279854,0.0631293058
45,1.8470122558754765e-06,5.691393158004203e-06,1.8470122558754765e-06,0.38895841332708964,284.86248916458425,3.5372684,0.0632263124
43,2.352559964619511e-06,6.420432181099602e-06,2.352559964619511e-06,0.4472385149395948,278.57897097713993,2.78170633,0.062885128
46,1.5556229617604123e-06,4.862296529495158e-06,1.5556229617604123e-06,0.3841930992860716,288.487897473003,3.45151567,0.0634824783
47,1.052146681702723e-06,3.2120468453836423e-06,1.052146681702723e-06,0.3657237551774738,292.7474256013487,3.43413615,0.0636681467
84,8.58029287417091e-06,2.4069024908818565e-05,8.58029287417091e-06,0.8950311495729446,330.74030255608835,8.2005167,0.0636591986
47,2.5230011574080358e-06,6.867844359357406e-06,2.5230011574080358e-06,0.4542731062254445,273.90039707081473,3.04827094,0.0630581602
45,2.0565586281119856e-06,5.208163823024297e-06,2.0565586281119856e-06,0.46541779483216,269.3109826259051,2.37987971,0.0629404038
47,2.0733755620303725e-06,5.715974155591208e-06,2.0733755620303725e-06,0.4350348039995467,271.9631625762571,3.02712727,0.063152872
45,1.7407924863078295e-06,4.973037291418217e-06,1.7407924863078295e-06,0.40666160933814993,277.43187599927455,2.79298234,0.0631569996
48,1.6690690353466104e-06,4.284555652135758e-06,1.6690690353466104e-06,0.4433027017061418,263.68262288604285,2.62657809,0.0628425553
46,1.6495788067948253e-06,5.000305552109164e-06,1.6495788067948253e-06,0.4062863859000275,334.623668457174,3.21929336,0.0633453876
43,3.0242288429199904e-06,1.0447795028848306e-05,3.0242288429199904e-06,0.41869665585544286,318.5896067033876,5.51173353,0.0638599172
46,3.279588377254544e-06,1.129268252760146e-05,3.279588377254544e-06,0.42313251596546275,315.84378745401546,5.87647438,0.0639471188
49,2.1482654387298824e-06,7.244885714514684e-06,2.1482654387298824e-06,0.4091590643530655,322.7074356248784,5.10597658,0.0636692941
136,9.89481507448718e-05,0.0004308210842354651,9.89481507448718e-05,1.6701799481371875,478.18916997287687,36.6749802,0.0638216063
154,3.7432499306384836e-05,8.320338321448129e-05,3.7432499306384836e-05,2.8524256435458253,522.8893210215521,7.79184246,0.063808322
160,4.423610580946439e-05,0.00010522472426121011,4.423610580946439e-05,2.7554926287562163,521.0818158705245,11.6613121,0.0644929036
67,0.00015052803668815935,0.0011221353341333423,0.00015052803668815935,0.6462110035206312,331.3553525364958,116.193771,0.0642383769
156,3.7091469283678494e-05,7.156008929453991e-05,3.7091469283678494e-05,3.903885511761968,590.5593153809092,8.94766617,0.0636946335
269,3.193895124001525e-05,5.740261878914182e-05,3.193895124001525e-05,5.473136013593918,913.3639195590214,9.46618652,0.063631624
198,2.9313994770520205e-05,6.569049593025178e-05,2.9313994770520205e-05,3.0724356856834936,639.0319455385263,9.44564056,0.0636333525
65,1.0998781369179393e-05,2.693119036774789e-05,1.0998781369179393e-05,0.7676391076853258,239.92687942762296,6.57478952,0.0632650182
67,9.552949753680274e-06,2.3673806309708822e-05,9.552949753680274e-06,0.738165767375469,239.61246598894243,6.92857599,0.0633763075
69,6.566766224947133e-06,1.7468152808358817e-05,6.566766224947133e-06,0.6401066147967219,236.99208656802335,6.70165873,0.0633301884
61,6.940557474598651e-06,1.8761051143461108e-05,6.940557474598651e-06,0.616045153585839,228.30790105777922,6.34711218,0.0632954314
71,6.3765287898472074e-06,1.7331131413875425e-05,6.3765287898472074e-06,0.6300025391587121,234.95105046392428,6.70994091,0.0631082132
65,7.297387323279534e-06,1.981960309634768e-05,7.297387323279534e-06,0.6291258606114769,229.85797291860368,6.91000652,0.0633122921
67,8.354217345797322e-06,2.1640207398569895e-05,8.354217345797322e-06,0.6622363723008252,225.27751541845078,6.67539978,0.0633744746
65,6.598569237082868e-06,1.7521313794989878e-05,6.598569237082868e-06,0.608674878431189,220.89437968867537,6.49202871,0.0631046817
60,6.448192424150727e-06,1.7861765838371883e-05,6.448192424150727e-06,0.5880111437120137,216.6636270137452,6.66099787,0.0630787164
62,6.293432316542866e-06,1.6787324361660246e-05,6.293432316542866e-06,0.596272013692119,219.49693107227264,6.56467628,0.0633655563
61,6.003967429172659e-06,1.659053565335251e-05,6.003967429172659e-06,0.5810164338405972,214.1519713983119,6.68456459,0.0629194528
63,5.683599727226303e-06,1.5146437102396049e-05,5.683599727226303e-06,0.5743645288219309,207.2567426287674,6.32903194,0.0632992983
63,1.1192048629648921e-05,2.656333126941651e-05,1.1192048629648921e-05,0.7134407793810025,201.6468463358982,5.90376425,0.063163422
64,7.71447805325505e-06,1.918167641733029e-05,7.71447805325505e-06,0.6473561359306158,206.11219392239158,6.36703682,0.0634035766
62,6.247682258043876e-06,1.718152857076332e-05,6.247682258043876e-06,0.5874001999628365,211.90691425093715,6.76597548,0.0630158558
62,2.093233556777877e-05,4.923811868028799e-05,2.093233556777877e-05,0.8352391041531088,194.4811823546037,6.26473856,0.0628908724
62,2.1872131608222045e-05,5.184697266713505e-05,2.1872131608222045e-05,0.8513313023096583,199.05257281801585,6.65665102,0.0632869601
57,2.2334101212035308e-05,5.313628963990176e-05,2.2334101212035308e-05,0.8213235838242903,183.2998359518981,6.56522131,0.0630473867
59,4.6431177690452165e-05,0.00011194313066827902,4.6431177690452165e-05,1.018921151547886,187.9171886388045,9.04246807,0.0630918071
57,3.492283995915869e-05,8.322828276140416e-05,3.492283995915869e-05,0.9545681314086494,192.02885509256936,8.00017166,0.0631593093
52,1.9558026340053238e-05,4.6339267031371256e-05,1.9558026340053238e-05,0.7842956680802419,178.7067194101144,6.06919479,0.0629405975
45,1.8949405333869833e-06,5.138614201346304e-06,1.8949405333869833e-06,0.4404662735587704,261.4721427084578,3.67144442,0.0630945191
81,1.9178618095100386e-05,3.8612206298392535e-05,1.9178618095100386e-05,1.3370145439277465,285.11972263184293,4.59268999,0.0630871728
86,2.3793093228668564e-05,4.68216936744207e-05,2.3793093228668564e-05,1.6734327138775524,304.7647613611049,8.05661106,0.0632431954
80,1.849533654217157e-05,3.765542586346775e-05,1.849533654217157e-05,1.309594150533292,284.1388939151721,4.53056002,0.0629985705
78,1.3540040881319335e-05,2.96379603728059e-05,1.3540040881319335e-05,1.0502928929568611,273.4089379343165,5.41140175,0.0633977726
73,8.172586482077859e-06,2.0111539869042504e-05,8.172586482077859e-06,0.7795709935156923,257.65083730246147,6.19994688,0.0636686608
72,8.854657285877486e-06,2.232285432308219e-05,8.854657285877486e-06,0.7668048942883814,252.90084594448754,5.83961964,0.0634468943
82,1.210874690558837e-05,2.735686178462184e-05,1.210874690558837e-05,0.9816709348757221,270.4832489911126,5.99406385,0.0635499433
77,1.0102471142392187e-05,2.4890977093681925e-05,1.0102471142392187e-05,0.8780053107829179,266.5834639348227,6.32334518,0.0637118295
71,9.911602334109833e-06,2.5238478701678596e-05,9.911602334109833e-06,0.7457745765401531,243.98570549684808,6.85581303,0.0634659305
77,8.24882330266365e-06,2.1553015206030915e-05,8.24882330266365e-06,0.7349068864144335,249.5324548216807,6.99130201,0.0635992214
55,2.0869957423179877e-05,4.961275555225299e-05,2.0869957423179877e-05,0.7939793158260092,175.6787912054383,6.51226807,0.0630499125
55,1.0853533477057693e-05,2.5226193004241822e-05,1.0853533477057693e-05,0.670893007507061,172.32220980608523,5.19315529,0.0629004389
53,7.71538721973814e-06,1.7610912373644167e-05,7.71538721973814e-06,0.6153341350994506,169.52150842276072,4.83680201,0.0631421208
53,1.1988118095070338e-05,2.7768127012998855e-05,1.1988118095070338e-05,0.6823778092982952,167.50397228796922,5.16961956,0.0625767857
46,2.5130702182508135e-06,5.39168428424444e-06,2.5130702182508135e-06,0.4644152520867085,148.99420801001247,3.2077992,0.0633302256
52,1.3654899586298463e-05,3.1995397190505727e-05,1.3654899586298463e-05,0.6995910812323575,165.88294214307464,5.33620119,0.0627373755
54,2.084921165820471e-05,4.972278862956142e-05,2.084921165820471e-05,0.7720882735464913,165.66317152693549,6.45334435,0.0630691648
50,2.2046180035853632e-05,5.283717443600128e-05,2.2046180035853632e-05,0.7777850164228842,162.63027162977556,6.74501467,0.0630001426
51,1.989631620527012e-05,4.734412571602463e-05,1.989631620527012e-05,0.7559707457577028,160.81336403752863,6.45988417,0.0633806884
52,2.6580209347716286e-05,6.396875265339844e-05,2.6580209347716286e-05,0.8091683140544447,158.7208656196048,7.44440556,0.0636725947
52,1.7628167482703902e-05,4.164440575268146e-05,1.7628167482703902e-05,0.7299327077882369,155.73010148024446,6.19064236,0.0635053664
49,8.933500936151786e-06,2.0012835693699413e-05,8.933500936151786e-06,0.6275271839983507,152.6493135606853,4.49313688,0.0634543896
48,7.135683914692531e-06,1.5891943614421278e-05,7.135683914692531e-06,0.5938195968640535,150.5825911931008,4.57634401,0.063491866
50,6.7241240424141876e-06,1.4523746794925354e-05,6.7241240424141876e-06,0.5721520445029543,116.90653456611423,5.5006938,0.0639640689
50,6.06376511255882e-06,1.2647321830361718e-05,6.06376511255882e-06,0.5563319615901566,113.00797197129023,4.64400434,0.0633413643
50,1.0530271000507195e-05,2.1539131872542076e-05,1.0530271000507195e-05,0.6434983784757372,111.55424051312352,4.93860102,0.0638270676
53,7.699079980992134e-06,1.6069356476549374e-05,7.699079980992134e-06,0.59301426538557,113.72560189127557,4.9753828,0.0639657304
52,7.3458587589579925e-06,1.5611209934839427e-05,7.3458587589579925e-06,0.581598417713175,114.92718007836682,5.30481577,0.0646453723
52,1.0026847331201613e-05,2.0822887624344463e-05,1.0026847331201613e-05,0.6442087640275651,116.2947653644578,5.63412476,0.0638585687
53,1.9949595458333647e-05,4.147575844165432e-05,1.9949595458333647e-05,0.7586279070866976,110.44636369883989,6.33234072,0.0636725724
53,7.198720624253322e-06,1.567426824289856e-05,7.198720624253322e-06,0.5819550018123937,119.12394485143282,5.75910759,0.0635948107
51,6.7337609935348955e-06,1.59789647015217e-05,6.7337609935348955e-06,0.5512365851030961,128.15991758601618,6.44361115,0.0632420853
53,6.329800874425869e-06,1.5033049504735909e-05,6.329800874425869e-06,0.5436876045313883,125.48584448508373,6.10112762,0.0635963008
52,5.94599753889528e-06,1.4102010105691157e-05,5.94599753889528e-06,0.5316951295184135,122.62255625345905,6.22167397,0.0642264709
53,7.226301651438351e-06,1.601958858955118e-05,7.226301651438351e-06,0.578868473308461,121.40851871419969,5.73552942,0.0641638637
50,8.103126701981848e-06,1.7934794227788644e-05,8.103126701981848e-06,0.5979679311898674,119.54318022311382,6.20433378,0.0638429374
55,9.903633096013986e-06,2.1980369027096393e-05,9.903633096013986e-06,0.654259236353966,147.19272612827308,6.14272022,0.0632259622
59,2.0434679504640385e-05,4.436221159832285e-05,2.0434679504640385e-05,0.8832912562478631,171.1789142141955,5.96766663,0.063042976
61,2.1123758087714098e-05,4.648709316818659e-05,2.1123758087714098e-05,0.9174262803275903,184.05556736717878,6.95210743,0.0631574839
61,2.0863482454890034e-05,4.587384898037013e-05,2.0863482454890034e-05,0.9259349116664126,190.89059382247873,6.72958231,0.0631137341
61,1.9725606972390394e-05,4.311991746845241e-05,1.9725606972390394e-05,0.8875206668383749,177.4285551617618,5.95521879,0.0630394593
56,1.4636490566165022e-05,3.226494222307937e-05,1.4636490566165022e-05,0.7472655984063314,151.66124740305114,6.2185421,0.063381061
57,1.5285583872229425e-05,3.400319315958515e-05,1.5285583872229425e-05,0.7679778784524035,157.61528596902016,6.71746111,0.0634774789
60,2.100080705078027e-05,4.617786435972342e-05,2.100080705078027e-05,0.8732017776924611,164.87080684685026,6.24017382,0.0635969713
64,2.1054516294118303e-05,4.6162601252449225e-05,2.1054516294118303e-05,0.9545984524847646,198.9949287799986,6.65747643,0.0630086064
54,6.972334030813777e-06,1.6575269563895317e-05,6.972334030813777e-06,0.5605085752267679,131.66653073486313,6.63803291,0.0629987866
52,7.133341293196068e-06,1.6446907008143865e-05,7.133341293196068e-06,0.5690379314751971,134.15119494752494,6.15911913,0.0629962012
57,7.905979053960972e-06,1.872065692899413e-05,7.905979053960972e-06,0.5790715240444639,138.52380656998344,6.29156971,0.0630251542
56,9.03078136477329e-06,2.0579542965191607e-05,9.03078136477329e-06,0.6224817716185679,143.00126012124758,6.41277313,0.0632640794
48,1.8990754514845303e-06,4.098905028622863e-06,1.8990754514845303e-06,0.4201345529666946,141.53790390079064,3.11837602,0.0638062358
46,2.0557771774638035e-06,4.421626765029818e-06,2.0557771774638035e-06,0.43563413055059,143.22703729404753,3.23264146,0.0632540658
47,2.166617667227419e-06,4.6763618840462175e-06,2.166617667227419e-06,0.43927192140732096,145.85340414343963,3.26513743,0.0633722767
49,3.688579448279243e-06,7.993533246402161e-06,3.688579448279243e-06,0.5077110878262014,148.08595497262178,3.44398856,0.0633755401
51,6.347083348441832e-06,1.3566351152290766e-05,6.347083348441832e-06,0.5741757199363541,138.25894672615166,3.81345439,0.0635937676
49,2.3416086959511753e-06,4.939624236257172e-06,2.3416086959511753e-06,0.448968537482382,139.5025985402552,3.20397592,0.0635127351
52,3.1206095910429518e-06,6.4519276065407335e-06,3.1206095910429518e-06,0.4901930463428684,138.9759951993754,3.22737885,0.0636720359
55,5.418833762079973e-05,0.00013251657672462216,5.418833762079973e-05,0.9538788454651845,136.0580750534228,10.7731962,0.0636702478
53,5.993464984777335e-06,1.2682071633346598e-05,5.993464984777335e-06,0.5707469157697193,137.4466593989707,3.77360344,0.0635901317
61,0.0001656271659148464,0.00040269038142082167,0.0001656271659148464,1.347370806123832,135.2530334816317,15.910491,0.0638862327
64,0.0002582155742681645,0.0006170974721383586,0.0002582155742681645,1.5971670675744913,134.22922780011092,18.2655258,0.0636592954
77,0.001275389906519745,0.0027560413723697295,0.001275389906519745,3.4605426683952083,136.39848939341417,29.2786255,0.0633858144
35,0.00015120323829413357,0.0007323926205493364,0.00015120323829413357,0.42855514013867535,116.30225900826284,60.7630501,0.0637231097
54,4.234236515112347e-06,8.526741267873586e-06,4.234236515112347e-06,0.5090115546639574,125.06044033358563,3.21405244,0.0637534559
57,1.825633360984171e-05,4.1461730811729744e-05,1.825633360984171e-05,0.7145075425567639,126.87112617479605,6.76966572,0.0634963736
70,0.0008711299871214226,0.001928345510220277,0.0008711299871214226,2.835432088938542,131.47429941467465,26.1385708,0.0636758506
49,2.2919293015305847e-06,4.78700529131333e-06,2.2919293015305847e-06,0.4184611959388891,123.47249262180105,3.1870954,0.0637607872
50,2.034482138806652e-06,4.261090029034574e-06,2.034482138806652e-06,0.40439648352697477,122.37395817540015,3.19393301,0.0636801645
51,1.910317286845138e-06,4.05955081453082e-06,1.910317286845138e-06,0.39239223452945415,120.4233505847426,3.19128489,0.0635562688
49,1.7811931257705134e-06,3.757723783928992e-06,1.7811931257705134e-06,0.37495665283080837,114.8365181770535,3.1889751,0.0634157807
51,2.039328999609078e-06,4.1585574888221414e-06,2.039328999609078e-06,0.39238589377652255,112.69880338691883,3.1192975,0.0632317141
50,2.6774895625243704e-06,5.434157634140417e-06,2.6774895625243704e-06,0.42900576878877317,110.90388253565884,3.34325719,0.0635427088
50,2.5055289376371643e-06,5.163640797414543e-06,2.5055289376371643e-06,0.4141817803969594,111.367240958607,3.36059856,0.0633847564
50,3.268445386683345e-06,6.620452877887768e-06,3.268445386683345e-06,0.44569848412482505,111.24632568365257,3.50238633,0.0632806122
49,2.160212912738118e-06,4.429452032471989e-06,2.160212912738118e-06,0.39293784138077875,111.55752505858555,3.27727938,0.0630830675
51,1.977241037994519e-06,4.0878537677446885e-06,1.977241037994519e-06,0.39356808989974906,114.13942257137174,3.22671723,0.0639374107
52,2.0289524879459817e-06,4.241929789832992e-06,2.0289524879459817e-06,0.3997066206967817,117.7461243155106,3.2036922,0.0637305155
53,2.4480076109109394e-06,4.9943353473551035e-06,2.4480076109109394e-06,0.4270940351166461,119.01420217779355,3.11824822,0.0636243895
54,2.123370219053242e-06,4.363117514460959e-06,2.123370219053242e-06,0.4015326655442315,114.0817136851939,3.16258597,0.0642877594
54,2.4710360335865533e-06,5.096217678727656e-06,2.4710360335865533e-06,0.42078880632338594,114.79188214056597,3.34927773,0.0640013963
53,2.7139717388064422e-06,5.544502892313241e-06,2.7139717388064422e-06,0.4370294779537764,116.48027514704488,3.21316695,0.0635835379
51,1.9643405280260607e-06,4.045638143813828e-06,1.9643405280260607e-06,0.3929802472150177,113.86629002292415,3.15545869,0.064019002
56,2.6569878352920476e-05,5.6251083200789697e-05,2.6569878352920476e-05,0.7948143516956737,106.74624194087548,6.83110523,0.0640654713
56,3.8089773487068057e-05,8.079680588939557e-05,3.8089773487068057e-05,0.8883364079964622,106.90728216979431,7.81982994,0.064278163
55,4.669116119702796e-05,0.00010015886501332358,4.669116119702796e-05,0.9350701342018564,106.27582731111958,8.28822803,0.0642607957
57,6.599617592270298e-05,0.00014160920822838463,6.599617592270298e-05,1.0466467064025153,107.50348764755513,9.59981537,0.0642675161
53,3.989363494177635e-05,8.446940721359444e-05,3.989363494177635e-05,0.9170422263259915,109.07971967756212,7.93999481,0.0639806613
57,9.905731081274117e-05,0.00021270450927196092,9.905731081274117e-05,1.2029809826114397,108.23249881852145,11.2758045,0.0643267557
50,3.4338548677561024e-06,6.909218195133023e-06,3.4338548677561024e-06,0.4504791277411201,109.49642675182676,3.414711,0.0637328699
52,9.280577078099402e-06,1.947698038219332e-05,9.280577078099402e-06,0.5753795243060948,107.94498557771149,4.64181471,0.0637612268
52,1.215234220890263e-05,2.5638331155573223e-05,1.215234220890263e-05,0.6193159549007426,107.18816392365744,5.01246929,0.0637411103
55,1.8620086797785896e-05,3.951646542137081e-05,1.8620086797785896e-05,0.6960066985124214,105.58773604286512,5.68422651,0.0642399341
56,2.504683495881732e-05,5.3569895135201844e-05,2.504683495881732e-05,0.7631039707838833,106.03683556327478,6.58308029,0.0636777207
55,3.831222843756487e-05,8.275961667675813e-05,3.831222843756487e-05,0.857603846591464,104.66133116708038,7.56396532,0.063765876
54,1.8846572038208684e-05,4.01630292773318e-05,1.8846572038208684e-05,0.694435090027525,106.2018105141539,5.63171148,0.0637864545
56,3.709129463199389e-05,8.052970140207606e-05,3.709129463199389e-05,0.8382795498696635,104.8766844609561,7.65633154,0.0641043708
56,4.698801986913322e-05,0.00010162923141822417,4.698801986913322e-05,0.9184885395826744,106.12724149606265,7.98776579,0.0638287961
55,5.301106263322278e-05,0.00011463302296926424,5.301106263322278e-05,0.9514040924807079,104.74692182006316,8.47395039,0.0640431195
55,5.105638516468975e-05,0.00011043880178081977,5.105638516468975e-05,0.9439560777616258,105.48121963130892,8.45496559,0.0641244426
53,4.592342988589017e-05,9.851176948639456e-05,4.592342988589017e-05,0.9237367670308233,105.57963981157674,8.2469492,0.064559862
57,9.21964122627973e-05,0.00019975785679559813,9.21964122627973e-05,1.136161257004705,104.68811248370439,10.4205589,0.0646313578
51,4.8678837535147405e-06,9.823394569045979e-06,4.8678837535147405e-06,0.49564606686703294,108.86494533686827,3.72659874,0.0637623742
51,5.967444498204959e-06,1.2247296080432215e-05,5.967444498204959e-06,0.5189739135805618,109.23033105036109,4.01050997,0.0637490526
57,4.05152606467089e-06,1.1247715812218978e-05,4.05152606467089e-06,0.5345659871727988,331.29196603209243,3.68638515,0.0633777454
64,0.0009786601443347864,0.005363660652054092,0.0009786601443347864,1.635890409595636,342.73321692978715,172.304779,0.0632400364
51,2.1855394670587424e-06,6.6874494254766176e-06,2.1855394670587424e-06,0.43215608993279386,332.26891769609546,3.35863447,0.0634159371
52,1.7609272073875083e-06,5.4990766918250735e-06,1.7609272073875083e-06,0.409368366786168,336.2528456022066,3.21843028,0.0633360967
55,1.1158637777442135e-06,3.448925530178623e-06,1.1158637777442135e-06,0.3968059530373677,337.87020401998547,4.10341835,0.0636602491
52,2.0728305311308346e-06,6.384548211715431e-06,2.0728305311308346e-06,0.4231098758350287,335.3217982279581,3.35111427,0.063411057
51,1.3903045617804635e-06,4.325603740233742e-06,1.3903045617804635e-06,0.40610207093164397,332.94588956812396,3.19886923,0.0638742074
49,1.3392484419511207e-06,4.1956144098325235e-06,1.3392484419511207e-06,0.3995958159706281,337.1888613971088,3.16500211,0.0634539202
114,1.2843803051443469e-05,3.570879162418481e-05,1.2843803051443469e-05,1.6077669895741133,466.2061627484682,9.96706867,0.0634401888
83,0.00036342936938220155,0.00168491492596213,0.00036342936938220155,2.0581461022917567,340.19630475167963,79.1385727,0.0635352954
72,0.001968984691377701,0.008632647623534929,0.001968984691377701,2.6590927031260008,336.18590570625315,156.219086,0.0633545741
54,3.633802711337457e-06,1.0234961889843378e-05,3.633802711337457e-06,0.5123317766379462,320.8704287269482,3.6081183,0.0631736293
64,2.5584869546010667e-05,5.778088289543525e-05,2.5584869546010667e-05,1.091617116269783,238.31880749820596,6.81951189,0.0629945323
66,2.5381788635815628e-05,5.6748662186188234e-05,2.5381788635815628e-05,1.0788850176569609,229.60667024085743,7.47189093,0.0630662963
68,2.2214404139772352e-05,4.8893449896562646e-05,2.2214404139772352e-05,1.0514821085957555,223.3580669335392,6.65160131,0.0634542331
66,2.1031389303957014e-05,4.611750466956949e-05,2.1031389303957014e-05,0.9975159220430391,211.80852894336792,6.67050171,0.0633658245
67,2.2040007268429825e-05,4.867634378059457e-05,2.2040007268429825e-05,0.9903683858446043,203.93959581474542,6.93670988,0.0630447641
70,5.6776364246498076e-05,0.00017981825880459076,5.6776364246498076e-05,1.247628023525154,256.2750270914896,23.330555,0.0632303655
71,2.3840366708222763e-05,5.53173373709596e-05,2.3840366708222763e-05,1.0983996835917036,246.78494886484054,8.08973598,0.0633434206
73,9.427307173362877e-05,0.00040426276084285157,9.427307173362877e-05,1.2426428799013065,262.549056619525,44.2909164,0.0633351654
67,3.568899451083499e-05,0.00010224001556497346,3.568899451083499e-05,1.122512251090057,274.21043396714396,16.9260731,0.0633744001
67,2.516029520280105e-05,6.547869697355278e-05,2.516029520280105e-05,1.038139765236429,280.76019806265884,11.0929708,0.063389577
67,2.0423683064939745e-05,5.176490573254943e-05,2.0423683064939745e-05,0.9960292833160472,293.38471028337545,7.45681858,0.0636520535
67,2.1159618096346416e-05,5.2738248024823047e-05,2.1159618096346416e-05,1.0211014223236317,287.6930024802677,8.14367008,0.0634220913
70,2.85231238486214e-05,7.370388259019447e-05,2.85231238486214e-05,1.1671982634279203,309.37841833173604,10.9338112,0.0634197146
78,0.0001752880954305654,0.0008288159244042995,0.0001752880954305654,1.5997272623352292,321.01498701782106,79.5423889,0.0637118965
68,0.001008203982676524,0.0059834404169447275,0.001008203982676524,1.9951776634338252,321.0235389403932,181.663742,0.063592203
72,7.636181009263857e-06,2.3618507033016535e-05,7.636181009263857e-06,0.7815670079840252,333.89923164815866,8.23399258,0.0638170391
81,9.266616942802022e-06,2.7092965531188687e-05,9.266616942802022e-06,0.9627842712437361,353.50174280900376,7.98996782,0.0640858561
52,3.1460109248558144e-06,1.0814624902440427e-05,3.1460109248558144e-06,0.42697262507746775,315.21312079907983,5.95205498,0.0637767315
48,3.468046683816737e-06,1.2180096266256038e-05,3.468046683816737e-06,0.44262428167095,313.69928452814077,5.85203362,0.0636651516
51,2.7837580159054365e-06,9.72860281955009e-06,2.7837580159054365e-06,0.446577992782824,318.4933982181294,5.63882208,0.0643415228
147,3.45364722271079e-05,6.734027517544535e-05,3.45364722271079e-05,3.358660540968532,529.0527254947808,7.65121508,0.0647288486
185,5.002357280407055e-05,0.0001316137478793569,5.002357280407055e-05,3.152139808151658,662.6787191997663,10.5047436,0.0641478822
106,1.3071703894319436e-05,3.179623599743966e-05,1.3071703894319436e-05,1.762460735986809,452.5334485804401,7.75006914,0.0640239716
83,8.802019933766146e-06,2.5973253484361573e-05,8.802019933766146e-06,1.0439803060348904,378.73662192405135,7.64045572,0.0643876195
81,9.457717786725629e-06,2.7697191237351685e-05,9.457717786725629e-06,1.0387551940119708,369.5624593195909,7.86799669,0.0645079389
76,8.242565102665938e-06,2.4659609421489532e-05,8.242565102665938e-06,0.8407749321445588,339.3857620810252,7.76108551,0.0636465326
74,7.585146624907564e-06,2.3113378631072707e-05,7.585146624907564e-06,0.8440042070803502,344.4924987757467,7.83886194,0.0638729334
77,7.295859464183066e-06,2.219105128877775e-05,7.295859464183066e-06,0.7756088473997301,332.49934384339673,7.89491653,0.0635929927
42,1.7234526164578469e-06,5.094817017977682e-06,1.7234526164578469e-06,0.390597849733288,281.89654002865467,3.04950142,0.063284941
42,1.6160523908208903e-06,4.735147720990135e-06,1.6160523908208903e-06,0.3910431429046748,279.6957975252923,2.86300945,0.0631179139
47,1.6034017915266203e-06,5.035247825550106e-06,1.6034017915266203e-06,0.38386143124716293,285.6737692302868,3.64207435,0.0636530071
88,1.0688073917353605e-05,2.5439560730731783e-05,1.0688073917353605e-05,1.1485439833527955,338.22157824956435,7.85863829,0.0637929142
48,1.1840881581812526e-06,3.6332092274349416e-06,1.1840881581812526e-06,0.3800260879158891,289.27414671605555,3.10784578,0.0636035949
82,7.143509516655717e-06,2.1311291622560965e-05,7.143509516655717e-06,0.8161852551643308,333.1952568365214,8.15438938,0.0635423362
86,1.1256046171063707e-05,2.7543222846524068e-05,1.1256046171063707e-05,1.1190810400337077,337.62622782395397,8.18758583,0.0635662451
42,1.7920760671514292e-06,5.12516836925722e-06,1.7920760671514292e-06,0.41081038471389103,274.72893386514636,3.02673435,0.0634774566
45,1.4446364844183565e-06,3.6465944085879103e-06,1.4446364844183565e-06,0.4334851336290515,268.4853769899393,2.22615933,0.0633164942
48,1.8132021377402158e-06,4.977350830826681e-06,1.8132021377402158e-06,0.4322635500238446,271.43892801314433,2.88721395,0.0635760128
49,2.1125041932128953e-06,6.535982388759574e-06,2.1125041932128953e-06,0.42881091390487625,274.4258933789404,5.2480278,0.0636366159
45,1.4255050574717027e-06,4.18829327116448e-06,1.4255050574717027e-06,0.3903356992065769,278.8840598044146,2.85876942,0.0637088194
97,2.3477887596136942e-05,4.1551055973201926e-05,2.3477887596136942e-05,2.0034869779850233,328.5545237923361,5.50631094,0.0634580255
213,0.0018613485470812918,0.006011357294182057,0.0018613485470812918,5.286306709402389,532.6614085222172,60.2719955,0.0639798492
49,3.1642428642746354e-06,1.1021206140598028e-05,3.1642428642746354e-06,0.429517205590923,318.23936206923656,5.650383,0.0638343543
199,4.2281880797433616e-05,0.00019154394481827794,4.2281880797433616e-05,2.5038138321723125,750.9134859919815,24.4597073,0.0642268732
197,1.7808119748078362e-05,4.1081656519694425e-05,1.7808119748078362e-05,2.946869762291142,679.33571076162,7.71514177,0.0647268742
161,7.748834233334121e-05,0.00023722247627493641,7.748834233334121e-05,2.85483162111646,522.83371360482,27.5032234,0.0646068081
218,4.5473809263535887e-05,0.00011389424796225407,4.5473809263535887e-05,3.657517127994167,764.0191599403405,8.22390652,0.0650866702
76,0.0006987752518104238,0.003644968685826528,0.0006987752518104238,0.9933005844755469,333.3961548065644,106.220558,0.0641966239
74,0.0005497843860355159,0.003167078755377614,0.0005497843860355159,0.9156950678567773,347.51253936795325,109.091179,0.0648745745
190,4.047911011335191e-05,0.00010540881881663229,4.047911011335191e-05,2.8871462701046298,688.0753724249937,8.36391354,0.0640130043
195,5.06293012836184e-05,0.00013967845696447064,5.06293012836184e-05,3.022603380920834,701.3332416144983,12.4019241,0.0638109669
197,5.4850112840189204e-05,0.00015904966819979083,5.4850112840189204e-05,3.0124604479311325,693.72961134525,15.9814215,0.0637895688
86,9.084610486371556e-06,2.9848723016006064e-05,9.084610486371556e-06,0.9642770841708183,396.59965382740666,9.4870491,0.0639660358
72,1.0327062550866824e-05,2.592096430574183e-05,1.0327062550866824e-05,0.7597987226629228,243.55859148004777,6.74367523,0.0633583441
72,8.003654216816631e-06,2.172999103056731e-05,8.003654216816631e-06,0.6975097548282306,242.73510116513742,7.34425592,0.0635738522
72,7.376000170919616e-06,2.096347722423356e-05,7.376000170919616e-06,0.6643009091338639,240.05733893574853,7.73967505,0.0637271553
73,6.8938783388160885e-06,1.965169716732314e-05,6.8938783388160885e-06,0.66580125625186,238.6503201022715,7.56171274,0.0635972247
67,6.896395585369549e-06,1.9165468290240502e-05,6.896395585369549e-06,0.6395286221229526,232.84838470537923,6.94258308,0.0630297586
71,6.414936926110987e-06,1.8066258932553695e-05,6.414936926110987e-06,0.6050654582578351,227.8876852043775,6.90227032,0.0635733232
65,6.499223935057126e-06,1.8698180633792286e-05,6.499223935057126e-06,0.5865145994947805,222.87794635103077,7.2335434,0.063682951
67,6.384948689991289e-06,1.7729966030043352e-05,6.384948689991289e-06,0.5913107383901873,217.55242923882716,6.81264257,0.0630763024
67,6.6588592991469e-06,1.872493436762231e-05,6.6588592991469e-06,0.5964564143052785,220.72604411803835,7.18590689,0.0636068732
66,7.514071573931058e-06,1.948343015956243e-05,7.514071573931058e-06,0.6364207584586556,209.06198537874823,6.59832716,0.0634161085
60,2.7978815846853788e-05,6.676697716406511e-05,2.7978815846853788e-05,0.9225220720755452,203.17595179669772,7.57363272,0.0634292215
65,1.170451580742483e-05,2.819323771162919e-05,1.170451580742483e-05,0.737496257404757,206.937531580848,6.46561241,0.0633295029
63,6.725499078869948e-06,1.887940771483663e-05,6.725499078869948e-06,0.6008158017887635,214.9374732042915,6.83423424,0.0632362887
68,8.398277969398934e-06,2.1829527549447144e-05,8.398277969398934e-06,0.6628969379081256,212.04687199958104,6.9216671,0.0636050105
61,3.0488966777888387e-05,7.25557735225196e-05,3.0488966777888387e-05,0.9338268959873945,197.7350717107808,7.53183699,0.0631130636
69,5.342323915556445e-05,0.00012875618153712783,5.342323915556445e-05,1.1160539089109467,202.38439415442647,9.74706268,0.0635032207
59,3.9505933688689246e-05,9.500109358422848e-05,3.9505933688689246e-05,0.9668282148743994,185.28614514111305,8.11073589,0.0632015914
56,4.177401978546027e-05,0.00010139528888878227,4.177401978546027e-05,0.9672413821309198,182.1426144444334,8.17170715,0.0630766526
60,6.025109877474877e-05,0.00014563892458012765,6.025109877474877e-05,1.1104844494354709,189.56156236532055,9.75840187,0.0631284937
62,6.0507576683140763e-05,0.00014586777349852686,6.0507576683140763e-05,1.125644436940824,193.00408176869306,9.66156101,0.0631769672
64,5.815650303094919e-05,0.0001396048414142811,5.815650303094919e-05,1.128188191129287,196.0548278001904,9.6136446,0.0632675067
55,3.512976049444573e-05,8.491990927528623e-05,3.512976049444573e-05,0.9181132666765891,180.809840827907,7.59998178,0.0631386414
85,2.2927435842581514e-05,4.4907846681630794e-05,2.2927435842581514e-05,1.7454833304721293,313.4423309161553,7.90004778,0.063608937
83,2.313031233387706e-05,4.535141250770854e-05,2.313031233387706e-05,1.6708825084608208,304.913404796879,7.2154541,0.0640483052
80,1.9228808715061443e-05,3.911756256747326e-05,1.9228808715061443e-05,1.3552201148931844,286.72393520030005,5.45150232,0.0639383793
81,1.5078658793127076e-05,3.2597298144098365e-05,1.5078658793127076e-05,1.147521285259719,278.9814484969305,5.67096424,0.0638672337
76,9.140560673977522e-06,2.345405431547919e-05,9.140560673977522e-06,0.8147532542179216,259.6847523493046,6.50072289,0.0641302466
75,9.126656882546331e-06,2.384755220150097e-05,9.126656882546331e-06,0.819090193997096,256.91390299771405,6.92651939,0.0643587783
78,1.1522334834738477e-05,2.640369185600623e-05,1.1522334834738477e-05,0.9966791688477238,274.18021183622324,6.23818541,0.0641423091
77,1.1884219832276167e-05,2.9171188805458537e-05,1.1884219832276167e-05,0.9545539722684809,266.80297922828925,6.9564333,0.0641141236
83,1.1177568848330035e-05,2.599347735869823e-05,1.1177568848330035e-05,1.007741535932008,275.9157742632919,6.46308899,0.0645428821
70,8.395280839474794e-06,2.3446335543875104e-05,8.395280839474794e-06,0.7250976757773411,247.89123057489493,7.76184416,0.0641713366
77,8.718159611701928e-06,2.307756556852538e-05,8.718159611701928e-06,0.7804984276208693,253.31709207245885,7.12897301,0.0644215122
59,2.4624086242894164e-05,5.891374617680832e-05,2.4624086242894164e-05,0.8224947306069533,174.74908127651693,6.6841507,0.062809974
56,4.1017099855468556e-05,9.933680684042649e-05,4.1017099855468556e-05,0.9564208848200699,178.43854900194532,8.14213467,0.0631465688
56,1.4863484180218542e-05,3.478854850746696e-05,1.4863484180218542e-05,0.7234806328226588,171.31623046250937,5.61872721,0.0631652549
54,1.4111957759733966e-05,3.289408008491741e-05,1.4111957759733966e-05,0.7126299524159821,169.1719820468478,5.54111671,0.0631918088
54,2.644065493465982e-05,6.32399311665102e-05,2.644065493465982e-05,0.8305064408186907,168.6123143747517,6.94592619,0.0634912997
58,3.7415725506848344e-05,9.04651423138658e-05,3.7415725506848344e-05,0.9089697350456603,167.3174819449764,8.2064743,0.0631096363
56,3.2623084192597246e-05,7.88951330833635e-05,3.2623084192597246e-05,0.865323077734348,164.15018899341644,7.87480068,0.0630574599
54,3.6213576419070746e-05,8.800008554950167e-05,3.6213576419070746e-05,0.8838507268526735,162.1777489217513,8.29521179,0.0634244829
55,5.49322368403069e-05,0.00013439199980507562,5.49322368403069e-05,0.987923563784414,160.6576644070967,9.73173141,0.0636043027
53,3.292081044634829e-05,7.954980403457711e-05,3.292081044634829e-05,0.8552385762544741,158.1356017925868,8.02067089,0.0637555197
50,2.0638453006401696e-05,4.863132830844666e-05,2.0638453006401696e-05,0.7605662474852659,154.80129590753637,6.2241292,0.0637122914
52,1.834571032798174e-05,4.293070099182128e-05,1.834571032798174e-05,0.7348497741842206,152.66694898746795,5.89619732,0.0635594949
51,8.953983163387166e-06,2.015054318453982e-05,8.953983163387166e-06,0.6180166547780689,149.87497194669024,4.90543222,0.0636029243
51,9.923817084881444e-06,2.0994113886812588e-05,9.923817084881444e-06,0.6391349829993402,117.3772436374465,5.84471607,0.0635401234
51,1.2715437307485065e-05,2.6214969591084616e-05,1.2715437307485065e-05,0.6772595884037774,112.24691885627888,5.03535318,0.0640871152
50,2.4637378510812752e-05,5.129208020331104e-05,2.4637378510812752e-05,0.8093652996224936,110.90313333097583,6.46908283,0.064307712
54,2.0082506204213087e-05,4.184872598292179e-05,2.0082506204213087e-05,0.7689090962606795,113.32345721161435,6.16486216,0.0637091473
54,1.4554762927150171e-05,2.9980382769637513e-05,1.4554762927150171e-05,0.7097662731544786,113.67323636019938,5.30996561,0.0637059882
55,2.3961700974886185e-05,4.9769754493416695e-05,2.3961700974886185e-05,0.8218804993719182,114.81235011141699,6.54717159,0.0644754171
57,3.583196157554483e-05,7.54664834758796e-05,3.583196157554483e-05,0.9208942276066953,116.77509365758728,7.80283737,0.0640775859
55,1.6222175521682717e-05,3.387895918797123e-05,1.6222175521682717e-05,0.7356870531456529,118.38651034471769,6.33165359,0.0637668446
53,5.8308485169189036e-05,0.00012478467638678208,5.8308485169189036e-05,1.0184655381348602,109.76584534858286,9.15052795,0.0642189533
50,7.643426370063135e-06,1.7894363966700483e-05,7.643426370063135e-06,0.577963362068485,127.78834372574086,6.60560036,0.0633497834
54,7.3999443514792975e-06,1.737530890135787e-05,7.3999443514792975e-06,0.5707764834637181,125.4817329996053,6.68952608,0.0637415498
51,7.40147601366995e-06,1.6959006879357823e-05,7.40147601366995e-06,0.5741540690242473,122.6717435188566,6.51201773,0.0638984367
53,1.4720857002592065e-05,3.125478635328079e-05,1.4720857002592065e-05,0.7170439331349234,120.8972340874427,7.08316326,0.0640653297
56,1.9835640022316018e-05,4.1580274997780696e-05,1.9835640022316018e-05,0.7843860728525008,119.95255913328772,6.87309361,0.0640643165
57,1.059413953329715e-05,2.400753857897742e-05,1.059413953329715e-05,0.6666072223939673,147.95994764320963,7.12278366,0.063613072
59,1.1376539167890868e-05,2.557284879358691e-05,1.1376539167890868e-05,0.6772503062626741,144.63035704359424,6.59824371,0.063648656
63,1.879854854731789e-05,4.097579833195055e-05,1.879854854731789e-05,0.86987684715801,172.08255139730335,6.25396204,0.0632514209
68,2.0312488434234845e-05,4.4764451178236956e-05,2.0312488434234845e-05,0.9311204215194975,185.27883584911626,7.51020384,0.0632527471
62,1.9635984436806345e-05,4.332360053999261e-05,1.9635984436806345e-05,0.9264969562174507,191.7677365889811,7.13945484,0.0632543936
64,2.1229921141653744e-05,4.713834968453505e-05,2.1229921141653744e-05,0.964337965014604,197.45297230322325,7.18283606,0.0629564822
67,1.7865998552828765e-05,3.985376448328987e-05,1.7865998552828765e-05,0.8724740615135866,178.47207912182552,7.40624905,0.0633210242
58,1.3401551371088553e-05,3.011143148561004e-05,1.3401551371088553e-05,0.7285300854545481,153.2256636979262,7.2984314,0.063356109
56,2.0036519964414904e-05,4.3919459784382135e-05,2.0036519964414904e-05,0.851294376283157,159.87474837567953,6.22502089,0.0633166581
64,1.8614251533689763e-05,4.040619547422041e-05,1.8614251533689763e-05,0.8625498530626484,166.56787856496697,6.22397423,0.0633936822
54,7.686833532808506e-06,1.8126294890508546e-05,7.686833532808506e-06,0.5822507151604003,130.12386135369624,6.81390285,0.0636943206
52,7.048527039765554e-06,1.6760607310089535e-05,7.048527039765554e-06,0.5615566734226087,132.98489646921954,6.41878653,0.063356854
57,8.513117199452306e-06,2.1152400485926987e-05,8.513117199452306e-06,0.5773085203906436,136.37866913342953,6.73179913,0.06356363
56,7.911481621192283e-06,1.8934908067197115e-05,7.911481621192283e-06,0.5799357814854531,140.03313593846022,6.88023949,0.0635238737
57,1.043987104121245e-05,2.4703659630235433e-05,1.043987104121245e-05,0.6503102731777276,144.39172126279965,7.65235901,0.0638465062
49,2.160319110253637e-06,4.644089951242432e-06,2.160319110253637e-06,0.43704211876151405,141.86647044843141,3.21622634,0.0635330305
47,2.7301466335253794e-06,5.9083639290551715e-06,2.7301466335253794e-06,0.46537207186965485,144.9706120680125,3.21441221,0.0635401607
49,3.1008751628428708e-06,6.725715698861371e-06,3.1008751628428708e-06,0.4774289141649667,143.85878718652268,3.39407849,0.0635626912
51,3.999948114800583e-06,8.654834901022936e-06,3.999948114800583e-06,0.516596810410094,147.64018499565861,3.7910974,0.0635255799
49,2.3711721997374924e-06,5.023972798259469e-06,2.3711721997374924e-06,0.4448760610395401,139.8399800204367,3.217767,0.0637336075
52,3.558309464794372e-06,7.434630723982592e-06,3.558309464794372e-06,0.5027111243523362,140.03409613811385,3.23899865,0.0643165186
53,4.412693927830758e-06,9.187747811766856e-06,4.412693927830758e-06,0.5309733142378271,138.23821798262136,3.43920898,0.0644301623
54,2.249558359550335e-05,5.294174359636739e-05,2.249558359550335e-05,0.7587618380355603,135.5384443832583,7.43509293,0.0637778714
51,7.426799635374005e-06,1.5903712415722318e-05,7.426799635374005e-06,0.5967413384812335,136.64560577698876,3.91127324,0.063840799
56,5.277177274756152e-05,0.0001280693090024713,5.277177274756152e-05,0.9429281149554667,134.18513647169038,10.5690479,0.0636629909
59,0.0002463266373879227,0.0005883726842363422,0.0002463266373879227,1.570288214539422,133.43406136969426,17.9401817,0.0638790727
64,0.0006619882218049193,0.0014954993913335712,0.0006619882218049193,2.4497686852785505,133.65353718220072,24.0617867,0.0637799278
80,0.0016947006896753474,0.003552415814149021,0.0016947006896753474,4.129738941971697,136.32336127199167,31.9688644,0.0638563484
34,7.089147148057394e-05,0.00032762533638828594,7.089147148057394e-05,0.3926167990371702,115.84819815411983,46.9306793,0.0639099032
59,8.220292813097253e-05,0.00019773509476119812,8.220292813097253e-05,1.0600871518719603,126.11192088905526,12.7333565,0.0639890134
54,1.3535091987763405e-05,2.975301314023611e-05,1.3535091987763405e-05,0.6646220558648549,123.40759989539863,5.73906088,0.0642002821
83,0.0018299422639200683,0.003785494138077033,0.0018299422639200683,4.340826140509459,133.97950828483883,33.1731987,0.0637594908
53,3.5635183979149675e-06,7.186937544438641e-06,3.5635183979149675e-06,0.48275376726306435,121.40102404990988,3.20043206,0.0642492622
52,3.287192277811427e-06,6.656199810469905e-06,3.287192277811427e-06,0.46866746184465896,119.64585427193427,3.21785927,0.0638508499
54,2.4280765002280687e-06,4.930346506582222e-06,2.4280765002280687e-06,0.4172226478059358,112.66291978553046,3.14358211,0.0638493374
51,2.976480569146428e-06,6.049709031383804e-06,2.976480569146428e-06,0.4384166939498475,111.62859605005632,3.26552606,0.0636070222
53,4.554346305016589e-06,9.312568586209995e-06,4.554346305016589e-06,0.49332424503827715,109.98957805780954,3.91632485,0.0638283491
54,5.944419634349289e-06,1.221205667090975e-05,5.944419634349289e-06,0.5219832828891406,109.08795833335299,4.24199057,0.0637490004
53,6.0377056698162526e-06,1.2467014783037732e-05,6.0377056698162526e-06,0.5202806322971925,109.59867650067234,4.1766715,0.0636115745
54,6.6627736430017595e-06,1.3757419559084048e-05,6.6627736430017595e-06,0.5310933662789549,109.95508924670577,4.12764072,0.0633992627
54,5.975018586570497e-06,1.2289785504905304e-05,5.975018586570497e-06,0.5178392504894576,109.49091233908543,4.08355331,0.0635392219
56,2.578197873920122e-06,5.2536481984119355e-06,2.578197873920122e-06,0.4239705742805584,113.05123792890448,3.23069668,0.0641577095
53,2.6141693766474544e-06,5.338750078101373e-06,2.6141693766474544e-06,0.42825682982876956,111.9012358168309,3.31254578,0.0641336888
53,3.4367844377357447e-06,6.950793578864632e-06,3.4367844377357447e-06,0.4703758053008357,117.30350765200913,3.35387802,0.0638264269
55,8.798588037240543e-06,1.850112912988196e-05,8.798588037240543e-06,0.5964572250831333,118.70137847310994,4.24076033,0.064303495
56,2.7872542610978988e-06,5.682677755207847e-06,2.7872542610978988e-06,0.4380769491945709,112.93141207257077,3.44112873,0.0645026565
52,3.6847655224069036e-06,7.487984084333555e-06,3.6847655224069036e-06,0.4758484677289485,114.72461388365193,3.52011752,0.0640120581
58,4.8987694975682196e-06,9.934857511466233e-06,4.8987694975682196e-06,0.5158530947650958,115.95314998646909,3.50587082,0.0641153753
58,7.914861340680115e-05,0.00017044673223576452,7.914861340680115e-05,1.1003453214333783,106.3788680234366,10.0532198,0.0639984533
59,9.423382674882606e-05,0.00020333408410402146,9.423382674882606e-05,1.1570171679577284,105.4819751607861,10.6475325,0.0641375482
62,0.00012107856898758254,0.00026114758405450104,0.00012107856898758254,1.265511814261789,105.94853439718271,11.8840218,0.0647119433
57,0.0001213572222967828,0.00026062152754784243,0.0001213572222967828,1.2817292231453696,106.92242580825692,11.7841196,0.0645828322
56,7.525912262482233e-05,0.00016097912140172716,7.525912262482233e-05,1.1077805969325145,108.87197819544244,10.0125055,0.0644701496
64,0.00017997475095598295,0.0003860145357149059,0.00017997475095598295,1.4782560170408263,108.1905751090632,13.8155994,0.064984493
59,0.00017126701099829362,0.00036645600471653145,0.00017126701099829362,1.4594678002432668,108.72690966716075,13.9072008,0.0652043372
55,0.00014063171472374568,0.0003014482019673079,0.00014063171472374568,1.361874888008739,109.31723110644144,12.9279041,0.0643664226
53,1.1477377624614689e-05,2.4208796510351276e-05,1.1477377624614689e-05,0.6087702184582244,107.28564045078689,4.72952795,0.0638226792
55,2.05579858039526e-05,4.422668851672245e-05,2.05579858039526e-05,0.7085258014873262,105.90251379187498,6.08315802,0.0637755543
56,5.752088807542719e-05,0.0001264362478687393,5.752088807542719e-05,0.9518391390099893,104.66577423468408,9.45986652,0.0638883784
57,3.6212348311033754e-05,7.846945848490244e-05,3.6212348311033754e-05,0.8341545786075153,104.46432669363489,7.58038139,0.063951984
59,8.351329479966443e-05,0.0001814467540034298,8.351329479966443e-05,1.093320824810549,103.81152222738065,10.4402771,0.064248383
60,0.0001109573885883004,0.00024144204579489177,0.0001109573885883004,1.1915168280456274,103.52701198336705,11.594121,0.0639914274
56,3.475548833320577e-05,7.566636096622417e-05,3.475548833320577e-05,0.8144532340024904,104.97639550130988,7.37846136,0.0639982298
62,8.451668421840124e-05,0.00018494010162497366,8.451668421840124e-05,1.079055992761891,103.76401170282111,10.5834665,0.0646818951
62,8.231142651697368e-05,0.0001793252329836603,8.231142651697368e-05,1.0717929778564295,103.36530269398924,10.3609867,0.0645619482
58,8.63732012989502e-05,0.00018756668263147472,8.63732012989502e-05,1.110849085507191,104.70257945695333,10.2908325,0.064397499
60,0.0001403392200368935,0.00030394180669485535,0.0001403392200368935,1.3033547756488422,103.64948202435129,12.4706011,0.0646262318
60,0.00010260321208409807,0.00022182474916066576,0.00010260321208409807,1.1825824762929227,104.97546414665098,10.7544184,0.064401038
62,0.0001816920310693005,0.00039188752399154606,0.0001816920310693005,1.4419337704487052,104.61737021808277,13.6616488,0.0642025769
62,0.00013934567407502502,0.00030199099499502406,0.00013934567407502502,1.3048430365852168,104.23056511643748,12.5817366,0.0646146163
55,1.3743187669349067e-05,2.9241105743695616e-05,1.3743187669349067e-05,0.6357684938288576,107.27917914915214,5.00304556,0.0641749576
56,1.7636810546186513e-05,3.791820725294657e-05,1.7636810546186513e-05,0.6756359948034593,107.27969035487956,5.65016508,0.0637416765
50,2.235892585711454e-06,6.8607160607075305e-06,2.235892585711454e-06,0.4279224553627673,327.4302099530287,3.3687861,0.0635178462
50,2.2486964537407514e-06,6.841125484534993e-06,2.2486964537407514e-06,0.4350900317909935,322.7827525840957,3.4785347,0.0633507594
54,1.6364515948089422e-06,5.436784996401347e-06,1.6364515948089422e-06,0.42278563792643464,332.72418187624805,7.0138526,0.0639758632
53,1.3540443421897477e-06,4.527259250422363e-06,1.3540443421897477e-06,0.40786625047803193,338.8674633489804,6.72864914,0.0638243034
54,1.1943811485053324e-06,3.8276663562566986e-06,1.1943811485053324e-06,0.40368088354324805,337.22452825287183,5.30527973,0.0639841929
80,9.406043048463361e-06,3.135909134557851e-05,9.406043048463361e-06,0.8816020712095884,376.8584349633481,9.68813133,0.0642058477
82,9.328730142632989e-06,3.064923152453512e-05,9.328730142632989e-06,0.919983973729577,384.9529117590167,9.97640038,0.0636113212
86,8.78696207437363e-06,2.8490737753981753e-05,8.78696207437363e-06,0.9618249424656646,396.92192439010387,9.48108864,0.0636697188
85,8.467227841676854e-06,2.802982893513716e-05,8.467227841676854e-06,0.8911416252114488,384.9583418397826,9.40980625,0.0639690459
47,2.3535016451378147e-06,6.848054270978228e-06,2.3535016451378147e-06,0.458233750518673,309.35303701519194,3.34655905,0.0637380853
46,2.4519798508822767e-06,7.066345192105106e-06,2.4519798508822767e-06,0.46694157987754237,305.0784254511418,3.48204851,0.0636989698
52,1.6058161386527717e-06,4.9942865246333e-06,1.6058161386527717e-06,0.4209839200876059,318.38365787566346,3.43397403,0.0640884489
49,1.4858926542837093e-06,4.607090833582002e-06,1.4858926542837093e-06,0.4180832371094285,322.1730647266525,3.29624605,0.0639634803
68,2.4749582487969086e-05,5.4553680115926336e-05,2.4749582487969086e-05,1.113590776188465,232.62361061304017,7.07285452,0.0633613765
67,2.2152581343287786e-05,4.7729377800187954e-05,2.2152581343287786e-05,1.065208115864009,215.61690939365613,6.56654787,0.0636698753
41,2.9292908997162123e-06,8.990578702886234e-06,2.9292908997162123e-06,0.4102967654517958,205.68315949563961,6.08023548,0.0637346357
44,3.083498554802807e-06,9.537736369020044e-06,3.083498554802807e-06,0.42121639625755375,214.7087546802478,6.3186965,0.0637167543
65,2.2129402765997448e-05,4.791055260512022e-05,2.2129402765997448e-05,1.0392681935938102,207.51815565094358,6.85070992,0.0633134916
47,5.421016850004505e-06,1.6887568321763056e-05,5.421016850004505e-06,0.5024978228369621,238.95254255397904,6.88208008,0.0635838285
45,4.089760293700669e-06,1.288242658371413e-05,4.089760293700669e-06,0.4619984775236269,230.1352581279786,6.53665161,0.0636992827
46,3.873189560245368e-06,1.2382134468966689e-05,3.873189560245368e-06,0.439710431280506,223.19087191705597,6.48274183,0.0635925457
50,4.557056046475264e-05,0.00019929260307096066,4.557056046475264e-05,0.657962678233037,250.8955635150502,28.6622066,0.0641555116
76,8.462530504719643e-05,0.00033487316965025084,8.462530504719643e-05,1.3315193820758622,275.70543977941037,44.6569099,0.0643094182
72,3.33689573806936e-05,9.403824466785738e-05,3.33689573806936e-05,1.1466781743017311,284.06638232934444,19.2816772,0.0636235252
69,2.3122329279732187e-05,5.8675980739971795e-05,2.3122329279732187e-05,1.0718248254947798,297.76604841214595,8.19173241,0.0634078756
68,2.415185844476739e-05,6.236287852765058e-05,2.415185844476739e-05,1.087076418068363,294.20371463874864,9.76322365,0.0635609403
71,3.203287970414433e-05,8.810734117538421e-05,3.203287970414433e-05,1.20260054538442,306.84396607915,18.8193283,0.0638446808
78,0.00023535174419571492,0.0011621716437824807,0.00023535174419571492,1.6645951969782975,318.8932316951014,74.7790527,0.0633321106
71,0.000978267087621212,0.006345026649189745,0.000978267087621212,1.7629976785768522,316.9176019892305,201.886047,0.0643211305
48,1.838605396604736e-06,5.373316965403657e-06,1.838605396604736e-06,0.4537304788229251,303.5184186891058,3.34536386,0.0640779883
78,7.3504658872109415e-06,2.2773879201538986e-05,7.3504658872109415e-06,0.795869536952827,339.59958045311026,7.94275475,0.0640060678
79,8.139415388975315e-06,2.5403467076970885e-05,8.139415388975315e-06,0.8674168150217251,350.4108874048991,7.92839479,0.064291805
144,4.332431745681105e-05,9.935049448497094e-05,4.332431745681105e-05,2.495078852470073,480.78404592240213,10.4963121,0.0640158132
147,3.1691729206660704e-05,6.261290586906595e-05,3.1691729206660704e-05,3.190543181746917,524.3136440200104,7.907547,0.0645895302
155,3.7796028526120175e-05,8.228953871510677e-05,3.7796028526120175e-05,3.203347520613319,543.3277234783936,7.46079969,0.0650813505
213,6.987932954612514e-05,0.00023486870020621333,6.987932954612514e-05,3.2605895351663046,716.3051245895017,22.7401352,0.0649899617
84,8.566537212359648e-06,2.5391705599153915e-05,8.566537212359648e-06,1.0258878341156192,373.2788536694003,7.75361633,0.0657891631
85,8.362013463777792e-06,2.5708138983815327e-05,8.362013463777792e-06,0.9961504016486824,378.60400104543163,7.79562044,0.0658413917
76,7.874624961903119e-06,2.474103939740694e-05,7.874624961903119e-06,0.9009712470266462,358.6558967542752,7.86057043,0.0665514395
76,7.475015783746467e-06,2.3236505389411763e-05,7.475015783746467e-06,0.8413098367408982,349.3883146574586,7.54637432,0.0640239865
77,6.3527368985271924e-06,2.0048537279687275e-05,6.3527368985271924e-06,0.7603190844572729,337.7188399369986,8.23960686,0.0643452406
44,1.4376496415841783e-06,4.465662297981856e-06,1.4376496415841783e-06,0.38305579316985694,283.6596989076752,3.35141397,0.0637535006
43,1.3418471243335657e-06,3.9853710146896255e-06,1.3418471243335657e-06,0.39352927619824846,281.78977485128786,2.88484478,0.0640159398
44,1.4368391552988108e-06,4.457368562073128e-06,1.4368391552988108e-06,0.39538167997618234,287.60660491255356,3.40942073,0.0636853576
214,5.007233148982938e-05,0.0001037706633124896,5.007233148982938e-05,4.358375693251086,670.5809225404746,7.58908701,0.0641646087
175,3.9011343263765234e-05,8.501050391073005e-05,3.9011343263765234e-05,3.1487360233690724,552.1311608373873,7.23290253,0.0640932843
203,5.7937955865949575e-05,0.0001193046402803145,5.7937955865949575e-05,4.377964330150439,657.1325067914172,7.68575239,0.064613916
87,9.422982455520153e-06,2.4501524273922105e-05,9.422982455520153e-06,1.020277654898664,339.35872009155224,8.08240032,0.0638455823
81,6.6300789925652135e-06,1.987725477034967e-05,6.6300789925652135e-06,0.834751381803321,342.0348058358891,7.78307533,0.0643569306
215,6.845769041768393e-05,0.0001224748564716696,6.845769041768393e-05,5.761946933571262,689.9893942020112,8.03749466,0.0644185916
45,1.3613009669303263e-06,3.937574180388088e-06,1.3613009669303263e-06,0.40295075033650823,277.680788309324,2.74649429,0.0636917502
47,1.2790211263742132e-06,3.2690146743225256e-06,1.2790211263742132e-06,0.4348222851595815,270.22157974060804,2.36910486,0.0641094372
48,2.5627692793184872e-06,8.739701357894976e-06,2.5627692793184872e-06,0.439284602453533,273.57402979057053,5.90158176,0.0638250634
47,1.2480826264716924e-06,3.5730442465478547e-06,1.2480826264716924e-06,0.4084248981545826,277.6329448267171,2.72667861,0.063448064
57,8.323597408668192e-06,3.82526823852962e-05,8.323597408668192e-06,0.48805514641060144,280.2678324108901,14.6494904,0.0638138205
56,3.574880390349363e-06,1.2866273128080101e-05,3.574880390349363e-06,0.4547198322351757,282.6163161899896,6.76719713,0.0637484193
49,1.167602094044763e-06,2.8446030789249818e-06,1.167602094044763e-06,0.44374825614411384,269.5650962729088,1.93287075,0.0638804063
74,0.0007630296900174016,0.0036711388140027593,0.0007630296900174016,1.1380294825807975,333.9547345394526,97.0130157,0.0641506612
66,0.00019018158901523124,0.0013533975056503925,0.00019018158901523124,0.708736421139581,336.2553593369971,117.830917,0.0645079091
117,1.255482075990214e-05,3.219504367519977e-05,1.255482075990214e-05,1.7312118698187478,482.53758544314303,7.84939909,0.0648189485
119,1.352045419159468e-05,3.524251723757761e-05,1.352045419159468e-05,1.8163091117989862,497.3450726077049,7.6346674,0.0678196847
72,0.0002376892006955509,0.0015601217714970885,0.0002376892006955509,0.8542126264200172,367.9827753557295,99.4251556,0.067285195
69,3.4525401133745047e-06,1.1710554063403904e-05,3.4525401133745047e-06,0.8213069326729011,402.65291715369375,6.90727711,0.0664825365
88,0.0006427951259519541,0.0027134501148887665,0.0006427951259519541,1.2535886740564997,342.7173556325096,58.4988518,0.0657566264
84,0.00037611273399059417,0.0017485359601230107,0.00037611273399059417,1.1026753470045052,363.86072729872825,55.8565636,0.0668550506
142,1.4837206835964985e-05,3.362505873340563e-05,1.4837206835964985e-05,2.3839343002807096,549.4439802562117,7.68793488,0.0644744784
93,9.28812609191249e-06,2.7551440930903088e-05,9.28812609191249e-06,1.1403082545436294,422.29726725455697,7.7804141,0.0647121295
93,9.048644519956832e-06,2.8757006456761032e-05,9.048644519956832e-06,1.0413990133316084,411.21364760727505,9.18079376,0.0642233863
86,8.650050078292977e-06,2.837951773420461e-05,8.650050078292977e-06,0.9390436366671502,394.2627418915862,9.74850559,0.0638313815
85,8.540706819932744e-06,2.763995697307691e-05,8.540706819932744e-06,0.9613291813706691,400.579042441592,9.39101601,0.0642524734
75,8.260809438119976e-06,2.406524091885129e-05,8.260809438119976e-06,0.7082880867889881,245.9247425375272,8.22253799,0.0639298558
74,9.16529463640447e-06,2.676772102393525e-05,9.16529463640447e-06,0.7354009971832015,244.399972423273,8.56310844,0.0643039122
76,1.2262590151034573e-05,3.2624187000410645e-05,1.2262590151034573e-05,0.8606049207887366,244.54323402216653,8.80926228,0.0648403764
73,1.0446080595569455e-05,2.6508804430494277e-05,1.0446080595569455e-05,0.792562006596702,237.25603174489055,8.15445328,0.0636967719
71,7.654125840539683e-06,2.0706118080751755e-05,7.654125840539683e-06,0.6864360695702646,231.87113408906447,7.16353226,0.0632016882
68,7.254343296091044e-06,2.0713014771655067e-05,7.254343296091044e-06,0.6200664219093261,225.53160018843053,7.36702919,0.0638641566
66,6.8663703758085055e-06,1.963581418253521e-05,6.8663703758085055e-06,0.6069534624523629,219.80147325721316,7.03097963,0.0632495731
70,7.435838264050015e-06,2.1508671901582825e-05,7.435838264050015e-06,0.6267359679302142,224.15088624890504,7.84143686,0.0635912493
66,1.3511292526323761e-05,3.252798432198215e-05,1.3511292526323761e-05,0.7746647024358186,209.8826212970295,6.8403759,0.0635806769
67,2.6866156603642902e-05,6.388744813331083e-05,2.6866156603642902e-05,0.9303582713137739,205.59972288177693,7.41460752,0.0634009168
67,7.732407330849614e-06,2.1278965771530177e-05,7.732407330849614e-06,0.6394614566389444,216.09384384629755,7.06619167,0.0634623393
68,1.2988150489515962e-05,3.181551444716205e-05,1.2988150489515962e-05,0.7857646061416438,215.54568611068981,6.99872065,0.0636224002
67,5.175268221536526e-05,0.00012464518244856434,5.175268221536526e-05,1.090923348740865,199.3790259967696,9.46689701,0.0630648062
72,0.00010248081887571604,0.00024845326598561465,0.00010248081887571604,1.3770573884366721,204.17056100435016,12.2020292,0.0636318922
61,7.021145110097305e-05,0.0001702736620812902,7.021145110097305e-05,1.1573716548403126,186.63915401087,10.1311979,0.0634826869
61,6.332428926897073e-05,0.00015431627860770713,6.332428926897073e-05,1.094263081025603,183.0542209769486,9.43696499,0.0632671788
63,7.593116936189203e-05,0.0001835959512848667,7.593116936189203e-05,1.1987015986258562,190.17177909394607,10.6263475,0.0631522909
68,9.442728448047887e-05,0.0002282823155195394,9.442728448047887e-05,1.3103530257181875,195.8689443114357,11.4370995,0.0634348243
64,0.00012864724391084954,0.0003124243626984921,0.00012864724391084954,1.4306901007251356,193.14425302246485,13.1421528,0.0634406954
66,8.717863371963288e-05,0.00021058092978095644,8.717863371963288e-05,1.2903810640315068,198.5077274495892,11.2071419,0.0632881746
63,1.8937969413781062e-06,5.2495335929481485e-06,1.8937969413781062e-06,0.4810630272873292,267.9528869718105,4.5189724,0.0634445027
85,2.2911067453141625e-05,4.5304612955938405e-05,2.2911067453141625e-05,1.6429839794080194,304.0931580787937,6.9589386,0.0644599423
62,1.951368539758102e-06,5.968261774123019e-06,1.951368539758102e-06,0.4820379201598798,267.8967669999701,5.55931425,0.0643159151
78,1.908719775899411e-05,3.924348155004553e-05,1.908719775899411e-05,1.3614670227528665,288.6588386051252,5.92054319,0.0640464723
82,1.5627289040242862e-05,3.434240622012951e-05,1.5627289040242862e-05,1.2013269593542075,284.07033302019664,6.70627022,0.0645761788
82,1.3444575477100415e-05,3.2759407570103605e-05,1.3444575477100415e-05,0.9827141070730766,263.92346405079087,7.48402739,0.0646576583
77,1.5407580593609007e-05,3.8627855518656346e-05,1.5407580593609007e-05,1.0080074412138633,262.21177435912534,8.36594963,0.0651346296
81,1.8173090356738798e-05,4.179544926330411e-05,1.8173090356738798e-05,1.177829576770709,273.8485447167372,7.7800293,0.0655502006
86,1.370406775200368e-05,3.198755013437471e-05,1.370406775200368e-05,1.2894827191032858,287.8948136148998,7.81049252,0.0665999949
79,9.195237807419406e-06,2.5663617333176e-05,9.195237807419406e-06,0.7827312594055217,253.77252828442803,8.08573341,0.0640008152
75,9.41703018242416e-06,2.691038634554072e-05,9.41703018242416e-06,0.7606588612809069,250.62834684236074,8.08402443,0.06353724
78,1.2465963647890729e-05,3.3154848778026556e-05,1.2465963647890729e-05,0.9150310827264574,258.9326897366507,8.37140179,0.0646030009
57,3.5629232050568946e-05,8.600417499591984e-05,3.5629232050568946e-05,0.9109437129080771,174.15723661793305,7.46131611,0.0629587322
60,3.6896803560413895e-05,8.908940879096932e-05,3.6896803560413895e-05,0.9242344212142025,177.16559149664053,7.74554777,0.0630332455
59,7.72302801704463e-05,0.0001887921581124574,7.72302801704463e-05,1.151023290534621,180.6179785761926,10.1891909,0.0633722767
58,3.4670858768624245e-05,8.359596508739486e-05,3.4670858768624245e-05,0.8964784310360614,171.5041660193654,7.67813587,0.0633218065
59,4.577509836893214e-05,0.00011063638157348657,4.577509836893214e-05,0.9715628169272614,170.37847448102968,8.75035286,0.0638905764
53,5.8306482420366784e-05,0.0001418522433985256,5.8306482420366784e-05,1.0314296984846756,167.53229286107438,9.68171024,0.0631105378
57,8.21329787934379e-05,0.0001994883257147656,8.21329787934379e-05,1.1629232388084403,170.80842972767053,10.6593361,0.0634185299
56,5.2568804098637585e-05,0.00012820268242365882,5.2568804098637585e-05,0.992107117113889,164.92766799886877,9.42217827,0.063229233
58,6.665196515513951e-05,0.0001631816125311448,6.665196515513951e-05,1.0642684429771656,164.09208659583433,10.5992422,0.0635668933
58,6.764358870252065e-05,0.00016585016902809593,6.764358870252065e-05,1.0588148693517532,161.6566791353172,10.6424055,0.0634353161
57,4.809908318215405e-05,0.00011684468147345696,4.809908318215405e-05,0.9550012584569528,157.8714712213607,9.31242752,0.063366048
52,3.264380734911328e-05,7.819416890325945e-05,3.264380734911328e-05,0.85650707216261,154.9902500108953,7.84938622,0.0635795668
57,3.0751544760974975e-05,7.326128207115043e-05,3.0751544760974975e-05,0.8392789723590908,152.90423966748375,7.50270033,0.06353423
52,1.803698860860236e-05,4.176532467876602e-05,1.803698860860236e-05,0.7356401657578397,151.39054315599793,5.71649408,0.0635026917
48,1.5801393681031696e-05,3.632757967204352e-05,1.5801393681031696e-05,0.7122110574586401,149.17581850777603,5.73725891,0.0636037886
56,4.077798958806346e-05,8.60679980700535e-05,4.077798958806346e-05,0.93170277028994,111.34679910715825,8.00888634,0.0646367073
54,5.888444960718996e-05,0.00012531962781883813,5.888444960718996e-05,1.0367946190758226,110.72659325317734,9.29544449,0.0651670992
54,4.895239487127995e-05,0.00010399845993083567,4.895239487127995e-05,0.9969962957911888,113.97311318675085,8.89061737,0.064077504
53,5.662074302979814e-05,0.0001198763381834311,5.662074302979814e-05,1.04153065807913,112.48791077696734,9.12404156,0.0636259466
54,8.934058247765318e-05,0.00019086505845522847,8.934058247765318e-05,1.2137721816198428,115.65953537579887,11.2215738,0.0642635226
55,4.980279329063317e-05,0.00010569666627578456,4.980279329063317e-05,1.013675494554848,117.26959214230502,8.73219109,0.0644039437
58,3.278984567945684e-05,6.885526212996014e-05,3.278984567945684e-05,0.9015726765315454,117.99530972215089,7.0024724,0.0644718632
55,8.418905229143175e-05,0.00018025511451118313,8.418905229143175e-05,1.1507706766449763,110.08690899808532,10.6013823,0.0647454113
55,9.999133393853342e-06,2.2406506911636536e-05,9.999133393853342e-06,0.6439292534879436,128.48318289781724,7.22802734,0.0637296066
55,9.981775499159004e-06,2.2018979381915087e-05,9.981775499159004e-06,0.6383617565846516,124.01965519376677,7.23005819,0.0637365356
58,1.9003681588304027e-05,4.042676161217962e-05,1.9003681588304027e-05,0.7752827810614682,122.66331266258494,7.60677433,0.0639660582
61,3.814264132445829e-05,8.048184165896602e-05,3.814264132445829e-05,0.9465016809349222,120.90935718287186,7.68784571,0.06467513
62,1.065248900175226e-05,2.534606747026264e-05,1.065248900175226e-05,0.6587477454585695,149.0768335586402,7.72994423,0.0640596747
63,1.619418525244896e-05,3.550802807774854e-05,1.619418525244896e-05,0.8374792923034363,171.77924025904701,6.67679787,0.0635862276
67,1.7729164612298516e-05,3.893009803579639e-05,1.7729164612298516e-05,0.9262450530576841,186.72228485787574,7.26719284,0.0632849485
68,1.9454334754405186e-05,4.226713362997311e-05,1.9454334754405186e-05,0.969346924576583,192.8163200393577,6.78811789,0.0632775724
66,2.112121528086593e-05,4.513959140108833e-05,2.112121528086593e-05,1.025930902707415,199.2470945314297,6.14608908,0.0630717427
64,1.4151606723143321e-05,3.222619377808106e-05,1.4151606723143321e-05,0.8201440502590013,177.76216584186318,7.60226107,0.0634505078
57,1.621597915770639e-05,3.52049566675874e-05,1.621597915770639e-05,0.7966646572878516,154.60432586371937,6.03533316,0.0638486296
63,1.6088369805864488e-05,3.492233983910795e-05,1.6088369805864488e-05,0.8084136720550786,160.18675527766828,5.99347591,0.0632906556
63,1.6560533803029927e-05,3.5913653867614357e-05,1.6560533803029927e-05,0.8328637944003651,163.4759898809384,6.2240839,0.0630057603
63,1.4777543085993776e-05,3.298274001273872e-05,1.4777543085993776e-05,0.8133784100997807,170.0437300241385,7.15958071,0.0634040013
57,9.134002919563748e-06,2.1875578677473645e-05,9.134002919563748e-06,0.6076598850937928,132.78687349668107,7.1886096,0.0636377931
57,1.0516855103740355e-05,2.3791605709505308e-05,1.0516855103740355e-05,0.6536141051220943,130.2794714038688,7.17975616,0.0637001991
58,7.99460004349747e-06,1.947304318105085e-05,7.99460004349747e-06,0.5851920068239053,139.33785129557648,7.10109186,0.0637329593
58,8.207689298610826e-06,1.974263325099522e-05,8.207689298610826e-06,0.5925112128033402,136.4414863208205,7.31707573,0.06377621
61,1.0042577765878195e-05,2.5969313170674135e-05,1.0042577765878195e-05,0.6148039849699323,144.93247520408977,8.3995266,0.0641493723
60,1.0304333794491032e-05,2.6854966602537578e-05,1.0304333794491032e-05,0.6114303889746584,140.0473148215735,8.4369154,0.0636819899
50,3.436839716236558e-06,7.3017925350289565e-06,3.436839716236558e-06,0.4970273680031932,142.0438021155156,3.4376905,0.0639232323
50,5.103659206829133e-06,1.1221114176286479e-05,5.103659206829133e-06,0.5427765902818376,145.7547978881265,4.18760395,0.0637610331
52,7.024887074721259e-06,1.5361889246909958e-05,7.024887074721259e-06,0.5917815269268405,145.36690509285845,4.49949217,0.0638861284
55,7.086138919253973e-06,1.56218290581456e-05,7.086138919253973e-06,0.5876011320277923,143.46080187684092,4.6291008,0.0637111887
49,8.550892373561157e-06,1.9064575638832376e-05,8.550892373561157e-06,0.6171217546113571,147.24216223132836,4.96884871,0.0638475046
53,5.819595346015513e-06,1.259086169153749e-05,5.819595346015513e-06,0.5622868465960563,141.34606600237373,4.267735,0.0641587973
54,5.4033140095100205e-06,1.1522438988884746e-05,5.4033140095100205e-06,0.5558083600996211,139.87403378141056,4.00838757,0.0639326721
53,6.31128208664501e-06,1.3472597216447317e-05,6.31128208664501e-06,0.572251294397487,137.99521228733283,4.08726931,0.0639775768
53,1.8538979298041664e-05,4.2634909604658385e-05,1.8538979298041664e-05,0.7317154754726056,134.74572516173575,6.55976343,0.0637948662
54,7.780725935518048e-06,1.680071976735549e-05,7.780725935518048e-06,0.601438097656313,136.42863516993876,4.23358583,0.0641289651
57,3.681035313560212e-05,8.739294803180327e-05,3.681035313560212e-05,0.8607948487365451,133.15301064132805,9.22486401,0.063891232
59,0.00013436984415360264,0.0003254742965731008,0.00013436984415360264,1.258529892220245,132.16218085533245,14.908884,0.0639390275
60,0.0004410847043236631,0.0010170619860705426,0.0004410847043236631,2.0246149836410274,132.04310261976482,21.4272957,0.0641233698
78,0.0026898145370508083,0.005390078276395092,0.0026898145370508083,5.442859591160351,138.1817132412485,36.3635902,0.0644589961
91,0.00361462422527464,0.007072239468030812,0.00361462422527464,6.579123235742798,139.59047059744034,57.3185005,0.0645792559
75,0.001358653517987941,0.0029089710358660707,0.001358653517987941,3.5404304392890715,130.85611452899664,29.9716225,0.063852556
62,0.0003319426926288743,0.0007712935442440896,0.0003319426926288743,1.7658735916308437,125.6131419294419,19.5278912,0.0639699921
56,2.9402809083468324e-05,6.768254952884809e-05,2.9402809083468324e-05,0.802857435099679,121.65440166432488,8.14831638,0.0642976835
58,0.0001308976824567344,0.0003105385614229663,0.0001308976824567344,1.2409252043811372,123.73038446017408,14.4657393,0.0641145259
34,8.177267497392831e-05,0.0003409336572904186,8.177267497392831e-05,0.42843002808101155,113.83482403756577,38.2582474,0.0643116385
55,1.8826746103276802e-05,4.18672767780131e-05,1.8826746103276802e-05,0.7182351563454773,120.2552499280762,6.90567923,0.0644775182
54,3.798353676109179e-06,7.735059972255512e-06,3.798353676109179e-06,0.4739446671122306,111.06160347027493,3.67583513,0.0639460385
56,1.088187363204786e-05,2.2990123370577692e-05,1.088187363204786e-05,0.6036705825573366,108.39436872366322,5.14151239,0.0640311688
55,6.860757950438055e-06,1.4303429147440615e-05,6.860757950438055e-06,0.5452191099643877,109.80483526170688,4.49985933,0.0638959855
57,1.6442208831772766e-05,3.503908376210139e-05,1.6442208831772766e-05,0.6782387218238901,107.79706116237455,5.7050724,0.0638870299
55,1.5334494457206136e-05,3.2641619650315516e-05,1.5334494457206136e-05,0.6634198227174549,107.84420961463432,5.43506336,0.0639321059
57,1.74614273450407e-05,3.738899448918453e-05,1.74614273450407e-05,0.6835968973940197,107.4729997024197,5.57154894,0.0643441156
58,1.579092401985486e-05,3.370679700958845e-05,1.579092401985486e-05,0.6614128293720748,107.74352677678904,5.40492439,0.0637796223
57,4.042352541491888e-06,8.233968801408002e-06,4.042352541491888e-06,0.4825610305228049,111.45372241630868,3.43030381,0.0645394102
58,3.2165275978250386e-06,6.523158730241365e-06,3.2165275978250386e-06,0.4537289336742532,110.9617377687944,3.38779306,0.06441091
58,6.260134056725475e-06,1.2919391702501568e-05,6.260134056725475e-06,0.537799086526476,110.3518671455167,4.19305801,0.0648162067
59,1.2927516177411942e-05,2.771979000283664e-05,1.2927516177411942e-05,0.6594561525315242,117.50049807284248,5.43754053,0.0640873685
57,4.081519878447441e-05,9.399740250061135e-05,4.081519878447441e-05,0.8757518078003164,118.44596685204884,9.60294819,0.0651627555
57,4.4361322927943115e-06,9.063720092107893e-06,4.4361322927943115e-06,0.4959858119628739,113.0852914335301,3.63712811,0.0646595135
59,6.134212962893838e-06,1.2568040361035591e-05,6.134212962893838e-06,0.5399856875592105,111.70398370674842,4.03607988,0.064669311
59,8.231573773255304e-06,1.6940480368766612e-05,8.231573773255304e-06,0.5887418568289486,114.26525956704833,4.35257864,0.0646530092
57,8.902337299221245e-06,1.8490111927452804e-05,8.902337299221245e-06,0.6060257056637826,115.70900617449757,4.39436531,0.0645298213
60,0.00017126248664691066,0.00036916466769463223,0.00017126248664691066,1.419582883701977,105.39156170198513,13.50142,0.0646155849
64,0.00019409503261195464,0.0004163208454623816,0.00019409503261195464,1.507576721803717,106.81946317538038,13.8852634,0.064681761
60,0.00024299051527638894,0.0005199885360826763,0.00024299051527638894,1.6286990602331233,106.27440395197753,15.3988676,0.0659470037
61,0.00018795896578413258,0.00040250611207519495,0.00018795896578413258,1.5002840926552092,107.2130003249624,13.9750767,0.0643887222
61,0.00028139376648918897,0.0006003226443864255,0.00028139376648918897,1.761342684796391,109.62109578526285,16.3664017,0.0659617409
62,0.0004599843732563343,0.000968205774118842,0.0004599843732563343,2.162088426896903,111.0012078307303,19.4631138,0.0654253587
58,0.00020644421972421597,0.000440844099970347,0.00020644421972421597,1.5711212057879567,109.37753595084521,14.8975449,0.0652619451
63,0.00023325271812445807,0.0004969006642959289,0.00023325271812445807,1.6622158454327745,110.85893269186809,15.8752689,0.0653979182
58,0.00017868511536808776,0.0003820101658536746,0.00017868511536808776,1.497771449643156,110.72979001851394,14.4027538,0.064737618
55,3.119638751014772e-05,6.826512643740701e-05,3.119638751014772e-05,0.7870154761789836,106.05056830552952,7.26988745,0.064254947
57,4.8007392195486106e-05,0.00010591787044665083,4.8007392195486106e-05,0.8934350797676369,105.67845069703418,9.04164028,0.0640549883
60,8.490544324031674e-05,0.0001856560443649266,8.490544324031674e-05,1.0851714819510194,103.62545619570102,10.6363726,0.0646600127
57,4.98463550552296e-05,0.00010918990120721583,4.98463550552296e-05,0.9097921028461,104.25756517171529,8.66473389,0.0641788021
62,0.00013857543606199418,0.0002995932369462069,0.00013857543606199418,1.3001570668906977,103.21039796110848,12.5484304,0.0644920468
64,0.00021254778488180386,0.0004567276528913185,0.00021254778488180386,1.5213005468612004,103.37448640366996,14.6407309,0.0658026114
63,0.00011203340873164146,0.0002441774960322783,0.00011203340873164146,1.195315103560722,103.22993874936948,11.9696331,0.0645725578
62,0.00011976337710055801,0.0002612759006466644,0.00011976337710055801,1.221052379688906,103.4152099468297,12.2386045,0.0655926317
64,0.00020208568127860337,0.00043591410039133975,0.00020208568127860337,1.4845194293147033,103.00975923374119,14.9421244,0.0655776337
66,0.0002479075480930367,0.0005326730502180403,0.0002479075480930367,1.6075049981111593,104.04206319961035,15.779501,0.0645548776
64,0.0002690016868696471,0.0005756741811816116,0.0002690016868696471,1.671095134489351,103.7804468440522,16.1783638,0.0644308329
66,0.00023391041074417935,0.0005021691172891686,0.00023391041074417935,1.5884652831328294,105.08329044636484,15.4020681,0.0656508729
65,0.0002828039966699519,0.0006044832242521777,0.0002828039966699519,1.7170072792805693,104.56370738241081,16.3486385,0.065020062
57,2.7649867038018685e-05,6.003672483170304e-05,2.7649867038018685e-05,0.7675489775425354,106.04633633472635,6.70275068,0.0642518774
54,4.2773515735939197e-05,9.383534770573982e-05,4.2773515735939197e-05,0.868418028304995,105.78742703767097,8.24111366,0.0640588552
48,1.3211666606653835e-06,4.026435215347126e-06,1.3211666606653835e-06,0.4128450356010946,327.5507264420041,3.05900741,0.0638542771
79,8.964712738598055e-06,2.997087966970828e-05,8.964712738598055e-06,0.8209690035295366,362.76344756206146,9.16875076,0.0640932545
85,8.22742013574351e-06,2.8294339959172514e-05,8.22742013574351e-06,0.8028008034043688,371.95743350887346,9.30967331,0.0636006668
78,8.681759761546798e-06,3.071737148501444e-05,8.681759761546798e-06,0.8509821877237543,381.0713861228039,9.86678028,0.0641197711
83,8.339035853442014e-06,2.8967700506154404e-05,8.339035853442014e-06,0.8340128784950138,383.36352815848073,9.96994019,0.0642747656
86,7.675140293589805e-06,2.718806183430038e-05,7.675140293589805e-06,0.8119765651796209,382.1553323288664,9.4944582,0.0644683391
83,7.886467076821888e-06,2.571865004701001e-05,7.886467076821888e-06,0.9456401567040522,397.25327627083215,9.48754215,0.0641497597
82,7.459812468877158e-06,2.488510956478228e-05,7.459812468877158e-06,0.8655423213417983,394.6254857112025,8.76708508,0.0649448931
49,1.6745857348609528e-06,5.200694886977036e-06,1.6745857348609528e-06,0.4313166851469801,312.77377159214484,3.53614211,0.0642865524
51,1.3788884999402046e-06,4.143567103122852e-06,1.3788884999402046e-06,0.4521521773310326,313.1524463717151,3.16996861,0.0646435693
83,8.717222653934606e-06,2.901343418237053e-05,8.717222653934606e-06,0.8103318412079753,355.1011085212285,8.95024586,0.0644316822
80,8.350265059345484e-06,2.8451961508900896e-05,8.350265059345484e-06,0.8078267145016202,361.7897806549486,9.07163048,0.0643136948
82,7.494152381878755e-06,2.5930222802669442e-05,7.494152381878755e-06,0.788368995075297,369.056594085798,9.10769844,0.0640470907
69,2.2065434015957677e-05,4.6768764117622465e-05,2.2065434015957677e-05,1.1157518550955514,216.9007615262185,8.10038185,0.0638204515
42,2.374194225520239e-06,6.9146387969313775e-06,2.374194225520239e-06,0.40806712314636256,204.28819756988045,4.95725775,0.0637351796
46,2.1647443238367315e-06,6.022239061523976e-06,2.1647443238367315e-06,0.416261295263025,213.3508737772656,4.71699715,0.0636023805
46,2.8097083223348697e-06,8.29684405856159e-06,2.8097083223348697e-06,0.43334809064653596,220.75378617112125,5.81073093,0.0636136383
72,2.223481235274305e-05,4.7299483465729374e-05,2.223481235274305e-05,1.0871029559091596,208.1611305042111,8.16342163,0.0633966103
49,3.3604109910591977e-06,9.553598758694212e-06,3.3604109910591977e-06,0.4840410119541846,234.72083840982873,5.71736145,0.0641529411
48,5.007788514506981e-06,1.4949916273253243e-05,5.007788514506981e-06,0.5398796925539668,247.3575867196954,6.54130793,0.0642226934
77,0.0001185940557897412,0.0004834510906041636,0.0001185940557897412,1.4402753406135562,282.4313716007542,49.5259094,0.0640831217
51,4.713268324660403e-06,1.3444162690665161e-05,4.713268324660403e-06,0.5688769487656569,254.86077412164727,6.39165115,0.0644732714
68,3.297275224149266e-05,9.202867780529878e-05,3.297275224149266e-05,1.1707497296751683,291.0617931185621,14.0037479,0.0638165697
70,3.458477053008357e-05,9.854411306305433e-05,3.458477053008357e-05,1.208770622461443,303.1525870892932,20.721487,0.0640455633
81,0.000381963590317028,0.0024615792869545038,0.000381963590317028,1.623756138094765,316.99381275027315,132.299545,0.0642070025
65,9.531599867093572e-06,2.1512970198409e-05,9.531599867093572e-06,0.9458017537639669,314.53286774742,4.55880213,0.0636145622
52,1.5688760172370892e-06,4.5705050820569275e-06,1.5688760172370892e-06,0.45867477783811933,305.6118358161499,3.23871636,0.0647637621
76,6.827812233204627e-06,2.128456339407397e-05,6.827812233204627e-06,0.8132499824864469,345.6672750623162,8.21088219,0.0644095093
76,7.584047465794769e-06,2.378415251402626e-05,7.584047465794769e-06,0.8725917398184218,355.72936388737816,7.74650335,0.0644598007
265,4.296565910143252e-05,8.243945049349192e-05,4.296565910143252e-05,5.309564003188702,805.3555230893055,7.86687946,0.0663084611
271,4.221869635058741e-05,7.91393414785868e-05,4.221869635058741e-05,5.280645464670509,809.4719443431146,7.67894268,0.0655072257
196,3.982558974967412e-05,0.0001979101063920526,3.982558974967412e-05,2.6588413802313915,768.6399724107807,29.7997894,0.067100957
313,3.638245506326694e-05,7.348276256048634e-05,3.638245506326694e-05,5.414131026010335,958.9351807925397,7.58477259,0.0666550919
79,7.680373224368402e-06,2.335149451197417e-05,7.680373224368402e-06,0.952140933065595,369.0220747043835,7.61583376,0.0674523264
81,7.674041003284142e-06,2.3576243819298507e-05,7.674041003284142e-06,1.0090519328521144,382.86890444733274,7.58787107,0.0667942986
92,8.091305825835431e-06,2.4755570427726192e-05,8.091305825835431e-06,1.3773867883040296,426.06318473536544,7.60841417,0.0689804778
80,7.938439070415231e-06,2.4821580214398986e-05,7.938439070415231e-06,0.9619948343756004,372.13693889683753,7.8146863,0.0665969625
78,7.136468849434755e-06,2.2053527345522952e-05,7.136468849434755e-06,0.8856245365923193,357.37902070111477,7.59752369,0.0645291507
83,6.487516621333067e-06,1.9957104464206097e-05,6.487516621333067e-06,0.840456461879913,347.3548667825237,8.2324543,0.0651195124
48,1.2384770796628501e-06,3.7455512269093975e-06,1.2384770796628501e-06,0.3981154475153991,285.7630013928308,3.01645708,0.0638919249
202,4.348157885358479e-05,9.881325581741396e-05,4.348157885358479e-05,3.6100077365963337,618.2831497347055,7.75213861,0.0642481297
211,5.4879997952722244e-05,0.00012218327588076698,5.4879997952722244e-05,4.079490535329652,646.2723510251236,8.70164013,0.064080216
200,0.0001302118184789766,0.00024171788935027435,0.0001302118184789766,5.866388878876905,645.6160164476381,9.08194065,0.0662526488
205,8.378957398931939e-05,0.00015756432783707095,8.378957398931939e-05,5.106562975011846,641.3763780307637,7.15429258,0.066513449
89,1.7613356694557333e-05,3.954196930333277e-05,1.7613356694557333e-05,1.4504152490856248,353.8664763152162,8.06488705,0.0650972798
86,1.1887139524763913e-05,2.8465547430480344e-05,1.1887139524763913e-05,1.3131953809803942,364.9253972243748,8.1299181,0.0660735294
221,0.00011545915207901111,0.00021067103276851528,0.00011545915207901111,6.030902838345956,666.7640705774425,7.84178114,0.0658862591
57,3.467755171724475e-06,1.4436040185727305e-05,3.467755171724475e-06,0.4581908032342319,283.2148540120303,11.2383146,0.0637261569
50,2.4475238652764973e-06,9.661950490884177e-06,2.4475238652764973e-06,0.4491868492044121,273.8783951236126,11.8959656,0.064287737
63,1.5020804832441205e-05,6.191127335125329e-05,1.5020804832441205e-05,0.575134227356183,279.4846785682858,15.3886738,0.0641646758
57,1.0563053087426513e-05,4.831136781984877e-05,1.0563053087426513e-05,0.5347142591851428,283.78908246026253,15.1731949,0.064583078
199,4.790482231805784e-05,0.00011121951002535627,4.790482231805784e-05,3.5441486649845437,597.7824510159556,7.55602169,0.0640499443
55,2.7127477186137414e-06,9.161067202424594e-06,2.7127477186137414e-06,0.49065653364227063,272.6009450160358,6.34934711,0.0638322756
72,9.308635185401477e-05,0.0004639845408740807,9.308635185401477e-05,0.7766561233943341,345.68055123523476,40.7730637,0.066324614
73,0.0006009715070881448,0.0031184032466967586,0.0006009715070881448,1.074862891626286,355.5511937944304,93.6877594,0.0665975288
74,0.00029552732727425264,0.001954124638529176,0.00029552732727425264,0.8140871382584868,355.4242350536215,114.269463,0.0669597685
75,3.4502823366350233e-06,1.1831668081887088e-05,3.4502823366350233e-06,0.8345628855573534,411.4806758257097,6.90785933,0.0669701546
68,3.298228070360414e-06,1.0875600783304592e-05,3.298228070360414e-06,0.860701308586832,417.1247722009758,5.68736029,0.0691124871
82,0.0003776337781437095,0.002087991106697466,0.0003776337781437095,1.1852759979675844,396.4253204608015,89.33461,0.0687777624
76,3.924273145037875e-06,1.1433478881407955e-05,3.924273145037875e-06,1.0710245629488997,448.5727199124565,5.53888845,0.0686382875
87,0.00021594467805862398,0.001016912669265711,0.00021594467805862398,1.2502929783433012,405.83490496369154,45.1751938,0.0667434335
75,5.633796123000904e-05,0.0002798866558350274,5.633796123000904e-05,0.8883007025707321,382.91844818839576,33.1325188,0.0664951056
96,9.674954305554517e-06,2.9443419145096963e-05,9.674954305554517e-06,1.1517745877098233,426.87796501598996,8.14010715,0.0658762231
91,9.112806953620436e-06,2.8283729577153265e-05,9.112806953620436e-06,1.0569839899468174,413.1375432930419,7.78245354,0.0645774901
86,7.440396596992376e-06,2.44178188553729e-05,7.440396596992376e-06,0.9441468098494643,404.89488355248477,9.53603268,0.064497754
83,8.219841362785557e-06,2.6161992466263678e-05,8.219841362785557e-06,1.0247204863099377,416.8610568594557,9.09814739,0.0654146001
75,1.0189543734944107e-05,2.993845119485675e-05,1.0189543734944107e-05,0.7764612236219626,250.34058481068712,8.54242897,0.0639821291
75,1.067823451296976e-05,3.097442114451039e-05,1.067823451296976e-05,0.8135499496542776,249.4380617075686,8.74996948,0.0652101934
76,1.1645971203719935e-05,3.1840154895317174e-05,1.1645971203719935e-05,0.8534373732734921,245.85542055873626,8.86538887,0.0650201589
86,3.5009431383060434e-05,8.447729129232484e-05,3.5009431383060434e-05,1.5109673956397291,262.51838413158396,10.1912937,0.0648365617
84,2.6647343383509057e-05,6.587090642211719e-05,2.6647343383509057e-05,1.2855336531029724,256.8648461633157,9.99499512,0.0651351437
72,9.58857223596596e-06,2.5022153370410605e-05,9.58857223596596e-06,0.7799024053448252,238.11701336382066,7.79186821,0.0638529658
73,7.128307630799197e-06,2.06334943160008e-05,7.128307630799197e-06,0.6428243738788805,229.8466758854206,7.52137041,0.0637255982
74,1.3758573010782841e-05,3.398008306327187e-05,1.3758573010782841e-05,0.8782398064174909,235.4333098354953,7.94277811,0.0652445778
70,8.282343174983591e-06,2.1938047789121495e-05,8.282343174983591e-06,0.6860467907511459,221.20755250775713,7.26432943,0.0634483919
72,7.954839834176509e-06,2.2611053769859856e-05,7.954839834176509e-06,0.6674838553916027,225.65051673433433,7.66919422,0.0633477122
68,2.364977936803152e-05,5.6504821916704076e-05,2.364977936803152e-05,0.9212800813905859,211.5876652676104,7.09401464,0.0638956279
74,7.211722614407256e-05,0.00017429652900882787,7.211722614407256e-05,1.2564008882762157,208.5717326847796,11.0874043,0.0638096407
75,1.68751456534426e-05,4.102756451605512e-05,1.68751456534426e-05,0.8628649918646354,220.35657069349807,7.4086957,0.063719064
74,3.3082996285565615e-05,7.913673164586805e-05,3.3082996285565615e-05,1.0817090365687376,221.45958515397658,7.90914392,0.0640022606
68,3.6548262280526456e-05,8.741622983215159e-05,3.6548262280526456e-05,1.0789587791848514,215.6862122205731,8.40729237,0.0642115399
70,0.00013871009722574208,0.0003357986316778844,0.00013871009722574208,1.533322783281128,203.27341997738935,13.7262907,0.0638490766
70,0.0001249845290125068,0.0003026655178576589,0.0001249845290125068,1.4956192858059068,206.86887152762938,13.486167,0.063723214
62,7.665549304985687e-05,0.00018622451940479256,7.665549304985687e-05,1.1850449587470135,186.8927075690096,10.5177364,0.0635815337
67,0.00011758540864982877,0.0002872752508494837,0.00011758540864982877,1.3494818307207923,185.05278659872323,12.0429249,0.0636908635
70,0.0001300954408220806,0.0003149336980335764,0.0001300954408220806,1.4792072429428182,198.18388541677166,13.0704212,0.0639638454
67,0.00013704471603575034,0.0003318237776444334,0.00013704471603575034,1.4796715774418163,193.23973739266899,13.4493542,0.0638541356
68,0.00021114273814835404,0.0005099303670062159,0.00021114273814835404,1.767375856221871,198.26583520003672,15.4491653,0.0646549538
70,0.0001407549534686044,0.00034111598956010147,0.0001407549534686044,1.5223709649742703,200.87341952016644,13.7066965,0.0640752167
61,1.6112741473752645e-06,4.715401481559935e-06,1.6112741473752645e-06,0.5070467609669305,274.0628927463388,5.36385965,0.0641045272
87,2.3102096593034037e-05,4.52357114475465e-05,2.3102096593034037e-05,1.760008884136495,312.8557842638682,7.23596668,0.0652795509
57,1.315966654630923e-06,3.137051420226596e-06,1.315966654630923e-06,0.5277000352496564,273.22526350288865,3.6221869,0.0650474504
87,1.9724162967406805e-05,4.0674577576492815e-05,1.9724162967406805e-05,1.4931954984660536,295.6123415058789,6.62304211,0.0650129095
89,1.820483867451835e-05,3.9067432268085635e-05,1.820483867451835e-05,1.5770574232169894,299.5928262413435,7.62197685,0.0657302141
88,3.0113597981815033e-05,6.98543322126045e-05,3.0113597981815033e-05,1.442654779533895,276.07140114576634,8.97994041,0.0664196312
85,2.1576310909658195e-05,5.157323692298961e-05,2.1576310909658195e-05,1.3054987488437062,272.51528634755437,8.54777622,0.0660179928
87,3.288321523533352e-05,7.960169816173746e-05,3.288321523533352e-05,1.5395590137186403,274.3079415894114,10.1201181,0.0662814304
92,2.7859743078208793e-05,6.437637784582004e-05,2.7859743078208793e-05,1.6601227381064514,290.537862254553,10.1226368,0.0683146194
93,1.802587701605483e-05,4.1996504790400475e-05,1.802587701605483e-05,1.7147557417747894,308.86831540385407,9.10595798,0.0674796179
77,1.2977318483406051e-05,3.576289188082933e-05,1.2977318483406051e-05,0.9033222607363094,256.73866409197296,9.13886642,0.0642473772
86,1.9849661733214763e-05,5.078185933015065e-05,1.9849661733214763e-05,1.3076956888923974,270.5757354210667,9.8514204,0.0658019409
56,6.197634626507714e-05,0.00015121709272920852,6.197634626507714e-05,1.0693980449392677,175.0896795536096,9.66881657,0.0631533116
60,7.696094473110668e-05,0.0001882164811964479,7.696094473110668e-05,1.148678982617152,178.59424939409362,10.3309908,0.0633267984
66,0.00010181658128759376,0.00024936119716327694,0.00010181658128759376,1.274400679191964,181.5935393640757,11.7628508,0.0637095496
62,8.85739378716748e-05,0.00021612822559056432,8.85739378716748e-05,1.1993566306878731,174.63810874763467,11.5058908,0.0636206791
63,9.502546420147692e-05,0.00023084984638531008,9.502546420147692e-05,1.2391646630894466,172.06941978914261,11.319766,0.0638533831
60,9.313864525235208e-05,0.000227055513452504,9.313864525235208e-05,1.2071509248837804,168.8295998972748,11.5014296,0.063886486
62,9.649673213278866e-05,0.00023471015151058013,9.649673213278866e-05,1.2414350422006233,173.70025369576726,11.5217133,0.0636409074
63,8.910402456631362e-05,0.0002179626014847926,8.910402456631362e-05,1.1798045375775887,165.78415404064566,11.5726337,0.0636524707
64,0.00010247204026071886,0.00025013511979392995,0.00010247204026071886,1.2444561339900293,168.66030662166338,12.2247753,0.0638157427
61,9.275385699219292e-05,0.00022750920547654152,9.275385699219292e-05,1.1742479912845847,162.14892349823663,11.9308386,0.0634183064
58,8.225779051072125e-05,0.00020105754816219715,8.225779051072125e-05,1.1248006055149753,159.51272722060034,11.4868431,0.0641180351
59,6.866680268921923e-05,0.000167227644448913,6.866680268921923e-05,1.0663991702371085,157.16400641949215,10.6684322,0.0642392784
58,4.345010833474759e-05,0.00010430995936010098,4.345010833474759e-05,0.931389111360112,154.28422211415545,8.76813507,0.0636624992
57,2.7646220740980032e-05,6.479277713530318e-05,2.7646220740980032e-05,0.8251377146302675,150.7069896688575,6.72212696,0.0636635572
59,6.879735347491813e-05,0.00016550815018174335,6.879735347491813e-05,1.0692932169723919,153.8849765674981,10.3803387,0.0635279119
53,8.305641012385439e-05,0.000177280649966352,8.305641012385439e-05,1.1577539334743132,110.2745145391284,10.6596031,0.0653241128
58,0.0001415320864722757,0.0003027394654610139,0.0001415320864722757,1.39967355914148,113.85007034122216,13.0981407,0.0639085621
56,0.0001004985854741409,0.00021367599898951067,0.0001004985854741409,1.2632039914953137,114.6878121978281,11.6876574,0.0643866807
56,6.368103039532111e-05,0.00013486358862724974,6.368103039532111e-05,1.0716955694374133,111.41266360855653,9.39570713,0.0643082634
61,0.00020701465847521773,0.0004409286299089278,0.00020701465847521773,1.6262879327540452,115.83128308735037,15.3106318,0.0650521442
57,8.614604319337518e-05,0.00018282386796469622,8.614604319337518e-05,1.211340828873313,116.36009867759232,10.7199049,0.0652512163
62,0.00013819958943968528,0.00029244363820875644,0.00013819958943968528,1.4498654425888842,119.08444112136677,13.043766,0.0659610108
64,6.492780446314619e-05,0.00013710643409077408,6.492780446314619e-05,1.124858343231629,120.14609322007291,9.73594379,0.0646841675
56,8.942730385984497e-06,1.9846187829456364e-05,8.942730385984497e-06,0.6216726578653707,127.04967398727717,6.563869,0.0635648966
62,1.659004310858966e-05,3.5391371356770496e-05,1.659004310858966e-05,0.7513626088796569,125.2116236031757,7.60102606,0.0638195202
59,1.748337411711322e-05,3.694518136264686e-05,1.748337411711322e-05,0.7669596060614066,123.51141454286456,7.54820395,0.0645540953
62,2.9550182996652902e-05,6.222756476996986e-05,2.9550182996652902e-05,0.8826015748994778,122.04847982864639,7.58570433,0.0643947124
63,1.2073472105289698e-05,2.669253076831506e-05,1.2073472105289698e-05,0.7218593910275903,150.46441112881163,6.58225155,0.0636957362
70,1.4671661885116887e-05,3.271318641236724e-05,1.4671661885116887e-05,0.8743507795219625,183.40933781678015,7.15579176,0.0642033666
67,1.7463253412058355e-05,3.67299559480833e-05,1.7463253412058355e-05,0.9888570316262757,191.83588511220523,5.43410349,0.0642356575
68,2.1057044394850157e-05,4.5978274334074296e-05,2.1057044394850157e-05,1.054523339201212,196.82766259519428,9.98677444,0.063744165
70,2.1582903191828803e-05,4.6108209445365e-05,2.1582903191828803e-05,1.0669028729487695,201.93417352637667,9.07346535,0.0634992421
68,1.3831720881407823e-05,3.0951334615291986e-05,1.3831720881407823e-05,0.8427407265421764,178.43799932588541,7.66918659,0.0638055354
61,1.4864148403870119e-05,3.225109485914404e-05,1.4864148403870119e-05,0.7879710304090743,156.43994232264524,6.11725092,0.0638513789
63,1.3538379538296333e-05,3.0257857830451748e-05,1.3538379538296333e-05,0.7912025745828353,163.5430859914983,6.96362877,0.0641244128
64,1.3417876762833944e-05,3.0513816399992996e-05,1.3417876762833944e-05,0.7927760737553036,169.90880164867528,7.37325048,0.0631894916
69,1.1978246075062893e-05,2.911906388516827e-05,1.1978246075062893e-05,0.7667640636764238,168.5776326852475,8.04520607,0.0644799098
62,9.987494403331972e-06,2.3986809360029552e-05,9.987494403331972e-06,0.634510498830422,133.6453155604258,7.90672064,0.063584432
60,1.7449892221789843e-05,3.7289781960639965e-05,1.7449892221789843e-05,0.7719333796662421,129.23308284356335,7.45522022,0.064018257
65,1.037117414079068e-05,2.6127972746872668e-05,1.037117414079068e-05,0.6396990361058347,145.60030001248222,7.8699398,0.0644150078
59,1.0342158095609116e-05,2.3383089337743142e-05,1.0342158095609116e-05,0.6859551223481939,150.72955841460495,6.25129604,0.0642317459
60,1.2554738469092983e-05,3.155865489907612e-05,1.2554738469092983e-05,0.6735546676661431,139.4002349677905,8.82200718,0.0637580901
55,1.732019865462455e-05,3.973273199624865e-05,1.732019865462455e-05,0.7294509369155429,148.17699324968623,5.7860136,0.0642547086
55,1.1056572136844939e-05,2.4824934817840654e-05,1.1056572136844939e-05,0.653379315984215,145.59277442813618,5.42505264,0.0642819554
59,3.5867965499880214e-05,8.378335300471424e-05,3.5867965499880214e-05,0.891609909036757,148.76641877163382,7.48365974,0.065006651
57,1.63610339166302e-05,3.709526536412976e-05,1.63610339166302e-05,0.7236944376214607,145.46493571887825,6.00783062,0.0639333278
59,1.0834118356481398e-05,2.4131376259283445e-05,1.0834118356481398e-05,0.6538468069355032,143.44674523588768,5.40067339,0.0643603951
57,1.1036570533036702e-05,2.4437725288326898e-05,1.1036570533036702e-05,0.6589398051148846,141.9694556834963,5.28881931,0.0643516034
56,7.266139277482621e-06,1.575591681508593e-05,7.266139277482621e-06,0.5903771230355979,139.74714072045023,4.47482061,0.0639868677
57,1.0513960190320685e-05,2.3015888052677306e-05,1.0513960190320685e-05,0.64604861573779,137.44741519505345,4.7755599,0.0644556582
54,1.290232525555421e-05,2.8757277541402213e-05,1.290232525555421e-05,0.671957412652735,135.7385648610594,5.16173172,0.0642858893
56,2.4818885439222236e-05,5.7162935388761455e-05,2.4818885439222236e-05,0.7916447640453186,134.667015929216,7.16086817,0.0641168356
55,4.5605116510080326e-05,0.00010787686581751127,4.5605116510080326e-05,0.9212603664844996,132.80553924027404,9.72836494,0.0638735965
60,0.00011117221733837234,0.0002660764900630862,0.00011117221733837234,1.2013771783682234,132.03647424373867,13.6618242,0.0639953017
62,0.0002768727003274192,0.0006516801912631479,0.0002768727003274192,1.667457007605296,132.13042220285647,18.7800732,0.0644398704
69,0.000841672531848243,0.0018531595888483113,0.000841672531848243,2.794988209867303,132.74309973046675,25.2668152,0.064852342
77,0.0027471657828537083,0.0054810392166828245,0.0027471657828537083,5.531165920258496,137.5659140516342,36.1565857,0.0647848025
97,0.00399738458689424,0.007669957411268764,0.00399738458689424,7.07865666650398,137.8158476316533,40.8726082,0.0640032887
71,0.0013009130807691543,0.002778286714820839,0.0013009130807691543,3.424816694974958,128.0668161213731,29.2639942,0.0642062053
65,0.0006085245541375357,0.001360628294939017,0.0006085245541375357,2.3182218970429944,124.22132817157768,23.0970707,0.064717494
44,0.0005024667399324797,0.0016279610314859578,0.0005024667399324797,0.9554524189793379,115.45604211507738,55.5849571,0.0647471547
60,0.0001582237755128829,0.0003697795190581873,0.0001582237755128829,1.332105489707513,120.56595023027073,15.4764194,0.0654010251
56,1.5835539923233743e-05,3.3743533052114126e-05,1.5835539923233743e-05,0.6692556453990278,108.16449212373931,5.70740509,0.0644071028
57,7.2622846352259665e-06,1.5045364447060891e-05,7.2622846352259665e-06,0.5570277947150867,109.36010063348067,4.42327261,0.0641888604
59,2.695129198771895e-05,5.8019787809263796e-05,2.695129198771895e-05,0.7768456946957917,106.98119006143276,6.54694223,0.0647807196
59,2.273489270514542e-05,4.8732690340447276e-05,2.273489270514542e-05,0.7408941310410144,107.46303495680365,6.27200603,0.0648094043
59,4.3450075505013414e-05,9.416074407957617e-05,4.3450075505013414e-05,0.8925394534405402,106.44819518633999,7.71087885,0.06472978
57,3.9543234708673596e-05,8.621961928670061e-05,3.9543234708673596e-05,0.8555644396685418,106.09326040342623,7.73449945,0.0645008236
61,1.4745274214816024e-05,3.110599109386803e-05,1.4745274214816024e-05,0.6785299835714629,110.86540841295086,5.64048195,0.0650859177
59,1.0802134022381298e-05,2.262457820605162e-05,1.0802134022381298e-05,0.6216055775867445,109.50037906596867,5.18743277,0.0648045465
58,4.569310506567191e-05,0.00010495640380905087,4.569310506567191e-05,0.9115700622856061,118.28571777610242,9.86662388,0.0643905699
58,7.6016729322182085e-06,1.5573418290549402e-05,7.6016729322182085e-06,0.5761921012538997,112.86327143044889,4.31610394,0.0648411661
60,1.844567400476393e-05,3.926531713590097e-05,1.844567400476393e-05,0.7278000052996465,113.09850717481005,5.85399389,0.064525187
60,1.5266494528295022e-05,3.240843700591954e-05,1.5266494528295022e-05,0.6891294424214665,114.9265466188672,5.22236967,0.0649213716
61,2.0695525886316818e-05,4.513523383039856e-05,2.0695525886316818e-05,0.7401263978380784,116.55129052968462,6.4717679,0.0649142712
64,0.0002991988623257444,0.0006383606347098755,0.0002991988623257444,1.7653564559273522,106.56380708184149,16.7341385,0.0666397884
66,0.0003276265444093053,0.0006962897122435321,0.0003276265444093053,1.8565703151139559,108.09379604826061,17.0517864,0.0657308698
67,0.00048094933827139786,0.0010095318574593008,0.00048094933827139786,2.1840455703659205,108.41209440268084,19.6714077,0.0671407357
67,0.0003323757892206513,0.0007058210798466628,0.0003323757892206513,1.8819041206097693,109.30820790555079,17.1315632,0.0668727234
68,0.0005926869395402479,0.001239412818103142,0.0005926869395402479,2.4212204746498363,112.37066967520447,21.0499802,0.0667928755
68,0.0004654351855299508,0.0009800542326717872,0.0004654351855299508,2.2056252042233226,113.54520906850128,19.849947,0.0668081492
70,0.0007072019012977724,0.0014757615223953589,0.0007072019012977724,2.692823091647399,117.2432189530605,22.7271233,0.0683970079
63,0.00033521424259947845,0.0007102962049221824,0.00033521424259947845,1.9258142565251928,113.02584346433578,18.090498,0.0661412701
66,0.00032552653127973486,0.0006894839264605965,0.00032552653127973486,1.9163818597449267,113.11624719392012,17.5545406,0.0680450797
61,0.00014764922373048707,0.0003148592035013926,0.00014764922373048707,1.4071879297878973,111.13327269141224,13.4152164,0.0646705255
58,7.459810500518726e-05,0.00016412614498463498,7.459810500518726e-05,1.032218979166595,104.4800231193035,10.2240295,0.0647119507
58,8.403608886556173e-05,0.00018503187064723855,8.403608886556173e-05,1.0720973682966144,104.11792893820095,10.8201828,0.0643584952
63,0.00012795314491879418,0.00027948376730943585,0.00012795314491879418,1.2543501559295607,103.7180457582383,12.831728,0.0642783567
64,0.00021219776086164928,0.0004585291158484358,0.00021219776086164928,1.5208738070379793,103.8963089099297,15.2072678,0.0649082288
66,0.0003222423805122744,0.000687441041848767,0.0003222423805122744,1.7937636635568444,104.27623965979355,17.5479031,0.0648154244
65,0.00029618048793975533,0.0006316527531099555,0.00029618048793975533,1.7320095945922789,103.65338827692707,16.9347858,0.0657773018
67,0.0003450670634063641,0.0007327851591321177,0.0003450670634063641,1.8664152108576788,104.92229184823177,17.5872135,0.0677935109
65,0.0002244696931492564,0.0004836426054014598,0.0002244696931492564,1.5460680268295375,103.53047475530713,15.5972605,0.0661532581
67,0.0003463564628146192,0.0007369731488015846,0.0003463564628146192,1.8567105287991221,104.90140249381392,17.8261547,0.0668396875
70,0.0003182250817614168,0.0006779687881654805,0.0003182250817614168,1.7929427056325604,104.64716832224595,17.3178387,0.0676163882
65,0.00037349600965493876,0.0007925013188137469,0.00037349600965493876,1.922805889388786,104.93674607482023,18.3377934,0.0667649806
71,0.0004446267195345073,0.0009373436543535244,0.0004446267195345073,2.0709583030172887,105.68124269433017,19.3069153,0.0657802746
65,0.0004420577688907117,0.0009312298659798116,0.0004420577688907117,2.0840671021114057,106.49201910969859,19.1718197,0.0660650879
67,0.0003955793347503753,0.0008372971103762952,0.0003955793347503753,1.9774109639411854,105.66899991584602,18.7211533,0.0658745319
62,6.821869526683696e-05,0.0001497255261145292,6.821869526683696e-05,1.0088039472972126,104.8599717057002,9.72177219,0.0647326037
59,7.256028717564342e-05,0.00015862612274562468,7.256028717564342e-05,1.0348355527183999,105.05705634309851,10.0227633,0.0641780272
82,7.07753938782768e-06,2.50657430491109e-05,7.07753938782768e-06,0.7885200893703579,373.15313665463145,9.23929787,0.0636261478
84,7.082131032645592e-06,2.5058973102522626e-05,7.082131032645592e-06,0.8033747131881219,380.82946058476335,9.22548008,0.0642825291
91,7.432180497278098e-06,2.5686835269293826e-05,7.432180497278098e-06,0.8762780396702022,399.05765812889643,9.47115421,0.0644665137
87,8.377674051799712e-06,2.8755738713082954e-05,8.377674051799712e-06,0.9053421696492415,401.8518273539908,9.89570904,0.0648791865
86,7.830106484446375e-06,2.637687284608185e-05,7.830106484446375e-06,0.8898939487466989,395.8417283675957,9.24944496,0.0649512336
88,8.218319224929393e-06,2.7040281128551677e-05,8.218319224929393e-06,0.9647822131932411,412.0750969077893,9.77003288,0.0649838448
89,8.245967193140227e-06,2.7108345387876118e-05,8.245967193140227e-06,0.9519059985578886,410.9088019274091,9.56379128,0.066142261
54,1.1715018826858235e-06,3.405990796762948e-06,1.1715018826858235e-06,0.46590939911713136,317.19880051028093,2.84624314,0.064960137
86,8.427591387357332e-06,2.8262704602391184e-05,8.427591387357332e-06,0.8398724181276019,360.8092928547614,8.77242279,0.0651468858
87,8.430035172817504e-06,2.8713733334636723e-05,8.430035172817504e-06,0.8170410353871909,363.80198050911207,8.84396458,0.0648791641
89,8.971018340907788e-06,2.837901762572688e-05,8.971018340907788e-06,0.9705199941039633,377.42486123895605,8.83439159,0.0648610368
90,7.5605769728110925e-06,2.5159430086116814e-05,7.5605769728110925e-06,0.8902439147883935,383.5097937546938,9.05366325,0.0642990693
72,2.240986339801971e-05,4.73889299009932e-05,2.240986339801971e-05,1.120783143664667,211.80465601922666,8.3554821,0.0636900142
73,2.382840841692858e-05,4.879069683655185e-05,2.382840841692858e-05,1.2489705802320064,222.06735504003305,6.57710028,0.0641102195
44,2.053231459200742e-06,5.7711831516505885e-06,2.053231459200742e-06,0.40984077576814615,207.09097233460133,4.79725599,0.064091213
48,1.6760107812778587e-06,4.46341908425633e-06,1.6760107812778587e-06,0.40916874105197587,204.1407356354426,4.23122501,0.0644980893
43,2.031601776622946e-06,5.48771215231278e-06,2.031601776622946e-06,0.42279215834008277,218.48935295303764,4.59436417,0.0637488738
42,1.274058767567605e-06,3.040700120968868e-06,1.274058767567605e-06,0.407075142759759,215.57173238867892,2.59756923,0.064197883
45,2.2394861640548696e-06,5.973803366161264e-06,2.2394861640548696e-06,0.44387385442218563,226.33344013651464,4.55146408,0.0637562126
74,2.2947624566618454e-05,4.684300052503904e-05,2.2947624566618454e-05,1.2208694653711645,214.86278589075653,6.22147942,0.064295277
46,2.200781882373381e-06,5.5145821409889e-06,2.200781882373381e-06,0.4643626091421377,232.88394707483562,3.85805035,0.0645134524
46,2.052319768219105e-06,4.945442517952036e-06,2.052319768219105e-06,0.4753801667714999,238.73743028967704,3.23849201,0.0642940924
50,2.698954061459026e-06,6.59464686131684e-06,2.698954061459026e-06,0.5200058150611754,246.79834919257493,3.41744947,0.0640206784
53,8.493725676753366e-06,2.557332548176312e-05,8.493725676753366e-06,0.6656397061972512,269.87631611839083,7.67144394,0.0644118637
49,1.7369798606241833e-06,4.2163968452812085e-06,1.7369798606241833e-06,0.48866349380317076,257.4023931610472,2.20299721,0.06519261
86,0.0006367466239475948,0.004313025871285942,0.0006367466239475948,1.6381768350025963,297.66355207950716,196.224396,0.0643619746
77,2.9632840319372893e-05,7.871103149533482e-05,2.9632840319372893e-05,1.2275972807273883,305.100323823801,14.2402458,0.0646629632
78,5.402342541345023e-05,0.00016755265467268053,5.402342541345023e-05,1.4103716787767553,312.8878565945877,24.966547,0.0648972765
58,5.319226092915108e-06,1.2467361878514303e-05,5.319226092915108e-06,0.754857796021632,312.1453392624553,2.70002246,0.0649224892
47,1.2688071917936844e-06,3.640568101663249e-06,1.2688071917936844e-06,0.45455868071879235,305.9512468504768,2.94181037,0.0646498501
82,6.505436652385283e-06,1.998631191039679e-05,6.505436652385283e-06,0.8928678760494435,358.043145162049,7.91455126,0.0656304061
82,7.719449135538162e-06,2.3752465974066464e-05,7.719449135538162e-06,0.9988463773489415,375.77093554488835,7.68055964,0.0656112656
299,4.6602452361442926e-05,8.407166691640871e-05,4.6602452361442926e-05,6.360715715109611,916.9445603170079,8.20823765,0.0682547018
203,5.9050858006874336e-05,0.00019688734336694363,5.9050858006874336e-05,3.2653801591349767,746.7413869578356,22.4279976,0.0674087703
220,4.020236313648919e-05,0.00010562905045582989,4.020236313648919e-05,3.816186316154529,818.4074595758817,8.01210785,0.0706736892
120,1.2323320448842206e-05,3.140842961706216e-05,1.2323320448842206e-05,2.3208086574431466,538.4773672849763,7.5533762,0.0687531456
85,7.577791032752506e-06,2.3498799771887372e-05,7.577791032752506e-06,1.0028150136769705,382.5025144327076,7.65888119,0.0669846684
71,3.942423220811242e-06,1.1108293201000857e-05,3.942423220811242e-06,1.461088098032959,427.01947054511146,6.50801945,0.0674155653
86,8.354416791278748e-06,2.4947156674461975e-05,8.354416791278748e-06,1.2441471636735315,408.63374771814745,7.43626118,0.0665421411
103,1.01559755173004e-05,2.5341498942074915e-05,1.01559755173004e-05,2.847102626543917,596.2777398873764,7.20641232,0.0658292398
64,3.5771180466372267e-06,1.185995520158385e-05,3.5771180466372267e-06,0.8426116020327117,364.3571342330774,7.12439108,0.0669339895
85,7.706694026989303e-06,2.3264637953668184e-05,7.706694026989303e-06,1.0039979689573313,371.59142088845954,7.5424881,0.0661867633
88,1.0063171362696543e-05,2.5191842413177003e-05,1.0063171362696543e-05,1.2467154035894374,370.6315071313997,7.89365625,0.0669172406
211,4.6722114207357056e-05,0.00010865570712766835,4.6722114207357056e-05,3.82880892990387,649.4216148936762,8.01716423,0.0638656616
191,4.375378109497299e-05,9.974710918430131e-05,4.375378109497299e-05,3.622359297828727,613.2927940204027,7.68907166,0.0643933415
204,6.663989165713381e-05,0.00012680462678800483,6.663989165713381e-05,4.7345229980327,630.430407601352,7.11103153,0.0649421513
61,1.5653894801105544e-06,4.3987326275666386e-06,1.5653894801105544e-06,0.6525231222859391,326.0015655140369,5.44036055,0.0664572045
59,1.5864961050283472e-06,3.828875406269607e-06,1.5864961050283472e-06,0.7067974942809968,325.41448680161415,4.88144732,0.0655912682
61,1.935168971022659e-06,5.622609384264174e-06,1.935168971022659e-06,0.6409034220019052,327.2340222232304,6.07680607,0.0657279342
65,3.019530764177538e-06,6.561988097702842e-06,3.019530764177538e-06,1.1500751778713303,361.21618249108786,2.98895621,0.066411756
63,2.6365774109714133e-06,5.527900301070658e-06,2.6365774109714133e-06,1.1050013410980264,352.4936394825957,2.73791599,0.0670801699
53,2.924674650874848e-06,1.062830134427174e-05,2.924674650874848e-06,0.4930139475720885,289.6644327378082,6.79620886,0.0638941228
59,3.1628365513828053e-06,1.329012699061921e-05,3.1628365513828053e-06,0.5227426803557627,290.3720598946016,11.6667995,0.0647499561
56,2.3729143663157677e-05,0.00011384276755167783,2.3729143663157677e-05,0.5585134722824383,277.08644867209307,21.0937881,0.0639519319
60,1.5972490341815364e-05,6.914477627154588e-05,1.5972490341815364e-05,0.605713404049027,285.18175991184415,15.3886747,0.0652996078
57,3.914678472693479e-06,1.7516328506548285e-05,3.914678472693479e-06,0.5535924006557669,291.52235535848075,13.3750372,0.066809848
55,3.5620247018779226e-06,1.3344637511865763e-05,3.5620247018779226e-06,0.5277112128056248,277.6390295310973,9.08115387,0.0642881915
79,0.0002713952150987663,0.0016878909132201593,0.0002713952150987663,0.9901488470751146,391.6232797186721,96.297226,0.0676023886
81,3.905442561431023e-06,1.0702752272699044e-05,3.905442561431023e-06,1.0945915866344835,455.41679597571203,4.89664125,0.0679635927
83,3.384154579852659e-05,0.00014960268826448987,3.384154579852659e-05,1.6771771260662698,540.4870073913568,20.8205051,0.0714096203
73,3.7792552383435883e-06,1.1351073232243046e-05,3.7792552383435883e-06,1.0378474083022988,439.2878313956973,5.63872385,0.0680800974
97,1.7269213203470832e-05,6.472678849587831e-05,1.7269213203470832e-05,1.8512066796187827,563.9952582538834,12.72369,0.0709307566
100,5.7963796474976e-06,1.0845041856271967e-05,5.7963796474976e-06,2.779934716709425,838.34499757696,2.41333127,0.0647609904
67,3.503243413228377e-06,1.1939483668973225e-05,3.503243413228377e-06,0.947470961459515,428.8584706549269,6.91450644,0.0665532723
104,1.0827941187872484e-05,3.683321489752075e-05,1.0827941187872484e-05,2.197592860204082,694.6278433296937,11.2199802,0.0653230697
78,3.1103273982024554e-06,9.915012157926905e-06,3.1103273982024554e-06,1.0809062331025117,452.74486069305806,6.4403038,0.0683500171
94,9.13449975174208e-06,2.8457394425487377e-05,9.13449975174208e-06,1.1037123087453369,423.1255693194181,8.58328724,0.0657355338
72,2.9969791094109844e-06,8.916016133522018e-06,2.9969791094109844e-06,0.8942232292201922,426.07516234728774,5.04565525,0.0670351237
70,2.22396095417618e-06,6.920032627153154e-06,2.22396095417618e-06,0.7791990901947865,413.43439286984426,5.62168074,0.0660191476
95,8.16479566719059e-06,2.4896397324371436e-05,8.16479566719059e-06,1.1458910886100087,446.5213325744965,8.73876381,0.0660900027
72,2.64185384783979e-06,7.712956587870376e-06,2.64185384783979e-06,0.9027907168281158,433.56196980560804,5.43789959,0.0656748414
86,1.522750739236038e-05,4.222704852369495e-05,1.522750739236038e-05,1.1360518889404843,263.9267294564464,9.43505955,0.065249972
89,4.442722560693317e-05,0.00010611016984080212,4.442722560693317e-05,1.7244971518155885,272.36663311189733,10.2959471,0.0674542487
87,3.636999625982845e-05,8.695158512065516e-05,3.636999625982845e-05,1.4583531854405576,256.31726760636786,9.42547512,0.0649778172
91,3.520148525033085e-05,8.482174714395821e-05,3.520148525033085e-05,1.7703202730713758,275.7135542970744,10.0524683,0.0667770207
95,0.00010461642719716996,0.0002484702969257735,0.00010461642719716996,2.5658801003984855,293.79304543235014,11.5134611,0.0688738003
81,2.0089482323759576e-05,4.839648174866782e-05,2.0089482323759576e-05,1.052711235468822,243.8028534771336,8.76540756,0.065486066
72,9.630031338230042e-06,2.6753380582849618e-05,9.630031338230042e-06,0.7372056793368118,230.50336109057608,8.32548141,0.0640790388
80,1.760639063942746e-05,4.321216408814177e-05,1.760639063942746e-05,1.0061854666292651,239.57550752198023,8.67118168,0.0665760785
74,1.1517714530521827e-05,3.0519123204678193e-05,1.1517714530521827e-05,0.7806793911682823,225.35863912283762,8.04824066,0.0640053675
72,4.3737168872233286e-05,0.00010461325800432846,4.3737168872233286e-05,1.1090735499878002,210.96801159379243,9.03050041,0.0641236827
77,2.516284936240501e-05,6.046491142174375e-05,2.516284936240501e-05,1.0192604622201236,225.66857376613828,7.93881893,0.0643546954
80,7.178361034280692e-05,0.00017206066550862835,7.178361034280692e-05,1.4824421572618407,229.62729656198275,10.742219,0.0653902739
76,0.00011303310318964966,0.00027547867549068184,0.00011303310318964966,1.571278190073648,222.90133956516627,13.0724192,0.0655810684
73,7.660726133551185e-05,0.00018530722284293373,7.660726133551185e-05,1.3434132108334504,215.36416962711607,11.1716766,0.0647185668
75,0.00019607393954696985,0.00047222817541335744,0.00019607393954696985,1.7791175661357492,207.45563229509546,15.5393171,0.0642806441
74,0.00014323724836539942,0.00034705628098072484,0.00014323724836539942,1.6481259845952942,214.6391367021799,14.3063765,0.0640492961
66,0.00012456142532855238,0.0003026502199768115,0.00012456142532855238,1.4162399895818767,190.70925371520542,13.0764465,0.0635631084
67,0.0001261581686911797,0.0003076634536872215,0.0001261581686911797,1.3914952684107111,185.32438722596345,12.4054623,0.0637231395
70,0.00018353832304912154,0.0004451476095764203,0.00018353832304912154,1.6308760030098715,190.74148600011398,14.3578329,0.0638135597
71,0.00017783461939453765,0.0004310301312870687,0.00017783461939453765,1.6701297424957682,201.93495829273692,14.546978,0.0643336922
71,0.00022517631682530894,0.00054402038637773,0.00022517631682530894,1.780736037981333,194.4388088867795,15.5878811,0.064113684
75,0.0002922695779256054,0.0007051676415823868,0.0002922695779256054,2.035398226456717,204.32765361710688,17.7127609,0.064704068
76,0.00040450915244564487,0.0009715302791616459,0.00040450915244564487,2.345543938281444,206.53924698042584,19.770813,0.0652389452
75,0.0002798322622133867,0.0006761952875966433,0.0002798322622133867,2.0274410296149905,208.0255008699332,17.9210835,0.0652605668
220,4.94670040719599e-05,0.00011099965851688199,4.94670040719599e-05,3.7967015767058574,598.0977048658542,7.27301741,0.0659552142
64,1.816884805606426e-06,4.593531682216184e-06,1.816884805606426e-06,0.6941386454062253,279.03218582473124,4.75544453,0.0664712861
63,2.471772635331919e-06,6.502795939882287e-06,2.471772635331919e-06,0.7631155026397576,275.5534729592059,4.78889847,0.0670017377
64,1.674728026126887e-06,4.014144450887888e-06,1.674728026126887e-06,0.6744172360189842,283.37018731535693,3.85538435,0.0659240261
93,1.9764740724924034e-05,4.2344751203387174e-05,1.9764740724924034e-05,1.9477852463912455,322.8496916766807,8.28956413,0.0673311725
92,4.079318205763107e-05,9.485298742031316e-05,4.079318205763107e-05,1.8825892886769098,292.88956524003703,9.96901608,0.0669697225
93,3.643062358746208e-05,8.724126533970558e-05,3.643062358746208e-05,1.9048719642923084,295.8619668235307,10.1350784,0.0667017624
92,2.9714299064039843e-05,7.368954744669687e-05,2.9714299064039843e-05,1.858900104037616,296.349090639794,10.7417822,0.0671510547
64,6.523351702702134e-06,1.4562342305598858e-05,6.523351702702134e-06,1.5494694423379076,307.5666490768955,6.61787033,0.068095006
63,4.930731656274289e-06,9.414718880169182e-06,4.930731656274289e-06,1.4806643718481762,310.9122609939909,5.50914717,0.0681233928
93,0.0001940532764699789,0.00045411325841528913,0.0001940532764699789,3.0856395261577707,301.80937659311536,12.8555679,0.0673977733
60,9.545650278356469e-05,0.00023326695954532662,9.545650278356469e-05,1.2392792204873655,178.09276401074337,11.6270285,0.0634687543
69,0.00025102453881686057,0.0006080743582307927,0.00025102453881686057,1.7906319141212639,185.7628912828208,16.3765678,0.0640295669
67,0.00016615986265385818,0.00040506208156114903,0.00016615986265385818,1.5234193654941366,182.22699425609704,14.0488052,0.0639022887
66,0.00011711120466310513,0.00028561168166857685,0.00011711120466310513,1.3384431504860868,178.25074467048705,12.5414457,0.0636416376
67,0.00015068041485710945,0.00036634757975553676,0.00015068041485710945,1.4582725485122994,176.09504103697023,13.8321657,0.0637314394
67,0.00014525507745553852,0.000352395852891605,0.00014525507745553852,1.4510679518612706,175.83861117635223,13.3186216,0.0641623363
65,0.00013941118176395728,0.00033778694578795806,0.00013941118176395728,1.4151658933748739,172.34030255580114,13.2510872,0.0642029494
63,0.00012763705957870704,0.0003109265675442755,0.00012763705957870704,1.3790456768037966,177.69594704062317,12.7564783,0.0637824908
63,0.00016558754613790795,0.0004022607301285123,0.00016558754613790795,1.4763311255310452,167.25021943967735,14.506875,0.0641148761
67,0.00019350295443867915,0.00046736969376563243,0.00019350295443867915,1.589781807109578,171.6619774265431,15.17169,0.0644844547
62,0.00014395451032592595,0.0003510459640527984,0.00014395451032592595,1.394792628977762,165.1721134257089,13.9362917,0.0640934333
61,0.000151265323624133,0.0003676109058190803,0.000151265323624133,1.3994795288794186,161.03354872266243,14.2906313,0.0643253401
56,7.272708438498755e-05,0.0001770425560461631,7.272708438498755e-05,1.0908605295822944,157.17942717503897,10.92628,0.0646622702
66,0.0001540834362630552,0.00037254089374302304,0.0001540834362630552,1.4250410967889162,161.01774424822744,14.0603838,0.064798981
59,5.029851949674948e-05,0.0001195165466084109,5.029851949674948e-05,0.9814578670405799,152.01187268026106,8.87224865,0.0640387535
63,0.00012148160961060521,0.00029358246470768344,0.00012148160961060521,1.3051180723250888,157.61716959707041,13.0909014,0.0647006258
62,0.00021506036234316385,0.0004577610539652266,0.00021506036234316385,1.6287875202688586,113.09920306350307,15.232336,0.0644517094
60,0.00029114601216803936,0.0006176541696689957,0.00029114601216803936,1.8468506923659862,115.26650762801476,17.2944679,0.064635314
64,0.00027279551014899845,0.0005777645068111258,0.00027279551014899845,1.8293395020542498,117.30809519974078,16.5312901,0.0651469007
67,0.00036468182996607785,0.0007721818994496292,0.00036468182996607785,2.0589520728078257,119.12720785073006,19.7106457,0.0658744201
64,0.0003070475561090866,0.0006483409883826657,0.0003070475561090866,1.9657007682245244,121.20982100290206,17.6613884,0.0670949966
66,8.286992565690868e-05,0.00017530535711311125,8.286992565690868e-05,1.230248616145317,121.57085534182562,10.9172258,0.0654716417
60,2.082680818177683e-05,4.427119233798682e-05,2.082680818177683e-05,0.8090875453600864,126.55440309672417,8.01128197,0.064234294
65,7.817728422668884e-05,0.00016551830444664703,7.817728422668884e-05,1.2259545722454985,125.61129407615911,10.1899881,0.0646687597
65,7.958012000389183e-05,0.00016857343010225846,7.958012000389183e-05,1.2196555645454925,122.7206899683542,10.995698,0.0641528293
63,0.00015014114586178956,0.00031844411066218637,0.00015014114586178956,1.5539321618823523,126.46419720475527,13.0839357,0.0642458573
70,1.7416033645424246e-05,3.7685763875856336e-05,1.7416033645424246e-05,1.000931552592813,190.33857179600827,8.28439236,0.0650248006
69,1.3294730311339107e-05,2.868475367674952e-05,1.3294730311339107e-05,0.8988694266381497,183.77198814057746,6.24071884,0.064655818
67,2.0753720536023827e-05,4.3078867876624336e-05,2.0753720536023827e-05,1.1227848351153238,200.23837320199672,7.41295862,0.0651732683
74,2.2426442246861827e-05,4.590344888161356e-05,2.2426442246861827e-05,1.1988387701674645,208.63794377778498,6.04784012,0.0647011176
69,1.2236341001441058e-05,2.8435725692133072e-05,1.2236341001441058e-05,0.8011002495621098,176.08741889427347,7.78382778,0.0639626682
59,1.22322891945913e-05,2.7908752454383664e-05,1.22322891945913e-05,0.7398643212346911,155.19362783170268,6.8646946,0.0643592104
61,1.0619156707004008e-05,2.5055586536143774e-05,1.0619156707004008e-05,0.7139874288246119,160.87148136518468,6.91066551,0.0645529553
67,1.2569696327989834e-05,3.0533319131993815e-05,1.2569696327989834e-05,0.7761910999587553,166.99776965717615,7.8964529,0.0649028569
69,1.303588814948497e-05,3.155871469729083e-05,1.303588814948497e-05,0.8573981329241114,178.58165331318466,8.89490604,0.0681166053
71,1.514039354629681e-05,3.695118224247739e-05,1.514039354629681e-05,0.8864514617384391,171.54062319130907,9.65432167,0.0665524006
62,1.0885211420414104e-05,2.5569364952833784e-05,1.0885211420414104e-05,0.6609532972099251,133.04865816021965,7.72661781,0.0639872104
62,1.1034334071703214e-05,2.6897217567987833e-05,1.1034334071703214e-05,0.6591068327851637,136.94503203267243,8.29447842,0.0637807474
60,2.086301445280199e-05,4.5077725223330556e-05,2.086301445280199e-05,0.8196402247947988,130.0311730764644,7.88534546,0.0647814274
66,1.0038965071870245e-05,2.6071292900184146e-05,1.0038965071870245e-05,0.6286394393793014,145.05408838677872,8.28392792,0.0641737953
61,1.0756436066324837e-05,2.524611583448399e-05,1.0756436066324837e-05,0.7047237318015349,150.92030854691183,6.80016804,0.0651678145
66,1.2412783045688187e-05,2.9237986119050547e-05,1.2412783045688187e-05,0.7469275318601591,155.16874105856832,7.22948027,0.0655715764
66,1.698523122223548e-05,4.07887627580323e-05,1.698523122223548e-05,0.7780395781207582,142.23625757596358,9.56144238,0.0643363371
61,4.5738601437694835e-05,0.00010720984774375488,4.5738601437694835e-05,0.9627367530969114,149.43154551902595,8.29915142,0.0655042678
59,8.269045876520239e-05,0.00019713215408063137,8.269045876520239e-05,1.1442909894634448,152.35668713303716,10.8268223,0.0641971603
58,3.254433067304271e-05,7.499912714810203e-05,3.254433067304271e-05,0.8874320585880423,147.631096134751,7.08056545,0.0645259544
60,2.9239721863773562e-05,6.663402094717851e-05,2.9239721863773562e-05,0.8622437387624896,145.43061050104467,7.05519438,0.0644283965
59,2.437824814345414e-05,5.513039291278533e-05,2.437824814345414e-05,0.8210190461139698,143.8138687413786,6.66640759,0.0645835921
59,1.699504119483849e-05,3.801372638505669e-05,1.699504119483849e-05,0.7422923678039737,141.82249247133157,5.65698433,0.0642562881
60,1.551650774977411e-05,3.458872350570832e-05,1.551650774977411e-05,0.716185733800889,139.2134617501501,5.50881624,0.0650242046
58,2.274152079178861e-05,5.1627830474600315e-05,2.274152079178861e-05,0.7836158553555598,136.77284368805584,6.52682114,0.0650552809
58,3.376059557317746e-05,7.791993357953618e-05,3.376059557317746e-05,0.8668814178015942,136.32401080595974,7.96321297,0.0648136586
58,4.157240738668517e-05,9.748923383921176e-05,4.157240738668517e-05,0.90940604179834,134.0290505054629,9.0909071,0.0639683977
61,0.00010826270208008365,0.00025557889634819826,0.00010826270208008365,1.2252531204904655,134.0333775566646,12.9078341,0.065386951
63,0.0002853925121564627,0.0006631337122195578,0.0002853925121564627,1.7307348275953316,133.1181670175591,17.9773617,0.0649725869
67,0.0005655284829754678,0.0012686250840710884,0.0005655284829754678,2.3347133319686804,132.98552791366765,22.1859303,0.064985916
74,0.0014400338180430314,0.0030146481613920325,0.0014400338180430314,3.8003651950873714,134.03710635378684,29.6823177,0.0646513477
36,7.409338649746611e-05,0.0003168575389905626,7.409338649746611e-05,0.4296232502280033,112.3952585612506,41.2817879,0.0648155436
79,0.0026507110658529,0.005341540202933211,0.0026507110658529,5.231927919076218,132.5523106516338,36.8069725,0.0657383353
71,0.0011007874936118341,0.002363088401078695,0.0011007874936118341,3.1556829358188154,126.2559482791813,27.6688023,0.0648761913
91,0.003945099453898232,0.007561912579929382,0.003945099453898232,7.202966801155463,141.434613429018,42.2403526,0.065015018
67,0.00047061447399191115,0.0010550038192624917,0.00047061447399191115,2.0890523365516005,122.49128827094896,20.9881306,0.0650064051
60,2.471579207504236e-05,5.305358660975171e-05,2.471579207504236e-05,0.7656620252606443,108.15987362790815,6.56289148,0.0649183542
61,1.8495446686745557e-05,3.9296437212661696e-05,1.8495446686745557e-05,0.7174823995998194,109.15767177990206,6.07921791,0.06469246
60,5.6162655887675086e-05,0.00012173369939366245,5.6162655887675086e-05,0.9706097044193198,106.94041053846703,8.5539999,0.0652372539
62,5.710364662165163e-05,0.00012342424903778919,5.710364662165163e-05,0.9892991847179162,107.892837494282,8.44386959,0.0657159314
61,7.027986945012826e-05,0.000153053543012175,7.027986945012826e-05,1.0363004454464424,105.94923915521123,9.67276001,0.0649680048
61,1.7208168663946008e-05,3.6469984671873735e-05,1.7208168663946008e-05,0.7090159664841034,110.67999530383695,5.97996235,0.0658526048
63,5.1300231444672835e-05,0.0001111809191368992,5.1300231444672835e-05,0.9858739217398741,114.34396767548665,8.12055111,0.0662579462
64,0.0001657968639269067,0.00038406775943354413,0.0001657968639269067,1.3724196006823008,120.40426758891421,15.4601812,0.0650770888
62,5.819192371767458e-05,0.00013281714633850566,5.819192371767458e-05,0.989028313048093,118.5235361148078,10.000741,0.0654205978
62,2.330515244084652e-05,5.017830812045339e-05,2.330515244084652e-05,0.7789552429200083,115.12337829325864,6.04605961,0.0654173717
64,3.905895427469981e-05,8.496535373303184e-05,3.905895427469981e-05,0.9108524655449488,116.12358530358546,7.51025867,0.0663706437
66,5.2890707035560216e-05,0.00011464384492668662,5.2890707035560216e-05,1.0084387943143707,116.304268017673,8.20961571,0.0666839778
63,3.540507606730645e-05,7.816270489796472e-05,3.540507606730645e-05,0.8680278773507016,117.49866444134082,7.6831727,0.0657781139
64,6.968952021796234e-05,0.00015786415458533676,6.968952021796234e-05,1.061207403962575,119.70694285133004,10.836957,0.0666785091
66,0.00048467934015156,0.001017855230027669,0.00048467934015156,2.1864639335839664,107.97375181222225,19.7628326,0.0673613325
69,0.0005630843650289198,0.0011773924023884032,0.0005630843650289198,2.339632557346798,108.87607872012025,20.9373074,0.0681300759
68,0.0006874778208767738,0.001428437874890608,0.0006874778208767738,2.585102455883812,111.73219339986781,22.0228024,0.0679050982
74,0.000999036519054015,0.00204082148943525,0.000999036519054015,3.102746739289958,113.24049933533243,24.7632999,0.0684813708
70,0.0008075994775301164,0.0016672495142876847,0.0008075994775301164,2.805537186775525,113.52237897256506,23.2260685,0.0696905032
70,0.0009096877293728151,0.0018785083064696943,0.0009096877293728151,3.0165576813396715,117.49620166630996,24.4792862,0.0687195733
71,0.0007888604325443898,0.0016402856457646356,0.0007888604325443898,2.8354166159408636,118.06160464993421,24.2876892,0.0687368736
75,0.001218265263193395,0.002508885821376563,0.001218265263193395,3.596068928510302,125.56475011976568,28.5399742,0.0684409887
66,0.00044735082828455656,0.0009422091879822891,0.00044735082828455656,2.1978646306355647,115.57298005630904,19.8702621,0.0669268891
64,0.0003431868770073808,0.0007262142661790545,0.0003431868770073808,1.9615038334281922,114.71399726903881,18.0461006,0.0651864633
71,0.0006893962123472863,0.0014384849722040075,0.0006893962123472863,2.685648240499021,118.54093153537198,23.3393764,0.0694633126
64,0.0004274057769463637,0.00089921892148812,0.0004274057769463637,2.150105782323479,115.18300072717285,19.5709953,0.0656412616
59,8.04122597858047e-05,0.00017630401830866403,8.04122597858047e-05,1.0617935432932464,104.54166327253127,10.490448,0.0651049837
65,0.00016320488375303724,0.00035586376354501854,0.00016320488375303724,1.3578937992779674,104.53044983937188,13.6807432,0.0648856089
63,0.0001334501518513516,0.0002916919438192147,0.0001334501518513516,1.273080909186494,103.65573277128794,12.8113756,0.0652374104
67,0.00034584181867815435,0.0007369356247604039,0.00034584181867815435,1.8653854256756817,105.65386478646373,17.9439774,0.0660188496
66,0.00034643036584094164,0.0007374997259585765,0.00034643036584094164,1.865528382052425,105.4677926144959,18.0978413,0.0661472231
67,0.0006339427238815314,0.0013150406902804994,0.0006339427238815314,2.462794164276072,107.17235214547695,21.7205181,0.0699444488
73,0.0005145812781588773,0.0010777861038573948,0.0005145812781588773,2.2284257175793614,106.8910435453376,20.5363979,0.0701919198
69,0.0006179150237822783,0.0012843301935587842,0.0006179150237822783,2.428868557289532,107.39870350572436,21.524662,0.0696988478
68,0.0004431755918078251,0.0009348938351888645,0.0004431755918078251,2.099647043572769,107.35843471687495,19.4157696,0.0652378574
72,0.0004584543242146659,0.0009639450362845533,0.0004584543242146659,2.129189406652546,106.84670471004834,19.6458664,0.0678161085
66,0.0004652016327723225,0.0009813361011875871,0.0004652016327723225,2.136537707183126,107.30472387706588,19.6703167,0.0681935474
71,0.0006917946093334504,0.0014332156097551598,0.0006917946093334504,2.5611684240769694,108.56789582175973,22.2613411,0.0673699602
69,0.0006074918513917314,0.001268224734056521,0.0006074918513917314,2.4080932629314096,108.25699466631586,21.4683018,0.0676831454
72,0.0007924867799110917,0.0016349385904792654,0.0007924867799110917,2.7491201914306784,110.466361594797,23.4585686,0.0678830072
63,0.00017022261261086065,0.0003698122402922669,0.00017022261261086065,1.4059871195011528,105.90346202535974,14.1358671,0.0651971847
65,0.00011637794639655588,0.00025277715340682775,0.00011637794639655588,1.2320196886370678,106.0100004702756,11.6789331,0.0642455146
89,8.78793110665033e-06,2.821480434676666e-05,8.78793110665033e-06,0.9897274614589787,394.0201947634546,9.02933788,0.0657296702
101,2.6172321845037284e-05,6.181920405958437e-05,2.6172321845037284e-05,1.771886926772196,424.3943146271529,8.96056938,0.0668264255
68,1.9341960404905126e-06,6.214290003960962e-06,1.9341960404905126e-06,0.7071816990526404,396.36930444747077,7.00707579,0.0645862892
66,2.771644860665029e-06,1.1092869738196148e-05,2.771644860665029e-06,0.7091331561606805,396.66689830768337,8.09220695,0.0657596216
71,2.08383291746303e-06,5.8929334712231135e-06,2.08383291746303e-06,0.8351465766131657,428.8275016659438,5.79661465,0.0632742569
67,1.941022904197125e-06,5.876852636524072e-06,1.941022904197125e-06,0.7420010161678289,405.3699120446127,4.68731737,0.0659208298
70,2.377928747786657e-06,6.044695066575266e-06,2.377928747786657e-06,0.8776739223733566,427.43154707193514,3.85543394,0.0648153722
56,1.14985001975563e-06,3.4183462898914904e-06,1.14985001975563e-06,0.49066608271753015,325.52291887888714,4.52543163,0.0654492751
55,1.1131208366511409e-06,3.187347061997552e-06,1.1131208366511409e-06,0.5115613709062202,328.9092754088175,2.73854041,0.065349631
85,7.980394815200147e-06,2.6930570241543775e-05,7.980394815200147e-06,0.8862488699975656,375.25991897904834,8.69675255,0.065824315
93,8.55023257213989e-06,2.8100869942951838e-05,8.55023257213989e-06,0.9725096284060576,386.56541934320006,8.70639896,0.0654331148
96,1.0017115205397369e-05,2.9143858345983085e-05,1.0017115205397369e-05,1.1924817023210972,409.51759655365265,8.71015263,0.0658974946
96,1.7174554418534155e-05,4.303451197812802e-05,1.7174554418534155e-05,1.499978582814073,416.10925624539107,8.76357365,0.0652900189
75,2.5031250479922165e-05,4.66793823703322e-05,2.5031250479922165e-05,1.5508436378662085,236.16214573748763,5.16814661,0.0655939654
43,1.168588704161648e-06,2.758138536656637e-06,1.168588704161648e-06,0.41193669009831785,213.53495044193616,2.40631938,0.0642650425
46,1.4737745770595314e-06,3.6574045388179294e-06,1.4737745770595314e-06,0.43230721858386456,206.90817535395428,3.41934705,0.0669606104
46,1.2807742573091816e-06,3.0109592095951925e-06,1.2807742573091816e-06,0.41491746402784035,222.58760182162465,2.0329113,0.0647606403
48,1.1288011472024196e-06,2.651138489432921e-06,1.1288011472024196e-06,0.4264805136938713,223.16826031039722,1.95534313,0.0653716177
43,1.3823091284927535e-06,3.2437616178217733e-06,1.3823091284927535e-06,0.43090455642115144,228.82768283768482,1.96612906,0.0645646229
74,2.482602481314645e-05,4.8174428237066674e-05,2.482602481314645e-05,1.4236292315655967,224.17327387997082,5.80023479,0.0661039054
46,1.5102907818333092e-06,3.712774559432432e-06,1.5102907818333092e-06,0.4439971113463801,236.56488655230834,2.31264377,0.0652780384
46,1.2263422629883367e-06,2.982728862747538e-06,1.2263422629883367e-06,0.43902605314924276,243.58907908386848,2.12703776,0.0652631894
43,1.2173508360666193e-06,3.0218951079110635e-06,1.2173508360666193e-06,0.44665485943359196,251.1743301631582,2.23134804,0.0650705323
49,2.2142342556936715e-06,5.290092505303664e-06,2.2142342556936715e-06,0.5507936537232068,268.99046598660954,2.32055068,0.0652997866
48,1.1587911953177347e-06,3.0460611748540433e-06,1.1587911953177347e-06,0.4746247292942583,269.1660986376571,2.45928025,0.0649435148
55,3.828742770656595e-06,9.57087438925462e-06,3.828742770656595e-06,0.6450198361500725,279.41576439223815,3.98665571,0.0659241527
64,6.0067459075587684e-05,0.0002693259975653677,6.0067459075587684e-05,0.9142654055656397,297.96785788811644,31.7623787,0.0669870451
77,3.629984469453519e-05,0.00010373830853283082,3.629984469453519e-05,1.3217617980065732,314.89134564353685,17.9365005,0.0654573962
65,0.0006423537543747784,0.004538248957115945,0.0006423537543747784,1.1028404264364138,313.47970281785024,185.725403,0.0658582523
54,1.8707346242514205e-06,5.337231138442894e-06,1.8707346242514205e-06,0.5280987215405594,315.8296135551089,3.10797763,0.0656371787
64,3.0093684981498306e-06,9.081466143178507e-06,3.0093684981498306e-06,0.8762614664135865,357.4928068413908,7.05338669,0.0677264407
66,3.7963494498605445e-06,1.1612477798593837e-05,3.7963494498605445e-06,1.0056065699487184,370.7552552287104,6.69593191,0.0682495758
222,5.400702019390259e-05,0.00015801177617611077,5.400702019390259e-05,3.722518998673864,813.3499641611996,18.3407574,0.0676423013
127,1.4090114774378372e-05,3.4630313822240044e-05,1.4090114774378372e-05,2.9380619250228506,615.2988710364139,7.53376102,0.0659196749
135,1.4192420805200895e-05,3.642580960839561e-05,1.4192420805200895e-05,2.8240593616608445,621.6267383563035,7.41668987,0.0660637096
84,4.4667562800743966e-06,1.2423606934942938e-05,4.4667562800743966e-06,1.9341700007859748,581.4958468363862,5.9973979,0.0670293793
66,4.735326506915988e-06,1.1193368697421922e-05,4.735326506915988e-06,1.6112651700108933,426.8229818150057,4.86720991,0.065713577
76,7.054268704642403e-06,1.5168665100969902e-05,7.054268704642403e-06,2.2113267102876395,478.2627083739688,4.92664337,0.0646902472
73,6.868276137446038e-06,1.473930042911341e-05,6.868276137446038e-06,2.1089587476206613,456.6033400729541,5.2510972,0.0647279918
65,3.4659419469118865e-06,7.3796059056118095e-06,3.4659419469118865e-06,1.2861948859854007,374.6437920968555,3.39785576,0.0671950281
199,5.313114523181896e-05,0.00010843347796186385,5.313114523181896e-05,4.25560506361883,617.6662685504568,7.02508163,0.0641710237
206,7.226038734000728e-05,0.0001451820769755101,7.226038734000728e-05,4.385108882012988,597.0270675543891,7.38514376,0.0646410659
63,1.7492696559233926e-06,4.709264560691191e-06,1.7492696559233926e-06,0.7305013350581869,321.91615660814637,6.45624352,0.0640718564
63,2.910278614693015e-06,5.446477340436791e-06,2.910278614693015e-06,1.3164961179787973,363.7922370317332,2.61240602,0.0665819496
69,3.5567388845681946e-06,6.151348804436295e-06,3.5567388845681946e-06,1.566595984306639,374.8774618203633,2.49116683,0.0661877021
76,1.828597322982154e-05,4.5234848155823095e-05,1.828597322982154e-05,3.0642596360172436,499.7759599165795,8.88896179,0.0654004291
65,4.873600427146599e-06,9.080589656585433e-06,4.873600427146599e-06,1.7800996788175232,404.6573839478536,2.58097649,0.0685474575
77,7.618619221191851e-06,1.2603567719331735e-05,7.618619221191851e-06,2.60479387366954,464.7241384171797,3.99154639,0.0663609281
56,2.439820115788656e-06,8.017949566186828e-06,2.439820115788656e-06,0.6144317231849454,301.3203174572182,7.32773542,0.0661239401
65,1.770900297930583e-05,8.080313714306331e-05,1.770900297930583e-05,0.6541834014515088,285.18528367836757,19.0709915,0.066329889
65,1.3795994776248201e-05,6.137791212922612e-05,1.3795994776248201e-05,0.72853019946403,295.37925678410807,15.3886738,0.067343384
64,2.9083449925966004e-06,1.0799064349076638e-05,2.9083449925966004e-06,0.7283232399559699,306.19156257841007,10.7697725,0.0669975281
63,4.10169410458417e-06,1.5859034620383425e-05,4.10169410458417e-06,0.8266186833540053,305.24921448082813,11.3170605,0.0672177896
89,6.264971736894033e-06,1.6795009012953552e-05,6.264971736894033e-06,1.4209369122335325,509.299346523321,5.31843519,0.0680032
99,9.348585917423218e-06,2.8725905428213735e-05,9.348585917423218e-06,1.7054154978951945,581.3608346435178,8.87375164,0.0663660541
56,1.2966332817577463e-06,3.6694424854863217e-06,1.2966332817577463e-06,0.906007973616339,505.33503398421243,2.92297435,0.0752594844
90,4.695006583139976e-05,0.00021321884833594816,4.695006583139976e-05,2.107739492288222,665.0233332218576,21.7143936,0.0675391927
108,7.428652934580249e-06,2.265222732205397e-05,7.428652934580249e-06,2.697893672020835,986.4375105554107,8.32121468,0.0650880635
71,1.5213201989144173e-06,1.4313758000701016e-06,1.5213201989144173e-06,3.112644222158266,2316.0879772775343,0.658070683,0.0679279193
132,1.073018955940486e-05,2.8472494716226018e-05,1.073018955940486e-05,2.7711969773765586,774.1987098656809,7.00528717,0.0627622083
96,4.135756582173525e-06,1.0829265118660955e-05,4.135756582173525e-06,1.8479725328649272,598.9619273289044,5.83787346,0.0666913539
164,1.1558242659812717e-05,3.105672530473194e-05,1.1558242659812717e-05,4.0826042071295365,1402.3870041871614,7.44246864,0.0630855188
79,3.4780717100781543e-06,9.052184698211961e-06,3.4780717100781543e-06,1.1509308126580917,481.6611520169513,4.35609531,0.0659243092
73,2.954374864836721e-06,7.566848749941645e-06,2.954374864836721e-06,0.9800318147028113,449.54705902643343,4.26145935,0.0677602962
80,4.169727808821586e-06,1.0454139662065623e-05,4.169727808821586e-06,1.2034349240749682,484.9481844306133,4.31961203,0.068164438
96,4.416077760069967e-06,9.876108372961453e-06,4.416077760069967e-06,1.8824471492936823,672.841410155413,2.58676505,0.0677986667
92,6.158597777688131e-05,0.00014661958771854344,6.158597777688131e-05,2.2373254508666705,296.30803528691166,10.836791,0.0684773475
102,0.0003061714223860623,0.0007405551230314389,0.0003061714223860623,4.141622890210689,337.2547150120052,24.0924149,0.0673741698
94,7.34334045046862e-05,0.00017517429000511592,7.34334045046862e-05,1.8896242971838997,263.3362556315673,9.92349529,0.0664782524
94,0.0001609126850912145,0.0003879991940590608,0.0001609126850912145,2.8327135050513146,292.1701397315449,12.3903742,0.0662043691
110,0.0007733041954718352,0.0019485179533544588,0.0007733041954718352,5.984097091469801,374.5787682242145,33.0650635,0.0653687119
126,0.001047830221541024,0.0026618552182293516,0.001047830221541024,6.9620010971910125,397.5910195739892,43.479351,0.0646213815
84,4.815879937194317e-05,0.00011528080197981594,4.815879937194317e-05,1.5847745607180943,254.94687772769197,9.45276356,0.0660976246
80,1.9101093701872534e-05,4.696050888053278e-05,1.9101093701872534e-05,1.0769150997496912,239.0664990137292,8.57605839,0.0658205822
77,1.3344875447053744e-05,3.480799035899227e-05,1.3344875447053744e-05,0.8629792567277179,232.0471947464136,8.40150547,0.0646864995
85,7.118501522778448e-05,0.00017080301190440888,7.118501522778448e-05,1.8148865729342054,257.0939341637717,9.85976791,0.0666515231
75,1.1814768151998632e-05,3.185809046510085e-05,1.1814768151998632e-05,0.8140783138929709,229.91672443234384,8.68221283,0.0646962821
84,5.2825603377045494e-05,0.00012679528976283674,5.2825603377045494e-05,1.3840884154447435,233.69230545876144,9.96481133,0.0660467148
82,0.00010049417649115004,0.00024233176120296251,0.00010049417649115004,1.6809067834848257,232.06600313677362,12.4810095,0.0652210414
89,0.00036655530768589344,0.0009043945534199305,0.00036655530768589344,2.800639911804119,248.41933812599055,22.1803532,0.0657851398
78,0.0001110855290853334,0.0002703952907325922,0.0001110855290853334,1.5648597266659143,221.48480629115667,12.7782154,0.065838553
81,0.0002199752270727272,0.0005395796386653435,0.0002199752270727272,2.1810639239625953,234.64686653532578,17.4446239,0.0665062666
77,0.0001754391672226771,0.0004268754108953911,0.0001754391672226771,1.7911037554564377,218.3133275806936,15.3950701,0.0648152232
76,0.00029082945748503124,0.0007027734102840147,0.00029082945748503124,2.1101670275459496,213.89474977308194,18.4711666,0.0645617992
72,0.00033525701000180005,0.0008045808549041884,0.00033525701000180005,2.094924127847528,196.06924696053667,17.8778648,0.0646291003
71,0.00025887740496568254,0.0006247361534094847,0.00025887740496568254,1.8517472311570764,190.3753083982271,16.1927776,0.0641442835
76,0.00037791031788423675,0.0009096712428658055,0.00037791031788423675,2.300695987112435,210.16761369507722,19.6998882,0.0652644262
74,0.00038825482076793564,0.0009306292927951214,0.00038825482076793564,2.25653720142317,200.76299738467398,19.4133549,0.0646964312
77,0.00043443039145615647,0.001042333242408915,0.00043443039145615647,2.5288692321296455,213.70468306845012,20.3465424,0.066465199
83,0.0006389040274986447,0.001522280885963669,0.0006389040274986447,3.0244126023478017,218.18767814574878,22.7996311,0.065161027
80,0.0003073471503024825,0.0007411859946029597,0.0003073471503024825,2.1810398455496163,215.01821477800837,18.3442516,0.0651088059
81,0.0005104112187709339,0.0012247617693112907,0.0005104112187709339,2.760717047626106,220.41704793885685,22.3298702,0.0660593063
65,4.703905815626116e-06,1.9784829263861324e-05,4.703905815626116e-06,0.738553734730667,291.12850852465795,13.8580837,0.0669468269
64,2.5467092881445097e-06,4.54826674188765e-06,2.5467092881445097e-06,1.134349763342595,304.76572035632734,2.9512701,0.0672498122
63,2.7033315916326006e-06,5.090002878123883e-06,2.7033315916326006e-06,1.1354155477827472,301.2391741423422,3.68188047,0.0685003772
65,2.059383782226863e-06,3.5704345759293166e-06,2.059383782226863e-06,1.0294906186749209,301.3758958842737,2.05390716,0.066256091
68,4.045036325552334e-06,7.66499291778542e-06,4.045036325552334e-06,1.4576842698670045,319.3261843799802,4.05179691,0.0689715743
79,1.426170518859551e-05,2.752300674825286e-05,1.426170518859551e-05,2.8478963515239304,394.3618739260108,7.27685308,0.0669281185
96,6.011392728570756e-05,0.00014044415314507332,6.011392728570756e-05,2.5644323333722983,321.4401209950579,10.5242224,0.06697575
104,0.0004449329092569333,0.0010600132942437549,0.0004449329092569333,5.07790471341049,368.14182277866786,21.0841904,0.0650858805
116,0.00037293197465007415,0.0008905767447054836,0.00037293197465007415,5.427230698635274,399.22454746810325,18.09692,0.0660961941
102,0.0002028754263264005,0.00048538365914469785,0.0002028754263264005,4.033957267249158,358.8682998710683,13.601841,0.0663143769
98,0.00010837713207842044,0.0002486083216988609,0.00010837713207842044,3.598125998125104,361.50236003969104,11.3340416,0.0670190901
118,0.00017972816050508707,0.0004197450847660935,0.00017972816050508707,5.469327409757204,454.9379679864066,11.9062243,0.0634199381
71,0.0003163325938838302,0.0007607379237165755,0.0003163325938838302,1.9972152022098701,187.96460258129895,17.6694012,0.0642085895
71,0.0002404713618487774,0.0005828603841728378,0.0002404713618487774,1.761983428870504,182.9734713428381,16.2412529,0.0637885034
71,0.00021848018963837703,0.0005294096644737756,0.00021848018963837703,1.7044422355163384,180.15808599865755,15.5617914,0.0637123883
69,0.0003057166536717787,0.0007317991732523498,0.0003057166536717787,1.9622481908243063,179.39894513496634,17.7015781,0.0646927655
70,0.00029220869741511775,0.0007055522498926668,0.00029220869741511775,1.9032511343885963,183.2765336003844,17.7592487,0.0639109164
67,0.0002511480762905555,0.0006031488285418151,0.0002511480762905555,1.7667807338005004,171.4681173075958,16.7795544,0.0649573058
70,0.0002687344917783089,0.0006437101097470171,0.0002687344917783089,1.8613488719216615,176.00554932412413,16.7486439,0.0649939626
64,0.00020694803062829212,0.0005007247979373488,0.00020694803062829212,1.6197530913085993,167.3963950157723,15.7218418,0.0652130172
66,0.00020173379891489046,0.000488656184510677,0.00020173379891489046,1.599450424939268,165.32664245042767,15.8717613,0.0653484166
70,0.0003064294434085211,0.0007321011791736196,0.0003064294434085211,1.923619213712769,167.78795478594859,18.0589523,0.066670984
69,0.00024446571220683905,0.0005856734552614434,0.00024446571220683905,1.730605549521341,163.83015426284072,16.826807,0.0659186393
63,0.00010328603417003751,0.00024860941851092606,0.00010328603417003751,1.2406666348392847,156.5231543623274,12.1397686,0.064321734
65,0.0001562793836479335,0.00037512493894947216,0.0001562793836479335,1.4473769104158996,159.05584344063206,14.2474117,0.0655153841
66,0.0005114287965175162,0.0010714889061861491,0.0005114287965175162,2.3492490487015707,116.85759649402233,20.9272766,0.0667346045
66,0.0004255169737324518,0.0008946462635986799,0.0004255169737324518,2.214196775984929,118.75396218387161,19.5641766,0.0673281476
70,0.0004933707350934339,0.001036466291984982,0.0004933707350934339,2.3894700934420396,121.35063611122656,22.2380733,0.0673085749
69,0.0005067870388505166,0.001066537192876537,0.0005067870388505166,2.4378152254054197,122.88443231131207,22.6604023,0.0669807866
71,0.00043605807222938655,0.000917675898745258,0.00043605807222938655,2.3152069538310105,124.99019556941303,20.706768,0.0687001124
71,0.00019709490765731672,0.0004145464825800545,0.00019709490765731672,1.7201855218639854,124.99463603649677,14.64783,0.067772083
64,3.558666558512113e-05,7.537956226234721e-05,3.558666558512113e-05,0.9739678671836759,129.05409174837897,8.48086262,0.0650250763
67,6.187978876615345e-05,0.00013022733803613512,6.187978876615345e-05,1.194778292390723,129.90009793493303,9.01985359,0.0658767745
68,0.00022088781931848829,0.0004639217807859,0.00022088781931848829,1.8436597701341804,128.02190608665646,14.873703,0.0667907894
71,0.00015799278999432647,0.0003325248035062288,0.00015799278999432647,1.6697538488990762,131.18082792428845,12.8917637,0.0665541515
70,1.786573719093373e-05,3.7291734148401745e-05,1.786573719093373e-05,1.0847795548525607,197.24955298719104,5.976439,0.0653381869
68,1.3185766421464953e-05,2.9703156820124195e-05,1.3185766421464953e-05,0.9212101179591123,183.80069586663697,7.49287891,0.0668801814
71,1.7549971163502848e-05,4.117973355760186e-05,1.7549971163502848e-05,1.0126101934299387,190.4725458367186,11.6988993,0.0655795857
71,2.3990518715568178e-05,4.895328879484943e-05,2.3990518715568178e-05,1.3135309674045497,210.99416390221103,7.51599026,0.0658752099
75,2.580222881488746e-05,4.9545487545935665e-05,2.580222881488746e-05,1.4819900856968276,222.2767303709629,5.12242174,0.0659947768
64,1.1073490280092805e-05,2.6988176974886443e-05,1.1073490280092805e-05,0.7273286852395466,159.24616254801873,7.0220499,0.0657888278
72,1.5654754211507446e-05,3.76839729329094e-05,1.5654754211507446e-05,0.9261940280507687,170.77329857762714,9.06053162,0.066995725
72,1.5506179661586657e-05,3.815831893519637e-05,1.5506179661586657e-05,0.9970505683170585,185.80043766716975,8.96459103,0.0680002198
73,2.8924430795004635e-05,6.410809267943427e-05,2.8924430795004635e-05,1.3512792215170906,189.05510403461324,10.8557243,0.0678622648
73,1.65188636167375e-05,3.985756920942683e-05,1.65188636167375e-05,0.989966574594771,174.71967170375657,9.02776527,0.0678998157
65,1.7718852343363565e-05,3.9016553339697766e-05,1.7718852343363565e-05,0.8113293381395057,135.6364359028163,8.64247227,0.0643804967
65,2.4184015220355325e-05,5.4096419623812936e-05,2.4184015220355325e-05,0.9024053928439185,140.20415884331516,9.82980728,0.0649894252
63,2.503680969445015e-05,5.3576906980870856e-05,2.503680969445015e-05,0.8910332845004869,132.0334892055491,8.68479919,0.0651211515
66,1.072814546661584e-05,2.695303585105971e-05,1.072814546661584e-05,0.6742432326604553,147.23070102260857,7.59534121,0.0655536726
66,1.2088005483911006e-05,2.9641181825212025e-05,1.2088005483911006e-05,0.7413488836574954,154.4265174739841,7.60954809,0.0677288994
67,1.1825418412518465e-05,2.9189699817166762e-05,1.1825418412518465e-05,0.7766231781373211,159.09746037788136,7.47971487,0.0672099367
66,1.5001744913570966e-05,3.792433612292574e-05,1.5001744913570966e-05,0.7478204737295445,144.4232937752981,9.89181328,0.0658552423
65,0.00010642022381681172,0.0002502187682958735,0.00010642022381681172,1.28025186327144,152.5273015789512,11.6362848,0.0654682815
62,0.00011487616009572581,0.00027287376349857684,0.00011487616009572581,1.304286154330921,154.24948081451288,12.2615585,0.066565536
66,0.00014633601245369867,0.00034895026345023596,0.00014633601245369867,1.408580581657334,156.0204447597401,13.4724865,0.0657569319
66,9.311932205472315e-05,0.00021701480029661597,9.311932205472315e-05,1.2473212178172914,151.30952739026702,10.9559917,0.0653385743
63,8.134388673823656e-05,0.0001880091689254783,8.134388673823656e-05,1.2110080943666188,150.0565743748136,10.1367054,0.064862527
62,4.585817525773313e-05,0.00010469805408609028,4.585817525773313e-05,1.002460471302136,145.79091664477983,8.00385571,0.0658087656
65,3.581782488796525e-05,8.12229491445928e-05,3.581782488796525e-05,0.9284803252352788,144.0362161982698,7.42602777,0.0659880042
61,2.830016810465662e-05,6.424885735177945e-05,2.830016810465662e-05,0.845566358866131,140.48526836734106,6.75058126,0.0668259338
60,4.369462288599789e-05,0.00010032867752396619,4.369462288599789e-05,0.9610543732846907,139.83041224852983,8.51031303,0.0670756325
61,4.703802154538412e-05,0.00010895685379321551,4.703802154538412e-05,0.9651536967494372,137.28830938108888,9.05660534,0.0658297688
60,5.979366396912955e-05,0.0001376037598769091,5.979366396912955e-05,1.0617735782960873,140.7127511856565,9.58055687,0.065498814
64,0.00015998870793015212,0.00037587311866019916,0.00015998870793015212,1.4134890984609623,134.94549921157764,14.9828777,0.0665239841
61,7.107373477707609e-05,0.00016699758679875648,7.107373477707609e-05,1.0801586763129625,135.92563136811748,11.0158005,0.0664386153
65,0.00030312119395278244,0.0006934137251844235,0.00030312119395278244,1.8400996871082247,135.3918930953786,18.1308079,0.066119194
69,0.0006183652123543742,0.0013653542189850907,0.0006183652123543742,2.507628741769554,135.13257656996916,22.5071754,0.0651551411
78,0.0017012334534825327,0.0034912522049668237,0.0017012334534825327,4.255097444459583,136.7118094040408,29.7247562,0.0651512966
39,4.8511841833033286e-05,0.00018201050869113644,4.8511841833033286e-05,0.44126108766129674,114.24345131942702,24.1032619,0.0667455569
34,3.934024778624598e-05,0.00015487992881471437,3.934024778624598e-05,0.4175468972431495,114.84080505031535,25.9580917,0.0659938902
83,0.0030408994986936633,0.006026431030788951,0.0030408994986936633,5.774036279079617,135.67152458940043,37.9427834,0.0659802333
72,0.001470342096532941,0.0030859632307043755,0.001470342096532941,3.7333114780852106,128.39548781315384,29.8896255,0.0654191896
80,0.0019403218198164322,0.00393823272849366,0.0019403218198164322,4.620036634449791,136.92556103297642,31.1653709,0.0653367713
69,0.0007017868360437245,0.0015323387297790931,0.0007017868360437245,2.5681538699456965,125.70986915342036,23.5212784,0.0681641698
64,0.00028040193557057994,0.0006385182897805169,0.00028040193557057994,1.7010073306411009,122.23196274466383,17.937254,0.0663595498
65,5.089064607262834e-05,0.00010983066563887876,5.089064607262834e-05,0.9673623711821254,109.85710979809458,8.23128033,0.0653976053
64,4.9272310706808716e-05,0.00010591130535576788,4.9272310706808716e-05,0.9750485302539119,111.04142703720424,8.21849632,0.0663505048
64,8.325083234383832e-05,0.00017995901576980426,8.325083234383832e-05,1.1243129065933681,107.96745011520753,9.95222092,0.0656610504
64,0.00011873741540609121,0.00025715666150599573,0.00011873741540609121,1.2480847965660167,106.98333219838291,11.5737705,0.0648884922
63,0.0001210677899900555,0.00026034738024896406,0.0001210677899900555,1.295771474831496,110.17013945735687,11.2871141,0.0665807575
65,5.8113996997912224e-05,0.00012518971246925715,5.8113996997912224e-05,1.0403451055148558,114.29283677909321,8.56412697,0.0665038675
73,0.00016727115243076848,0.0003601502969708878,0.00016727115243076848,1.6012281063643805,124.1364856884718,12.5857229,0.0679553226
67,0.00018830059522962202,0.0004276349949244082,0.00018830059522962202,1.4990075395481013,124.10562872890154,15.187109,0.0681170523
64,6.706500191045386e-05,0.00014867795361052838,6.706500191045386e-05,1.0807688732758391,119.96515752714129,9.67765808,0.0653430074
67,0.00010126367846657118,0.00022154778275992442,0.00010126367846657118,1.3104167752427702,123.57567024178776,10.9011049,0.068783775
68,0.0001078117177133026,0.000236468087887135,0.0001078117177133026,1.3555594923061394,126.02048676324625,11.1283493,0.0682445168
65,8.295496514980738e-05,0.0001865559127412875,8.295496514980738e-05,1.146530132140695,121.80537957611828,11.1203976,0.0668114275
74,0.0009516623513277796,0.001950522217945748,0.0009516623513277796,3.0680836878397093,114.42650020125225,24.1952896,0.0708298534
77,0.0012238139196538806,0.0024814954864311005,0.0012238139196538806,3.5278495947112685,117.19450083651012,26.5501328,0.0688039139
71,0.001108981131721986,0.0022733837444746303,0.001108981131721986,3.3817550261996616,119.79905849644412,25.8281097,0.0683764741
77,0.0014571768949630222,0.002951837792571983,0.0014571768949630222,3.897429238358947,121.76162348924095,29.0769386,0.0710481852
82,0.001565764658879203,0.003180360738811149,0.001565764658879203,4.08020112453114,125.50875929390584,31.0594444,0.0683393851
100,0.003264169601630628,0.006501266668319398,0.003264169601630628,6.624505051815886,146.78980490201414,48.9512558,0.0654713586
81,0.0013618577073354707,0.002802695785533551,0.0013618577073354707,3.8694417187412964,129.49685122861746,30.5848484,0.0678226277
77,0.0013800600003741352,0.002832135809287737,0.0013800600003741352,3.8613537603833534,127.0855884238064,31.5627384,0.0695692673
81,0.0013457343253864729,0.0027928597130378176,0.0013457343253864729,3.8515765818989998,132.84916640358546,30.9390736,0.0674692839
99,0.003473174479097022,0.007065581379726794,0.003473174479097022,7.026322082000171,156.00137554349564,66.2747879,0.0625608787
74,0.0012733947848655707,0.0026161164559219013,0.0012733947848655707,3.6749656263159274,125.36197399016366,31.2397766,0.0698518232
69,0.0007686663266620465,0.0016021410874413006,0.0007686663266620465,2.8280945233937924,120.09587415635664,25.2394829,0.0668517947
69,0.0007093353084800685,0.0014863898235138887,0.0007093353084800685,2.7949729051793777,122.92941529964232,25.1580563,0.0665519014
62,0.00018900713624651522,0.00040975336013935617,0.00018900713624651522,1.460915166301087,105.35889719862632,14.6462727,0.067154251
65,0.00020511518894301126,0.00044442781554353565,0.00020511518894301126,1.5039732644592794,104.91817402097168,14.6983442,0.0655731633
67,0.0003748789152115459,0.0007971243783826643,0.0003748789152115459,1.9447232446143352,106.82493105261564,18.3046494,0.0663021654
69,0.00035282878846801675,0.000751345755157874,0.00035282878846801675,1.9100820077607739,107.12733382995931,17.891119,0.0674745888
74,0.0012103375300430955,0.002437966203674013,0.0012103375300430955,3.454251841364415,112.93485426799327,26.0899258,0.0695087463
78,0.0011085534167355835,0.0022567931701238837,0.0011085534167355835,3.363333241840198,116.67034045596758,25.4373398,0.0687107444
73,0.0008554572632746095,0.0017565071060348075,0.0008554572632746095,2.9170522825832315,112.54622038580715,23.6816311,0.0692987218
74,0.0009344816115871439,0.001908397766769189,0.0009344816115871439,3.047118118634425,112.6938415175772,24.0058956,0.069881849
77,0.0006642605753258545,0.00137982440125124,0.0006642605753258545,2.585426994729683,112.01756601171046,21.7750225,0.0657767057
78,0.001586559229989723,0.0031672801892279447,0.001586559229989723,4.136269398129503,120.24961926775222,28.9930019,0.0680150241
71,0.0011225989654597196,0.0022728373493012756,0.0011225989654597196,3.2904477325989276,112.08951418032116,25.8442078,0.0680384934
84,0.0018539163196545074,0.0037227377728153814,0.0018539163196545074,4.4996129356438,126.54620466403485,32.145977,0.0684276819
76,0.001385581946263937,0.0027964684263080365,0.001385581946263937,3.753073017976061,117.95814328099875,27.2732716,0.068450518
67,0.00024830162287673894,0.0005329159887379362,0.00024830162287673894,1.6443968838245149,107.28063918823747,15.5744419,0.0656992942
64,0.00013978304547177466,0.0003026097213965286,0.00013978304547177466,1.3292494189788533,107.07422162417005,12.3775425,0.0656674579
75,2.400830825443978e-06,8.401087649710792e-06,2.400830825443978e-06,0.8309042198707508,429.7211332459327,7.98958874,0.0659079328
102,1.8073388865963716e-05,4.2335103444176775e-05,1.8073388865963716e-05,1.8009733261209828,463.30472265278286,8.39339447,0.0650047138
78,2.355058411814175e-06,5.8154573311619535e-06,2.355058411814175e-06,1.0054612217007577,465.026773089483,4.22301102,0.0663191602
82,2.6010147100585867e-06,6.1928817172252744e-06,2.6010147100585867e-06,1.100593823990215,487.0830112418252,2.91543698,0.0659945011
88,2.833418114594545e-06,6.798788864751752e-06,2.833418114594545e-06,1.2858535100695407,549.4616531876661,4.51094103,0.0676778778
96,8.294747948088376e-06,2.6660203768089406e-05,8.294747948088376e-06,0.9643242728491519,382.4752282691689,8.63473415,0.066948995
56,1.4391208302428197e-06,4.1568224289681716e-06,1.4391208302428197e-06,0.5850162007214265,341.6039001989873,3.05341148,0.066467382
89,7.671575068808655e-06,2.376926318435344e-05,7.671575068808655e-06,1.071846879400017,405.6888346824087,8.5087719,0.0662713051
93,9.698812607911112e-06,2.6630716766576133e-05,9.698812607911112e-06,1.30554671640001,428.14690031626395,8.46114922,0.0663597509
100,1.3135768071719872e-05,3.234806604906098e-05,1.3135768071719872e-05,1.57432264899709,451.53436027634183,8.29060364,0.0659745261
89,2.469682816302778e-05,4.1466242831621794e-05,2.469682816302778e-05,2.059854369055501,272.49460146664967,4.43322802,0.0693929866
46,1.4009327544151834e-06,3.67689806658771e-06,1.4009327544151834e-06,0.4377792561381337,212.63175368400826,4.91347885,0.0660114214
47,1.5188280811171077e-06,4.0417287485246466e-06,1.5188280811171077e-06,0.4544481872762861,222.51945969038914,5.26891613,0.0663200915
54,1.8873878054896753e-06,5.390021789179942e-06,1.8873878054896753e-06,0.4725671108694755,206.62786112999322,5.87116957,0.0676633343
54,2.5442697907375737e-06,7.69202619898961e-06,2.5442697907375737e-06,0.5144648490680325,215.679278944812,5.78615427,0.0673743859
48,1.3753349157951241e-06,3.36921972502181e-06,1.3753349157951241e-06,0.44388975393561453,229.50126952070377,2.43839598,0.0661041066
49,1.2936427493559967e-06,3.1799708941793365e-06,1.2936427493559967e-06,0.43670138786462204,235.20052223211778,2.43653893,0.0659577996
87,2.472421799656925e-05,4.3696853091876176e-05,2.472421799656925e-05,1.8012016991400226,251.07600415483407,4.7410903,0.0680272579
48,9.905959646478797e-07,2.3908124031417936e-06,9.905959646478797e-07,0.4373250696180984,242.72161452630385,2.03598785,0.0662532598
47,1.3277126279103122e-06,3.4631780537846507e-06,1.3277126279103122e-06,0.463282440484141,250.49159878757976,2.69909644,0.0658707768
151,1.1533365982321119e-05,2.2749297984132515e-05,1.1533365982321119e-05,2.326806040908925,520.9588306393337,5.87484646,0.0668723881
47,1.1815600338966157e-06,3.1036037358218383e-06,1.1815600338966157e-06,0.4939194455767835,278.04463220362624,2.39635968,0.0660985634
56,1.9541764577339946e-06,6.606682380390735e-06,1.9541764577339946e-06,0.5624399030332031,281.0857684841382,6.02026653,0.0672764927
56,1.8339289109534353e-06,4.567834844049493e-06,1.8339289109534353e-06,0.5668169600757563,287.4434491127958,2.32791424,0.0673644394
61,0.0001669242435774644,0.001371007797123636,0.0001669242435774644,0.9525222720152544,310.1917325318576,169.900406,0.0657644495
108,7.288509068035835e-06,1.6543501887541523e-05,7.288509068035835e-06,1.4838082433317075,395.64345824031653,6.48958921,0.0670952499
86,0.0002582689607828091,0.0018287392622555203,0.0002582689607828091,1.5775972430914151,331.65173496582713,150.436737,0.0655354038
65,7.679422441311306e-06,1.8004119616670897e-05,7.679422441311306e-06,0.9341499023420438,332.24631198283896,3.6853981,0.0659763366
71,4.84573710041934e-06,1.004409690114202e-05,4.84573710041934e-06,1.61834516581833,405.23056683777924,3.60772562,0.0664399788
69,1.4536400455381262e-05,3.138806814800675e-05,1.4536400455381262e-05,3.8702583818940868,609.5322595202729,8.54450417,0.0612289011
202,6.123196198482178e-05,0.00012463376066241432,6.123196198482178e-05,4.3356587588248985,612.8633631733991,7.30105352,0.0641725063
61,2.3862094737612777e-06,7.101073796138264e-06,2.3862094737612777e-06,0.7133647704599441,310.10648214960503,6.2073698,0.0652088374
67,3.937835182557972e-06,6.56498316422227e-06,3.937835182557972e-06,1.6993791103630267,378.4437925070112,2.36486769,0.0665002167
126,0.00019542505825929324,0.0004533568526671134,0.00019542505825929324,6.776975762595341,572.2222774622481,23.5197868,0.0638657361
72,1.0993517564021078e-05,1.921612552093548e-05,1.0993517564021078e-05,3.1403662540558983,496.2563600249133,4.59198236,0.0637388304
69,5.18551464700087e-05,0.00020807748236066154,5.18551464700087e-05,4.237209056870467,585.8781962801393,28.5941296,0.0630704165
67,3.3279140155344895e-05,0.0001269593567016064,3.3279140155344895e-05,3.639362614863605,563.8245532559438,20.8577862,0.0637972802
61,2.9691077315031353e-06,5.965162332312421e-06,2.9691077315031353e-06,1.1734870738108651,314.68264191593687,4.38782263,0.0668670535
67,5.009959189484656e-06,1.3565795302279453e-05,5.009959189484656e-06,1.4735211060709235,345.55249674548446,9.64552975,0.0664143488
61,3.452895962415215e-06,5.760378549091531e-06,3.452895962415215e-06,1.515174828253406,352.8544953357126,2.06974411,0.0671001375
64,3.8731122293197715e-06,6.156128315104387e-06,3.8731122293197715e-06,1.63852309793677,352.01541016072133,1.70781219,0.0701108277
138,3.1450748453520615e-05,0.00011336303502433614,3.1450748453520615e-05,3.5065448179419865,915.7351367774016,15.2726278,0.0669508576
117,3.0561116908372415e-05,0.00012075885824717087,3.0561116908372415e-05,2.7008982990466768,791.552155605352,16.1666813,0.0663955659
121,1.4085381669213554e-05,4.497614262070536e-05,1.4085381669213554e-05,3.7394038114040833,1147.2412081368427,8.57885838,0.0652668029
86,3.684776488460063e-06,8.428507833790019e-06,3.684776488460063e-06,1.5059511626411144,582.8168406228941,2.59552312,0.0704673827
130,2.1203381962601132e-05,7.305109541810461e-05,2.1203381962601132e-05,4.046996526272297,1247.6992630175052,11.8589783,0.0657473356
119,6.119271214659729e-05,0.0002564169835966925,6.119271214659729e-05,3.7619779501796153,1144.1138274778305,24.2640285,0.0668357536
124,0.002054521325182441,0.00513287542954938,0.002054521325182441,8.746561718444948,396.7876999084909,62.4966583,0.0662991703
101,0.000540445410773397,0.0013424124061661657,0.000540445410773397,4.372140282220936,316.7937647589142,26.4789753,0.0663465187
116,0.0007116698391599379,0.0018168264498545517,0.0007116698391599379,6.007687335051055,379.47039757743323,32.4807625,0.064781718
98,0.00041228428515986947,0.0010195092131344032,0.00041228428515986947,3.8424384754021026,300.7043585090341,22.8908138,0.0677470863
89,0.00010702598685113786,0.0002575586501933011,0.00010702598685113786,2.0897386133286693,257.5568654083308,12.3748198,0.0673298985
84,5.440327844649543e-05,0.00012998091334481831,5.440327844649543e-05,1.5639185455903406,243.4537489062522,9.31964207,0.066840969
88,0.00022881132785526872,0.0005667797400795623,0.00022881132785526872,2.5368712162828695,254.22375571871518,17.6779442,0.0668589249
94,0.0007490738199066705,0.001857500103073014,0.0007490738199066705,4.1160928506319525,275.6564425156939,30.5769577,0.0676465705
102,0.0009443198433950399,0.00236363549994016,0.0009443198433950399,4.733548795169696,288.7767393550361,32.7251396,0.0669882968
79,0.00019959654604539585,0.0004883391740548833,0.00019959654604539585,2.0492895618742,228.6218978136337,15.9899025,0.0664844587
90,0.00043084752735476754,0.0010749836803952985,0.00043084752735476754,3.2057965744950363,261.28912292183213,23.8220806,0.0675322264
77,0.00030047017869170016,0.0007289960610456469,0.00030047017869170016,2.2533689763024904,222.27733407268775,18.8123608,0.06488204
83,0.00047109641867865983,0.0011535014105357965,0.00047109641867865983,2.922625514629557,238.98040691940514,23.9768448,0.0667493045
76,0.0003406370099097601,0.0008182067421954658,0.0003406370099097601,2.1312236936208806,196.5867664983498,18.0051575,0.0652620196
76,0.0005340277796824561,0.0012699828979287006,0.0005340277796824561,2.634403780552342,204.22651298313528,20.9312096,0.0653180629
69,0.00032132047185747886,0.0007737905336983572,0.00032132047185747886,2.0527406573485054,192.14288932323063,17.736351,0.0648679659
81,0.0006672860649680653,0.001600858208780018,0.0006672860649680653,3.243272761344854,229.8003777601563,24.2504787,0.0682102516
83,0.000769513108481831,0.0018136934243176014,0.000769513108481831,3.2037014472262797,212.87327642517792,24.0975437,0.0652884245
84,0.0006779501990121537,0.001626067555071975,0.0006779501990121537,3.2567029775050784,227.660677422016,24.3135853,0.0683883727
86,0.0010120376070611896,0.0023911419387689856,0.0010120376070611896,3.9816620784397636,232.97212019306306,27.7415066,0.0670874044
95,0.0013079960348372415,0.0031147084854144086,0.0013079960348372415,4.963584665599787,258.12581098808107,31.7537022,0.0701159388
86,0.0006151896615278281,0.0014872822442913284,0.0006151896615278281,3.1677169005407406,233.7700313350331,25.10355,0.0654732138
89,0.0008982210153021065,0.0021617151920695346,0.0008982210153021065,3.830099999555346,241.03701331868464,29.2318096,0.0665492862
65,3.095587578054274e-06,4.929504990989613e-06,3.095587578054274e-06,1.4199599154748237,331.3596418553427,1.62951839,0.0659432858
64,5.677813028742427e-06,8.481497220356995e-06,5.677813028742427e-06,2.1088572622943933,376.6095686974609,2.47440457,0.0659078658
69,5.6342588745638284e-06,8.73388122080642e-06,5.6342588745638284e-06,2.052300806296126,367.2841519156357,3.72621274,0.0678223744
65,5.5359207504858775e-06,8.54710689127543e-06,5.5359207504858775e-06,2.0317062600479594,372.57479259597676,2.06394291,0.0655688345
70,7.000216005764697e-06,1.0516900002699373e-05,7.000216005764697e-06,2.3731094036245457,383.4883902180972,3.92420816,0.0668955594
122,0.0004904303417098683,0.0011763126258271769,0.0004904303417098683,6.447414802596352,436.56493468333133,17.2409668,0.0634574518
75,0.00048116933611269664,0.0011429334141683915,0.00048116933611269664,2.450567424563432,194.10498090108794,20.5836163,0.0655878484
76,0.000425887745362494,0.0010165917033109833,0.000425887745362494,2.282285195420273,189.65970898863733,19.8824825,0.0650367513
73,0.0003521889989846087,0.0008437738569080395,0.0003521889989846087,2.1040378377944324,184.54094160985872,18.6746521,0.064548552
76,0.000434197069778701,0.0010341569874301917,0.000434197069778701,2.3065438039527417,187.26736163196404,19.9437485,0.0648092851
73,0.0003798951553952677,0.0009025542206872533,0.0003798951553952677,2.1624134574149654,180.70962650077692,18.9594288,0.065275915
77,0.0005271385405170155,0.0012448175325196187,0.0005271385405170155,2.5435063265122344,188.11491712448702,21.3854885,0.0668104365
78,0.0005512615210622323,0.0013062803101062661,0.0005512615210622323,2.6127517888617993,193.30553963898242,21.9153156,0.0655376539
72,0.0002822947198176129,0.0006767420354350576,0.0002822947198176129,1.8936287282558497,174.75032433212834,17.5015507,0.0666530803
75,0.0003639260044333298,0.0008661815498064771,0.0003639260044333298,2.1709885882569457,181.77872733877422,18.7418442,0.0666051805
71,0.00027144224509002905,0.000653183466361605,0.00027144224509002905,1.861561232882469,173.1392222176113,17.2117786,0.0672004819
75,0.0002815271721809315,0.0006763363654622024,0.0002815271721809315,1.886950350036519,174.00819483603894,17.7413902,0.0654885322
70,0.00038293074936725425,0.000910499313939369,0.00038293074936725425,2.1592440219193367,173.6566316384423,19.4279785,0.0669699162
74,0.0006331222896293514,0.0014755571158686577,0.0006331222896293514,2.7965308001676488,180.6128145452625,22.7521019,0.0673877522
72,0.0005424028259471924,0.0012726757293862686,0.0005424028259471924,2.5725868978751016,177.08732228711506,21.8978539,0.0679316968
70,0.0004059469478204966,0.0009533358565940806,0.0004059469478204966,2.186297532052758,167.2801538386214,19.7690086,0.0666482598
73,0.0004221034124027028,0.0009863612050758366,0.0004221034124027028,2.2408401696565576,167.04966978611694,20.1853333,0.0680868253
69,0.00033796747705363656,0.0007933242297202129,0.00033796747705363656,2.0351262308955116,164.56426424158707,18.4168606,0.067818284
73,0.0006806242226088632,0.0014305415699937588,0.0006806242226088632,2.797541866739283,124.841179313649,25.8697872,0.0676168799
77,0.0009075831108134852,0.0019033610495906193,0.0009075831108134852,3.277261989005264,131.07519306322286,29.3660812,0.0678308308
77,0.0009537209118561002,0.001999635572518482,0.0009537209118561002,3.339615204747093,131.18916387654076,30.4518414,0.0672393963
74,0.0004707708974058285,0.0009870869446807345,0.0004707708974058285,2.524193253538867,131.74251597996604,20.6427517,0.0695117563
78,0.0009126235068104873,0.0019232247899374914,0.0009126235068104873,3.493924433980947,141.94773715943555,32.0897484,0.0678686127
70,8.57287099419957e-05,0.0001794205237901622,8.57287099419957e-05,1.3784387877972426,134.292403546215,9.43368721,0.0671110079
75,0.00014461363651768842,0.00030348049449995516,0.00014461363651768842,1.7328497729227927,138.10674828313273,12.0542288,0.0666723028
76,0.0003428786356868592,0.0007209058215551891,0.0003428786356868592,2.3616381871468524,139.08716049709554,17.6469707,0.0673265681
73,2.035034282731454e-05,4.217886103699472e-05,2.035034282731454e-05,1.2229632583265595,205.47454213199907,6.98427153,0.0662471727
71,1.5085158285231942e-05,3.5018973317214446e-05,1.5085158285231942e-05,1.044359824590906,193.0979084451231,8.46809673,0.0680193901
78,1.904804656238078e-05,4.1994294863263375e-05,1.904804656238078e-05,1.25853992286369,208.63088706352013,9.76990128,0.066038087
79,2.2673001096035183e-05,4.601432168794179e-05,2.2673001096035183e-05,1.4194122448279782,219.26642274644425,7.2959013,0.0666681603
50,2.838490944442338e-06,6.522058306105418e-06,2.838490944442338e-06,0.6630060100919595,203.1989200754299,4.62585783,0.0677640885
47,2.209443487086558e-06,5.581706540601455e-06,2.209443487086558e-06,0.5364797544899073,198.34487360320696,4.68139791,0.0666051209
79,2.3821890942013637e-05,5.574717466525219e-05,2.3821890942013637e-05,1.38796691281054,203.88365614184738,10.4465523,0.0676142052
86,5.284945216275369e-05,0.0001124598878585413,5.284945216275369e-05,1.784472189109756,199.25844860438326,12.4501123,0.0654256046
77,2.403282386190844e-05,5.5284970594483116e-05,2.403282386190844e-05,1.2755113468752777,182.3187335609671,9.75367832,0.0677738637
67,2.313432589088287e-05,5.1278687343676224e-05,2.313432589088287e-05,0.9079690596885985,137.39890047248892,9.48383522,0.0644688606
68,3.683491951847873e-05,7.908345005828914e-05,3.683491951847873e-05,1.0716911896394454,140.4191690866906,9.959589,0.0648628399
69,1.946922572760563e-05,4.662923932277421e-05,1.946922572760563e-05,0.892431261664913,146.11594281511657,11.1008234,0.0668355599
71,4.4098312257267966e-05,9.307228059757087e-05,4.4098312257267966e-05,1.132920751912955,136.88545248261443,9.61953163,0.0660082623
68,1.1895242579292206e-05,3.0290305780121282e-05,1.1895242579292206e-05,0.7105109786608272,147.52932106249503,8.58067226,0.0657450408
71,1.2657554579572221e-05,3.1842281611383096e-05,1.2657554579572221e-05,0.7803897094019637,155.10477068130626,8.12919807,0.0669856593
75,1.4990307667569073e-05,3.6222757316180144e-05,1.4990307667569073e-05,0.9037452276403505,162.52429983765376,8.39542007,0.0668060184
78,3.210668237702882e-05,6.86768397305595e-05,3.210668237702882e-05,1.4515822163632162,182.79761856573023,8.39215469,0.0673227161
71,1.653262716092821e-05,4.0362625389304495e-05,1.653262716092821e-05,0.8465572803744094,148.34776532996838,9.87292671,0.0666956156
69,0.00029757492682143833,0.0006938631440220595,0.00029757492682143833,1.9359864005519194,160.44281061272434,17.2820568,0.0693615004
69,0.00022522419421713155,0.0005238165949517855,0.00022522419421713155,1.7694522886870911,159.14320257788754,15.2476072,0.0694439635
73,0.0004659568410625742,0.0010750220771247325,0.0004659568410625742,2.3592757689685384,165.08980708124,20.0160904,0.0694794655
70,0.00019958752512637837,0.0004620531360065217,0.00019958752512637837,1.7143233954958155,158.01096430534704,14.8642845,0.0681504756
69,0.00010245175718744051,0.0002361488295100881,0.00010245175718744051,1.3388219303990971,152.61734987312343,11.0621805,0.0664300844
67,7.621904558807758e-05,0.00017488252823339405,7.621904558807758e-05,1.2307922867495,152.1493125128735,9.69678974,0.0658478662
66,5.595771740361568e-05,0.00012760555791011018,5.595771740361568e-05,1.0681397389293612,145.43625050617612,8.59915924,0.0668374896
62,4.6413686783333726e-05,0.00010581056648171713,4.6413686783333726e-05,0.993531691518667,143.13412656490596,8.04314613,0.0679443479
65,8.387070037690966e-05,0.00019171581131880315,8.387070037690966e-05,1.2437007276655223,147.38580976896512,10.3381929,0.0669217706
66,7.800799153818077e-05,0.00018001471827425912,7.800799153818077e-05,1.1636431489285743,141.57534430552172,10.6470079,0.0652687252
68,0.0001583977645798593,0.00036207759942328996,0.0001583977645798593,1.6320530238631266,153.3520367475227,13.2639608,0.0677897632
65,0.00014347006641010748,0.0003330439855718086,0.00014347006641010748,1.4026231261089916,138.039030347424,13.9150305,0.0679921284
67,0.00015886956920689227,0.0003652297314003338,0.00015886956920689227,1.545878791097114,145.28930483124398,13.8153229,0.0668431595
70,0.0003653921117891224,0.0008236453920708885,0.0003653921117891224,2.0796210756753615,140.50690827986142,18.9656715,0.0671591461
70,0.0002630973237719996,0.0005976747799523471,0.0002630973237719996,1.869070221938693,143.20098852128226,16.645956,0.0679682866
73,0.0007329319330149249,0.0015867925750512536,0.0007329319330149249,2.825284236140608,137.84414138025656,23.1119423,0.0656380132
80,0.0013030044582286503,0.0026975692949256554,0.0013030044582286503,3.9722139055989856,142.99785473573093,26.3528347,0.0649318397
84,0.002296309571945563,0.004561656255822457,0.002296309571945563,5.317986407893516,139.73894990523425,33.7697449,0.0666458383
93,0.004578903433583397,0.008820509964927016,0.004578903433583397,7.920553040731295,150.14321889582084,55.9923058,0.0683579445
85,0.0020125310797947295,0.00403298560905542,0.0020125310797947295,5.198041499886182,145.76245623195032,34.1247063,0.0686784908
79,0.002673054432211765,0.005341325658830936,0.002673054432211765,5.551258821652695,140.93206606105215,35.4484901,0.0668206587
75,0.0015890234724314904,0.0032867219543790014,0.0015890234724314904,4.010798264864572,132.0858329220171,30.5864468,0.068432793
72,0.0009146593783367974,0.001958886770387974,0.0009146593783367974,3.090375515041265,134.3174088853396,24.825592,0.0672003403
67,0.00036273304382116,0.0008124058888527692,0.00036273304382116,1.958027693871466,125.67958022789088,18.9905396,0.0677224845
64,9.894352857269559e-05,0.00021219599756502972,9.894352857269559e-05,1.2228645890101566,112.0194883322623,10.4763985,0.0676016659
63,9.252865222416712e-05,0.00019822102937158397,9.252865222416712e-05,1.214383498813881,113.81741533445083,10.0960426,0.0677941069
68,0.00021593392448665313,0.000460642240314792,0.00021593392448665313,1.616512019357124,112.22199987780603,14.0863943,0.067819424
66,0.00023414465842457404,0.0005000519441750221,0.00023414465842457404,1.6369478432198556,109.6092765019562,14.8380604,0.0671372265
70,0.00020438829589523156,0.00043503794189351565,0.00020438829589523156,1.6267754638362628,114.95387494270811,13.6599026,0.0696323588
69,0.00011609968140138065,0.00024957651570564295,0.00011609968140138065,1.3478310865232837,118.12367486192609,10.9976444,0.0665261224
78,0.0002709868639680309,0.0005826979230340009,0.0002709868639680309,2.178147988153919,139.34357769491763,14.929285,0.0651138499
86,0.0005672672342332052,0.0011846588234743038,0.0005672672342332052,3.371723222817814,152.11708231678526,19.1511803,0.0679103807
74,0.0002429457546477994,0.0005209845595779129,0.0002429457546477994,1.9461743001568172,130.91966761686666,14.4841595,0.0692120194
69,0.00023212386195427034,0.0005221661831975651,0.00023212386195427034,1.695434680507699,128.89335166086354,15.9045401,0.0689796135
69,0.00012804979716984035,0.0002881441969962382,0.00012804979716984035,1.3931716636972031,128.09916754059924,12.898428,0.0662325099
75,0.000276395501960524,0.0006029011208217992,0.000276395501960524,2.1496544332895007,142.5656498279011,15.5192337,0.0674976781
79,0.0002954164640199713,0.0006422558027605283,0.0002954164640199713,2.246412447054369,144.32813504103015,15.5679235,0.0642772093
69,0.00016812354382727705,0.00038138760916893964,0.00016812354382727705,1.5528734223231448,132.6959012327139,14.4597235,0.0675476417
82,0.0019045072023916297,0.003833396968931434,0.0019045072023916297,4.631072201464338,129.35123364252763,34.2984734,0.0694199204
87,0.001897581236906164,0.003816706889396658,0.001897581236906164,4.611638729960029,128.04093517438275,34.554184,0.0682190806
89,0.0019590995303775146,0.003959554108381626,0.0019590995303775146,4.888819677346485,135.52690694813924,34.131897,0.0645715594
87,0.0019892351925404677,0.0040640791292731815,0.0019892351925404677,4.8778195955443,138.45339636130882,37.0612717,0.0653153211
105,0.003270277396749777,0.006584048771636298,0.003270277396749777,7.558076058283501,165.68528120456057,45.3945618,0.0617511794
95,0.0028924589198771286,0.005737609051500057,0.0028924589198771286,6.1490548387828285,141.57476267138924,43.1178398,0.0653300881
93,0.0028859268751747105,0.005839029907815843,0.0028859268751747105,6.1639780432515945,148.87093744162064,48.4088402,0.0654318333
89,0.0022544823878959458,0.0045854117186987075,0.0022544823878959458,5.295915802798515,142.09021688138546,42.2121658,0.0696686506
84,0.0020818367957361416,0.004326628383848018,0.0020818367957361416,5.009913802130095,141.4368779380197,49.0845375,0.069812879
77,0.0013383419396685125,0.002776485627362058,0.0013383419396685125,3.8523696389686024,129.86157609116228,33.9113693,0.0681221932
83,0.001165911863522822,0.0024541649629487928,0.001165911863522822,3.7608123820546564,137.4647469206405,32.398983,0.0677477941
76,0.0009017677462891004,0.001907464115231698,0.0009017677462891004,3.302409950922662,134.1578903399748,29.3817253,0.0675635263
72,0.0004579539762572804,0.0009656014613421744,0.0004579539762572804,2.1396408053121236,109.0839475055578,19.5516052,0.067871429
71,0.0005661977469239217,0.0011836856554784422,0.0005661977469239217,2.393854065925713,110.19922552167539,20.997261,0.0671183243
73,0.0009188456496984596,0.0018803199530569267,0.0009188456496984596,3.077417543934295,115.86666777935682,23.8968925,0.0663818344
71,0.0005457005625899029,0.0011417347029417007,0.0005457005625899029,2.3442332784650977,109.59423608986428,20.6520538,0.0678382814
75,0.0008366989743217921,0.0017239083013871823,0.0008366989743217921,2.9230841627653166,114.63207033230881,23.5147228,0.0678548142
83,0.002147605895781193,0.004248040852443102,0.002147605895781193,4.883722714812155,124.77279119484442,35.1543961,0.0686151832
97,0.003304544327742818,0.006561362271807434,0.003304544327742818,6.6844395767334515,144.23842283931535,61.8370667,0.0647374392
92,0.002519743097065677,0.005041080889890724,0.002519743097065677,5.777651886839256,141.7163829353062,38.8278389,0.064679876
92,0.0030694349786127267,0.006036000256019129,0.0030694349786127267,6.417924916712526,140.23557335760506,46.8711739,0.0651015788
76,0.0012019859835253012,0.0024613061176536445,0.0012019859835253012,3.706427620693643,126.42967630838648,25.9081841,0.0664362311
102,0.0031987311695246073,0.006334525148553713,0.0031987311695246073,7.2590755491796015,154.0291739113139,46.1736946,0.0628841743
84,0.0015723126039373912,0.003178808137720154,0.0015723126039373912,4.141858317522464,125.20518069556394,28.9617214,0.0681350008
104,0.00484712877279745,0.009382998532498106,0.00484712877279745,8.879555678276658,155.74119081985708,64.808548,0.0661780536
91,0.0029235167398189207,0.005758668644987979,0.0029235167398189207,6.099738650094944,137.86965545387582,41.8512764,0.064256534
69,0.00026370147379695065,0.0005624799357531942,0.00026370147379695065,1.7218638595598363,109.27222996060162,15.6241722,0.0651060715
73,0.00045912380947719857,0.0009645792065975815,0.00045912380947719857,2.175381678680839,110.37557444481676,19.4495735,0.0665147379
114,7.514367268185535e-06,1.964552370431029e-05,7.514367268185535e-06,1.6561266771955923,551.7895848623248,7.90460253,0.0671762154
108,7.492361507039236e-06,2.0408020271002347e-05,7.492361507039236e-06,1.5305335113639966,516.9945586460702,7.97107124,0.0658097565
108,7.363937376789468e-06,1.9399432961184847e-05,7.363937376789468e-06,1.5579935142280346,519.0466758001618,7.4944129,0.065788582
87,1.449919582396279e-06,3.5366508500771323e-06,1.449919582396279e-06,1.0642602611128935,539.4212986035451,2.99978685,0.0670893937
89,1.6982434499337567e-06,4.000821934824499e-06,1.6982434499337567e-06,1.1887116826324224,562.6353689115208,3.59181809,0.0683479086
140,8.73811655937575e-06,2.3605195168916573e-05,8.73811655937575e-06,2.477575955403503,795.219886794676,7.30018568,0.0668338686
99,8.001919038249935e-06,2.5145950350006393e-05,8.001919038249935e-06,1.1280031192557918,420.75007457342,8.35116386,0.06723205
62,1.1095086038133792e-06,3.120200081708489e-06,1.1095086038133792e-06,0.6177642056055619,365.4144921384326,2.66438627,0.06665539
62,2.4860668643067833e-06,6.6037523753732755e-06,2.4860668643067833e-06,0.7739060555057142,370.625735763092,2.69699144,0.0678166747
72,0.00042508055120550625,0.0031431248486052353,0.00042508055120550625,1.4596300739209254,356.3164860861625,174.683548,0.0680306479
102,7.3337409387439844e-06,2.1791931049570887e-05,7.3337409387439844e-06,1.2665790985514365,454.71043188910875,8.13318729,0.0671804622
101,7.445406153972944e-06,2.1669768558660715e-05,7.445406153972944e-06,1.3817367535006746,480.8317563919787,7.90219212,0.0665519834
113,7.3860409315632714e-06,1.9847164030427114e-05,7.3860409315632714e-06,1.5986745544825853,538.6504125439697,7.20476389,0.0646144524
57,2.2156374330860265e-06,5.689565676222106e-06,2.2156374330860265e-06,0.6060885862158305,217.7131701161141,5.78319025,0.0684848949
51,2.383316196849602e-06,7.355527330026834e-06,2.383316196849602e-06,0.5109810243945205,224.00296877181782,6.08189583,0.0672871247
60,3.09747717313018e-06,9.44565507963624e-06,3.09747717313018e-06,0.534476808740968,232.72943005768502,5.99582195,0.0666058734
55,2.3305089704593118e-06,5.29291297840286e-06,2.3305089704593118e-06,0.7431722126576442,236.83944773432495,4.44816256,0.0675465837
59,2.7030907001208103e-06,7.281277254974856e-06,2.7030907001208103e-06,0.7103427303683287,240.29888553009016,5.89955997,0.0662014037
53,1.654879089440135e-06,4.732532313548666e-06,1.654879089440135e-06,0.48882251472871474,237.4662927926077,4.76911736,0.0674927533
145,6.975622308176786e-05,0.00032811561806596985,6.975622308176786e-05,2.0217925902480465,513.3819187771578,27.46978,0.0672979876
58,2.056595822475174e-06,4.0885636976170746e-06,2.056595822475174e-06,0.7253242637655906,225.44325318654043,2.72533441,0.0692774504
52,2.3977108214897592e-06,7.5001150419029645e-06,2.3977108214897592e-06,0.5635824203429535,258.2978208263729,5.99778605,0.0659986287
56,2.620208372306186e-06,8.547320637946032e-06,2.620208372306186e-06,0.5994146294037105,270.863095927589,5.99778652,0.0673556849
59,1.4774273779931882e-06,3.0464667253855858e-06,1.4774273779931882e-06,0.7440108587164287,298.97124417471804,3.26392627,0.0679560974
61,2.489515981516702e-06,8.392539144219214e-06,2.489515981516702e-06,0.6459248024943631,301.8722890445244,6.89403248,0.0672709495
57,1.8765887737132026e-06,3.733838437256514e-06,1.8765887737132026e-06,0.8736750143635054,318.74108613072684,1.81823337,0.0672005862
62,2.088352252198412e-06,4.407354786820647e-06,2.088352252198412e-06,0.923791354272806,341.4248523467897,2.91428638,0.0674094036
61,3.479981243497642e-06,8.478876664657403e-06,3.479981243497642e-06,0.7988701254348475,331.150298376691,2.76907802,0.0671008825
64,2.130109601174551e-06,4.351718170304916e-06,2.130109601174551e-06,0.9773709469253785,359.73587196415144,2.57167125,0.0675320178
89,6.097375175597628e-05,0.0001868173308092105,6.097375175597628e-05,1.6787144598422972,356.0669431498244,21.7755394,0.0667012483
62,3.0573455828564353e-06,5.188946543209359e-06,3.0573455828564353e-06,1.4408913850708702,354.3484139771135,2.85753107,0.0655520558
68,5.232140976783783e-06,8.649705510352758e-06,5.232140976783783e-06,1.9685940028408728,391.42639481092647,2.6959691,0.0670433417
71,8.63132880534537e-06,1.318645800603776e-05,8.63132880534537e-06,2.887810226145639,467.1621788537282,3.0471251,0.0642091334
67,5.288543097248803e-06,7.871605539667516e-06,5.288543097248803e-06,2.077890778927668,382.25176721023934,1.94473088,0.0689640492
104,3.291678040622481e-05,6.598536815816076e-05,3.291678040622481e-05,4.165769498130997,499.70003801739597,5.73410749,0.0642530099
93,2.0024545360707335e-05,3.774131402007656e-05,2.0024545360707335e-05,3.647755108537416,490.93121707602967,4.99275446,0.0632263124
71,1.0180933748176946e-05,1.4313602151337967e-05,1.0180933748176946e-05,3.2233298508919392,470.67261001705936,2.36264324,0.0650409535
120,2.688832134634301e-06,4.853663830820908e-06,2.688832134634301e-06,3.075030516578545,1764.834069793143,2.56692576,0.0624807291
152,1.2254996953684486e-05,3.266125664515497e-05,1.2254996953684486e-05,3.086511103725227,970.221860206591,8.30428886,0.0678797215
125,0.0008486438972559887,0.002230583271836921,0.0008486438972559887,6.317847982138072,381.7856937057261,35.9794617,0.0641410425
120,0.0009693293651461196,0.002510242243443889,0.0009693293651461196,6.0104473287525755,352.05586899077446,36.2712059,0.0639443919
99,0.0007126794985453512,0.001783491519894183,0.0007126794985453512,4.312245392341958,289.56726460593836,30.4709606,0.0681181923
107,0.0009409257959696593,0.0023722009327836386,0.0009409257959696593,5.111073732104831,307.00254259319587,32.902813,0.0670939088
120,0.0009616934245208348,0.002498132414105724,0.0009616934245208348,5.791751702059894,344.6594621762443,40.0401497,0.062517412
113,0.0011294177349980433,0.0029102264205768543,0.0011294177349980433,6.233254808705417,352.1395632524983,36.3167877,0.0641745999
92,0.0007288282228756068,0.0018127614753347132,0.0007288282228756068,4.129786199840981,276.2053130804744,28.3118076,0.0673018172
97,0.0010489122527249774,0.002576559175081632,0.0010489122527249774,4.604664572002594,270.76690602828535,33.0035172,0.0667546093
79,0.0007283146517152106,0.0017089907298329433,0.0007283146517152106,3.0356913952594584,204.03960572547615,23.3295765,0.0664349124
76,0.000678010113287913,0.0016009992710793487,0.000678010113287913,2.9960013304496687,208.30086012388315,22.5407925,0.0665083155
90,0.0007966529858999365,0.001892389618092685,0.0007966529858999365,3.4749726228810074,223.93881066162885,24.8765583,0.0669069737
76,0.0006861292526133645,0.0016107739929519937,0.0006861292526133645,2.93841646371591,200.73497359771812,23.0179939,0.0653540269
90,0.0009333890543084125,0.0022513091456057423,0.0009333890543084125,4.179153204731096,253.1374405851369,27.6667862,0.0703656152
97,0.0012817763409146976,0.0031299866247822793,0.0012817763409146976,5.426415437445149,288.1514231274687,33.7492409,0.0669090375
106,0.0013424960780713915,0.003320676174555587,0.0013424960780713915,6.100467127818893,316.3094719471764,33.8735428,0.0638161674
100,0.0009235539714854812,0.0022377090977762485,0.0009235539714854812,4.4928143496478326,263.4314305750713,26.0228024,0.0672814548
128,0.002904754136215523,0.007061831419404968,0.002904754136215523,9.15349719702722,344.13192337380684,70.2285004,0.0658145845
111,0.0019179747038658907,0.004601654441344853,0.0019179747038658907,7.000048353482706,307.7148715714047,38.8337021,0.0641034767
70,7.67014733767554e-06,1.1237275313627557e-05,7.67014733767554e-06,2.609785411232398,421.540860017083,2.65339088,0.063788712
81,0.0006316067913987861,0.0014922102781193829,0.0006316067913987861,2.888073423348016,201.03526934066556,22.5944939,0.0653083324
80,0.0006089432795416927,0.001437664442090541,0.0006089432795416927,2.815870619303929,195.4882557151275,22.6088619,0.0671554357
79,0.0006906209720931531,0.0016281328485951295,0.0006906209720931531,3.0128202727452447,200.53381600355056,23.5313053,0.0659065917
78,0.0005744851978591438,0.0013486980741594624,0.0005744851978591438,2.6530095527423594,187.27825143069316,21.7644787,0.0666269287
81,0.0008385663547106302,0.0019554713537084127,0.0008385663547106302,3.416175256011379,202.95849134337618,24.6628227,0.0691539198
78,0.00045735783722763735,0.0010802224811143253,0.00045735783722763735,2.4074184472556563,183.05149128606766,20.0955544,0.0667005479
80,0.0006762361191496318,0.0015842980873276042,0.0006762361191496318,3.0352574195226065,196.71172168237615,22.8945103,0.0668873265
78,0.0007230999013140185,0.0016792059718427734,0.0007230999013140185,3.1005296734681376,191.67454309836253,23.3294907,0.0651962459
79,0.0007155102819930298,0.0016564887912305282,0.0007155102819930298,3.0132469165768176,185.666622276959,23.3432407,0.0661912858
89,0.0012492572543452948,0.002866429895457438,0.0012492572543452948,4.527561942452211,214.95546914596466,27.711544,0.0675355569
90,0.0013768514950409617,0.0031269927045624365,0.0013768514950409617,4.703398773077872,211.95284506340093,28.7232323,0.0681661665
76,0.0006461716634028116,0.0015029457351301914,0.0006461716634028116,2.8683925894541633,181.55159107785133,22.8600483,0.0680705905
77,0.0005930503811989857,0.001372334993330471,0.0005930503811989857,2.7323282875572255,176.83000759646228,22.1489544,0.0691609979
81,0.001198945249101671,0.0025341679277807805,0.001198945249101671,3.822619828148057,138.00016733840218,34.0394974,0.0689385012
89,0.0014575156163940358,0.003090700270989275,0.0014575156163940358,4.546202269344633,154.4105916168944,37.2745895,0.0654230565
83,0.0012758080167304586,0.002706821556499881,0.0012758080167304586,4.147866391067633,148.31886121636697,35.9756126,0.0706171244
81,0.001104844731327797,0.0023583633938944024,0.001104844731327797,3.965237761288301,152.7040815748908,32.6231728,0.0682388023
87,0.001080172490957398,0.002323695758300148,0.001080172490957398,4.24574529377787,166.60666077161486,33.5028763,0.0648260564
74,0.00014453294798289697,0.00030002129954174246,0.00014453294798289697,1.8665807731054487,145.4378341657164,11.5545263,0.0659805164
78,0.00029332614846449575,0.0006193187742515639,0.00029332614846449575,2.425937173709866,150.26638770313002,15.6991787,0.067797482
81,0.00019450278015515203,0.00040672987235702206,0.00019450278015515203,2.238774893685808,156.14443027481667,14.2373466,0.0675456151
62,3.917737565732472e-06,8.184491063736524e-06,3.917737565732472e-06,0.8531409393247253,210.94514135925263,4.81904936,0.0659309998
89,2.3097432144539143e-05,5.6165781448002514e-05,2.3097432144539143e-05,1.4910400291579338,221.00280617138205,13.0856104,0.0663868189
56,4.706761108365991e-06,1.0807449277391757e-05,4.706761108365991e-06,0.8498309266873382,202.51509826340342,5.56970978,0.0658283606
61,4.011313506504938e-06,7.709076232478446e-06,4.011313506504938e-06,0.964552063254683,219.88662071539073,3.9406023,0.0673245341
60,3.830236695223864e-06,7.1617645981248614e-06,3.830236695223864e-06,1.02035444157176,231.85859014834722,3.0699141,0.0687818974
97,0.0001058635920368297,0.00022405206513577763,0.0001058635920368297,2.746628748745098,229.91345312963128,12.8922968,0.0636946708
63,5.622306520359559e-06,1.0949064499946445e-05,5.622306520359559e-06,1.212361594960337,210.76707516658874,5.58760977,0.0642794147
66,1.2248625359774602e-05,2.4428175608212546e-05,1.2248625359774602e-05,1.765656149608529,223.80955975440506,8.85807133,0.0611797906
93,8.975790060898198e-05,0.00018723808194972888,8.975790060898198e-05,2.499789200586025,211.26293346699438,10.8874683,0.0636011511
75,6.839964111657715e-05,0.00014297596530696302,6.839964111657715e-05,1.3919821135259076,144.3734408660671,10.676589,0.0663216412
74,3.9687507075764503e-05,8.494505154218127e-05,3.9687507075764503e-05,1.289453185722736,153.0187505298204,10.9182806,0.0676474571
73,2.4063624987319147e-05,5.4705545290544223e-05,2.4063624987319147e-05,1.228475127837981,165.35924995350652,9.59406471,0.0666944012
73,0.00010279323115244516,0.0002146878910442036,0.00010279323115244516,1.680354455256026,148.089517969158,10.6632614,0.0680471659
69,1.7641361649788607e-05,4.150146092959737e-05,1.7641361649788607e-05,0.9961605866542241,159.80233367224167,8.46301365,0.0661018938
76,1.9535307264923346e-05,4.5458611389029855e-05,1.9535307264923346e-05,1.233813685722062,177.47418984350912,8.46072865,0.0677284822
92,6.97658045668541e-05,0.00014411721341442207,6.97658045668541e-05,2.43405071273317,211.0902122207992,9.35397053,0.0626917407
85,3.335402214378469e-05,7.08230003115917e-05,3.335402214378469e-05,1.9746450138544835,202.37268134419853,9.51219749,0.0657769293
75,0.0006249845437937391,0.0014319030015179056,0.0006249845437937391,2.873382712824578,176.64429484801732,22.2780056,0.069700174
73,0.0003663733562543787,0.0008501901296060468,0.0003663733562543787,2.1889193569714256,165.8369210570503,18.4919033,0.0711945891
77,0.000556585278942825,0.0012681505806645854,0.000556585278942825,2.758608897273266,173.93195570792616,20.7936268,0.0740858391
70,0.0002276515312585764,0.0005258913579342775,0.0002276515312585764,1.860899917636856,161.932747630513,15.5615921,0.0695889145
72,0.0002939137644838126,0.0006681598483867482,0.0002939137644838126,2.113094899595098,163.46368332969374,16.1416397,0.066998966
75,0.0002878276613138734,0.0006521004672398328,0.0002878276613138734,2.204562002231093,168.56606540570306,15.8881159,0.0662552193
75,0.0002749684705472822,0.0006207571653217187,0.0002749684705472822,2.157017999503648,166.64889131875827,15.4952917,0.0648293197
74,0.00020972441110660012,0.00047481125178038355,0.00020972441110660012,1.928442519149267,162.33327338756058,14.3303356,0.0662175193
74,0.00024150257511964464,0.0005488063041363832,0.00024150257511964464,1.9818572612573386,158.0506195930759,15.4730883,0.0676021501
90,0.0005657625145605565,0.0012458598667001437,0.0005657625145605565,3.646425385914684,187.32985548138856,19.4755325,0.0630093515
88,0.0004818630347850197,0.0010654448574984221,0.0004818630347850197,3.617902287962404,191.041453200521,18.7173615,0.0634678677
75,0.0002611614001264937,0.00059139053843261,0.0002611614001264937,2.002462765807729,153.5219112771662,15.9849148,0.066978693
78,0.0009262378110902764,0.0019730979731095726,0.0009262378110902764,3.5082021733530957,153.66936846532047,23.1271133,0.0641190112
77,0.0006351535126873452,0.0013871787009998335,0.0006351535126873452,3.009156565857241,158.31880107924783,20.9763813,0.0659681857
75,0.0003974447647774558,0.0008898830832439509,0.0003974447647774558,2.375057732555027,154.40404663907094,18.4199753,0.0676821321
120,0.005620413343232671,0.011223671045537537,0.005620413343232671,10.1007261718933,172.2741334972398,88.0708618,0.0695185438
76,0.0011721914891892505,0.004028299447029601,0.0011721914891892505,2.3014660175148802,151.64742082095174,89.215683,0.0675055236
57,8.44812542978713e-05,0.00025338624282886897,8.44812542978713e-05,1.4354324914231822,158.970192512697,23.3778038,0.0674865171
81,0.0021762023313436876,0.0044215195408144016,0.0021762023313436876,5.177188543555827,147.5656000096516,32.4652977,0.0697649717
72,0.0005497946232047656,0.001209562210625826,0.0005497946232047656,2.4748052203886046,134.57577565709545,21.0769119,0.0672308728
90,0.0012078441376262193,0.002570568112612157,0.0012078441376262193,4.284878193139848,161.6403251356311,26.2621803,0.0655029193
73,0.0003464739557980139,0.0007338008561968412,0.0003464739557980139,2.139645361283649,124.1984223273274,16.3667393,0.0690983459
70,0.00017133474397313246,0.0003670653493871792,0.00017133474397313246,1.590420130499274,121.07872084303317,12.8509903,0.068219319
72,0.00038882358798672745,0.0008154391374915885,0.00038882358798672745,2.1174240694806095,115.83204523816975,17.3527756,0.0662330687
82,0.001046736425510261,0.0021505205841863655,0.001046736425510261,3.7133434062578505,135.8338180411507,26.5767002,0.0655544102
68,0.00034465843109091824,0.0007251606626706363,0.00034465843109091824,1.9573594466462894,111.57983509545362,16.8367672,0.0663790703
77,0.0005539065174994145,0.0011549547351994611,0.0005539065174994145,2.681821620331602,127.79555504196816,19.5663834,0.067758061
86,0.000533519950778384,0.0011222593364170492,0.000533519950778384,3.2643257280123694,153.83257327234142,19.0407028,0.0651127174
77,0.00043249913043381623,0.0009135532408253211,0.00043249913043381623,2.4981092250288564,133.96905780300554,17.6992092,0.0679229647
84,0.0005907329379239528,0.00129678210747704,0.0005907329379239528,2.9309394417783166,151.2473542145205,21.0405045,0.0684038699
87,0.0006342794492884183,0.0013738456339045574,0.0006342794492884183,3.437944922718992,161.14866012809355,20.6072674,0.0626636893
84,0.00044787069972779145,0.000974633779266052,0.00044787069972779145,2.7127857585855732,150.1590431243562,18.4768963,0.0639554262
118,0.00606035284468845,0.012413132408130485,0.00606035284468845,10.134382047585246,172.56244513437395,98.5283737,0.0613419451
93,0.002333976029828267,0.004892821543642605,0.002333976029828267,5.594037118195067,155.2617462375958,49.9991455,0.0664454922
95,0.0021762871741259405,0.004634031228307895,0.0021762871741259405,5.664863768413731,163.54769391182998,45.1766014,0.0642332137
92,0.0016927974260063502,0.0036403621453424367,0.0016927974260063502,4.816671899172754,156.7880859826038,48.6132927,0.0659752488
83,0.0018589938827958006,0.0036960173995034275,0.0018589938827958006,4.754021222030413,128.95106101026334,31.1433697,0.0661292002
80,0.0011805288273774618,0.0024034154114742595,0.0011805288273774618,3.6174416982413815,122.68760784452923,25.9029961,0.0670501292
87,0.0017727878136560053,0.0035544829593928424,0.0017727878136560053,4.722648464097045,133.45107624727893,31.3618393,0.065084368
77,0.0012664200146073133,0.0025521581487591163,0.0012664200146073133,3.7630268180736524,122.43542569990164,26.6105061,0.0658149719
94,0.002323514769772282,0.0046496127335469125,0.002323514769772282,5.871435433791021,144.59840761130414,38.6596146,0.0650963187
69,0.0003738577947932463,0.0007867153689246436,0.0003738577947932463,2.026605234008084,111.72332118478364,17.2450752,0.06498494
75,0.0008005596793522855,0.001648002983899528,0.0008005596793522855,2.9555776569764127,119.28171032590238,22.4172573,0.0648535192
123,7.798837507787724e-06,2.0172126700345236e-05,7.798837507787724e-06,1.9445073250868068,639.802709722884,7.32404709,0.0659561083
116,7.765904121119608e-06,2.0742325058633828e-05,7.765904121119608e-06,1.7544159170110358,581.5408307918639,7.28909397,0.0648271516
125,7.767766268031115e-06,1.99972836515172e-05,7.767766268031115e-06,1.865176347937894,588.6054151246965,7.07634211,0.0635866597
84,1.9943631542049734e-06,4.4774281240718365e-06,1.9943631542049734e-06,1.5319789081095283,686.4342316750076,2.6147809,0.0647619739
140,6.862848243940354e-06,1.8046274411756854e-05,6.862848243940354e-06,2.261339356015274,770.9229057682891,6.79871702,0.0665283278
103,7.611537939613024e-06,2.3855174426820865e-05,7.611537939613024e-06,1.2182346249313523,449.08959883393914,8.26026917,0.0661425069
69,1.3228343746666442e-06,3.4791970940154087e-06,1.3228343746666442e-06,0.8320427065516954,422.7145186236787,2.85302329,0.0652323961
67,2.245962874651912e-06,5.9643001999013695e-06,2.245962874651912e-06,0.9222944219980869,411.17041031135255,2.8465066,0.0655432865
73,0.00032582282113218224,0.0025876360371191506,0.00032582282113218224,1.4904954521215825,403.31209415160015,195.320541,0.0668077618
71,3.204580840387393e-06,6.219831481628169e-06,3.204580840387393e-06,1.3641206608516452,413.6017243852725,2.10045099,0.0655473992
106,7.052911964222936e-06,1.975502558705114e-05,7.052911964222936e-06,1.502153925088347,509.63977214631564,7.4960022,0.0644336194
78,2.8238378044145306e-06,5.83597090419463e-06,2.8238378044145306e-06,1.47998680439689,518.4928244593282,2.90297055,0.0631529242
84,2.254462784483251e-06,5.385119037994894e-06,2.254462784483251e-06,1.3145460643154994,531.2118797691033,6.292027,0.0590289496
64,3.3218167881619684e-06,6.494541596702658e-06,3.3218167881619684e-06,0.9952807908103517,247.2247976071358,4.31598234,0.0666527823
68,3.414825330061748e-06,9.05712276029535e-06,3.414825330061748e-06,0.8580707716247372,262.01505301466153,6.12404346,0.0660538673
61,1.909874688314097e-06,3.4257160564045687e-06,1.909874688314097e-06,0.8835177760314178,272.14586760097177,1.64380276,0.0667051151
59,1.2288840169147285e-06,2.586756119317553e-06,1.2288840169147285e-06,0.6196600089988149,255.65633461186965,3.09878087,0.0688105598
80,4.6942261275877395e-06,8.939167473517644e-06,4.6942261275877395e-06,1.2730699493207982,271.48736320501064,4.5112586,0.0646666735
56,1.2417849095047045e-06,2.536525846119822e-06,1.2417849095047045e-06,0.6559382029822504,266.61035487459293,3.05328178,0.0663788021
56,5.564759017803846e-06,9.877074759893338e-06,5.564759017803846e-06,1.3806464749837484,256.65726926446865,2.90919328,0.0648610443
58,2.2967609810314194e-06,6.439034853100367e-06,2.2967609810314194e-06,0.6868874357314423,272.2759973841142,5.99778605,0.0657522008
59,1.994783298752488e-06,3.7167694652071413e-06,1.994783298752488e-06,0.9566615901012052,306.16638309508505,1.80895293,0.0659531876
59,2.6876246159366536e-06,4.807854293546384e-06,2.6876246159366536e-06,1.1955130727446304,332.76912461441725,1.80154157,0.0645956546
61,3.4120207877036606e-06,6.386014878118429e-06,3.4120207877036606e-06,1.4021138038920626,374.42396321073556,2.05717731,0.0649896115
70,4.9983631668709335e-06,8.195775004568508e-06,4.9983631668709335e-06,1.9857358607356559,436.784259549093,2.12462902,0.0629337728
74,3.4644167912027855e-06,1.2126393283521649e-05,3.4644167912027855e-06,0.9110247410986032,366.90380411996614,7.49496412,0.0669857711
119,0.0011295533147280862,0.0028818306588795665,0.0011295533147280862,6.3373883589534366,347.26193633805036,34.503231,0.0645525381
112,0.00145147748190131,0.0036138465032159706,0.00145147748190131,6.376933913915802,322.53590496072707,38.927639,0.0651109889
83,0.000710347345772558,0.0016821208464486525,0.000710347345772558,3.2034935725857667,214.63059310619644,23.0916977,0.0665985942
85,0.0007516838746133109,0.001796770267787927,0.0007516838746133109,3.5288882911782937,229.4947667995531,23.7740688,0.067941241
98,0.0011360109842974582,0.002750865525448244,0.0011360109842974582,5.1534540930808035,276.6813935642333,28.6496563,0.0674508587
91,0.0009162476559306454,0.0021565687158788573,0.0009162476559306454,3.7156417249694216,219.98511266857173,25.0573235,0.0653595552
88,0.0008152798408837839,0.0019374911630897632,0.0008152798408837839,3.623914632858603,221.45622989589307,24.7784977,0.065380156
86,0.0008933955241513157,0.002097843895460314,0.0008933955241513157,3.7348735665844135,215.44958870377687,25.1714993,0.0699844286
90,0.0011620006685701479,0.002719274640040397,0.0011620006685701479,4.476815118335938,230.45804617860637,27.1983643,0.0684562102
98,0.0018659856526852057,0.004295230154833622,0.0018659856526852057,6.0443602074656635,249.56851561232952,37.0633926,0.0671404079
93,0.0015330128047550305,0.0035192464608921822,0.0015330128047550305,5.137698940752068,229.1134492035308,31.2604141,0.0663335323
80,0.0005042327103127162,0.001196241248924217,0.0005042327103127162,2.6370557180184844,192.9789725021074,20.7719803,0.0650076866
99,0.00178425733644402,0.004086816212048948,0.00178425733644402,5.930531417264898,244.07612967233973,33.9189339,0.0645474121
85,0.0009258894823493013,0.002141853911933046,0.0009258894823493013,3.845612269217466,207.94921300867438,24.8058414,0.0657729506
92,0.001466164946713368,0.0033716872737564194,0.001466164946713368,5.276576392429709,233.14658164387436,28.8759212,0.0653412417
100,0.0013674117655562024,0.0031560035615134804,0.0013674117655562024,5.208387232615878,234.29700044493205,28.4275303,0.0661739558
95,0.0017131588769660933,0.003880541587126436,0.0017131588769660933,5.571143218203739,226.59908098677022,30.6630116,0.0671157613
90,0.001239513605509358,0.002846602959797926,0.001239513605509358,4.821795843747183,221.30145567139752,27.7006817,0.0665754229
88,0.0012632208240552648,0.0028353063833549243,0.0012632208240552648,4.314544094013701,198.00601401675223,27.5791359,0.0667401254
102,0.0017291475538741457,0.0037359527410323217,0.0017291475538741457,5.398913128211279,172.7694919703112,43.9472084,0.0652808771
93,0.0010198630772511276,0.00220553078775419,0.0010198630772511276,4.376260915262987,175.78320833990634,33.9010506,0.0637558624
90,0.0004041469989806371,0.000875530134587568,0.0004041469989806371,3.0784891285969938,170.72719850616215,31.7574043,0.0689240992
89,0.000400973536227561,0.0008627390060632094,0.000400973536227561,3.242195223150792,178.08027644286852,20.2756958,0.0645934492
68,6.979464773206824e-06,1.2552659609504679e-05,6.979464773206824e-06,1.4977644567573114,234.99822137775186,5.28161573,0.062395934
83,8.577030698433047e-05,0.00018395072194610538,8.577030698433047e-05,1.9499178492295455,174.67919852606198,14.5564823,0.0672561973
87,0.00023924737501131567,0.0005114236179295486,0.00023924737501131567,2.67651251221657,173.85723096277704,22.6363659,0.0691860691
80,3.6261649370904905e-05,7.698409766048954e-05,3.6261649370904905e-05,1.5252139270129879,176.03786706794693,9.42234421,0.0659829453
96,8.362333622026029e-05,0.0001747788267237021,8.362333622026029e-05,2.4115306061934865,196.83090715013353,13.4796104,0.0633873567
84,0.0010551470113413814,0.002376945890143203,0.0010551470113413814,4.060236277188024,195.4573210548101,25.7408218,0.0693546534
86,0.0012960839925229611,0.0029187728414740836,0.0012960839925229611,4.57132178153253,205.5211296911826,27.4904461,0.0659422949
87,0.0010624154091812882,0.0023619650018618416,0.0010624154091812882,4.172905254151503,193.5649510280595,24.8759441,0.0686461031
97,0.0014679247043469508,0.003282852047657917,0.0014679247043469508,6.061973744040558,231.31885985623808,28.9904156,0.0656276792
80,0.0006321336501810271,0.0014185540551661189,0.0006321336501810271,3.1117439789333687,179.13572294099373,20.9835682,0.0689437464
86,0.0007011626895132829,0.001575715751200783,0.0007011626895132829,3.637997680767236,192.51120453596602,21.4850178,0.0648862049
92,0.0009031903787090038,0.001995219621824442,0.0009031903787090038,4.39016490496148,199.34292008288742,23.98069,0.0616994351
90,0.0005239803601017005,0.0011691648313449374,0.0005239803601017005,3.522427485180394,192.87913032054053,19.1196327,0.0621625595
88,0.0005859508866555595,0.0012864381224176817,0.0005859508866555595,3.802790141582833,187.7682635275874,19.984808,0.0610225908
126,0.0048614487692437616,0.0096486289783924,0.0048614487692437616,10.138677465346465,190.42182909363999,86.0447845,0.0614673197
95,0.0015593909499171936,0.003242467735546429,0.0015593909499171936,5.376116547494212,178.37257061935853,30.7793732,0.0622390397
104,0.005424574497901537,0.010618801522021321,0.005424574497901537,10.697835446104564,190.34162358477496,64.5411224,0.0659539551
91,0.0007664500724225938,0.0016722349769583663,0.0007664500724225938,3.868754010763141,168.3747179038867,22.7614727,0.0625863001
95,0.0011861006542138051,0.0024289084114070647,0.0011861006542138051,4.659633279687135,155.07259099197324,28.8030548,0.0644214004
78,0.0008220354368715648,0.0016940305132160558,0.0008220354368715648,3.196090213882562,128.4358098408822,22.820816,0.0661851391
97,0.0013381371041611618,0.0027291918839042334,0.0013381371041611618,4.841106509903358,153.21304736569297,29.5492973,0.0626197681
76,0.0007877249949668899,0.001624189376362664,0.0007877249949668899,3.062012634519086,125.11559126260092,22.0963326,0.0662104115
88,0.0021448084195230302,0.00429029443087857,0.0021448084195230302,5.467431266874791,140.47709074407098,34.7096329,0.0637610853
98,0.002996087773457428,0.005956793170819699,0.002996087773457428,7.242118706275855,160.48479576728084,43.1275864,0.0598484576
83,0.0013567963794834908,0.0027534868942709167,0.0013567963794834908,4.253720300446021,134.6086151819186,28.4211941,0.0645272508
62,3.839122605894391e-06,6.251420399595242e-06,3.839122605894391e-06,1.4255349437781437,302.184550225442,1.83865261,0.0645507351
68,3.4657984267503267e-06,5.45937952390904e-06,3.4657984267503267e-06,1.4612154619940072,322.1612995156441,1.6600045,0.0636866316
93,0.0010534638731504134,0.0025009617600459336,0.0010534638731504134,4.343322288784479,241.08908307391826,27.1559944,0.0657883063
93,0.0009709381152646385,0.0023338873977853504,0.0009709381152646385,4.427213950812474,253.768308136742,26.2786388,0.0668943748
99,0.001192116665438784,0.002847144701435507,0.001192116665438784,5.090028103551619,261.0977659516036,27.6392555,0.0635606945
105,0.0015432893471301454,0.003635101998617755,0.0015432893471301454,5.907304638952327,268.22096195839686,30.8813343,0.0636876971
111,0.0023733530823114826,0.00546629078680091,0.0023733530823114826,7.596988212057781,282.71767756407144,37.851738,0.0650498047
99,0.0016210768658816038,0.003744521616611848,0.0016210768658816038,5.883265108065194,250.77778924029874,32.3267212,0.06338498
102,0.0020651474928582913,0.004628405843101397,0.0020651474928582913,6.565718118842543,238.32502983776573,34.6398849,0.0632136911
99,0.0004145657465470255,0.0009053730913294618,0.0004145657465470255,3.6098323190152715,191.03161408747874,31.729002,0.0637040958
114,0.000652239619658656,0.001399055034294218,0.000652239619658656,4.594420322137648,207.04907931702886,28.2581158,0.0645861328
