n_points,HI2_percent,HI3_percent,HI_percent,SA_dyne_s_cm2,transit_ms,max_stress_Pa,mean_inlet_velocity
98,7.348644248537012e-06,2.344343039939186e-05,7.348644248537012e-06,1.8725643580619482,1476.50129098416,6.84732962,0.0598627105
96,7.017620472067935e-06,2.6822981058671464e-05,7.017620472067935e-06,1.575212588876541,1468.9572401469306,6.5325985,0.0604482479
102,8.15350114309366e-06,2.8643567727212237e-05,8.15350114309366e-06,1.6016948861743334,1394.5208944406547,6.56234121,0.0612519942
126,0.0002309608973729432,0.0007123433963202414,0.0002309608973729432,4.643885318095198,1512.502452940346,25.9118137,0.0642646179
92,8.471899026799069e-06,2.4603265370971997e-05,8.471899026799069e-06,2.137202018717295,1599.0212225144126,4.03074169,0.0577451177
126,0.00020005025088666006,0.0006208094453765533,0.00020005025088666006,4.428857632711636,1664.6223232820648,14.946475,0.0640947744
99,7.514677850247752e-06,2.7428627739720294e-05,7.514677850247752e-06,1.5437098131093412,1356.1508352959272,7.14080381,0.0607717298
124,0.00010911304988381923,0.00033797469595209256,0.00010911304988381923,3.558957026115884,1421.3042346544614,15.6392679,0.0639574081
91,2.2106704892110313e-06,5.245432799087208e-06,2.2106704892110313e-06,1.6368895965879071,1307.5883841980137,1.4744277,0.063492544
106,2.6786885032954696e-05,8.730288247338705e-05,2.6786885032954696e-05,2.298820866359413,1654.116554933102,7.1465745,0.0642141998
98,6.2549271236981765e-06,1.9681014287551807e-05,6.2549271236981765e-06,1.912463541166241,1635.4260562272216,4.58554983,0.057689704
92,2.5068251429428347e-06,8.438763554483376e-06,2.5068251429428347e-06,1.5807959914167125,1524.98054480139,5.33039427,0.0636224896
102,3.1364683010709696e-06,9.733627109080656e-06,3.1364683010709696e-06,1.847037384762374,1601.9909295720088,3.93744779,0.0636769906
92,7.830808507844882e-06,2.9191174980252343e-05,7.830808507844882e-06,1.5284948410002976,1334.30114766517,7.0444026,0.0613457263
122,8.057981807980135e-05,0.0002492761177543801,8.057981807980135e-05,3.150854618382327,1370.7764041471366,15.0644064,0.0637604296
72,3.0388744395899604e-05,0.0001345863650378143,3.0388744395899604e-05,1.5741817547728256,1019.7740310230821,15.124712,0.0629435927
78,4.3658238140823556e-05,0.0001856409791603276,4.3658238140823556e-05,2.1512998761790474,1162.2287347771505,15.249856,0.0632209703
54,7.136271445017908e-07,1.7647407614700776e-06,7.136271445017908e-07,0.8867292870556235,901.9013526172729,2.41688013,0.0628550649
151,0.0008937744534310502,0.003244707928800935,0.0008937744534310502,8.576127690416666,1999.5919759343712,49.8020287,0.0641854331
102,7.739789970075094e-06,2.4698775463767655e-05,7.739789970075094e-06,2.130737760930181,1761.3134498422621,5.99032211,0.0581140034
59,8.476134703582315e-07,1.866270505588894e-06,8.476134703582315e-07,1.108556017560935,993.5375340762048,1.18696749,0.0631760508
175,5.471488080154351e-05,0.00011287207069282484,5.471488080154351e-05,7.641462465361816,1636.660258010779,9.62400436,0.0635221973
59,1.9390221239483308e-06,5.979126062349179e-06,1.9390221239483308e-06,0.8355723974336672,816.0267783747875,3.02588105,0.0630172715
108,3.8313620898127255e-05,0.00011728907567152378,3.8313620898127255e-05,2.283102498741422,1328.113460758168,7.36211681,0.0639963299
104,1.013255860083421e-05,2.5544942217123013e-05,1.013255860083421e-05,2.5004547836751216,1456.934092698309,4.00666475,0.0569044724
80,2.3342988103677986e-06,5.40645529025422e-06,2.3342988103677986e-06,1.492877421257371,1136.8751269682587,1.53722644,0.0631129369
57,1.6503123315894022e-06,5.879643687609833e-06,1.6503123315894022e-06,0.6569217218677508,757.2682773842374,4.04913807,0.0625927895
71,2.5957148441509917e-06,8.131649740083885e-06,2.5957148441509917e-06,0.9056525650968252,834.3697970971374,4.13840008,0.0627633482
56,1.821142159683194e-06,5.873394199557495e-06,1.821142159683194e-06,0.7694347599906586,794.5179165269734,3.09533811,0.0629425645
58,1.5585424046961125e-06,5.893397320269663e-06,1.5585424046961125e-06,0.5672512442484745,724.0139078693389,5.13843679,0.0626421198
102,3.0873091465593365e-06,9.444354040784546e-06,3.0873091465593365e-06,2.0136243554634827,1763.8511239019492,3.50949717,0.0640685037
183,0.001167768169949163,0.004514774481201698,0.001167768169949163,10.214770614059823,2307.548693079005,59.9602585,0.0645597354
105,5.1373206536286045e-06,1.8448941329331486e-05,5.1373206536286045e-06,1.88184949607375,1830.5320202703956,5.74858904,0.0574646629
52,5.694666821547781e-07,1.38763721633738e-06,5.694666821547781e-07,0.8017778341719103,869.8829083326892,1.16843724,0.0629374087
54,1.0075841748475379e-06,3.7233613876919806e-06,1.0075841748475379e-06,0.54345763848581,726.3759220625564,3.35079908,0.0628847703
85,5.027047102733831e-06,1.6168921579789842e-05,5.027047102733831e-06,0.9790481578705634,753.5818975695269,6.06131935,0.0627740622
105,3.992951267942351e-05,0.00012180545622230062,3.992951267942351e-05,2.3105913405174547,1289.6073276004188,8.7877121,0.063765958
95,8.05918540812238e-06,2.3645796173189227e-05,8.05918540812238e-06,1.857271345754664,1308.146157510358,5.46740484,0.0590937175
65,3.276521743197709e-05,0.00013953425596348638,3.276521743197709e-05,1.4838113002836424,951.6495414075109,14.8551817,0.0629425719
71,3.165443767704915e-05,0.00017098812589936297,3.165443767704915e-05,0.6945745319435956,698.7281742273553,25.328043,0.0626466572
128,1.7590592619776513e-05,4.2031553915549026e-05,1.7590592619776513e-05,2.4935878225872385,885.9882191158285,6.67626572,0.0625994951
121,1.6997306630490015e-05,4.0887694617880206e-05,1.6997306630490015e-05,2.2930620329828595,842.2972118988218,7.1369195,0.0625993162
57,1.8564478521929482e-06,6.751097200609098e-06,1.8564478521929482e-06,0.6537867105274385,752.4397626273768,4.13791466,0.0627835616
194,9.913671954597653e-06,2.545083916515066e-05,9.913671954597653e-06,2.723360216615405,1139.5391068407248,6.12819481,0.0627928823
259,3.67162169451056e-05,9.555373329456037e-05,3.67162169451056e-05,4.513310584788367,1366.509225028707,7.27205181,0.0626585931
62,8.979210727853232e-07,1.9700613178449215e-06,8.979210727853232e-07,1.208423201876199,1068.8231439507467,1.14459133,0.0637477934
102,3.4632282914184406e-06,1.0710951482206621e-05,3.4632282914184406e-06,2.2455194200488546,1935.2271370941767,3.54405999,0.0647055134
124,1.9512214317905534e-05,0.00010390790707171134,1.9512214317905534e-05,3.2600355085953123,2454.38214621326,19.060955,0.0645184293
106,5.937401104847232e-06,2.3646691243460434e-05,5.937401104847232e-06,1.8832154375787797,1958.5294187812574,6.15399933,0.0575652644
52,1.3483757200987584e-06,4.603481440222103e-06,1.3483757200987584e-06,0.6677722176694112,763.6814870875891,3.30096078,0.0627091601
78,4.665160221679454e-06,1.5785809138173393e-05,4.665160221679454e-06,0.8204343107943444,723.332447845891,6.25730324,0.0627473891
82,4.632918218386147e-06,1.54180349238107e-05,4.632918218386147e-06,0.9076668399206229,717.7417001896833,6.42109203,0.0626803935
69,4.740618015048281e-06,1.6331429931519273e-05,4.740618015048281e-06,0.8447770526547824,708.089938795828,6.31835127,0.0626581013
110,7.17182824400867e-05,0.00021099219209839287,7.17182824400867e-05,2.8136904880531937,1265.273732948795,10.878087,0.0638037473
78,2.249781751350803e-06,5.315450310578997e-06,2.249781751350803e-06,1.3843726192372068,1064.6446006795838,2.23155808,0.0630927086
99,1.2306363158283478e-05,4.123410115921385e-05,1.2306363158283478e-05,1.59131959200665,1226.6118348752673,6.88150644,0.0643269643
95,9.57038378214756e-06,2.5850992136944853e-05,9.57038378214756e-06,2.0631730338028627,1302.6187248912051,4.15649605,0.0587053373
60,1.6757655198077718e-06,5.8598510810693105e-06,1.6757655198077718e-06,0.6622646481016242,762.8711931496609,3.81725311,0.0627623647
64,0.0001484475819287325,0.0009562375102694215,0.0001484475819287325,0.6562747485719759,657.7752375847415,66.65905,0.0627636984
220,1.903855403475694e-05,4.266672455816812e-05,1.903855403475694e-05,3.9123908345363296,1209.2621607762244,6.48342705,0.062609829
122,1.845680156728496e-05,4.379687965529964e-05,1.845680156728496e-05,2.40603972163153,848.5626973382331,6.68870497,0.0627213269
113,1.774309172702489e-05,4.256471818948979e-05,1.774309172702489e-05,2.2630974682523792,814.0702555928069,7.66033173,0.0627705902
197,3.1606282295473546e-05,9.425159612926641e-05,3.1606282295473546e-05,3.3331301910986295,1095.0065355641152,13.1791449,0.0626801997
65,3.3909420260347895e-05,0.00018668944321080953,3.3909420260347895e-05,0.5980119291881337,664.3749519344667,27.3105049,0.0627158135
82,5.073552184897328e-06,1.652766752000599e-05,5.073552184897328e-06,1.0127636404378988,732.412579110032,6.49110222,0.06271559
53,1.3632154814300277e-06,4.446228247538247e-06,1.3632154814300277e-06,0.9656878384105483,921.3040351504808,3.68602777,0.0637315065
135,1.633075344276395e-05,5.4262645518354e-05,1.633075344276395e-05,4.275832426140502,2020.1581520023,9.13732815,0.0648643002
118,3.434184377135009e-05,0.00019573352853066248,3.434184377135009e-05,5.555038012084847,3590.9403739087284,16.2970543,0.0643980801
108,7.770509707644771e-06,2.887850356822397e-05,7.770509707644771e-06,2.111096157606173,2103.398077300428,6.1566968,0.0572019666
51,1.0290467253524726e-06,3.7218609267645313e-06,1.0290467253524726e-06,0.5429854022094385,727.6108852399857,3.4406774,0.0627238974
79,4.4034258282307124e-06,1.5155511659903372e-05,4.4034258282307124e-06,0.8110788604276025,726.2486841641216,6.31835127,0.0626517087
85,4.936366649545485e-06,1.6381648433747016e-05,4.936366649545485e-06,0.958239247067334,711.8689735614329,6.31835127,0.0627478957
77,4.747903476752602e-06,1.604246971508245e-05,4.747903476752602e-06,0.885866211726409,696.8657301454846,6.31835175,0.0627018213
72,3.7639571659401187e-06,1.3035766751691786e-05,3.7639571659401187e-06,0.7481341722034308,683.6872489054203,6.34445763,0.062647067
105,3.387155266176173e-05,0.00010158430527186373,3.387155266176173e-05,2.1472417170833147,1194.2826352235916,8.38963985,0.0638244152
51,5.721000718829577e-07,1.3410479277843096e-06,5.721000718829577e-07,0.711333336734076,814.1755611150921,1.03523839,0.062735945
96,5.77637936260123e-06,1.9319770175956074e-05,5.77637936260123e-06,1.4257297426579052,1179.6915253676793,6.23367262,0.0621698275
108,2.939697113216046e-05,8.897471565283129e-05,2.939697113216046e-05,2.055241048619847,1152.5004312355047,8.82138824,0.0636247694
54,1.6754948016571847e-06,6.780229515832484e-06,1.6754948016571847e-06,0.505131235524234,695.6381038007313,4.96256351,0.062735714
116,1.2529386086786993e-05,3.867301265091814e-05,1.2529386086786993e-05,1.4283782463678485,810.1573441426939,6.910254,0.062681213
144,2.590989103853064e-05,6.339012329532389e-05,2.590989103853064e-05,2.741438035399182,906.1808267336859,6.56118965,0.0627544299
118,1.9084927815362563e-05,4.4992675928058566e-05,1.9084927815362563e-05,2.31439653104036,803.9619983281616,6.91608906,0.0627539381
262,2.2342673925754226e-05,4.096354795429379e-05,2.2342673925754226e-05,5.796291806057274,1291.1113864335139,6.35707283,0.0627824664
43,9.221444002235187e-07,3.208496839384117e-06,9.221444002235187e-07,0.3279402114997812,593.945448355026,2.89623141,0.0627566651
61,4.1457284103547565e-05,0.00022718959521316083,4.1457284103547565e-05,0.5797030253645953,642.9095845162211,29.1058502,0.0626594946
56,1.1026238985751787e-06,3.7534121442788906e-06,1.1026238985751787e-06,0.6363787368762228,765.0994381483118,3.21747351,0.0629553646
61,8.140378949037488e-07,1.7917174399539596e-06,8.140378949037488e-07,1.2898109260042177,1160.0423253312267,1.05038869,0.0635801032
60,1.3852431287034167e-06,4.132862246643768e-06,1.3852431287034167e-06,0.8329453998607789,833.9351913218258,3.05715632,0.0631455556
132,6.2761400970837606e-06,1.957209120222918e-05,6.2761400970837606e-06,3.580754258820294,2675.7565246127015,4.42118025,0.0639025122
110,8.388331815998784e-06,3.139959026876635e-05,8.388331815998784e-06,2.247655788142658,2241.782216026707,6.3129797,0.0566134267
71,4.5740482726439385e-06,1.6271158730907183e-05,4.5740482726439385e-06,0.8244731099333843,731.3084203553597,6.17421865,0.0627937168
72,4.121286363874828e-06,1.4493095476073308e-05,4.121286363874828e-06,0.7332408672060686,704.4231196309405,6.29907894,0.0627658442
81,5.234200969988287e-06,1.642277427905785e-05,5.234200969988287e-06,1.028635251168141,693.133752371078,6.35351372,0.0627895147
44,6.736317133077014e-07,2.4232378517948237e-06,6.736317133077014e-07,0.31010665300231777,603.0574375639533,4.48626804,0.0627624393
73,4.439168832468917e-06,1.5352421394656296e-05,4.439168832468917e-06,0.7923092667964085,674.9412103741049,6.38843393,0.0626655221
70,4.03224442620804e-06,1.4296225989254706e-05,4.03224442620804e-06,0.7117741877032127,671.5632550026555,6.24272728,0.0626896098
75,1.730050347371121e-06,4.4531603838542225e-06,1.730050347371121e-06,1.2137196935932562,1068.55740775672,2.6426549,0.0631323606
66,2.2481976712602065e-06,6.8595115723400306e-06,2.2481976712602065e-06,0.8281458095008287,790.8825235586212,3.99391365,0.062826857
93,9.822335169502057e-06,2.5664322776232744e-05,9.822335169502057e-06,2.1077427823519894,1251.7865741403855,4.21343994,0.0586844943
94,1.1905050485598965e-05,4.0651916085401724e-05,1.1905050485598965e-05,1.5174240433080453,1133.6084263040937,7.56932163,0.0639498979
80,1.881630894498947e-06,4.391415808682519e-06,1.881630894498947e-06,1.240648920513313,1013.6348399504292,1.42488027,0.063099198
74,1.460313632053442e-06,3.791645606219087e-06,1.460313632053442e-06,1.0988445511443485,1011.7105656765806,2.69805098,0.0630912483
201,1.4439505851076843e-05,3.401604343414571e-05,1.4439505851076843e-05,3.2744927619608513,1126.8557493050912,7.23361349,0.0627183244
124,2.1380975962255404e-05,4.900049636202549e-05,2.1380975962255404e-05,2.6408780629933712,809.9797488356469,9.00247288,0.0626742169
118,3.671881586537473e-05,0.00017810232231378652,3.671881586537473e-05,1.383447255647983,814.3756167018319,29.6085033,0.0626673475
43,1.0610462465846058e-06,3.666180129509453e-06,1.0610462465846058e-06,0.3369042287469101,586.5896317081286,2.94302249,0.0627408847
40,1.061573882608173e-06,3.7391926389727274e-06,1.061573882608173e-06,0.3336906263105553,584.917509998619,3.19554615,0.0627428144
43,1.0245704601353316e-06,3.713694216937295e-06,1.0245704601353316e-06,0.3329656934464417,597.0354445165281,5.0262804,0.0627724975
38,1.151903694204187e-06,3.9026413722953395e-06,1.151903694204187e-06,0.34632999416839433,586.0371363365414,2.80759788,0.0627619997
42,1.2862990007554448e-06,4.300577641264662e-06,1.2862990007554448e-06,0.35825244158776637,582.6759957590879,2.82925367,0.062766917
63,9.442409685291297e-05,0.0004909530014666345,9.442409685291297e-05,0.6637050405239671,617.7737656743274,34.1442947,0.0627149269
75,4.597729950661018e-06,1.6181976835575485e-05,4.597729950661018e-06,0.8341142066748369,752.7447651915564,6.31835127,0.0628076494
61,1.5182728317656728e-06,4.434381473074361e-06,1.5182728317656728e-06,0.9091103649100057,862.6226140757512,2.95784307,0.0632973388
55,1.3382971200240332e-06,5.133914245449367e-06,1.3382971200240332e-06,0.5909844852620244,746.4421726178944,4.62608004,0.0630416125
68,1.0791280864529121e-06,2.3797618013077553e-06,1.0791280864529121e-06,1.6742035655135974,1377.332145972704,1.26139438,0.0638996735
131,0.00010576586571523511,0.0003753432033492766,0.00010576586571523511,4.120093892796444,2685.960301635511,10.5389109,0.0598715246
71,3.8055319278057398e-06,1.3209443036073812e-05,3.8055319278057398e-06,0.7150558912039544,709.2810077081099,5.93137932,0.0627766997
70,3.7387181843962003e-06,1.3531468637295966e-05,3.7387181843962003e-06,0.6891398869373728,677.0073432408997,6.47445393,0.0627695322
41,6.853666073677025e-07,2.220882955077909e-06,6.853666073677025e-07,0.3171581457181646,592.7836857479234,2.22797418,0.0627915785
38,5.569261676181117e-07,1.8034825891443272e-06,5.569261676181117e-07,0.30562416500334216,600.6641496052856,2.14282537,0.0627408922
70,4.236301675180365e-06,1.4820120552181915e-05,4.236301675180365e-06,0.7588577414922186,659.4572851098474,6.5152936,0.0626849085
46,8.151919366101735e-07,3.0734274041813565e-06,8.151919366101735e-07,0.3146868994266483,606.5740308262691,5.12458467,0.0627917424
58,1.4438090050065408e-06,4.839057416648131e-06,1.4438090050065408e-06,0.6417772250088575,744.1254248275798,3.41491079,0.0629177764
74,5.526249050546254e-06,1.5959678910838955e-05,5.526249050546254e-06,1.2305696172760956,847.5937997960222,5.32680988,0.0629317984
96,9.289486046760633e-06,2.5037485456266204e-05,9.289486046760633e-06,1.946424763390467,1193.6238251523903,4.32790804,0.0596843138
103,1.773626718275194e-05,5.632895591565529e-05,1.773626718275194e-05,1.7351478514504874,1087.4128913004047,8.46779537,0.0636297613
63,1.6490798634548185e-06,3.8954756817084215e-06,1.6490798634548185e-06,1.0738415531191408,907.5694686318085,1.98914576,0.0631224364
68,0.00026545357883944385,0.0015589506774244463,0.00026545357883944385,0.7733271235615101,630.2758925128686,76.1133347,0.0626972318
132,2.6177773196710115e-05,6.591162914809404e-05,2.6177773196710115e-05,2.297511069707285,801.8815491560894,9.1572752,0.0626916364
106,9.252997696961683e-06,3.065243599605847e-05,9.252997696961683e-06,1.3708243359792667,811.6653833718458,8.34183121,0.0627156049
44,2.445529010968995e-06,7.165632246591375e-06,2.445529010968995e-06,0.48201678558607447,579.0792405725927,2.74172926,0.0627879128
43,1.3811681910953036e-06,4.6379626552254175e-06,1.3811681910953036e-06,0.36111675702613905,576.7770394388367,2.9087193,0.0627342016
42,1.4338095886409867e-06,5.202518690278026e-06,1.4338095886409867e-06,0.3499730172540987,575.8877199955501,4.04263639,0.0627367347
38,9.489208170132055e-07,2.9782318841059945e-06,9.489208170132055e-07,0.3492608186012763,584.5700930756195,2.2792511,0.0627682954
44,1.6124655578586262e-06,4.921950458817283e-06,1.6124655578586262e-06,0.406977492522722,580.8057745612962,2.52900124,0.0627685487
60,0.0008056438190620685,0.003995909338435793,0.0008056438190620685,2.275674976000124,602.0026310219741,122.685204,0.0628028065
60,4.294543169252238e-05,0.00024701905427084434,4.294543169252238e-05,0.5722080025078446,597.1588214923428,45.8954964,0.0627390891
78,4.5559754926257826e-06,1.4777984568773636e-05,4.5559754926257826e-06,0.890642183815679,749.4314300770262,5.78612995,0.0629415512
52,1.3943316863511473e-06,5.1656818649849695e-06,1.3943316863511473e-06,0.6703781201449691,781.6003911431314,3.91748214,0.063212119
65,1.8275098371957841e-06,5.057680761221571e-06,1.8275098371957841e-06,1.053375102517107,919.3592178576978,2.79711437,0.0632849559
55,5.4930103125239e-06,2.60416340363733e-05,5.4930103125239e-06,1.3841687828940663,1116.1238147674205,8.63866138,0.0639098883
149,5.337327965467618e-05,0.00033635666081767814,5.337327965467618e-05,5.752572493286669,4398.474974543177,29.4732075,0.0610917136
130,1.722547182065255e-05,6.339867377006256e-05,1.722547182065255e-05,2.806025248325346,2693.1486174835527,6.66900349,0.0574526004
71,3.7722442393821446e-06,1.3500990379056374e-05,3.7722442393821446e-06,0.6845655636639641,697.465019111348,6.4747839,0.0627534688
71,3.846149286653674e-06,1.3895889088934197e-05,3.846149286653674e-06,0.666940812843441,672.7605703244424,6.48224592,0.0627459586
42,1.3458403275769656e-06,4.070979793570513e-06,1.3458403275769656e-06,0.39224438129580314,583.5038984084309,2.3177917,0.0627806336
40,7.960610989838586e-07,2.5123456849803997e-06,7.960610989838586e-07,0.33135559213582266,588.2518701030426,2.15045571,0.0627697706
39,5.914372581819572e-07,1.914895182614078e-06,5.914372581819572e-07,0.3077147381675149,593.4450175456299,2.16438627,0.0627808496
38,5.092753675448284e-07,1.6226155190300108e-06,5.092753675448284e-07,0.3033473949605866,598.0468433689105,2.01409125,0.0628199354
40,4.171410662780382e-07,1.3391832040746391e-06,4.171410662780382e-07,0.29472529543698817,601.0470524560501,1.91679633,0.0627613664
66,4.364117539376466e-06,1.5475496929647374e-05,4.364117539376466e-06,0.6919768165181566,666.3141103611122,6.40969467,0.0627404302
57,1.6174631447279184e-06,6.528379415494878e-06,1.6174631447279184e-06,0.48772859659363454,680.6681059503147,4.93606138,0.0628119931
57,1.291810832134743e-06,4.703878757433368e-06,1.291810832134743e-06,0.5381421385393023,697.4308516865126,3.70868087,0.0627433583
151,1.3761587084789114e-05,2.908027648816258e-05,1.3761587084789114e-05,3.8389177630326756,1463.1458085345655,3.9299264,0.0574458726
95,1.1727371053726917e-05,3.8159774041666996e-05,1.1727371053726917e-05,1.5395866191648853,1073.2967948888618,8.08374214,0.0640416369
99,1.0488370704115203e-05,2.5809769178956107e-05,1.0488370704115203e-05,2.2613050329692976,1182.2134724881791,4.03306723,0.059388116
68,1.3547193174296348e-06,3.7487180821255328e-06,1.3547193174296348e-06,0.983741195775343,964.8263983181855,2.7168684,0.0633409992
62,2.2557493033617386e-06,6.391502885750781e-06,2.2557493033617386e-06,0.8657162167201528,773.169083930826,3.37260628,0.0629396662
66,0.00026517914006405903,0.0015873606048576545,0.00026517914006405903,0.7480696935543432,618.8438913766071,78.5340652,0.0627045482
44,2.8253611871291276e-06,1.2501927644451865e-05,2.8253611871291276e-06,0.35980799581237355,581.393583802187,8.37257862,0.0627417788
62,0.0008999018025630403,0.004117921178542718,0.0008999018025630403,2.7464319213917396,603.8560362123725,126.116257,0.0627528578
66,7.748182097046407e-05,0.00030906495100482454,7.748182097046407e-05,1.5482739996954202,599.448275676526,34.2511292,0.0627772436
70,0.001551046233434069,0.0061677554103969695,0.001551046233434069,4.283990869122209,613.9838625205113,119.8508,0.0627417192
44,2.6452085250764164e-06,7.713560207799834e-06,2.6452085250764164e-06,0.4944084233924277,569.3861491836024,2.86509109,0.0627925172
57,0.0005823905300045752,0.003233059481198135,0.0005823905300045752,1.8038312068422373,600.3614115471768,131.594009,0.0627700984
67,0.0001541001208487272,0.0009025063841692711,0.0001541001208487272,1.4469100997213953,597.1669263229046,68.0280075,0.0627888739
134,4.824505583854118e-05,0.00013892465570221007,4.824505583854118e-05,2.258216541847433,740.8615579873593,11.7915316,0.0627559349
65,0.00017778410470556605,0.0008176373362423944,0.00017778410470556605,0.9054756827238211,592.3276362150301,45.5987892,0.0627298951
82,1.3964506915180727e-05,3.4746153045580355e-05,1.3964506915180727e-05,1.5851343140382481,749.9276530145296,5.93585539,0.0629586205
52,1.3392750633131865e-06,4.706125037209204e-06,1.3392750633131865e-06,0.6740641550715107,779.6399723920762,3.9174819,0.0630690306
79,1.3155195137916793e-05,4.9675228661126086e-05,1.3155195137916793e-05,1.768103407584861,1095.2097161826553,8.35298824,0.0641589463
162,8.039562161187545e-05,0.00031874602781451817,8.039562161187545e-05,4.7272352812419856,4231.201029393859,10.1325369,0.058933612
70,3.933913699124616e-06,1.4174889651927795e-05,3.933913699124616e-06,0.6936335431480172,691.5250455517408,6.21694517,0.0627673492
65,0.0008429011285163786,0.004068185955131338,0.0008429011285163786,2.5123145105636255,609.1658052297826,124.911819,0.0627774373
63,0.0008795131436423852,0.0041587095567964,0.0008795131436423852,2.4405497950596358,609.5921536129301,122.630623,0.0627786219
41,9.117310889218226e-07,2.8742395370565328e-06,9.117310889218226e-07,0.34186268725711394,587.4009933069699,2.28132033,0.0628097057
39,7.474282163845756e-07,2.384445251768098e-06,7.474282163845756e-07,0.3280547073070024,589.4663024786869,2.17866468,0.0627889633
40,7.302140670849234e-07,2.314605963800387e-06,7.302140670849234e-07,0.326845230266958,589.7221862387592,2.19318748,0.0627529323
71,4.004464997648723e-06,1.3764467706349536e-05,4.004464997648723e-06,0.7136549061550433,658.0963138842017,6.0620532,0.0627759919
41,5.249675938643405e-07,1.6876116531439973e-06,5.249675938643405e-07,0.30353707471067054,596.7043029076242,2.02968836,0.0627578199
66,3.503292826290455e-06,1.2625513590082913e-05,3.503292826290455e-06,0.6746190060556676,678.3166299029807,6.30016422,0.062766917
187,3.399995405961356e-05,0.00015911417038746872,3.399995405961356e-05,2.7929541055096374,1096.736891902399,27.0454712,0.0626748204
59,1.327461776234396e-06,4.8323937065681934e-06,1.327461776234396e-06,0.5309195524209506,692.0077496349179,3.61110282,0.0627098009
97,9.822633618712203e-06,3.315116952118875e-05,9.822633618712203e-06,1.4386637099668855,1035.5239741987969,7.9823246,0.0637380779
94,1.0190727283346752e-05,2.6298413181539863e-05,1.0190727283346752e-05,2.036742512577428,1126.7011805482869,4.20711136,0.0598123111
100,4.6495878927813795e-06,9.480402578188507e-06,4.6495878927813795e-06,1.8783525532911487,948.3685787091715,2.25291181,0.0630447194
55,1.4628880588685295e-06,4.9805158030152735e-06,1.4628880588685295e-06,0.5785519568142939,695.553007339023,3.37332249,0.0627363771
66,0.0003096671231304006,0.0015035091314395952,0.0003096671231304006,0.9794607134069282,599.8455610930037,62.7106438,0.0627537742
42,4.287752898913021e-06,1.8093956369625154e-05,4.287752898913021e-06,0.40803547408693586,569.5825775370573,7.96774054,0.0627946854
66,9.075542595318246e-05,0.00046555482872241987,9.075542595318246e-05,1.383356356589134,588.9571458712568,51.2117844,0.0627534986
66,3.60561129017645e-05,0.00013599854556821313,3.60561129017645e-05,1.2185262588855814,585.9652088676997,26.517601,0.062779732
56,0.0005068425211394274,0.0029694547777813756,0.0005068425211394274,1.5198564068133689,583.3499306233367,124.877594,0.0627699718
47,3.2879490726551622e-06,8.822630851097213e-06,3.2879490726551622e-06,0.5970097336585889,572.7994616231265,2.83665586,0.0627865717
70,0.00014156583636750283,0.0007597309953786646,0.00014156583636750283,1.4757920111671115,585.1556272177113,62.1522026,0.0627710521
76,0.00045350805230811567,0.0027077122946517415,0.00045350805230811567,1.9023664403003364,607.8293621917817,106.344505,0.0627771318
67,4.784147722193906e-05,0.0002067178388897255,4.784147722193906e-05,1.207647643325629,585.9437643937898,28.785574,0.0627935529
45,4.848840995075374e-06,2.0957491821301854e-05,4.848840995075374e-06,0.4069138518093585,565.1110761505323,10.1035023,0.0627815127
50,5.420951868376641e-06,2.3775627229172157e-05,5.420951868376641e-06,0.40084951926010026,566.5290429706376,10.3626165,0.0627702922
73,0.00038245236738336237,0.0016137866844198813,0.00038245236738336237,1.2368609923905385,582.8147397456221,41.3433571,0.0627600402
83,1.0611301952422087e-05,2.7944648515619195e-05,1.0611301952422087e-05,1.3920913323163786,747.1567973217522,7.11183643,0.0629275441
50,1.2044439790354005e-06,3.831238172148119e-06,1.2044439790354005e-06,0.692731884195199,786.6154437602083,3.07492876,0.0633538067
62,3.1790105519986957e-06,9.346184655911454e-06,3.1790105519986957e-06,1.3277553086765492,1013.6393219875432,3.9174819,0.0639956519
69,4.3522182320118175e-06,1.266591519935686e-05,4.3522182320118175e-06,1.6307104957632714,1134.794350282491,3.92235303,0.0642049685
140,5.394302691586483e-06,2.34092395984189e-05,5.394302691586483e-06,2.808248181298969,3957.1275617009624,6.02454185,0.0574842766
72,3.5507786797560025e-06,1.239484554695316e-05,3.5507786797560025e-06,0.6848708746646198,688.984539418509,5.98271847,0.0628150553
76,0.0005107563780965363,0.003242493432517242,0.0005107563780965363,1.8199999582439537,608.6299148497359,133.421768,0.062773332
48,2.394522544524757e-06,6.776101571386855e-06,2.394522544524757e-06,0.49536752346897506,589.083949094991,2.6025486,0.0628123209
57,0.0004108442979009344,0.0026716611467753845,0.0004108442979009344,1.219118908602235,594.054279871029,129.879623,0.0627752244
62,0.0008765818259577652,0.00411694520603318,0.0008765818259577652,2.578449130133186,613.4058831677394,112.750198,0.0627674758
41,1.227443542543121e-06,3.8111874187049672e-06,1.227443542543121e-06,0.3710202854331816,587.5535038044507,2.36793375,0.0627419576
44,1.7697994221764666e-06,5.291923300656876e-06,1.7697994221764666e-06,0.4221061216442141,587.0640628211396,2.38002706,0.0627403334
46,6.178539907236058e-07,2.2785661347458246e-06,6.178539907236058e-07,0.31003209949178034,609.9218090567625,4.61015749,0.0627780035
43,6.258893629185411e-07,1.9826615564983366e-06,6.258893629185411e-07,0.3127937877573592,593.065550133763,2.04479408,0.0627319515
121,7.380376615573832e-06,1.9212309091468645e-05,7.380376615573832e-06,1.7361179910113693,845.1833286937697,5.64078617,0.0626563579
151,3.983455859760273e-05,0.00013231476618041948,3.983455859760273e-05,2.499758687270905,841.3183441298379,20.9627934,0.0627299398
108,1.5113203987389931e-05,4.907461762735798e-05,1.5113203987389931e-05,1.7497932176099371,996.0002339458284,8.76809311,0.0631371215
95,8.170413435082445e-06,2.7722542554073073e-05,8.170413435082445e-06,1.373639968500438,996.4407036526237,7.53358316,0.0638544336
123,1.2044001118026946e-05,2.661884710529097e-05,1.2044001118026946e-05,3.095766079056075,1279.5006920710573,3.98808932,0.0577962287
68,1.2852572389848595e-06,3.009474378711152e-06,1.2852572389848595e-06,0.9482475460347405,860.0860237271252,1.29633498,0.0630331859
164,7.281896998263581e-06,1.839437398500159e-05,7.281896998263581e-06,2.506920161690457,1081.5962285986125,5.65931654,0.06265679
84,4.548058198453159e-06,1.4948531471580337e-05,4.548058198453159e-06,0.8606497853902673,695.018224480053,5.90263939,0.062697649
59,1.5564058704962626e-06,5.063658224247058e-06,1.5564058704962626e-06,0.6061544934318543,688.7078229098743,3.36076927,0.0627679303
44,8.980355707121844e-06,3.439930287875011e-05,8.980355707121844e-06,0.5484775309529811,561.5928203660951,8.97690392,0.0627938211
62,2.940397137221541e-05,0.00010237336044005042,2.940397137221541e-05,1.1553010478664631,573.647627837477,21.5301056,0.0627794713
62,2.5707140550327697e-05,8.800864133672002e-05,2.5707140550327697e-05,1.1215451102482603,574.9418763243542,20.8139191,0.0627669021
65,3.9774017628842324e-05,0.00015733319655600507,3.9774017628842324e-05,1.2303032493583463,578.449275124463,30.9478722,0.062764585
60,2.5821824059981472e-05,9.205264821082819e-05,2.5821824059981472e-05,1.088852978687148,569.2336450107599,24.4525032,0.0627919883
74,0.0005350889742380601,0.003167618121846479,0.0005350889742380601,1.8368908549331509,590.5002632165211,114.456215,0.0627735704
63,2.6663694620026136e-05,9.021302323034153e-05,2.6663694620026136e-05,1.1274057588125739,569.1468156216309,16.6186905,0.0627743676
60,2.98522420384599e-05,0.00011216666666428027,2.98522420384599e-05,1.125139885611596,564.8705721577389,24.6191406,0.0627766922
66,4.846140624587631e-05,0.00020831666863012731,4.846140624587631e-05,1.2628783245341209,594.9411584066821,32.6427765,0.0627883673
65,4.0690150952028396e-05,0.00016279200327675946,4.0690150952028396e-05,1.2052319140848482,586.7473757816283,28.8346291,0.0627855808
60,2.1848628994056274e-05,7.636842238174308e-05,2.1848628994056274e-05,1.0318467768854653,565.0761117119325,20.2397652,0.0627908185
62,1.9739704701919454e-05,7.756083796281499e-05,1.9739704701919454e-05,0.6923322818758093,558.8489700405695,12.7345657,0.0628072396
44,5.8969450992768845e-06,2.5732564967855834e-05,5.8969450992768845e-06,0.4055320904586959,560.103906984004,8.61480999,0.0627674162
51,1.5123368377318615e-05,6.320191799175635e-05,1.5123368377318615e-05,0.5446820305512587,552.7467267781428,11.5659952,0.0627815276
58,4.0617559593555604e-05,0.0002389192233528915,4.0617559593555604e-05,0.5643154043064162,583.7114108343249,53.460125,0.0627434105
66,0.0001034165774344613,0.0005173773195114227,0.0001034165774344613,0.7265953195713314,565.8245620360693,40.1982498,0.0627652034
77,3.691425408923705e-06,1.2370637932556156e-05,3.691425408923705e-06,0.7950019396823932,720.1552985549561,6.08436823,0.0628175437
54,7.67261510435111e-07,2.5105854837197105e-06,7.67261510435111e-07,0.5598261394685755,742.6516728808346,2.61182332,0.0630253926
53,1.1661656486795096e-06,3.261740562648005e-06,1.1661656486795096e-06,0.8121598357239601,834.5182628398045,2.22452641,0.0631701127
54,2.2488696956790854e-06,5.79774511698721e-06,2.2488696956790854e-06,1.1827495381265274,949.5052046336676,2.1420958,0.0639433861
77,2.8127255348149785e-06,6.758603562240126e-06,2.8127255348149785e-06,3.074515171649561,1768.8936025488051,2.2260654,0.0595049411
76,3.54650340587505e-06,1.2249256339898663e-05,3.54650340587505e-06,0.703016293908268,686.6466899436809,5.77514696,0.0627781898
71,3.9508024289476455e-06,1.3447007625740622e-05,3.9508024289476455e-06,0.7161403326162492,667.4570616544264,6.06224823,0.0627782568
68,9.431933643457063e-05,0.000497760829305342,9.431933643457063e-05,1.3549324739368367,598.7929866749452,51.6162605,0.0627776831
69,0.0002017564299553505,0.001239183896723765,0.0002017564299553505,1.478976450490205,601.6761788747322,78.3952484,0.0627751797
67,5.024377548576348e-05,0.0002458598567440778,5.024377548576348e-05,1.2002343638414363,591.1789809264246,39.6928787,0.0627718791
70,0.00011612642725838544,0.0005635302300745284,0.00011612642725838544,1.527871094975264,603.8915540076862,45.144268,0.0627464876
61,0.0006292406422370893,0.003489680189252448,0.0006292406422370893,1.6364822860001946,602.6367297582142,118.563919,0.0627272427
61,0.0006544337341023166,0.0032789981938356146,0.0006544337341023166,2.000830129190819,606.7663467874884,110.928696,0.0627478138
51,3.6561517142451756e-06,8.857965466843427e-06,3.6561517142451756e-06,0.716666934169878,600.2013591395646,1.92707813,0.0627594665
60,0.0007061600600977651,0.003633714772673928,0.0007061600600977651,1.792212443604798,599.7016108645029,106.691154,0.0627742186
43,6.661991192723956e-07,2.103752500090997e-06,6.661991192723956e-07,0.31615114398533334,591.6742366925054,2.02721047,0.06272199
41,4.020311826579145e-07,1.232754894975211e-06,4.020311826579145e-07,0.2958923470630614,599.8857522949287,1.72625303,0.0627104416
147,2.60452888478505e-05,6.543274534920069e-05,2.60452888478505e-05,2.44621367598936,825.5144369621995,6.00750065,0.062704891
98,1.0497479007433651e-05,2.5706291075960123e-05,1.0497479007433651e-05,2.161088526036876,1091.5003139400455,4.50545979,0.0592449121
131,1.6597697800757908e-05,4.7769461564200566e-05,1.6597697800757908e-05,2.4533023068705355,1057.744102868555,7.93987989,0.0634240434
68,1.2526268313465941e-06,2.9735446707488987e-06,1.2526268313465941e-06,0.9302905499706843,863.5777427305784,1.2707746,0.0630427301
170,1.4300911162489524e-05,3.026977054009543e-05,1.4300911162489524e-05,3.2800545935640257,994.5230958274092,5.64869165,0.0627266467
77,4.806769226271705e-06,1.6252409489934243e-05,4.806769226271705e-06,0.8163200883060693,676.9306186063361,6.29219103,0.0627177209
240,1.5075559537908605e-05,3.1479116375371404e-05,1.5075559537908605e-05,4.315405532558116,1217.3759379106164,5.97965622,0.0627309605
134,0.00011416657392923087,0.0002709668865811636,0.00011416657392923087,5.852162017898612,901.3962895070784,14.1953831,0.062874645
76,0.000637750292869518,0.0038115256256130354,0.000637750292869518,1.8944650398040697,583.5779375377549,126.159065,0.0628017634
59,2.3716069011750085e-05,7.519072589285176e-05,2.3716069011750085e-05,1.1052026473205676,565.9335052924235,14.0648184,0.0627985895
60,1.8807442408628718e-05,5.692401717212795e-05,1.8807442408628718e-05,1.0269914283035841,559.0567630099025,12.4085264,0.0627836958
62,2.073293090485221e-05,6.60968833397248e-05,2.073293090485221e-05,1.0374107659599368,557.4792758050144,15.0561705,0.0627763569
61,1.503494532688823e-05,4.406977377643687e-05,1.503494532688823e-05,0.9633435895616764,554.4693473964903,11.3183851,0.0627982318
58,1.5596309266692216e-05,4.4597489121655023e-05,1.5596309266692216e-05,0.9699452240308878,546.2668419935246,9.82756805,0.0627939478
62,2.080537706258505e-05,6.731415417173243e-05,2.080537706258505e-05,1.0134308308277262,549.7013709711408,12.9114819,0.0628057793
64,2.3771585782820647e-05,8.38094203159911e-05,2.3771585782820647e-05,1.0458033159314668,553.6424172537403,19.0116425,0.0627944693
64,6.095858389743776e-05,0.000319502576864814,6.095858389743776e-05,1.1640186744805692,558.053700672071,41.6656227,0.0628038496
62,2.6038617774980193e-05,9.013999104283077e-05,2.6038617774980193e-05,1.1125543510706648,583.2051524313571,19.1386013,0.0627937317
63,1.910278307563983e-05,6.199749383535294e-05,1.910278307563983e-05,1.0298787001107639,574.1617950018162,15.2512064,0.0627916977
62,1.7360030818801294e-05,5.291733159899792e-05,1.7360030818801294e-05,0.983627019095712,553.3411669319727,12.9801931,0.0627898201
56,1.5236452065751221e-05,4.356317258053384e-05,1.5236452065751221e-05,0.9621025414541278,543.8115436848936,10.1799583,0.0627934188
60,0.0004682679247477046,0.0027988576304120265,0.0004682679247477046,1.4207962661443545,568.6781051534265,123.288475,0.0628005415
42,3.918909434230546e-06,1.6027532329559553e-05,3.918909434230546e-06,0.3909705875299549,550.1428841788454,7.19239426,0.0627718344
60,0.0007178309685277204,0.003547397966015719,0.0007178309685277204,2.2737183196056097,571.9039144850401,121.646881,0.0628019795
111,1.0576563264083328e-05,3.2785409976019684e-05,1.0576563264083328e-05,1.355132232640991,776.1628595640208,7.10553503,0.0627653301
120,5.880331559628546e-05,0.0002002354368962346,5.880331559628546e-05,2.0833632965268944,681.9141561339013,23.350275,0.0628006309
40,2.956340753252622e-06,1.1082705680723885e-05,2.956340753252622e-06,0.39735916630967644,539.3098720903604,5.71679783,0.0628070012
77,4.275786904011273e-06,1.2938307124291848e-05,4.275786904011273e-06,0.9158764438069249,723.383688168582,5.56755638,0.0627529174
49,9.557300589720448e-07,3.7202179164318235e-06,9.557300589720448e-07,0.5079860391820422,718.5624784324704,5.04308033,0.0628146902
53,6.775262834246817e-07,1.9804781665720303e-06,6.775262834246817e-07,0.6097942328446214,762.034706511847,2.26451898,0.0632943586
57,1.5037875465038976e-06,3.851213045638427e-06,1.5037875465038976e-06,1.0904437200433668,953.9990528883446,1.66256297,0.0646754876
65,2.790285132856748e-06,7.192403546133099e-06,2.790285132856748e-06,2.472363876991293,1619.4711743525932,2.05409598,0.0589913689
76,3.714739737061197e-06,1.2727732518054972e-05,3.714739737061197e-06,0.7228513847612554,672.587849090125,6.07498741,0.0627038181
79,3.7457370364693237e-06,1.244955478165591e-05,3.7457370364693237e-06,0.7851550407797946,701.7593609533092,5.78834105,0.0627213418
64,4.968390308878485e-05,0.00024414740736346366,4.968390308878485e-05,1.1925713663295836,586.1556402799602,44.0504837,0.0627844632
67,4.107295011667459e-05,0.00016760455219733253,4.107295011667459e-05,1.2414882310464261,590.5259043279185,26.543684,0.0627660975
62,2.1405030864106334e-05,6.841857351433069e-05,2.1405030864106334e-05,1.0685858956857524,573.0358739419273,14.592659,0.0627891645
64,3.268501916017094e-05,0.00013286276310460216,3.268501916017094e-05,1.1586684492021484,583.0483518064553,26.9032269,0.0627775863
53,0.0004313421387775728,0.0028477812638954014,0.0004313421387775728,1.082080806442981,592.7683696572542,127.939194,0.0627502277
68,6.635420161343166e-05,0.0002949601286361188,6.635420161343166e-05,1.352294609996279,595.3543704655243,35.7166252,0.0627663732
55,0.00029420760380207566,0.002123673811255097,0.00029420760380207566,0.8726366124396072,585.6269558298702,124.829384,0.0627943426
46,1.8686898384011018e-06,5.0744535940778596e-06,1.8686898384011018e-06,0.4804353902778236,588.6300590554913,1.91832972,0.0627537295
74,0.00016280434061009496,0.0010298847874585435,0.00016280434061009496,1.456672681741254,600.9587352639966,85.3405991,0.0627939254
51,0.0005252217140013912,0.0033495235257474374,0.0005252217140013912,1.1944521492261648,589.0523400743551,113.32972,0.062770173
42,7.309364801217028e-07,2.319316982919169e-06,7.309364801217028e-07,0.3236271056069641,588.8625073278649,2.10346198,0.0627233759
45,4.1181221132000577e-07,1.3071720250893057e-06,4.1181221132000577e-07,0.30459800407261123,608.0931959745097,2.05609846,0.0626783744
143,1.4122592921280514e-05,3.9186511798908565e-05,1.4122592921280514e-05,2.37750999825838,1049.727190954859,7.68766499,0.063780047
118,1.2181615966792806e-05,2.7410126460776272e-05,1.2181615966792806e-05,2.76029068706003,1137.8157156514826,4.2870903,0.0594270229
68,1.088911339863431e-06,2.726988445348955e-06,1.088911339863431e-06,0.8479250378332587,845.210432785601,2.09305382,0.0632400215
179,3.0190790475792527e-05,9.052492493822504e-05,3.0190790475792527e-05,2.6799598760241805,995.1504369572834,11.393755,0.0626902059
56,1.4492842562238025e-06,4.993305370593001e-06,1.4492842562238025e-06,0.5543594041547967,662.750208261765,3.45773125,0.0627303421
76,4.6765112283697296e-06,1.568663477207029e-05,4.6765112283697296e-06,0.8215801565293112,659.1124938796721,6.16016531,0.0627328157
146,2.3371759269583214e-05,5.746156763930402e-05,2.3371759269583214e-05,2.2668335613322563,784.0292008744125,6.32520914,0.0627473518
61,1.1054138979948221e-06,2.6218966896380534e-06,1.1054138979948221e-06,0.810513829195505,773.5992480098935,1.29422867,0.0630005226
59,1.8351105377603783e-05,5.568975983928854e-05,1.8351105377603783e-05,0.995800081397883,544.2557391962546,11.7512026,0.0628215745
57,1.6299833099704004e-05,4.81358097994142e-05,1.6299833099704004e-05,0.9620710878614823,537.6168748669946,10.6042318,0.0628038496
60,1.7973116591563937e-05,5.510150688209377e-05,1.7973116591563937e-05,0.97648882822643,538.8822389242862,12.2382212,0.0627996624
57,1.2339738646001546e-05,3.368205664417857e-05,1.2339738646001546e-05,0.8989629904473182,530.0627894713573,6.40997219,0.062817432
60,1.9978746041467597e-05,6.457052760367421e-05,1.9978746041467597e-05,0.9942317309645258,543.0331519163416,13.2661352,0.0628266111
60,1.6056009544229458e-05,5.1818794228228985e-05,1.6056009544229458e-05,0.9555030389162308,539.1704088527396,14.5454741,0.0627819374
57,1.3493040318800127e-05,3.889799885101948e-05,1.3493040318800127e-05,0.9195847769595435,529.872288230475,10.1083775,0.0628250688
62,2.7695411951656122e-05,0.00010496174592787218,2.7695411951656122e-05,1.085592491103126,553.6774466340757,24.0650482,0.062784344
69,0.00014135632485972796,0.000750326103618778,0.00014135632485972796,1.4509671645505946,569.6155042818016,55.9804916,0.0627864152
58,1.7524592706887873e-05,5.262752855834599e-05,1.7524592706887873e-05,1.010639776617381,561.9160706517871,13.4885836,0.0627951324
57,1.4265727141027848e-05,4.08267251382858e-05,1.4265727141027848e-05,0.9467229714186779,550.0275158045059,10.1185188,0.0627925768
57,1.2354064077983875e-05,3.368338756952427e-05,1.2354064077983875e-05,0.9047535130050914,531.3908402459078,6.55900669,0.0628033429
53,1.032492716858092e-05,2.7884657426091427e-05,1.032492716858092e-05,0.8482704458559578,520.1648318464382,4.62803316,0.062810421
65,0.0010120627873724708,0.004654349055729613,0.0010120627873724708,2.7030511578714784,569.3167676027417,116.791374,0.0628088862
73,0.000122060602269524,0.0006634026326457668,0.000122060602269524,1.4380167195228444,566.2374789012492,61.2013283,0.0628004745
41,3.0024444023634053e-06,1.1662704478484067e-05,3.0024444023634053e-06,0.38359581441302604,534.3728739171936,6.1091423,0.0627896711
43,3.1741067765632026e-06,1.3465469054554873e-05,3.1741067765632026e-06,0.36561618070829494,542.8297326152517,7.41470766,0.0628041029
62,0.0006876125448079027,0.003429268750653597,0.0006876125448079027,2.148904885476499,559.7366946965916,122.379433,0.0627577156
82,8.087930136375501e-06,2.0301343811485976e-05,8.087930136375501e-06,1.3516860749927275,749.5466706061145,5.67107391,0.0627978519
50,7.54417748288377e-07,2.927542406102588e-06,7.54417748288377e-07,0.5065624436655581,717.9049901319476,4.88960218,0.063010782
53,8.597945823206901e-07,2.2013012266485308e-06,8.597945823206901e-07,0.835509110644549,860.128127771759,1.85063291,0.0637537092
75,3.4558518082783083e-06,9.64305034006615e-06,3.4558518082783083e-06,1.9318153391892365,1349.349355889906,3.28057837,0.0607088469
52,1.7241979939686114e-06,4.490428917514781e-06,1.7241979939686114e-06,1.0866317469942006,928.7363918971578,2.83393669,0.0634232238
72,1.862004087476831e-05,9.668437457493273e-05,1.862004087476831e-05,3.470813593657874,1878.3307932439598,14.7734232,0.0581160598
76,4.099877611898584e-06,1.3748132620718596e-05,4.099877611898584e-06,0.8147856973512289,694.6516921378419,6.10434628,0.0627005696
62,1.677083189654408e-05,4.8557296033665886e-05,1.677083189654408e-05,1.004265330385975,561.1608870828684,11.3555107,0.0628028288
56,1.5234819346338974e-05,4.2948104547109416e-05,1.5234819346338974e-05,0.9965545514732783,566.7219459711325,9.6300087,0.0627993569
61,2.921100388840769e-05,0.00011008894837716577,2.921100388840769e-05,1.1203098916464713,577.8327939887149,23.4001637,0.0627606213
67,9.239655313339429e-05,0.0005297720542286763,9.239655313339429e-05,1.257795552927015,588.1324345051374,51.0664825,0.0627652854
68,8.491405245788058e-05,0.0004600800735647174,8.491405245788058e-05,1.2752071071726256,589.1810937375017,48.200943,0.0627982542
44,1.2217288385273558e-06,3.5687058928317415e-06,1.2217288385273558e-06,0.39019451587818055,584.4894749166348,1.89978504,0.0627656952
65,4.152808028442754e-05,0.00016052047311116368,4.152808028442754e-05,1.3021566015271349,591.1685355278604,25.5081692,0.0627894849
51,0.00031344519461420467,0.0021800479396123585,0.00031344519461420467,0.9917329679754433,586.4431885691482,114.09845,0.0627445057
68,8.886373786391285e-05,0.0005160172834521552,8.886373786391285e-05,1.3143029607576338,588.221900961266,65.2561188,0.0627337992
42,5.32660415512613e-07,1.682289142370537e-06,5.32660415512613e-07,0.30626514329738824,592.3629860695784,1.93480861,0.0626894012
41,4.5697489680125237e-07,1.4978413271251535e-06,4.5697489680125237e-07,0.30973602056929067,610.5958420384784,2.00919604,0.0626693889
123,1.1223934500169112e-05,2.8166761758832836e-05,1.1223934500169112e-05,2.3078006541125915,1017.6706504265991,6.4669075,0.0637728423
69,7.864958032980834e-07,2.4144988007763623e-06,7.864958032980834e-07,1.0709539841284335,1040.131953694646,2.46912956,0.0569918007
101,9.557358899181048e-06,2.4684365318395536e-05,9.557358899181048e-06,1.7610344342623583,946.45405548337,4.95704651,0.0632364005
66,1.0214835349151762e-06,2.4678476734368754e-06,1.0214835349151762e-06,0.8135425277396654,807.5464144475511,1.52472425,0.0633133873
164,1.9928057853509977e-05,4.348972735538951e-05,1.9928057853509977e-05,2.985432675149875,893.4309654042818,6.00458336,0.062714994
58,1.0706994489256366e-06,2.9215118110831207e-06,1.0706994489256366e-06,0.610941787572967,679.8981397919356,2.33742619,0.0628334731
74,6.0042705821877335e-06,2.0402549460042693e-05,6.0042705821877335e-06,0.7890195506106238,662.6175532269754,6.5735383,0.062755309
197,1.134259591425269e-05,2.6639626995443866e-05,1.134259591425269e-05,2.7397470111827062,1019.8987726281252,6.00661421,0.0627858862
106,9.980939488090337e-06,2.899971163010132e-05,9.980939488090337e-06,1.3631039021800648,743.9737925127803,6.54627466,0.0627045929
62,8.992455753572872e-07,2.166910648968341e-06,8.992455753572872e-07,0.7422767462539356,760.5665372829852,1.14128292,0.0631683543
59,1.5236105743459649e-05,4.498875287838155e-05,1.5236105743459649e-05,0.9350053076302859,527.562404013403,11.2625742,0.0628143996
58,1.4501292790450314e-05,4.130346235196413e-05,1.4501292790450314e-05,0.9290037103623586,526.6563394330174,9.21036625,0.0628279671
58,1.3469915923059823e-05,3.91386392492526e-05,1.3469915923059823e-05,0.9055253520107048,522.240533220617,10.79846,0.0628189892
55,1.0682851916928746e-05,2.89800916212058e-05,1.0682851916928746e-05,0.8493571560928019,519.5151909602678,4.76474857,0.062830478
59,1.2455449599858591e-05,3.5978966198618224e-05,1.2455449599858591e-05,0.897047636511662,525.0451352509759,9.55625725,0.0627952218
61,1.881648077053106e-05,6.075666376236351e-05,1.881648077053106e-05,0.9919758110866337,534.0403400176755,14.3072462,0.06278871
55,9.78041650475917e-06,2.664718392755064e-05,9.78041650475917e-06,0.8445592553183391,518.3651911126565,5.0715642,0.0627872646
64,2.632662194615447e-05,9.826696062353888e-05,2.632662194615447e-05,1.060738013802948,545.8256307626785,19.6913738,0.0627741665
64,2.5507735084831717e-05,8.749128549609623e-05,2.5507735084831717e-05,1.1006824799669452,545.3660542949992,16.7938442,0.0627716035
56,1.3056941739915876e-05,3.564728141120581e-05,1.3056941739915876e-05,0.9361629679987843,550.2279702507086,5.43650007,0.0627952516
58,1.1368400458080357e-05,3.089641134746709e-05,1.1368400458080357e-05,0.8774928987103844,534.2824933425693,5.27438736,0.0627988204
52,9.886466164985719e-06,2.6417192335834252e-05,9.886466164985719e-06,0.8336647694684398,515.4750870013719,4.45883226,0.0628093481
52,9.439324703295132e-06,2.5407930918331068e-05,9.439324703295132e-06,0.8153106472493961,509.2921490733917,4.41054392,0.0628163964
53,9.23576560951793e-06,2.469935435179854e-05,9.23576560951793e-06,0.8042160311956522,501.9978220177561,4.34819603,0.0628165007
68,0.00015273856331376754,0.0008686687299952762,0.00015273856331376754,1.4435780344760134,550.339173023976,68.1001358,0.0627570599
39,2.4405757828696907e-06,8.419985387047995e-06,2.4405757828696907e-06,0.40136696339622674,522.1281297647522,4.54308224,0.062762402
39,2.7701102445681912e-06,1.1141722535328472e-05,2.7701102445681912e-06,0.36360241998209336,528.0271325396653,6.30616999,0.0627334863
75,0.0006215267046023991,0.003342972314616477,0.0006215267046023991,2.3091462182585154,561.5827101846118,110.522713,0.0627526119
81,5.458001055475816e-06,1.5303838299353646e-05,5.458001055475816e-06,1.1305997509117192,736.8141044979532,6.01006222,0.0629154071
55,6.215077368427669e-07,1.7913845203618788e-06,6.215077368427669e-07,0.6246558119070815,770.2129535627778,2.91972089,0.0630046129
96,4.894331671270991e-05,0.00012447215958065545,4.894331671270991e-05,3.544564606077347,1237.217393789848,8.31917858,0.0625949576
54,9.781962076119346e-07,2.43187956334574e-06,9.781962076119346e-07,0.9015665883014579,870.017282811672,1.50197852,0.0633771494
53,6.6290300994012e-07,1.7775087195602093e-06,6.6290300994012e-07,0.6652397923672357,780.5368479578289,1.98639405,0.0630203784
105,2.626265331089588e-05,7.104112595314684e-05,2.626265331089588e-05,4.081047590957042,1553.8095687860143,7.08208275,0.0591904223
77,4.685864535080823e-06,1.4564433938975027e-05,4.685864535080823e-06,0.9175944136992417,690.8180394687909,6.12525845,0.062796019
58,1.4351094907339205e-05,4.017339535103426e-05,1.4351094907339205e-05,0.9466617457071104,546.1702820250977,9.51399326,0.0628011972
56,1.3147734637131164e-05,3.608711784413592e-05,1.3147734637131164e-05,0.9418293438742277,555.6615953580645,5.61010456,0.062803939
60,1.8955640464608876e-05,6.061574871099447e-05,1.8955640464608876e-05,1.031100762771634,568.3135478267575,17.8297405,0.0627812669
66,4.039946759800399e-05,0.00016467960612256738,4.039946759800399e-05,1.173344907406548,579.3196770481508,26.9245167,0.0627735481
61,1.852420011005755e-05,5.336964181916186e-05,1.852420011005755e-05,1.0582459075014414,568.6240927405507,11.1098928,0.0627840087
60,1.6804677782383258e-05,4.720576268670152e-05,1.6804677782383258e-05,1.0542322317425414,574.6727268857286,9.96933174,0.0627766699
42,1.0022340394362362e-06,3.0134772149921036e-06,1.0022340394362362e-06,0.3638807808114684,584.3588930904823,1.8986336,0.062769331
60,0.0001231268891417666,0.0005241960141093633,0.0001231268891417666,1.240631475159083,592.0787203305217,35.7887497,0.0627675653
66,2.7339721679440668e-05,8.967760656226534e-05,2.7339721679440668e-05,1.1946527464848937,580.9292503951441,23.6375751,0.0627836734
81,0.00047226918865702765,0.0031986039023767718,0.00047226918865702765,1.5643748071160526,599.9691964048066,120.44136,0.0627329201
70,3.7352435265605145e-05,0.00014052429336113123,3.7352435265605145e-05,1.2530382979302481,586.8665995003921,22.2561207,0.0627880767
65,3.397680069568161e-05,0.0001475906023303182,3.397680069568161e-05,1.1456243406505593,577.6445460307947,36.0978394,0.062777549
63,1.900003873136245e-05,5.411723657741893e-05,1.900003873136245e-05,1.091234725061443,571.8785624510274,11.2582159,0.0627754256
39,4.7066715337908167e-07,1.4806600139974795e-06,4.7066715337908167e-07,0.30829938088425807,597.6286422533651,1.85317183,0.0626642555
77,4.078879509042483e-06,1.3485520374396053e-05,4.078879509042483e-06,0.7974061334947937,667.6956108273874,6.05418777,0.0626909882
68,1.0192439589688932e-06,3.2085369639985995e-06,1.0192439589688932e-06,0.7574167703680057,829.4122827938966,2.70013285,0.0635849684
66,8.173731155214132e-07,2.6602091299061524e-06,8.173731155214132e-07,0.9366501420690913,936.4454458960116,2.68515205,0.0592534803
68,9.65753302542224e-07,3.273021834050013e-06,9.65753302542224e-07,0.7775286108877666,848.4646716142473,3.00883532,0.0638215095
151,2.1314027304078584e-05,5.0275993955271566e-05,2.1314027304078584e-05,2.4854618248592466,815.804145509958,6.15954208,0.0627371594
55,1.0373691641790655e-06,2.939757419915279e-06,1.0373691641790655e-06,0.5794785370269545,661.7856144169226,2.19405198,0.0628963411
75,4.716795498828489e-06,1.599826515989581e-05,4.716795498828489e-06,0.750545541843513,641.4170269307599,6.57924032,0.0627695397
176,2.169929406368956e-05,4.461191078731882e-05,2.169929406368956e-05,3.631861470801103,934.7159679157616,6.24468327,0.0626939535
144,1.7939280993918233e-05,3.921618793985343e-05,1.7939280993918233e-05,2.5174171057881667,791.3789192288735,6.43212795,0.0627137795
59,2.082022922471314e-06,5.310020547311007e-06,2.082022922471314e-06,0.788929346138513,690.8953070138823,2.25335526,0.0629060939
63,8.612326335471097e-07,2.0912701936156125e-06,8.612326335471097e-07,0.7513197026509097,765.1149571344814,1.97486079,0.0631980523
57,1.266179070729271e-05,3.556212564562217e-05,1.266179070729271e-05,0.887424850349094,515.5202437796645,9.341465,0.0628108457
54,1.2224461415004681e-05,3.374615241427283e-05,1.2224461415004681e-05,0.8832373411344906,512.2944023455808,7.38999796,0.0628230125
52,1.1078742921188853e-05,3.004701377517457e-05,1.1078742921188853e-05,0.8562553265330511,511.7019436116387,5.12659311,0.0628198832
55,9.864425259994798e-06,2.672908738862259e-05,9.864425259994798e-06,0.8272768944161987,505.074322153967,4.86611652,0.0628275797
53,9.618162907887475e-06,2.576289070560353e-05,9.618162907887475e-06,0.8143147112899043,502.19716917043775,4.48564196,0.0628004372
57,1.0869368879744759e-05,2.992137267252285e-05,1.0869368879744759e-05,0.8670340983188539,513.8282040210198,6.47383642,0.0627993569
64,1.5813649198166727e-05,4.800747151292447e-05,1.5813649198166727e-05,0.9640554492266165,526.8929348408444,12.8622198,0.0628143549
58,1.1255344144318577e-05,3.0965403418419126e-05,1.1255344144318577e-05,0.8791137992151793,511.24733354336047,7.00671291,0.0628079548
54,8.811887670310945e-06,2.3966621295918136e-05,8.811887670310945e-06,0.7934153606935873,500.3996957901199,4.82698727,0.0627851635
61,1.8366908135042165e-05,5.6444332660036924e-05,1.8366908135042165e-05,1.0056583429059485,524.2585085665447,12.2043447,0.062824063
56,1.0718285206012319e-05,2.8850724261974162e-05,1.0718285206012319e-05,0.8642381879342316,531.6850359446661,4.66639948,0.0627949163
52,9.620484546373775e-06,2.5657801452794472e-05,9.620484546373775e-06,0.8202011324753485,508.59965688749986,4.37672281,0.0628165379
54,1.0579573555957038e-05,2.8576037129685664e-05,1.0579573555957038e-05,0.8542338399533181,524.4328888027133,4.73830223,0.0627994239
53,9.523687539603318e-06,2.5492259750775118e-05,9.523687539603318e-06,0.8117211171732157,508.43139124136906,4.3371191,0.0628133565
52,9.517376910496792e-06,2.55617789653973e-05,9.517376910496792e-06,0.799998683175024,492.7827797545043,4.48987913,0.0628129616
53,9.289541469595873e-06,2.4789568475353924e-05,9.289541469595873e-06,0.80144058940587,497.59263728937833,4.39378357,0.0628215
51,8.675725492621371e-06,2.302892038521045e-05,8.675725492621371e-06,0.7825200552003142,488.6399117165506,4.16325569,0.0628198385
60,2.9062330804188066e-05,9.544714408469286e-05,2.9062330804188066e-05,1.1618288429355357,534.7118418942867,16.4502697,0.0627769157
42,2.1283438822537395e-06,6.7250919256873745e-06,2.1283438822537395e-06,0.4184285115463912,511.0812281224764,3.84327602,0.0627735108
39,2.5072136478724274e-06,9.803389708195867e-06,2.5072136478724274e-06,0.36188206843870563,520.3807914557871,5.68344355,0.0627374277
67,0.00013184298053256821,0.000594154251862016,0.00013184298053256821,1.6283079888873604,543.4547627760918,50.6545296,0.0627694651
130,1.0838430537462535e-05,2.3543580575189044e-05,1.0838430537462535e-05,2.5414417683591863,916.8303259050707,5.92683935,0.062905319
58,1.3602899321457052e-06,3.3636145341678373e-06,1.3602899321457052e-06,1.119921980220981,965.9058207528943,1.51158667,0.0637741983
54,5.705225369281385e-07,1.5034923234604038e-06,5.705225369281385e-07,0.6550989974933741,775.8405204952257,2.13471055,0.0630735457
46,1.5361254576258611e-06,7.131705402475103e-06,1.5361254576258611e-06,0.441406347252477,666.5532222864433,5.92683935,0.0629063323
69,6.609314765944589e-06,2.2278841902571552e-05,6.609314765944589e-06,2.2924422787271124,1347.0416416659216,5.98475647,0.0594091639
195,3.367075171464375e-05,9.42962574150953e-05,3.367075171464375e-05,3.3237989432964747,1031.2310210237329,10.5127478,0.0628382415
174,2.1199209400693865e-05,4.590846096501379e-05,2.1199209400693865e-05,3.492227918570202,1000.2519190593615,5.92683935,0.0627164096
55,1.1815031456222077e-05,3.209876980848347e-05,1.1815031456222077e-05,0.8916705819505933,536.4014380544544,5.25571203,0.0627977848
56,1.2767355192091242e-05,3.4819423923715094e-05,1.2767355192091242e-05,0.9294136960405744,549.4036192727553,5.47069836,0.0628080815
62,2.3847170627363533e-05,7.95321255148456e-05,2.3847170627363533e-05,1.0798133101048855,566.7432365553675,16.2209721,0.0627829209
58,1.36403638326668e-05,3.7391453451401565e-05,1.36403638326668e-05,0.9504034104748004,551.3944619116064,6.80551863,0.0628044456
60,1.527094293427534e-05,4.248668934989568e-05,1.527094293427534e-05,1.0043143163607595,564.9697646896655,7.91519833,0.0627867952
44,8.857158988059195e-07,2.71492481043885e-06,8.857158988059195e-07,0.34474866633391726,584.8735064859158,1.88424242,0.0627387092
56,0.0002090220176764108,0.0015945241695339138,0.0002090220176764108,0.9158775173025879,579.1604051262968,129.151413,0.0627899766
45,2.2171593519084477e-06,5.636889597803219e-06,2.2171593519084477e-06,0.561827933763347,587.1848539679333,1.91575754,0.0627516657
72,9.0866493832875e-05,0.0005362598270726444,9.0866493832875e-05,1.262860589137146,584.2792929472562,66.3904037,0.0628070459
65,2.5397800592289553e-05,8.846047654866276e-05,2.5397800592289553e-05,1.1223716242190405,574.7590779953539,19.9211235,0.0627825633
64,1.532898986517273e-05,4.289994999887265e-05,1.532898986517273e-05,0.9983304180319965,560.4337959631929,9.66703987,0.0627861917
60,1.5144411822721447e-05,4.157194088678844e-05,1.5144411822721447e-05,1.0016587295608006,560.4017688144356,6.26195908,0.0627922341
42,4.7651560463198195e-07,1.5201169210934012e-06,4.7651560463198195e-07,0.3075980364325395,599.9282657164938,1.88083088,0.0626803935
69,7.918204470479175e-07,2.5603666413787466e-06,7.918204470479175e-07,0.8674478483827389,884.4354325844714,2.67204642,0.060734231
68,7.854964416002272e-07,1.9931998446211704e-06,7.854964416002272e-07,0.7269835082222942,760.9640766527974,2.24430442,0.0632401109
79,6.212044926718901e-06,2.069610032682838e-05,6.212044926718901e-06,0.8222443655126305,644.4284242249154,6.56911612,0.062777482
54,1.1256555437333176e-06,3.2689180366128655e-06,1.1256555437333176e-06,0.5713724969721748,642.7759511180844,2.31320572,0.0628802776
118,7.685028737552755e-06,1.8426339372258363e-05,7.685028737552755e-06,2.087590508825636,804.8544836635382,6.27197742,0.0626791716
138,2.346119648322947e-05,5.593360437232499e-05,2.346119648322947e-05,2.395059143667522,753.6844137673029,6.2787199,0.0627252012
51,7.964860216798832e-07,1.930619059957853e-06,7.964860216798832e-07,0.6502811620164471,693.8938152707733,1.24926639,0.062941134
54,9.805773227663166e-06,2.6391700671909624e-05,9.805773227663166e-06,0.8165207910511019,500.0473948699251,4.85021973,0.0628177598
53,9.569277712394601e-06,2.581006271448766e-05,9.569277712394601e-06,0.809897299366779,495.2450752008763,4.77701616,0.0628244132
52,8.397757115951475e-06,2.247145389447405e-05,8.397757115951475e-06,0.7766766147047159,488.82136260072446,4.44911242,0.0628154203
53,8.670388069888593e-06,2.3465783244088473e-05,8.670388069888593e-06,0.7791370821261792,487.233439190402,4.93666506,0.0627821982
51,9.27303458860871e-06,2.4949641523428497e-05,9.27303458860871e-06,0.7930924667449155,489.6516203625586,4.62022209,0.0628122464
55,8.526163803056867e-06,2.3139200547831315e-05,8.526163803056867e-06,0.7809019246066371,494.2862177219321,4.7850709,0.0627887547
57,9.537910063511316e-06,2.573405914236229e-05,9.537910063511316e-06,0.8189744239947168,497.1501987304662,4.92695236,0.0627930537
56,1.1301965167254682e-05,3.0879653696898864e-05,1.1301965167254682e-05,0.8741282702637931,502.8554180537499,5.25012827,0.062788181
61,1.831048468454258e-05,5.636605032402332e-05,1.831048468454258e-05,1.000175636051476,520.3163122727831,12.8619204,0.0628073961
57,1.4617963795454934e-05,4.228280745940072e-05,1.4617963795454934e-05,0.9309841632040922,496.0744507970302,11.513237,0.0627597645
52,9.49240414024251e-06,2.5134369513909248e-05,9.49240414024251e-06,0.8111018290530112,497.2428875822385,4.20781136,0.0628203675
54,1.0852631786994625e-05,2.9417940148112538e-05,1.0852631786994625e-05,0.8516427457594856,519.9342898007385,4.79672575,0.0628008321
52,9.844631599453349e-06,2.6459075853992008e-05,9.844631599453349e-06,0.8155363228341289,504.61240267924643,4.47750521,0.0628085956
51,8.930369666446089e-06,2.3748059315626575e-05,8.930369666446089e-06,0.7824510109054528,482.784856444349,4.21512222,0.0628125817
51,8.727536917114477e-06,2.3264735801173018e-05,8.727536917114477e-06,0.7698796849001561,475.78785468294143,4.29001427,0.062809892
51,8.758071573498086e-06,2.318517671018813e-05,8.758071573498086e-06,0.7753130970222212,480.7012382439075,4.21455669,0.0628151968
51,9.223726046616945e-06,2.4414924070991926e-05,9.223726046616945e-06,0.7933563730580522,485.8839407916841,4.197752,0.0628172159
52,8.044685319739655e-06,2.1129021102323133e-05,8.044685319739655e-06,0.7513818657912117,467.9504411517345,3.89672494,0.0628050342
66,2.136533853998733e-05,6.619083770686689e-05,2.136533853998733e-05,1.0710157326280294,520.3908009667208,13.2779379,0.0627760217
46,4.30882813935279e-06,1.015310736111385e-05,4.30882813935279e-06,0.7585746230693015,522.4172146461733,2.15482569,0.0627856478
37,2.0915975029616078e-06,7.42081964145082e-06,2.0915975029616078e-06,0.37173423614837425,504.648645827412,4.52792311,0.0627738312
69,0.00011872736069135777,0.0005161109102372894,0.00011872736069135777,1.5017571071331886,535.4763418783966,46.1967354,0.0627983212
75,0.00026629585295860733,0.001527832793922721,0.00026629585295860733,1.6832990613213477,530.1447617363863,92.4358749,0.0628098026
41,2.3771506503525747e-06,8.93283574987807e-06,2.3771506503525747e-06,0.3680084308773097,513.6065859020059,5.10347795,0.0627591535
52,1.0355748646251543e-06,2.6046649501602505e-06,1.0355748646251543e-06,0.89847309866895,862.991872174957,1.39660776,0.0635093376
54,1.469776576473903e-06,3.5774020408280717e-06,1.469776576473903e-06,1.2119907562410275,997.59772058783,1.54088831,0.0641584769
52,7.17727474234588e-07,2.53832185374058e-06,7.17727474234588e-07,0.5410816074089674,713.5729840233898,4.67874718,0.0630295575
194,3.513000470794548e-05,7.173096962084713e-05,3.513000470794548e-05,4.751107453933494,1110.0792119906173,7.47360849,0.0629355013
205,3.600291787539637e-05,9.156274799857057e-05,3.600291787539637e-05,4.100893933624614,1117.4595135719574,9.9399929,0.0627760366
90,1.9439469915533265e-05,5.3100231460345e-05,1.9439469915533265e-05,3.5441835754616875,1401.0412862174444,7.55385399,0.0594396666
46,5.219054437108375e-07,1.8202555538486387e-06,5.219054437108375e-07,0.31505407038596395,609.2892092739621,3.91142178,0.0626483783
54,1.1914640441597251e-05,3.246784423691113e-05,1.1914640441597251e-05,0.8894796485515606,532.5142186212344,5.26606035,0.0627997592
55,1.2165346961832589e-05,3.312139587695426e-05,1.2165346961832589e-05,0.9016481776436203,536.1494548576333,5.34985733,0.062808834
59,1.3205712840248426e-05,3.619625690193584e-05,1.3205712840248426e-05,0.9377408150754569,548.2645757781768,5.76287651,0.0628055632
58,1.3245601920390536e-05,3.6339938236255234e-05,1.3245601920390536e-05,0.9449191709184044,552.1537923680928,5.76846933,0.0627911463
43,8.059923211792836e-07,2.5106498687066146e-06,8.059923211792836e-07,0.33643891144868837,586.6622255229828,1.89331591,0.0627007782
55,0.0001978341013908832,0.0016828152969745281,0.0001978341013908832,0.7567521407493153,571.8727558712549,130.329605,0.0627888292
46,2.2285737470364642e-06,5.7343505951666285e-06,2.2285737470364642e-06,0.5526326934968584,586.2290165431929,2.06798744,0.0627770424
41,7.437676213431723e-07,2.3116662292916835e-06,7.437676213431723e-07,0.3350812755688143,585.6565625180999,1.8443712,0.0627036467
69,2.590652198644787e-05,9.422242025522861e-05,2.590652198644787e-05,1.1231236822309079,574.3552971264961,24.0568962,0.0627724528
62,1.545399064614194e-05,4.525209410938472e-05,1.545399064614194e-05,0.9957195533890627,562.5900099284203,12.3412905,0.0627626851
58,1.3768862483782186e-05,3.822837620744414e-05,1.3768862483782186e-05,0.9603129559533202,555.5206929392156,6.71265411,0.0627488494
60,1.4387049565421117e-05,3.950737408077844e-05,1.4387049565421117e-05,0.969903846316275,549.8885749213282,5.70956516,0.0627848804
56,1.3525182337872833e-05,3.6967328235023736e-05,1.3525182337872833e-05,0.941796103140235,544.9161604555426,5.55906582,0.0627906099
49,6.52998501771981e-07,2.256229361033901e-06,6.52998501771981e-07,0.3279950420251588,603.6387127034567,4.16856432,0.0626648739
63,8.142365784485869e-07,2.633133315050685e-06,8.142365784485869e-07,0.8375823522238767,857.5673448908383,2.58518577,0.0611318648
67,7.262380994108667e-07,1.8348423698068792e-06,7.262380994108667e-07,0.7220377704035834,756.7600507022389,1.63312936,0.0632914528
78,6.243298167159297e-06,2.0386451941841895e-05,6.243298167159297e-06,0.8343522192530436,633.8217625942298,6.56327629,0.0627769306
75,4.4934683233662585e-06,1.504966579097019e-05,4.4934683233662585e-06,0.8197519630065442,622.3764341196834,6.46863842,0.0626636371
50,8.089267069374562e-07,2.42952770311448e-06,8.089267069374562e-07,0.48798823485892434,613.7985248783691,2.62620139,0.0628269687
150,1.2473542607118817e-05,2.931887361184142e-05,1.2473542607118817e-05,2.3670858169391407,844.9208912674812,6.3994956,0.0626995638
158,1.9327881778198015e-05,4.406783891104706e-05,1.9327881778198015e-05,2.82307656772568,856.3948558970131,6.46608686,0.0626952723
40,1.7815740188477277e-06,6.550444922035834e-06,1.7815740188477277e-06,0.34950309253091105,506.1631200950454,4.34070969,0.0627541319
54,6.312388428296699e-07,1.5541670788910836e-06,6.312388428296699e-07,0.590895843607067,668.1641274375372,1.63860726,0.0629671216
53,9.116845616199939e-06,2.4457525199387195e-05,9.116845616199939e-06,0.7906750317719123,489.58727864146823,4.74642134,0.0628385842
51,8.456795697531042e-06,2.2582272848554556e-05,8.456795697531042e-06,0.7683542230203799,479.68069885416145,4.49048424,0.0627917349
53,7.969713374527042e-06,2.1291558921336205e-05,7.969713374527042e-06,0.7518511497223843,475.48075916990877,4.34060478,0.0627855062
54,8.096265997666623e-06,2.1697186335458754e-05,8.096265997666623e-06,0.7618956549144755,479.57284074779676,4.7263689,0.0628049299
54,7.535724377137267e-06,2.0067336389671973e-05,7.535724377137267e-06,0.7334595210596054,466.47605680703094,4.30312967,0.0628318638
52,8.262483469088436e-06,2.1900519127702648e-05,8.262483469088436e-06,0.7628875544352144,476.23526958654736,4.19898129,0.0628276169
54,8.692424669459756e-06,2.3386052357715053e-05,8.692424669459756e-06,0.789839635398985,489.4899551237259,4.70075941,0.0627953857
57,1.0012870052757433e-05,2.7127158265554904e-05,1.0012870052757433e-05,0.8252522592489838,488.4293192254989,4.99742937,0.0627950877
58,1.5950835626344624e-05,4.541531449731624e-05,1.5950835626344624e-05,0.970077214000129,500.6755461050132,9.85232735,0.0627936646
55,1.0861269223622831e-05,2.9335735656109814e-05,1.0861269223622831e-05,0.8448821887395058,479.09626522303586,6.47390699,0.0628035814
55,1.2676559636329196e-05,3.4269721387329883e-05,1.2676559636329196e-05,0.8956090391226261,481.54610515619254,6.61144304,0.0628030151
52,8.853194595553413e-06,2.3427013572668384e-05,8.853194595553413e-06,0.7821496737825826,487.9130492918684,4.00889874,0.062812753
55,1.0563479660234638e-05,2.850473826670628e-05,1.0563479660234638e-05,0.8428606224769389,516.2307551003724,4.92036819,0.0627990663
51,9.560055438590238e-06,2.5581631036885863e-05,9.560055438590238e-06,0.8037993515945582,496.3315435729258,4.48038912,0.0628043488
52,8.62136140475265e-06,2.2784912949899436e-05,8.62136140475265e-06,0.7615276814515283,466.65661188954493,4.18942738,0.0628040433
49,8.193411237780028e-06,2.162209112161325e-05,8.193411237780028e-06,0.75230773409751,467.022405428636,4.05677462,0.0628055185
51,8.900670677391984e-06,2.3457465055044553e-05,8.900670677391984e-06,0.7756368593911576,473.1659345777942,4.19544888,0.0628109053
52,8.315775421844287e-06,2.180251446402608e-05,8.315775421844287e-06,0.7610963276429061,471.9307158618801,3.97227502,0.0628104657
50,8.1066359726435e-06,2.1211679146867237e-05,8.1066359726435e-06,0.7502730764582898,462.2499874642464,4.0304513,0.062808834
51,7.83595073998208e-06,2.0505948495718315e-05,7.83595073998208e-06,0.7356026962698997,454.37489616525914,3.89680409,0.0628074929
61,1.964149480094198e-05,5.858835767842102e-05,1.964149480094198e-05,1.045560727061023,509.4866551941702,12.3889341,0.0628059134
78,0.0006348987265526588,0.0031093527989964117,0.0006348987265526588,2.48544862866167,540.9562764661891,98.5889282,0.062790893
37,1.543609175386035e-06,5.056756143532912e-06,1.543609175386035e-06,0.3645995268434394,493.4777109055807,3.28543591,0.0627880096
63,2.8613155096791738e-05,9.663355817199106e-05,2.8613155096791738e-05,1.1441745478350018,513.3398342295418,18.3508968,0.0628279671
61,2.9924398419431067e-05,0.00010016508036734153,2.9924398419431067e-05,1.1790205621192378,507.7235538644504,21.8681145,0.062812604
77,0.0004537627861964337,0.002703048274433255,0.0004537627861964337,1.92759352337574,525.8565191913349,122.189598,0.0627782196
54,6.720741978444405e-07,1.6589090638911768e-06,6.720741978444405e-07,0.7492518598528858,807.1282599450932,1.45422542,0.0634020865
79,1.062183118478686e-05,2.6342395943771608e-05,1.062183118478686e-05,2.4555544426615943,1160.9643461078513,3.09389257,0.062087208
53,9.20843421587349e-07,2.2499970818740643e-06,9.20843421587349e-07,0.8664808205648601,840.3049813342726,1.46813822,0.0636381879
52,1.1070126563627672e-06,4.524568015079318e-06,1.1070126563627672e-06,0.5129016089360763,693.4704917474335,5.36825323,0.0630691722
214,2.6967584098807866e-05,6.860130285030449e-05,2.6967584098807866e-05,3.8197814239226475,1115.9192488222586,6.28867817,0.0628018603
52,1.2499105308535572e-06,5.5132236291873654e-06,1.2499105308535572e-06,0.45671015820532923,668.5254314255048,5.33790112,0.0630138889
102,1.850380359926778e-05,6.590000772416563e-05,1.850380359926778e-05,3.3574228140940225,1453.577144945406,10.2497187,0.0576565787
57,1.1621426693859778e-05,3.157587207877844e-05,1.1621426693859778e-05,0.8742791159952364,524.5946424349033,5.14312124,0.062802963
55,1.1952319804614277e-05,3.248475525277288e-05,1.1952319804614277e-05,0.8990307892460294,535.692802277739,5.29096603,0.0628112629
57,1.247578935910627e-05,3.413074545557343e-05,1.247578935910627e-05,0.911833877550102,538.5891943173692,5.91494417,0.0628022105
51,7.230213127670033e-06,2.2235050262197463e-05,7.230213127670033e-06,0.6839624713821865,579.7983860610035,5.76824379,0.0627817288
77,8.770819773798177e-05,0.00034659224840828245,8.770819773798177e-05,1.5764198752844187,593.2206704509456,29.3968506,0.062786445
37,9.642716829637213e-07,2.7943199503721315e-06,9.642716829637213e-07,0.37532074378077585,580.6565826996472,1.73106146,0.0627384484
45,5.030236463350184e-07,1.6144934449609573e-06,5.030236463350184e-07,0.319891044699874,600.1161320617349,1.81654322,0.0626696572
73,5.718888398959425e-05,0.0002868429648449789,5.718888398959425e-05,1.2449345410805737,579.5155716755804,41.6095848,0.0628350899
65,1.7203747344541457e-05,5.255628162321747e-05,1.7203747344541457e-05,1.0464573215285586,568.7072852291993,14.4888277,0.0627874061
62,1.5025137169814035e-05,4.4708966467401734e-05,1.5025137169814035e-05,0.9737017844024045,558.7595541791637,11.6691256,0.0627593249
58,1.2686755410648641e-05,3.4938768895613333e-05,1.2686755410648641e-05,0.9280854038991769,548.1263594447032,5.86518288,0.0627678409
59,1.2795920365364213e-05,3.498911815724801e-05,1.2795920365364213e-05,0.9213916666785968,538.9436075335616,5.75953579,0.0627633035
56,1.3257683592011698e-05,3.614183228263248e-05,1.3257683592011698e-05,0.9358247582723228,540.98128142969,5.51126385,0.0627887249
56,1.2362364967433665e-05,3.385391130197997e-05,1.2362364967433665e-05,0.9032279294710465,538.2080257906923,5.53859568,0.0627956167
71,7.181690575846717e-07,2.18286463049386e-06,7.181690575846717e-07,0.8028648160931791,821.136111646193,2.24695992,0.0619502328
62,6.717331613465628e-07,1.8112930509797223e-06,6.717331613465628e-07,0.6929835506865952,735.819329144346,2.42639685,0.0633881763
78,5.53041779256246e-06,1.867146591238953e-05,5.53041779256246e-06,0.7372959984483698,616.6325826913913,6.56856775,0.0627066046
52,8.200885001092987e-07,2.5752857900837805e-06,8.200885001092987e-07,0.4727322106458646,603.2020344181032,2.86605859,0.0628424734
52,6.028980913282492e-07,1.5282078549935624e-06,6.028980913282492e-07,0.5624239229018362,650.585969797538,1.87240648,0.0629995093
147,3.166266732994805e-05,9.640359740655114e-05,3.166266732994805e-05,2.2867494668173265,816.3599312905129,12.4409065,0.0627179667
163,7.997114105658814e-06,1.9370758899964564e-05,7.997114105658814e-06,2.340361792521339,916.7115671634474,6.58920193,0.0627108812
41,1.2799164483428565e-06,4.538355271303619e-06,1.2799164483428565e-06,0.3346092825504102,498.71421344238297,3.68982005,0.0627574623
50,8.604879495144982e-06,2.2968450486892968e-05,8.604879495144982e-06,0.7663217556960005,473.4158652577227,4.48458385,0.0628128126
52,8.253398066043546e-06,2.1978411087943368e-05,8.253398066043546e-06,0.7541568864441964,469.36847279962103,4.60527134,0.0628001764
50,7.64807033046216e-06,2.031218089418267e-05,7.64807033046216e-06,0.740515396175746,467.8864158252539,4.1916194,0.0627778769
48,7.339172788210773e-06,1.9366434753692377e-05,7.339172788210773e-06,0.7306018189071642,459.8715640573804,4.14042711,0.0627958179
51,7.256668675746015e-06,1.915152409939571e-05,7.256668675746015e-06,0.722586979325166,454.04619124449937,4.18493938,0.0628323629
53,7.844591854608905e-06,2.0782493735541453e-05,7.844591854608905e-06,0.7471545275775866,465.7107095116938,4.16739225,0.0628385618
53,8.61485521315192e-06,2.300584293420644e-05,8.61485521315192e-06,0.7776704526729613,474.0868006987289,4.56187344,0.0628125891
51,6.985220857799374e-06,1.8347989242913035e-05,6.985220857799374e-06,0.7132418257676144,451.3324836390472,4.06170416,0.062856026
50,7.5218375413625795e-06,1.9746912397635624e-05,7.5218375413625795e-06,0.7322849002943126,459.54798094860683,4.00072432,0.0628143623
59,1.5136502818719004e-05,4.2148442049954486e-05,1.5136502818719004e-05,0.9571387274659585,493.092817702208,9.94281483,0.0627983212
53,1.0034607053336722e-05,2.6676166579446214e-05,1.0034607053336722e-05,0.8161281463637493,466.3249905958958,4.81392956,0.0628188327
51,8.913256986848457e-06,2.3764329285201287e-05,8.913256986848457e-06,0.7779807490434888,463.8722842215303,4.55098009,0.0628255233
52,1.0143002894524555e-05,2.6814379050452865e-05,1.0143002894524555e-05,0.8283451327582632,464.53844856356767,4.55320835,0.0628125146
56,1.4261322990796318e-05,3.9013489886944874e-05,1.4261322990796318e-05,0.9264864894588791,478.3068873314277,8.80728054,0.0628105476
53,8.966907617557947e-06,2.3801310868309672e-05,8.966907617557947e-06,0.7799551416562772,485.21968611357994,4.13771057,0.0628058612
55,1.0409676189753224e-05,2.8057678943405263e-05,1.0409676189753224e-05,0.8363971320705272,513.5127951569195,4.64652824,0.0628002658
53,9.179324411507021e-06,2.4557225781443315e-05,9.179324411507021e-06,0.7893041097349802,494.0184137748978,4.43564844,0.0628026798
51,7.830178847357442e-06,2.0497796542440524e-05,7.830178847357442e-06,0.7361596162198243,454.8853006340361,3.85255265,0.0628082901
50,7.601081530459296e-06,1.9912279234519105e-05,7.601081530459296e-06,0.7268800954431617,450.9083161840513,3.76881647,0.0628148392
52,7.959162433682012e-06,2.0835424270295728e-05,7.959162433682012e-06,0.7473625461233885,464.61508320877647,3.85055161,0.062814638
51,8.169134993216459e-06,2.134692238823444e-05,8.169134993216459e-06,0.7501275418784158,458.8085383610788,3.90128326,0.0628139004
52,8.742639378758844e-06,2.305049898095333e-05,8.742639378758844e-06,0.7692433606846514,473.20892065464636,4.0351963,0.0628207922
50,7.919480537213746e-06,2.0639644132263654e-05,7.919480537213746e-06,0.739152752011236,450.6078886707853,3.87422848,0.0628132895
50,7.288923738274058e-06,1.8928561776124005e-05,7.288923738274058e-06,0.7147524348325514,441.9616975109026,3.8230474,0.0628253743
49,7.719518258891216e-06,2.0123523043019263e-05,7.719518258891216e-06,0.7327142708432302,446.97203830069776,3.9455955,0.0628159046
58,2.244683513661715e-05,6.97974333338487e-05,2.244683513661715e-05,1.066965211098161,497.2675744602522,16.4235725,0.0628127307
55,1.701958859136491e-05,4.8676182939349914e-05,1.701958859136491e-05,0.982669585520542,483.88530517132676,11.69032,0.0627950132
40,1.8562423071440068e-06,5.248695984172886e-06,1.8562423071440068e-06,0.4337056099156427,484.5754799042734,2.25245023,0.0627639145
38,1.1656201134773125e-06,3.6532988727792686e-06,1.1656201134773125e-06,0.3476967358716576,482.62717033413446,2.49080372,0.0627655759
65,2.920158557793619e-05,9.703424209019204e-05,2.920158557793619e-05,1.1814492704649542,504.2684853265832,20.639246,0.0628079996
58,1.7640844747016695e-05,4.913506927478018e-05,1.7640844747016695e-05,1.0256372510160803,489.8923569775317,10.7133732,0.0628141463
61,3.870816894640751e-05,0.00015098795705771804,3.870816894640751e-05,1.1638924280139933,484.1185021127213,24.5751991,0.0628097951
56,0.0003988814943099216,0.002507245111550077,0.0003988814943099216,1.2238865629398574,502.7912636463407,129.242188,0.0627618656
55,7.686910792946779e-07,2.5154994321492874e-06,7.686910792946779e-07,0.6157234434691408,739.7255796882779,3.58486009,0.0632726327
58,1.4721730487585378e-06,3.575075872987631e-06,1.4721730487585378e-06,1.183169899604101,965.6743694494353,1.38232422,0.064494893
57,8.070849135455957e-07,2.0102131931195576e-06,8.070849135455957e-07,0.7935332832893616,809.4539240513154,1.16041791,0.0638053119
200,2.3930435118991933e-05,5.302167234559597e-05,2.3930435118991933e-05,3.8463260303205744,1059.623253894319,5.33760405,0.0628229082
50,1.1092821562887304e-06,4.498673420097112e-06,1.1092821562887304e-06,0.4796604459689637,671.6833830941093,5.35397482,0.0630325302
69,3.2406394204685606e-06,8.961533746933921e-06,3.2406394204685606e-06,1.8421980545992556,1160.7364541397517,4.31329298,0.0597033463
52,1.1427478515340747e-05,3.0799458904773564e-05,1.1427478515340747e-05,0.8648059998474951,512.8465817238442,4.96563101,0.0628036484
57,1.1258163182105127e-05,3.0416084274633426e-05,1.1258163182105127e-05,0.8702805071652806,525.2037479860978,5.08011866,0.0628280193
54,1.1327534780916496e-05,3.072887864898888e-05,1.1327534780916496e-05,0.8698154722068877,523.1959509160425,5.13945532,0.0628044754
50,4.642783321736433e-06,1.4902540284058748e-05,4.642783321736433e-06,0.5698175976616163,573.8592036023127,5.15984964,0.0627757236
42,1.344983591172051e-06,4.051103944668117e-06,1.344983591172051e-06,0.40214255423596945,578.0680877138541,2.63578224,0.0627212897
40,7.449873432806692e-07,2.331992549085128e-06,7.449873432806692e-07,0.33986607675313785,587.1044419850282,1.914271,0.0626577362
43,6.103061563918498e-07,1.97642202338743e-06,6.103061563918498e-07,0.3308166591949529,597.5601607990848,1.90349948,0.0626987517
49,4.373636577624809e-05,0.00020807890712652138,4.373636577624809e-05,0.7081422085601434,563.7061646907416,25.9806461,0.0628277883
68,1.8735947361683275e-05,6.35418250831895e-05,1.8735947361683275e-05,1.032065169991911,567.5171550638654,16.7835522,0.0628235191
63,1.2201944405068184e-05,3.365264885574057e-05,1.2201944405068184e-05,0.9328017463138008,553.0052403459267,5.75066519,0.0627782196
60,1.213374579924524e-05,3.336000174840796e-05,1.213374579924524e-05,0.9156063297377045,544.9862766786476,5.92456007,0.0627800152
56,1.2277573644505223e-05,3.345934214371457e-05,1.2277573644505223e-05,0.8999045600415279,529.4720935823667,5.59028292,0.0627727583
57,1.293537580210439e-05,3.5086105361057426e-05,1.293537580210439e-05,0.9190953592062794,528.4617613633534,5.42929173,0.0628378019
56,1.1300445570692369e-05,3.058711332578027e-05,1.1300445570692369e-05,0.8710546855392892,525.854288118818,5.14400291,0.062814258
115,1.5179498034278108e-05,3.624057305275839e-05,1.5179498034278108e-05,2.5534187065264593,987.9423336815166,3.66970992,0.0588086322
71,7.869327450966414e-07,2.2211783276818775e-06,7.869327450966414e-07,0.6901919366978015,720.0668150413267,2.5375793,0.0633949935
71,4.649974191981506e-06,1.5986325349016414e-05,4.649974191981506e-06,0.7096587329756097,585.9554030649655,6.5769515,0.062707603
49,1.1618489336853977e-06,4.459525062693648e-06,1.1618489336853977e-06,0.427076923451197,577.2889714503325,4.92571926,0.062789537
61,5.600176926427617e-07,1.4060666030798319e-06,5.600176926427617e-07,0.5762402540728495,658.1262049042069,1.32577634,0.0631933361
175,7.5434859156403295e-06,1.8842140881379483e-05,7.5434859156403295e-06,2.382241845897135,955.3053671052163,6.58809757,0.0626986995
67,4.664492511875707e-06,1.5935040650816788e-05,4.664492511875707e-06,0.7366494796840338,572.3222193170739,6.57924128,0.0626984686
41,1.0251747246508027e-06,3.445423317220579e-06,1.0251747246508027e-06,0.32748448369011735,492.93261392519605,3.85736418,0.0627520457
49,7.711558332932423e-06,2.0323204556923942e-05,7.711558332932423e-06,0.7321780588379542,451.62095086150833,4.40025854,0.0628245845
50,6.86429242200149e-06,1.792911575304919e-05,6.86429242200149e-06,0.7115079721623007,451.06796518768624,3.89142227,0.0627906844
50,6.947301035791452e-06,1.8153793386713424e-05,6.947301035791452e-06,0.7069056008027341,442.86624590613667,4.01658821,0.0628027692
50,6.6060399053800715e-06,1.7145822804667965e-05,6.6060399053800715e-06,0.6941791185189352,435.8567739377616,3.63388205,0.0628079847
52,7.786421961594155e-06,2.050350428901916e-05,7.786421961594155e-06,0.7409782058662839,453.11784853330477,4.29862833,0.0628526658
51,7.191324354288196e-06,1.8716658539862942e-05,7.191324354288196e-06,0.7149640645410222,438.3003338975732,4.00538397,0.0628104135
50,7.129114707894376e-06,1.871500692455235e-05,7.129114707894376e-06,0.7135599835332219,450.0131613066608,4.12097549,0.0628073439
50,9.366236955567524e-06,2.463307138794337e-05,9.366236955567524e-06,0.7977325616587232,456.03229874426336,4.42667437,0.0628127605
51,8.7285831352339e-06,2.2981890487418174e-05,8.7285831352339e-06,0.7685738888950472,451.45915444386776,4.29806471,0.0628495812
51,1.0310915496142882e-05,2.7310482667915795e-05,1.0310915496142882e-05,0.8208955511976002,454.6177303763806,4.99895668,0.0628087521
55,1.1415368593812592e-05,3.043850630248266e-05,1.1415368593812592e-05,0.8565724039486184,460.6791498452139,5.29756403,0.0628060251
56,1.321531635583162e-05,3.554996954501393e-05,1.321531635583162e-05,0.9106151802375559,469.92676282514157,6.60004997,0.0627874061
53,9.980869407347168e-06,2.6696551567836716e-05,9.980869407347168e-06,0.8203170863247785,502.206554973421,4.53928089,0.0628003553
53,9.216204786063525e-06,2.449110868248677e-05,9.216204786063525e-06,0.7867068348110329,484.73705772582343,4.41300535,0.0628102347
49,6.894791665019409e-06,1.7882542083081798e-05,6.894791665019409e-06,0.7023147847886126,439.65813549714267,3.70486808,0.0628248528
48,6.559411756130827e-06,1.704146040078439e-05,6.559411756130827e-06,0.6922843275554975,436.8842436055468,3.54131484,0.0628191531
51,7.735175959250986e-06,2.0178612787718425e-05,7.735175959250986e-06,0.7367423029259715,457.60171131659934,3.79253769,0.0628170967
49,7.978573572010693e-06,2.0701822516617272e-05,7.978573572010693e-06,0.7396171898985983,446.8575455130503,3.93709159,0.0628207773
53,8.522183005170785e-06,2.248284055210278e-05,8.522183005170785e-06,0.7603390805293009,469.390875116287,4.07102156,0.0628165752
47,7.407745730997168e-06,1.9176315841204702e-05,7.407745730997168e-06,0.7211338240161022,439.63639603944154,3.72179794,0.0628243908
49,6.94431376259494e-06,1.7891181928224373e-05,6.94431376259494e-06,0.7029237706235426,429.19827468415235,3.73171353,0.0628265068
48,7.154134746436526e-06,1.8466760166012157e-05,7.154134746436526e-06,0.7084720350050688,431.0314051251537,3.74807191,0.062822111
48,7.13209611983061e-06,1.8372720546242683e-05,7.13209611983061e-06,0.7093819144996256,432.7066604172773,3.60368109,0.0628291741
55,1.4181450883284444e-05,3.816941954046579e-05,1.4181450883284444e-05,0.9333714494669882,467.89308677444643,7.77904701,0.0627944618
81,0.0008795683477853611,0.004920058261151192,0.0008795683477853611,2.3984721985360524,517.7955826856129,133.971878,0.0627461374
37,9.735370575246327e-07,3.0758983019065808e-06,9.735370575246327e-07,0.3304143798693334,475.65717425370013,2.39392638,0.0627630651
66,0.00015436166358496594,0.000903471533292472,0.00015436166358496594,1.3431754576327395,493.8197617374817,75.6445847,0.0628116876
58,2.8744174849747004e-05,0.0001012433054226901,2.8744174849747004e-05,1.083861302610931,469.1241477889254,19.6316242,0.0628109351
66,5.845715170901083e-05,0.00023848319311367105,5.845715170901083e-05,1.2990764419633953,485.8719959839052,35.6390991,0.0628115535
73,0.00034322957553182154,0.0019180187041505665,0.00034322957553182154,1.804051528596363,506.0864883661741,100.380104,0.0627711788
194,2.3792539979076256e-05,5.960560339881959e-05,2.3792539979076256e-05,3.6517578239468538,1128.610927580235,5.09082174,0.063088797
67,2.954140253049859e-06,1.0531551554785086e-05,2.954140253049859e-06,0.8746212807942985,800.5714709650496,4.80498171,0.0640767962
194,2.4313863403477924e-05,5.997581738560512e-05,2.4313863403477924e-05,3.4924702054737886,1055.5446534755874,5.35497236,0.0627850145
201,2.3855962429198885e-05,5.973272757333373e-05,2.3855962429198885e-05,3.503880360423926,1084.5289555733693,5.23149109,0.0628866106
76,4.945371907424809e-06,1.3865237688385404e-05,4.945371907424809e-06,2.191038262238648,1240.2622335978128,4.71859932,0.0580910631
55,1.3980230931616584e-06,3.422602065262918e-06,1.3980230931616584e-06,1.131617571889919,934.0498573981579,1.37839925,0.0643219724
53,1.0513998632733326e-05,2.836519139368529e-05,1.0513998632733326e-05,0.8399424182716814,510.222799619992,4.91487122,0.062824063
54,1.0392330907622648e-05,2.788196615165781e-05,1.0392330907622648e-05,0.8375869168367492,507.84731826678563,5.05540609,0.0627813116
39,1.1582099739900551e-06,3.1624443425904244e-06,1.1582099739900551e-06,0.4192534544717178,573.5951523066706,1.79525971,0.0627506226
44,7.104867567382285e-07,2.1305976281574455e-06,7.104867567382285e-07,0.3442232911394685,580.5614489492083,1.71388626,0.0626836419
42,6.205503059254524e-07,2.0151988785917514e-06,6.205503059254524e-07,0.3275404953863655,595.1898897766146,1.88906825,0.062704958
47,5.262888305532141e-06,1.7548632667625546e-05,5.262888305532141e-06,0.5505548604861904,564.4523869018916,5.68200064,0.0627736598
75,0.00013019836344535114,0.0006274380898325776,0.00013019836344535114,1.382642867454806,576.9114646383848,46.5233879,0.0627770647
73,5.319568607613242e-05,0.00020373580947606525,5.319568607613242e-05,1.2965732972118984,567.7344558023004,24.9711704,0.0628080368
62,1.1702907595897657e-05,3.212527012729162e-05,1.1702907595897657e-05,0.9137630962949246,548.9385862820524,5.8530736,0.0627771989
57,1.1033690704324201e-05,3.0320700609505586e-05,1.1033690704324201e-05,0.878222804257837,538.399460898909,5.61910295,0.0628108829
59,1.1647611644080636e-05,3.1921405619433896e-05,1.1647611644080636e-05,0.8895285180057245,534.2167320795572,5.67688179,0.0628033131
55,1.1833549177584652e-05,3.222459156352409e-05,1.1833549177584652e-05,0.8813424577495578,521.866410428812,5.37876892,0.0627462566
55,1.2180613808262645e-05,3.298307677310484e-05,1.2180613808262645e-05,0.8916671870317942,522.0357730760435,5.45125341,0.0628224313
55,1.0427663703095462e-05,2.808713238032196e-05,1.0427663703095462e-05,0.840581582005393,511.66027784658564,5.07769537,0.0628077909
60,5.613694872032156e-07,1.521674158567554e-06,5.613694872032156e-07,0.7079038652639684,744.1240925842876,1.97208726,0.0636393949
116,1.5313340924707512e-05,3.647258198785786e-05,1.5313340924707512e-05,2.5600004610364193,977.3539191345621,3.66532993,0.0580344573
72,5.209953958844127e-06,1.7657273000156007e-05,5.209953958844127e-06,0.7021858016846613,580.7944908199416,6.55709076,0.0627204478
50,8.646054223079867e-07,3.1819576611964225e-06,8.646054223079867e-07,0.4060805982094406,568.0888266615021,4.2410326,0.0628125668
58,5.862489130548036e-07,1.5483243933104756e-06,5.862489130548036e-07,0.581550396588256,653.115666428025,2.26174021,0.0632796362
53,7.953783989965273e-07,2.3442988776882517e-06,7.953783989965273e-07,0.4854839912194458,593.2342360563488,2.31320596,0.0629252642
167,1.4609419651564494e-05,2.9734235213729435e-05,1.4609419651564494e-05,3.243320209931944,868.8788516925084,6.5792408,0.0627350137
76,4.964332369444879e-06,1.612761999862277e-05,4.964332369444879e-06,0.8654532335027295,573.7380072222634,6.57783413,0.0627744868
68,4.924522241177042e-06,1.6870908753672183e-05,4.924522241177042e-06,0.712102903906332,558.5129946417944,6.57140493,0.062724404
49,7.067535836145044e-06,1.844269181763759e-05,7.067535836145044e-06,0.7118397420646458,442.79317951511376,3.92361927,0.0628311783
47,6.9198517072434464e-06,1.801302388482262e-05,6.9198517072434464e-06,0.705970256828553,440.1900285039718,3.97321582,0.0628219694
48,6.428646434312307e-06,1.6688172569089552e-05,6.428646434312307e-06,0.6887079707744295,432.5930513646803,3.85382819,0.0628068745
49,6.414886595726351e-06,1.6516884092024523e-05,6.414886595726351e-06,0.6831413645623822,422.29955648227485,3.6836741,0.0627778843
49,7.137050213349489e-06,1.8484293032989815e-05,7.137050213349489e-06,0.7110896251746165,430.91950504065716,4.01686907,0.0627615452
49,7.814435172089575e-06,2.040662524337528e-05,7.814435172089575e-06,0.7339246418913828,436.55971605799226,4.13122463,0.0628360361
50,9.232607924746019e-06,2.4221161230871614e-05,9.232607924746019e-06,0.7863499158714504,446.72919663348347,4.39645767,0.0628198683
49,9.152610280379993e-06,2.399978854256347e-05,9.152610280379993e-06,0.7800250124047318,440.0115036758314,4.58548784,0.0628208667
52,1.0030014192038362e-05,2.6475295221878373e-05,1.0030014192038362e-05,0.8037806730184012,441.74802706993404,5.04429293,0.0628173724
54,1.0551989980958873e-05,2.7943087366308246e-05,1.0551989980958873e-05,0.8265320040702789,449.03209149804786,5.15805101,0.0628322884
52,1.1412305248316587e-05,3.0276381330860297e-05,1.1412305248316587e-05,0.8580575790555818,453.3181221070415,5.28345871,0.0628219843
52,1.0243505170039743e-05,2.7413834246462066e-05,1.0243505170039743e-05,0.8184021341414565,493.41541053812085,4.67021275,0.0627965257
53,9.153279498150007e-06,2.4313567292535104e-05,9.153279498150007e-06,0.7842479979065959,483.2791972113799,4.3834157,0.062801823
47,6.523473153788205e-06,1.684742800265525e-05,6.523473153788205e-06,0.6892141138153297,431.3507287525501,3.54227114,0.062823236
48,6.318711897538561e-06,1.6269098803430453e-05,6.318711897538561e-06,0.6792004526644487,424.58514761817577,3.37310362,0.062812157
48,7.709557025914321e-06,2.000731533053794e-05,7.709557025914321e-06,0.7331389675929512,450.6570142917337,3.78365898,0.0628197491
49,7.220507874547542e-06,1.8625014424615628e-05,7.220507874547542e-06,0.7147695971176257,438.5127692192907,3.70235705,0.062823087
50,8.376184094066181e-06,2.1971451975667413e-05,8.376184094066181e-06,0.7548050731628783,461.5105478987848,4.04743433,0.0628097802
49,6.725748440229498e-06,1.7272349383629812e-05,6.725748440229498e-06,0.690448972409045,422.8766939782157,3.44468188,0.0628216267
47,6.519318538996655e-06,1.6658566131066324e-05,6.519318538996655e-06,0.684490260943655,417.33399963548203,3.36344981,0.0628089607
48,6.367811909819692e-06,1.6347320583390663e-05,6.367811909819692e-06,0.6801893861029665,419.7606259313129,3.45853305,0.0628118068
49,6.834248716270255e-06,1.7508149174457803e-05,6.834248716270255e-06,0.6982725243545097,423.6815756735708,3.51848006,0.0628129914
56,1.4497453187924132e-05,3.905732016723413e-05,1.4497453187924132e-05,0.939489701821443,455.6146825646865,8.48609924,0.0628065914
76,0.0015322347517746028,0.006324489901718876,0.0015322347517746028,3.852124289925103,512.2710977311181,124.455528,0.0627524182
70,0.00022391103245204602,0.0012440233858638584,0.00022391103245204602,1.6657666168536238,494.66613052909383,92.0057373,0.0628069788
34,1.0002494725092966e-06,3.1748285390562535e-06,1.0002494725092966e-06,0.3316478230723381,469.8747540127967,2.49599504,0.0627483726
39,9.588740901899606e-07,3.085252425117077e-06,9.588740901899606e-07,0.32584909059148925,472.2493152005812,2.51029158,0.0627546906
55,1.7293243417947872e-05,4.711929810344962e-05,1.7293243417947872e-05,1.0031944829015875,456.52850710589695,9.43708992,0.0628195778
63,4.858265110730516e-05,0.00023029213083706413,4.858265110730516e-05,1.1476061139473674,468.0257017801485,39.146904,0.0628136098
63,4.513892267080639e-05,0.00017178333762507165,4.513892267080639e-05,1.2676421003430705,476.03073503563525,32.4071655,0.062828742
57,1.5033009665209682e-06,5.900552531239959e-06,1.5033009665209682e-06,0.5361144220222541,680.2976822039976,4.53173161,0.0632834956
61,1.5358579254315115e-06,4.694763581508928e-06,1.5358579254315115e-06,0.7817256056241764,767.2531129757081,3.53267765,0.0639972389
48,5.208100237110767e-07,1.7025164025814443e-06,5.208100237110767e-07,0.35254413921643224,615.9132619552772,1.84267402,0.0628170446
64,2.634130758719339e-06,6.548497387400428e-06,2.634130758719339e-06,1.6171734396519934,1085.0671818206758,2.02878094,0.0591173433
56,1.2793006724706006e-06,3.101540888276611e-06,1.2793006724706006e-06,1.022063905311033,873.3382172998212,1.30208826,0.064425312
53,1.0669630647280632e-05,2.8519884564379842e-05,1.0669630647280632e-05,0.8405791370503962,499.44051970799325,4.85359812,0.0627877563
55,1.0347500175008439e-05,2.773723915960389e-05,1.0347500175008439e-05,0.8297975322492384,502.3763234621702,5.0432291,0.0627747849
45,1.328505312737193e-06,3.6808027673975748e-06,1.328505312737193e-06,0.43226638165055137,570.5148716105329,2.33588958,0.0627440587
42,5.888817392025267e-07,1.8494898831914947e-06,5.888817392025267e-07,0.33226776887875625,591.689543540641,1.75432849,0.0627433881
43,7.918577402242647e-07,2.3069408490714635e-06,7.918577402242647e-07,0.36116780557372,576.1585103413531,1.66279459,0.0627109557
44,4.660373569432469e-06,1.5968935728268724e-05,4.660373569432469e-06,0.5062650486011049,557.9436667391954,5.50839615,0.0627545342
70,4.2251022707851156e-05,0.00015534234893075277,4.2251022707851156e-05,1.2222384443634682,562.3855143017215,20.4573784,0.0627975985
73,4.831244309514436e-05,0.00019553921281515057,4.831244309514436e-05,1.1876513449943995,568.0968381297017,24.1258621,0.0627375618
61,1.236971763071692e-05,3.395101438634873e-05,1.236971763071692e-05,0.9258098631471663,544.9715364064723,5.75062513,0.0627825931
62,1.1371999920794509e-05,3.129300502392693e-05,1.1371999920794509e-05,0.8889292347531286,536.2601418993318,5.79298019,0.0627830401
59,1.1305288609714997e-05,3.095616262096353e-05,1.1305288609714997e-05,0.8724901462454799,527.096311319096,5.7029171,0.0628283992
57,1.0852806315845284e-05,2.948024621125959e-05,1.0852806315845284e-05,0.8566634687455114,518.9740354584369,5.49502087,0.0627764463
55,1.0748395058789904e-05,2.8938530256839993e-05,1.0748395058789904e-05,0.8485816151434689,510.0926009592329,5.06837177,0.0627782717
55,1.1495388603860729e-05,3.092387063830058e-05,1.1495388603860729e-05,0.8643827605082555,507.1185398241852,5.27654934,0.0628180504
65,6.73225007669598e-07,1.97271244219763e-06,6.73225007669598e-07,0.6993787395463721,711.7882667535558,2.53661561,0.0637169182
61,6.299115192375365e-07,1.8651779547613302e-06,6.299115192375365e-07,0.8691945600403604,804.5829753605541,3.06117988,0.0593055785
74,8.284523184357993e-06,2.365223289620313e-05,8.284523184357993e-06,1.0156032253610912,581.8233708796959,6.55810022,0.0627018139
50,9.38394287973337e-07,3.4788124280028577e-06,9.38394287973337e-07,0.397706192600798,556.2582201383216,4.49255133,0.0627904683
58,8.1114540723653e-07,2.5941088185911984e-06,8.1114540723653e-07,0.5617566585405158,627.5495002759794,4.01104879,0.0632772222
68,5.11229504509491e-06,1.7226202053673825e-05,5.11229504509491e-06,0.7523721715941237,543.1033253130514,6.57090569,0.0626801029
73,7.082075118530661e-06,2.1661089727023627e-05,7.082075118530661e-06,0.8958948158835851,560.9107290161684,6.56054831,0.0626559928
48,6.6264326168986185e-06,1.7134511189082714e-05,6.6264326168986185e-06,0.6937463106377532,429.5847266103537,3.66682863,0.0628389195
48,6.828077887987197e-06,1.7679259659261684e-05,6.828077887987197e-06,0.6944596152715433,425.533834365012,4.13321877,0.0628211498
49,5.921645736225386e-06,1.5207134770242362e-05,5.921645736225386e-06,0.6657918496550967,417.9626699685537,3.56117249,0.0628126487
49,5.888135837110753e-06,1.5007146872935228e-05,5.888135837110753e-06,0.6634021779525672,412.11218052875654,3.31024313,0.0627922118
47,6.594458766018888e-06,1.689463809798933e-05,6.594458766018888e-06,0.6869750307022103,412.6151008940341,3.54559112,0.0627921224
50,7.632943609476994e-06,1.980620156927265e-05,7.632943609476994e-06,0.7232666795799028,426.92004918794277,4.0373764,0.0627673641
49,8.255878141519854e-06,2.1451026022107082e-05,8.255878141519854e-06,0.7457913111579777,429.92730772352155,4.04665136,0.0628162697
51,8.214012626972013e-06,2.131788917151677e-05,8.214012626972013e-06,0.7463215762086552,431.03438809401206,4.13419485,0.0628252923
49,9.092261819875412e-06,2.3638480185822548e-05,9.092261819875412e-06,0.7722688034661547,425.2060252096646,4.56583261,0.0628107712
51,9.799919098339988e-06,2.5734471018884792e-05,9.799919098339988e-06,0.7975334847235724,435.27018349750705,4.94808912,0.0628429204
52,1.0306375749809745e-05,2.7248937804589546e-05,1.0306375749809745e-05,0.814689621443903,440.65422665366293,5.10211086,0.0628598183
54,1.175740095024917e-05,3.100649710919597e-05,1.175740095024917e-05,0.8656438450609818,444.7836640652367,5.32648993,0.0628303736
51,1.026519754463471e-05,2.734504046089256e-05,1.026519754463471e-05,0.8200984449868721,487.1572156114064,4.89378595,0.0628101379
50,8.59141091607634e-06,2.2675808418478497e-05,8.59141091607634e-06,0.7681720745140372,473.400963362867,4.24157858,0.0627993271
50,5.8308208614655855e-06,1.4948022917293075e-05,5.8308208614655855e-06,0.6604507894243252,416.8184108456906,3.41355324,0.0628058761
47,5.862721607983668e-06,1.50032426769362e-05,5.862721607983668e-06,0.6636007973009136,414.9430465920444,3.34168625,0.0628056005
49,7.659641034894805e-06,1.983989843871064e-05,7.659641034894805e-06,0.7291845130108393,445.82467021165877,3.7623539,0.0628244355
48,7.943856850428013e-06,2.067205999386537e-05,7.943856850428013e-06,0.7382096486234915,448.228831525317,3.90338731,0.0628129467
48,7.189013041223707e-06,1.851906986393946e-05,7.189013041223707e-06,0.7132681787231556,436.2812753868982,3.61071992,0.0628262162
47,6.890843799970271e-06,1.766335927441392e-05,6.890843799970271e-06,0.7022525782040833,428.2538267461238,3.67600703,0.0628212839
49,7.989429187643701e-06,2.0929978146689926e-05,7.989429187643701e-06,0.7444450765106153,460.47298966781665,4.07478428,0.062802434
48,6.480079762668869e-06,1.6558873413846374e-05,6.480079762668869e-06,0.6815128574797523,414.94212386977114,3.80059934,0.0628126189
48,5.943049441500658e-06,1.5161217686831212e-05,5.943049441500658e-06,0.6611118811559065,409.5644742252167,3.66188216,0.0627974048
47,6.17590597837493e-06,1.5699715933495505e-05,6.17590597837493e-06,0.6692958249252753,406.1251328639127,3.64718294,0.0628027394
49,6.539347800412819e-06,1.67237632157428e-05,6.539347800412819e-06,0.6850950485881887,417.8396760255937,3.81975269,0.0628121495
55,1.273287634110819e-05,3.3587555904106915e-05,1.273287634110819e-05,0.8900990083660237,441.10117522854665,5.74113655,0.0628307238
64,0.0009039751367480619,0.004018570949615827,0.0009039751367480619,2.577962712771097,492.9467318504877,126.397415,0.0627730265
70,0.0006225545874161554,0.003681274496072375,0.0006225545874161554,1.8245948520534316,483.06580607667746,123.789528,0.0628129244
38,1.4201587854638508e-06,4.320920563629648e-06,1.4201587854638508e-06,0.36584231862288336,455.9994035136115,2.53025985,0.0627329424
36,1.0732865659761604e-06,3.438634458534397e-06,1.0732865659761604e-06,0.3329152287233332,462.871650815452,2.57053733,0.0627019256
74,4.874099995166031e-06,1.5885219172510677e-05,4.874099995166031e-06,0.7736724336053109,530.3034082587075,6.73839378,0.0626043752
56,1.6886145901302027e-05,4.521224887046787e-05,1.6886145901302027e-05,0.9972338931545774,446.9627165434483,8.70848656,0.0628030598
60,2.274202332854882e-05,7.050448580040881e-05,2.274202332854882e-05,1.0662013885193777,450.4752093168716,18.2032471,0.0627999976
61,5.304211137219089e-05,0.0002489451209289722,5.304211137219089e-05,1.2091403925139041,459.281377593278,41.9428062,0.0627665594
58,2.5321412761199137e-06,9.983079190750297e-06,2.5321412761199137e-06,0.5858875574073925,682.9498691255677,4.8963418,0.0632814541
53,1.7698776787684013e-06,6.9231790136288415e-06,1.7698776787684013e-06,0.4620408280149268,641.2098014114847,4.79304838,0.062955305
64,1.0757962226820358e-06,2.9997505626490907e-06,1.0757962226820358e-06,0.7810782681295021,769.0032511784268,2.79955029,0.0637226924
55,1.4941865545748622e-06,5.937399386106274e-06,1.4941865545748622e-06,0.40391700881847475,620.8616376433171,4.29196262,0.0628152192
43,5.8694324666778e-07,1.8885870124255412e-06,5.8694324666778e-07,0.3394801332341571,591.9787085043096,2.54448771,0.0627265424
60,2.5363974747878884e-06,6.382956615581766e-06,2.5363974747878884e-06,1.599445879665676,1086.1412708589428,2.02437735,0.0576546937
52,1.0603320824983952e-06,2.559981022563957e-06,1.0603320824983952e-06,0.8973188646770492,811.6886523738608,1.43021476,0.0638186932
54,9.549308108216843e-06,2.5385039156383324e-05,9.549308108216843e-06,0.8023162038670147,490.11439674988947,4.81383848,0.0628189817
51,9.173221475792201e-06,2.4391924789020408e-05,9.173221475792201e-06,0.7995773540579137,495.74023777705986,4.74712896,0.0627732202
52,9.499205960083086e-06,2.5290706824439958e-05,9.499205960083086e-06,0.8035084346614736,488.90323643119183,4.86382532,0.0628041551
47,2.1421907865890613e-06,6.559739307691172e-06,2.1421907865890613e-06,0.4542637580627703,566.6280936255821,2.98206234,0.0627298653
46,7.225066266674319e-07,2.11004881728821e-06,7.225066266674319e-07,0.3518553248441272,576.5894174638894,1.6959163,0.0627064109
44,4.089886958208763e-06,1.4187778309341397e-05,4.089886958208763e-06,0.48547161189397725,556.2583295550147,5.36397219,0.0627444834
65,1.9307362775772574e-05,6.097845669014912e-05,1.9307362775772574e-05,1.0258323996144536,555.3575536273398,13.2627277,0.0627646297
45,4.018576751324156e-06,1.4371909609730806e-05,4.018576751324156e-06,0.45732679161986123,547.3752126292925,5.2896142,0.0627174303
60,1.0882730410466053e-05,2.942087909494109e-05,1.0882730410466053e-05,0.880361657305835,532.002170699643,5.64216614,0.0627971217
59,1.1882537784287775e-05,3.250533360414504e-05,1.1882537784287775e-05,0.9274854435223575,544.461761035919,5.63793945,0.0627770275
58,1.093509572663757e-05,2.9950184372795808e-05,1.093509572663757e-05,0.8650501203804555,523.5790985292654,5.80473328,0.0627986565
56,1.0235322176552946e-05,2.7662299595094363e-05,1.0235322176552946e-05,0.8397593598181915,514.2854491859061,5.3167696,0.0628167763
53,1.0523952177882977e-05,2.843847382581093e-05,1.0523952177882977e-05,0.8424816941980068,508.9559262504878,5.38293839,0.0628195852
56,1.0109372496542737e-05,2.718310455368058e-05,1.0109372496542737e-05,0.8248021971053873,501.05067540788895,5.0956769,0.0627942756
53,1.0560675576875436e-05,2.8124130068514536e-05,1.0560675576875436e-05,0.8370941238246195,495.2221571545425,5.05949879,0.0627757609
61,6.897890735854556e-07,2.124150904258176e-06,6.897890735854556e-07,0.6387321602540977,670.6888159442424,2.96120024,0.063644357
59,6.359454735168134e-07,1.8213589929200988e-06,6.359454735168134e-07,0.8385819731631736,768.6205342899773,2.47815943,0.0593231171
85,2.6795709069809707e-05,5.6997419910448335e-05,2.6795709069809707e-05,2.1884329755178333,606.4252802495529,6.44496727,0.0626882538
52,7.682038826649866e-07,2.325356571597218e-06,7.682038826649866e-07,0.47452731728627856,577.8988423930526,2.71100163,0.0630141571
69,4.678679971141688e-06,1.5872128884287808e-05,4.678679971141688e-06,0.6808047550494475,534.9620639889047,6.56431437,0.0626354963
80,8.86563565023828e-06,2.3696182084892403e-05,8.86563565023828e-06,1.1064921871647946,558.3041646939262,6.63925505,0.0627296939
48,5.858336734478113e-06,1.4989266145446185e-05,5.858336734478113e-06,0.6649037004106347,419.38192770692547,3.47464418,0.0628233179
48,6.044827813626026e-06,1.544027553957317e-05,6.044827813626026e-06,0.6689686806322535,412.2202134226476,3.53621316,0.0628254712
47,5.696006309255585e-06,1.4515110143331368e-05,5.696006309255585e-06,0.6591711936317546,413.8812071111935,3.37750649,0.0628119037
48,5.470102829841618e-06,1.3909137434939555e-05,5.470102829841618e-06,0.6464486496052233,406.44486354290933,3.32852864,0.0627955571
49,5.854686538890476e-06,1.4855696804224271e-05,5.854686538890476e-06,0.6590142950053193,400.13148619930666,3.32928443,0.0628614798
49,5.281615890674059e-06,1.3371425815535828e-05,5.281615890674059e-06,0.6381501195678447,402.1036032182212,3.27726531,0.0628021061
48,6.441474900221619e-06,1.6434712991199435e-05,6.441474900221619e-06,0.6783538186875975,402.22611706571286,3.56639457,0.0628454685
47,7.221998878217038e-06,1.8543766937673032e-05,7.221998878217038e-06,0.7061156904244317,409.8564089011131,3.83035421,0.0628105775
49,7.925951248860817e-06,2.0423241762808223e-05,7.925951248860817e-06,0.7281521453231434,415.3006731889292,4.06415462,0.0627970546
49,7.970243724826359e-06,2.0589763161143267e-05,7.970243724826359e-06,0.7351976738651161,419.96416776435984,4.1388936,0.062816225
48,8.203807339632517e-06,2.1075906608719593e-05,8.203807339632517e-06,0.7374429286200285,409.9408450853824,4.18864822,0.062822111
49,9.098811068971701e-06,2.3637007446470995e-05,9.098811068971701e-06,0.7689794963544969,420.1743747575231,4.5868988,0.062799871
49,8.529408046684679e-06,2.1985557337424954e-05,8.529408046684679e-06,0.7477321586489393,409.986507838178,4.40175056,0.0628239214
49,9.277726453562896e-06,2.4155705392803107e-05,9.277726453562896e-06,0.7731574491777672,420.1343219381851,4.47439003,0.0628082082
52,1.0282231886432005e-05,2.695817161872292e-05,1.0282231886432005e-05,0.8057482006775406,429.07504874349905,5.24947357,0.0628217384
53,1.0848066867921858e-05,2.858408019873851e-05,1.0848066867921858e-05,0.8233624586179418,428.1192603034251,5.74197769,0.0628015772
54,1.1984661484530326e-05,3.150828421940551e-05,1.1984661484530326e-05,0.8670464163754144,432.96191785510314,5.49282122,0.0627881363
51,9.760360422877358e-06,2.581036213669623e-05,9.760360422877358e-06,0.79979591605525,476.2067828689938,4.56205511,0.0628225654
46,5.911403300775764e-06,1.5068617828874617e-05,5.911403300775764e-06,0.6630174759363062,405.2265263175359,3.38255668,0.0628144816
46,5.619287528886178e-06,1.4238637158932736e-05,5.619287528886178e-06,0.650732659492857,402.9844131987797,3.29417515,0.0628042519
50,7.2665530844386204e-06,1.8770717534431338e-05,7.2665530844386204e-06,0.7131754027086313,438.09294386012635,3.79526401,0.0628205165
50,7.712581111691436e-06,2.012977495376004e-05,7.712581111691436e-06,0.7342416669720836,457.2463371045148,4.00799084,0.0627940372
48,7.514906174971018e-06,1.9508885419753765e-05,7.514906174971018e-06,0.7226827098903349,444.6481215315352,3.7719028,0.0627965704
49,6.885650907743018e-06,1.7620222538254836e-05,6.885650907743018e-06,0.6987788994470563,424.7162567073984,3.53572607,0.0628242344
49,8.951246656096619e-06,2.3565695720033113e-05,8.951246656096619e-06,0.7746820513414203,466.3506268351347,4.37268877,0.0628143698
46,6.301218159668704e-06,1.60330625968798e-05,6.301218159668704e-06,0.6721450958547956,406.02039144006335,3.74635267,0.0628100261
47,5.90241663277688e-06,1.4945627338064172e-05,5.90241663277688e-06,0.6624554639170016,405.8014311381278,3.57080483,0.0628102794
47,5.412770355963676e-06,1.369482550357543e-05,5.412770355963676e-06,0.6409772919747408,398.78415889579685,3.55820084,0.0628100559
47,5.794610999012183e-06,1.4684507612981429e-05,5.794610999012183e-06,0.6538498199399606,398.1429070731223,3.63424325,0.0628178194
48,6.419790945012718e-06,1.632105474503506e-05,6.419790945012718e-06,0.6800206815387206,408.2910530660081,3.65141606,0.0628167018
55,0.000481744148898927,0.002838120274740555,0.000481744148898927,1.3250391595112716,462.35894667489544,132.457092,0.0627755672
71,0.00023315734285943464,0.0011836653504536116,0.00023315734285943464,1.645625628086358,467.9170749408358,67.3010864,0.0627412125
42,1.6485301123107715e-06,4.87012470065069e-06,1.6485301123107715e-06,0.3863480979140889,449.1848457506522,2.48056173,0.0627773255
44,1.0178524176184775e-06,3.4304811352088587e-06,1.0178524176184775e-06,0.3200234878277862,461.1075971269969,4.46630621,0.062618196
70,5.122250960982588e-06,1.7371387795370733e-05,5.122250960982588e-06,0.6692150693860427,521.6021894276779,6.75577688,0.0626298189
59,1.6143968645592357e-05,4.3590350512503524e-05,1.6143968645592357e-05,0.9730724049897563,440.47213060127694,9.80442524,0.062780112
61,3.7643818678975745e-05,0.00015182585083917596,3.7643818678975745e-05,1.1359609416174468,445.5690279156816,28.3062,0.0628010407
60,1.1085872090508941e-06,4.351789335732604e-06,1.1085872090508941e-06,0.5216032643850981,665.6503429208071,4.64930201,0.0630895942
57,2.850557275757686e-06,1.1454571650501713e-05,2.850557275757686e-06,0.4679649596842493,627.6091052505094,5.37729979,0.0629257709
59,7.338717806118856e-07,1.921749150012461e-06,7.338717806118856e-07,0.6819640870601531,732.4011235385707,2.22924662,0.0634159073
54,2.5442587192521916e-06,1.0218910686360159e-05,2.5442587192521916e-06,0.4278411490716481,609.6968956543949,5.37729979,0.0628563762
44,1.303342679552407e-06,4.588463739576167e-06,1.303342679552407e-06,0.37495185735723735,587.1162124581732,3.10661364,0.0627696216
71,3.033009412632989e-06,7.65798984218371e-06,3.033009412632989e-06,1.8109881065776763,1122.190733616805,2.342453,0.0564889908
57,1.6921926457643316e-06,4.244066874796369e-06,1.6921926457643316e-06,1.1390753252620944,905.1344405487307,1.77409804,0.063808009
51,8.736694445297434e-06,2.3081886916432517e-05,8.736694445297434e-06,0.7714762134976076,474.7269726344504,4.55475616,0.0628356189
53,9.011501015484e-06,2.396426576651392e-05,9.011501015484e-06,0.7862272149156709,485.9081265782447,4.53332663,0.0627934933
45,8.411845482467013e-07,2.3562029843555245e-06,8.411845482467013e-07,0.3742636176324507,569.5771215679791,1.82087767,0.0627419129
46,1.994828777408156e-06,6.22121407817944e-06,1.994828777408156e-06,0.43088277298383126,560.1708345393643,3.29974651,0.0627631098
44,5.747949381906789e-07,1.6450156251326087e-06,5.747949381906789e-07,0.3431576839407091,576.1065748592708,1.48737121,0.0627180859
42,3.5477518370364714e-06,1.2440302433941658e-05,3.5477518370364714e-06,0.4546464485518326,553.4429154523896,5.3097105,0.0627442747
71,3.258697167185817e-05,0.00012350794539810143,3.258697167185817e-05,1.1038292703793162,557.7489621098208,20.7371483,0.06274537
42,3.391966313029764e-06,1.2299813235375009e-05,3.391966313029764e-06,0.4304186743540476,545.2875206441807,5.47113562,0.0627686381
57,1.1079941332833193e-05,3.0108188143638836e-05,1.1079941332833193e-05,0.8909619102311426,532.148553590878,5.55393887,0.0627846643
59,1.0976487978800362e-05,2.9463287417884576e-05,1.0976487978800362e-05,0.87932359931591,523.5619989501292,5.68682623,0.0627954006
64,1.5826819929771845e-05,4.7564946818017734e-05,1.5826819929771845e-05,0.9687086065663683,546.4435772201051,11.0778599,0.062756747
53,1.0609280817457158e-05,2.8639034744030232e-05,1.0609280817457158e-05,0.8546101246797465,513.1957889493177,5.5259161,0.0628013909
55,9.956962049064974e-06,2.6910062027632726e-05,9.956962049064974e-06,0.8226132824972617,506.3502655361953,5.18672085,0.0628163591
56,9.931391578620332e-06,2.6579606157404666e-05,9.931391578620332e-06,0.8179213115849214,495.01829860198745,4.88476181,0.0628101304
51,1.0297619854869625e-05,2.7327767231866012e-05,1.0297619854869625e-05,0.8296076797691784,486.8783156724538,5.00639296,0.0627843514
52,9.013466215623688e-06,2.3857023873739044e-05,9.013466215623688e-06,0.7843925185751205,478.8700188662749,4.51564169,0.0627823919
59,5.377043470864307e-07,1.5439211649873171e-06,5.377043470864307e-07,0.582956673290968,637.8032245351773,2.79529381,0.0635764673
63,6.266190326117458e-07,1.7753070288321087e-06,6.266190326117458e-07,0.8371732288607916,756.7744228587289,2.49865294,0.0589334555
47,1.0816871945167512e-06,4.551597728853148e-06,1.0816871945167512e-06,0.36976882634452624,529.6539863969983,5.79360723,0.0628230646
57,5.684348779148136e-07,1.685973624977571e-06,5.684348779148136e-07,0.4587409385073369,573.2536673153238,2.54805803,0.0632173121
77,1.1183283478001142e-05,2.692269192602421e-05,1.1183283478001142e-05,1.3168916345973969,551.292514502494,6.5562892,0.0627526343
225,8.714867366954827e-05,0.00012874396051877854,8.714867366954827e-05,12.950498026410983,1494.1048992636472,6.07530022,0.0628327727
48,5.385141511706365e-06,1.3634564849565276e-05,5.385141511706365e-06,0.6431077481911198,401.49940865328284,3.22245336,0.0628213361
47,5.445489174977552e-06,1.37872392862064e-05,5.445489174977552e-06,0.6434328180066484,397.38666496219514,3.35504794,0.0627847984
46,6.257355341327007e-06,1.5855080236340057e-05,6.257355341327007e-06,0.6702606955526936,394.7317787599124,3.42283201,0.0628511012
45,5.573227696460376e-06,1.4017844208285099e-05,5.573227696460376e-06,0.6466796351336885,387.9931410585706,3.22032428,0.0627945513
47,7.160870478422015e-06,1.8151586420194064e-05,7.160870478422015e-06,0.6975495500130254,391.6075599251531,3.59719086,0.0628515109
48,7.245671973537223e-06,1.8429897402676186e-05,7.245671973537223e-06,0.7052105860099441,400.7585240280157,3.68865013,0.0628559515
47,7.500188312205149e-06,1.909472048639033e-05,7.500188312205149e-06,0.7119578048428797,398.45890084911025,3.93455172,0.0628202483
48,7.861592559990264e-06,2.0111381735687807e-05,7.861592559990264e-06,0.7210194321669248,398.23754194639685,4.25215244,0.0628153011
49,8.791858689502073e-06,2.2611164070260895e-05,8.791858689502073e-06,0.7543216760369374,408.3036956166654,4.40332985,0.0628088638
50,7.914247838877177e-06,2.0162136589230287e-05,7.914247838877177e-06,0.7218627599353957,394.1542559347208,4.09105015,0.062797226
48,8.141206855007614e-06,2.078375745046497e-05,8.141206855007614e-06,0.7275283234306125,393.18428185536317,4.06668234,0.0628277808
49,9.22781001746433e-06,2.3887722681052168e-05,9.22781001746433e-06,0.7681426892191583,411.5371188925201,4.47655869,0.0627634525
50,9.721423884660732e-06,2.5247319341534354e-05,9.721423884660732e-06,0.7837566375036018,413.3139093768323,4.92971277,0.0627695248
50,1.0602509444164384e-05,2.7657389440916266e-05,1.0602509444164384e-05,0.81302492242535,416.42722728042696,5.62070751,0.0627774373
51,9.999638454258232e-06,2.5740308827845835e-05,9.999638454258232e-06,0.8074703297099302,415.16422148192913,4.74565697,0.0628139675
56,1.2826146718692655e-05,3.339527160901937e-05,1.2826146718692655e-05,0.8872005579453588,424.6445210923527,5.75759983,0.0628207698
46,5.540777670761822e-06,1.3968839851776766e-05,5.540777670761822e-06,0.6468391914011788,393.7888953519191,3.24740052,0.0628268942
45,5.361515169414548e-06,1.3516558830193077e-05,5.361515169414548e-06,0.6414464021560186,394.73170023245416,3.23540211,0.0628128424
48,7.201575033982112e-06,1.8525219178320854e-05,7.201575033982112e-06,0.7110576835824214,431.86930020669047,3.73474169,0.0628174022
50,8.187029115300712e-06,2.1399586306599522e-05,8.187029115300712e-06,0.7464226820181673,454.67771484808753,4.11630726,0.0628264174
48,7.240857185945838e-06,1.874392585091012e-05,7.240857185945838e-06,0.7125440121994003,439.1601603131624,3.75291729,0.0627983585
49,7.028745701738267e-06,1.810658416864017e-05,7.028745701738267e-06,0.7025866336574057,433.547006312672,3.65457344,0.0628079176
47,6.357755779288138e-06,1.6177958745430768e-05,6.357755779288138e-06,0.680817988019372,418.40059747081926,3.46336174,0.0628214628
47,5.893356966160457e-06,1.4857138076325249e-05,5.893356966160457e-06,0.6566152642144369,392.33529183983154,3.60593414,0.0628207177
48,5.951993710099364e-06,1.5075265431995564e-05,5.951993710099364e-06,0.6614674906327058,400.47008422117045,3.82349563,0.0628171042
45,5.2105545213359775e-06,1.3108669515991862e-05,5.2105545213359775e-06,0.632599982327593,386.6658504465535,3.4446528,0.0628286824
46,5.101748126844404e-06,1.2866190161263723e-05,5.101748126844404e-06,0.6290873540403539,387.40328624077284,3.40167022,0.0628212392
46,5.679804476573913e-06,1.4293443675007707e-05,5.679804476573913e-06,0.6492798673880493,390.69372026453567,3.56982613,0.0628224835
48,6.5120118368770965e-06,1.6479138853175264e-05,6.5120118368770965e-06,0.6816171453200921,405.3563362588985,3.65654874,0.0628165156
64,0.0009459497109616229,0.004098171139862558,0.0009459497109616229,2.472242590291599,468.190463088188,126.625847,0.0627886206
66,0.0002081986121926893,0.0010863738742042399,0.0002081986121926893,1.5708483481553068,458.33312553398065,66.8818665,0.0627735555
38,1.3009682362936548e-06,4.094389449850342e-06,1.3009682362936548e-06,0.3429537697855922,447.30748560014104,2.6099968,0.0627917051
45,1.080844056174672e-06,3.6654868053095433e-06,1.080844056174672e-06,0.3197855426148237,455.34312601240254,5.02515697,0.0626960993
66,4.91166544078746e-06,1.6719467397634634e-05,4.91166544078746e-06,0.6767344051897752,506.2002859740814,6.87767887,0.0626575202
72,6.010387241769995e-06,1.8494833140038752e-05,6.010387241769995e-06,0.851370835671228,528.4321011203606,6.71770334,0.0626618713
54,1.3211800179542968e-05,3.4435931625093786e-05,1.3211800179542968e-05,0.8985900814295307,423.2894351894403,5.6758976,0.0628230348
56,1.3404489292960197e-05,3.45453384799281e-05,1.3404489292960197e-05,0.9306562110554671,430.0017455553161,5.89283895,0.0628176257
54,1.4784253296051825e-05,3.862783280213899e-05,1.4784253296051825e-05,0.9589207504019734,429.1268502936678,8.5987711,0.0628207698
60,2.751198740548157e-05,9.006365153168183e-05,2.751198740548157e-05,1.0964575991351246,435.78771795307233,19.5341625,0.0628200471
58,7.292191414357029e-07,2.3106751745581254e-06,7.292191414357029e-07,0.46951340459944635,641.2769340104971,2.92243814,0.0629896596
44,8.44275677987675e-07,2.9384216315906296e-06,8.44275677987675e-07,0.39379832151252325,610.0974998930838,4.08917713,0.0628401041
56,9.203436609734881e-07,2.6750500066905264e-06,9.203436609734881e-07,0.6999253354517954,730.0875553522606,3.24128509,0.0636831447
56,7.534713475642009e-07,2.305580640582039e-06,7.534713475642009e-07,0.5177614442017083,655.576081004712,2.68962979,0.0631529018
45,4.922552528582328e-07,1.4596950056438274e-06,4.922552528582328e-07,0.35338729168577243,594.4858673280493,1.49051595,0.0627794862
43,4.993851734944763e-07,1.430048540591804e-06,4.993851734944763e-07,0.3430102598027734,580.8144709966672,1.47893202,0.0627472475
61,1.3198707832179863e-06,3.376840524380748e-06,1.3198707832179863e-06,1.0282151741066003,866.7257805656417,2.47834492,0.0645551831
67,2.846517153354402e-06,7.187677217640584e-06,2.846517153354402e-06,1.8585933202088372,1118.2336226589916,2.50549483,0.0565347113
51,8.906516330094192e-06,2.3527783236954613e-05,8.906516330094192e-06,0.7786176709145045,473.49654082626665,4.4670577,0.062812157
49,8.607398371004862e-06,2.2609615212125414e-05,8.607398371004862e-06,0.7688552437573128,466.75154131345784,4.423141,0.0628391951
43,8.061506074526161e-07,2.28963886888152e-06,8.061506074526161e-07,0.3689158434459028,566.5596122495226,1.73906171,0.0627265647
45,1.8892329938158191e-06,5.950872209726819e-06,1.8892329938158191e-06,0.41620552966734436,557.1775610310917,3.48230791,0.0627505705
71,2.098992251761782e-05,7.173824840216396e-05,2.098992251761782e-05,1.0324636615979284,552.8448910438482,16.9559441,0.062764287
42,2.9872162893431594e-06,1.0698644734176247e-05,2.9872162893431594e-06,0.4192820186554261,544.7184228439671,5.16877127,0.0627671629
45,1.4041829554291308e-06,4.434772175878882e-06,1.4041829554291308e-06,0.3851171384052721,554.6861012359624,3.23492289,0.0627267361
61,1.4213328711837392e-05,4.2725863359833185e-05,1.4213328711837392e-05,0.9378906798457141,538.750144481109,12.1112251,0.062753953
60,1.0950593647854558e-05,2.936781956091206e-05,1.0950593647854558e-05,0.8889936754145854,526.2377798060987,5.61033392,0.0627696812
59,1.050578139552219e-05,2.786473325351003e-05,1.050578139552219e-05,0.8568662566955476,512.4730943202135,5.46156216,0.0627884343
56,1.0469840290194823e-05,2.783422232208352e-05,1.0469840290194823e-05,0.8471807546164198,505.5135049093557,5.36640263,0.0627975762
54,9.807954531116056e-06,2.617554588600376e-05,9.807954531116056e-06,0.8199179718868443,495.682069925406,5.17301226,0.0628045276
56,9.643911774163819e-06,2.5892018256811744e-05,9.643911774163819e-06,0.8103534697717194,497.42128168242607,5.1220746,0.0628180504
53,1.0037763124234505e-05,2.6787901629080857e-05,1.0037763124234505e-05,0.8184408999649759,487.5107571280922,5.01137447,0.0628068224
52,9.978623215098785e-06,2.652162147667196e-05,9.978623215098785e-06,0.8147238589614143,483.1464265190337,4.89476061,0.0627917722
52,8.391627980200453e-06,2.2052508542525224e-05,8.391627980200453e-06,0.7625459734689366,469.1574951516627,4.33055401,0.0627960339
57,5.748748399278745e-07,1.7283901647431462e-06,5.748748399278745e-07,0.5802668592012222,627.7479319910723,2.76600146,0.0637200996
59,6.417592923943442e-07,2.198288671799032e-06,6.417592923943442e-07,0.6279298345416137,643.2572866074904,3.8321054,0.0640558004
54,5.699413279922692e-07,1.478016606847172e-06,5.699413279922692e-07,0.8707875432464178,761.7767461084989,1.66431475,0.0575732887
53,6.640801532616501e-07,2.127912313805848e-06,6.640801532616501e-07,0.44013777426667205,557.1504608381123,2.86894512,0.0631724298
78,1.1634807215539331e-05,2.7398019283098512e-05,1.1634807215539331e-05,1.3794295635317986,543.7711160978358,6.3841753,0.0627211481
83,6.789785274847174e-06,1.696710318031932e-05,6.789785274847174e-06,1.2474371798566322,573.148140112726,6.33989763,0.0629306585
88,5.3456440767789225e-06,1.4314274742493362e-05,5.3456440767789225e-06,1.2389756183142933,623.4459561410071,6.70306063,0.0634718984
46,4.9719173051246775e-06,1.2452832784879275e-05,4.9719173051246775e-06,0.6243992502439892,385.0919779684168,3.14554405,0.0628380477
47,4.984396102920351e-06,1.246727611340999e-05,4.984396102920351e-06,0.6230275572956577,383.90270710130335,3.03778934,0.0628111288
48,6.041891776990702e-06,1.5273994916901632e-05,6.041891776990702e-06,0.6595254366190991,386.3803991636521,3.64872956,0.0627981871
47,5.1861173679932005e-06,1.296383571249886e-05,5.1861173679932005e-06,0.6315034501268842,383.2377299217887,3.2561183,0.0627978519
46,6.811704430898566e-06,1.7137832895067045e-05,6.811704430898566e-06,0.6865581362311667,386.5380438497953,3.50224137,0.0628286675
47,6.339847825075104e-06,1.5950142361959608e-05,6.339847825075104e-06,0.6670830043769524,380.3946076236237,3.48434854,0.0627995506
47,7.49349474406057e-06,1.9018113021415292e-05,7.49349474406057e-06,0.7042170912333365,386.0106494776526,4.00540018,0.0627737418
48,8.362442960033542e-06,2.1350410877216254e-05,8.362442960033542e-06,0.7385955163762937,399.037957540434,4.21267462,0.0628267378
47,7.633672636364577e-06,1.9326085945012582e-05,7.633672636364577e-06,0.7094228418100218,384.2875231657243,3.88022041,0.0627599061
47,7.902349584504805e-06,1.999598494603611e-05,7.902349584504805e-06,0.7190827236705155,384.58926437953073,4.05567884,0.0628380477
46,7.820912855737294e-06,1.9735414541531313e-05,7.820912855737294e-06,0.7144830099498287,380.9738276780779,3.9600656,0.062805742
49,9.120181628381564e-06,2.349743102948336e-05,9.120181628381564e-06,0.7657356914612055,404.7425267494484,4.98144817,0.0628096312
49,9.397433929999082e-06,2.4253205607666126e-05,9.397433929999082e-06,0.7731059386967365,401.78232280479517,5.02297831,0.0628129616
54,1.1327047530870141e-05,2.910348607423405e-05,1.1327047530870141e-05,0.8362952388501248,408.49502514008367,5.14305115,0.0628303289
53,1.1583814986397839e-05,2.9818962464903367e-05,1.1583814986397839e-05,0.8501112425106829,409.9936722497542,5.000278,0.0628257096
46,5.154632878001535e-06,1.2915945887848818e-05,5.154632878001535e-06,0.6313334436068266,384.233739945987,3.11203313,0.0628333017
47,6.712295956501345e-06,1.7133820918275143e-05,6.712295956501345e-06,0.6957964733674233,424.74858561821594,3.42737365,0.0628213212
47,8.490339825805354e-06,2.221119388666719e-05,8.490339825805354e-06,0.7568257305721205,454.0681919734681,4.23829794,0.0628515407
50,7.169985340202625e-06,1.853255315200762e-05,7.169985340202625e-06,0.7133036744141974,439.54869672669327,3.81720901,0.062822789
46,6.770189102747562e-06,1.734439741753309e-05,6.770189102747562e-06,0.6960438610110513,426.2538184866031,3.49092984,0.0627839267
47,6.722743046979095e-06,1.716082989980085e-05,6.722743046979095e-06,0.6921458890501972,418.87849224743985,3.73583269,0.0628068075
47,6.258932506884867e-06,1.589551819450606e-05,6.258932506884867e-06,0.6772411227789918,413.2087159891986,3.4259665,0.0628288314
46,5.547145901236241e-06,1.3957351935606136e-05,5.547145901236241e-06,0.6443542287975167,390.08106755504735,3.67585254,0.0628283694
46,5.4096992144321875e-06,1.356986849545563e-05,5.4096992144321875e-06,0.6357208651625044,382.018157692852,3.61978745,0.0628238395
47,5.902200169937059e-06,1.4871936571192817e-05,5.902200169937059e-06,0.6585314001504939,394.54179579002516,3.57761335,0.0628259927
46,4.935276413033937e-06,1.2359964461456572e-05,4.935276413033937e-06,0.62145252544501,381.5053246392636,3.44575882,0.0628300458
46,4.623930169286021e-06,1.1549892740546932e-05,4.623930169286021e-06,0.607772247117041,376.19885773047497,3.37352729,0.0628290698
48,6.046214567846079e-06,1.5284675565457536e-05,6.046214567846079e-06,0.6649728575293693,399.943277011193,3.58074021,0.0628106594
47,5.743451888038551e-06,1.4471438307506362e-05,5.743451888038551e-06,0.6576140219606906,402.2499807191659,3.36576438,0.0628457591
73,0.00045830592598287187,0.002500761324805444,0.00045830592598287187,1.9250261400569169,462.1563207416808,105.810776,0.0627701432
58,0.001165782725075669,0.004826379345793709,0.001165782725075669,2.653139103758316,459.90480275071934,127.635239,0.0627731755
41,1.5949903656509796e-06,4.4733854974081424e-06,1.5949903656509796e-06,0.3982956069471257,435.8092608613824,2.27868915,0.0627958179
61,6.874920051247295e-05,0.00033415729528584283,6.874920051247295e-05,1.2576798478806297,441.5786492491887,45.857193,0.0628151223
69,0.0002764995229977598,0.0014999636315509036,0.0002764995229977598,1.6806761798257506,452.7476483201674,101.801582,0.0627995059
40,1.0749605451200057e-06,3.3910188891541033e-06,1.0749605451200057e-06,0.32620799423741037,442.09089632949525,2.4743495,0.0627759546
38,8.879232610922143e-07,2.812008482685781e-06,8.879232610922143e-07,0.31463422986175743,445.61388442435384,2.44809914,0.0627745837
71,5.205430090200489e-06,1.7735850483178456e-05,5.205430090200489e-06,0.6703884639497922,502.95992558981317,6.85319185,0.0627110079
54,1.2289535411536721e-05,3.149049458889678e-05,1.2289535411536721e-05,0.8770707243458971,410.69197766094516,5.17773581,0.0628122464
55,1.3842540547939889e-05,3.5612722354311767e-05,1.3842540547939889e-05,0.923954322184478,414.95026733669175,5.24900866,0.0627962053
60,2.3354528013007134e-05,6.543232928924079e-05,2.3354528013007134e-05,1.11100604793814,430.3845886932535,12.4485989,0.0628150031
57,2.186260842390922e-05,5.9587297330347243e-05,2.186260842390922e-05,1.094004808584749,421.12642532022346,12.772995,0.0627796352
51,5.753050245908681e-07,1.7010395252691191e-06,5.753050245908681e-07,0.4091569046683452,609.4174541584506,2.53472352,0.0629035607
58,9.210569675959848e-07,2.815331268854763e-06,9.210569675959848e-07,0.6557549763262338,713.5612772147884,3.05400705,0.0639655888
51,7.524179271572875e-07,2.301627997199733e-06,7.524179271572875e-07,0.4904891454096519,639.6455982101553,2.38719225,0.0632284507
44,5.814448056845253e-07,1.6764280051337181e-06,5.814448056845253e-07,0.3602922230590605,581.1906095888514,1.81689703,0.0627013519
55,1.1600818562637853e-06,3.1909132517609262e-06,1.1600818562637853e-06,0.8802679653589079,796.6291280559853,3.26936197,0.0652621239
68,3.471209310591934e-06,8.63091503153422e-06,3.471209310591934e-06,2.355137856446904,1220.1998851611118,2.88792014,0.057314083
48,8.484329306288563e-06,2.2194709546655393e-05,8.484329306288563e-06,0.7655198565328167,462.33360170581483,4.32633114,0.0628395677
43,8.225721802732326e-07,2.4137926025742283e-06,8.225721802732326e-07,0.36144983531187136,564.1128406484299,2.14240909,0.0626928806
66,1.6267413949088523e-05,4.857071661486279e-05,1.6267413949088523e-05,1.0146708507532605,553.286977787773,13.4386196,0.062772572
66,1.5739254070123084e-05,4.8273215104117044e-05,1.5739254070123084e-05,0.9797648838121534,544.598176598215,15.310998,0.0627528727
43,2.2164242254640446e-06,7.744676493051194e-06,2.2164242254640446e-06,0.39706977209627115,545.3546585364725,4.67623568,0.0627709329
46,1.0512380103002298e-06,3.278459286452687e-06,1.0512380103002298e-06,0.36829044753192763,558.6066750117561,2.8205874,0.0627388656
43,2.029289683288714e-06,7.1371826251162e-06,2.029289683288714e-06,0.3875119549902148,544.2151857559717,4.57630444,0.0627823547
60,1.2793596545872056e-05,3.5919890740295053e-05,1.2793596545872056e-05,0.9319491765482206,536.1586319522944,8.71934414,0.0627379194
56,1.0995656698330286e-05,2.89827590339529e-05,1.0995656698330286e-05,0.8895094904729887,521.0995576905137,5.14312315,0.0627918392
55,1.0684541483414342e-05,2.847535476818279e-05,1.0684541483414342e-05,0.8564839307181474,507.34101195866253,5.5889678,0.0627796799
56,1.0961800238141723e-05,2.879427816886222e-05,1.0961800238141723e-05,0.8751865020090159,508.4750981861581,5.3921175,0.0628319606
54,1.082340138915716e-05,2.870837094499175e-05,1.082340138915716e-05,0.8516123746294033,498.050831755665,5.45001793,0.0627947748
57,9.514748528335402e-06,2.5098543128234227e-05,9.514748528335402e-06,0.8079590809710921,488.60433033946424,4.98731756,0.0628097355
54,9.444260044823595e-06,2.5156234682764417e-05,9.444260044823595e-06,0.8025590418530251,485.86098081595225,5.01476669,0.062804237
52,9.360899993877465e-06,2.478992958542255e-05,9.360899993877465e-06,0.794610221429718,475.93979249790056,4.70630455,0.0628029034
53,8.995917419331719e-06,2.3612795369297354e-05,8.995917419331719e-06,0.7765444187304933,465.7577917324848,4.5263381,0.0627875105
49,7.655016821450739e-06,1.995958663384313e-05,7.655016821450739e-06,0.7371595818766921,457.0190558821143,4.15605211,0.0627976134
52,1.6172121371389314e-06,7.366826173475083e-06,1.6172121371389314e-06,0.5087815260915756,580.3416467905599,6.47289181,0.0637487397
54,6.362587497846381e-07,2.1313492278868666e-06,6.362587497846381e-07,0.6118858470418922,621.0738293794021,3.5535326,0.0643973872
54,6.054966351978688e-07,1.6246816999566497e-06,6.054966351978688e-07,0.8412273693380395,723.4583347172409,1.75406957,0.0593587533
79,9.864072498971242e-06,2.370988541579599e-05,9.864072498971242e-06,1.3012158263871467,536.3619418025748,6.33975458,0.0626943856
82,5.425054882196567e-06,1.471416748151481e-05,5.425054882196567e-06,1.072204533229674,556.2698144291261,6.53500462,0.0628272444
74,6.474787962658035e-06,1.8933764452636938e-05,6.474787962658035e-06,0.9228542701931347,513.6754341285084,6.58231401,0.0626803264
85,5.195138151551547e-06,1.381114513136885e-05,5.195138151551547e-06,1.1818428363529527,598.3932355974316,6.32583952,0.0632013306
54,1.0408397955998153e-06,3.907266228570946e-06,1.0408397955998153e-06,0.535515358634935,569.8417920026608,4.32934332,0.0640324205
46,4.93339834846101e-06,1.2321469017309007e-05,4.93339834846101e-06,0.6225621985832899,379.47399162972147,3.26599312,0.0628365129
46,4.503462066200324e-06,1.1191343173705451e-05,4.503462066200324e-06,0.6021711092505507,373.68596481635467,3.17504859,0.0628755987
47,4.740915221286645e-06,1.1775579447280512e-05,4.740915221286645e-06,0.6134313093145412,375.93928816934476,3.00762558,0.0628370941
48,5.359635848146577e-06,1.3411353856041164e-05,5.359635848146577e-06,0.6345216907988321,375.64624845405626,3.52973962,0.0627790391
48,6.5222991188637515e-06,1.635436198330799e-05,6.5222991188637515e-06,0.669289135296684,374.3865017790099,3.5395329,0.0628027022
46,5.683385403252747e-06,1.418123174463884e-05,5.683385403252747e-06,0.6416932610454206,368.12196778065464,3.45858264,0.0628014952
46,7.199027949223823e-06,1.8112949254928228e-05,7.199027949223823e-06,0.6947143052813111,377.808823462244,3.70030427,0.0627673566
47,8.153680656761205e-06,2.0720487504925654e-05,8.153680656761205e-06,0.7259585461813608,384.4367076584582,4.55271721,0.062822789
49,8.759302499472188e-06,2.2364443534182314e-05,8.759302499472188e-06,0.7497099184198067,392.0050511373173,4.52832413,0.062836796
46,7.504554510802973e-06,1.8840438111569903e-05,7.504554510802973e-06,0.702380053574638,372.7878212796092,3.94884729,0.0627862364
47,7.333559691115528e-06,1.8428343295592678e-05,7.333559691115528e-06,0.6933195636990211,369.3747630559966,3.95425415,0.06281057
46,7.416905478204456e-06,1.8538748745144385e-05,7.416905478204456e-06,0.698414975069774,367.87236629811474,3.76108336,0.0627750605
52,9.498911783215466e-06,2.4225085198924565e-05,9.498911783215466e-06,0.7764604908321047,394.21934152312764,4.55629349,0.0628170371
49,1.061113219539639e-05,2.7067714282588487e-05,1.061113219539639e-05,0.812689251699386,395.167222572391,4.67641783,0.0628192425
53,1.171053104374951e-05,2.991813304603589e-05,1.171053104374951e-05,0.8465400049321538,399.2065406351969,5.06174421,0.0627934709
46,4.499549626407655e-06,1.1102884884908898e-05,4.499549626407655e-06,0.6038897832110984,368.07386662126333,3.0168891,0.0628274828
50,8.355285754878893e-06,2.1781285804447593e-05,8.355285754878893e-06,0.7537733029650401,452.35396127746196,4.28905344,0.0628646985
49,7.576828037454976e-06,1.960386267306302e-05,7.576828037454976e-06,0.7258054596523453,439.88633403028666,3.96174383,0.0628245771
45,6.831444388150666e-06,1.7500430288567223e-05,6.831444388150666e-06,0.7008548136374388,426.0558896007931,3.69588566,0.0627860054
47,6.46679401611306e-06,1.6519141321214526e-05,6.46679401611306e-06,0.6822305563171077,417.9190854358377,3.70323753,0.0627876893
47,6.3891214710402265e-06,1.619620915969982e-05,6.3891214710402265e-06,0.6812822579085293,410.49122691824664,3.49938488,0.062860854
45,5.512316524204053e-06,1.3845914262550099e-05,5.512316524204053e-06,0.6419662930561275,385.08353561247793,3.7258873,0.0628336966
43,4.8908685920448475e-06,1.218391403439982e-05,4.8908685920448475e-06,0.6149667661032896,371.40149736620793,3.15270114,0.0628207475
46,4.911449329224084e-06,1.2244127181385767e-05,4.911449329224084e-06,0.6160396834910601,371.47213165294914,3.49339247,0.0628240332
44,5.303609308992572e-06,1.3244894649674892e-05,5.303609308992572e-06,0.6321763769034878,375.8819512822349,3.51758289,0.0628209114
47,5.614189283004252e-06,1.4126051496431688e-05,5.614189283004252e-06,0.644399943850648,387.7016137217132,3.61517191,0.0628330559
45,4.751653923103198e-06,1.1863188306003148e-05,4.751653923103198e-06,0.6109043389261912,372.8365052116253,3.41306305,0.0628295243
45,4.536564359486904e-06,1.1250555790595707e-05,4.536564359486904e-06,0.6010719559693664,366.91372539237415,3.05754733,0.0628242567
47,5.689889112733085e-06,1.431399290416361e-05,5.689889112733085e-06,0.6513682916144458,393.7178051069089,3.45437574,0.0628242195
45,5.934963813148825e-06,1.4928012065771276e-05,5.934963813148825e-06,0.6602365315300323,397.9272501797975,3.32276678,0.0628588796
50,0.0004711854274038362,0.0027325336145349816,0.0004711854274038362,1.2738711214546776,436.1337507438371,132.110687,0.0627791807
39,1.485455392129329e-06,4.091190560820435e-06,1.485455392129329e-06,0.39398709335910764,427.7971456050558,2.07170224,0.0627537966
64,8.27870932792677e-05,0.0003929905798037769,8.27870932792677e-05,1.3466020508366972,436.81034280398706,46.7564354,0.0628053024
39,9.24547451031092e-07,2.849156383281108e-06,9.24547451031092e-07,0.3175383618170824,430.22887632410465,2.29903412,0.0627566427
72,5.205189525373069e-06,1.7790701693501075e-05,5.205189525373069e-06,0.6697749926686298,492.2678028842149,6.88565493,0.0627447143
52,1.2448805031231545e-05,3.187915108840001e-05,1.2448805031231545e-05,0.8724514324494197,399.8639559168403,5.07999849,0.0628054515
55,1.380872031270008e-05,3.5375132840451054e-05,1.380872031270008e-05,0.9176912171139955,404.7818941928435,5.40115929,0.0628156289
54,1.5529007320547075e-05,3.976851903194655e-05,1.5529007320547075e-05,0.9615584000557442,406.07371967059504,5.85223389,0.0628179014
58,2.4921159306572028e-05,7.008044854450957e-05,2.4921159306572028e-05,1.118301142455177,414.125748447092,16.1320114,0.0627949014
51,7.169406213855528e-07,2.178132662451518e-06,7.169406213855528e-07,0.396430583443048,596.9608409267335,2.35775471,0.0628625676
54,1.1169914722841654e-06,3.7920349812385906e-06,1.1169914722841654e-06,0.5784394519341239,667.6654643677778,3.82357526,0.06375698
91,1.1949471702157949e-05,2.4460612510232133e-05,1.1949471702157949e-05,1.82034636582097,691.1531749643657,3.42630434,0.062973246
86,1.2138358358268293e-05,2.45117469053887e-05,1.2138358358268293e-05,1.7746756433875646,654.8728448545443,3.72215962,0.0627552643
55,1.3418235930870845e-06,3.84740170135232e-06,1.3418235930870845e-06,0.936966947131788,815.376454473797,3.6246419,0.0671960562
72,2.0656616913188347e-06,5.422905005050178e-06,2.0656616913188347e-06,1.4441523909585128,983.5836135356213,3.13285208,0.0580015704
49,8.1802384082981e-06,2.1333568654004263e-05,8.1802384082981e-06,0.7538670621944883,457.4069865626708,4.22136927,0.0628397092
45,9.208475955746725e-07,2.8995429236305626e-06,9.208475955746725e-07,0.36508627069492905,565.0299927478663,3.65308118,0.0627127439
40,2.784743717614891e-06,1.0319167734711776e-05,2.784743717614891e-06,0.39763657577848655,535.9766160725536,5.02777243,0.062789239
67,1.1930949553628758e-05,3.216057679713736e-05,1.1930949553628758e-05,0.9412670954596717,548.3868003048401,5.81168175,0.0627553537
65,1.4094533823437947e-05,4.2108945563017985e-05,1.4094533823437947e-05,0.9518933874374174,541.0928964304442,13.4878778,0.0627725497
71,1.0420435020985538e-05,2.386161935178884e-05,1.0420435020985538e-05,1.194037096531225,592.5406139455206,3.80167556,0.0626973733
41,2.0658388112042104e-06,7.430896401335636e-06,2.0658388112042104e-06,0.37726878904049493,541.1693563130574,4.74736547,0.0627758726
42,1.7876002055327404e-06,6.463864797913566e-06,1.7876002055327404e-06,0.3701919080769269,542.6776934700487,4.48577499,0.0627341941
59,1.174034981098988e-05,3.1512663896590513e-05,1.174034981098988e-05,0.9203827868717656,529.3888970974485,6.30266953,0.0627661869
58,1.0955787783925624e-05,2.8841833727598634e-05,1.0955787783925624e-05,0.889868443485626,518.0208393703517,5.40451956,0.0627950877
56,1.107009979013895e-05,2.8905639758410173e-05,1.107009979013895e-05,0.8694649979231821,500.5288520630634,5.30003834,0.0628136992
54,1.1055139722619078e-05,2.9180390451537593e-05,1.1055139722619078e-05,0.8520634533626268,492.6670673850491,5.39677763,0.0627951995
56,1.1151343821101432e-05,2.9052262198035187e-05,1.1151343821101432e-05,0.8944936519056477,513.1278325059883,5.17821121,0.0628145859
56,1.107868766513844e-05,2.8776891522009615e-05,1.107868766513844e-05,0.8777472823813768,502.6454724794203,5.42469788,0.0628517121
55,1.0256116966571938e-05,2.6636239047059495e-05,1.0256116966571938e-05,0.8292730487209902,483.08573868275073,4.94330502,0.0628089458
54,9.124319459247839e-06,2.4116545867996743e-05,9.124319459247839e-06,0.7882925559882562,476.3113477410711,4.87329149,0.0628115162
54,8.890997019414034e-06,2.350019654896006e-05,8.890997019414034e-06,0.7788762384586749,474.52213629696024,4.65090895,0.0628089905
51,8.656981308713296e-06,2.2679350958347552e-05,8.656981308713296e-06,0.7664309937565653,460.46968619169223,4.46256256,0.0628198683
49,7.662914646069743e-06,1.9899328460292514e-05,7.662914646069743e-06,0.7358734064987733,451.2615738958566,4.21048832,0.062816076
48,7.0345754317137556e-06,1.819275467733747e-05,7.0345754317137556e-06,0.7175170917247621,448.6573906182412,3.95799446,0.0628119782
46,7.652679503421169e-06,1.980378160716928e-05,7.652679503421169e-06,0.730966236394512,440.7484298157588,4.13922024,0.0627958328
60,9.072337102160933e-07,2.7242879566901517e-06,9.072337102160933e-07,0.857804367440013,709.4174374699927,2.60895848,0.0589911975
71,5.01066529098055e-06,1.4823834496248296e-05,5.01066529098055e-06,0.9316627016559782,526.5930390086869,6.39990234,0.0627500266
77,5.205445547159409e-06,1.4795257639369255e-05,5.205445547159409e-06,1.1180892215731226,573.9138703932183,6.99808121,0.0629337505
74,5.231643111038569e-06,1.7540252027678324e-05,5.231643111038569e-06,0.7085556642040289,492.55492892697384,6.66695404,0.0627166554
73,4.533206660352234e-06,1.4531061406532986e-05,4.533206660352234e-06,0.7916752179856984,504.69561999310076,6.67899036,0.0627639964
231,1.096815633678174e-05,2.3025011818783237e-05,1.096815633678174e-05,3.4021927860390186,1060.9446637601966,6.19730234,0.0633750334
53,7.621365063422829e-07,2.7596770658550723e-06,7.621365063422829e-07,0.5977835451277238,595.4050807396601,4.08956289,0.0645845979
47,4.409653642732734e-06,1.090285801555533e-05,4.409653642732734e-06,0.5977772670451731,367.514539029773,3.04619813,0.062833719
45,4.447978850453554e-06,1.1031773534404443e-05,4.447978850453554e-06,0.5974373288156524,367.7507533417962,3.1882019,0.0628480762
45,4.785697930332291e-06,1.1906151565333017e-05,4.785697930332291e-06,0.6083874647158526,365.50217521674443,3.24870825,0.0628135353
46,5.136310536745115e-06,1.2736272420116753e-05,5.136310536745115e-06,0.6238952043975374,366.10430619595957,3.2985723,0.0627960861
46,6.376558505073968e-06,1.5898829313106725e-05,6.376558505073968e-06,0.6667602024499222,368.95659072575825,3.49111557,0.0628040284
45,7.067387626681944e-06,1.7641402444569612e-05,7.067387626681944e-06,0.6890657674280001,368.5879425106686,3.66308737,0.0628284216
47,5.805815812765493e-06,1.4410901057295815e-05,5.805815812765493e-06,0.6456269175499597,364.06209698707136,3.35588861,0.0628075376
48,5.201819070857233e-06,1.2877338582868604e-05,5.201819070857233e-06,0.6255459138425461,360.1427449166377,3.36595106,0.062782824
48,8.316827973077557e-06,2.1042132082453993e-05,8.316827973077557e-06,0.731963832626896,381.5148100712328,4.41927433,0.0628076196
49,7.811306152112497e-06,1.9659961779406557e-05,7.811306152112497e-06,0.7124274617830005,371.51447320771445,4.17956972,0.0627982244
52,8.278700048976091e-06,2.0891635849720645e-05,8.278700048976091e-06,0.734781837808782,382.2408259489206,4.07294893,0.0628093481
49,7.414690205272814e-06,1.851407062087851e-05,7.414690205272814e-06,0.6941104422642244,360.1991361833551,3.81606317,0.0628103092
46,6.8696839202041194e-06,1.7154931987707666e-05,6.8696839202041194e-06,0.6811821993675283,364.1516127685951,3.98399138,0.0628324524
48,6.638687810693325e-06,1.645686189654495e-05,6.638687810693325e-06,0.6698188864664418,356.7923465559363,3.58672547,0.0628212392
52,9.391367080817773e-06,2.38304205001471e-05,9.391367080817773e-06,0.7649731359430255,384.27905955278106,4.45184374,0.0628184974
52,1.06486566110812e-05,2.711747143219599e-05,1.06486566110812e-05,0.809213476101622,388.5730231238004,4.78016138,0.0628122762
52,9.593588111259492e-06,2.4283766601476114e-05,9.593588111259492e-06,0.7702957210136432,380.69807550664194,4.47276306,0.0628182217
44,4.150299878189121e-06,1.0174048475362031e-05,4.150299878189121e-06,0.5868914108603285,357.33537164402384,3.08408689,0.062822476
48,7.688446866488162e-06,1.9977051869001853e-05,7.688446866488162e-06,0.7351816290533135,449.7241427141444,4.11244106,0.062842682
49,7.767811583102225e-06,2.006955766990865e-05,7.767811583102225e-06,0.7336185649605516,439.4882163424258,4.02018929,0.0628123358
49,6.89985596345437e-06,1.7650675291622082e-05,6.89985596345437e-06,0.7000041272773154,426.47225737932865,3.69410133,0.0627948716
46,6.257697749158375e-06,1.5955564261163614e-05,6.257697749158375e-06,0.6758002064958799,416.2036070689464,3.48141265,0.062834695
47,6.034358262104295e-06,1.5254015813757538e-05,6.034358262104295e-06,0.6666673743877869,406.9767721670833,3.63362646,0.0628989637
46,5.3348979233195065e-06,1.3351132263249775e-05,5.3348979233195065e-06,0.635932547752897,383.27358949325014,3.66779542,0.062831454
43,4.659195695682378e-06,1.1559687927883987e-05,4.659195695682378e-06,0.6051252401117752,366.0565864530291,3.21143985,0.0628147721
46,4.580933055442659e-06,1.1370954066679993e-05,4.580933055442659e-06,0.6002522362115794,362.9752051103557,3.49245095,0.0628162399
44,4.376916559821701e-06,1.0871432787428101e-05,4.376916559821701e-06,0.5934528134209378,361.215405864127,3.38304496,0.0628165603
45,5.033643288441189e-06,1.2486013902433458e-05,5.033643288441189e-06,0.6216134978472059,370.48230824126654,3.17621183,0.0628112927
47,5.515947563263874e-06,1.3810151570892515e-05,5.515947563263874e-06,0.6419424245000787,385.13218316315744,3.33788681,0.0628402308
46,5.063081228663571e-06,1.2608195564761937e-05,5.063081228663571e-06,0.6214683081980843,375.07675978366,3.63973475,0.0628298521
44,4.447067569645529e-06,1.0969665763037071e-05,4.447067569645529e-06,0.5972794325797777,360.1740019043971,3.18871975,0.062819697
46,5.264402742333223e-06,1.3202703189528099e-05,5.264402742333223e-06,0.6347946787022113,387.8861720919537,3.43277121,0.0627924874
47,5.803664884892829e-06,1.4613954951796163e-05,5.803664884892829e-06,0.6566983402964859,397.52213141759535,3.66048551,0.0628758222
50,0.00039455486140803505,0.002442932400988236,0.00039455486140803505,1.1060425430725984,427.0771418167885,134.635239,0.0627579913
64,0.000512050489116051,0.0027229480545815847,0.000512050489116051,2.0375070680216743,447.81283992486544,106.553574,0.0627290905
64,8.198602691198817e-05,0.0003839551128744959,8.198602691198817e-05,1.330905876607182,431.49377593664826,49.6825714,0.0627879724
34,8.194551227860869e-07,2.4595349907493895e-06,8.194551227860869e-07,0.31245228529968305,422.2721531321044,2.16301394,0.0627462119
40,6.80379242436772e-07,2.0681520842306418e-06,6.80379242436772e-07,0.30166970263490245,429.715945576751,2.03005958,0.0627536327
52,1.228598950236244e-05,3.1529565187552395e-05,1.228598950236244e-05,0.8520271086623031,389.84393507563385,5.1074357,0.0628021434
54,1.3318842165578919e-05,3.405967726138632e-05,1.3318842165578919e-05,0.883302606501895,389.50136036266235,5.28495979,0.0628127903
53,1.548796787441577e-05,3.956914683426507e-05,1.548796787441577e-05,0.9480124175438365,392.86582523261836,5.82095861,0.0627836958
54,1.8280912318190125e-05,4.747630049132522e-05,1.8280912318190125e-05,1.0148643244103435,400.97102516544254,8.96806335,0.0628021583
61,4.627052577644449e-05,0.00018428834129628822,4.627052577644449e-05,1.1955445814749206,417.21272939839986,34.5323753,0.0627883524
78,1.3164494614282687e-05,2.875224821887186e-05,1.3164494614282687e-05,1.5736393111929186,643.6282946078372,4.59584379,0.0627860874
85,1.2985565257809262e-05,2.9378158554808557e-05,1.2985565257809262e-05,1.53471792842104,672.9317822192064,3.92142463,0.06305632
57,1.1777728555760132e-06,3.9330960259151886e-06,1.1777728555760132e-06,0.7064715156952796,720.8889796755346,3.90455127,0.0644952059
60,1.4835296051615868e-06,4.503504472353032e-06,1.4835296051615868e-06,0.9656717358393487,816.9704559048353,3.62466598,0.0630304515
71,1.9005136109012762e-06,5.2813302167923714e-06,1.9005136109012762e-06,1.2859242997764087,923.4866940362102,3.30346155,0.0598599128
71,1.2315663577735564e-05,2.73747883310715e-05,1.2315663577735564e-05,1.4169794117812187,621.8075759642704,4.2865901,0.0627132505
64,9.801768714348586e-06,2.6420690117088822e-05,9.801768714348586e-06,0.8713952914274635,542.4692486962556,5.59000111,0.0627488643
65,1.0036053781704842e-05,2.717967884784291e-05,1.0036053781704842e-05,0.8664491423531318,534.6558173621962,6.61756945,0.0627842844
41,2.4225673044020326e-06,8.97951852223042e-06,2.4225673044020326e-06,0.3784300974203854,531.6980956956762,5.15403128,0.0627422705
75,1.1738195380297466e-05,2.6559030184115384e-05,1.1738195380297466e-05,1.2805792914121166,601.3870249104888,3.41602159,0.0626775175
72,1.1910543899944012e-05,2.7605491625527113e-05,1.1910543899944012e-05,1.185706526674964,582.737515237749,3.81438327,0.0627624094
44,1.8398801587887208e-06,6.726009323336565e-06,1.8398801587887208e-06,0.3610081510977224,536.0590028207721,4.82984304,0.0627676174
66,1.0443068864119143e-05,2.5622943899149803e-05,1.0443068864119143e-05,1.017745866564697,562.374161506545,4.61375237,0.0627740696
62,1.14361988572389e-05,3.004008094733617e-05,1.14361988572389e-05,0.914555972817547,525.0605741413574,5.5839572,0.0627605468
60,1.1342305955451874e-05,2.9694971552893252e-05,1.1342305955451874e-05,0.8978934678295162,514.5791958255382,5.34842873,0.0627473667
55,1.1188499098992289e-05,2.9077098970101316e-05,1.1188499098992289e-05,0.8667358456156947,493.55265490554353,5.42705679,0.062833041
55,1.0847939410219935e-05,2.8383962605074083e-05,1.0847939410219935e-05,0.8459944341509047,485.88995505881536,5.24702644,0.0627917647
56,1.0332438099071457e-05,2.6800355646606438e-05,1.0332438099071457e-05,0.8273120193000398,477.70392987448315,4.95164347,0.0628103465
57,1.0911446171268745e-05,2.8114050249079266e-05,1.0911446171268745e-05,0.8821310822577819,506.7269530432088,4.88372278,0.0627922267
57,1.0930188682418038e-05,2.8219967461434605e-05,1.0930188682418038e-05,0.8680368504093204,497.4562173390768,5.18102026,0.0628426522
55,9.236487469512033e-06,2.39734136048299e-05,9.236487469512033e-06,0.7909989260145394,468.7202271538009,4.73132944,0.062827073
53,8.794669189247902e-06,2.3184759426992456e-05,8.794669189247902e-06,0.7764503490218239,469.3880930435288,4.65965509,0.0628315434
51,8.032252407908827e-06,2.097624815358027e-05,8.032252407908827e-06,0.7490391754065034,458.1049637682397,4.38492489,0.0628273338
49,8.358271710010741e-06,2.1816552258187463e-05,8.358271710010741e-06,0.7603352613658889,458.84536489831436,4.46497297,0.0628481358
47,7.327381104658795e-06,1.8913056298806437e-05,7.327381104658795e-06,0.7198570284815982,438.36479396318884,4.06265688,0.0627956763
49,6.820016968623444e-06,1.7573986520682926e-05,6.820016968623444e-06,0.7042090865959287,438.7382579097109,3.84907842,0.0627773032
52,7.792690825480023e-06,2.022718106586086e-05,7.792690825480023e-06,0.737005258120853,449.5982862338751,4.16385555,0.0628139004
48,6.8342098857152515e-06,1.7597828219746357e-05,6.8342098857152515e-06,0.6992255573322517,429.9778144676586,3.93152761,0.0627966076
57,8.650775407091386e-07,2.5727985366837804e-06,8.650775407091386e-07,0.781312629637272,661.0593510991396,2.88282824,0.0605921894
74,4.4726171367658335e-06,1.4123289532438655e-05,4.4726171367658335e-06,0.8567263000939686,524.6230341175211,6.9692564,0.062840417
80,5.366486561267086e-06,1.5249275551287252e-05,5.366486561267086e-06,1.1163325616704114,559.3220108633564,6.64220905,0.0631607845
56,1.440522674242329e-06,5.553940980584498e-06,1.440522674242329e-06,0.4992741688107041,521.6865583738834,4.73374701,0.0636693686
39,4.955726843526534e-07,1.4739980235804947e-06,4.955726843526534e-07,0.2976542811718237,434.0261975053332,2.26500082,0.0627520084
40,7.655716665615572e-07,2.8081089465221885e-06,7.655716665615572e-07,0.31480335063713877,440.80374431398326,4.90761328,0.0628165975
56,8.078496585791344e-07,2.7104503119385756e-06,8.078496585791344e-07,0.5469317356609178,550.0362987050578,3.36471558,0.0639498383
46,4.1238603440740076e-06,1.0132317053339392e-05,4.1238603440740076e-06,0.5832092366063975,357.1096334312259,3.11596847,0.0628284141
47,4.226287014645152e-06,1.0407838432950054e-05,4.226287014645152e-06,0.5869839116211573,358.40206669086024,3.15813088,0.0628510267
47,4.3995489137324834e-06,1.0805227579377609e-05,4.3995489137324834e-06,0.5933944676509344,352.75956667018596,3.46362567,0.0628294051
46,6.071103661711426e-06,1.5048722954429082e-05,6.071103661711426e-06,0.6520687512244243,359.02318295623417,3.43679905,0.0628265142
46,6.65439415822765e-06,1.6537922118611667e-05,6.65439415822765e-06,0.6735794563668303,360.52751364433055,3.66550922,0.0628452078
46,6.706413055758721e-06,1.6595727497650886e-05,6.706413055758721e-06,0.6705314509914398,353.8676842264991,3.63440156,0.0628499612
47,5.626773928800503e-06,1.3887635072214729e-05,5.626773928800503e-06,0.6367178765061912,353.2397989504602,3.47099042,0.0627877489
44,4.832940938589871e-06,1.185008317951392e-05,4.832940938589871e-06,0.6093455060993933,349.8963217143615,3.17468286,0.0628053099
50,7.989453115684053e-06,2.0081168842394496e-05,7.989453115684053e-06,0.7210561763003486,371.53197233319935,4.01528645,0.0628107563
47,7.717586300320575e-06,1.9247110319000297e-05,7.717586300320575e-06,0.7063730895406886,359.9148427579421,4.04405928,0.0628360584
46,6.661713527227796e-06,1.6447622020511294e-05,6.661713527227796e-06,0.6705181835812342,349.81840194537847,3.86374068,0.062853165
45,6.71373608797197e-06,1.6650019302680776e-05,6.71373608797197e-06,0.6701477486365682,352.7816993413081,3.85738635,0.0628266186
47,6.349699465059745e-06,1.5644926784506504e-05,6.349699465059745e-06,0.6568158382828352,346.0180110190381,3.87820649,0.0628076568
48,8.796530060054629e-06,2.2069019961149722e-05,8.796530060054629e-06,0.7423754729277212,367.7824697292222,4.20197439,0.0628266782
49,1.0718085052302806e-05,2.7151124624955112e-05,1.0718085052302806e-05,0.8091727578822903,382.498407070081,4.78414631,0.0628340766
51,9.6588115797869e-06,2.4356051743282302e-05,9.6588115797869e-06,0.7708978116132325,371.6774986843649,4.5627017,0.0628221035
45,3.851069801606354e-06,9.407032944046796e-06,3.851069801606354e-06,0.5723821837545393,351.52871489498995,2.95141053,0.0628284067
43,4.106948078762953e-06,1.0079714390295195e-05,4.106948078762953e-06,0.5828906686631121,351.2582871236409,3.21455979,0.0628159493
44,3.673377673967517e-06,8.905219441789718e-06,3.673377673967517e-06,0.5634963841583173,343.4861427846148,2.89274883,0.0628274009
49,7.370460135423522e-06,1.891804201502612e-05,7.370460135423522e-06,0.7189057321852791,431.2778213508609,3.85621786,0.0627879277
48,6.696828946515569e-06,1.7087125913282765e-05,6.696828946515569e-06,0.6941678894650108,420.2815669413813,3.74803352,0.0627898052
47,6.129533836700554e-06,1.553714757111933e-05,6.129533836700554e-06,0.6710416046220601,411.17640872187985,3.47005177,0.0628657565
44,4.968478148303113e-06,1.2327278592942804e-05,4.968478148303113e-06,0.6185641977474315,367.37696831527614,3.53431273,0.0628110766
44,4.6508355992662145e-06,1.1499302115537099e-05,4.6508355992662145e-06,0.603986802899678,361.7834386992533,3.40384984,0.0628112629
44,4.506591889370078e-06,1.1160001295577721e-05,4.506591889370078e-06,0.5956100471110557,357.29961241113034,3.46631432,0.0628213435
42,4.076044327743978e-06,9.997614047566586e-06,4.076044327743978e-06,0.5807471638459817,349.4188168003775,3.20995188,0.0628242269
45,5.1880857802889314e-06,1.2922635779271514e-05,5.1880857802889314e-06,0.6308340020724115,377.1251835564501,3.43988419,0.0628443062
44,4.7023305408749445e-06,1.1617015954143431e-05,4.7023305408749445e-06,0.6089945286426706,366.9750552174009,3.35711837,0.062838003
45,4.962445478893357e-06,1.2368392392476834e-05,4.962445478893357e-06,0.6212970431789616,375.8749303838042,3.36811852,0.0627884269
47,5.162089992722538e-06,1.2900347242146788e-05,5.162089992722538e-06,0.6309047456257297,384.424177423809,3.43084049,0.062793158
47,5.615467862775158e-06,1.4144179131408742e-05,5.615467862775158e-06,0.6497233509340664,398.624583340577,3.49857497,0.0628914908
51,0.0002681092128935649,0.0018190313542187431,0.0002681092128935649,0.9350259904103552,418.6800486804707,138.320831,0.0627740622
41,1.560799228344352e-06,3.970290935659316e-06,1.560799228344352e-06,0.4350797891155245,421.13107184071544,1.78703058,0.0627359152
53,0.00030470140110156054,0.002100632540362926,0.00030470140110156054,1.1075725578446736,422.3703035710691,129.409042,0.0627917871
38,7.491760214813483e-07,2.19705734101005e-06,7.491760214813483e-07,0.3112359878733564,416.1736873144552,2.01302004,0.0627448112
51,1.1504635966420392e-05,2.9320423859539325e-05,1.1504635966420392e-05,0.8231978396795769,379.0727495464581,4.97381592,0.0628228411
49,1.2196480951815132e-05,3.0875088364238146e-05,1.2196480951815132e-05,0.8497003531402536,378.74426905296696,5.009161,0.0628309548
50,1.3656361410052175e-05,3.477152856528201e-05,1.3656361410052175e-05,0.8825981906774063,377.2225853619634,5.39588451,0.0628532991
52,1.4727953062373484e-05,3.73730277265367e-05,1.4727953062373484e-05,0.9322525112031183,384.6219715414039,5.7303133,0.0628186688
57,2.23342906292453e-05,6.087252008240389e-05,2.23342906292453e-05,1.0785020487633143,401.25294914611516,12.7551193,0.0628447458
63,8.140846733099445e-05,0.0003774826421517192,8.140846733099445e-05,1.3360185829180018,417.9151517140859,45.7565994,0.0628657416
73,1.222602248615865e-05,2.7565378408369466e-05,1.222602248615865e-05,1.4189990769419436,636.7841750090289,3.90876269,0.0627853647
79,1.4738232713310819e-05,3.542346950200659e-05,1.4738232713310819e-05,1.4959287565614101,678.5795564494726,4.51745653,0.0635810643
72,1.3741468807735436e-05,3.114993366976988e-05,1.3741468807735436e-05,1.4392529201955055,635.0545987401309,3.64238548,0.0628358424
82,1.1834345898238434e-05,3.1913122190598105e-05,1.1834345898238434e-05,1.4293968276188467,724.081958399622,6.08341646,0.0644607916
86,9.521802859829113e-06,2.6044347404628536e-05,9.521802859829113e-06,1.3609884395887624,743.719266615585,6.16757965,0.064201422
63,2.1166247866944888e-06,5.748310027527557e-06,2.1166247866944888e-06,1.3678545918794354,929.2064098057746,3.0905993,0.0594028756
66,9.385594019481867e-06,2.494578634976838e-05,9.385594019481867e-06,0.8688799515910671,542.2869119667319,4.87696743,0.0627174526
64,8.8387963475182e-06,2.3634246853766836e-05,8.8387963475182e-06,0.831321411589313,529.4825347261632,5.37815571,0.0627748221
75,1.2656023198407813e-05,2.9131516331580047e-05,1.2656023198407813e-05,1.2533521839487993,594.2476023354626,3.68173313,0.0627365261
68,1.186962826859016e-05,2.803315911803361e-05,1.186962826859016e-05,1.1564740654461556,583.0961992881194,3.79685259,0.0627549738
65,9.493158717494568e-06,2.425000461390608e-05,9.493158717494568e-06,0.9220732949491826,550.7743520410111,4.98519373,0.0627304241
68,1.0065248164974301e-05,2.4844904758428985e-05,1.0065248164974301e-05,0.9912306352576664,560.1200946034086,4.7593565,0.0627495944
62,1.0807034560920176e-05,2.825720135550925e-05,1.0807034560920176e-05,0.8898053865839389,519.3637420193655,5.52004337,0.0627446994
59,1.1007893574246033e-05,2.865992343245425e-05,1.1007893574246033e-05,0.8860555493138881,509.1701758849924,5.23818827,0.0627578795
55,1.105802332198984e-05,2.8572484315996165e-05,1.105802332198984e-05,0.8530981117667329,483.807779122897,5.21520996,0.0627838299
54,1.1014814235807969e-05,2.8418297168203888e-05,1.1014814235807969e-05,0.8467032704376775,476.8912135246421,4.96317339,0.062783353
54,1.0110426707328634e-05,2.602130076904963e-05,1.0110426707328634e-05,0.8138833787111485,465.9896963284413,4.58408642,0.062796019
59,1.0815102798214308e-05,2.7809782782217864e-05,1.0815102798214308e-05,0.8720072376078871,500.32142200544314,4.72814131,0.0627805516
56,1.0915248388121154e-05,2.802567965379123e-05,1.0915248388121154e-05,0.8593793801769195,489.95459756797845,4.94262981,0.0628062561
55,8.348906962657665e-06,2.17261827045247e-05,8.348906962657665e-06,0.7565675192808422,456.06788863899584,4.4712429,0.0628098771
52,7.655556878686663e-06,1.9822986930422567e-05,7.655556878686663e-06,0.7330280779376945,446.1575004652678,4.14902115,0.0628056973
49,6.586538583144786e-06,1.692808485116163e-05,6.586538583144786e-06,0.6952811558636108,436.72720121976715,3.76050925,0.0627702102
47,6.840416214298415e-06,1.7542156140994393e-05,6.840416214298415e-06,0.6996367802931232,427.86146757955396,3.88009787,0.062797308
51,6.94018020650733e-06,1.7834470555381104e-05,6.94018020650733e-06,0.7084234140557671,438.90180117957004,3.85765457,0.0627796948
47,6.644085472003959e-06,1.6902086434045646e-05,6.644085472003959e-06,0.6914142283441923,419.32679496691736,3.77893209,0.0628086925
83,1.0882649276193858e-05,2.4588186866485382e-05,1.0882649276193858e-05,1.850758355424319,716.8367298212117,3.83549333,0.0594372898
77,5.225065113204263e-06,1.5813624512825384e-05,5.225065113204263e-06,0.9708686150764031,520.8963518005754,7.06348419,0.0629273877
320,0.0001452905834805908,0.0005313333678248581,0.0001452905834805908,6.429161523880239,1259.3997797631368,23.7597046,0.0634447858
49,4.828047596130695e-07,1.3482222737257745e-06,4.828047596130695e-07,0.4951109169793094,513.1310688423772,1.61392987,0.0646577999
51,6.347563505889706e-07,1.7570501708456099e-06,6.347563505889706e-07,0.6649827055750752,586.204352539646,1.78924966,0.0638530254
38,5.063185391128823e-07,1.5245647349093739e-06,5.063185391128823e-07,0.30042843188231283,428.15598978120465,2.45467448,0.0628020391
38,5.717331857917524e-07,1.6689279726548277e-06,5.717331857917524e-07,0.2963145544021067,418.39201608073336,1.82693994,0.0627531782
73,5.1708832592176445e-06,1.6101919678320096e-05,5.1708832592176445e-06,0.8707911171323854,497.4692316021383,7.01641512,0.0628695041
44,3.898109859799102e-06,9.516845440533567e-06,3.898109859799102e-06,0.5724020160877686,347.46822700611574,3.11581469,0.0628316402
45,3.960150823404095e-06,9.68699300983163e-06,3.960150823404095e-06,0.5739631213361037,349.0655481659556,2.97867751,0.0628269017
46,4.695637426394393e-06,1.1485100965804452e-05,4.695637426394393e-06,0.6011977992384423,345.08190756415667,3.11072326,0.0628451854
46,6.175844907256464e-06,1.5223614298608078e-05,6.175844907256464e-06,0.6534759421875616,350.750021382679,3.50879908,0.062864475
47,5.7613567981374826e-06,1.4158330012410629e-05,5.7613567981374826e-06,0.6410410559613847,349.1790822171888,3.43684077,0.0628073886
45,6.234821692173162e-06,1.5359432639531513e-05,6.234821692173162e-06,0.654840136231981,348.5363357799508,3.6850009,0.0628718063
45,5.931204178502115e-06,1.4578774896714817e-05,5.931204178502115e-06,0.6438357283441992,343.1185457380778,3.85930991,0.0628467649
43,5.2064243027343734e-06,1.2746936685896249e-05,5.2064243027343734e-06,0.6192032439336704,339.9432036648476,3.35350299,0.0628848225
45,5.561128166671215e-06,1.3603359548410127e-05,5.561128166671215e-06,0.6323469938869427,341.087592746021,3.23953176,0.0628216937
49,7.915125331427882e-06,1.9650320602280197e-05,7.915125331427882e-06,0.7119283849632817,356.9157710686067,3.94384861,0.0628562942
48,7.095118561941083e-06,1.7545003078817107e-05,7.095118561941083e-06,0.6830437956027247,348.8303582615293,3.72409844,0.0628527924
47,6.613578809836024e-06,1.6311358045705592e-05,6.613578809836024e-06,0.6662772014064801,346.48464391240947,3.76814604,0.0628443733
45,6.190026660762428e-06,1.513845369977202e-05,6.190026660762428e-06,0.6507576322513676,334.90230835314026,3.59567451,0.0627819523
47,6.0448880287595265e-06,1.4835422349732923e-05,6.0448880287595265e-06,0.6454936983532275,339.72499736558234,3.75818062,0.0628075302
47,8.434357206300764e-06,2.1012078649616725e-05,8.434357206300764e-06,0.7269857574015891,356.014430394566,4.09003687,0.0628404394
48,9.591797683790623e-06,2.402230528508871e-05,9.591797683790623e-06,0.7614001726194713,358.049463833269,4.48160982,0.0628219023
50,1.0382366271832406e-05,2.6315197415945517e-05,1.0382366271832406e-05,0.7875758852003967,373.4047044247595,4.72313929,0.0628351048
50,1.0418135018780743e-05,2.6215501589104658e-05,1.0418135018780743e-05,0.7846133737284156,363.9876698167886,4.63945532,0.0628061444
43,3.6816717868504687e-06,8.957218812149322e-06,3.6816717868504687e-06,0.5627657101459251,341.6168315483665,3.03429556,0.0628425926
45,3.7419384534398915e-06,9.130362447158951e-06,3.7419384534398915e-06,0.5635853825980612,343.3956010583649,3.16917586,0.0628380924
43,3.913486566245791e-06,9.541542218262703e-06,3.913486566245791e-06,0.572646707207515,344.34057986171433,2.92197394,0.0628220886
43,3.476456966030133e-06,8.447018294851515e-06,3.476456966030133e-06,0.5510857666280644,336.217111207656,3.1518681,0.0628298596
49,6.008517073584302e-06,1.5205191920575748e-05,6.008517073584302e-06,0.6665543093223576,407.7199607324077,3.59072638,0.0628638864
49,6.056819169636069e-06,1.5400943971278824e-05,6.056819169636069e-06,0.665831692084911,410.76565746889855,3.66953564,0.0628421232
45,4.772666848530896e-06,1.1793664992224201e-05,4.772666848530896e-06,0.609801279477685,361.5948550669255,3.5739696,0.0628163889
45,4.44022539258607e-06,1.0922557259413852e-05,4.44022539258607e-06,0.5963946166223337,356.78398455195554,3.27394581,0.0628177747
43,4.187572134926715e-06,1.0268462125248107e-05,4.187572134926715e-06,0.584230807156131,350.4648736628731,3.20315695,0.0628333315
44,4.12745324821948e-06,1.0115006406225577e-05,4.12745324821948e-06,0.5804751662346286,347.38078133092534,3.38210249,0.0628286302
44,3.845353102457335e-06,9.397982646506662e-06,3.845353102457335e-06,0.5662143383418097,341.2585348276644,3.32824302,0.0628282651
47,4.865993509602808e-06,1.2035280469097863e-05,4.865993509602808e-06,0.6150444351018257,368.9004594972862,3.39186764,0.0628201887
44,4.581599856166125e-06,1.131759204911376e-05,4.581599856166125e-06,0.6006495082580973,359.11364868190253,3.57657075,0.0628233626
44,4.955370574007545e-06,1.226643498366423e-05,4.955370574007545e-06,0.6195238356064132,371.2715952725641,3.27768517,0.0627860352
43,4.7088885860418695e-06,1.1651197029286267e-05,4.7088885860418695e-06,0.6138846665527448,374.95189123750373,3.36472583,0.0627595112
47,5.240307578797153e-06,1.3119635556136017e-05,5.240307578797153e-06,0.6314723428152018,385.91572615675733,3.62412095,0.0627817214
46,5.498292488969034e-06,1.3864333122991688e-05,5.498292488969034e-06,0.6446007811834149,396.87662804061614,3.66817784,0.0628496781
46,5.324703702693096e-06,1.34032206513909e-05,5.324703702693096e-06,0.6364733034054478,392.9733404183779,3.61383677,0.0628059059
66,0.00015368932276176055,0.0008134670143136901,0.00015368932276176055,1.4881111647129284,423.54449415078415,70.7156372,0.0628143623
50,7.931530684995877e-06,1.8980736962849678e-05,7.931530684995877e-06,0.8933593083371741,431.5033739326175,4.47799015,0.0627666041
51,0.0004878396086615128,0.003128895436248305,0.0004878396086615128,1.0423238405879753,413.2172355517777,126.822037,0.0627744868
39,1.0515606790922472e-06,2.8878013703085963e-06,1.0515606790922472e-06,0.3570706016280988,410.0220104989152,1.83809412,0.0627467111
50,1.1857496171057254e-05,3.0083320451711427e-05,1.1857496171057254e-05,0.8239065061221293,369.71619107222074,5.15218973,0.0628044009
52,1.1910953699266367e-05,2.998935510354702e-05,1.1910953699266367e-05,0.8309565842622396,365.7567982748721,5.16825771,0.062820971
51,1.2820937158966984e-05,3.234041671465355e-05,1.2820937158966984e-05,0.867161366457637,371.57894929975384,5.26130867,0.0628483444
57,1.6198512457152278e-05,4.127297379627395e-05,1.6198512457152278e-05,0.9629012090735549,386.4500985341488,6.11786509,0.0627452284
54,1.3640593126412483e-05,3.4280738239642774e-05,1.3640593126412483e-05,0.8940187719006915,370.6602403281615,5.89374208,0.0628055781
59,2.0926465764899355e-05,5.384228685144822e-05,2.0926465764899355e-05,1.09563820727132,398.6526103247737,9.51451683,0.0628600866
68,0.00018238582618346067,0.001033908129902781,0.00018238582618346067,1.4853604226179973,414.7088169525621,81.0516663,0.0628369525
79,1.3984380244704947e-05,3.395616894841042e-05,1.3984380244704947e-05,1.3611263939305338,647.1796589893005,4.11645746,0.0635945052
72,1.3520294780363032e-05,3.17673132378439e-05,1.3520294780363032e-05,1.3174444162096728,621.3750308341821,3.77593184,0.0627976656
72,1.3422738909293448e-05,3.102314298368129e-05,1.3422738909293448e-05,1.296783696790524,606.3924057024018,3.72977781,0.0627533421
84,9.4793721944342e-06,2.5493300142320826e-05,9.4793721944342e-06,1.2747889057632686,706.5618523467809,6.04286242,0.0637350008
97,1.633595480960099e-05,4.599372347715299e-05,1.633595480960099e-05,1.9896443543918731,892.2143331833612,7.60683203,0.0611775331
84,8.090999752335255e-06,2.2867891082649864e-05,8.090999752335255e-06,1.2411744576979908,723.0976446032595,6.25336695,0.0637170598
99,2.53149054281869e-05,7.311013119228052e-05,2.53149054281869e-05,2.7352392037338804,1027.5630776230375,7.57326889,0.056564983
63,8.145424885268974e-06,2.1147446320995024e-05,8.145424885268974e-06,0.8451069429854801,542.5072473057314,4.630054,0.0626863018
65,9.24637876067932e-06,2.496852660169461e-05,9.24637876067932e-06,0.8463850652008713,535.1989877403904,5.26553917,0.0627711117
64,8.779735245841253e-06,2.3247414478220676e-05,8.779735245841253e-06,0.8267478470221823,522.198401141569,5.27663803,0.0627743453
72,1.1428921581938442e-05,2.743456900860488e-05,1.1428921581938442e-05,1.117466025214894,584.6092122162627,3.87391067,0.0627406016
69,1.0375076480833861e-05,2.5198199365037928e-05,1.0375076480833861e-05,1.0440189285195705,571.7873091753377,4.59487915,0.0626657084
74,1.2919815626232719e-05,3.1135007896397816e-05,1.2919815626232719e-05,1.2411723840312072,612.2871750571654,4.12998724,0.0627652928
67,8.150914841075797e-06,2.0963946664106506e-05,8.150914841075797e-06,0.8560532132936458,545.2334008099571,4.74132299,0.0627212003
63,9.143548927488815e-06,2.280016892798804e-05,9.143548927488815e-06,0.9336978738250654,554.3249285644607,4.24047279,0.0627474561
63,9.085411257837308e-06,2.393766673135167e-05,9.085411257837308e-06,0.8296138128959694,517.1578513289288,5.14907646,0.0627578795
60,1.0092421874390822e-05,2.6131017824875257e-05,1.0092421874390822e-05,0.8589973830287648,507.9121801172546,4.86875772,0.0627554655
55,1.0407063498333828e-05,2.669230698601382e-05,1.0407063498333828e-05,0.8677010606593858,501.78200231728454,4.94420719,0.0627604052
53,1.0725879435487573e-05,2.757331777748832e-05,1.0725879435487573e-05,0.8438483043193608,480.24884436261715,4.97517729,0.0627882406
55,1.09366301988767e-05,2.806998860023459e-05,1.09366301988767e-05,0.8382592575223062,470.9301338392627,4.80453777,0.0627617165
55,1.0684268329867626e-05,2.749759648725161e-05,1.0684268329867626e-05,0.8248307357145551,463.6565026607615,4.56639624,0.0627613291
55,1.075700660224287e-05,2.7594137682904984e-05,1.075700660224287e-05,0.8635136517879058,494.2805118124366,4.72880411,0.0627758577
55,1.093062786404309e-05,2.801296593608916e-05,1.093062786404309e-05,0.8586190126033529,485.2387569237161,4.98481989,0.0627914667
55,8.977671687334344e-06,2.303834536842954e-05,8.977671687334344e-06,0.7750143152934874,453.9053651775601,4.38164043,0.0628022328
50,7.261528928010455e-06,1.8691206087306974e-05,7.261528928010455e-06,0.7208340140355655,441.84200498032885,4.04107809,0.0628111064
52,7.89814219552072e-06,2.0319027426718923e-05,7.89814219552072e-06,0.7386500669322943,443.71149207492437,4.20541716,0.0628273562
51,6.620842503649885e-06,1.692458342057226e-05,6.620842503649885e-06,0.6965533144525716,434.26578104723154,3.79587531,0.0628268197
49,6.107018181040457e-06,1.558917160413724e-05,6.107018181040457e-06,0.6743805980006976,424.6622024081665,3.63828826,0.062801823
47,6.242699400105243e-06,1.5896902917488354e-05,6.242699400105243e-06,0.6765187542471464,416.0192990991113,3.84263992,0.0628214702
50,6.705689142391332e-06,1.717371021415945e-05,6.705689142391332e-06,0.7000556270374932,433.19614707736326,3.7585783,0.0628105476
84,9.981710092198007e-06,2.573406601560693e-05,9.981710092198007e-06,1.6249221014133888,737.0115469152596,5.36958075,0.0572701246
187,1.5459286964255414e-05,2.7001067707902278e-05,1.5459286964255414e-05,3.9398976881769903,886.5464333949749,6.14911127,0.0632561892
49,5.704881650970231e-07,1.6473044360610506e-06,5.704881650970231e-07,0.450810774107238,486.33022832696355,1.61145544,0.0636688545
81,1.0467715774483975e-05,2.4302353497343135e-05,1.0467715774483975e-05,1.5845256092641784,631.6153179764082,3.82108474,0.0613117777
42,5.663381749715011e-07,1.6513199587776948e-06,5.663381749715011e-07,0.3075594901331296,419.9370735552722,1.9057436,0.0628065765
39,7.92694327188784e-07,2.2635838931534097e-06,7.92694327188784e-07,0.32160371814520006,408.53761776812433,1.83735752,0.0627497211
47,8.529217971900585e-07,3.0093991224931556e-06,8.529217971900585e-07,0.3433419654820504,434.51078349696394,5.22808504,0.0628487542
45,3.84049807586609e-06,9.350018874788683e-06,3.84049807586609e-06,0.5663143986970103,337.70405204897133,3.28478408,0.0628131554
45,4.588997441811214e-06,1.1206898132740441e-05,4.588997441811214e-06,0.5948832641760028,337.38180753257717,3.4133985,0.0628280267
45,5.652679263362093e-06,1.3832045755004375e-05,5.652679263362093e-06,0.6348101749646458,341.25344068091925,3.41897607,0.0628402233
45,5.7990783232167205e-06,1.4149654442948867e-05,5.7990783232167205e-06,0.6381335606365419,335.37236847577003,3.67384911,0.0628127456
44,5.958409440654627e-06,1.4539402035904448e-05,5.958409440654627e-06,0.6423776452523139,333.8633856234396,3.3729949,0.0628307238
44,5.144461711722656e-06,1.2498044276627759e-05,5.144461711722656e-06,0.6151305877501252,332.8847620347623,3.38393688,0.0628694072
42,5.3079065194238155e-06,1.288973071326783e-05,5.3079065194238155e-06,0.6219969777152666,332.1520825579633,3.38733029,0.0628474802
46,8.054263993107606e-06,2.0010233949788243e-05,8.054263993107606e-06,0.7110100882505375,348.0665198381908,3.99556804,0.0628229752
46,7.353182187711809e-06,1.8094762898956068e-05,7.353182187711809e-06,0.6897099073979859,340.3805789568308,3.83020997,0.0628191382
46,6.373130450325791e-06,1.559685726191867e-05,6.373130450325791e-06,0.6573990944906035,334.8473356348801,3.63870907,0.0628182739
46,5.750022523607861e-06,1.4014061445787577e-05,5.750022523607861e-06,0.6332911286787253,331.1345124854343,3.68911982,0.0628269911
45,5.957628340309742e-06,1.447427047013592e-05,5.957628340309742e-06,0.639226005253117,327.0322506810024,3.59068704,0.0628395304
48,8.766083422974651e-06,2.1747681549586974e-05,8.766083422974651e-06,0.7357126675985488,349.60524122517813,4.24822092,0.0627941713
49,9.581763157833272e-06,2.385132137040244e-05,9.581763157833272e-06,0.7565530562365377,349.83500040396564,4.5395751,0.0627919734
48,1.1179504341365267e-05,2.814757171838312e-05,1.1179504341365267e-05,0.8039819036927595,360.5090643663878,5.05426311,0.062794663
46,3.446304806522429e-06,8.347877564576076e-06,3.446304806522429e-06,0.549373362162916,333.8791371442432,3.1101985,0.0628380403
46,3.4906299459693743e-06,8.452956753886043e-06,3.4906299459693743e-06,0.551274991629152,332.8400987019996,3.10057831,0.0628259629
44,3.4546245309837913e-06,8.349881764066701e-06,3.4546245309837913e-06,0.5510539580158158,331.350167866835,3.05928993,0.0628238022
42,3.189647187791227e-06,7.71041610620632e-06,3.189647187791227e-06,0.537498299414344,327.75284235826524,3.09315491,0.0628493875
49,5.495088028659989e-06,1.3858055906985662e-05,5.495088028659989e-06,0.6450025310431804,399.73479487750484,3.5692184,0.0628680065
48,6.171509792942081e-06,1.5663732646574064e-05,6.171509792942081e-06,0.6731532077884123,412.75546403142545,3.80559659,0.0628178418
49,6.024032194309319e-06,1.5183531175448277e-05,6.024032194309319e-06,0.6649732920351801,403.4014204051217,3.74048042,0.0628252253
46,4.389665596337151e-06,1.0814800041364078e-05,4.389665596337151e-06,0.5914882011218164,354.90833237792884,3.48321009,0.0628313124
42,4.407250649515724e-06,1.0842204608284673e-05,4.407250649515724e-06,0.5924424976736294,352.83459236261257,3.07275629,0.0628242865
43,4.194426812942839e-06,1.029972242362538e-05,4.194426812942839e-06,0.5840135119343143,348.7760766185738,3.4722743,0.0628311038
44,3.858801806037897e-06,9.423629780388786e-06,3.858801806037897e-06,0.566670680249197,337.5592088744459,3.37409115,0.0628292561
44,3.7107395861988568e-06,9.067163552265152e-06,3.7107395861988568e-06,0.5600346057461595,337.9726593894833,3.33145475,0.0628300235
41,3.5871823990386166e-06,8.671815890614371e-06,3.5871823990386166e-06,0.5565572129122591,333.1989779046855,3.0585444,0.0628337488
44,4.63085611981851e-06,1.141318587098285e-05,4.63085611981851e-06,0.6051203193165968,364.54786513392327,3.28005004,0.0627753437
45,4.315525954965332e-06,1.0621226148244471e-05,4.315525954965332e-06,0.58768380811808,351.6927515251705,3.4162209,0.0628228188
45,4.4678174707212594e-06,1.1009019372120875e-05,4.4678174707212594e-06,0.5951561718629774,356.6953460080409,3.4556005,0.0627756864
44,4.205462182989809e-06,1.0360212573317583e-05,4.205462182989809e-06,0.5822165835921966,347.07408076328,3.48308873,0.0628221035
43,4.6573085592834914e-06,1.1567935006533903e-05,4.6573085592834914e-06,0.6067041197317402,368.85168601730044,3.46062994,0.0627462342
45,5.1360495950873164e-06,1.2809048771394013e-05,5.1360495950873164e-06,0.6285000646239849,380.6486779596619,3.54483438,0.0627652481
44,5.146448729983873e-06,1.2880080374223155e-05,5.146448729983873e-06,0.6319452255508211,391.43802667278345,3.51108813,0.0628223866
49,0.0005272753113628618,0.0033528918292720232,0.0005272753113628618,1.2521068584029227,412.84369588182597,138.854172,0.0627572164
39,1.4606259926689704e-06,3.7564363068898864e-06,1.4606259926689704e-06,0.41928239018634894,406.73474782165414,1.86926866,0.0627602264
48,1.0957397503799896e-05,2.7373085616412377e-05,1.0957397503799896e-05,0.800792779718214,353.8333684100443,4.83226585,0.0628006682
50,1.191267375741185e-05,2.9945330837825555e-05,1.191267375741185e-05,0.8320388460039962,361.4835933259301,5.14452934,0.0627997816
52,1.1049439313374555e-05,2.767493850470482e-05,1.1049439313374555e-05,0.8147501016727862,358.5732880444215,5.16210747,0.0628023446
55,1.5539271112767854e-05,3.907729943476764e-05,1.5539271112767854e-05,0.9578525292064486,380.21337472076516,5.59471416,0.0627545491
59,1.690001299697784e-05,4.259043176043598e-05,1.690001299697784e-05,1.004853097213448,389.964015736996,5.81282043,0.0627719834
54,1.3632088041006642e-05,3.4198446551705295e-05,1.3632088041006642e-05,0.8922504134166257,365.10457940879473,5.56250238,0.0628060251
63,5.234267220687005e-05,0.0002402114155810716,5.234267220687005e-05,1.2245991424625355,397.7668691912176,46.464447,0.0627950132
67,0.00015619985741026184,0.0008701736068000504,0.00015619985741026184,1.4383748228430238,409.17667511023313,71.2166367,0.0627954379
76,1.1712409497938612e-05,2.99037147017497e-05,1.1712409497938612e-05,1.2186010547845476,642.0298371278183,4.31149292,0.0628113598
91,1.4478041139469572e-05,4.165153236738374e-05,1.4478041139469572e-05,1.8230396694599407,855.6882423673067,7.31824303,0.060391061
85,7.735636562682077e-06,2.2839745714203254e-05,7.735636562682077e-06,1.231765175364425,719.3258390305541,6.69177294,0.0638292357
78,9.677666128802035e-06,2.5477574536400338e-05,9.677666128802035e-06,1.158751277540266,655.680696718111,4.83269882,0.0632404983
99,4.4840356062835924e-05,0.0001333169045185794,4.4840356062835924e-05,2.7063837528943897,923.3403688362514,12.5039711,0.0601296723
65,7.562418873946063e-06,1.9963492739562922e-05,7.562418873946063e-06,0.8008955727404289,534.6343564555941,4.35450411,0.0627877191
62,7.920073437832525e-06,2.13479128667278e-05,7.920073437832525e-06,0.7950306251066314,527.0331655530714,5.16643906,0.0628262013
75,1.115749137672202e-05,2.7639808803933567e-05,1.115749137672202e-05,1.1149662597748768,597.69514597143,4.36311007,0.0627997518
70,9.806578830530641e-06,2.4053542880377203e-05,9.806578830530641e-06,1.0063507656471424,571.5863268004745,4.34979916,0.0625893325
66,8.162139513410042e-06,2.0931309619583136e-05,8.162139513410042e-06,0.8618033646469409,544.9436210227417,4.93149757,0.0627549887
66,8.584584418837171e-06,2.150165038989385e-05,8.584584418837171e-06,0.9184865105950727,557.1057533543393,4.4394989,0.062614657
57,7.923532714209425e-06,2.091690383313704e-05,7.923532714209425e-06,0.7923116015174966,513.8125479036104,5.0388813,0.0627534539
59,9.31149202675452e-06,2.4165980377571717e-05,9.31149202675452e-06,0.8320648832328793,505.6312486515656,4.99923706,0.0627372041
57,1.022682930099493e-05,2.6182041682182345e-05,1.022682930099493e-05,0.8508437775797603,493.8333255564203,4.7911005,0.062759012
52,1.0939377898401656e-05,2.799740351605002e-05,1.0939377898401656e-05,0.8446390087406812,473.26129435010154,4.93064213,0.0627960786
58,1.0857116524002854e-05,2.7830888760375475e-05,1.0857116524002854e-05,0.8491409790253389,482.8767217911754,4.90276957,0.0628084466
56,1.096728746521309e-05,2.80874119445967e-05,1.096728746521309e-05,0.831984447639819,463.18990539961493,4.52406359,0.0627647117
53,1.063131109388789e-05,2.725419795932189e-05,1.063131109388789e-05,0.8187520623841336,456.16505240758306,4.45957613,0.0627864525
52,9.772997897404936e-06,2.4926696293119233e-05,9.772997897404936e-06,0.7968434846169158,450.4133621771213,4.31762838,0.0628148392
51,7.4766461125265175e-06,1.9034810608471884e-05,7.4766461125265175e-06,0.7265811537409348,435.92725858651363,3.92309737,0.0627972111
52,6.3255811707883e-06,1.615116583103728e-05,6.3255811707883e-06,0.6810878126558921,427.7907963124195,3.76335239,0.0628297701
50,5.950867693249484e-06,1.5173442949540144e-05,5.950867693249484e-06,0.6672246030332228,421.98540307144805,3.78591108,0.0628345236
47,5.962233116582045e-06,1.5130450282209855e-05,5.962233116582045e-06,0.6659910660167282,413.09909199852615,3.84731746,0.0628276467
146,9.550472351904201e-06,1.764667384721487e-05,9.550472351904201e-06,2.5641932764758613,724.7078067447834,5.32630539,0.0630585998
46,5.067302495807567e-07,1.3524143600904974e-06,5.067302495807567e-07,0.513375847964527,499.3136046581693,1.49321258,0.0642762333
84,9.242449149526283e-06,2.2949115325375277e-05,9.242449149526283e-06,1.3907009626888396,606.3312830495369,5.45010614,0.0612657443
38,6.59151348309656e-07,1.8805425703024465e-06,6.59151348309656e-07,0.3129423861536299,406.8001466538195,1.8168993,0.062720716
40,6.010163531417223e-07,1.7571659478222735e-06,6.010163531417223e-07,0.31825893147925594,419.06083999899636,2.07539868,0.0627317131
41,1.005673058864177e-06,2.7362029900826537e-06,1.005673058864177e-06,0.3524741374742778,401.61941051680446,1.76544821,0.0627076179
260,4.016343558124306e-05,8.798902215670773e-05,4.016343558124306e-05,5.896567462988813,1103.841143048,9.35847282,0.0627451763
44,3.912193260246097e-06,9.426701907741381e-06,3.912193260246097e-06,0.5695740839074694,330.3645096291745,3.12331843,0.0628430992
44,4.309518517533276e-06,1.045356669716049e-05,4.309518517533276e-06,0.5831033922309918,328.09897951963427,3.38437843,0.0628317818
45,4.902860822672174e-06,1.1884317887557655e-05,4.902860822672174e-06,0.604782117563825,328.31515356490075,3.39525199,0.0628363863
46,5.456887045989717e-06,1.3241388198300068e-05,5.456887045989717e-06,0.6247743549576714,330.2889443258255,3.25723386,0.0628032312
47,5.4762521387615625e-06,1.3303267593986559e-05,5.4762521387615625e-06,0.6221065077536114,324.73065729752017,3.73429084,0.0628149882
46,5.609565372009439e-06,1.364722193625561e-05,5.609565372009439e-06,0.6265303683968771,324.96426380452306,3.65934634,0.062838845
44,4.862824762037502e-06,1.1731283780497102e-05,4.862824762037502e-06,0.6023196953486861,321.63227619587093,3.42889166,0.062813215
45,8.069128445611418e-06,1.9859332457538205e-05,8.069128445611418e-06,0.7126173809237205,340.0358956037108,3.88710499,0.0628257766
49,6.631541428181483e-06,1.6186038751997996e-05,6.631541428181483e-06,0.6640767458801992,332.6841369379101,3.55003691,0.0628088191
46,7.398744708370411e-06,1.8079644701967238e-05,7.398744708370411e-06,0.688609306676991,330.4273200156476,3.70037317,0.0628500134
48,5.999988626598825e-06,1.4548775336030051e-05,5.999988626598825e-06,0.6408895647964521,325.6436748843761,3.68141341,0.0628558025
44,5.546693967386609e-06,1.3405818778248155e-05,5.546693967386609e-06,0.6245367186891627,321.6627812154948,3.56195855,0.0628455579
44,5.636706714006633e-06,1.35784038056738e-05,5.636706714006633e-06,0.6275971561215627,316.601034508316,3.61217737,0.0628520623
46,8.387429983761403e-06,2.0679181958130874e-05,8.387429983761403e-06,0.7178262735000173,336.79831603896116,4.06884384,0.0628303885
49,8.60475480493984e-06,2.1306483610178053e-05,8.60475480493984e-06,0.7276895736334834,342.2395440319184,4.24371099,0.0627870932
48,9.875661350273746e-06,2.4509714039087774e-05,9.875661350273746e-06,0.7635160918573025,346.63886813515313,4.4046545,0.0628368407
45,3.3829086177762816e-06,8.147811599620904e-06,3.3829086177762816e-06,0.54461093682837,324.090545796312,3.05099511,0.0628214329
44,3.448648549831075e-06,8.300848384399198e-06,3.448648549831075e-06,0.5450369999466557,323.4021206939315,3.05821085,0.062822856
44,3.305342790523574e-06,7.978291345463958e-06,3.305342790523574e-06,0.5407417070486428,326.84660174250433,3.09678555,0.0628232434
44,3.0503612523635327e-06,7.347772716419916e-06,3.0503612523635327e-06,0.5265901089939617,321.6838024527746,3.05824089,0.0628274456
45,3.0793208872875914e-06,7.3903197023682365e-06,3.0793208872875914e-06,0.528839676121003,320.1098842998201,2.89270639,0.0628614873
47,5.487483074448735e-06,1.3771440537637537e-05,5.487483074448735e-06,0.6447862926290377,397.0798868254923,3.54570556,0.0628344491
47,5.675520590854068e-06,1.4330548632886092e-05,5.675520590854068e-06,0.6562375189591301,408.9299456055425,3.73952508,0.0628415793
48,5.4626186760837635e-06,1.3715138232804628e-05,5.4626186760837635e-06,0.6466107751252447,398.73157193747477,3.68004751,0.0628561229
43,4.076898683773056e-06,9.942628412345627e-06,4.076898683773056e-06,0.5796058627848629,346.18702929713754,3.04009843,0.062831834
42,4.113024174237645e-06,1.0096845277517056e-05,4.113024174237645e-06,0.5788602568626453,343.58925236592364,3.47407031,0.0628275052
43,3.824294444022092e-06,9.28169800267696e-06,3.824294444022092e-06,0.5658259034560977,336.5228628660584,3.03107071,0.0628294498
42,3.5999852216516613e-06,8.718587232735364e-06,3.5999852216516613e-06,0.5545569973145559,328.8135197490039,3.1295619,0.0628335997
43,3.4848520971404517e-06,8.426064873699986e-06,3.4848520971404517e-06,0.548471830064144,326.25815325372645,3.20427585,0.0628378019
45,4.629130204569486e-06,1.1422808039280564e-05,4.629130204569486e-06,0.6045638506726838,360.2453761394202,3.3822794,0.0627498031
45,4.291760850754259e-06,1.0546711909693018e-05,4.291760850754259e-06,0.5871464496634734,351.1599862861461,3.45654607,0.0628050864
44,4.000470348023608e-06,9.794020660012312e-06,4.000470348023608e-06,0.5715410334767256,341.2740614810677,3.42609692,0.0628402382
43,4.0158527202915025e-06,9.781294910825981e-06,4.0158527202915025e-06,0.5741193650799082,339.6261641346698,3.14639759,0.0628482103
44,4.507475940537932e-06,1.1125622297211568e-05,4.507475940537932e-06,0.6039202193994113,368.9165421686784,3.36437106,0.0627677515
46,4.849667929208427e-06,1.2077511699382998e-05,4.849667929208427e-06,0.6167214246595549,379.8522530913918,3.54028749,0.0627808347
43,5.031895928825733e-06,1.2615612225956138e-05,5.031895928825733e-06,0.6248724453249324,386.39447237120066,3.49014425,0.0627879053
53,0.000283593254536987,0.002143936066122627,0.000283593254536987,0.9704516064020288,400.4632659356345,151.636795,0.0627423003
48,3.868263945712775e-06,9.294237048985861e-06,3.868263945712775e-06,0.6521756744855958,409.33284495907117,3.3183136,0.062734969
49,1.057470674003708e-05,2.635217678286104e-05,1.057470674003708e-05,0.785985168204698,349.57918123947223,4.79278374,0.0628302693
50,1.1304707815580328e-05,2.830164587936915e-05,1.1304707815580328e-05,0.8071448092445731,349.52730224650014,4.99822903,0.0628083125
52,1.0538971004892145e-05,2.631993481918197e-05,1.0538971004892145e-05,0.7987311590634839,351.08672661890483,5.03598309,0.062797077
52,1.3159703465698821e-05,3.279612343704446e-05,1.3159703465698821e-05,0.8750052574183704,357.9136522890167,5.42023706,0.062795341
57,1.6762845699316925e-05,4.228265240522701e-05,1.6762845699316925e-05,0.9899412666887079,380.13682947536927,6.1660347,0.0628102869
52,1.435344320955443e-05,3.614253506144652e-05,1.435344320955443e-05,0.9157650317449028,367.8633233549889,5.88570738,0.0628052875
61,2.6146910280837297e-05,7.558687287203044e-05,2.6146910280837297e-05,1.121668047121013,386.65189240638745,17.5182266,0.0627680421
68,0.0003352331503676618,0.002282048228673581,0.0003352331503676618,1.4879814118448056,405.55449799536143,138.579163,0.0627520159
79,7.090014456333535e-06,2.042886089123145e-05,7.090014456333535e-06,1.0838621906608772,669.5115168010473,6.058568,0.0636422038
82,1.324826140056231e-05,3.6726629898999876e-05,1.324826140056231e-05,1.4085563755899697,708.8068232008394,6.69465685,0.064241603
75,9.969259048396826e-06,2.548383864377429e-05,9.969259048396826e-06,1.0931919701460242,614.7893863511949,4.20269299,0.0629267842
101,0.00011817193295160396,0.0003427719984354735,0.00011817193295160396,3.629238883646742,941.2681666350687,16.6569805,0.0589828081
65,6.830512906649972e-06,1.783022774959407e-05,6.830512906649972e-06,0.7771927441995417,534.0836731593986,4.39026594,0.0628142506
62,7.16362933386697e-06,1.926260716850511e-05,7.16362933386697e-06,0.7649844571179161,526.2122537013512,4.7847085,0.0628154799
75,9.795675089067237e-06,2.4348375084049518e-05,9.795675089067237e-06,1.04791338756514,592.0149184833858,4.3274827,0.0627434254
70,8.723325674465099e-06,2.1969992168192825e-05,8.723325674465099e-06,0.9535837198306341,572.9673802278281,4.39659834,0.0626541525
64,7.357919027143179e-06,1.8971468186560398e-05,7.357919027143179e-06,0.8233748270314267,542.7471272650122,4.79020548,0.0627417713
69,8.007811337587466e-06,2.058483853213746e-05,8.007811337587466e-06,0.877225834294166,555.6286171819845,4.47126341,0.0626816601
63,7.3105267393293885e-06,1.9572578609438985e-05,7.3105267393293885e-06,0.7671742765337742,516.8121769210483,5.0156951,0.0627471879
59,8.389103190229718e-06,2.1828015694591736e-05,8.389103190229718e-06,0.8000551163564196,503.69889726922224,5.01090097,0.0628521442
63,6.939786026379405e-06,1.8402768555958544e-05,6.939786026379405e-06,0.7497743739282651,511.4579964104854,4.93512964,0.0627468154
57,1.0288414272311378e-05,2.6267460135416776e-05,1.0288414272311378e-05,0.8504279061532072,490.2370722782652,4.80779076,0.0627570227
58,9.628079064547362e-06,2.468389658868302e-05,9.628079064547362e-06,0.8378772218873735,494.58113489948363,4.70407104,0.0628978685
54,1.0490232579858824e-05,2.6902963938247478e-05,1.0490232579858824e-05,0.8231371840600206,468.9444884919803,4.98749161,0.062841408
55,1.0673329188431408e-05,2.7412001160289388e-05,1.0673329188431408e-05,0.8237496665251155,462.1187157211405,4.76631498,0.0627986863
55,1.0290253845598423e-05,2.6432340788189982e-05,1.0290253845598423e-05,0.8351175523175282,481.1095636782047,4.75583601,0.0627810881
52,1.0549327573532042e-05,2.69829748293677e-05,1.0549327573532042e-05,0.8110580251865764,449.91381552592395,4.1508975,0.0628065169
51,8.894320837459773e-06,2.260023918997207e-05,8.894320837459773e-06,0.7716262037429743,442.72140229183947,4.20332766,0.0627885833
51,7.173525049469133e-06,1.8208278167914937e-05,7.173525049469133e-06,0.713930852043452,428.6408643338598,3.81204534,0.0627967119
49,5.8220909198636775e-06,1.4714780847206157e-05,5.8220909198636775e-06,0.6641683130514245,417.54061281592533,3.600595,0.0627814084
50,5.7738660948933325e-06,1.4629283953777224e-05,5.7738660948933325e-06,0.6597547345282323,414.9840798113363,3.74808264,0.0628229678
48,5.611247641818717e-06,1.4189524146524514e-05,5.611247641818717e-06,0.6526973477754286,407.3297753421848,3.82679844,0.0628677532
44,6.250474156333386e-07,1.817947572863557e-06,6.250474156333386e-07,0.4092807247964162,453.1641220843845,1.72397351,0.063526988
125,1.4883339833975054e-05,2.5879123955695735e-05,1.4883339833975054e-05,3.034286072811177,703.1853462602268,3.64877224,0.0648704693
78,6.450860331606294e-06,1.7764581530247857e-05,6.450860331606294e-06,1.2825982636186515,663.6342207374269,5.62085962,0.0576085672
42,8.008926457370643e-07,2.2768945369128307e-06,8.008926457370643e-07,0.33169745052621774,402.22782373732093,1.82416844,0.0626799241
40,7.083827919415839e-07,2.0497784394156476e-06,7.083827919415839e-07,0.3376794769689536,413.03107687871756,1.9857502,0.0626699701
41,1.1918888442983792e-06,3.1819652654128725e-06,1.1918888442983792e-06,0.37814186085763135,397.9088244390102,1.7880193,0.0626765639
46,7.030704028713222e-07,2.0351090779251163e-06,7.030704028713222e-07,0.36217772939934745,424.12544678489803,1.85684323,0.062702015
45,3.943688631098985e-06,9.508429531667644e-06,3.943688631098985e-06,0.5674433081143783,323.0005711938107,3.38238716,0.0628333837
44,4.5413584355573624e-06,1.0968494025716239e-05,4.5413584355573624e-06,0.5885884320673597,322.58258948175995,3.31643534,0.0628161579
43,4.793481242526749e-06,1.1482658048806338e-05,4.793481242526749e-06,0.5989068621133942,318.3701693335363,3.11939263,0.0628128275
44,5.370786118167421e-06,1.2905450894203267e-05,5.370786118167421e-06,0.6193876657576947,317.68411829685016,3.6700561,0.0628617033
44,5.035491311652174e-06,1.2075961951724074e-05,5.035491311652174e-06,0.6075033531680439,316.9902231966339,3.52273202,0.0628391504
44,5.399315573529196e-06,1.3008603957138954e-05,5.399315573529196e-06,0.6174501540346354,315.9190358425402,3.67438745,0.0628507286
43,4.668283587949074e-06,1.1228279802157648e-05,4.668283587949074e-06,0.5902937516306287,313.0415192765333,3.3667376,0.0628152192
46,6.924727248620022e-06,1.6796576374537e-05,6.924727248620022e-06,0.6741310656874695,325.8830128390497,3.56105113,0.062820293
48,7.413606372651458e-06,1.801987429000115e-05,7.413606372651458e-06,0.6868402560460382,323.1308658242567,3.8106122,0.0628113151
47,6.535808979828259e-06,1.5819641767506107e-05,6.535808979828259e-06,0.6577077799394423,320.5050361711545,3.79559588,0.0628672168
44,5.210182208507137e-06,1.249515773821472e-05,5.210182208507137e-06,0.612554790474142,311.80984610387674,3.37774181,0.0628245994
43,5.251254874890552e-06,1.2597291507252988e-05,5.251254874890552e-06,0.6102689507548306,307.61081929692733,3.59321189,0.0628400818
43,5.6930814365713235e-06,1.3640421711483518e-05,5.6930814365713235e-06,0.6290779931119813,312.38955510271774,3.67130518,0.0628783703
47,8.23785727318998e-06,2.0225531265273747e-05,8.23785727318998e-06,0.7134321264770092,331.0605260526832,4.12883282,0.0627984926
49,9.448177078260172e-06,2.3374344185719093e-05,9.448177078260172e-06,0.7452204075211005,334.8251786835573,4.5469718,0.0628476441
49,9.621530496298216e-06,2.3729316440267692e-05,9.621530496298216e-06,0.7567330942703471,338.07645468014476,4.39549589,0.0628530011
45,3.28149639249636e-06,7.899367279528244e-06,3.28149639249636e-06,0.5371894896617482,319.9238282391105,3.0196104,0.0628187135
45,3.3893778531604515e-06,8.147488828980612e-06,3.3893778531604515e-06,0.5412586764467711,314.25415986693855,3.24215579,0.0628423244
42,3.1224452244236945e-06,7.485495104101715e-06,3.1224452244236945e-06,0.5338632385281132,321.16183495496756,2.78352022,0.0628223196
43,2.8728557669940324e-06,6.877546217139635e-06,2.8728557669940324e-06,0.5174676052640542,315.36817467032046,2.83177161,0.0628154799
43,2.965924193662659e-06,7.0549985166702905e-06,2.965924193662659e-06,0.5231443174114199,310.166975623866,2.97326803,0.0628306717
49,5.2130027511665845e-06,1.3059841657835203e-05,5.2130027511665845e-06,0.6333140218047556,391.9230898043052,3.61905432,0.0628272966
47,5.200034415516417e-06,1.298578745404183e-05,5.200034415516417e-06,0.6358491791867437,395.06043768534425,3.37855506,0.062879853
43,3.828246584254154e-06,9.328458188789884e-06,3.828246584254154e-06,0.5621260674523479,334.550446038203,3.36665106,0.0628284439
42,3.7310542297115607e-06,9.039147268185427e-06,3.7310542297115607e-06,0.5605082148554602,329.19523253221047,3.31975436,0.0628297552
41,3.4627004561369558e-06,8.416344077362817e-06,3.4627004561369558e-06,0.5463253522270503,325.21425668759724,3.2617259,0.0628329292
41,3.433530389685658e-06,8.271585465891602e-06,3.433530389685658e-06,0.5449291939824695,321.5697337205793,3.02675438,0.0628418624
42,3.1432464436662514e-06,7.544343037514704e-06,3.1432464436662514e-06,0.5336714080837981,318.57390806652523,3.01476216,0.0628360063
44,4.279279127363174e-06,1.0542862264943022e-05,4.279279127363174e-06,0.589958147652394,357.77086234984387,3.37634516,0.0628097653
44,4.2017686674203995e-06,1.0279770530054832e-05,4.2017686674203995e-06,0.5856879009346214,350.73662456528336,3.14839196,0.0628304556
45,4.13559221852305e-06,1.0115803437944725e-05,4.13559221852305e-06,0.5791876505986795,345.00136937413055,3.35124016,0.0628160164
43,4.041688474123294e-06,9.844652743831538e-06,4.041688474123294e-06,0.572256178604663,335.29254028161296,3.39548302,0.0628591552
42,3.991593374541011e-06,9.709621256691768e-06,3.991593374541011e-06,0.5706410080770309,337.32156966960594,3.08716345,0.0628146529
41,3.7964403778115427e-06,9.19744486203319e-06,3.7964403778115427e-06,0.564113714500274,331.09843230120526,3.30473828,0.0628495142
44,3.685399075024604e-06,8.918679172277275e-06,3.685399075024604e-06,0.5571347802189017,330.9537283768286,3.14002848,0.0628397986
43,4.722212409637272e-06,1.170954733752405e-05,4.722212409637272e-06,0.6125917595935958,372.0164010262561,3.52734137,0.0628327951
44,4.253362845288203e-06,1.0434441727374266e-05,4.253362845288203e-06,0.5919053331910941,361.857761875678,3.12604761,0.0628261492
44,4.795844250463264e-06,1.1952371530972847e-05,4.795844250463264e-06,0.6144795378926238,376.9667166712353,3.58594847,0.0628246292
46,4.772845733377182e-06,1.1876739583874118e-05,4.772845733377182e-06,0.6163994465535618,383.9517729681105,3.3622663,0.0627717003
44,0.00013555279565047497,0.0006299886735441716,0.00013555279565047497,0.9567804476753784,395.1681954498979,44.0597763,0.0627512336
43,3.099197018236201e-06,7.726041721422527e-06,3.099197018236201e-06,0.5754508451785401,398.095426732706,3.25913191,0.0627468303
48,1.0224598969729264e-05,2.5391048671534245e-05,1.0224598969729264e-05,0.7722456318468869,339.39243573634064,4.56650352,0.0628258958
50,9.949879839533167e-06,2.4605129899651337e-05,9.949879839533167e-06,0.7721372513741804,339.33961216004417,4.85885763,0.0628080368
50,1.1927603552475175e-05,2.9623125676735993e-05,1.1927603552475175e-05,0.8339442903992154,348.8387959926204,5.24644613,0.0628132522
49,1.2910288801913938e-05,3.2277075445633786e-05,1.2910288801913938e-05,0.8637999267656421,351.51546616755644,5.53413486,0.0628167391
53,1.5932678130074e-05,3.990773732815483e-05,1.5932678130074e-05,0.9652416716053726,370.70518112619595,5.69537926,0.0628172532
57,1.762956835235279e-05,4.50606956363461e-05,1.762956835235279e-05,1.0007586873184058,373.9998644968419,8.89095211,0.0628161132
52,1.4138575792989588e-05,3.5571657997613226e-05,1.4138575792989588e-05,0.8941072225911044,356.4255859106076,5.94365978,0.0628039092
62,2.5367351914262833e-05,7.232100213907939e-05,2.5367351914262833e-05,1.1106082900926286,386.1402088905139,15.3428211,0.0627022684
61,2.183288328014479e-05,6.091295750289423e-05,2.183288328014479e-05,1.057427387591111,377.2835828754765,14.3493633,0.0627176836
65,3.2674152167188375e-05,9.8688072981991e-05,3.2674152167188375e-05,1.2329912422795528,393.2768609950514,20.1313667,0.0627525449
68,6.629400327806265e-05,0.00023419236294131566,6.629400327806265e-05,1.4663186201293537,406.41012478610355,26.5394249,0.0627988502
75,8.803846914279778e-06,2.3312784951144522e-05,8.803846914279778e-06,1.0240856079112879,611.2056817616996,5.0868144,0.0629819259
78,7.082729360125476e-06,2.1001406720915178e-05,7.082729360125476e-06,1.03358704998835,647.4064984881064,5.96167374,0.0636717081
97,4.5014669789793086e-05,0.00013067871410432928,4.5014669789793086e-05,2.4646925070864203,846.4283089669666,11.3216438,0.0610574484
83,2.6594944917120592e-05,7.574960393186185e-05,2.6594944917120592e-05,1.6696177904256615,710.2471945822844,9.23145294,0.0640853792
104,0.000236781052104353,0.0006518411344679565,0.000236781052104353,4.6002231817762045,935.451609245111,12.6622038,0.0590000451
63,5.96419077184876e-06,1.5656894237810334e-05,5.96419077184876e-06,0.7354535481635539,528.6246314258146,3.83426261,0.0627525076
64,6.388577560179343e-06,1.6611863930917688e-05,6.388577560179343e-06,0.7659293183436168,532.9654168377826,4.46413708,0.0627133995
74,8.403325260027115e-06,2.2083781619991026e-05,8.403325260027115e-06,0.9796622931186786,597.636423849113,4.78898621,0.0628354102
69,8.40945126884095e-06,2.1748986908306843e-05,8.40945126884095e-06,0.9301902721284244,574.8023351353887,4.37181091,0.0626855269
66,7.794548427544943e-06,2.0220950384592916e-05,7.794548427544943e-06,0.8438840901643981,547.0019825481601,4.71573448,0.0626620725
70,7.322729075092263e-06,1.9331960834269748e-05,7.322729075092263e-06,0.8253543219744657,554.3005949753638,4.64794827,0.0626547858
63,6.2128924934516244e-06,1.7023496376165566e-05,6.2128924934516244e-06,0.7160858750693871,518.4025424582406,4.70169115,0.0627761856
60,7.105618125393381e-06,1.868919778495956e-05,7.105618125393381e-06,0.7530648428239101,504.2498972118811,4.86173868,0.0628686622
55,9.7593524923264e-06,2.4827148950787466e-05,9.7593524923264e-06,0.8335769895073262,487.30120771696215,4.34827185,0.0627902597
57,1.0034501149316646e-05,2.575528244992873e-05,1.0034501149316646e-05,0.8227095649140366,478.0360570039297,4.83381844,0.0627440438
58,8.73174329219068e-06,2.237108214511332e-05,8.73174329219068e-06,0.8084897242435571,493.3003731587801,4.62372637,0.0628907606
56,1.0324534691506169e-05,2.6301031364889135e-05,1.0324534691506169e-05,0.8237689867657415,469.40652796191944,4.57844973,0.062808387
52,1.0650892630565134e-05,2.7136404784867516e-05,1.0650892630565134e-05,0.8192006263159352,453.30776278525053,4.30045986,0.0628218055
52,1.0285391516320414e-05,2.6237272646804462e-05,1.0285391516320414e-05,0.8012742449046698,440.41129238334946,4.03507185,0.0627804697
52,8.224016921875525e-06,2.086594559187454e-05,8.224016921875525e-06,0.7507384004706955,435.46024370904775,4.11225843,0.0627711192
53,7.136256298485187e-06,1.8058169746503795e-05,7.136256298485187e-06,0.7093286473964665,424.8599602753395,3.73653746,0.0628011823
50,6.086485693646382e-06,1.533995352088392e-05,6.086485693646382e-06,0.6740073387129468,416.19857394507954,3.43968654,0.0627796799
48,5.803156723285027e-06,1.4655247127358892e-05,5.803156723285027e-06,0.6602267909165922,406.0323857418872,3.7670064,0.0628309473
44,7.941766466039714e-07,2.2443707682113605e-06,7.941766466039714e-07,0.4413817218469353,447.3964471955162,1.91307473,0.0635368749
75,1.0903465088968169e-05,2.4542332682422043e-05,1.0903465088968169e-05,1.4717475918244034,546.7879014644326,3.79637551,0.0648046434
79,7.446635187755346e-06,1.9519135347287408e-05,7.446635187755346e-06,1.2323101855363279,592.038093659798,5.33243799,0.0601697639
40,9.721246449045027e-07,2.681318866719224e-06,9.721246449045027e-07,0.35318399611536744,396.8676130674732,1.79722047,0.0626608357
40,8.429501922352871e-07,2.386310398296562e-06,8.429501922352871e-07,0.3575851613970226,405.40354974497234,1.81638587,0.0626916438
44,1.9506941932388364e-06,4.732497890276992e-06,1.9506941932388364e-06,0.494719519194622,393.8342328919241,1.89976108,0.0626729578
42,6.225169095489198e-07,1.6996541032103192e-06,6.225169095489198e-07,0.3893271413063123,425.9721201577179,1.56185722,0.0628921986
43,3.9248937629910535e-06,9.399543780811687e-06,3.9248937629910535e-06,0.564691790429403,315.29390251495823,3.22161388,0.0628235117
43,4.326149421563435e-06,1.0365371130271971e-05,4.326149421563435e-06,0.5803720938508354,311.5501266914785,3.33387446,0.0628141761
45,5.034491682735823e-06,1.2091274693526067e-05,5.034491682735823e-06,0.6025119928502726,310.0904156843182,3.55310154,0.0628677905
44,4.890285121610843e-06,1.1723690894873463e-05,4.890285121610843e-06,0.5970250693199085,306.06774217142345,3.59657979,0.0628565773
43,4.668157908372413e-06,1.1159055463944196e-05,4.668157908372413e-06,0.5901380719107324,308.99559098381246,3.2098105,0.0628244653
42,4.649760158879564e-06,1.1044297447487086e-05,4.649760158879564e-06,0.5905688802310214,304.3739052514411,3.13283205,0.0628544316
46,6.823172458974009e-06,1.645789641802792e-05,6.823172458974009e-06,0.6659902101740199,316.1599034438093,3.64980507,0.0628319085
46,7.285232366173712e-06,1.7622502040269232e-05,7.285232366173712e-06,0.681033778705096,316.3708992847812,3.99474931,0.0628819689
48,7.714240496794816e-06,1.8774398488082447e-05,7.714240496794816e-06,0.6953604672020317,321.0327769545911,3.94186997,0.0628219396
44,5.839775133173703e-06,1.4002819165770754e-05,5.839775133173703e-06,0.6344236711588357,309.8289538152487,3.76075006,0.0628544018
43,5.0794669124837715e-06,1.214132412959632e-05,5.0794669124837715e-06,0.6066752188847105,305.53825167230366,3.5826354,0.0628485754
43,5.032067857603736e-06,1.1954256852840103e-05,5.032067857603736e-06,0.6003734075956739,298.7411407439158,3.60201335,0.0628657565
44,5.562833418733942e-06,1.3284289348451747e-05,5.562833418733942e-06,0.6204700589993409,302.30916761027044,3.62530184,0.0628659204
47,8.358926153134372e-06,2.0375878126500273e-05,8.358926153134372e-06,0.7163650095798867,325.2232348893627,4.1064477,0.0628069341
48,8.694748984709809e-06,2.1279022533167712e-05,8.694748984709809e-06,0.7286279489320656,327.2182661803909,4.40015793,0.0628141016
49,9.43500443847211e-06,2.3150247870295775e-05,9.43500443847211e-06,0.7467010486103229,326.6974254575448,4.46081209,0.0628230274
41,3.237827269053334e-06,7.709554813102194e-06,3.237827269053334e-06,0.535166297751513,311.2156464923759,2.99960065,0.0628051758
43,3.611968966699431e-06,8.571206259509638e-06,3.611968966699431e-06,0.5505368257374189,306.2510606545693,3.19676518,0.0628454387
45,3.2213416025881012e-06,7.677759156862554e-06,3.2213416025881012e-06,0.5322655928871158,307.19964695463506,3.15154219,0.0628283545
42,2.798720097268454e-06,6.701185095761808e-06,2.798720097268454e-06,0.5122712075280226,311.08010329977293,2.88840103,0.0628009662
43,2.881088334057454e-06,6.8637668076548655e-06,2.881088334057454e-06,0.5168747333519303,307.9402541308752,2.98383689,0.0628601387
41,2.862057223517754e-06,6.765794431925206e-06,2.862057223517754e-06,0.5164489975078137,303.9385309356299,2.97759724,0.0628211573
45,4.723625849720618e-06,1.1736787176631708e-05,4.723625849720618e-06,0.615482877152665,382.4440965480436,3.36477041,0.0627934709
48,5.272296224452589e-06,1.3255451590835062e-05,5.272296224452589e-06,0.6385564240115809,398.9267163217755,3.7137394,0.0628779307
46,4.805189761573006e-06,1.1966718603725126e-05,4.805189761573006e-06,0.6184301541958925,389.402586693061,3.37229156,0.062802434
46,4.744674423441993e-06,1.1781422644467509e-05,4.744674423441993e-06,0.6179667898492004,384.96603576104263,3.51786661,0.0627863705
41,3.5479552064084267e-06,8.489612960340125e-06,3.5479552064084267e-06,0.5529295272758198,322.48129266442413,3.10224104,0.0628419295
42,3.2512879620666436e-06,7.844184628074163e-06,3.2512879620666436e-06,0.534259650819541,315.5893934891212,3.16730142,0.0628355145
41,3.1871875483478035e-06,7.690712991662358e-06,3.1871875483478035e-06,0.53219589802229,314.2980295610793,3.07448959,0.0628597736
42,2.9458370562538994e-06,7.003543700157115e-06,2.9458370562538994e-06,0.5218377833581267,312.87432159059256,2.70868158,0.0628353953
44,4.183444862707955e-06,1.0256076111865244e-05,4.183444862707955e-06,0.5868445536027397,355.13578250533556,3.35581946,0.0628458783
45,4.0607187016630785e-06,9.949322857428178e-06,4.0607187016630785e-06,0.5754442107758373,348.0608812768806,3.28874564,0.0628407001
44,3.8748432990482015e-06,9.46322329122499e-06,3.8748432990482015e-06,0.565042442683681,339.60695449619743,3.29099631,0.0627885386
42,3.590822025141183e-06,8.625654962413174e-06,3.590822025141183e-06,0.5549515358536604,325.757974921192,2.99115419,0.0628523529
43,3.919107220823597e-06,9.531637697705843e-06,3.919107220823597e-06,0.5654026637427672,332.2243724975954,3.38761377,0.062783666
42,3.6467248208700786e-06,8.779065365048322e-06,3.6467248208700786e-06,0.5562197034135092,326.607065757354,2.85271335,0.0628122166
42,3.724678067256182e-06,9.015158315390793e-06,3.724678067256182e-06,0.5588047779350898,325.9155256950727,3.34150696,0.0628521517
41,3.374702511247961e-06,8.129852335026817e-06,3.374702511247961e-06,0.5430918667708494,320.2866902716757,3.20939589,0.0628540516
45,4.5605140184974206e-06,1.1297385319943055e-05,4.5605140184974206e-06,0.6026914625348392,368.1659517099606,3.33535624,0.0628749579
42,4.317417987724201e-06,1.0593982885855293e-05,4.317417987724201e-06,0.59319324182592,359.5801418597056,3.23381329,0.0628361627
44,4.60498092795052e-06,1.137879942991125e-05,4.60498092795052e-06,0.6091727408776084,374.2110865522144,3.28759789,0.0627960563
44,4.5482146429476125e-06,1.1318662109044704e-05,4.5482146429476125e-06,0.6029355763210248,376.6161284110782,3.37351394,0.0627876073
42,7.943488326813936e-06,2.5599567713238565e-05,7.943488326813936e-06,0.6136202510272227,386.2277724641395,10.7829561,0.0627828166
50,1.0417353827041834e-05,2.5678098430242768e-05,1.0417353827041834e-05,0.7767836796751015,331.66157453560794,4.67648029,0.0627993792
50,9.561592989005068e-06,2.3510630459308996e-05,9.561592989005068e-06,0.7623701903894833,331.6582308498049,4.77212906,0.062815018
48,1.104286882381155e-05,2.720790266937776e-05,1.104286882381155e-05,0.805271330826007,335.92081219127124,5.14782429,0.0628395751
50,1.2442079358647734e-05,3.076448406681067e-05,1.2442079358647734e-05,0.8429422370748177,340.5008899514909,5.23421335,0.0628372282
52,1.4344862604421772e-05,3.588874932811124e-05,1.4344862604421772e-05,0.8945356683504991,348.2275244311336,5.76424551,0.0628027767
50,1.3311491667183375e-05,3.3028971719314825e-05,1.3311491667183375e-05,0.8661712600552425,339.5220119667299,5.35230207,0.062795639
53,1.5043912572547409e-05,3.7657043672165346e-05,1.5043912572547409e-05,0.9370800951003038,361.3981421752343,5.86994553,0.0628084242
58,1.684882930500157e-05,4.271190355791169e-05,1.684882930500157e-05,0.973571328977544,363.3396014349601,7.33609295,0.0627585873
54,1.4149133390538942e-05,3.5219355985772005e-05,1.4149133390538942e-05,0.9089685177193095,356.95851560039995,5.590446,0.0627913922
62,2.0933870771055824e-05,5.444291215581204e-05,2.0933870771055824e-05,1.0964172770924423,383.2122322652713,11.5291491,0.0626577064
61,1.8766091478007003e-05,4.7462546836829596e-05,1.8766091478007003e-05,1.0369048542423958,371.34819258097724,8.26492405,0.0626763105
43,9.056732942887078e-05,0.0005828698831410612,9.056732942887078e-05,0.7185944276771172,375.7596184319963,103.262833,0.0628046244
79,6.577031555788204e-06,1.935274819924136e-05,6.577031555788204e-06,0.9294745113741087,615.7575408982625,5.75045633,0.0632645637
83,3.651266983353894e-05,0.00010322520301175763,3.651266983353894e-05,1.7581830143209376,692.8760058051722,9.76758575,0.0635801256
80,1.00459113193935e-05,2.9068758208673367e-05,1.00459113193935e-05,1.1134763856947267,636.0607644654793,6.58389187,0.0633325875
110,0.0002299212524633829,0.0006372042664179358,0.0002299212524633829,4.589062294711408,942.0434369965175,13.8234711,0.0582837239
66,5.672647503418083e-06,1.5011748645919118e-05,5.672647503418083e-06,0.7172018270273249,527.705055643699,4.22796774,0.0627408028
67,6.652414595331576e-06,1.72778238843581e-05,6.652414595331576e-06,0.789151323768408,539.7156548200577,4.67285728,0.0626525655
73,6.2070317806358716e-06,1.7195712781380177e-05,6.2070317806358716e-06,0.8583912212594054,588.9250134088971,4.9679718,0.0628217533
70,6.2329216639244395e-06,1.6960684458217602e-05,6.2329216639244395e-06,0.8148351891006812,570.9345482149354,4.50942564,0.062742427
63,6.2454853010071774e-06,1.6686463702137444e-05,6.2454853010071774e-06,0.7664565863567235,543.6178705634678,4.69756269,0.0626615882
72,6.1583947522038256e-06,1.7038974334447117e-05,6.1583947522038256e-06,0.7731717921512622,557.3657038058558,4.78317451,0.0626910925
65,5.729262155154174e-06,1.5476727808571174e-05,5.729262155154174e-06,0.6979864211137088,516.6518548163295,4.46988964,0.0627720505
61,6.8776041828540194e-06,1.811120881786996e-05,6.8776041828540194e-06,0.7436378967381293,503.7253253046847,4.85364866,0.0627994463
62,6.023485419827763e-06,1.623753502100367e-05,6.023485419827763e-06,0.7023750132194141,508.5529422731967,4.76541471,0.0627514347
56,9.608805162086245e-06,2.452144228675945e-05,9.608805162086245e-06,0.8198498912020372,480.6593056795211,4.71963978,0.0627672821
55,9.97815653978311e-06,2.5383259503891717e-05,9.97815653978311e-06,0.8171864328352646,469.58013866285046,4.70755386,0.0627650395
60,7.510204425839872e-06,1.947286373851798e-05,7.510204425839872e-06,0.7616400551971726,493.59933249488415,4.5553298,0.0628499314
57,9.07071784800196e-06,2.3144581157463316e-05,9.07071784800196e-06,0.8092911331741581,486.5678208304945,4.46587801,0.0628060624
53,1.0281817495989409e-05,2.621055879770642e-05,1.0281817495989409e-05,0.8206302433516064,464.43371108863334,4.59808874,0.0628323108
55,1.0202986336549331e-05,2.5991402170489313e-05,1.0202986336549331e-05,0.8116971010070209,458.4601404581085,4.56042051,0.062819019
51,1.005267612024757e-05,2.5677929562644552e-05,1.005267612024757e-05,0.7951501486199368,447.3677651352908,4.16013956,0.0627897754
52,9.932208338078915e-06,2.53461842600417e-05,9.932208338078915e-06,0.7862657293481083,434.62914110083364,3.99432445,0.0628123954
51,8.785450708653426e-06,2.227023627709174e-05,8.785450708653426e-06,0.7593320715055346,430.273755767614,4.03602695,0.0627909824
49,7.544825655166652e-06,1.907361319420191e-05,7.544825655166652e-06,0.7164557298867346,418.559825227855,3.70919085,0.0628251284
49,5.74967025699513e-06,1.4457997313731037e-05,5.74967025699513e-06,0.6602593998821332,410.2497404176319,3.60889387,0.0627986416
49,5.2718951408278655e-06,1.3234471755785751e-05,5.2718951408278655e-06,0.6399731095455268,400.82676486193293,3.74840117,0.0628210306
114,1.4598321459765336e-05,2.633272563287331e-05,1.4598321459765336e-05,2.6506046805136956,637.7757218625394,3.74694037,0.0640655756
78,7.2073171100927425e-06,1.9265837115372104e-05,7.2073171100927425e-06,1.2222430274159248,588.9468381970718,5.36708117,0.0593387522
42,9.67017784925031e-07,2.583306674672871e-06,9.67017784925031e-07,0.3740120232841801,394.8092276715562,1.73018885,0.062798962
41,9.737853093562242e-07,2.6744879063578222e-06,9.737853093562242e-07,0.39114463579143394,405.5985229415709,1.98606825,0.0627467334
44,1.5115264259871967e-06,3.6431890781067953e-06,1.5115264259871967e-06,0.463267878807835,389.11670262880193,1.82001758,0.0627008229
37,6.389191780725875e-07,1.6629619478917674e-06,6.389191780725875e-07,0.4245561528010512,427.1789244481289,1.4156388,0.0630648807
42,3.979963354435999e-06,9.4269545655983e-06,3.979963354435999e-06,0.5674008410491994,304.96624510470326,3.0163393,0.0628294796
43,4.3078475663288915e-06,1.028872683147797e-05,4.3078475663288915e-06,0.5772572028263615,307.0549938340501,3.3671751,0.0628211498
44,4.6620755959009384e-06,1.1114039659391421e-05,4.6620755959009384e-06,0.5875532557850667,302.4867822353067,3.44070387,0.0628761724
42,4.80627750601802e-06,1.1449824681396168e-05,4.80627750601802e-06,0.5935181616838868,298.03872939932177,3.59984064,0.0628490597
44,4.488747301935605e-06,1.0673251765865525e-05,4.488747301935605e-06,0.5794529312608169,296.5356787039277,3.39971018,0.0628541112
43,4.286673537416055e-06,1.0179774902578934e-05,4.286673537416055e-06,0.5760342032005018,303.24235972714615,3.2832427,0.0628326312
44,4.434310236912818e-06,1.0499774667537643e-05,4.434310236912818e-06,0.5797524845088952,297.84007975389824,3.44846535,0.0628604591
42,4.2045371488111465e-06,9.873745169759583e-06,4.2045371488111465e-06,0.573641346620789,295.3836143674686,2.98684931,0.0628302917
46,6.644948212736445e-06,1.5871296856311753e-05,6.644948212736445e-06,0.6593380337180194,306.0852095203906,3.51264477,0.0628744438
48,7.115698440617644e-06,1.712758037748076e-05,7.115698440617644e-06,0.6721231070979305,310.106342127931,3.81470537,0.0629036352
49,7.768442237288711e-06,1.8877506323631282e-05,7.768442237288711e-06,0.6947009127895759,317.8633003281267,4.04434633,0.0628604442
44,6.051998779081424e-06,1.4358820685311483e-05,6.051998779081424e-06,0.639126690245647,301.52929735752724,3.40839744,0.0628592148
43,4.672395519215751e-06,1.1105923072928782e-05,4.672395519215751e-06,0.5884839852582476,295.4368005305147,3.62983727,0.0628221035
42,4.78951248135939e-06,1.1331660771898224e-05,4.78951248135939e-06,0.5922377026685014,292.82854076003537,3.56812787,0.0628235191
44,5.317094740596395e-06,1.2503758945456702e-05,5.317094740596395e-06,0.6132511531877549,293.88461184513693,3.28370833,0.0628429279
49,8.174492593701228e-06,1.988369961620821e-05,8.174492593701228e-06,0.706304355640116,319.03093080693066,4.18435621,0.0628439113
48,9.197331690328278e-06,2.2460300425418594e-05,9.197331690328278e-06,0.7376230713572597,320.46690886505735,4.49160576,0.06283167
45,3.4508496875928324e-06,8.194816130110471e-06,3.4508496875928324e-06,0.5406080441939101,300.91510276826955,3.2379837,0.0628509372
43,3.6042948157572617e-06,8.535779315604647e-06,3.6042948157572617e-06,0.5452000213260986,297.46325662389523,3.31572676,0.062850818
41,2.7848803526947535e-06,6.612863648100543e-06,2.7848803526947535e-06,0.5141708513808928,307.1540984218323,2.82664108,0.0627956465
41,2.700559709525263e-06,6.437483858716318e-06,2.700559709525263e-06,0.5049055633846441,301.45203922945404,2.95086479,0.0628213659
42,2.8493237391119153e-06,6.740118539248583e-06,2.8493237391119153e-06,0.5140672191571644,300.1740209175302,2.90832782,0.0628717169
42,2.916836778015906e-06,6.9049289354691285e-06,2.916836778015906e-06,0.5175620023724475,298.6853425737908,3.1184566,0.0628095269
44,3.0912567045082422e-06,7.325773197224318e-06,3.0912567045082422e-06,0.5234601141323482,295.4441235799774,3.15305233,0.062831521
46,4.825881457155536e-06,1.201272486098908e-05,4.825881457155536e-06,0.6205560905633596,390.4122783703169,3.45785046,0.0627806038
47,4.50691587327634e-06,1.1119206865793699e-05,4.50691587327634e-06,0.6065041419408129,380.9120011504191,3.26782894,0.0627925098
45,4.2968853508638185e-06,1.0611828505649524e-05,4.2968853508638185e-06,0.5943895755146018,373.30750582984405,3.35471845,0.0627870485
42,3.3107642367637145e-06,7.897691923770627e-06,3.3107642367637145e-06,0.5406427846432977,314.6835585122408,2.9748733,0.0628666505
41,2.878085171699836e-06,6.855922472188798e-06,2.878085171699836e-06,0.5181045962705921,307.6904417424451,3.00894094,0.0628257319
42,3.0309675050427523e-06,7.226543056773789e-06,3.0309675050427523e-06,0.5247960904781385,305.8875518871021,3.10439754,0.0628655329
43,3.9667793146015094e-06,9.657121095774756e-06,3.9667793146015094e-06,0.574668896120351,348.23362321025553,2.95381999,0.0628059432
43,3.805901973939478e-06,9.27634917800318e-06,3.805901973939478e-06,0.5679955414452639,342.23785923630317,3.19139028,0.0628253818
42,3.7735029264671283e-06,9.143603315018151e-06,3.7735029264671283e-06,0.5625233963056776,333.29984115087734,3.20931411,0.0627938211
41,3.603072550996376e-06,8.686135825902154e-06,3.603072550996376e-06,0.5528604321256659,318.0917835524278,3.25557804,0.0628552511
42,3.544909874776708e-06,8.520960106112646e-06,3.544909874776708e-06,0.5502797417181281,319.93353440233125,3.24285293,0.062829636
44,3.3591446315303743e-06,8.07998765375218e-06,3.3591446315303743e-06,0.5407948739802374,320.9646898987886,3.0927434,0.0628086403
44,3.56634051596744e-06,8.668636173411784e-06,3.56634051596744e-06,0.5495871139163406,328.81483107069926,3.30468702,0.062820591
41,3.3495811647665004e-06,7.985933509254468e-06,3.3495811647665004e-06,0.5407790570324352,312.38071735617126,2.90964484,0.0628374517
44,4.497807321942137e-06,1.1124923978631371e-05,4.497807321942137e-06,0.6006916541962424,367.53386597441465,3.43858075,0.0628447533
44,4.332581629038977e-06,1.0712399101124124e-05,4.332581629038977e-06,0.5884680889680675,359.241910324183,3.31643581,0.0628380701
44,4.303060032715637e-06,1.0632390623935918e-05,4.303060032715637e-06,0.5934504787428307,367.7162693584542,3.32740784,0.062812008
45,1.2167374223892831e-05,4.708637276497553e-05,1.2167374223892831e-05,0.5967442584861041,379.4318907896396,15.4492722,0.0627837926
49,9.213988371661907e-06,2.254503601713812e-05,9.213988371661907e-06,0.7451725785913806,323.4605403337922,4.71080256,0.0628198683
49,9.164919388182995e-06,2.231234521390759e-05,9.164919388182995e-06,0.7474020793664259,322.6451436008836,4.539505,0.0628213659
49,1.0876336388248327e-05,2.655051393928342e-05,1.0876336388248327e-05,0.7982241335084783,327.14196816436953,4.83298779,0.0628499836
50,1.2346673343224888e-05,3.057027373150865e-05,1.2346673343224888e-05,0.832463166974962,331.5160357158492,5.33438778,0.0628226995
53,1.3412291814686774e-05,3.322184329303797e-05,1.3412291814686774e-05,0.8833811104218117,347.35379644235854,5.40649748,0.062796019
53,1.2994381655647459e-05,3.215071614394381e-05,1.2994381655647459e-05,0.8597514363740909,335.7146290728187,5.55134583,0.0627845749
56,1.4520987518569835e-05,3.636012867173606e-05,1.4520987518569835e-05,0.9151239294303157,353.58342691906563,5.85013962,0.0627968907
55,1.4588814426088633e-05,3.642403799279108e-05,1.4588814426088633e-05,0.9250177188432709,354.0376133730448,6.22497892,0.0628051981
71,0.00011852472397376251,0.0005050895652919159,0.00011852472397376251,1.411370493143596,390.9563802579376,42.4746666,0.0627149418
62,1.9006715653787462e-05,5.059098924630909e-05,1.9006715653787462e-05,0.9916735275758077,363.36647310727164,10.1412363,0.0627232268
64,3.7982999859524246e-05,0.00013178533126024516,3.7982999859524246e-05,1.120196253899834,374.60124959996296,20.6086121,0.0627794117
68,5.4836944250794696e-05,0.00020621940168363787,5.4836944250794696e-05,1.1896309931455682,378.5033461217827,30.4549427,0.0627619252
101,0.00016548118577226553,0.0004508457586295774,0.00016548118577226553,3.756979365462005,845.3212515614478,11.0134974,0.0606746711
85,8.67744113892537e-05,0.00023802610785764972,8.67744113892537e-05,2.3660894143331825,698.5836026635302,11.8803816,0.0639212579
76,8.531036169536208e-06,2.495678305751704e-05,8.531036169536208e-06,0.9833478204585698,607.9213429544817,5.95101833,0.062994726
117,0.0003175493697209649,0.0009070037394368077,0.0003175493697209649,5.2612435384412155,1003.8640037304763,23.5352058,0.0570187978
69,5.8698214527909556e-06,1.5766436374987236e-05,5.8698214527909556e-06,0.7197122146810173,532.1491220070907,4.52831078,0.0627021343
65,5.526648227285026e-06,1.4967215687964404e-05,5.526648227285026e-06,0.6931363663841597,524.4945331475877,4.02535391,0.0626677275
76,5.474719669048789e-06,1.6119456124866453e-05,5.474719669048789e-06,0.7834663947842819,577.1900325721181,5.26466417,0.0628115386
63,5.255838636341603e-06,1.4211315898800521e-05,5.255838636341603e-06,0.7128083242783897,540.1581991799251,4.47164249,0.0627185553
71,4.93013355238227e-06,1.3746847821035713e-05,4.93013355238227e-06,0.7231410463261014,555.1602906072463,4.43676901,0.0626779497
63,5.338075846997526e-06,1.4662865779438245e-05,5.338075846997526e-06,0.6704640359369467,516.4833464857403,4.37612915,0.0626906753
61,6.560240492724396e-06,1.7461618258402913e-05,6.560240492724396e-06,0.7221958367073059,501.4711485017803,4.65289879,0.0627225041
62,5.511478296640807e-06,1.5202723425612086e-05,5.511478296640807e-06,0.6625040251299877,508.53976460287896,4.5875392,0.0626961887
57,9.12269951559395e-06,2.3310028963128962e-05,9.12269951559395e-06,0.8022603399347649,479.3447799324293,4.37899494,0.0627589524
57,9.488356598313406e-06,2.4268488923297622e-05,9.488356598313406e-06,0.8047213585974349,473.5477454899031,4.55082226,0.0627234057
55,9.676017439027803e-06,2.468447571658731e-05,9.676017439027803e-06,0.8031103422593832,465.37231820566683,4.82610607,0.0627944097
60,7.1679257075762685e-06,1.868404437200492e-05,7.1679257075762685e-06,0.7420518698348366,493.8412667059828,4.36276865,0.0627824441
59,8.146235369430522e-06,2.0788232386330527e-05,8.146235369430522e-06,0.7806450738308912,486.33485686107304,4.4056921,0.0627671629
56,8.707645401700882e-06,2.2164199593764083e-05,8.707645401700882e-06,0.7889762890279431,478.03367461170075,4.18536186,0.0627698377
52,9.60400700282149e-06,2.4454040052163687e-05,9.60400700282149e-06,0.7926479498535777,452.73897888934226,4.44630814,0.0628038645
53,9.85792465659849e-06,2.5147522112826408e-05,9.85792465659849e-06,0.7880068447322784,443.58862337301804,3.95078826,0.0627743527
52,9.914042064109562e-06,2.5320014849882383e-05,9.914042064109562e-06,0.7803362600226519,433.1778014060218,3.9161644,0.0628116205
49,9.273541756649684e-06,2.3624784439133787e-05,9.273541756649684e-06,0.7629652643324873,424.4263203547991,4.0002923,0.062781252
50,7.858717026958597e-06,1.9898867595104776e-05,7.858717026958597e-06,0.7216660596288366,416.93906792838845,3.69321084,0.0627757832
49,6.57910352011384e-06,1.6582659988189325e-05,6.57910352011384e-06,0.6818122680485699,408.9216719602008,3.47931957,0.0628247336
48,5.619626361427566e-06,1.4069551501048998e-05,5.619626361427566e-06,0.6527723381847786,404.4452397373094,3.46563482,0.0628329962
47,5.032692792420444e-06,1.256612316339847e-05,5.032692792420444e-06,0.6293811947084353,393.07631583549534,3.64409018,0.0627902374
47,9.024533255488285e-07,2.6911472926444616e-06,9.024533255488285e-07,0.5075673207873074,453.22406832651967,2.70640302,0.0640069842
74,7.48214953928751e-06,1.9971149020597896e-05,7.48214953928751e-06,1.1913361096579898,566.390791271851,5.25138807,0.0594011322
41,9.753379099935696e-07,2.5280322766112617e-06,9.753379099935696e-07,0.3900715798916862,392.90079601460724,1.70448232,0.0627900884
44,1.3459827430868053e-06,3.341208620336473e-06,1.3459827430868053e-06,0.43508991008536035,387.4392027759945,1.72479236,0.0627008453
45,7.047866408463262e-07,1.8092556893345838e-06,7.047866408463262e-07,0.4059228836573581,409.907635159331,1.66351974,0.063008517
43,2.0031709988001727e-06,5.5146233919340354e-06,2.0031709988001727e-06,0.4524266820934011,376.9445079450221,3.38721633,0.0627294183
45,8.819431938276317e-07,2.4349480480636363e-06,8.819431938276317e-07,0.44678911699836155,420.84624146424966,2.58755112,0.0634605512
41,3.990589904832995e-06,9.438074719479554e-06,3.990589904832995e-06,0.5623976211764887,297.230229969679,3.20760727,0.0628296956
41,4.4221851464368665e-06,1.047354634238001e-05,4.4221851464368665e-06,0.5756559758696868,287.34685097931407,3.52730107,0.0627801195
44,4.330869002963882e-06,1.0215432183260131e-05,4.330869002963882e-06,0.5727597398643154,290.8236978639811,3.29812002,0.0628390834
42,4.0871700629265495e-06,9.640970539537952e-06,4.0871700629265495e-06,0.5658768952006026,294.5320791642215,3.18879771,0.0628204122
43,4.130241454914791e-06,9.705705232755531e-06,4.130241454914791e-06,0.5667740883416836,289.0573559831307,3.37061501,0.0628508851
42,4.122363154363979e-06,9.718758019378617e-06,4.122363154363979e-06,0.5661878092079982,289.1947647960151,3.22518086,0.0628183112
45,6.5236209247845115e-06,1.5523556091168207e-05,6.5236209247845115e-06,0.652556849351516,298.9950672563962,3.80091691,0.0628893301
45,6.968908366135825e-06,1.663652637185558e-05,6.968908366135825e-06,0.6676751027194173,302.2851892203114,3.84448004,0.0628753006
48,7.892047734755781e-06,1.9015390002106832e-05,7.892047734755781e-06,0.6956528929485697,308.1019503004883,3.94522738,0.0628253669
47,7.844017808695543e-06,1.8877039166979856e-05,7.844017808695543e-06,0.6956281464540756,309.29992740345335,3.92614317,0.06280642
45,5.7587850329962265e-06,1.359659172237258e-05,5.7587850329962265e-06,0.6261989570133103,292.58305772657127,3.63191772,0.062782608
44,6.022176244002512e-06,1.4236675550044638e-05,6.022176244002512e-06,0.637810790173452,295.4533520287172,3.45399618,0.0628466234
42,4.4029937908864985e-06,1.0339937422690354e-05,4.4029937908864985e-06,0.5764567135261901,286.2654679821832,3.46948075,0.0628011823
42,4.7891484155931e-06,1.1270590997582175e-05,4.7891484155931e-06,0.5909344169743781,286.7698966012328,3.57061887,0.062821731
43,5.339532190788223e-06,1.256062396318533e-05,5.339532190788223e-06,0.6087216026310915,284.4347383916267,3.45978856,0.0627254844
47,8.044410365706086e-06,1.9404922944386074e-05,8.044410365706086e-06,0.7070290064469797,313.9038296682576,4.09496069,0.0627907142
47,8.863272918913626e-06,2.14561028926125e-05,8.863272918913626e-06,0.7301475912209545,313.5972244966571,4.38227463,0.0628473386
49,8.775230256147773e-06,2.1281997227369304e-05,8.775230256147773e-06,0.7292547573195194,313.4592351793508,4.39661551,0.062806569
43,3.757443160640249e-06,8.845871948960804e-06,3.757443160640249e-06,0.5509918422771292,288.90060237255847,3.1667366,0.0628329292
42,3.3866135992796037e-06,7.972578274432075e-06,3.3866135992796037e-06,0.536641863614558,290.3978874441255,3.28152347,0.0628407896
41,2.6549325250725737e-06,6.292916054047864e-06,2.6549325250725737e-06,0.5056670779144686,300.7067745337942,2.81293082,0.0627867207
41,2.5273516744904375e-06,5.950940539464972e-06,2.5273516744904375e-06,0.4983982784337878,297.8051203099201,2.7715528,0.062802799
42,2.572358490789623e-06,6.068714266642928e-06,2.572358490789623e-06,0.4970140504785121,293.8418546401132,2.86489463,0.0628870353
40,2.816134088187562e-06,6.626787160830536e-06,2.816134088187562e-06,0.5130174788905416,293.454951269949,2.94150901,0.0628501028
42,2.933254993599918e-06,6.900320416150451e-06,2.933254993599918e-06,0.5152835690278952,290.2009654208972,2.89191318,0.0628328547
46,4.491898986102234e-06,1.1128840195937335e-05,4.491898986102234e-06,0.6045146597544253,381.61452312352344,3.25433874,0.0627943203
45,4.032347523031051e-06,9.913678522673392e-06,4.032347523031051e-06,0.5821668298749065,366.70691239668685,3.24592614,0.0627694055
44,4.177522004782183e-06,1.026984788145417e-05,4.177522004782183e-06,0.5874249502181567,362.2330134647248,3.22873473,0.0627982542
47,4.163994661439456e-06,1.0282408630647978e-05,4.163994661439456e-06,0.5891156498682061,372.221799225029,3.49744391,0.0628274605
41,3.289825945311548e-06,7.868007747838961e-06,3.289825945311548e-06,0.5356263226335498,309.55906972529795,3.15965486,0.0628552809
41,2.8247046597334207e-06,6.708160081693915e-06,2.8247046597334207e-06,0.5114410802908687,302.2768886086915,2.90890384,0.0628239959
42,2.960119153932508e-06,7.064247051213268e-06,2.960119153932508e-06,0.5184144089008053,302.5295274346306,3.06415939,0.06283167
43,3.940931649631392e-06,9.654001508607063e-06,3.940931649631392e-06,0.5733355506302348,348.4450641971414,3.27433586,0.0628203973
44,3.74624463025719e-06,9.077633877783878e-06,3.74624463025719e-06,0.5616147754395364,335.2059399623781,3.18352056,0.0628350005
43,3.6413751121196213e-06,8.796740772253542e-06,3.6413751121196213e-06,0.5611062386968254,339.4142754599872,2.8735323,0.0628321394
40,3.255012355111509e-06,7.723114016355187e-06,3.255012355111509e-06,0.5380943516988365,312.270018570951,2.78176522,0.0628316328
40,3.342783871255827e-06,7.991253595316252e-06,3.342783871255827e-06,0.540885204848174,311.57321034217114,3.09523582,0.0628115013
42,3.42400530105745e-06,8.228448165390264e-06,3.42400530105745e-06,0.5422607727391167,315.200452117691,3.18224359,0.0628154948
42,3.3902341638507782e-06,8.117272717566544e-06,3.3902341638507782e-06,0.5444046187774436,322.8063359798456,2.69504976,0.0628042072
42,3.4791423310241377e-06,8.399444986227347e-06,3.4791423310241377e-06,0.543660523709315,317.2759462086318,3.27011514,0.0628211424
41,3.0347151631267957e-06,7.2816843279931475e-06,3.0347151631267957e-06,0.5213720655946931,306.2589411411075,3.1490562,0.0628014058
45,3.985911527808941e-06,9.756766635215286e-06,3.985911527808941e-06,0.5766983978601175,353.9027419100269,3.26201487,0.0628165826
42,1.0011416227420471e-05,4.151591045451075e-05,1.0011416227420471e-05,0.527423621527032,368.32332430023905,16.2663555,0.0627783611
48,9.758167805179696e-06,2.365310326689959e-05,9.758167805179696e-06,0.7629377138800242,317.6738350854128,4.72970009,0.0628434569
48,9.404387590220923e-06,2.271776001925909e-05,9.404387590220923e-06,0.7503644930954607,313.25649551009053,4.60723162,0.0628347769
49,1.1238697546607073e-05,2.739716645824778e-05,1.1238697546607073e-05,0.8015061793159571,320.3781205030786,5.0678525,0.0628246069
50,1.244512000735417e-05,3.058999278179468e-05,1.244512000735417e-05,0.8378822839322967,325.85529682666527,5.43796301,0.0627979785
54,1.346607226998413e-05,3.3269151132464016e-05,1.346607226998413e-05,0.8859619247745673,344.67133172568646,5.51577425,0.0628094301
53,1.2003362143729165e-05,2.956752233665548e-05,1.2003362143729165e-05,0.8388848792249612,333.16066348492785,5.14883041,0.0627925545
55,1.3949767944882762e-05,3.4839464108967996e-05,1.3949767944882762e-05,0.9045935692558121,349.6674996187803,5.78676271,0.0629233643
56,1.5221044622794396e-05,3.898223367275101e-05,1.5221044622794396e-05,0.9285935399312872,351.39835525618975,7.33470631,0.0627669394
57,1.3592904415583247e-05,3.385100315979025e-05,1.3592904415583247e-05,0.8829148756004076,343.0895833727216,5.76106596,0.0628249645
65,4.8465380898343856e-05,0.00019741393586689796,4.8465380898343856e-05,1.0739453485321746,362.33131312672714,27.5891075,0.0627004653
67,0.00011569910448772762,0.0005114914726758407,0.00011569910448772762,1.3030285094854916,373.538802840752,40.4609756,0.0627927482
44,2.8691491375537787e-06,9.102282772604986e-06,2.8691491375537787e-06,0.4203227972265584,355.01991887360117,5.12974358,0.0628034025
99,0.0001101202557973657,0.00030678449686808806,0.0001101202557973657,3.2350824133836555,833.6119519532658,13.5949602,0.0605869293
80,5.5601940715445386e-05,0.00015520718899425165,5.5601940715445386e-05,1.9060933858922076,664.0855329329701,11.7604179,0.0636224225
87,7.748639902012834e-05,0.0002130003525580612,7.748639902012834e-05,2.213333121816666,683.0949729523129,9.07590675,0.0639240816
77,1.1050144880394055e-05,3.0941929004244254e-05,1.1050144880394055e-05,1.0215352202355208,592.6619230967715,6.08543777,0.0629182607
117,0.0002952499664189979,0.0008528098286184481,0.0002952499664189979,5.194614088997738,1027.442849451062,23.2538261,0.0564734489
67,5.386631404011079e-06,1.527206246765115e-05,5.386631404011079e-06,0.6820397121905384,531.9362495850673,5.58728886,0.0627416
68,5.153367919577619e-06,1.4766260529503093e-05,5.153367919577619e-06,0.6524134064775879,523.58661409131,5.25690794,0.0626212433
73,8.042708234791433e-06,2.270739883482748e-05,8.042708234791433e-06,0.886479293833401,574.8863205607998,5.50403309,0.0628011227
65,4.899112783776587e-06,1.393636567511349e-05,4.899112783776587e-06,0.7002491092976205,546.2699790643035,4.30380106,0.0626814812
72,6.113109838439754e-06,1.8604329160960292e-05,6.113109838439754e-06,0.7608839228622911,560.160204795397,6.09534693,0.0627456382
62,6.578728977783412e-06,1.7574587584916593e-05,6.578728977783412e-06,0.712493487469731,498.33404696383246,4.5628891,0.0627206564
64,4.231672976898821e-06,1.201275906178161e-05,4.231672976898821e-06,0.613787310933591,517.020864872036,4.48021173,0.0626358613
63,4.413614580126813e-06,1.2564884690120517e-05,4.413614580126813e-06,0.6099007543946455,510.08944759562013,4.46344948,0.062688522
62,6.402910109936966e-06,1.7501733934444144e-05,6.402910109936966e-06,0.6897044340454411,499.46737590629493,4.42548418,0.0627165362
55,8.763141923007447e-06,2.2468009610679395e-05,8.763141923007447e-06,0.778016207007779,468.49016395435825,4.59115124,0.0627664328
53,9.277747168215012e-06,2.361485619129757e-05,9.277747168215012e-06,0.7910776261358665,461.4285230101643,4.4224,0.0628050268
61,7.286361721696951e-06,1.910943224051506e-05,7.286361721696951e-06,0.7351969738653265,488.78709545684103,4.14503765,0.062755689
60,8.431909688176911e-06,2.1466715826954868e-05,8.431909688176911e-06,0.7799870712685751,477.48197952977296,4.40847826,0.062752828
60,7.60275159743165e-06,1.962380339261412e-05,7.60275159743165e-06,0.7514320850158962,481.4271909985624,4.3023572,0.0627537817
54,9.552063816251363e-06,2.4293609335861217e-05,9.552063816251363e-06,0.7810199020749786,446.01133834656775,3.99468827,0.0628049448
54,9.467557510751112e-06,2.4141526159109014e-05,9.467557510751112e-06,0.7866677344558639,454.4589955292913,4.51534557,0.0627953112
51,9.570663280715072e-06,2.435069525788061e-05,9.570663280715072e-06,0.7759896345848597,436.5452816651235,3.83778095,0.0628082752
49,9.53942997211281e-06,2.4344272569766483e-05,9.53942997211281e-06,0.7676257824965589,424.98357554296837,3.96944046,0.0627878234
48,8.936524762665056e-06,2.2798522301981244e-05,8.936524762665056e-06,0.7470898358959657,417.074930963237,3.96567321,0.0627662539
48,7.766283199357662e-06,1.9571235365792102e-05,7.766283199357662e-06,0.7168954817279882,409.856887536319,3.60187578,0.062804088
50,6.1561822180253815e-06,1.5441437776763913e-05,6.1561822180253815e-06,0.6682045306160722,401.146566123973,3.47831297,0.0627903491
45,4.935680831697654e-06,1.2271835613772554e-05,4.935680831697654e-06,0.6261914008609931,389.8851192400615,3.52786565,0.062807925
46,6.009656366846816e-06,1.5096993335926542e-05,6.009656366846816e-06,0.6575133988002481,393.84484880308185,3.46990108,0.0628001094
78,1.0347772022723222e-05,2.4519719956205208e-05,1.0347772022723222e-05,1.2640320288461335,496.5253972194644,5.94266415,0.0645883456
74,7.71074290951053e-06,2.0406717680894325e-05,7.71074290951053e-06,1.1472172270452299,529.1778718462656,5.35057926,0.0610615201
45,9.590607177197158e-07,2.481687961131769e-06,9.590607177197158e-07,0.40813103649317756,392.6734890861073,2.28396344,0.0629300624
44,1.061232551289106e-06,2.7063116444587142e-06,1.061232551289106e-06,0.40161126351145904,380.41102775360673,2.15931249,0.0627008155
43,9.615768524294583e-07,2.664243069569608e-06,9.615768524294583e-07,0.4318312739812134,403.31454513685844,2.52027273,0.0635222569
46,1.8474777346156665e-06,5.195463400432393e-06,1.8474777346156665e-06,0.42935270894572924,370.14451071622875,3.48455954,0.0627864152
76,1.13398481286878e-05,2.658130830413189e-05,1.13398481286878e-05,1.2325298844469201,461.2116088209503,6.65082312,0.0643476024
42,4.175464928997142e-06,9.829994387702184e-06,4.175464928997142e-06,0.5649216868271084,285.45129807742154,3.3087883,0.0627935603
40,4.13439521625909e-06,9.667382072023253e-06,4.13439521625909e-06,0.5647842222465048,278.9959334240768,3.08657646,0.0627805293
42,3.7104874668938933e-06,8.679883007658777e-06,3.7104874668938933e-06,0.5470135676395625,281.95521760147494,3.1685822,0.0628198013
42,4.02865620991289e-06,9.427017842060254e-06,4.02865620991289e-06,0.5607944020694597,281.51567562594664,3.14078808,0.0628354624
41,3.934094600270263e-06,9.172646595325858e-06,3.934094600270263e-06,0.558122645261056,281.4516696080377,3.10431266,0.0628419966
46,6.899667261638775e-06,1.6396989341597057e-05,6.899667261638775e-06,0.6657596408201052,297.4250407749649,3.78356338,0.0628201216
48,7.1418864116362515e-06,1.7061694400039095e-05,7.1418864116362515e-06,0.6731602143865745,300.3063769461057,3.68811345,0.0628283992
47,6.248496184769359e-06,1.4754041789040217e-05,6.248496184769359e-06,0.6417606877569869,289.3117057575221,3.76177979,0.0627508387
46,7.796063967563757e-06,1.8667861185705497e-05,7.796063967563757e-06,0.6928752682191791,301.51563904429486,3.92686248,0.0628385767
48,8.214042093185858e-06,1.9724691168362042e-05,8.214042093185858e-06,0.708418574078866,305.0634065614373,4.08346319,0.0627965033
45,5.697178079264235e-06,1.3400430403624325e-05,5.697178079264235e-06,0.6236948838572257,288.6835947739319,3.56384492,0.0627364963
42,4.365550883578994e-06,1.0188659871103178e-05,4.365550883578994e-06,0.5733527441206807,278.50848997467244,3.52475739,0.0628300756
44,4.716991764255418e-06,1.0990653458306996e-05,4.716991764255418e-06,0.5864948970305026,280.26881177377027,3.47424364,0.0628140345
43,5.01614300606046e-06,1.1669145259021418e-05,5.01614300606046e-06,0.6000677398056062,280.1666083119912,3.33905172,0.062762022
42,5.591768536818787e-06,1.3030783630063607e-05,5.591768536818787e-06,0.6208505742245086,280.036882816824,3.40352988,0.0627714247
46,8.722064241508377e-06,2.0986506931027014e-05,8.722064241508377e-06,0.7267760018253603,307.3292911767535,4.30829525,0.0628299266
49,8.263410293392252e-06,1.9828863608970717e-05,8.263410293392252e-06,0.712223521377327,304.0266329862739,4.24335003,0.0628073215
42,3.6545456398669615e-06,8.594155473567422e-06,3.6545456398669615e-06,0.5448251590692964,284.10365088028044,3.18194962,0.0628265366
40,3.214605433236126e-06,7.524198601662521e-06,3.214605433236126e-06,0.5298997787855763,286.15872632142026,2.80012608,0.0628222004
43,2.5546695793662043e-06,6.0097879777593646e-06,2.5546695793662043e-06,0.49702494869630287,297.7831947618167,2.69463682,0.0628127754
40,2.391342814250356e-06,5.638589220287732e-06,2.391342814250356e-06,0.4855985768819252,292.02488616186173,2.64862561,0.0628420785
42,2.512976790577485e-06,5.915457453808365e-06,2.512976790577485e-06,0.4927647708686681,288.9801480603628,2.85430193,0.0629207045
41,2.752308147976051e-06,6.469679680972819e-06,2.752308147976051e-06,0.5044058980410249,286.2997102304337,2.98314071,0.0628753901
40,3.042299523778738e-06,7.0809274194323805e-06,3.042299523778738e-06,0.5204708170294873,283.9430284881155,2.91200209,0.0628256947
45,4.541656500302814e-06,1.1255927743226699e-05,4.541656500302814e-06,0.6084765520540706,382.1743824651463,3.3994894,0.0628194809
45,4.020743407289967e-06,9.845484199737928e-06,4.020743407289967e-06,0.579869034183598,359.7232936231207,3.32188034,0.0627952665
45,3.845216412249298e-06,9.448357599952427e-06,3.845216412249298e-06,0.5702911053993814,361.3428239864186,3.15045929,0.0628250688
45,4.149105828036901e-06,1.0265422949504866e-05,4.149105828036901e-06,0.5877253023260721,371.62389758894403,3.51082182,0.0628316477
41,2.7166606397671436e-06,6.447807731125526e-06,2.7166606397671436e-06,0.5051094913867012,297.4605962698421,2.91725469,0.0628454015
42,2.82156215157999e-06,6.74690883871456e-06,2.82156215157999e-06,0.5084798346619719,300.9518991818629,2.8892405,0.0627870038
42,2.595006020220324e-06,6.145907928470016e-06,2.595006020220324e-06,0.49699599846835607,295.2134679830088,2.79020333,0.0628455356
44,3.808053900613249e-06,9.293911926927246e-06,3.808053900613249e-06,0.5666048354615761,345.32060189313023,3.20513582,0.0628112927
43,3.555509243185994e-06,8.56059239723032e-06,3.555509243185994e-06,0.5531317301296919,329.0732460002814,2.82750702,0.062813133
42,3.535141897003053e-06,8.573207115439066e-06,3.535141897003053e-06,0.5527631551823691,335.81317303666583,3.17138195,0.0628247783
39,3.2137655093987435e-06,7.636271717614957e-06,3.2137655093987435e-06,0.533906724604252,308.5424156939017,2.77405047,0.0628400594
41,3.1307049881228374e-06,7.4496523527222455e-06,3.1307049881228374e-06,0.5294988650228708,309.051552781624,2.74895644,0.0628392696
42,3.3956714593902906e-06,8.190885038961503e-06,3.3956714593902906e-06,0.5426986559232455,324.56901573364325,3.03952432,0.0628131628
41,3.2007272815142293e-06,7.66407010968268e-06,3.2007272815142293e-06,0.5316955904596717,311.30915785271486,3.14049602,0.0628351942
42,3.3223798053722948e-06,8.038980786234812e-06,3.3223798053722948e-06,0.5362441427172362,320.2297655907862,3.18733764,0.0628340021
40,2.979205694375549e-06,7.088291228263324e-06,2.979205694375549e-06,0.5189985413260219,303.00476023731323,2.96537113,0.0627917349
44,3.7805117809789406e-06,9.214142449285024e-06,3.7805117809789406e-06,0.5678604577139058,349.1048287364703,3.09731936,0.0628295243
47,1.0308515718852563e-05,2.4900222731838424e-05,1.0308515718852563e-05,0.7721740750157232,309.66231494091215,4.78005409,0.0628095344
49,8.893889445455882e-06,2.1300126985241732e-05,8.893889445455882e-06,0.7328374038687159,303.7767720724408,4.44354582,0.0628417358
49,1.1509592174735327e-05,2.796355208081879e-05,1.1509592174735327e-05,0.8057581650134525,312.57804687158506,4.94869041,0.0628046244
51,1.2512117938647512e-05,3.073537293947953e-05,1.2512117938647512e-05,0.8383772192997141,324.00376550910136,5.34759617,0.0628005639
53,1.1576181654514368e-05,2.835316699384266e-05,1.1576181654514368e-05,0.8180828524219311,322.66181168996803,5.18650818,0.0627950504
53,1.2314152153790658e-05,3.0377353520003677e-05,1.2314152153790658e-05,0.8424283315909233,329.89003649579104,5.4821105,0.0627978519
53,1.286057429023842e-05,3.1830018060401324e-05,1.286057429023842e-05,0.8718292249084197,338.7353578360748,5.60310221,0.0628794208
56,1.4244003304441142e-05,3.5663715898834714e-05,1.4244003304441142e-05,0.9084817022037197,344.47684562633106,5.75331974,0.0629102364
58,1.3986861034225933e-05,3.472541584070633e-05,1.3986861034225933e-05,0.9160602113067806,345.3491032637785,6.06886482,0.0626924336
64,4.168125436247792e-05,0.0001785332027002723,4.168125436247792e-05,1.0183567580687565,355.7688918229034,27.6375561,0.0626285672
66,4.247496462332993e-05,0.00016975485964814557,4.247496462332993e-05,1.1289886185402846,363.8726555693142,28.098917,0.0626580045
42,1.614923136034048e-06,4.770422229028052e-06,1.614923136034048e-06,0.3982304196589534,363.49530510519077,3.62630558,0.0627700835
42,2.1639245976120943e-06,6.752612449765582e-06,2.1639245976120943e-06,0.3989041754712702,352.8118743635425,4.30197287,0.0627290532
100,0.00013089645056035026,0.0003606654228043565,0.00013089645056035026,3.376784034013246,819.5669379769383,10.7390842,0.0606846437
77,2.536168825892332e-05,7.238316478556066e-05,2.536168825892332e-05,1.3620698236329323,620.2151505016533,9.04146385,0.0633974746
88,0.00011889946017588942,0.00031915125146429047,0.00011889946017588942,2.570971097425907,672.1161808003101,9.76606655,0.0641970038
76,1.993684518391005e-05,5.708837033925525e-05,1.993684518391005e-05,1.2086429172542774,598.2325940793886,8.61545849,0.0632185265
114,0.0002273352900024223,0.0006536797223929692,0.0002273352900024223,4.510812004224263,953.9916712639763,16.794281,0.056561213
68,5.216371196303545e-06,1.555757254173601e-05,5.216371196303545e-06,0.6907871646765962,542.9270979622062,5.50242662,0.0627387241
65,4.4950289794872976e-06,1.3119942238860627e-05,4.4950289794872976e-06,0.6500013267986211,530.5859375024578,4.80854273,0.0626673773
72,8.247984434499402e-06,2.4970632591238567e-05,8.247984434499402e-06,0.829471793348452,559.6676278978829,6.50527859,0.0628210455
66,4.463074957124426e-06,1.3019240897158553e-05,4.463074957124426e-06,0.623704030085295,518.1611469852483,4.77039528,0.0626510233
68,4.1082268390214684e-06,1.1794570171378557e-05,4.1082268390214684e-06,0.5943563097696265,509.0469773605878,4.36671591,0.0627188236
60,5.108209930900334e-06,1.4121993612309884e-05,5.108209930900334e-06,0.6374031102105975,500.55174939988814,4.33883142,0.0627356544
61,7.259658805618036e-06,1.9762799781022003e-05,7.259658805618036e-06,0.7134655479399689,492.4306977140635,4.22942495,0.0627466217
57,9.02011638036465e-06,2.3036316371162237e-05,9.02011638036465e-06,0.782358682065989,464.25386654348864,4.62770224,0.0627886802
53,9.230416458041837e-06,2.348567461705248e-05,9.230416458041837e-06,0.781228069844972,455.2132917638283,4.37427378,0.0627998486
60,6.706838628705436e-06,1.825614500960035e-05,6.706838628705436e-06,0.6905652040804604,488.33224696083147,4.01954699,0.0627422854
59,8.150218225094404e-06,2.082620945478361e-05,8.150218225094404e-06,0.7682036043531041,472.6323376856384,4.22474957,0.0627912804
61,7.950764280303457e-06,2.0605195699418215e-05,7.950764280303457e-06,0.7531575189399695,477.34046114796274,4.37808657,0.0627763867
59,7.789465861869884e-06,2.075623849634016e-05,7.789465861869884e-06,0.7351078152724085,479.9798361681834,4.35528088,0.0627577454
53,9.191963307312245e-06,2.331624687624027e-05,9.191963307312245e-06,0.7737980051151306,445.4679291673413,4.14766788,0.0628012866
53,9.30268624934432e-06,2.3707633292829742e-05,9.30268624934432e-06,0.763214028703171,431.9688180351473,3.77448606,0.0628103167
53,9.201730946442415e-06,2.3375739547911136e-05,9.201730946442415e-06,0.7673721076394107,439.915241719715,4.08243656,0.0628151894
50,9.156724481753028e-06,2.3374618043243235e-05,9.156724481753028e-06,0.7534725311256246,422.4466235983746,3.87467575,0.062805973
50,8.666572556755777e-06,2.2138078950561604e-05,8.666572556755777e-06,0.7345427346170381,412.5713037136111,3.90129256,0.0628107488
49,7.56857551091355e-06,1.928650404087051e-05,7.56857551091355e-06,0.7014869102270641,403.59716692201965,3.82267141,0.062802352
50,5.167691123128905e-06,1.2923967312215631e-05,5.167691123128905e-06,0.6267310985327319,386.9963931896178,3.55977917,0.0628478304
46,7.029963542528358e-06,1.7895769288075168e-05,7.029963542528358e-06,0.681900689981325,394.5424308854817,3.74684858,0.0628213361
71,7.786391993894633e-06,2.1110092719679488e-05,7.786391993894633e-06,1.1566669057473031,535.9612972877147,5.56369925,0.0598330274
42,9.61972709674807e-07,2.5856751547670116e-06,9.61972709674807e-07,0.40870645553739343,390.9171553767383,2.38332319,0.0630199462
41,1.3522365222616297e-06,3.75599740507585e-06,1.3522365222616297e-06,0.40404748828343695,372.31608313460464,3.23101687,0.062729679
43,1.0906503385838357e-06,3.0464612577540668e-06,1.0906503385838357e-06,0.3948035826749884,377.2997957876242,3.1013422,0.0627477095
48,1.152894303737087e-06,3.586783970677273e-06,1.152894303737087e-06,0.4240710502246208,395.5166030384113,3.65251589,0.0638591126
68,9.190192537954687e-06,2.1769572140381663e-05,9.190192537954687e-06,1.1203952475761945,455.9449646592626,4.68876219,0.0645825118
41,4.23529529063944e-06,9.879898579200334e-06,4.23529529063944e-06,0.5663511239899972,275.52266876062185,3.51466489,0.0627907589
41,3.842877773859448e-06,8.984728614152958e-06,3.842877773859448e-06,0.5507643079871436,275.67660590691355,3.19159031,0.0628570765
41,3.742725468375407e-06,8.614257645306896e-06,3.742725468375407e-06,0.5481216161469831,270.4043737480752,2.78003144,0.0628608614
42,3.678116621261878e-06,8.609105698810839e-06,3.678116621261878e-06,0.5442681711491452,279.4299355186865,3.14055061,0.0628053024
41,3.5295884230943087e-06,8.178190446358047e-06,3.5295884230943087e-06,0.5391476421061802,274.9932301890828,2.77048993,0.0628301725
42,3.7796858394716055e-06,8.781083453500469e-06,3.7796858394716055e-06,0.5495730740478141,275.7219640096508,3.08911157,0.0628362447
47,6.556310848878656e-06,1.5534928594670244e-05,6.556310848878656e-06,0.6513793856547688,290.92567865779455,3.68399501,0.0627584755
47,7.170142268715971e-06,1.7042385062219578e-05,7.170142268715971e-06,0.6703546159278214,293.8786757509483,3.82018042,0.0628265068
45,6.0269173414470606e-06,1.4131038048427164e-05,6.0269173414470606e-06,0.6336708342118302,284.4637678597311,3.58251405,0.0627861768
45,6.184842392892932e-06,1.449235739306332e-05,6.184842392892932e-06,0.639309410095049,283.2088559646835,3.71717691,0.0627952442
47,7.705809933704089e-06,1.8308847101367592e-05,7.705809933704089e-06,0.688029038619663,294.3531662026938,3.87828422,0.062802352
46,7.88383817564461e-06,1.87788800150725e-05,7.88383817564461e-06,0.6979836236146595,296.41846984819585,4.02653456,0.0627970621
41,4.4120966431338535e-06,1.0223410441126807e-05,4.4120966431338535e-06,0.5738418376040935,272.7579217523315,3.22804642,0.0628454238
41,4.726291774507692e-06,1.0929807141303543e-05,4.726291774507692e-06,0.5867938048045696,272.2795460325393,3.23082876,0.0628070831
42,5.182992397451036e-06,1.2000280930315268e-05,5.182992397451036e-06,0.6049123340123213,273.50071285171873,3.51165271,0.062800996
44,5.755248272385468e-06,1.3415084393734678e-05,5.755248272385468e-06,0.6225296011670232,274.63383202928287,3.59424806,0.0628286898
48,8.39189946285206e-06,2.009561875202601e-05,8.39189946285206e-06,0.71427866925072,301.23318919169,4.26391268,0.0627951697
46,7.89153016486072e-06,1.8746577437258582e-05,7.89153016486072e-06,0.6998984420923334,293.7676525379801,4.0970006,0.0627979189
39,3.317188964595895e-06,7.732306515951672e-06,3.317188964595895e-06,0.5325925767197718,279.84276423832506,2.99200964,0.0628369525
39,2.423059217067663e-06,5.655202261231799e-06,2.423059217067663e-06,0.4933714693332826,289.4257383808281,2.58943772,0.0628084019
41,2.366682020106581e-06,5.578410095893373e-06,2.366682020106581e-06,0.48355955639047743,287.0665153070995,2.82242799,0.0628651306
39,2.5635682861274254e-06,6.014455695355522e-06,2.5635682861274254e-06,0.49452626023067797,282.1410210840693,2.87960935,0.0628862157
42,2.4064139831146586e-06,5.653668169375272e-06,2.4064139831146586e-06,0.4849657930746611,282.2785711825748,2.82723689,0.0628558099
42,2.8003406415750757e-06,6.554801058068674e-06,2.8003406415750757e-06,0.5054735004417984,279.72587196281853,3.02921319,0.062844865
40,2.956240232112932e-06,6.8976525916430874e-06,2.956240232112932e-06,0.5140096431395629,277.08690842857897,3.14110136,0.062837258
41,3.2694208459871247e-06,7.655131810510996e-06,3.2694208459871247e-06,0.5281813586572146,278.0078132466393,3.0261507,0.0628487021
44,4.21121450474132e-06,1.0376973085529255e-05,4.21121450474132e-06,0.5924307430277913,374.3429436122486,3.29120207,0.0628292933
45,3.968152993759719e-06,9.71651980531192e-06,3.968152993759719e-06,0.5754015846713426,355.03752986578087,3.14820647,0.0628318042
43,3.7072321274769185e-06,9.090580189866703e-06,3.7072321274769185e-06,0.5663771747961721,357.897550122811,3.24379134,0.0628251806
45,3.945251009882866e-06,9.697292114972098e-06,3.945251009882866e-06,0.578816619319698,365.37919456520274,3.28548431,0.0627825782
40,2.755994368148152e-06,6.455478000103195e-06,2.755994368148152e-06,0.5091384630575155,297.98898932206396,2.55247068,0.0628229678
41,2.4364780988743953e-06,5.705814292704129e-06,2.4364780988743953e-06,0.49006728555889667,289.7529828138596,2.7255547,0.0628516003
40,2.65957550190357e-06,6.316181751549791e-06,2.65957550190357e-06,0.49893931123710494,290.5163558590696,2.98867893,0.0629084408
43,3.583771068548614e-06,8.71646184582382e-06,3.583771068548614e-06,0.5553387792365201,338.8076603497221,3.0824964,0.0628246292
43,3.5197491414455883e-06,8.485867422122663e-06,3.5197491414455883e-06,0.5512170505008224,329.23492012503226,2.96092033,0.0628293157
39,2.93259484977565e-06,6.914385756495791e-06,2.93259484977565e-06,0.5200069417404461,301.83045079147394,2.62008858,0.062842764
41,2.9980967936045984e-06,7.0964782082404865e-06,2.9980967936045984e-06,0.5200297620264487,301.563645683134,2.93463302,0.0628591478
40,2.94229656172223e-06,6.980886712620504e-06,2.94229656172223e-06,0.5176639654687732,302.64571662214126,2.80023718,0.0628199354
42,3.0726685737202495e-06,7.362605605574903e-06,3.0726685737202495e-06,0.5237419192069501,308.94022735660974,3.00855994,0.062824063
43,3.1177179864580276e-06,7.4877604328497826e-06,3.1177179864580276e-06,0.5263354933544789,314.74329936115925,3.05303335,0.0628394037
43,3.3252173070566434e-06,7.992275645644926e-06,3.3252173070566434e-06,0.5389019244169835,324.01354238744057,2.93560338,0.0628268048
42,2.9884526562212205e-06,7.102356084614613e-06,2.9884526562212205e-06,0.5170259340045343,298.20344881321097,3.12388182,0.0628392026
42,3.7957427620661544e-06,9.257663152058782e-06,3.7957427620661544e-06,0.5688052762017896,347.84236645422277,3.13273668,0.0628270432
42,3.52577527014735e-06,8.528581552614481e-06,3.52577527014735e-06,0.555335262631279,340.1299865874009,3.01942015,0.0628334358
48,1.0047454545071776e-05,2.4080624777471766e-05,1.0047454545071776e-05,0.7633955460067395,302.3612309930955,4.62297106,0.0628128275
51,1.0705175003440033e-05,2.5870961421061345e-05,1.0705175003440033e-05,0.7797611287337208,302.61535573663554,5.08344269,0.0628257841
48,9.137975434176423e-06,2.179663434827091e-05,9.137975434176423e-06,0.7362386706785982,297.26613236814603,4.4174614,0.0628244206
48,1.1554818967452102e-05,2.8140755068214637e-05,1.1554818967452102e-05,0.811068636209913,314.21290197861475,5.26662159,0.0628140569
50,1.0695285655237915e-05,2.5918166621973192e-05,1.0695285655237915e-05,0.7876411548240531,307.39994757032605,5.05247211,0.0627912655
54,1.1496419044764804e-05,2.814661422442192e-05,1.1496419044764804e-05,0.8134499432581577,317.83025280596854,5.12638664,0.0627447367
51,1.1815990687402288e-05,2.914297581689613e-05,1.1815990687402288e-05,0.8320293522639538,325.55274497864735,5.34070015,0.0627627522
55,1.3354965967128081e-05,3.328043879256374e-05,1.3354965967128081e-05,0.8760313359196129,336.2920862568508,5.68387032,0.0628206357
56,1.3265503475326996e-05,3.2821313074209355e-05,1.3265503475326996e-05,0.8803187237798173,334.5255600829955,6.00743246,0.0628031343
58,1.3503275326630714e-05,3.266326601933422e-05,1.3503275326630714e-05,0.9143032785499676,339.70383270535257,5.59480858,0.0627034605
60,1.4260180464975016e-05,3.521961752087073e-05,1.4260180464975016e-05,0.9408537291924364,345.9960357196606,8.44650459,0.0626194179
66,2.5298972052771592e-05,8.8094270017671e-05,2.5298972052771592e-05,1.0462294475478262,360.6272355810384,20.3379784,0.0625963211
39,1.945725591540641e-06,6.207774106759663e-06,1.945725591540641e-06,0.3832310129748183,347.72069442978284,4.10584259,0.0626937822
44,1.4552858943737028e-06,4.3818780144455414e-06,1.4552858943737028e-06,0.3889343991662749,364.7699571113994,3.58078289,0.0627812594
39,1.8390296638380148e-06,5.7262192603344445e-06,1.8390296638380148e-06,0.38534020706638605,352.94271265944263,3.98782849,0.0627043322
97,0.000169561005861854,0.00046685712006007684,0.000169561005861854,3.3681420911547715,772.4969706386838,15.7211342,0.0619777963
81,7.381176897594275e-05,0.00020019898041310043,7.381176897594275e-05,2.0657102375194767,640.9841760155605,8.24580002,0.0639330447
73,1.4576043513995562e-05,4.144265105414714e-05,1.4576043513995562e-05,1.0722999406374705,584.2881631616793,6.43927431,0.0632225126
112,0.0003670699977343607,0.0010709685301905215,0.0003670699977343607,4.811350800587538,874.5428654399518,33.8964844,0.058782313
72,5.9553702251091805e-06,1.805603989641446e-05,5.9553702251091805e-06,0.708327434703833,541.4992470596305,5.82924747,0.0627581403
69,5.077773095860499e-06,1.5145733590156608e-05,5.077773095860499e-06,0.6557744889311554,527.0401017343323,5.26547194,0.06271559
70,8.372095199889578e-06,2.447935820881013e-05,8.372095199889578e-06,0.8131505806481948,547.0454506780753,6.12508297,0.0628927425
64,4.191842351666837e-06,1.2158760041408488e-05,4.191842351666837e-06,0.6016178125997583,513.8221865712807,4.24008989,0.0627243966
62,4.41613788878877e-06,1.2392720998056173e-05,4.41613788878877e-06,0.6085569332318462,501.7864143776687,4.23854494,0.0627656579
60,5.861128957576096e-06,1.6013072053930602e-05,5.861128957576096e-06,0.6631712280536439,493.6051969938384,4.02299595,0.0627337769
57,8.604745918436812e-06,2.1904112643286804e-05,8.604745918436812e-06,0.7727389685517408,461.86998137542014,4.19885111,0.0627502352
55,8.847770276789086e-06,2.2464541006624838e-05,8.847770276789086e-06,0.7697331755801665,453.46293338692726,4.27242947,0.0627860576
52,8.443196415361535e-06,2.147683563182969e-05,8.443196415361535e-06,0.7513277193635233,444.6681871494096,4.11788511,0.062798962
60,6.08673517644836e-06,1.6693402393731984e-05,6.08673517644836e-06,0.6620181531278349,485.04064046528055,4.16403246,0.0627128854
57,8.043768726896989e-06,2.071133293051583e-05,8.043768726896989e-06,0.7550931174327502,468.7286917473407,4.14588547,0.0628193542
57,7.729528810893239e-06,1.9743358036262256e-05,7.729528810893239e-06,0.7532144313659755,472.20089872346085,4.19193554,0.0627924427
59,8.420455397617601e-06,2.2721817882121385e-05,8.420455397617601e-06,0.74325824782888,475.49362966320837,4.65415621,0.0627407804
59,4.563139628628477e-06,1.2650261933609225e-05,4.563139628628477e-06,0.6030395057735854,483.73333713505707,4.1406889,0.0627265126
52,8.616612790966438e-06,2.185962127209734e-05,8.616612790966438e-06,0.745498089958557,431.3261442751831,3.66342688,0.0627996773
50,8.89351334636023e-06,2.2668399151383966e-05,8.89351334636023e-06,0.7459028871194548,420.44277159214727,3.84616518,0.0628508404
49,8.362913568592014e-06,2.1373200605816708e-05,8.362913568592014e-06,0.7251067719277621,409.6169085046322,3.82487965,0.0628369004
50,8.313552432560288e-06,2.119447204117823e-05,8.313552432560288e-06,0.7218646833840456,403.96597511740345,3.80390882,0.0628404841
47,5.911261194198217e-06,1.4805639811037257e-05,5.911261194198217e-06,0.6506630016564675,388.2516410346991,3.4175632,0.0628297254
48,7.371469991360789e-06,1.8864725951688595e-05,7.371469991360789e-06,0.6859392581538507,393.45523124356976,3.80196953,0.0628317595
74,7.866964917327586e-06,2.1197652658447232e-05,7.866964917327586e-06,1.252673196943388,578.8842374901072,4.65585852,0.0564113669
73,8.097203098729958e-06,2.1225711234449236e-05,8.097203098729958e-06,1.1154838845955473,498.9944272034728,5.2142396,0.0603378415
46,1.1914002730075337e-06,3.599185886166454e-06,1.1914002730075337e-06,0.4021818806316486,377.60508827328727,3.59680414,0.0632178932
72,9.136571125281342e-06,2.1636798960157108e-05,9.136571125281342e-06,1.0559748612003423,432.2020654123957,5.04902458,0.0643782616
42,3.91103686733501e-06,9.045745013274052e-06,3.91103686733501e-06,0.5516151219919961,269.1591532035916,3.40029502,0.0627992526
40,4.318990823623103e-06,9.978669347239392e-06,4.318990823623103e-06,0.571200604656176,269.98050386365026,3.27771997,0.0628793985
42,3.7353495735302424e-06,8.68496322972443e-06,3.7353495735302424e-06,0.5435287883157969,270.8457738159718,3.14688063,0.0628153831
41,3.6113458037888145e-06,8.308530691528141e-06,3.6113458037888145e-06,0.5411731633091263,265.2572771558121,2.99444699,0.0628783628
41,3.4967752994065894e-06,8.15787368861979e-06,3.4967752994065894e-06,0.5338704342376868,272.7963041347305,3.13705492,0.0628267974
40,3.5655175710453496e-06,8.259918250470129e-06,3.5655175710453496e-06,0.5395699141040204,269.7342001779231,2.93741655,0.062801756
41,3.7130526497796982e-06,8.606103377770688e-06,3.7130526497796982e-06,0.5450388516071636,268.0785321049255,3.05685139,0.0627906322
46,6.463208334043951e-06,1.5236232648049566e-05,6.463208334043951e-06,0.6460383863574388,286.15066249212197,3.91200161,0.062763609
47,6.704276683758167e-06,1.5820958051285492e-05,6.704276683758167e-06,0.6548719186377535,286.3246243164593,3.720891,0.0628476217
45,5.817738789448452e-06,1.3539337545340544e-05,5.817738789448452e-06,0.6267933354557347,276.36873137982286,3.63637185,0.0628628582
45,6.0488089155259065e-06,1.4088229239580475e-05,6.0488089155259065e-06,0.6333202731557473,277.3672328025171,3.75714254,0.0628439561
47,7.65228295550008e-06,1.813241859734454e-05,7.65228295550008e-06,0.6860487169187443,289.212766078965,3.85660028,0.0628183559
41,4.974514372912312e-06,1.1431559115062435e-05,4.974514372912312e-06,0.5977529541723259,269.05476281631945,3.04884744,0.0628183112
42,4.327273735340476e-06,9.97651863440616e-06,4.327273735340476e-06,0.5688789421289284,265.5071047165346,3.36142468,0.0628616214
45,5.292912349655215e-06,1.2219889166654259e-05,5.292912349655215e-06,0.6051793120629313,267.51344783920143,3.43046594,0.0628085211
44,5.46717996309019e-06,1.2617825228359057e-05,5.46717996309019e-06,0.613962692328765,268.57147408695744,3.66038871,0.0628497005
47,8.194860021803542e-06,1.9419734764758776e-05,8.194860021803542e-06,0.7059645717754478,291.2727787058008,4.09725666,0.0628454983
49,7.491285166782786e-06,1.7628562433073735e-05,7.491285166782786e-06,0.6817857921041145,284.0745076570541,4.06431389,0.0628897026
40,2.4298858568604776e-06,5.726864961368536e-06,2.4298858568604776e-06,0.4867101540331569,283.2171503265455,2.82000947,0.0628067553
41,2.317325588454279e-06,5.382397953229083e-06,2.317325588454279e-06,0.48445352479963577,285.9789406816634,2.2846632,0.062811248
39,2.5008419684642258e-06,5.819138129601375e-06,2.5008419684642258e-06,0.49076507690913,276.82441799477294,2.91773939,0.0628550127
42,2.3909431064680257e-06,5.598117892950895e-06,2.3909431064680257e-06,0.48247837558081746,279.06036422735,2.80676007,0.0628325269
40,2.6863494737573705e-06,6.179250103131832e-06,2.6863494737573705e-06,0.5000988508146803,271.5213758384927,2.7032392,0.0628455952
41,2.9797772412481e-06,6.932681203549962e-06,2.9797772412481e-06,0.5126088660574484,271.9579669183228,2.99875712,0.0628490821
41,3.179294245814923e-06,7.32507653951732e-06,3.179294245814923e-06,0.522897409337801,270.0250966964872,2.62578917,0.0628245324
47,4.585326297854326e-06,1.1386452553608175e-05,4.585326297854326e-06,0.6018739542679629,374.22674798205253,3.19363642,0.0628745481
47,4.051745722131733e-06,9.993646534546761e-06,4.051745722131733e-06,0.5803406873384819,368.55101970726,3.37427449,0.0628040135
44,3.6841103094302263e-06,9.029199895811566e-06,3.6841103094302263e-06,0.5640553491820781,356.09595942671007,3.16929102,0.0628247783
44,3.7508997158488577e-06,9.144241091692736e-06,3.7508997158488577e-06,0.5640164416355942,349.8294137520767,3.16788769,0.0628161132
39,2.6250904562364825e-06,6.129342770762618e-06,2.6250904562364825e-06,0.5041330648122885,292.67350932235576,2.53049827,0.0628948733
40,2.2494428434382448e-06,5.242689518717236e-06,2.2494428434382448e-06,0.4787547882296645,284.62207243199936,2.43600512,0.062882185
39,2.4672189970536312e-06,5.80405546644174e-06,2.4672189970536312e-06,0.4910891039008517,284.6252199660465,2.88469839,0.0628975183
42,3.51043677618953e-06,8.522280671625729e-06,3.51043677618953e-06,0.5508911352794098,333.17153589258066,3.18408227,0.0628313944
39,2.9242299952946052e-06,6.92384796703921e-06,2.9242299952946052e-06,0.5135561621885887,294.5507671745962,2.94440508,0.0628331825
40,2.7396949439124165e-06,6.4206211889420745e-06,2.7396949439124165e-06,0.507321389170622,293.654611828969,2.52577186,0.0628587976
41,2.88364926357893e-06,6.877470920350479e-06,2.88364926357893e-06,0.5108651663817962,300.50790692128714,3.00718188,0.0628129989
39,2.850533559325117e-06,6.739144636684404e-06,2.850533559325117e-06,0.5118772714436729,294.44241486208546,2.87389612,0.0628326088
42,2.9762656113752242e-06,7.087002588049933e-06,2.9762656113752242e-06,0.5199930804061313,308.17440764813284,2.76579523,0.0628245547
42,3.0006791816740283e-06,7.178540240081284e-06,3.0006791816740283e-06,0.5181338297972258,302.4439233746155,3.09244013,0.0628178492
42,3.158716102795145e-06,7.629168946699503e-06,3.158716102795145e-06,0.5277334256915116,316.88332554041546,3.04578876,0.0628536791
43,3.237397401900057e-06,7.817333454290005e-06,3.237397401900057e-06,0.533027132862566,322.07274808560703,3.06608701,0.0628423542
42,3.357110649203639e-06,8.121144867054629e-06,3.357110649203639e-06,0.543404837088362,330.1308737839996,3.06906915,0.0628179088
41,3.5537684200047933e-06,8.643653141318348e-06,3.5537684200047933e-06,0.556920844659332,340.5206842263085,3.00359058,0.0628118888
48,1.0116460400157463e-05,2.4324532308057116e-05,1.0116460400157463e-05,0.7597382080493871,296.1125376138839,4.81397438,0.0628190115
49,1.0384087396340876e-05,2.4977054550691534e-05,1.0384087396340876e-05,0.7707032151223665,298.12710177954983,4.73045492,0.0628596842
49,1.0171053388880866e-05,2.4349039647118034e-05,1.0171053388880866e-05,0.7668158921859545,295.1637305917576,4.93125153,0.0628185272
48,8.879196147247986e-06,2.098840054836287e-05,8.879196147247986e-06,0.7270055393983814,288.5490241530402,4.26213217,0.0628252998
50,1.100495976969944e-05,2.6516385123395727e-05,1.100495976969944e-05,0.7963430877556819,305.41070839783566,4.99978924,0.0627828538
51,1.1559244768694019e-05,2.8239984196589297e-05,1.1559244768694019e-05,0.8153210786042082,315.9861249666683,5.23388481,0.0627163872
54,1.1837819036880222e-05,2.9059156499504817e-05,1.1837819036880222e-05,0.8338934880443671,322.821502554988,5.39816904,0.0627368614
56,1.3086630021887506e-05,3.197953971262655e-05,1.3086630021887506e-05,0.88023933820159,329.32227550422044,5.94126368,0.0627699792
55,1.2536408096352777e-05,3.072659991447814e-05,1.2536408096352777e-05,0.8547790760665768,324.5879132505634,5.31112146,0.0627642274
58,1.3114841201545017e-05,3.1575565997664164e-05,1.3114841201545017e-05,0.8959232941674586,330.8270523516482,5.60655785,0.062732093
61,1.3449364626716222e-05,3.213921185003018e-05,1.3449364626716222e-05,0.9232164232656707,337.12448419010855,5.63743448,0.0627091527
66,1.6646821165575072e-05,4.7227149848889326e-05,1.6646821165575072e-05,0.9589180222278295,349.4781560285677,14.2403336,0.062666297
63,1.3442188498579946e-05,3.1684679437297626e-05,1.3442188498579946e-05,1.016072403467947,358.39470305051464,6.45218945,0.0627389401
63,1.3947162190291927e-05,3.204562621689761e-05,1.3947162190291927e-05,1.0613668941554169,367.65658255106723,6.74264669,0.0627870262
42,1.6250038650782439e-06,5.222440941429532e-06,1.6250038650782439e-06,0.37821346459373173,353.8322148746514,3.97905922,0.062847659
46,1.4844820849885386e-06,4.6960317083893055e-06,1.4844820849885386e-06,0.3895925282729997,365.1826843666846,3.74297261,0.0629163012
83,9.498490781234964e-05,0.00025884147144253274,9.498490781234964e-05,2.477401358307236,691.006076350483,11.3529577,0.0645613745
81,5.400258508083662e-05,0.00014754039788864745,5.400258508083662e-05,1.719284639292103,605.6696034109714,7.75625038,0.0636883378
80,3.9935020987554464e-05,0.00010937041515578947,3.9935020987554464e-05,1.4790062226282552,582.426332938208,7.28022242,0.0634436309
100,0.0002927086185164625,0.0008358708531076254,0.0002927086185164625,4.487206733697925,865.6943607720366,21.4378109,0.0571667217
66,5.268321153247549e-06,1.5062143574152842e-05,5.268321153247549e-06,0.6871717108017966,527.5188388310687,4.97810507,0.0627618358
74,1.6793326781385117e-05,4.647204052096466e-05,1.6793326781385117e-05,1.025965776019874,545.5044435432585,6.27878666,0.0629789829
68,4.064880246486952e-06,1.1923078410359847e-05,4.064880246486952e-06,0.5920844310426031,511.7051287181565,4.21683598,0.0627672896
63,3.703970796586012e-06,1.0814731896886476e-05,3.703970796586012e-06,0.5698498890089686,503.07894353068207,4.16997147,0.0627559498
61,4.481631783319964e-06,1.2658003682048132e-05,4.481631783319964e-06,0.6000139321430344,494.5640032305775,4.2242341,0.0627690032
57,8.700196086289344e-06,2.242246124431496e-05,8.700196086289344e-06,0.760789078444453,458.53320297070053,4.1308794,0.0627593249
55,8.43685979742254e-06,2.1492728415493715e-05,8.43685979742254e-06,0.7549412139765033,448.14869169635375,4.4128623,0.0628102496
52,8.740826633220222e-06,2.2164618975050275e-05,8.740826633220222e-06,0.7588690284311597,441.6079897560401,4.1859498,0.0627943799
51,8.296864308876778e-06,2.1005558142151166e-05,8.296864308876778e-06,0.743797082875731,437.4168316513502,3.9329989,0.0627974793
62,4.417465096998344e-06,1.2657936751463751e-05,4.417465096998344e-06,0.5901724192355965,489.80413269852687,4.51633406,0.0627710372
56,8.260077284978204e-06,2.1241014098783886e-05,8.260077284978204e-06,0.7576407662497106,464.56419815958026,3.90168691,0.0627933815
56,8.71714051674347e-06,2.355115925030892e-05,8.71714051674347e-06,0.7450348152238337,467.3023038010008,4.81084299,0.0627828762
58,8.900492241832942e-06,2.399794397393385e-05,8.900492241832942e-06,0.7414230577063788,461.5203029557311,4.83781672,0.0627919436
59,6.342131646105811e-06,1.7193205522988117e-05,6.342131646105811e-06,0.6708638265716905,473.76099582886116,4.05022478,0.0627191067
57,8.255069219356822e-06,2.253693342222367e-05,8.255069219356822e-06,0.7245091571657745,468.57717677542905,4.75830555,0.062743254
63,4.949567696336225e-06,1.3989419822664064e-05,4.949567696336225e-06,0.6098341227330647,480.93574877475885,4.86113501,0.0627296641
64,3.972052394566988e-06,1.2045731047859776e-05,3.972052394566988e-06,0.5630033423812539,490.6212008789226,4.94413519,0.0627434477
51,8.361208460059781e-06,2.119516435805212e-05,8.361208460059781e-06,0.7347499163588265,423.87145134225926,3.56628585,0.0628103986
50,8.666849424171329e-06,2.21220360577602e-05,8.666849424171329e-06,0.7353331685558848,414.34099414367637,3.85922885,0.0628115684
50,8.001928669952975e-06,2.0423435978337265e-05,8.001928669952975e-06,0.7102040463259938,403.38395237814194,3.76075721,0.062806949
47,5.969537124813203e-06,1.5042382772476598e-05,5.969537124813203e-06,0.6468408920567087,383.10346495207415,3.51418924,0.0628260225
49,7.21277623718169e-06,1.8528689007437438e-05,7.21277623718169e-06,0.6787213097226981,393.561007549079,3.70567703,0.0628510937
72,7.0829941267983945e-06,1.9306317746874156e-05,7.0829941267983945e-06,1.173494138971936,544.0949179585543,4.90383244,0.0571891405
71,8.843114891230278e-06,2.1961074361646342e-05,8.843114891230278e-06,1.0545243299959455,443.87542374856855,5.12405205,0.0645968243
70,1.1850585570380688e-05,2.751573658519831e-05,1.1850585570380688e-05,1.0775921217607898,397.7670403816536,6.45503712,0.0629925653
68,8.80781012375944e-06,2.1271688144125508e-05,8.80781012375944e-06,1.000750499564917,416.15809641563067,4.91582012,0.0639551356
41,4.010042734633503e-06,9.252935494937467e-06,4.010042734633503e-06,0.5542973386315762,263.6335353869078,3.46983337,0.0628274754
41,4.1213897630138256e-06,9.477196718793798e-06,4.1213897630138256e-06,0.5594370188741732,263.149507716452,3.22944188,0.062876761
41,3.559925787410382e-06,8.220324000019408e-06,3.559925787410382e-06,0.5354738197690133,262.7235534341497,3.05758333,0.062919043
40,3.730867723615684e-06,8.569187769791048e-06,3.730867723615684e-06,0.5446675734955675,260.75723823694466,3.21397686,0.0627902448
40,3.3075473485669068e-06,7.658303588073475e-06,3.3075473485669068e-06,0.5267990361032548,268.1990180173131,3.00653195,0.0628330112
41,3.451567365101073e-06,7.926111459332872e-06,3.451567365101073e-06,0.5340759730380525,264.3627589670145,2.90023494,0.0628941953
40,3.2094918151375764e-06,7.379900953933005e-06,3.2094918151375764e-06,0.5219515123242497,264.5789035845142,2.91766286,0.0628854856
46,6.949415606041256e-06,1.629603518000434e-05,6.949415606041256e-06,0.6633275590669914,281.77813681245027,4.05929708,0.0629182383
44,6.2532240471947975e-06,1.4603455497118716e-05,6.2532240471947975e-06,0.640768263125058,276.68828731560154,3.67782497,0.062880449
45,5.8210267108607874e-06,1.3501183434369616e-05,5.8210267108607874e-06,0.6234932676557957,272.8877718456125,3.58658886,0.0628770515
42,4.908970693579897e-06,1.1285251004699567e-05,4.908970693579897e-06,0.5917591018185966,266.1451976898934,3.26935863,0.0628038123
42,4.475842586968549e-06,1.0212957940110843e-05,4.475842586968549e-06,0.5754774245343182,259.7021543638796,3.21981049,0.0628584325
41,4.184448197039291e-06,9.598151860817599e-06,4.184448197039291e-06,0.5604471327772882,258.8253110163408,3.16273451,0.0628537685
44,5.046388769757087e-06,1.1561063214512624e-05,5.046388769757087e-06,0.5964775633975791,261.84851860829997,3.43754911,0.0627898574
43,5.438624778831122e-06,1.2515776816439116e-05,5.438624778831122e-06,0.6114580332597428,266.2006246989584,3.59285307,0.0628948808
43,5.216338069157703e-06,1.1971917843838455e-05,5.216338069157703e-06,0.6015503003772934,261.37859205171594,3.49316621,0.0628305227
48,7.750894773965555e-06,1.8192514004180972e-05,7.750894773965555e-06,0.6914317307830803,283.208971091093,3.97118425,0.0628665015
45,7.160810217214378e-06,1.6819388724211182e-05,7.160810217214378e-06,0.6670404537502891,279.2526949424642,4.13227415,0.0629045963
45,7.044097825284091e-06,1.643492251951628e-05,7.044097825284091e-06,0.6652759994694762,275.35651893243397,4.09351015,0.062858358
41,2.2133210989092756e-06,5.168141250316452e-06,2.2133210989092756e-06,0.4740609172650563,281.7114791385469,2.50079989,0.0627978072
41,2.173233229514412e-06,5.0688456830307925e-06,2.173233229514412e-06,0.469970039124019,277.0566577515013,2.59904432,0.0628024414
40,2.2422836121485526e-06,5.2739748672739095e-06,2.2422836121485526e-06,0.47441681116316464,281.53095285237595,2.70743012,0.0628011674
41,2.446267700880397e-06,5.704952943470142e-06,2.446267700880397e-06,0.48479055862407733,273.53259173245124,2.86376476,0.0628656819
40,2.696080222845956e-06,6.183661638735671e-06,2.696080222845956e-06,0.5017799729510919,267.48420647894477,2.52552342,0.0628452972
42,2.5619139564030087e-06,5.970681689530868e-06,2.5619139564030087e-06,0.48982834909082446,268.3911811762834,2.92152691,0.0628385916
39,3.0292768691751975e-06,6.944279758623495e-06,3.0292768691751975e-06,0.5144858863555054,264.45471762167176,2.87972188,0.0628029257
40,3.161134902744679e-06,7.296478227050327e-06,3.161134902744679e-06,0.5174333165014092,261.530749308301,2.99425578,0.0628570914
47,4.957876953216665e-06,1.2360861966913365e-05,4.957876953216665e-06,0.6127364008876457,374.3259550711956,3.25942373,0.0628335848
46,3.839372408919941e-06,9.4215489781266e-06,3.839372408919941e-06,0.5712998302537425,362.0652689927813,3.00101113,0.0628315061
44,3.5670221356299916e-06,8.759176425000065e-06,3.5670221356299916e-06,0.5558603389498535,353.30419827519916,3.17492223,0.0628281161
43,3.4474192441187207e-06,8.385874225584846e-06,3.4474192441187207e-06,0.5496589880657536,343.85237972413626,3.04286671,0.0628239512
41,2.651827534373178e-06,6.2808332485971595e-06,2.651827534373178e-06,0.4962595793246033,286.8833740830981,2.96944451,0.0628661811
41,2.162847036813066e-06,5.039277569043237e-06,2.162847036813066e-06,0.47079067696313165,279.1018837473721,2.53529859,0.0628028139
42,2.3016722756293936e-06,5.410020973546349e-06,2.3016722756293936e-06,0.475697726337076,280.8234017181818,2.82384443,0.0628087223
40,2.6816595839038436e-06,6.321551701954875e-06,2.6816595839038436e-06,0.5013937393991643,289.08573989429743,2.88860464,0.0628577396
40,2.80686393656451e-06,6.596671301209389e-06,2.80686393656451e-06,0.5095763267103848,295.2916979909881,2.48619246,0.0628054067
39,2.7764540066764543e-06,6.540143715087923e-06,2.7764540066764543e-06,0.5051692841391372,288.77318856784603,2.76546764,0.0628281757
41,2.752539565766429e-06,6.49762308654923e-06,2.752539565766429e-06,0.5101372168068397,304.7349904864119,2.53708196,0.0628244355
40,2.9951297708294745e-06,7.138104084250058e-06,2.9951297708294745e-06,0.5223827111396966,312.89554581040676,2.71138358,0.0628459826
41,2.7546307350849172e-06,6.512044839947314e-06,2.7546307350849172e-06,0.5055234909128699,295.6664163897305,2.69659901,0.0628059581
42,3.1931286552359794e-06,7.697894843527796e-06,3.1931286552359794e-06,0.5334199714650101,324.7836981659177,2.76035309,0.062833488
43,3.199870772553766e-06,7.722432573793275e-06,3.199870772553766e-06,0.5307068782290592,319.71342105532756,3.09969807,0.0628459454
40,3.3527443028891496e-06,8.095862005233543e-06,3.3527443028891496e-06,0.5464253240286456,334.45669886238557,2.99754786,0.0628220215
49,9.866594813182363e-06,2.3610754812030485e-05,9.866594813182363e-06,0.75206316770372,290.8267043525331,4.78687906,0.0628456771
46,1.0001050003146144e-05,2.3648666203167195e-05,1.0001050003146144e-05,0.7607052651737174,287.99627867762183,4.40363359,0.0628251806
50,1.0456299645905771e-05,2.5098156072366324e-05,1.0456299645905771e-05,0.7784544305404755,298.4958776664865,4.99059439,0.0627804548
53,9.63228359798948e-06,2.2949909208688928e-05,9.63228359798948e-06,0.7516527495254858,291.19649927634896,4.66413546,0.0627575666
47,8.421993568941071e-06,1.9810993287750568e-05,8.421993568941071e-06,0.7113470307204108,281.3979960164316,4.20042849,0.0628388748
50,9.107552112493136e-06,2.1533837005689085e-05,9.107552112493136e-06,0.7292333601915195,282.3774144164187,4.49454308,0.0628442019
52,1.1033730106016601e-05,2.669907989056006e-05,1.1033730106016601e-05,0.8000022105213799,306.93737377646397,5.09995461,0.0627572387
52,1.1623748520350901e-05,2.8171682339080906e-05,1.1623748520350901e-05,0.8213636754804923,311.66424500975603,5.40192938,0.0627708137
53,1.1935236857991227e-05,2.9123836490823398e-05,1.1935236857991227e-05,0.8352982434081407,317.924378034586,5.47568512,0.0627437457
58,1.2801685999569914e-05,3.064527198296732e-05,1.2801685999569914e-05,0.8738947906991805,321.37962402188253,5.75305557,0.0627669916
58,1.2972909229377788e-05,3.06802543108538e-05,1.2972909229377788e-05,0.9003277849063753,325.28879185889036,5.54825735,0.0627288073
63,1.3436525810064866e-05,3.2005138731384876e-05,1.3436525810064866e-05,0.9430303981191511,339.415582112985,7.35399246,0.0626907125
61,1.2775158321946984e-05,3.00899637497289e-05,1.2775158321946984e-05,0.9024489526294399,327.65288838189446,5.39752531,0.0626963153
61,1.3660942880732607e-05,3.19658236990829e-05,1.3660942880732607e-05,0.9792896528099078,346.83529393013043,7.48199034,0.0627668649
63,1.2565075768692573e-05,2.867586511837975e-05,1.2565075768692573e-05,1.000855727212448,358.6179962456996,4.17988253,0.0629831105
64,1.0429659596427603e-05,2.3957554196428685e-05,1.0429659596427603e-05,0.9797955365128113,375.6808436470808,4.59509563,0.063204512
65,9.207049798182911e-06,2.2129650442215067e-05,9.207049798182911e-06,0.9803004571197345,400.11050049697906,5.06154251,0.0638982207
80,5.265149397954865e-05,0.00014326924599236383,5.265149397954865e-05,1.842953418222963,630.8356352251461,9.12170029,0.0638931543
75,2.3612891042582363e-05,6.540926191667233e-05,2.3612891042582363e-05,1.232911481030977,574.2923691564673,6.97848129,0.0633348376
106,0.0002996866884159723,0.0008721655155303205,0.0002996866884159723,4.646071021013281,906.4464447081076,18.3375626,0.0573353507
94,0.0001252474164517541,0.00034256615589624734,0.0001252474164517541,2.6978549706064974,691.0094027770135,11.1882591,0.0644249991
69,6.812708072673206e-06,1.9382234776478198e-05,6.812708072673206e-06,0.7337123886829648,524.6857867647943,5.47403669,0.0627716109
72,1.4708780044328726e-05,4.0824374784714704e-05,1.4708780044328726e-05,0.9757922748364396,539.1270372604836,6.40710306,0.062869519
64,4.105908257239271e-06,1.2080451298156927e-05,4.105908257239271e-06,0.6037681351577036,509.1684563528811,4.75895596,0.0627299473
66,4.020523692083038e-06,1.2528746716594734e-05,4.020523692083038e-06,0.5746426052221768,501.71335144005593,5.17164469,0.0626961589
57,8.740987069330959e-06,2.2742218555070035e-05,8.740987069330959e-06,0.7550665910300909,454.7113437754392,4.23832703,0.0627707094
56,8.241903203495539e-06,2.0900931939958624e-05,8.241903203495539e-06,0.7483024186564238,448.2201301410248,3.88177538,0.0628018901
52,7.978622349107011e-06,2.0136095228527102e-05,7.978622349107011e-06,0.7353093361314899,432.1111571959083,3.72148967,0.0627886504
52,7.82737140797511e-06,1.9856813586873335e-05,7.82737140797511e-06,0.7287308824609733,434.9606141487625,3.90593171,0.0627818406
67,4.065142482358418e-06,1.2906076821930749e-05,4.065142482358418e-06,0.5687051679023862,496.59432974374806,5.40110826,0.0627125353
55,9.040529454872892e-06,2.3869209915175792e-05,9.040529454872892e-06,0.7565633965010867,454.5287580966896,4.63328505,0.0628006533
56,9.115201765618786e-06,2.4574713672495462e-05,9.115201765618786e-06,0.7437773095491651,454.24319954450186,4.84350443,0.0627987981
57,7.531973305729204e-06,2.037224146718649e-05,7.531973305729204e-06,0.7017731756932843,463.05522180767,4.44093227,0.062750943
60,5.950084091029279e-06,1.6147326942638137e-05,5.950084091029279e-06,0.6563596892819819,472.19758690623166,4.32144976,0.0627328306
65,3.590005957775343e-06,1.089362966470547e-05,3.590005957775343e-06,0.5471352222129194,485.13824896734354,4.84846401,0.0627602562
63,4.855368814209127e-06,1.3398797682869347e-05,4.855368814209127e-06,0.617678092841741,476.0114580245141,4.67536688,0.0627356023
52,7.627670834314776e-06,1.927512542611348e-05,7.627670834314776e-06,0.7154779743425047,424.1734485351623,3.64330626,0.062802352
49,8.373011455018225e-06,2.1363699507671163e-05,8.373011455018225e-06,0.7256990620256846,411.5205537746245,3.80065203,0.0627887398
49,7.566104395518658e-06,1.9343469404482685e-05,7.566104395518658e-06,0.6932001027514411,399.28870206091676,3.70667791,0.0628590062
48,6.475024821601808e-06,1.644718516199986e-05,6.475024821601808e-06,0.6574997935112353,381.2633889699741,3.67833114,0.0628128424
46,6.975957266497074e-06,1.7892959561967604e-05,6.975957266497074e-06,0.6718123230870687,389.3533885019336,3.68951702,0.0628466457
71,8.511104205898312e-06,2.206717502387274e-05,8.511104205898312e-06,1.1135567086332927,481.34536984953127,4.47973013,0.0611660741
67,7.69939560723388e-06,2.0199889620838626e-05,7.69939560723388e-06,1.0934082538164578,482.355782358311,4.51130867,0.0601173416
41,3.895466808378797e-06,8.940775367458636e-06,3.895466808378797e-06,0.549131950633146,257.2388437182698,3.33033156,0.0628333017
40,3.3624258562735785e-06,7.685618443111397e-06,3.3624258562735785e-06,0.5301576540469345,259.44768000808995,2.91985106,0.062906988
42,3.4007360626069004e-06,7.764454919939308e-06,3.4007360626069004e-06,0.528648926996578,254.71675383153104,3.07462716,0.062849246
41,3.611562837582824e-06,8.238263441826696e-06,3.611562837582824e-06,0.5372990687199211,255.20648451344252,2.94560266,0.0628098026
41,3.159792874047769e-06,7.227325722615639e-06,3.159792874047769e-06,0.5180510389497903,258.59533796315867,2.81321311,0.0629034266
41,3.332132999111454e-06,7.638495512303846e-06,3.332132999111454e-06,0.524485667279927,257.395580732356,2.9805975,0.0628922358
46,5.707446738234151e-06,1.3259668505689124e-05,5.707446738234151e-06,0.61769714247955,269.2565926533977,3.84123302,0.0628817976
45,6.5137422148775516e-06,1.5196542593323179e-05,6.5137422148775516e-06,0.6459138908802291,270.88428307960965,3.98823214,0.0628756136
41,4.646322276146425e-06,1.0614457708614186e-05,4.646322276146425e-06,0.5806619379656955,258.3945202038147,3.16429329,0.0628132448
43,5.026439893639964e-06,1.150758701305369e-05,5.026439893639964e-06,0.594318425780014,259.32752230419504,3.43001413,0.0628067479
42,4.351906384385598e-06,9.89249370618923e-06,4.351906384385598e-06,0.5685518227776533,253.928306202272,3.05192399,0.0628522709
42,3.997685085529113e-06,9.119276484771066e-06,3.997685085529113e-06,0.5509877575393552,251.90002461701522,3.0379653,0.0629093647
45,5.515992925573413e-06,1.2719791088544996e-05,5.515992925573413e-06,0.6122774936747282,265.14463783080043,3.5870862,0.0628667921
42,5.285846317285879e-06,1.2102481625860144e-05,5.285846317285879e-06,0.6016296731293536,258.10258765180095,3.62180042,0.0628537834
42,4.92015104015251e-06,1.1222812299685254e-05,4.92015104015251e-06,0.5897918884449972,254.873270097146,3.28759861,0.0628183037
46,7.634816588552248e-06,1.7822079226969565e-05,7.634816588552248e-06,0.6866834701770574,277.30444647280825,3.83887625,0.0628290549
45,6.8355099843434946e-06,1.5901450014067727e-05,6.8355099843434946e-06,0.6606194870077933,272.1142135527017,3.86284828,0.0628305525
47,6.375227027008773e-06,1.4746523638552174e-05,6.375227027008773e-06,0.6408868798514358,265.4779425563253,3.81104374,0.0628459603
41,2.1348056463606376e-06,5.003809828656383e-06,2.1348056463606376e-06,0.46605890595140614,275.6894514602465,2.72080207,0.0628133789
40,2.081432821760581e-06,4.819299703527318e-06,2.081432821760581e-06,0.46571131776665603,274.5631294929425,2.40519023,0.0628231019
39,2.328537840469835e-06,5.463451565890683e-06,2.328537840469835e-06,0.474703291638922,270.14546059717304,2.81356478,0.0628765672
41,2.7026609718545393e-06,6.286534988326698e-06,2.7026609718545393e-06,0.49536129332578566,262.79174079045595,3.10683775,0.0628537685
39,3.054864672322903e-06,7.055242387083983e-06,3.054864672322903e-06,0.5146597211542695,261.5232058472867,3.01396608,0.0628417879
42,2.4806244696205255e-06,5.7530163588571195e-06,2.4806244696205255e-06,0.4829911417464571,262.74153810748726,2.90071559,0.0628397688
40,2.277944181564804e-06,5.305844290474279e-06,2.277944181564804e-06,0.4726176120605133,265.7671862063005,2.83274007,0.0628939122
38,3.064802932590014e-06,7.003354066003548e-06,3.064802932590014e-06,0.514560859194513,255.1729332460106,2.67774606,0.0628786162
46,5.956289450911018e-06,1.510303639249749e-05,5.956289450911018e-06,0.6399716361670151,376.7833441042069,3.57658315,0.0627890825
46,4.7762963018055854e-06,1.1924923544082397e-05,4.7762963018055854e-06,0.6033993700315625,370.3621267780164,3.12901282,0.062804237
46,4.112426000252418e-06,1.0177908589154981e-05,4.112426000252418e-06,0.5779241499565696,361.23770261463767,3.14873409,0.0628032759
44,3.5564891869223436e-06,8.686921115408783e-06,3.5564891869223436e-06,0.5570324163058508,353.03226488943943,3.15918803,0.0627959147
44,3.460519323626403e-06,8.43034837536399e-06,3.460519323626403e-06,0.5509247803673836,348.0983529173269,3.08465362,0.0628057122
42,3.397073979436206e-06,8.304701098075553e-06,3.397073979436206e-06,0.5459683859949732,339.71440215179166,3.15993357,0.0628131106
40,2.6478159160596044e-06,6.1915441570479665e-06,2.6478159160596044e-06,0.4999938503964092,285.9175654744609,2.69954133,0.0628559291
39,2.393057609937007e-06,5.6577810045261375e-06,2.393057609937007e-06,0.483263046581986,279.4244977104893,2.8894825,0.0628193095
40,2.0846027022387208e-06,4.797964734932985e-06,2.0846027022387208e-06,0.46761757167795825,275.44068153413866,2.40302086,0.0628009215
39,2.054844129937607e-06,4.747976969086416e-06,2.054844129937607e-06,0.46668724454668065,274.6421230744153,2.34724665,0.0627952665
40,2.195562496631241e-06,5.158076225518022e-06,2.195562496631241e-06,0.4694172766530307,274.6988371167647,2.77673483,0.0628127009
39,2.599627962544144e-06,6.080728300788567e-06,2.599627962544144e-06,0.49668733335217374,283.6006007688309,2.74430919,0.0628541932
39,2.617377158253021e-06,6.137279322714243e-06,2.617377158253021e-06,0.4957095821669311,281.3438859414408,2.77113104,0.0628471673
39,2.668921135922801e-06,6.244249424540826e-06,2.668921135922801e-06,0.5005348816495774,286.85536997639423,2.42997932,0.062795192
41,2.796004090539076e-06,6.66035782994811e-06,2.796004090539076e-06,0.5113504953008418,307.92957769725473,2.58484483,0.062811099
41,2.734152869753364e-06,6.504351166292318e-06,2.734152869753364e-06,0.5057367506170993,303.5223445570348,2.67921853,0.0628171861
40,2.637423276987168e-06,6.226362891034271e-06,2.637423276987168e-06,0.5012921735675735,296.9669849082701,2.73797274,0.0627904981
41,2.7920172876439045e-06,6.652591417795657e-06,2.7920172876439045e-06,0.5040021163844634,292.5590607216576,2.97985029,0.0627766475
41,3.2381038951037635e-06,7.866546835455258e-06,3.2381038951037635e-06,0.5352382414662916,325.93525106174843,3.08818865,0.0628019571
39,3.057004789213101e-06,7.3691443860971294e-06,3.057004789213101e-06,0.5250774727641195,317.15413726615344,2.80358076,0.0628097281
40,2.853902247780518e-06,6.8281442783197336e-06,2.853902247780518e-06,0.5145322725226513,312.5648109183968,2.87212634,0.0628167689
43,3.2845970468379277e-06,7.99484715906165e-06,3.2845970468379277e-06,0.5373105211571397,332.876739659334,3.03941035,0.0628012344
49,9.261566540348875e-06,2.183311898517576e-05,9.261566540348875e-06,0.7413174714202321,283.93361368562785,4.52266502,0.0628099591
50,1.0980915515072239e-05,2.590897074130532e-05,1.0980915515072239e-05,0.7995999370620296,295.3714004278572,5.082582,0.0627743602
51,1.1086971879134732e-05,2.6371309602655283e-05,1.1086971879134732e-05,0.8011862531669731,300.270252234963,5.12254524,0.0627821758
49,1.0206052174153639e-05,2.3972447859200944e-05,1.0206052174153639e-05,0.7707486309503099,285.3581735030192,4.80038452,0.0627600625
52,1.0749573015515176e-05,2.5312765161838303e-05,1.0749573015515176e-05,0.7831729141438686,288.3640969525659,5.09911203,0.0627589077
47,8.471317420630285e-06,1.980473876633302e-05,8.471317420630285e-06,0.7122391586185628,277.64487057435286,4.15130186,0.0628293902
47,7.714347379542748e-06,1.7917828466779593e-05,7.714347379542748e-06,0.6872174455694873,271.7811870450021,3.89167833,0.0627885535
47,8.881116479021542e-06,2.0829236351239812e-05,8.881116479021542e-06,0.7256450952694613,276.9428807657339,4.29764986,0.0628445446
53,1.1525997657064404e-05,2.738217999908761e-05,1.1525997657064404e-05,0.8213557089301354,303.56678517201067,5.30218077,0.062830992
55,1.2174631404542168e-05,2.9238048836285466e-05,1.2174631404542168e-05,0.8431279607471918,312.44130499392736,5.30024815,0.0628109947
57,1.2636984280988105e-05,2.9951963128085154e-05,1.2636984280988105e-05,0.8636143869656469,312.376614224433,5.39672565,0.0627845824
58,1.2788882492694325e-05,3.0048497086043884e-05,1.2788882492694325e-05,0.8836406046033594,318.8724128014652,5.13147545,0.0627661347
58,1.2769747695653551e-05,3.023042944696504e-05,1.2769747695653551e-05,0.880015227683629,317.17236996884685,5.43243933,0.0627273396
61,1.3085659878211166e-05,3.074517901854417e-05,1.3085659878211166e-05,0.9322079409918497,335.17677131119603,5.17277431,0.062683329
59,1.2479320474241649e-05,2.935650028355338e-05,1.2479320474241649e-05,0.8981034212921248,323.70542502688295,5.20500755,0.0627381131
62,1.2190192426589847e-05,2.8316576192296703e-05,1.2190192426589847e-05,0.9481090557051878,345.17344638339415,4.80887127,0.0628684163
62,1.0863562189205214e-05,2.5096525083916202e-05,1.0863562189205214e-05,0.9466109707967546,356.1034075734186,4.50354719,0.0631722957
63,1.0495588322941615e-05,2.4128162209698148e-05,1.0495588322941615e-05,0.9682045913149407,366.32094594949166,4.23485708,0.0633540824
67,9.026045206733728e-06,2.1113149994195476e-05,9.026045206733728e-06,0.9547478992404951,385.0024003908736,4.27564478,0.0636778921
67,8.72600315271438e-06,2.075259610772898e-05,8.72600315271438e-06,0.9756127603015491,398.4035876438073,4.398489,0.0640246421
80,4.0018247329859896e-05,0.00010907849230531403,4.0018247329859896e-05,1.6169044965813875,608.1016074488833,8.7067337,0.0636578202
90,0.00020457857941741622,0.0005590844694697752,0.00020457857941741622,3.2319224511094835,697.4403634914866,14.7555943,0.0646621212
113,0.0005846740811547598,0.0017270096102222107,0.0005846740811547598,5.710389655948447,889.7033413052444,28.9626369,0.0580144785
78,6.25815132167414e-05,0.0001700087361338096,6.25815132167414e-05,1.8535264123932127,600.4453420559234,9.60670948,0.0633684322
70,4.8174742292206636e-06,1.4549434843617126e-05,4.8174742292206636e-06,0.637732536569199,515.834443806494,5.54957342,0.0626762509
75,1.1839001441374988e-05,3.3445347028644796e-05,1.1839001441374988e-05,0.9171685416505635,538.6116448999761,6.68420839,0.0628891066
77,3.128954533189558e-05,8.565806188558358e-05,3.128954533189558e-05,1.3591600053125372,570.2746868944273,8.19577694,0.0632199198
68,6.0348906371630134e-06,1.7715582006923265e-05,6.0348906371630134e-06,0.7010321263571149,516.2649905285126,5.80207396,0.0627481416
67,5.3445202247838866e-06,1.642803501077188e-05,5.3445202247838866e-06,0.6507368289298698,509.4822993095536,5.76930618,0.0627766699
53,8.49257511816783e-06,2.176229676915601e-05,8.49257511816783e-06,0.7488636731960024,443.4280441701103,3.97388482,0.062776044
55,7.430749398941428e-06,1.8786040999876894e-05,7.430749398941428e-06,0.7136739474349211,430.57883147343034,3.54188728,0.0627764016
52,8.129102715177419e-06,2.0905906067517896e-05,8.129102715177419e-06,0.728736489963345,435.08984496065153,4.15163851,0.0627568886
69,5.889918594304677e-06,1.822978950662601e-05,5.889918594304677e-06,0.6694263980248523,506.59248047257154,6.22014046,0.0627171397
66,3.94044794215252e-06,1.270375429862168e-05,3.94044794215252e-06,0.55382275361308,490.84178851027826,5.38756227,0.0627296567
55,8.861513431420843e-06,2.3293460011928088e-05,8.861513431420843e-06,0.750612098427476,447.93533679002974,4.60399485,0.0628074929
55,8.743314886498067e-06,2.3614940109925994e-05,8.743314886498067e-06,0.7305769939376416,450.2633548131301,4.98798656,0.0628026798
55,8.567128053347866e-06,2.3142641927226476e-05,8.567128053347866e-06,0.7226329993673838,446.6763768678906,4.95640755,0.0628100336
55,6.763765358288096e-06,1.8114731437014776e-05,6.763765358288096e-06,0.6800562354385652,457.52555117790956,4.17886209,0.0627074465
58,6.097464096259516e-06,1.6446412678685903e-05,6.097464096259516e-06,0.6603569826483245,466.1428012349896,3.95500779,0.0627758354
60,4.981778688727285e-06,1.3677491628896337e-05,4.981778688727285e-06,0.6151300671890916,468.29696427300064,4.56258488,0.0627825931
64,3.407373950763259e-06,1.0286521558073588e-05,3.407373950763259e-06,0.5379364050050822,478.2331383812283,5.23520756,0.0627425537
62,3.929522139584454e-06,1.1182791877309885e-05,3.929522139584454e-06,0.5658944069285847,469.39827884795005,4.79263306,0.0627405122
52,7.719235538840507e-06,1.9500728457333876e-05,7.719235538840507e-06,0.7165958639729658,420.9744950334918,3.51097894,0.0628227443
49,8.009748659935597e-06,2.0416606231512895e-05,8.009748659935597e-06,0.7136518016765646,410.67805661128057,3.72713232,0.0628098026
48,7.429754853246805e-06,1.9001842482329095e-05,7.429754853246805e-06,0.6915476319407565,399.0116648293669,3.70179915,0.0628833994
48,6.8820417293234645e-06,1.7660822142843916e-05,6.8820417293234645e-06,0.666750635500201,389.1364266275824,3.63716149,0.0628285483
47,6.801298766749013e-06,1.753093215372499e-05,6.801298766749013e-06,0.6595367387452622,380.87415478138075,3.71845555,0.0628170222
47,6.073004427639412e-06,1.5514997923484347e-05,6.073004427639412e-06,0.6370049794679083,371.5731601593875,3.7113986,0.0628357828
71,6.396421325306795e-06,1.7276991628300668e-05,6.396421325306795e-06,1.111751123675156,511.7507482802758,4.54930305,0.0570692122
72,7.476987632129176e-06,1.9410815633957237e-05,7.476987632129176e-06,1.0200257548229665,448.5560727857937,4.52188063,0.0606730953
41,3.6477033871075596e-06,8.379797944979808e-06,3.6477033871075596e-06,0.5351243564982263,252.15074253965847,3.31077623,0.0629145578
41,3.26356791071242e-06,7.467491680040129e-06,3.26356791071242e-06,0.5205497642482568,254.17843449629595,2.94996023,0.0628601983
39,3.2479876564551487e-06,7.368014527661289e-06,3.2479876564551487e-06,0.5223154480077202,249.39772393167556,2.8692708,0.062853992
40,3.1487349027862306e-06,7.205878344066451e-06,3.1487349027862306e-06,0.5160008618061356,253.91349983375773,2.91871238,0.0628849193
39,3.203300008308031e-06,7.279629884829119e-06,3.203300008308031e-06,0.5197535202728792,250.22834507182446,2.77741647,0.06285429
47,5.84082115601377e-06,1.3482687136654192e-05,5.84082115601377e-06,0.6215461282495066,264.5519798804355,3.55415964,0.0628477931
42,4.569219527969023e-06,1.038489726325389e-05,4.569219527969023e-06,0.5774051508053512,253.1172531000604,3.29354572,0.0628653243
43,4.726001956974553e-06,1.0763336475400222e-05,4.726001956974553e-06,0.5822382332714624,252.63686623947513,3.4851656,0.0628734082
44,4.314939390658024e-06,9.833066348977636e-06,4.314939390658024e-06,0.563563529264457,250.8973151585708,3.21672511,0.062847212
41,3.679551652122962e-06,8.313507155482493e-06,3.679551652122962e-06,0.5396771227213384,248.70543728201037,2.89682245,0.0629146025
42,3.844585065452429e-06,8.660898330636832e-06,3.844585065452429e-06,0.5455428887653133,243.95467071721305,3.03827786,0.0628257692
46,5.210633596010157e-06,1.1959253845698544e-05,5.210633596010157e-06,0.6001118576440073,258.18785759274203,3.75113034,0.0628311485
44,4.855588498777726e-06,1.1038415677607254e-05,4.855588498777726e-06,0.5869715969930015,252.01082009903448,3.40642834,0.062799558
42,4.683199393241591e-06,1.0613424719964783e-05,4.683199393241591e-06,0.5786664566155125,248.6756609038567,3.35877347,0.0628330186
45,6.4678226998429905e-06,1.4936673383146102e-05,6.4678226998429905e-06,0.6446647232857846,264.7306042291457,3.74028492,0.0628028959
45,7.239080685207646e-06,1.676560640825394e-05,7.239080685207646e-06,0.6691630811809786,266.75333401448154,3.69355011,0.0628409535
43,5.850937803298791e-06,1.3431341737383413e-05,5.850937803298791e-06,0.624229439017133,260.38190358950243,3.69059634,0.0628313124
46,6.160475933787895e-06,1.4099842146575807e-05,6.160475933787895e-06,0.6335719038763749,258.977970893942,3.61130023,0.0628127903
42,2.0579253446050024e-06,4.817149460769364e-06,2.0579253446050024e-06,0.4583401633038912,269.3385166617109,2.67664218,0.0628786609
40,2.0175240733113318e-06,4.6836245827696615e-06,2.0175240733113318e-06,0.45863568585203196,269.78325288729934,2.52701187,0.0628392398
40,2.126676771370081e-06,4.909417335124994e-06,2.126676771370081e-06,0.46632717719601885,266.9705515084107,2.42976546,0.0629016832
41,2.6341843325255425e-06,6.096641572154177e-06,2.6341843325255425e-06,0.49094462488484225,258.65526789049756,2.99709034,0.0628790408
38,2.8655150150397994e-06,6.555125757804917e-06,2.8655150150397994e-06,0.506121885323778,255.62054699487868,2.92116451,0.062884748
39,2.376724723203624e-06,5.435128109164735e-06,2.376724723203624e-06,0.4807927055303985,260.508345667855,2.58074498,0.0628379583
40,2.2732105915146853e-06,5.285982161529116e-06,2.2732105915146853e-06,0.4704338434184104,259.9125741530469,2.88264155,0.0628480837
37,2.9721940165778065e-06,6.886986304094881e-06,2.9721940165778065e-06,0.5058252776624,251.551279220518,3.01092792,0.062888965
46,5.235641800569343e-06,1.319664958542258e-05,5.235641800569343e-06,0.6156392017818462,367.05877433881034,3.38610411,0.0628176108
45,4.014563137872411e-06,9.911024412048055e-06,4.014563137872411e-06,0.5724420325442356,355.9154546688189,3.27554703,0.0627893955
45,4.6685930728115574e-06,1.1692681001343584e-05,4.6685930728115574e-06,0.5939091267283969,359.6040675396951,3.22659206,0.0628473386
44,3.4857187152398964e-06,8.554298061191258e-06,3.4857187152398964e-06,0.5490210559238066,346.60539168562326,3.19177222,0.0627932101
43,3.324129819286739e-06,8.15064760034722e-06,3.324129819286739e-06,0.5393127546696418,339.06226424419475,3.17323804,0.0628009066
39,2.292138234534876e-06,5.3526877323658365e-06,2.292138234534876e-06,0.4776682634178431,278.0120862660417,2.70432591,0.0628580898
40,1.9700082905266686e-06,4.579198173135405e-06,1.9700082905266686e-06,0.4562663424744107,269.5558827038496,2.56004596,0.0628384873
39,2.06299305845515e-06,4.820250133946029e-06,2.06299305845515e-06,0.4614256891728693,270.3054051651014,2.73399568,0.0628360063
41,2.420383641210054e-06,5.690438489348626e-06,2.420383641210054e-06,0.48053220654483875,278.13834332703584,2.82111883,0.0628499612
40,2.608664648636166e-06,6.134756623988303e-06,2.608664648636166e-06,0.49367800639016257,282.15744453163035,2.77781296,0.0628300309
41,2.3285449189440986e-06,5.4428978097653205e-06,2.3285449189440986e-06,0.47683077171009025,274.76181925942876,2.67422962,0.062896654
40,2.6150323165353963e-06,6.127451888984607e-06,2.6150323165353963e-06,0.49623636565092094,287.93704661789576,2.45679903,0.0627427176
39,2.7117115669388763e-06,6.480172502511951e-06,2.7117115669388763e-06,0.5054128094230393,304.5297500306758,2.88306355,0.0628224537
40,2.7049276947514758e-06,6.469623322018261e-06,2.7049276947514758e-06,0.5008167491007041,297.49237900788285,2.9820416,0.0628264397
41,2.5482501383323444e-06,5.992122961372944e-06,2.5482501383323444e-06,0.49327882408732376,292.86019566747495,2.65698981,0.062763229
42,3.1131068936902567e-06,7.5899569587302204e-06,3.1131068936902567e-06,0.5258263615653721,325.5463718083298,3.09742308,0.0628102869
41,2.932811574729859e-06,7.076564972131336e-06,2.932811574729859e-06,0.5191278222607868,319.05360012335063,2.78692317,0.0628341362
40,2.8973323352880288e-06,6.921246439181665e-06,2.8973323352880288e-06,0.5158162177327734,310.5797039062712,2.49713802,0.0628595054
43,3.0946648392153817e-06,7.477573760536721e-06,3.0946648392153817e-06,0.5299562676290287,332.6690763893746,2.6401372,0.062782526
49,9.595076895582418e-06,2.2495267853076478e-05,9.595076895582418e-06,0.7448243303155927,278.45171197004396,4.53086042,0.0628341883
51,1.1738825911860157e-05,2.7304359172328847e-05,1.1738825911860157e-05,0.8178548476853628,291.6011964443097,5.04299927,0.0627949834
48,1.0424941077544089e-05,2.399273273951422e-05,1.0424941077544089e-05,0.7723738983563219,277.319087926574,4.51909828,0.0628014207
50,1.1557117945121805e-05,2.657346799555407e-05,1.1557117945121805e-05,0.8076397559322265,281.26319322326174,4.96812677,0.0628047138
48,8.23051791378858e-06,1.918878434924424e-05,8.23051791378858e-06,0.7023458179797285,272.161586381861,4.22703123,0.0628128871
46,7.9209356752425e-06,1.828278260154793e-05,7.9209356752425e-06,0.6926286890052541,266.70574883580446,3.99125075,0.0628157333
49,8.82070242941599e-06,2.0578035277228877e-05,8.82070242941599e-06,0.7210474006211746,273.3686387923691,4.21635294,0.0628229529
55,1.1638498860066621e-05,2.7311470288924882e-05,1.1638498860066621e-05,0.8286034049372045,302.48878911122665,5.01852846,0.0628084317
55,1.2714574991215449e-05,2.9704659527690096e-05,1.2714574991215449e-05,0.8648132906290532,305.75069049166694,5.34770203,0.0628192723
58,1.2473344100889967e-05,2.9062458339707056e-05,1.2473344100889967e-05,0.869771895919016,310.11642797149744,5.11729908,0.0627951622
61,1.1892025945438413e-05,2.776364698541536e-05,1.1892025945438413e-05,0.8652997129536678,314.5736939314781,5.29184628,0.0627411231
58,1.113705895818242e-05,2.609501071624962e-05,1.113705895818242e-05,0.849104619469865,313.2210087855601,5.06962585,0.0627831966
61,1.1540876572334461e-05,2.683111127861415e-05,1.1540876572334461e-05,0.9027400934092422,330.9613609398218,4.77304077,0.0628642589
64,1.1466436027476932e-05,2.6632137336462872e-05,1.1466436027476932e-05,0.924212049769566,343.46386340967695,4.74786139,0.0628871843
61,1.0369596890687954e-05,2.4063041298047488e-05,1.0369596890687954e-05,0.8508128297456458,320.00731384431276,4.57161856,0.0629170239
64,9.16169303152873e-06,2.1448163064384063e-05,9.16169303152873e-06,0.9066705367095143,358.9694040590616,4.50088072,0.0636021048
66,9.625507737992031e-06,2.2477644727055874e-05,9.625507737992031e-06,0.895081150612773,349.29690857850136,4.59680939,0.0633529723
67,8.373984462128397e-06,1.981745127476025e-05,8.373984462128397e-06,0.9267573770716155,378.5799695890727,4.2563343,0.0639033467
70,6.99289373322671e-06,1.8338102667434822e-05,6.99289373322671e-06,0.9937555018395579,439.16286924562934,4.39677238,0.0610842668
85,0.00016066982947282054,0.000436205584993257,0.00016066982947282054,2.7513252823005216,644.2392820024705,13.3974695,0.0642400682
112,0.0006276582699301035,0.0019030821209499664,0.0006276582699301035,5.802263386061112,900.2196386804701,33.315239,0.057725735
89,0.00020066716901428658,0.0005428998522940548,0.00020066716901428658,2.98648805288558,647.5627091013909,14.5489092,0.0641943961
79,3.620704969565738e-05,9.933881483498919e-05,3.620704969565738e-05,1.4651502633645093,574.0483412535593,9.03200245,0.0632477775
75,1.17614165741942e-05,3.338819796163178e-05,1.17614165741942e-05,0.900477403330605,530.0401469645202,7.07543421,0.0629457459
51,8.835089738141318e-06,2.327287158326502e-05,8.835089738141318e-06,0.7411481395153332,441.9575544757686,4.73627043,0.0627858862
55,7.331697494104582e-06,1.8644611671990662e-05,7.331697494104582e-06,0.7051000342069644,427.3804043727527,3.66267729,0.0627670884
55,8.7199750215421e-06,2.3242298957414802e-05,8.7199750215421e-06,0.7246234824536067,434.3514522045613,5.02751493,0.0627804399
71,1.4128107381273294e-05,4.0226678368708765e-05,1.4128107381273294e-05,0.9583403761587217,526.3213519243752,7.4543457,0.0628744513
71,7.516242813690161e-06,2.2382348649276157e-05,7.516242813690161e-06,0.7513249945928065,509.6204125985082,6.49051476,0.0626657158
71,6.0174913585439575e-06,1.7972181888274645e-05,6.0174913585439575e-06,0.691278745609936,500.85968417692004,6.02980995,0.0626833513
67,4.5165286438799255e-06,1.4246867600907748e-05,4.5165286438799255e-06,0.6024780321756461,491.6744335250526,5.76325369,0.0627266094
54,7.1215205856396e-06,1.9099057160133426e-05,7.1215205856396e-06,0.6847051115520252,447.0957750245702,4.37017918,0.0627882704
56,8.366793630542553e-06,2.2628633415671545e-05,8.366793630542553e-06,0.7117464869232621,442.0266646886194,4.94270277,0.0627660453
56,6.422409632835689e-06,1.7206039399988464e-05,6.422409632835689e-06,0.6649915334757035,454.5523112189743,4.10750198,0.0627242327
57,4.989616653255572e-06,1.3395449132228461e-05,4.989616653255572e-06,0.6198800034221071,458.81275163984367,4.09972382,0.0627841949
63,3.390552813896401e-06,1.063657605711144e-05,3.390552813896401e-06,0.5251608133987568,475.7291772808936,5.19372511,0.0627217293
67,3.8130575024933198e-06,1.2588362753628619e-05,3.8130575024933198e-06,0.5584039742493989,486.6805221257786,5.49407673,0.0626882464
63,3.2179257034454532e-06,9.79674213741035e-06,3.2179257034454532e-06,0.5224255331289848,468.13343028586445,4.97147083,0.0627561212
58,4.021122675266032e-06,1.1113472365522604e-05,4.021122675266032e-06,0.572671457752673,459.3395857873782,4.54369402,0.0627792254
51,6.862203575946498e-06,1.7260523171733523e-05,6.862203575946498e-06,0.6905465242669385,419.27111939704815,3.58272409,0.0628308356
49,7.492985208677651e-06,1.8986701323764576e-05,7.492985208677651e-06,0.7039762579752771,412.0983558206812,3.51651883,0.0628255159
47,7.023074916459311e-06,1.7935724182463142e-05,7.023074916459311e-06,0.6736245865404833,391.7185491525792,3.6299026,0.0628404543
49,7.384183444095741e-06,1.8765145196558824e-05,7.384183444095741e-06,0.6948479768811909,404.30463241890635,3.55754972,0.0628446639
47,6.4579830879357495e-06,1.6655400197418633e-05,6.4579830879357495e-06,0.6473386442372269,379.9638134633821,3.64286327,0.0627936125
48,6.516871025940594e-06,1.679531429855974e-05,6.516871025940594e-06,0.6449844319964609,373.52740946789874,3.65356636,0.0628283024
45,6.017726158980016e-06,1.5535063722374365e-05,6.017726158980016e-06,0.6283715186152736,365.2649084043032,3.77162004,0.0628343821
46,5.478767303835278e-06,1.4077240387865444e-05,5.478767303835278e-06,0.6118755845540133,360.8511462281382,3.72836113,0.0628411248
39,3.4785642539834974e-06,7.940750158108891e-06,3.4785642539834974e-06,0.5293631592453701,246.98240832372943,3.30724049,0.0628378093
41,3.030922021705506e-06,6.903878224194331e-06,3.030922021705506e-06,0.5066735266116315,245.7521338324576,2.91269064,0.0627727136
39,3.039745201259604e-06,6.8493289247131875e-06,3.039745201259604e-06,0.512287841082273,246.16038169252388,2.78125358,0.0628995821
39,3.06478636798026e-06,6.980308645335342e-06,3.06478636798026e-06,0.5118325687881754,250.09363804748008,2.82508755,0.0628727525
41,2.9650185394394233e-06,6.736802601775313e-06,2.9650185394394233e-06,0.5041569857153542,245.52594157649125,2.96693254,0.0627965182
43,4.282754675686288e-06,9.659903990648744e-06,4.282754675686288e-06,0.5638183831729594,247.58327635072717,3.09279108,0.0629096255
42,4.082713846696524e-06,9.202048515725057e-06,4.082713846696524e-06,0.5556186555731794,243.88292752267589,3.12401295,0.0628517047
40,3.465981693308913e-06,7.81199614494819e-06,3.465981693308913e-06,0.529070802035025,244.63598359057508,2.93063164,0.0627991706
41,3.495456722871764e-06,7.867245084867283e-06,3.495456722871764e-06,0.5296171740751705,241.40815083530376,2.95165014,0.0628404468
41,3.6572738011374246e-06,8.193003663313708e-06,3.6572738011374246e-06,0.5360679759358652,238.6604890302609,3.08533049,0.0628096014
45,5.450126395369741e-06,1.2392557555322018e-05,5.450126395369741e-06,0.6072332141027809,251.0241246185883,3.58548903,0.0628806278
44,4.765677304587884e-06,1.0773956246992222e-05,4.765677304587884e-06,0.5823756578596524,247.77053625461855,3.4520967,0.0627625808
42,4.519310785211698e-06,1.0213015593817396e-05,4.519310785211698e-06,0.5705340213054297,244.20278253489323,3.31273174,0.0629061684
45,6.8154581886712115e-06,1.5581552315163892e-05,6.8154581886712115e-06,0.655961180617813,259.93275542321965,3.8012991,0.0628154874
46,7.373006726091277e-06,1.690204180652995e-05,7.373006726091277e-06,0.672394902612847,259.5710675765088,3.71252179,0.0628472269
45,5.873531066332591e-06,1.337282670050835e-05,5.873531066332591e-06,0.6206603103243516,252.82803125532016,3.60148001,0.0628688037
46,6.693347051136763e-06,1.5289661175574562e-05,6.693347051136763e-06,0.6467880722196102,255.85914264647607,3.79283714,0.0628184229
41,1.9758955595379605e-06,4.5956163808627626e-06,1.9758955595379605e-06,0.4543484186152269,266.0868740727137,2.6064105,0.062880218
40,1.883907239628462e-06,4.347208695769075e-06,1.883907239628462e-06,0.45122667522525667,266.50712341542993,2.40676045,0.0628719926
40,2.0106125199993647e-06,4.642488629139694e-06,2.0106125199993647e-06,0.4573473796549374,261.73285659436243,2.5437324,0.0629133955
40,2.5592178601768554e-06,5.81749944635167e-06,2.5592178601768554e-06,0.4886346105557566,254.04930246905087,2.6635201,0.0628714189
39,2.3317691211096035e-06,5.328755915370881e-06,2.3317691211096035e-06,0.47553175741968584,255.7782353973701,2.65696287,0.0628240779
39,2.120559009512162e-06,4.919481714379803e-06,2.120559009512162e-06,0.4615213418877091,256.66679602235644,2.81782556,0.0628475323
40,2.2740745556750117e-06,5.251212863013449e-06,2.2740745556750117e-06,0.46768180795402764,252.39209868851054,2.73807001,0.0628034621
37,2.7266188854137727e-06,6.157746013878865e-06,2.7266188854137727e-06,0.4961945179792642,248.47534335777272,2.50639129,0.0629248619
39,2.716744711679336e-06,6.149520294476164e-06,2.716744711679336e-06,0.4942277061580465,247.0416826026779,2.59246731,0.0628373027
40,2.9028365063297796e-06,6.593793420015339e-06,2.9028365063297796e-06,0.5028651789616319,248.9575580273255,2.72824264,0.0628546253
45,4.215445297158509e-06,1.0432607950640506e-05,4.215445297158509e-06,0.5776759318049781,353.8455329774773,3.20950556,0.0627976134
45,4.348849436799461e-06,1.0884316567766124e-05,4.348849436799461e-06,0.5753864854444761,349.71969680694315,3.10844469,0.0628010556
44,3.760358615447576e-06,9.314552158128106e-06,3.760358615447576e-06,0.556079885422214,345.3244913045448,3.06490588,0.0628084689
43,3.266300608270334e-06,7.97400884521443e-06,3.266300608270334e-06,0.5361277477286749,337.3331817701839,2.83450031,0.0628102347
39,1.948291517461893e-06,4.4853760036748555e-06,1.948291517461893e-06,0.4530652174297729,265.8617819753491,2.40413356,0.0628357083
40,2.021111263769489e-06,4.721826021242128e-06,2.021111263769489e-06,0.4576565730896225,268.54804273204087,2.72527909,0.0628515258
40,1.8801177725732125e-06,4.3085985047967795e-06,1.8801177725732125e-06,0.45116198339941016,265.1133777498421,2.24896932,0.0628208518
38,2.202593559539705e-06,5.122854243177361e-06,2.202593559539705e-06,0.470931257893939,272.6257284556684,2.69792938,0.062852554
41,2.4947404880917027e-06,5.865716703146432e-06,2.4947404880917027e-06,0.48816134887826634,281.3039030245799,2.73868895,0.0628240258
39,2.1050563989837237e-06,4.8657225043525395e-06,2.1050563989837237e-06,0.4652003385803887,271.0180601270897,2.39905119,0.0628586784
38,2.299909333360856e-06,5.356061593267818e-06,2.299909333360856e-06,0.47674653153972646,275.18702837949513,2.60868907,0.062921688
40,2.1931822075623722e-06,5.136100832571678e-06,2.1931822075623722e-06,0.46648900484629546,269.9119364131066,2.71398497,0.0628191158
41,2.492944123027068e-06,5.864723611813032e-06,2.492944123027068e-06,0.4871767948911336,286.52557007407665,2.61717558,0.0626905113
43,2.7933740898156675e-06,6.7081204286964535e-06,2.7933740898156675e-06,0.5044911408310154,305.80422513762335,2.77100801,0.0628004149
41,2.670982772032283e-06,6.3778208301433854e-06,2.670982772032283e-06,0.49968860631129464,300.74887347016534,2.83763313,0.0628258958
40,2.4351707382504384e-06,5.730747068634434e-06,2.4351707382504384e-06,0.4884165520217522,291.24847592254775,2.49616385,0.062798813
40,2.455362255518375e-06,5.7992548709849186e-06,2.455362255518375e-06,0.49012742882589905,295.343686827775,2.43669534,0.0628323108
42,3.0473430572011757e-06,7.417182559808267e-06,3.0473430572011757e-06,0.5229449492275445,325.62163625501864,3.02605653,0.0628105476
41,2.8540225954357256e-06,6.8712677575911185e-06,2.8540225954357256e-06,0.5142346050547992,317.93158871530255,2.60345507,0.0628819838
39,2.806065049153859e-06,6.721419313524734e-06,2.806065049153859e-06,0.5117030433641796,311.1626949015702,2.6056931,0.0628500804
43,3.0476974208156495e-06,7.43854073015838e-06,3.0476974208156495e-06,0.5229144644263831,331.59199134926894,3.07467318,0.0627963543
50,9.783667093269624e-06,2.238555704952729e-05,9.783667093269624e-06,0.7533424479699623,270.5190555568298,4.34254074,0.0628258139
52,1.1996039183141112e-05,2.756977911724097e-05,1.1996039183141112e-05,0.8244844684568162,284.1460408557787,5.05811644,0.0628098771
53,1.1776324644067834e-05,2.7403527768504018e-05,1.1776324644067834e-05,0.8237516647730483,292.20973694139525,5.11797285,0.0628049225
50,1.1389704777481046e-05,2.615143775134154e-05,1.1389704777481046e-05,0.7953844300347707,274.3373087425729,4.84715128,0.0628415272
50,1.1951785992294226e-05,2.7326996303689664e-05,1.1951785992294226e-05,0.8184689505846592,278.1291340284407,4.64824677,0.0628417358
49,8.4940493619356e-06,1.9478902260986077e-05,8.4940493619356e-06,0.7087350864473739,265.2221804343109,4.09524059,0.0628113747
48,7.94653637127915e-06,1.8192096596807648e-05,7.94653637127915e-06,0.690353819043387,260.0449838497958,3.99430537,0.0628320873
51,8.96305381687701e-06,2.0498812048036313e-05,8.96305381687701e-06,0.7244057645566938,265.788247659385,4.19339752,0.0628126189
53,1.1936769703249243e-05,2.7503374628457773e-05,1.1936769703249243e-05,0.8379671734893483,294.2986686080919,4.78173065,0.0627933815
55,1.2378853502509464e-05,2.877115410353673e-05,1.2378853502509464e-05,0.8533826492264547,300.47617813864343,5.12604094,0.0627907962
54,1.2421479432706922e-05,2.8957050311808126e-05,1.2421479432706922e-05,0.8559998875319287,300.88051715201425,5.2564826,0.0627957359
59,1.2012554473214102e-05,2.80003026462163e-05,1.2012554473214102e-05,0.8522045462985403,304.39919405092456,5.29540539,0.0627987608
58,1.1233423621319978e-05,2.612241544340261e-05,1.1233423621319978e-05,0.8419059901451372,304.8471492322311,5.04833603,0.0627675354
59,9.789369382011261e-06,2.274861003959851e-05,9.789369382011261e-06,0.8230459053613624,309.9487850997358,4.58802366,0.0628058091
63,9.35338188065081e-06,2.1703936835521223e-05,9.35338188065081e-06,0.8658715985685315,333.8238389443156,4.53575468,0.063574262
65,8.800907079598002e-06,2.0681423327253152e-05,8.800907079598002e-06,0.8635601051830173,343.7231511647836,4.62262964,0.0635653734
64,9.362614886984582e-06,2.175703817234946e-05,9.362614886984582e-06,0.8419132715576887,323.50728684438803,4.5700593,0.0633418113
65,9.029133586152674e-06,2.2283192661096817e-05,9.029133586152674e-06,0.9215598845969722,370.7763487865156,4.56173468,0.0646358356
68,8.428151428763956e-06,2.089949724362523e-05,8.428151428763956e-06,0.9026234714924072,365.7091872694072,4.08206081,0.0643117726
66,8.11438845719083e-06,2.062057873340105e-05,8.11438845719083e-06,0.9582182770717895,402.0074871801056,4.42564106,0.0650691763
75,4.570903957027549e-06,1.3077888488671162e-05,4.570903957027549e-06,1.0263885025840527,496.9375165415026,4.89681625,0.05675577
107,0.0004986185456832004,0.0014576377149932613,0.0004986185456832004,4.989698913951791,818.8645421990402,25.7509632,0.0598024465
88,0.00015273961891919903,0.0004214879572646042,0.00015273961891919903,2.6994104858513555,649.1644709867953,12.2373476,0.0646264628
76,3.215269607652358e-05,8.745022125720949e-05,3.215269607652358e-05,1.4109739495489053,564.7273547052848,8.30451107,0.0633713454
74,1.9555537366112313e-05,5.463690288207454e-05,1.9555537366112313e-05,1.1658757293526876,553.5259932202479,8.59911728,0.0632015914
54,6.954866933309142e-06,1.7645858337066053e-05,6.954866933309142e-06,0.6896912973189657,424.5821973610364,3.4838686,0.062776804
57,8.515606261657898e-06,2.297392103031321e-05,8.515606261657898e-06,0.7101726496905684,431.2175439098322,5.09958315,0.0628278777
53,8.674739551646867e-06,2.3626393625018106e-05,8.674739551646867e-06,0.7126613996950361,434.1485565453364,5.18961763,0.0627589524
72,1.5533501685471362e-05,4.352875757100366e-05,1.5533501685471362e-05,1.0242032415766982,531.1887903909247,7.62334728,0.0628334656
75,1.0880984347937032e-05,3.0769299971632355e-05,1.0880984347937032e-05,0.9045852849839018,520.2953229665496,6.67908525,0.0629213452
70,6.341572011639491e-06,1.888082121002758e-05,6.341572011639491e-06,0.7195446084861172,501.1830481611912,6.21048927,0.0628044903
54,5.7127047129982365e-06,1.5284209334648985e-05,5.7127047129982365e-06,0.6405327646085163,445.6471008849581,4.21015692,0.0627745986
56,5.668859686190947e-06,1.5149174132687285e-05,5.668859686190947e-06,0.6352511049337431,442.6743901355165,4.11638689,0.0627524108
57,4.92783657005085e-06,1.3474789502673339e-05,4.92783657005085e-06,0.604119967602984,449.1294139579432,4.48340845,0.062733233
69,4.444123926189943e-06,1.3839487732850985e-05,4.444123926189943e-06,0.5875915681636187,478.94945272485666,5.42914343,0.0627169982
71,1.5273707741995097e-05,4.1252982304322245e-05,1.5273707741995097e-05,0.9709114247406818,504.9711857390674,6.19700289,0.0629142746
74,8.133984997583333e-06,2.2906592995256286e-05,8.133984997583333e-06,0.7839916933015617,494.96270015741453,6.23072529,0.0628937557
63,3.728592025192854e-06,1.1681635650747305e-05,3.728592025192854e-06,0.5447829487929412,469.60060768296603,5.23932648,0.0626912639
63,3.2668874607741774e-06,9.62864598554721e-06,3.2668874607741774e-06,0.5239197131334936,459.96022003533744,4.70939875,0.062768504
49,6.694101668076799e-06,1.683658092845374e-05,6.694101668076799e-06,0.6838846248773885,413.50688358410844,3.54032969,0.0628153756
46,7.086979318337706e-06,1.8010708140009798e-05,7.086979318337706e-06,0.6802012720641798,395.75320998937525,3.57894373,0.0628446639
48,6.426747106650978e-06,1.6478809877459187e-05,6.426747106650978e-06,0.6508121725974298,386.1914858123366,3.55299973,0.0627915338
50,6.942537736888458e-06,1.7495520300906334e-05,6.942537736888458e-06,0.6855705807176126,407.77694233587823,3.37883759,0.0627969727
50,7.154167349560418e-06,1.8130824810856304e-05,7.154167349560418e-06,0.6863088156991511,401.6799206987634,3.52732253,0.0628033653
47,6.139203638157108e-06,1.5833127569194407e-05,6.139203638157108e-06,0.6353246475622033,376.39120774408923,3.57936502,0.0628110468
46,6.150378271319465e-06,1.5860472417607777e-05,6.150378271319465e-06,0.6328039351718838,368.935099307823,3.59494877,0.0628145784
46,5.7142742475554486e-06,1.4837078765031387e-05,5.7142742475554486e-06,0.6137355666604855,362.3959831145788,3.67106938,0.0628053099
46,4.968736301793543e-06,1.2654719950077856e-05,4.968736301793543e-06,0.5913212104974255,354.0994950031235,3.52543545,0.0627666712
40,3.49881629368772e-06,7.902084751768439e-06,3.49881629368772e-06,0.5285653515266723,242.9045185221257,2.88785553,0.0628056377
40,2.802203482345673e-06,6.303171693041474e-06,2.802203482345673e-06,0.49456823784953685,239.5020798769153,2.56357574,0.0627886429
39,3.090153885938143e-06,6.988452798000765e-06,3.090153885938143e-06,0.5098785094400774,239.769076860126,3.08304191,0.0628952682
40,2.8847649507123895e-06,6.544254023085273e-06,2.8847649507123895e-06,0.5013171292143217,245.28721183136898,2.90229082,0.0628483072
40,2.8367556184561034e-06,6.427912966595997e-06,2.8367556184561034e-06,0.4970129520396346,242.18208577336628,2.98655629,0.0627729967
41,4.062327587606488e-06,9.111566938437409e-06,4.062327587606488e-06,0.5557703774577258,242.83779638529572,3.04987693,0.0629190356
40,3.86554912345837e-06,8.637497604576007e-06,3.86554912345837e-06,0.5461660820982487,237.65519777264427,3.03509259,0.0628470406
41,3.2536757149057332e-06,7.301995807646788e-06,3.2536757149057332e-06,0.5171295362705123,236.0818392967589,2.96351862,0.0628467798
40,3.2433666724417704e-06,7.342077284117043e-06,3.2433666724417704e-06,0.5152972581527885,238.12396898423714,3.17342234,0.0628653616
42,3.5386162659728503e-06,7.980624908874401e-06,3.5386162659728503e-06,0.5267872493773222,236.02775198668581,2.9560039,0.0628280565
40,3.5969301754835335e-06,8.012916031139079e-06,3.5969301754835335e-06,0.5320567396806962,232.8703054760556,3.11794305,0.0628034994
45,5.6382364167681975e-06,1.2741750759832708e-05,5.6382364167681975e-06,0.6095320202534481,245.89639629313254,3.56609273,0.0628533959
42,4.702380693763222e-06,1.0582114742807386e-05,4.702380693763222e-06,0.5778130258450864,241.93862584386858,3.34363532,0.0628096387
46,5.343114960910569e-06,1.2028618028363992e-05,5.343114960910569e-06,0.5980871981320539,243.00693448750445,3.46626925,0.0627683774
41,4.554093288535535e-06,1.0283057569074746e-05,4.554093288535535e-06,0.5690956696800882,239.36626307281787,3.3979826,0.0628480166
40,4.144327998539012e-06,9.252089226616813e-06,4.144327998539012e-06,0.5598854287220698,239.6985336005295,3.14447165,0.0628609657
46,7.023179417042355e-06,1.589659392200343e-05,7.023179417042355e-06,0.659596268829478,253.15010276055793,3.57351542,0.0628158674
46,7.767112653426821e-06,1.7597865549994787e-05,7.767112653426821e-06,0.6847956654954599,254.25333864516574,3.87200117,0.062827304
44,6.853231437003599e-06,1.5530208561246082e-05,6.853231437003599e-06,0.6488684225734211,248.9002269239176,3.66981936,0.0628760755
39,1.8670838351442798e-06,4.326363699618463e-06,1.8670838351442798e-06,0.4465746714769475,262.18948742048997,2.59760666,0.0627869219
40,1.9525727197421635e-06,4.534089750379733e-06,1.9525727197421635e-06,0.44973254021724185,258.47891877724123,2.69434333,0.0628741831
39,1.8832056797255195e-06,4.349646658839172e-06,1.8832056797255195e-06,0.44858606723253286,263.11995199901816,2.27034855,0.062870346
40,1.817543876996979e-06,4.213857986673794e-06,1.817543876996979e-06,0.4411050314872754,258.4534467720857,2.54013324,0.0627596304
40,2.0142755322476827e-06,4.690580579801172e-06,2.0142755322476827e-06,0.45119668611648167,255.33982018269919,2.75917268,0.0628808737
38,2.624631552087692e-06,5.922201936219087e-06,2.624631552087692e-06,0.4924009384696726,248.6990284435372,2.66473818,0.0629042462
40,2.5124040515427294e-06,5.783393053807589e-06,2.5124040515427294e-06,0.4805394105243974,250.75072241604857,3.01741982,0.0628456771
40,2.1645310635012973e-06,4.9681188084825135e-06,2.1645310635012973e-06,0.46350572967920434,249.82057208320177,2.72648311,0.0628420264
40,2.2805273593475815e-06,5.228699809088045e-06,2.2805273593475815e-06,0.4663273179244018,247.8769709459033,2.76690698,0.0628614128
38,2.638591206378116e-06,5.980378989931954e-06,2.638591206378116e-06,0.4867550515023803,241.92931716854454,2.65230918,0.0628928319
40,2.8164284488880926e-06,6.4047949269808545e-06,2.8164284488880926e-06,0.4948325090663102,241.99949291975236,2.85459018,0.0628275126
44,4.496783962001499e-06,1.1376287258729062e-05,4.496783962001499e-06,0.5744231599564925,345.903027441042,3.27684736,0.0628295541
43,4.067385166284034e-06,1.0219163678171975e-05,4.067385166284034e-06,0.5609369662104473,340.7588548390465,3.11449456,0.0628266558
45,3.4860555505700365e-06,8.649136854191243e-06,3.4860555505700365e-06,0.5397633826097091,338.6873713734992,3.17366409,0.0628275722
38,1.8880170815075241e-06,4.355201202357617e-06,1.8880170815075241e-06,0.44834220107430817,261.64679088264415,2.36762404,0.0628307909
40,2.00439792422298e-06,4.681556781028368e-06,2.00439792422298e-06,0.45440040185227437,266.93569811657363,2.72156787,0.0628359914
39,1.8927128758872928e-06,4.357784835420131e-06,1.8927128758872928e-06,0.4478045193153167,258.95422476638595,2.07397795,0.0628307611
41,1.8917511823788486e-06,4.3584847421428155e-06,1.8917511823788486e-06,0.44733250441084144,264.1822558520486,2.27038193,0.0627880171
40,2.430591332532135e-06,5.668422353883888e-06,2.430591332532135e-06,0.48381098069487993,279.31613877430357,2.48927951,0.0628535897
40,1.9521041001200868e-06,4.5170874989018585e-06,1.9521041001200868e-06,0.45144289186534065,265.59612364425976,2.30667567,0.0628632307
40,2.2157166850729262e-06,5.145152211244587e-06,2.2157166850729262e-06,0.46844149781685235,272.0414772761642,2.42545342,0.062918134
38,2.0514476259065504e-06,4.758365916684771e-06,2.0514476259065504e-06,0.45924863420381595,267.09725546331407,2.56336308,0.0628496334
40,2.45702647815072e-06,5.79984380725511e-06,2.45702647815072e-06,0.48532394476405427,285.07628494323944,2.74368644,0.0627983138
41,2.617077785070869e-06,6.273416155505647e-06,2.617077785070869e-06,0.4961020954749516,303.9255798125375,2.77059722,0.0627915785
40,2.5025442114436756e-06,5.98507486360114e-06,2.5025442114436756e-06,0.48997186276426646,301.1229649701046,2.70249748,0.0628285408
40,2.415796627507796e-06,5.70532364266485e-06,2.415796627507796e-06,0.4846020666929149,290.9252295960444,2.49379635,0.0628476217
40,2.3548872380004936e-06,5.556887076813973e-06,2.3548872380004936e-06,0.48252504258461554,293.71706565411847,2.36971593,0.0628816038
43,2.9788443401166988e-06,7.274827040579517e-06,2.9788443401166988e-06,0.5172533217482913,323.40787369478363,2.97717595,0.0628228113
40,2.69952786909293e-06,6.525601645832918e-06,2.69952786909293e-06,0.5030127562921013,312.4413792914789,2.79418969,0.0628536642
42,3.449977873922805e-06,8.50139312756167e-06,3.449977873922805e-06,0.5389741873427376,331.8439890839578,2.86740947,0.0628239661
48,9.86937411092098e-06,2.2442556185241302e-05,9.86937411092098e-06,0.7532097252644276,266.2912524561688,4.18402433,0.062815167
51,1.1107854508623625e-05,2.528499107365195e-05,1.1107854508623625e-05,0.782131288807742,267.1042085524417,4.64997387,0.0628056824
52,1.1702640115175203e-05,2.6586365458946728e-05,1.1702640115175203e-05,0.8216397926407507,279.9166261221666,4.7485342,0.0628237873
54,1.2100202949728576e-05,2.775731172039786e-05,1.2100202949728576e-05,0.8342701955102527,286.27355476187654,4.87958097,0.0628071353
47,1.1543514760838128e-05,2.6147308348853235e-05,1.1543514760838128e-05,0.8042154308724234,271.2026763435767,4.46715069,0.0628250688
49,1.1808520468114913e-05,2.6784974171811676e-05,1.1808520468114913e-05,0.8155262792042792,274.1568317867165,4.64632654,0.0628655627
50,8.767251156647027e-06,1.9855593348248476e-05,8.767251156647027e-06,0.7160743172967472,258.3510488824738,3.96208739,0.0628252104
47,8.19162557865681e-06,1.851343281166341e-05,8.19162557865681e-06,0.6960897630390994,253.5637600630804,3.76545143,0.0628403425
51,9.769668785392516e-06,2.20922467367842e-05,9.769668785392516e-06,0.7448008178326117,259.9753072704881,3.87730575,0.0628256351
55,1.2292877325583398e-05,2.8425923663681327e-05,1.2292877325583398e-05,0.8477992834547322,294.81121548354304,5.14086103,0.062750861
54,1.1662388214427484e-05,2.6895101546416135e-05,1.1662388214427484e-05,0.8237229786849989,288.54542641824946,4.97214746,0.0628076866
57,1.1656511647959604e-05,2.6970719223612684e-05,1.1656511647959604e-05,0.8325901378281189,295.26626502300564,5.02409029,0.0627005547
56,1.0930670877902399e-05,2.5249771092478184e-05,1.0930670877902399e-05,0.8227331657205713,296.10028902162003,4.93676853,0.0627325475
61,9.95559809010006e-06,2.319847848933501e-05,9.95559809010006e-06,0.8040389124010513,301.1375548892966,4.84145784,0.0626889691
62,9.287351074357903e-06,2.154460065777604e-05,9.287351074357903e-06,0.808925839230166,309.2863579506287,4.61359692,0.0628636256
64,8.989182017074434e-06,2.1518980942034977e-05,8.989182017074434e-06,0.8680480808831784,339.46975965550064,4.34523296,0.0645802468
61,8.33002236067822e-06,1.926770643870765e-05,8.33002236067822e-06,0.8229377105636652,320.0052488921627,4.18589687,0.0646203905
70,7.091727576095999e-06,1.8189401145344164e-05,7.091727576095999e-06,0.944205209527826,406.5088185310847,4.221066,0.0630544126
70,4.723992113426434e-06,1.3214109811916707e-05,4.723992113426434e-06,0.922686609057369,437.08874689728606,4.79866982,0.0585566014
68,6.84895454413174e-06,1.73203642505276e-05,6.84895454413174e-06,0.8663295763570925,368.6037905149399,4.21773672,0.0644962192
79,8.337707219672771e-06,2.3271558850893016e-05,8.337707219672771e-06,1.150028898160223,454.24966037876777,6.10579443,0.0574085861
102,0.0005445210165822162,0.0015870464205973262,0.0005445210165822162,5.115595150021759,814.1487110636349,26.938818,0.0587234646
80,0.00010386044676747871,0.0002849817217805995,0.00010386044676747871,2.221751805140893,606.8768746556477,10.8048534,0.0646713972
76,3.560950880489241e-05,9.630470506277945e-05,3.560950880489241e-05,1.411673409641127,549.2381846007266,7.49475002,0.0635299459
52,6.798956972286039e-06,1.71650657703661e-05,6.798956972286039e-06,0.6872666783675339,420.6145915402795,3.43990445,0.0627755299
49,6.40596141849652e-06,1.612202165464232e-05,6.40596141849652e-06,0.6728958814518643,413.23429888134876,3.51172042,0.0627889037
55,7.70898648835468e-06,2.095162549929997e-05,7.70898648835468e-06,0.6841272444957059,427.13832706134434,4.80308294,0.0628031045
54,5.954928060109981e-06,1.5967245672223665e-05,5.954928060109981e-06,0.6414225405234169,434.3277279434299,4.20117712,0.0627323091
78,2.6593827606731282e-05,7.157265021225138e-05,2.6593827606731282e-05,1.2227603769364142,526.5705176328528,6.66440582,0.0632197633
55,3.979727599202015e-06,1.084706062685873e-05,3.979727599202015e-06,0.5698943963383423,443.2603430857739,4.21521139,0.0627207905
58,3.543673564462818e-06,1.0273471851536411e-05,3.543673564462818e-06,0.5360992334522331,451.12891236078286,4.78255844,0.0627471134
68,4.668861872143875e-06,1.4342777561297505e-05,4.668861872143875e-06,0.6183316058686956,480.04285411657827,5.82429647,0.062765263
79,4.617117732072598e-05,0.0001254284649992207,4.617117732072598e-05,1.4767080582483136,532.7480155883918,7.83652782,0.0632573292
72,1.0018695151711986e-05,2.753228960379707e-05,1.0018695151711986e-05,0.8396220879770703,494.21672897470734,6.10040855,0.0629290268
77,4.6140549719390615e-05,0.0001254190183182222,4.6140549719390615e-05,1.4984340679110366,532.3732225026951,8.01930523,0.0636645779
64,3.532930139776645e-06,1.1075499243156123e-05,3.532930139776645e-06,0.5309018462834051,464.9620699175323,5.3331933,0.0627314299
63,3.406545521600382e-06,1.0728743172018816e-05,3.406545521600382e-06,0.5146879507351529,455.21918107859955,5.18563223,0.0627534091
47,6.6997072877743265e-06,1.6978926450796883e-05,6.6997072877743265e-06,0.6676013462420007,392.85404044696753,3.4650631,0.0627798587
49,6.228134161929136e-06,1.5884797571279605e-05,6.228134161929136e-06,0.6445686135286021,385.4946222434467,3.4976294,0.0627880543
48,6.086674268717571e-06,1.5323567848156936e-05,6.086674268717571e-06,0.656352792317762,403.2681153497219,3.4495337,0.062790826
46,5.835722027910651e-06,1.5009730130310537e-05,5.835722027910651e-06,0.6267244028711426,376.9658378729907,3.52511311,0.0628254041
45,5.670769484333966e-06,1.4631370305690577e-05,5.670769484333966e-06,0.6176827783348405,367.30250152896633,3.49255061,0.0628194585
44,5.68401971330886e-06,1.4730035285465076e-05,5.68401971330886e-06,0.6127153008002517,359.9870052304986,3.62927103,0.0627895668
44,5.13593075533315e-06,1.312913973001552e-05,5.13593075533315e-06,0.5940471226631753,349.89483288854126,3.55034781,0.0627831593
39,2.8110591679670777e-06,6.38170761808604e-06,2.8110591679670777e-06,0.4934062709464777,237.47435742666568,2.87580681,0.0627668574
38,3.165525352596292e-06,7.177998461448986e-06,3.165525352596292e-06,0.5106708993897506,233.91769471192413,3.12399697,0.06282904
39,2.8438795873642904e-06,6.416126914539245e-06,2.8438795873642904e-06,0.4981930852920117,240.00928762966635,2.5869658,0.0628675222
42,4.025305683512361e-06,8.994174380062575e-06,4.025305683512361e-06,0.5501534838435068,236.30558586156812,3.04132676,0.0628449991
40,3.774025951622764e-06,8.40268685556678e-06,3.774025951622764e-06,0.5410833869354235,231.52022021916085,2.95040011,0.0628704429
40,3.206092766086041e-06,7.1814784175362715e-06,3.206092766086041e-06,0.5149442929320663,234.20702912275476,2.93286276,0.0628153905
38,3.1147437784235213e-06,6.954490995316194e-06,3.1147437784235213e-06,0.5107233409329107,231.95599809102697,2.73109388,0.0628021136
42,3.3142124382073316e-06,7.42392562318608e-06,3.3142124382073316e-06,0.5164434808570728,230.62449908262764,2.98928976,0.062811397
39,3.470686199978384e-06,7.74025036696896e-06,3.470686199978384e-06,0.5255221769296573,226.85346505159092,3.10342312,0.0628701076
43,6.921852615662803e-06,1.572386188660008e-05,6.921852615662803e-06,0.6441833310492384,240.89963303509163,3.63900304,0.0627520382
43,5.320447970614248e-06,1.1962540100218525e-05,5.320447970614248e-06,0.5951163307353097,237.7407460468968,3.34800076,0.0628282353
45,5.892871129315996e-06,1.3305154631357637e-05,5.892871129315996e-06,0.6114748264055153,237.01775039624397,3.33483577,0.0627953187
40,4.3772930376619355e-06,9.73097239064079e-06,4.3772930376619355e-06,0.5636743453812176,234.80999105112213,2.98086953,0.0628216863
45,7.384822588305499e-06,1.6633395923268225e-05,7.384822588305499e-06,0.6694479417027965,249.12968709917428,3.58147502,0.0628462583
44,7.939842864770672e-06,1.790686260640012e-05,7.939842864770672e-06,0.6864745114478652,247.2003524094595,3.74697471,0.0628652498
46,7.3481018793731965e-06,1.6643906037779423e-05,7.3481018793731965e-06,0.6598336254273865,244.60694336083117,3.6219604,0.0627768114
40,1.8612395242863269e-06,4.344570035286879e-06,1.8612395242863269e-06,0.4419109357164488,255.50925062866293,2.60930085,0.0627660751
40,1.980910166494657e-06,4.652964361725904e-06,1.980910166494657e-06,0.44504647324498947,254.75960005922127,2.65659928,0.062836349
42,2.0059411681031885e-06,4.720588233113282e-06,2.0059411681031885e-06,0.44495311733502935,256.4374974098939,2.60398865,0.0628564209
40,2.0113301573408437e-06,4.660989831620141e-06,2.0113301573408437e-06,0.4497712054648501,249.69847304665868,2.7489531,0.0628002435
40,2.4743686384836426e-06,5.570824822277543e-06,2.4743686384836426e-06,0.47882086341432095,245.44621117039955,2.51580667,0.0629293397
41,2.0396966498207145e-06,4.7088037244435065e-06,2.0396966498207145e-06,0.4517799407440846,245.6029684224162,2.83215809,0.0628139526
40,2.2272334398038774e-06,5.0164456373180035e-06,2.2272334398038774e-06,0.46699044404118967,243.2241954437469,2.38386774,0.0628321394
39,2.5239868244253253e-06,5.667062688449868e-06,2.5239868244253253e-06,0.4818705853966765,243.13504268457743,2.50047612,0.0628449246
39,2.5003668566774267e-06,5.643404797190288e-06,2.5003668566774267e-06,0.47765535334419656,238.17926330043173,2.73202085,0.0627657399
40,2.722076859511451e-06,6.146751989512082e-06,2.722076859511451e-06,0.48987945298601054,237.6387538806964,2.8061192,0.0628632233
44,4.648541210703941e-06,1.1888541735415482e-05,4.648541210703941e-06,0.5744546615315531,343.02851427255473,3.46323371,0.0628337413
44,4.06304249575317e-06,1.025568598750288e-05,4.06304249575317e-06,0.5538852941794828,335.81660636080204,3.09720564,0.0628149286
40,2.2026058370557388e-06,5.2717387025319205e-06,2.2026058370557388e-06,0.4498125389572478,253.2121766734421,2.48825622,0.062851496
41,1.911545999397224e-06,4.42808736737715e-06,1.911545999397224e-06,0.4457896835268306,258.73542479376806,2.23420143,0.0628145263
40,1.8217724469351634e-06,4.185123468495222e-06,1.8217724469351634e-06,0.4436066711096132,260.11788992493194,2.09677267,0.0628674775
40,2.3205020313540466e-06,5.397105016008534e-06,2.3205020313540466e-06,0.4782107867971396,278.4892641225478,2.40691924,0.0628834814
38,1.9612824363664976e-06,4.545815991751587e-06,1.9612824363664976e-06,0.45476456531549503,263.5381655821143,2.64475465,0.0629124567
39,2.2567826623831966e-06,5.274162991359504e-06,2.2567826623831966e-06,0.47121636073394757,273.18427498168353,2.61473751,0.0629155114
38,2.0371313758250316e-06,4.726302652980102e-06,2.0371313758250316e-06,0.4593327024051747,265.5381873629176,2.6182034,0.062928088
39,2.334334660996803e-06,5.468275145770537e-06,2.334334660996803e-06,0.47771068720910487,280.57531739263334,2.38009977,0.0628613606
39,2.2781513963843348e-06,5.3690856053290166e-06,2.2781513963843348e-06,0.4779264107443654,286.6287930386646,2.62943745,0.0628394037
41,2.6210283634616783e-06,6.305835713629896e-06,2.6210283634616783e-06,0.49648949663046404,305.6099669997323,2.53551769,0.0627989769
41,2.452918680577567e-06,5.898681220238343e-06,2.452918680577567e-06,0.4848636828792525,301.2597699405189,2.72834611,0.0628245845
39,2.3143518278927457e-06,5.478819897962623e-06,2.3143518278927457e-06,0.48068733814313064,294.87992608705076,2.45455933,0.062893033
40,2.2802432491504507e-06,5.361552886555529e-06,2.2802432491504507e-06,0.4774395055528506,287.4831954635758,2.40991044,0.0628472641
40,2.198718243103238e-06,5.179021141593417e-06,2.198718243103238e-06,0.4711928043843897,287.86800554000524,2.26345301,0.0628346801
43,2.973705706389384e-06,7.271988329336748e-06,2.973705706389384e-06,0.5143683603408541,321.1786289547824,2.95025134,0.0628835261
43,2.9431355043394064e-06,7.181883059476491e-06,2.9431355043394064e-06,0.5143042651982106,320.21835635354046,2.66762376,0.0628538206
41,2.800302577831637e-06,6.804576588070204e-06,2.800302577831637e-06,0.5059777216091009,313.366259066318,2.72627831,0.0628087223
43,3.471647159660869e-06,8.634655687496681e-06,3.471647159660869e-06,0.5327277848306085,327.4004034723263,2.89466357,0.0628350824
42,3.568929876511619e-06,8.92084997403146e-06,3.568929876511619e-06,0.5361388616326079,328.67806440673553,2.95016694,0.0628187582
50,1.0669561031713522e-05,2.407507933931053e-05,1.0669561031713522e-05,0.7678496149899053,261.1499319315131,4.16138363,0.0627963319
48,1.0953744996201496e-05,2.467760515791521e-05,1.0953744996201496e-05,0.7833499815810891,262.8549978697366,4.26804876,0.0627966374
49,1.1652769566454935e-05,2.629824425276117e-05,1.1652769566454935e-05,0.8154504467855654,273.7099417499785,4.60656214,0.0627524257
53,1.1492196794139184e-05,2.6092197707675762e-05,1.1492196794139184e-05,0.8139558813055708,275.9055820596941,4.85192537,0.0627779439
52,1.1215718129443512e-05,2.5700141417235582e-05,1.1215718129443512e-05,0.8135883274202096,281.68184172885395,4.88668823,0.0627888888
48,1.1515090863535424e-05,2.5959320876637954e-05,1.1515090863535424e-05,0.8019533159009662,266.4797610558321,4.55742979,0.0628481805
48,8.905028293610143e-06,2.004226272237162e-05,8.905028293610143e-06,0.7181321505373658,252.4766882279299,3.87815714,0.0628004372
50,1.0024860640666394e-05,2.2633162192100243e-05,1.0024860640666394e-05,0.7412842939996125,253.09010312661857,3.795645,0.0628281981
47,9.16310506436019e-06,2.0649460424972845e-05,9.16310506436019e-06,0.7150040365662673,247.45165037696088,3.72792935,0.0628891662
50,1.0368420036724621e-05,2.3367704869317433e-05,1.0368420036724621e-05,0.7566682130697522,256.76770094178704,4.02164698,0.0628052428
55,1.162417078876574e-05,2.6800493281127328e-05,1.162417078876574e-05,0.8301737285420356,288.89949371182564,4.9627943,0.062727049
57,1.029149840989032e-05,2.3771904765548065e-05,1.029149840989032e-05,0.7934399454819424,286.90748988873463,4.94972181,0.062697947
59,9.441896265283271e-06,2.1877104221152254e-05,9.441896265283271e-06,0.7822160796348154,292.5863647298534,4.72961521,0.0626728833
57,9.151037750560767e-06,2.110913763548075e-05,9.151037750560767e-06,0.7806133567474031,294.1177909541554,4.36220217,0.0627233908
60,8.77493121233045e-06,2.0218029115660758e-05,8.77493121233045e-06,0.7968520042044909,302.7784247946792,4.54006958,0.0631143823
64,9.328751175053232e-06,2.2474749805183517e-05,9.328751175053232e-06,0.821539835784609,313.56253893657737,4.3409915,0.0653612539
64,7.901134746862354e-06,1.934247172311846e-05,7.901134746862354e-06,0.8283152678727129,331.76954414709326,4.12128115,0.0669248775
69,4.9635838994517374e-06,1.4135068719681402e-05,4.9635838994517374e-06,0.8649948839348137,389.6747532058386,5.39050293,0.0628125444
95,0.0002925253543661071,0.0008237355993624757,0.0002925253543661071,3.6126340461380897,694.3681074438537,20.9228134,0.0624441393
106,0.000640488401543178,0.0018603087105559005,0.000640488401543178,5.210387311222656,788.3838326125975,28.8022499,0.0590374917
79,0.00010090900842927775,0.00027517860229462444,0.00010090900842927775,2.1324718669166542,582.7528862530323,10.6875467,0.0640812665
52,6.7743486930306135e-06,1.744843948833249e-05,6.7743486930306135e-06,0.6736236992235428,417.9437185588017,3.98307204,0.062772654
50,6.033366885945209e-06,1.5212602796103586e-05,6.033366885945209e-06,0.6562567786560906,410.50478458142135,3.64754057,0.062794663
55,6.9943227151010566e-06,1.8924812783737924e-05,6.9943227151010566e-06,0.6613788166442555,422.34045186142936,4.75619793,0.062758401
56,4.702694949086259e-06,1.2669786441723793e-05,4.702694949086259e-06,0.5933130177501804,436.23927587287704,4.4161768,0.0627581701
53,6.496771270906914e-06,1.7480879844802072e-05,6.496771270906914e-06,0.6510804170290706,429.6067777078792,4.36214066,0.0627723187
81,7.022787927521417e-05,0.00019209677634320378,7.022787927521417e-05,1.8040661522133665,562.2644308743684,9.21356678,0.0633871555
58,3.437593331344683e-06,9.670867364159497e-06,3.437593331344683e-06,0.5325290746212225,441.1398472829555,4.61346245,0.0627252832
60,3.459218222756826e-06,1.036697497118069e-05,3.459218222756826e-06,0.5234191942440448,447.7228016631638,4.8751874,0.062715739
69,9.52373302369944e-06,2.6427159308008052e-05,9.52373302369944e-06,0.8070627727178005,484.3627196605469,6.27641869,0.0629526451
82,9.835419593211407e-05,0.00027108539592618014,9.835419593211407e-05,2.143764678633262,588.4313864404346,10.768548,0.0641978383
76,3.2759588488613115e-05,8.910015130709821e-05,3.2759588488613115e-05,1.283815116830207,513.7751468631682,6.82467651,0.0634499043
83,0.000208252787383621,0.0005686340111074762,0.000208252787383621,2.7344629350450615,579.3746106761132,15.0503969,0.0643559173
67,4.925470281583502e-06,1.4562440100682386e-05,4.925470281583502e-06,0.6169898804530394,466.4275576535574,5.7349143,0.0627691448
61,3.2917921973358976e-06,1.0273170757484097e-05,3.2917921973358976e-06,0.5083383144878909,449.21601195894016,5.02988386,0.0627613589
48,6.450130261461445e-06,1.63307670309662e-05,6.450130261461445e-06,0.6596883983289811,393.7011091856401,3.57937002,0.0627760589
49,5.494602637021406e-06,1.3862586642680782e-05,5.494602637021406e-06,0.6249330978776908,384.8397277062418,3.30009985,0.0627864972
50,6.168194107312025e-06,1.5505862008577695e-05,6.168194107312025e-06,0.658799228699707,400.3645833845592,3.51009059,0.0627949312
46,5.70869790439106e-06,1.4695476523117785e-05,5.70869790439106e-06,0.6217173972837536,371.3841964718726,3.48502803,0.062797837
46,5.400969660537985e-06,1.3929245231934706e-05,5.400969660537985e-06,0.6037564694274618,362.0714753358966,3.47637463,0.0627411604
44,5.283110905470292e-06,1.3639436708596817e-05,5.283110905470292e-06,0.5993711078685123,355.1125552854026,3.50525165,0.0627352744
46,4.982838891109701e-06,1.288027405317064e-05,4.982838891109701e-06,0.5829931293214758,348.8531760997049,3.48687601,0.062787883
44,4.737027604302703e-06,1.220449141532724e-05,4.737027604302703e-06,0.5731446664160501,341.057419909005,3.50063038,0.062824145
40,2.6989265461595086e-06,6.129138875586897e-06,2.6989265461595086e-06,0.4860494445320987,236.68312006805274,2.92756224,0.0628210753
41,2.752453225781588e-06,6.221136144574576e-06,2.752453225781588e-06,0.4891153943422765,232.55892783639572,2.85048866,0.0627786368
39,2.9517382531626555e-06,6.6844417629902785e-06,2.9517382531626555e-06,0.4995781483127365,233.88383125532346,2.99005413,0.0628917441
38,2.896503852826637e-06,6.47155346323131e-06,2.896503852826637e-06,0.4986842544601108,229.99295330198657,2.67843938,0.0628582686
41,3.9287721316466734e-06,8.727579352405273e-06,3.9287721316466734e-06,0.5468080934537667,232.129315116086,2.97298098,0.0627959147
42,3.864738580915867e-06,8.583885259853277e-06,3.864738580915867e-06,0.5402249747265252,226.59216565351193,2.840662,0.0628202483
41,3.102798362189635e-06,6.935668511154841e-06,3.102798362189635e-06,0.5087114917234169,229.12277498687584,2.93875384,0.062761493
39,2.9137416660259047e-06,6.492597106082339e-06,2.9137416660259047e-06,0.49680245885743535,226.0803587986533,2.69207048,0.062791802
40,3.1967003480945757e-06,7.1529046233268735e-06,3.1967003480945757e-06,0.5080669655093569,225.84729257574355,2.81223488,0.0628204122
39,3.4456705595355894e-06,7.614391210468349e-06,3.4456705595355894e-06,0.5234038840781051,224.66666696188267,2.8497436,0.0628965944
41,3.4377715973932403e-06,7.660444503783976e-06,3.4377715973932403e-06,0.5173600130439057,220.8779229418789,2.93154883,0.0628690124
45,7.228191836694765e-06,1.6414436452937697e-05,7.228191836694765e-06,0.6466256127507422,237.99724399579338,3.50907564,0.0628139004
43,5.362749571306121e-06,1.2059993081304164e-05,5.362749571306121e-06,0.5942051260236456,232.76297287477385,3.12893653,0.0628326535
42,6.5970395275919e-06,1.4950956129386003e-05,6.5970395275919e-06,0.6277618651952479,231.97138342454824,3.45862389,0.06281811
42,4.82061260854372e-06,1.078240381601675e-05,4.82061260854372e-06,0.5749295105129336,230.35106015240243,2.89763069,0.0628117919
43,7.820844996560117e-06,1.7720896958909632e-05,7.820844996560117e-06,0.6737618065067742,243.69262961310633,3.54553175,0.0627853498
44,8.797150144405996e-06,1.9817012849015187e-05,8.797150144405996e-06,0.7022498770927513,242.14530385537802,3.68712831,0.0628370345
45,7.768727280614024e-06,1.76132039931437e-05,7.768727280614024e-06,0.6643265602681674,238.6305943565227,3.5231421,0.0627915189
41,1.914628709808379e-06,4.471455080237347e-06,1.914628709808379e-06,0.44244624416891337,251.26581627561967,2.59206486,0.0627939701
42,2.130215289774165e-06,5.06502903716209e-06,2.130215289774165e-06,0.4455985649722698,249.97250719756852,2.50567317,0.0628494322
39,1.8767456779976479e-06,4.3597308486106405e-06,1.8767456779976479e-06,0.4402248720075769,247.7610784032512,2.56251907,0.0628140122
40,2.4549768740226704e-06,5.597477454053332e-06,2.4549768740226704e-06,0.4731171120236203,238.09432033230848,2.95222616,0.0628267005
39,2.0083422045609388e-06,4.5216797816085505e-06,2.0083422045609388e-06,0.4547649994965673,243.05919597347966,2.30944133,0.0628452376
40,1.8796038645090768e-06,4.335246909192107e-06,1.8796038645090768e-06,0.4403123518471719,244.71488591361017,2.6912353,0.0628642961
42,1.9071353486418382e-06,4.330008868403125e-06,1.9071353486418382e-06,0.44147602274988523,240.03507912917533,2.54898,0.0628629476
40,2.1443078963393826e-06,4.771121214718796e-06,2.1443078963393826e-06,0.46169555389762534,239.56185536951486,2.23882318,0.0628789812
40,2.5340352116296823e-06,5.7243631325076254e-06,2.5340352116296823e-06,0.47654065625743247,236.51248812147392,2.64490128,0.062821418
39,2.3490262991333205e-06,5.2544082197732465e-06,2.3490262991333205e-06,0.46981579087851044,233.30146416112984,2.35845613,0.0629008412
40,2.605874698152125e-06,5.911895435322365e-06,2.605874698152125e-06,0.48041478687494,234.11125792168127,2.79782891,0.0628067181
38,2.683373710248213e-06,6.008875465896025e-06,2.683373710248213e-06,0.4869822102697415,234.45482698159086,2.5065279,0.0628462359
44,4.471153764298988e-06,1.156091071602859e-05,4.471153764298988e-06,0.5574436099757327,331.69154184560733,3.49974728,0.0628296733
41,2.411521231328769e-06,5.855959434074131e-06,2.411521231328769e-06,0.45489782405064544,250.11436087588186,2.61671138,0.0628546774
39,2.1928823106100507e-06,5.188022301483058e-06,2.1928823106100507e-06,0.4547364861639465,253.69300722433096,2.40438938,0.062913835
40,2.5996670702008354e-06,6.369235394145326e-06,2.5996670702008354e-06,0.4585197233743611,249.62465698507836,2.75554252,0.0629038215
42,2.0280067997324676e-06,4.735568824195166e-06,2.0280067997324676e-06,0.44612397881272453,256.22492424337247,2.27325225,0.0628859103
39,1.975005886273146e-06,4.618105506662805e-06,1.975005886273146e-06,0.447608547048556,258.417656501784,2.53872895,0.0629704297
39,1.9248431837881686e-06,4.43620969033758e-06,1.9248431837881686e-06,0.45089498597674527,263.1299692953788,2.29354525,0.0629317462
40,2.259255674465409e-06,5.299486527907942e-06,2.259255674465409e-06,0.4700466995783253,275.3258958756658,2.62270021,0.0628837571
38,2.1409393189562276e-06,4.973099818220332e-06,2.1409393189562276e-06,0.4649694279278775,268.9922868265094,2.52148294,0.0628666207
38,1.9947627282142323e-06,4.625084685944389e-06,1.9947627282142323e-06,0.4549202016237053,264.30170115899995,2.53929067,0.06282451
40,2.231081979629531e-06,5.195076088876303e-06,2.231081979629531e-06,0.47240069287376585,280.31255722621063,2.45928454,0.0628703088
42,2.955588695657462e-06,7.279568183025016e-06,2.955588695657462e-06,0.5078807304246642,312.3567464416928,2.77406573,0.0628362373
41,2.7404761805771672e-06,6.71334298281174e-06,2.7404761805771672e-06,0.4974314380666906,305.77832543995305,2.60759234,0.0628352314
42,2.5128472647047757e-06,6.104175714892379e-06,2.5128472647047757e-06,0.48161841147624496,299.1173908897415,2.8635633,0.0628201067
41,2.4463154777358805e-06,5.914273419391333e-06,2.4463154777358805e-06,0.4787431668087823,294.35116672632057,2.83719158,0.0628749281
41,2.177855196898553e-06,5.1385760593061345e-06,2.177855196898553e-06,0.4673637132366247,287.20207496691353,2.27288795,0.0628242418
40,2.198607461227158e-06,5.231752396223075e-06,2.198607461227158e-06,0.4645409224645666,280.3857133840105,2.77971768,0.0628395826
41,2.058183261542824e-06,4.869285673355821e-06,2.058183261542824e-06,0.4573111075376475,281.67198496555363,2.60696793,0.0628467128
44,3.5058949506911423e-06,8.828275780813919e-06,3.5058949506911423e-06,0.524849794720108,319.96036131094604,3.06947851,0.0628037974
42,4.0339370766692635e-06,1.02882223979673e-05,4.0339370766692635e-06,0.5450286869262417,325.39041615092924,3.29214764,0.0628182888
51,1.05801706339319e-05,2.3728892045109414e-05,1.05801706339319e-05,0.7664915925661497,255.35674514125523,4.17676449,0.0627988651
48,1.0451044744706741e-05,2.3404854571093277e-05,1.0451044744706741e-05,0.7698742205688835,258.6120674446547,4.23703384,0.0627959818
52,1.1090592926410009e-05,2.5043434385997703e-05,1.1090592926410009e-05,0.7974318803735729,269.7411380052951,4.51718235,0.0627384335
48,1.096152673795017e-05,2.4669799680923423e-05,1.096152673795017e-05,0.7908035467265866,264.2578417702238,4.54822874,0.0628195852
52,1.0391346339313724e-05,2.3576075733309427e-05,1.0391346339313724e-05,0.787027371077135,271.59466323405735,4.51762962,0.0628001019
53,1.0141650106797099e-05,2.3027436750498755e-05,1.0141650106797099e-05,0.780436755768118,274.88019529639195,4.51762915,0.06274762
54,1.0708371120313423e-05,2.4432876554331414e-05,1.0708371120313423e-05,0.8059187653928337,279.5032871669461,4.80700922,0.062737748
49,9.662064834566721e-06,2.1750017627078643e-05,9.662064834566721e-06,0.7303473472499059,249.48388930384698,3.71575165,0.0628231689
51,9.959201519550952e-06,2.231766635705432e-05,9.959201519550952e-06,0.7384742163971708,247.30832012271648,3.72219086,0.0628237873
46,9.110629160558176e-06,2.044859795214698e-05,9.110629160558176e-06,0.7087416659069459,241.02929482660886,3.6227591,0.0628924146
48,9.368495930624364e-06,2.1016129753254954e-05,9.368495930624364e-06,0.7189222754953456,243.69311177839293,3.60630107,0.0628225356
49,1.0229311216359727e-05,2.2933746149190203e-05,1.0229311216359727e-05,0.7545604832304925,252.86764432203213,4.09600925,0.0627908036
59,9.653910023227673e-06,2.2182113924172544e-05,9.653910023227673e-06,0.7767238514091888,284.820086955727,4.55882502,0.0627521053
59,1.0243273644704876e-05,2.3506502019438764e-05,1.0243273644704876e-05,0.7825575772293323,277.6941574514647,4.51466179,0.0626918972
58,9.413484878442262e-06,2.1813348886327478e-05,9.413484878442262e-06,0.7834545631111072,290.82574235555165,4.25189972,0.0628785193
63,9.185008328197504e-06,2.1739987559038553e-05,9.185008328197504e-06,0.7954935525987827,302.59946199966475,4.25435829,0.0639250875
63,6.16956876072478e-06,1.5442894284445577e-05,6.16956876072478e-06,0.7632328811215584,324.79607358887307,4.2293644,0.0648065731
64,4.640930105613934e-06,1.2883948110151785e-05,4.640930105613934e-06,0.7747052675701278,356.43960356790814,5.14058781,0.0664717853
81,2.131424107450169e-05,5.4496632296390195e-05,2.131424107450169e-05,1.4936996394898452,449.105656658444,6.74211264,0.058310844
103,0.0007135912485461889,0.002061078481858428,0.0007135912485461889,5.311562590137014,768.7585240424568,30.1885853,0.058510799
52,6.26574914273549e-06,1.588090146607422e-05,6.26574914273549e-06,0.6622183419980033,413.46093425978705,3.5487113,0.0627911314
49,5.90160445743502e-06,1.4864414012861077e-05,5.90160445743502e-06,0.64868426691228,403.97704059836377,3.65632725,0.0627912879
56,6.248885232702528e-06,1.684375384115137e-05,6.248885232702528e-06,0.6403503138453542,421.4063598932277,4.47648287,0.0627710968
53,6.394828238072158e-06,1.6586139239698774e-05,6.394828238072158e-06,0.655620894154665,411.80194518666144,4.031775,0.0628102645
56,4.885521015022077e-06,1.331054825305578e-05,4.885521015022077e-06,0.596147434066944,432.99201579010423,4.57606411,0.0627886206
56,4.945384706346317e-06,1.3294006523055579e-05,4.945384706346317e-06,0.6004716455677028,427.2826202165244,4.13022947,0.0628061742
62,3.0226165526240642e-06,8.964577225018872e-06,3.0226165526240642e-06,0.5066845736349551,441.9990335753367,4.89491653,0.0627205819
58,3.447598494154314e-06,9.908835252210526e-06,3.447598494154314e-06,0.524474569236072,435.192568368823,4.65966797,0.0627561286
70,1.3426721853594738e-05,3.670761484792913e-05,1.3426721853594738e-05,0.9356458700959897,492.3685209054779,6.21287537,0.0631627589
68,6.7993446038377575e-06,1.9106955424045387e-05,6.7993446038377575e-06,0.7078082325987692,470.84414073264304,5.87314987,0.0627368316
98,0.0006487967152946048,0.0018373768355474881,0.0006487967152946048,4.749789427889599,690.4214331300915,28.744854,0.0612346679
77,8.195084750173333e-05,0.00022313032211985248,8.195084750173333e-05,1.8194152451314562,530.3368855875282,10.4566708,0.0637829676
85,0.00037728237359283207,0.0010427283989356219,0.00037728237359283207,3.429922903766864,593.3726029749157,21.6625366,0.0644911379
65,4.198696487504578e-06,1.3095819322364746e-05,4.198696487504578e-06,0.5731209380763921,462.621132679144,5.58378935,0.0627479702
63,3.5562871419097896e-06,1.1456247813758938e-05,3.5562871419097896e-06,0.5099912130002698,447.9727141366186,5.29364157,0.062785171
48,6.009045350659687e-06,1.5168465054584089e-05,6.009045350659687e-06,0.6464137060835301,390.6070783106337,3.61227632,0.0627611876
48,5.312172456930487e-06,1.3412099209818462e-05,5.312172456930487e-06,0.617254298845098,382.0452103437865,3.20136714,0.0628231987
47,5.5981649806320065e-06,1.433261453265661e-05,5.5981649806320065e-06,0.6182054060303456,374.2063121145986,3.39703298,0.0627989769
49,5.6084115069997974e-06,1.412127685205755e-05,5.6084115069997974e-06,0.6338605332945783,394.41299682136963,3.62266326,0.0627703145
45,5.062019483689732e-06,1.2952185366252427e-05,5.062019483689732e-06,0.5981178556996999,367.706251158519,3.33178639,0.0627959147
47,5.003835447336289e-06,1.2907047760701596e-05,5.003835447336289e-06,0.589201044966143,361.80361330272484,3.40273786,0.0627370477
46,4.899855851291729e-06,1.2660874873838889e-05,4.899855851291729e-06,0.5836489657835118,354.79305544282477,3.44357204,0.062728703
45,4.651742195614433e-06,1.2012730613243058e-05,4.651742195614433e-06,0.5717035655870918,344.9606732252934,3.42364335,0.0628022999
43,4.691362555695674e-06,1.2104392509008444e-05,4.691362555695674e-06,0.5713932927529867,340.8244492119245,3.44567347,0.0627976283
37,2.5284390774622847e-06,5.608338386162068e-06,2.5284390774622847e-06,0.4801829424639549,227.97174587839567,2.42673397,0.0627777353
39,2.552024689269403e-06,5.744113952086465e-06,2.552024689269403e-06,0.47852485645713716,230.72295542215673,2.62279582,0.0627655983
39,2.8314118962729984e-06,6.4057110929225116e-06,2.8314118962729984e-06,0.4902950291150302,227.14156547600703,3.06197453,0.0628342777
41,4.3851131987208e-06,9.82076825414153e-06,4.3851131987208e-06,0.5597603400157428,227.4785149305923,3.29084563,0.0627623871
40,4.3358325070849205e-06,9.701826529546066e-06,4.3358325070849205e-06,0.5534728000658514,222.55443644921647,3.11314511,0.0628110021
42,4.7243611169176755e-06,1.0582764422595482e-05,4.7243611169176755e-06,0.5654907804605908,224.5898571235921,3.03143406,0.0627562851
39,2.807825771972552e-06,6.2681186066959935e-06,2.807825771972552e-06,0.4891836147401271,223.04332286980176,2.57778811,0.0628723651
40,2.9638076399733067e-06,6.631240642658524e-06,2.9638076399733067e-06,0.4964788704379489,223.66129260903156,2.90832758,0.0628824085
40,3.3040805655273597e-06,7.408119012616663e-06,3.3040805655273597e-06,0.5083164969162705,220.3845127817152,2.78896642,0.0628864467
40,3.8118828489207412e-06,8.475596876316526e-06,3.8118828489207412e-06,0.5340100008908899,220.6302243565557,2.70704699,0.0628775507
40,3.6453433193288e-06,8.203958567641191e-06,3.6453433193288e-06,0.519500844937307,217.63465073364364,2.8392489,0.0628448725
40,4.200778735326415e-06,9.423295200528164e-06,4.200778735326415e-06,0.5431969640970175,217.7457165460603,2.83304548,0.0628290772
45,7.3517970238409415e-06,1.6644277348368283e-05,7.3517970238409415e-06,0.648219834995719,235.0807168425963,3.47944069,0.0629003197
46,5.971972341915326e-06,1.3553485037380588e-05,5.971972341915326e-06,0.6051664017424677,229.50615231473267,3.41741014,0.062830627
43,6.503121187930051e-06,1.4735933556804195e-05,6.503121187930051e-06,0.6194591601742359,227.47364277157834,3.32845163,0.0628158078
42,5.310795422216704e-06,1.200408172952098e-05,5.310795422216704e-06,0.5829683380097133,226.38629655492852,3.16448355,0.0627328604
45,8.47328350068478e-06,1.9089749477556693e-05,8.47328350068478e-06,0.6872835910998101,237.7012290189225,3.58853889,0.0627708882
45,7.527794075187527e-06,1.6966755294650977e-05,7.527794075187527e-06,0.6554840477006832,232.93885095117656,3.48519826,0.0628907308
40,1.9666480372033786e-06,4.569378238317545e-06,1.9666480372033786e-06,0.44582611079944295,246.37792417918928,2.62162042,0.0628828183
41,2.2094874090951677e-06,5.262853212021801e-06,2.2094874090951677e-06,0.44759941358656496,245.47781338937693,2.42708683,0.0629008189
39,2.3537054539136087e-06,5.300632299974056e-06,2.3537054539136087e-06,0.46892666299546193,234.84772948068706,2.59688067,0.062973842
38,1.999349834110657e-06,4.488333269600193e-06,1.999349834110657e-06,0.4517916311333333,237.97981411008675,2.21327162,0.0628395826
40,1.8065246428108551e-06,4.103050216223837e-06,1.8065246428108551e-06,0.43681108579510414,241.51401018558,2.41814947,0.0629304424
42,1.8554099735237992e-06,4.192397215600233e-06,1.8554099735237992e-06,0.43619176389593994,236.41187738466616,2.32186031,0.0627928451
39,2.0528778492816464e-06,4.570276757821446e-06,2.0528778492816464e-06,0.4537858370392843,234.02049039076576,2.16006207,0.0629592612
38,2.51526569948533e-06,5.655172939093818e-06,2.51526569948533e-06,0.4769141338007724,231.45380796870103,2.53788376,0.0628609359
41,2.3285115084155354e-06,5.2868976432685545e-06,2.3285115084155354e-06,0.4634565561619626,232.63108141836852,2.86874104,0.0628810972
38,2.305222180291762e-06,5.151224643727383e-06,2.305222180291762e-06,0.46498676599187816,229.4704583872675,2.36134028,0.0628167316
38,2.4782886403557157e-06,5.522634423427506e-06,2.4782886403557157e-06,0.47544183667464834,228.24236490399738,2.40692925,0.0627993792
43,4.561048123258901e-06,1.1823499192959801e-05,4.561048123258901e-06,0.5588222316594753,332.87391627034765,3.39735651,0.0628175884
40,2.464963341963741e-06,6.006511588786231e-06,2.464963341963741e-06,0.45292914043965926,246.78336769609174,2.69750047,0.0628302842
40,2.5027551606090493e-06,6.149684278290244e-06,2.5027551606090493e-06,0.45398956179724514,249.40892988086836,2.72616124,0.0628944263
41,2.429308604936995e-06,5.94087003483241e-06,2.429308604936995e-06,0.44822131481218663,245.05522161195609,2.60845447,0.0628173426
39,2.282615941958852e-06,5.557775704202133e-06,2.282615941958852e-06,0.44244561941094235,243.45224260181024,2.5091753,0.0627698004
39,2.277046189106225e-06,5.425711556904776e-06,2.277046189106225e-06,0.4529603296730944,253.88120555132426,2.50003839,0.0628856048
41,1.9395947916301623e-06,4.521247809913409e-06,1.9395947916301623e-06,0.44420317295699124,257.97832433594215,2.37936902,0.0628510788
40,2.18770319414132e-06,5.182283966350353e-06,2.18770319414132e-06,0.4511735546769103,255.25291221314507,2.38642263,0.062840946
40,2.1820976369581816e-06,5.153039031466526e-06,2.1820976369581816e-06,0.46353106606500905,273.9614824374588,2.76856947,0.0628234521
40,2.188754274327658e-06,5.14090192107756e-06,2.188754274327658e-06,0.4624519580264401,269.51877219700646,2.62107062,0.0627914742
39,1.945555168301897e-06,4.513470597054531e-06,1.945555168301897e-06,0.44964888503328354,262.9600706324859,2.51474047,0.0628060624
40,1.925791639127762e-06,4.459630787560874e-06,1.925791639127762e-06,0.44730971120903473,257.3244065235914,2.40197277,0.0628111064
44,3.648541628813628e-06,9.286619332886154e-06,3.648541628813628e-06,0.5237979581351104,314.67384584402726,3.23768878,0.0628172532
42,2.928126065334743e-06,7.223314685393426e-06,2.928126065334743e-06,0.5001794723058873,303.5892469032778,2.78456092,0.0628221706
43,3.7230900341192902e-06,9.590111524213351e-06,3.7230900341192902e-06,0.5178055249222708,307.6213110125561,3.32692266,0.0628055036
42,2.6617588880279356e-06,6.519255648201013e-06,2.6617588880279356e-06,0.4856854630656513,296.3507864204943,2.57679534,0.0628412291
41,2.2546936093932827e-06,5.402951804831315e-06,2.2546936093932827e-06,0.46769968919831034,290.72275765827595,2.52491856,0.0628094599
43,2.1180848705356023e-06,5.0424004724579325e-06,2.1180848705356023e-06,0.45741024534399755,285.1437369702738,2.4220655,0.0628189594
40,2.058392358548705e-06,4.808626610636471e-06,2.058392358548705e-06,0.45799663948149294,275.4410905454506,2.3409605,0.0628099144
40,2.0317080314696446e-06,4.791669956030476e-06,2.0317080314696446e-06,0.4565440825908966,278.5554031030261,2.5405035,0.0628768951
40,2.007045795720011e-06,4.705841548772367e-06,2.007045795720011e-06,0.4522583596334103,274.4766862847687,2.30210018,0.0628401786
43,4.326326470977554e-06,1.122244995795546e-05,4.326326470977554e-06,0.5449797194168198,323.44948404893495,3.43513823,0.0628221035
49,1.0086540586031949e-05,2.2477462301369138e-05,1.0086540586031949e-05,0.7538196304497696,250.34737414199088,4.06732655,0.0627996698
49,1.0433917844349494e-05,2.3281670398868403e-05,1.0433917844349494e-05,0.7665657266661637,254.42785914765875,4.08983994,0.0627783686
49,9.989063261906798e-06,2.234932494019529e-05,9.989063261906798e-06,0.7626462957994794,258.327135285082,4.29339838,0.0627623051
50,1.0503203449450015e-05,2.3603153428128794e-05,1.0503203449450015e-05,0.7769944645090294,262.3895651433681,4.39938974,0.0627937093
51,9.971874238659306e-06,2.2350729896312754e-05,9.971874238659306e-06,0.772495517371502,264.69743324134936,4.24689388,0.0628264174
59,1.0437635209614893e-05,2.396371394131148e-05,1.0437635209614893e-05,0.7723831953935089,267.6187030847339,4.37247324,0.0626562983
57,1.0474038945280177e-05,2.415160273924822e-05,1.0474038945280177e-05,0.779482434501143,272.11492215945407,4.39395571,0.0626533031
49,9.450123363053375e-06,2.113378783963709e-05,9.450123363053375e-06,0.724530097920755,244.27409661936298,3.66769147,0.0628030375
47,9.416216543737407e-06,2.094836038821035e-05,9.416216543737407e-06,0.7326036789153487,244.44140468685006,3.87963057,0.0627649203
48,8.728691175944403e-06,1.948955402322896e-05,8.728691175944403e-06,0.7012586547733719,239.07148300494867,3.47862959,0.0627597272
45,8.911690450391302e-06,1.9911690099059037e-05,8.911690450391302e-06,0.7061188214246438,237.37806891167128,3.52480674,0.0628058538
46,8.616937999385055e-06,1.9315403315435184e-05,8.616937999385055e-06,0.6927976402020498,235.8607472650923,3.54897857,0.0628230497
49,9.743602980516915e-06,2.1609519134266464e-05,9.743602980516915e-06,0.742428294295741,246.334857744306,3.96960735,0.0627773851
58,9.708286984784833e-06,2.2407976386155426e-05,9.708286984784833e-06,0.7756904849682359,282.09558274314236,4.43579149,0.0627771839
57,1.014109569027961e-05,2.413680360128962e-05,1.014109569027961e-05,0.7522918196409419,272.8520353974834,4.43306255,0.0627459437
63,9.133407331894147e-06,2.184975908609935e-05,9.133407331894147e-06,0.7537858799331558,287.6070276559891,4.28494978,0.0629358366
63,9.134855090714892e-06,2.197827289056296e-05,9.134855090714892e-06,0.782956780823366,296.9272217349113,4.24397278,0.0634591579
74,7.330288751963019e-06,1.989020539291193e-05,7.330288751963019e-06,0.9292481941132261,362.7726503965177,5.73212242,0.0620703474
65,5.373188923559627e-06,1.3808812550039135e-05,5.373188923559627e-06,0.7049884170553047,313.00946632625966,4.77796221,0.0640108734
83,4.453007356529739e-05,0.00011209607680686338,4.453007356529739e-05,1.8147835309724987,435.64357589369973,7.2521987,0.0566565245
121,0.0020238866068440736,0.005938910710319656,0.0020238866068440736,9.539858668106724,847.4815898148535,79.5653381,0.0566875748
50,5.617039414649438e-06,1.4149686725472247e-05,5.617039414649438e-06,0.6394806278387221,404.47445428456894,3.68563843,0.0627955496
51,6.884309481180941e-06,1.8560096400952896e-05,6.884309481180941e-06,0.6594762735241788,415.4381409474441,4.68201256,0.0628018528
51,5.941861252662419e-06,1.5370925633411957e-05,5.941861252662419e-06,0.6390931020838647,405.3779177372841,3.87253499,0.0628010854
53,4.143989589535245e-06,1.1136330565029468e-05,4.143989589535245e-06,0.5700965376873206,422.48253509012704,4.11030579,0.0627816468
57,3.81849712559964e-06,1.0361615340963311e-05,3.81849712559964e-06,0.5525808321322576,427.31504767623227,3.90047407,0.0627907813
59,3.002362380257072e-06,9.115756462895914e-06,3.002362380257072e-06,0.4980101112945164,436.72548420800774,5.10951519,0.0627333596
55,3.184824879075258e-06,8.770944585536747e-06,3.184824879075258e-06,0.5245843611580596,426.56461144490424,3.88276339,0.0627499893
72,2.505966337512002e-05,6.752354744923621e-05,2.505966337512002e-05,1.1481956782007445,494.95827720463797,6.6079917,0.0632248372
68,9.829338602223949e-06,2.7084552488225078e-05,9.829338602223949e-06,0.8163361354198242,472.9733109097257,6.11038303,0.0628255531
82,0.00035787477745738704,0.0009772265578838655,0.00035787477745738704,3.2316622570012576,563.6374195207732,20.4934578,0.0641691014
96,0.0009154906721532725,0.002568683995661854,0.0009154906721532725,5.718590915691611,709.7090707466276,34.8493538,0.0605524816
64,5.61086317885019e-06,1.5883787039429353e-05,5.61086317885019e-06,0.6474585085931908,453.68346495990386,5.73621225,0.0627235025
64,3.702831798595091e-06,1.1001787356997356e-05,3.702831798595091e-06,0.5463736191240969,443.5018790952682,5.4209466,0.0627438948
49,5.388982440888784e-06,1.3577760172536847e-05,5.388982440888784e-06,0.6235240002031003,387.77878141431563,3.64132667,0.0627906099
47,4.779783776327853e-06,1.203170867977461e-05,4.779783776327853e-06,0.5976800948890836,377.75937825471135,3.43169785,0.0628532916
50,5.441636294834219e-06,1.3741695271215497e-05,5.441636294834219e-06,0.631328869806152,399.4059223100701,3.58500075,0.0627698153
49,5.141341469010093e-06,1.2926255205117526e-05,5.141341469010093e-06,0.6200976263331212,393.1329912022295,3.57981277,0.062764734
46,4.386361564120281e-06,1.1026690181899343e-05,4.386361564120281e-06,0.5824347359231004,373.2202841350285,3.08632588,0.062864542
46,4.349333454350076e-06,1.1037837620518272e-05,4.349333454350076e-06,0.5736984437548184,363.4305707171393,3.34435153,0.0628170595
46,4.5715485520882466e-06,1.1776099073556898e-05,4.5715485520882466e-06,0.572377132727287,355.870825934998,3.32005239,0.0627478361
46,4.485620486906136e-06,1.156703585671172e-05,4.485620486906136e-06,0.5680635415409365,348.13276155418134,3.34904385,0.0628037751
45,4.4247778141066835e-06,1.139708402934699e-05,4.4247778141066835e-06,0.5630242551404943,340.491055326659,3.34361386,0.0628065169
46,4.291339199655583e-06,1.1114575918394599e-05,4.291339199655583e-06,0.5523121059205014,334.3429831717864,3.33252501,0.0628114343
40,2.5218600334909154e-06,5.690724469630317e-06,2.5218600334909154e-06,0.4749611611671286,225.5580587113398,2.91163111,0.062766768
40,2.4032472563012824e-06,5.398522016649694e-06,2.4032472563012824e-06,0.46588493588222224,223.49967870354232,2.86807704,0.0627927184
40,2.7052469269957166e-06,6.109057434868481e-06,2.7052469269957166e-06,0.4795646059663503,222.96193422907672,2.91088796,0.0627857
41,4.688360882206709e-06,1.055451418601245e-05,4.688360882206709e-06,0.5612337032456859,219.9887886341856,3.03492188,0.0628054887
41,5.3759078773136065e-06,1.2132233379506728e-05,5.3759078773136065e-06,0.5826173084123887,220.03984391029712,3.13588572,0.0628213733
39,2.925374135088443e-06,6.569887685110018e-06,2.925374135088443e-06,0.4897167761838258,217.92908080987414,2.66777802,0.0627983138
40,3.031565865595095e-06,6.80964836146826e-06,3.031565865595095e-06,0.49402479084647083,218.3837745282915,2.73894382,0.0628769174
41,3.516743294183254e-06,7.914049885454382e-06,3.516743294183254e-06,0.5125896139499017,215.2784700141422,2.81543756,0.0627870336
42,3.921317637313171e-06,8.871532243746455e-06,3.921317637313171e-06,0.5238739963032111,214.4113455125882,3.02500415,0.0628960654
41,4.374884543314705e-06,9.918019783262641e-06,4.374884543314705e-06,0.5420007729701316,213.99023415475466,3.08070302,0.0628153905
42,4.7334604389894865e-06,1.0755783040723001e-05,4.7334604389894865e-06,0.5534838671810508,215.83115938548568,3.11120653,0.062760599
43,7.018499576084183e-06,1.5803881996564523e-05,7.018499576084183e-06,0.6402151647573678,229.27663821284844,3.31056404,0.0628946051
44,5.767587922326026e-06,1.305296503774703e-05,5.767587922326026e-06,0.5952913459454955,224.43977604709465,3.26038456,0.0627989992
44,6.152959317712834e-06,1.3865370349128049e-05,6.152959317712834e-06,0.6077285219916866,223.54615618858975,3.29588103,0.0628449768
43,6.48896613262344e-06,1.4610611462154202e-05,6.48896613262344e-06,0.6213248663859458,225.5248887067579,3.37998629,0.0627975464
45,7.167167742702274e-06,1.6061957370458244e-05,7.167167742702274e-06,0.643906168705123,228.0155210755543,3.39228344,0.0628356859
48,8.055843216875269e-06,1.8048538118564466e-05,8.055843216875269e-06,0.6728176554602814,232.42597235359477,3.49964857,0.0627641752
41,2.1666582013692876e-06,5.1321368060321e-06,2.1666582013692876e-06,0.4445595259964099,241.42592486184193,2.58244252,0.0629262403
42,2.437190938828716e-06,5.9295389670773664e-06,2.437190938828716e-06,0.4485165912641045,241.40699351162922,2.65286565,0.0628069267
41,1.9609237405580226e-06,4.384940888756212e-06,1.9609237405580226e-06,0.4450778930551404,233.7246065679935,2.35211921,0.0628475025
40,2.022388470608951e-06,4.662747426890347e-06,2.022388470608951e-06,0.4429463891436205,238.50994888394104,2.35769486,0.0628317818
40,1.8967194227625418e-06,4.289855640317296e-06,1.8967194227625418e-06,0.43759042394018827,234.41163955785592,2.36801004,0.0627627373
40,1.8958398129247865e-06,4.292615519600741e-06,1.8958398129247865e-06,0.43870718000648706,233.94125881428735,2.23938227,0.0628444999
39,2.1157150753940114e-06,4.702877893415568e-06,2.1157150753940114e-06,0.4554923615430139,228.9282962643432,2.44560957,0.0628447756
41,2.1316344678199527e-06,4.762573060362458e-06,2.1316344678199527e-06,0.4524953449253276,227.49376469617874,2.43334675,0.0627887845
39,2.374945960327573e-06,5.3483425064620556e-06,2.374945960327573e-06,0.46512203545468117,226.4438530228176,2.72057748,0.0628152341
39,2.4139724042161284e-06,5.379080770344559e-06,2.4139724042161284e-06,0.4707678821167431,226.5827146115065,2.49528027,0.0628067181
38,2.3258937042921455e-06,5.194434269233478e-06,2.3258937042921455e-06,0.46545724454777365,223.7495481180298,2.62639642,0.0627928898
44,4.3935628798874545e-06,1.14096521215732e-05,4.3935628798874545e-06,0.549200245050196,329.1952413468743,3.350775,0.0628347918
40,2.4025552014183882e-06,5.876033795114627e-06,2.4025552014183882e-06,0.447931082508917,247.74171939788545,2.63754869,0.0627976954
40,2.1624839226535807e-06,5.209334520432098e-06,2.1624839226535807e-06,0.4362734454990604,240.0700166508748,2.47457004,0.0627469867
41,2.1807124204224156e-06,5.3179483274502285e-06,2.1807124204224156e-06,0.4346980547789763,243.75108592681383,2.50693607,0.0628065616
40,1.9614617505603154e-06,4.701123364869004e-06,1.9614617505603154e-06,0.4274029573930871,238.2373671697674,2.51766419,0.062863104
40,2.6483238538484718e-06,6.5073676134932195e-06,2.6483238538484718e-06,0.4601318701418348,250.01773857138275,2.81914163,0.0628113523
41,2.206390784015913e-06,5.248427392074588e-06,2.206390784015913e-06,0.45239663403102265,254.241033170981,2.53903913,0.0627880618
39,2.6091814787062322e-06,6.405968911895433e-06,2.6091814787062322e-06,0.45935651541623956,249.27173765354118,2.74996042,0.0627369881
40,2.0231068253217567e-06,4.7001861156518495e-06,2.0231068253217567e-06,0.4539315557361158,268.06048079947095,2.29803443,0.0627798438
41,1.963919681818806e-06,4.559220385797556e-06,1.963919681818806e-06,0.4466434242593363,263.1359505594156,2.29782987,0.0628088489
39,2.0597791120354587e-06,4.820746387129136e-06,2.0597791120354587e-06,0.4501832232355848,255.63116006225312,2.4498446,0.0627944544
43,4.061117411535261e-06,1.0537760674280955e-05,4.061117411535261e-06,0.5348927002194104,317.1518339394815,3.55882788,0.0628025457
42,3.2090703815930403e-06,8.10612046263639e-06,3.2090703815930403e-06,0.5030873575933327,301.92821789888274,3.11993027,0.0628197566
44,4.249187228836397e-06,1.1057276021458381e-05,4.249187228836397e-06,0.5359535498706561,315.59408175691823,3.44004774,0.062836729
44,3.9957083075455946e-06,1.0372541648307878e-05,3.9957083075455946e-06,0.5254230152702131,309.1201525164052,3.36370659,0.0628252998
42,3.060642610104195e-06,7.727499257211408e-06,3.060642610104195e-06,0.4935971380149411,296.59613562831856,2.98062682,0.0628799796
40,2.4693776128044248e-06,6.0146459997297185e-06,2.4693776128044248e-06,0.4740109256132204,289.58562063752834,2.54469228,0.0627845079
42,2.1231382938145043e-06,5.073920440543894e-06,2.1231382938145043e-06,0.4549906006751398,281.4813276596102,2.51772761,0.0628688335
40,2.0870388815412435e-06,4.920858649924928e-06,2.0870388815412435e-06,0.4539805196820703,269.4472861611352,2.73659015,0.0627976283
42,2.020785392870649e-06,4.7897506251078885e-06,2.020785392870649e-06,0.45091600540916416,274.75458620420403,2.66427255,0.0628954619
41,1.94595396105896e-06,4.534186892323969e-06,1.94595396105896e-06,0.4475016338337247,269.2898793466476,2.39475632,0.0628741011
43,4.1444265152388246e-06,1.076177238416698e-05,4.1444265152388246e-06,0.5396249587255889,322.48478892695204,3.30735803,0.0628152043
49,9.335060824349753e-06,2.0703786900018407e-05,9.335060824349753e-06,0.7344049345576442,246.29319246563423,4.04256582,0.0628795177
49,1.0149361385457758e-05,2.2605002378768397e-05,1.0149361385457758e-05,0.7589640347333781,251.7994854254129,4.15228271,0.0628158748
51,9.40864010696965e-06,2.0966306669974783e-05,9.40864010696965e-06,0.7429304235879326,252.80687658733737,3.9822793,0.0627999231
52,9.814485047920709e-06,2.1921581562989147e-05,9.814485047920709e-06,0.7598493349036644,255.72071965770843,4.23290539,0.0627932176
54,1.0005099491085826e-05,2.2626831446929464e-05,1.0005099491085826e-05,0.760977427222389,260.44913173881605,4.27926636,0.062827237
56,1.0571296356700953e-05,2.4567869995556442e-05,1.0571296356700953e-05,0.7591858939030792,259.17575737507525,4.84134388,0.0628125519
57,1.0420499352203632e-05,2.4766929854040116e-05,1.0420499352203632e-05,0.7441216390076402,265.2869585181475,4.46575451,0.0626969188
49,9.074397394717563e-06,2.0182091562470568e-05,9.074397394717563e-06,0.7152848402586574,239.713817548004,3.75339365,0.0628187731
49,9.243721729156927e-06,2.0441465199778187e-05,9.243721729156927e-06,0.7238366501513429,240.9430632418864,3.84480166,0.0628187135
46,8.53754525273633e-06,1.9070272131579175e-05,8.53754525273633e-06,0.6944135073307538,235.91715396646686,3.51180339,0.0627999157
47,7.92829063989407e-06,1.7578196583342327e-05,7.92829063989407e-06,0.6793364084778349,233.725377593227,3.40732908,0.0628353804
46,8.003318436270228e-06,1.7810699184672816e-05,8.003318436270228e-06,0.672821444779783,230.17371015514303,3.6229794,0.0627619624
47,8.816553537613778e-06,1.948967872081912e-05,8.816553537613778e-06,0.7179508428598869,241.05616395151395,4.12238073,0.062861912
58,8.503615801765954e-06,2.0247493199609443e-05,8.503615801765954e-06,0.7179225382588929,275.77237621673396,4.18649673,0.0628267676
56,8.587827837853433e-06,2.0354826881214496e-05,8.587827837853433e-06,0.7056317013750094,265.7691460444811,4.24899006,0.0628280193
64,6.975482952705844e-06,1.689228131367784e-05,6.975482952705844e-06,0.7020856095465767,289.4128515621159,4.28165293,0.0631930605
58,7.456124063206438e-06,1.772289985688645e-05,7.456124063206438e-06,0.7050170720391611,278.50283068920874,3.99817681,0.0628383458
74,2.758915708862032e-05,6.783282197588193e-05,2.758915708862032e-05,1.4194912116142033,371.18908060266796,6.7189827,0.0612485483
67,5.3618555973444765e-06,1.5202031747861433e-05,5.3618555973444765e-06,0.7380071294189753,322.6374238614387,5.63501835,0.0645658374
63,4.647938141061916e-06,1.264953025806834e-05,4.647938141061916e-06,0.6659777189060718,304.55052266721435,5.2564187,0.0638616011
53,5.865700368451462e-06,1.5695886159075374e-05,5.865700368451462e-06,0.6289610000059207,412.87320792778155,4.41502523,0.0628216267
52,5.038814458505241e-06,1.339879174934774e-05,5.038814458505241e-06,0.604432763409213,414.50479441673235,3.95268655,0.0628093109
51,5.902219692178707e-06,1.567157130983475e-05,5.902219692178707e-06,0.6309010735652294,403.06543373710167,4.26962519,0.0628047436
52,5.230134232414314e-06,1.3220793153985262e-05,5.230134232414314e-06,0.619657238208399,398.303306812004,3.63416505,0.0627937838
54,3.814846326894278e-06,1.0349116846003583e-05,3.814846326894278e-06,0.5528206664096167,417.48020387471485,4.14745522,0.0627803653
62,3.7258924616788358e-06,1.0903313635056926e-05,3.7258924616788358e-06,0.5498336756437744,439.0041813485349,5.42958546,0.0627186224
61,3.2557445784105583e-06,9.781480937962559e-06,3.2557445784105583e-06,0.5063475251266535,431.66419420155324,4.94395828,0.0627191141
54,3.463841925728453e-06,9.668521645227649e-06,3.463841925728453e-06,0.5327892311783392,424.35308550318143,4.36209536,0.0627521873
74,5.4980725754730515e-05,0.00014824713828985866,5.4980725754730515e-05,1.5081929502628266,502.4555914146318,8.93481636,0.0633612797
69,1.886056636445498e-05,5.057900544728053e-05,1.886056636445498e-05,0.9961688422432262,472.0570972611675,6.31744337,0.0627684072
79,0.00018654112741337139,0.0005070589863169539,0.00018654112741337139,2.328219909449613,511.8772622347872,15.7465124,0.063851051
87,0.00047674056245331593,0.0013220596824002108,0.00047674056245331593,3.808257059147159,603.2225034993311,23.1758728,0.0645602793
112,0.001057407959840682,0.003002757458015408,0.001057407959840682,6.719085805927161,797.7315670896057,42.5251045,0.0583285391
66,1.1650839097838877e-05,3.151404365700729e-05,1.1650839097838877e-05,0.8333570856082434,460.859539389813,5.94657087,0.0627465472
66,8.558682046426805e-06,2.3260142537774407e-05,8.558682046426805e-06,0.7355221597312748,450.2662560384925,5.63961124,0.0627837777
64,4.859933786791378e-06,1.3590542411546263e-05,4.859933786791378e-06,0.6033618616613192,437.54841775219467,5.08971548,0.0627142861
48,4.838259779709154e-06,1.2132843634062709e-05,4.838259779709154e-06,0.6030462651821441,383.205917643771,3.23090529,0.0628114566
50,4.7496513201864625e-06,1.1970947723617356e-05,4.7496513201864625e-06,0.6009853906938183,389.98772388463834,3.65686297,0.0627836809
47,4.545281792374019e-06,1.1396017291119106e-05,4.545281792374019e-06,0.5913672802195564,375.98842518716407,3.42003536,0.0628775805
46,4.04768856530011e-06,1.0132684142788686e-05,4.04768856530011e-06,0.5693380904358022,369.2930589512926,3.0523448,0.0628211573
46,4.0064767415308405e-06,1.0144110121601845e-05,4.0064767415308405e-06,0.5609252908894109,361.0336085115593,3.35201383,0.0628102124
46,4.490206186499713e-06,1.1538994065503525e-05,4.490206186499713e-06,0.5700049269926366,354.0946336191148,3.33540297,0.0628017783
46,4.1918289584545e-06,1.0765972019542476e-05,4.1918289584545e-06,0.5539334508036283,344.506636404273,3.27619886,0.0628081411
44,4.081600216491649e-06,1.050113361291909e-05,4.081600216491649e-06,0.5464474301383057,335.2401103109989,3.26131487,0.0628028959
43,3.977507590036757e-06,1.0280752941999768e-05,3.977507590036757e-06,0.5357728096087883,327.5129244619665,3.23094797,0.062808536
40,2.6086953399005996e-06,5.863721229515275e-06,2.6086953399005996e-06,0.47402848218397037,219.0210794297867,2.71539545,0.0628900528
39,2.400273735759527e-06,5.4171912934281295e-06,2.400273735759527e-06,0.46328362794137073,219.7617163230791,2.8172543,0.0628708228
40,2.6729508401617783e-06,5.970692091672787e-06,2.6729508401617783e-06,0.4769124396170756,218.26510456570898,2.56253123,0.062866427
44,4.969347755834718e-06,1.130129194544587e-05,4.969347755834718e-06,0.5604229053817156,215.26481576615797,3.08800197,0.0628327504
44,4.996990739479948e-06,1.1291161519397033e-05,4.996990739479948e-06,0.5649615965222743,216.93426046280055,3.05134892,0.0628932342
44,5.237556077569061e-06,1.1828441808804552e-05,5.237556077569061e-06,0.5732769800060051,218.85209162088074,3.08314872,0.062819384
40,3.0267986244105154e-06,6.813604652335741e-06,3.0267986244105154e-06,0.48876350855021855,215.06050607756632,2.73694587,0.0628121942
42,3.746224137606517e-06,8.517489709019077e-06,3.746224137606517e-06,0.5138318834750181,213.53562125323066,2.89348841,0.0627742037
40,3.24090094643195e-06,7.316391902878951e-06,3.24090094643195e-06,0.4972252181052144,213.35135603601245,2.74368119,0.0628367886
41,4.276016917740423e-06,9.81184677597751e-06,4.276016917740423e-06,0.5300872470143956,210.86137659654455,3.20107412,0.0628950968
41,4.583599184201689e-06,1.043298675451593e-05,4.583599184201689e-06,0.5439052127308508,210.8378451826453,3.12694597,0.0628295541
42,4.687105620770536e-06,1.0600166749074792e-05,4.687105620770536e-06,0.5512674337950835,211.29337359167968,3.02269363,0.0627777651
44,6.704680397579614e-06,1.500566664704823e-05,6.704680397579614e-06,0.6293057213709083,225.27815419966208,3.29624295,0.0627961904
43,5.545857968287218e-06,1.2473342294430925e-05,5.545857968287218e-06,0.588119485473557,219.78311806306806,3.16176319,0.0628915876
42,5.946942907540319e-06,1.33368818323038e-05,5.946942907540319e-06,0.6027327579608542,221.29401681620004,3.29215384,0.0628544837
46,7.482930517349219e-06,1.6695862310109655e-05,7.482930517349219e-06,0.6561463655036829,226.79758801076383,3.33752608,0.0627555996
44,6.459642511430312e-06,1.4389650203016e-05,6.459642511430312e-06,0.6213882893890125,222.19209568544176,3.4389174,0.0628151968
42,2.3962067262987376e-06,5.815130141278269e-06,2.3962067262987376e-06,0.4439964194963838,238.11057269201802,2.61093855,0.0627718866
40,2.2365703946288892e-06,5.302932337248151e-06,2.2365703946288892e-06,0.44610925282419317,236.9280672904191,2.59528255,0.0628214851
41,1.9146493114463386e-06,4.26666463223756e-06,1.9146493114463386e-06,0.4417994161889647,230.60363471319457,2.34218073,0.0628209636
38,1.8464973574395557e-06,4.1503583542837065e-06,1.8464973574395557e-06,0.43514727492442795,229.6466089397359,2.32114887,0.0627418533
41,2.028565516712266e-06,4.680985237432879e-06,2.028565516712266e-06,0.4376193619922222,231.33871881369765,2.50671554,0.0628309026
39,2.0495642323851307e-06,4.588966313574059e-06,2.0495642323851307e-06,0.4491500021070733,225.55184695367984,2.62222886,0.0628260747
39,2.1052839165870486e-06,4.66515355626017e-06,2.1052839165870486e-06,0.4547068569574092,224.48765841630853,2.37012768,0.0628253818
39,2.237308789760923e-06,5.018005514248602e-06,2.237308789760923e-06,0.456816448139691,223.44128766960952,2.55766392,0.0628844276
41,2.405148922087056e-06,5.404578828002181e-06,2.405148922087056e-06,0.46482086847512893,223.2717314743632,2.68859768,0.0628506318
39,2.2240234956976388e-06,4.9142363050889675e-06,2.2240234956976388e-06,0.46043540502632263,222.3609587468349,2.37661266,0.0628096908
41,1.9299052522226417e-06,4.5906246201268505e-06,1.9299052522226417e-06,0.42593609761859275,236.3931841051758,2.35477376,0.0628391206
41,2.195708512077058e-06,5.350338305100035e-06,2.195708512077058e-06,0.43570235135368046,244.32340182066542,2.4914887,0.0628402978
41,1.9760997836233872e-06,4.749061597093476e-06,1.9760997836233872e-06,0.42807168442825017,240.91023523518732,2.39327025,0.0629003718
40,1.8606391422977242e-06,4.427540224578689e-06,1.8606391422977242e-06,0.4226758665392183,236.43057092763144,2.51456356,0.0628298
41,2.682468339965108e-06,6.60834420906157e-06,2.682468339965108e-06,0.4603753229781613,250.39057336329378,2.8407371,0.0627557114
41,2.2476294195856555e-06,5.433108425790467e-06,2.2476294195856555e-06,0.44183579097540976,245.14107835772452,2.49345279,0.0627992302
41,2.1415337675973843e-06,5.174724403939122e-06,2.1415337675973843e-06,0.43733308777819396,244.23124424045187,2.49655986,0.0628277063
41,1.92831331381294e-06,4.4906672721727286e-06,1.92831331381294e-06,0.44322467536894433,261.3948524888898,2.43703532,0.0628064424
39,2.0097943121750304e-06,4.705828510158606e-06,2.0097943121750304e-06,0.4510590628826401,264.3611046156642,2.55235028,0.0628655851
41,2.053579953080329e-06,4.808091402927849e-06,2.053579953080329e-06,0.4483080888040289,256.0852907043082,2.3083241,0.0627842396
42,2.693639385539101e-06,6.6034663613535175e-06,2.693639385539101e-06,0.46178040776001394,250.9644809195874,2.82984996,0.0627765581
44,3.821266658898549e-06,9.927173840857404e-06,3.821266658898549e-06,0.5150296425841214,302.59768721297627,3.45052838,0.0627847165
45,4.031835284699638e-06,1.0466306609740106e-05,4.031835284699638e-06,0.5288034859733691,318.0997766028818,3.26730943,0.0628334209
44,3.8455390471573615e-06,9.950859924983337e-06,3.8455390471573615e-06,0.52349904677109,313.2754314167647,3.24495268,0.0628489777
43,3.746205105470278e-06,9.75503587415453e-06,3.746205105470278e-06,0.5129880466802957,304.6801006357366,3.30275798,0.0628041774
42,3.2943992127544385e-06,8.34459520322851e-06,3.2943992127544385e-06,0.49915317259239667,295.6341443378425,3.13924265,0.0628457442
42,2.6910837425224923e-06,6.660504763845314e-06,2.6910837425224923e-06,0.47947353824321487,285.61990955154323,2.86150098,0.0628187284
42,2.2715875882194652e-06,5.468930336936306e-06,2.2715875882194652e-06,0.46221002013987117,278.6303094556968,2.4942317,0.062810421
42,2.0728277564040396e-06,4.931506478261841e-06,2.0728277564040396e-06,0.4529812944221203,273.07905967968077,2.59065938,0.0628688931
49,9.176384633384863e-06,2.04967216898756e-05,9.176384633384863e-06,0.729514698555964,246.62236651127202,3.96550918,0.0628487095
52,9.035372297772769e-06,2.0176723645144737e-05,9.035372297772769e-06,0.715873636114853,240.11267244309533,3.94125485,0.0627948269
50,9.866827225182497e-06,2.197362432437661e-05,9.866827225182497e-06,0.7521719449942884,248.49440923090492,4.05492496,0.0627445206
51,1.0554917824648122e-05,2.4496038110943143e-05,1.0554917824648122e-05,0.7530125958756938,251.6749002113564,4.98659801,0.0627728999
56,9.908649933721453e-06,2.3419117824040205e-05,9.908649933721453e-06,0.7254314746834681,254.13029932470553,4.66619873,0.0627624616
58,1.0030493572646442e-05,2.372430557566486e-05,1.0030493572646442e-05,0.7354078180874211,260.46734907135874,4.46199703,0.0627391934
49,8.194842038182371e-06,1.8127038101610647e-05,8.194842038182371e-06,0.6907654469474718,235.06565774876654,3.63085198,0.0628189147
47,8.596331161902087e-06,1.8934138595357283e-05,8.596331161902087e-06,0.7063405965423615,235.91485200526878,3.66324472,0.0628352165
46,7.859508563440005e-06,1.742762019821425e-05,7.859508563440005e-06,0.6719166855969205,230.1823455509553,3.43014145,0.0628027022
50,8.047442038858082e-06,1.7779986839650504e-05,8.047442038858082e-06,0.6801620048841138,231.7223196002077,3.47936821,0.0628504008
45,7.562491423546811e-06,1.6725727941218483e-05,7.562491423546811e-06,0.661248195197983,224.51304604884396,3.61291218,0.0627454966
50,8.081675144194655e-06,1.78892438128346e-05,8.081675144194655e-06,0.6878718429510299,234.00367543988017,3.71231842,0.0627564788
51,8.680881018881413e-06,1.926952584244237e-05,8.680881018881413e-06,0.7061936705784938,236.33960641999082,3.81693459,0.0627264231
57,7.531970072082744e-06,1.793418129259647e-05,7.531970072082744e-06,0.6865255346389967,270.08459651713184,4.22850752,0.0630559325
57,6.4527999143597685e-06,1.5529702497981414e-05,6.4527999143597685e-06,0.6412732546929741,264.0710253001949,4.44387388,0.0628758371
55,8.86062475587612e-06,2.0924994943897393e-05,8.86062475587612e-06,0.7069637971802842,258.0291229232602,4.24938393,0.0627295077
63,5.7067002342863545e-06,1.4138704455259918e-05,5.7067002342863545e-06,0.6532003992460735,284.91477206866,4.71726036,0.0632078499
63,6.050729561320352e-06,1.4744920554324937e-05,6.050729561320352e-06,0.656507009626869,276.6677997524272,4.32979393,0.0632992163
81,6.812088610363877e-05,0.00016762254693078186,6.812088610363877e-05,2.0673555851449588,407.49463605838594,7.87492704,0.0591564588
78,3.8149701887579196e-05,9.293626734650085e-05,3.8149701887579196e-05,1.5785564118470963,362.51524686203356,7.32799911,0.0609253906
65,5.27316370264323e-06,1.4743665246263928e-05,5.27316370264323e-06,0.6793737298486678,295.9571711619095,5.6422801,0.0636605918
54,3.945884074183571e-06,1.0631626411075856e-05,3.945884074183571e-06,0.5547276677479224,411.6465643989352,4.07388926,0.062807098
51,5.010810183490604e-06,1.3448906418727035e-05,5.010810183490604e-06,0.5945153043701309,402.53026016416595,4.19635105,0.0627888441
52,5.078412121009026e-06,1.3119563795982816e-05,5.078412121009026e-06,0.604790902046947,394.6591952972355,3.62045169,0.0628321469
54,2.7931839509753354e-06,7.725885238858692e-06,2.7931839509753354e-06,0.501082220225577,417.24936426804237,4.32535219,0.0627808571
62,3.544216056715254e-06,1.0412482932289361e-05,3.544216056715254e-06,0.5288688084289123,429.6385745261623,4.91073847,0.0627094433
57,2.876997255085758e-06,8.58502952879342e-06,2.876997255085758e-06,0.4861982747505818,423.6922675295769,4.60725546,0.0627414957
75,7.943343247888938e-05,0.0002160544325067266,7.943343247888938e-05,1.6305343373714751,485.3788936871671,10.5972157,0.0629471466
86,0.00029152026101995026,0.0007997645759235077,0.00029152026101995026,2.8777828249793633,543.3646408949805,18.1202602,0.0653416142
97,0.0007418785912050546,0.0020354936347674454,0.0007418785912050546,4.7777553910054396,625.8907501432293,28.2706242,0.0657089576
110,0.001211131093045696,0.0033773101570421103,0.001211131093045696,7.195350252991864,794.6387526752837,41.195343,0.0578259975
67,1.8187019365504785e-05,4.861450950826237e-05,1.8187019365504785e-05,0.9614429481547954,459.0933120558532,6.26790094,0.0627087131
63,9.376643781224583e-06,2.540888960454306e-05,9.376643781224583e-06,0.7570552351666794,447.9492523720197,5.41603136,0.0628239065
63,7.767550724564409e-06,2.0920283403040435e-05,7.767550724564409e-06,0.6993627593579752,435.7930608542093,5.12165737,0.0627108663
49,4.221301589904258e-06,1.0571479796145518e-05,4.221301589904258e-06,0.5800602530872576,380.3677414888988,3.44213438,0.0628156215
49,4.505084807785273e-06,1.1386744862437428e-05,4.505084807785273e-06,0.5914953970356857,385.7495999177341,3.76070404,0.0628166571
48,3.7212539372665625e-06,9.337183316157336e-06,3.7212539372665625e-06,0.5564659604361276,374.44901924466467,3.47575545,0.0627910569
47,3.6545045316402154e-06,9.143326925619941e-06,3.6545045316402154e-06,0.5509640765924392,364.34824511027654,3.01015735,0.0628302917
47,3.5138221418296094e-06,8.866443777341438e-06,3.5138221418296094e-06,0.5457284123300359,370.2669505084041,3.4430716,0.0627875179
48,3.6596171523801683e-06,9.254429762937707e-06,3.6596171523801683e-06,0.5412112493037635,356.0712087493755,3.29191279,0.0628485307
46,3.987321948170123e-06,1.0200842783327796e-05,3.987321948170123e-06,0.5510861538292235,349.12130083956805,3.25470304,0.0628305301
46,3.6131794851566617e-06,9.202653675618707e-06,3.6131794851566617e-06,0.533830824867021,343.20518140551155,3.2261095,0.0628290251
46,3.869698957451498e-06,9.937608741360449e-06,3.869698957451498e-06,0.5386232960474483,336.37301157268325,3.20356917,0.0627994016
44,3.7522734239392887e-06,9.647546446153527e-06,3.7522734239392887e-06,0.5288661033672848,328.02529955626204,3.14831901,0.0628043041
43,3.836568978224121e-06,9.894188860571739e-06,3.836568978224121e-06,0.5291627359379044,321.5087008448082,3.19278789,0.0628081486
39,2.499103389880999e-06,5.592859448257409e-06,2.499103389880999e-06,0.46624241815157297,215.94423713782038,2.3851583,0.0627883747
40,2.1129699434817507e-06,4.670172086471401e-06,2.1129699434817507e-06,0.44867186325064956,217.72922463469476,2.3859067,0.0628169701
39,2.981731993564667e-06,6.757353643958891e-06,2.981731993564667e-06,0.48331379303827654,213.09366380498417,2.87088966,0.0627815053
43,4.594435010107583e-06,1.0362681363640387e-05,4.594435010107583e-06,0.5482944605385621,211.6040275413209,2.98036909,0.0628411546
43,4.739074339518394e-06,1.0619553697218344e-05,4.739074339518394e-06,0.5563622721983776,213.11433952555078,3.10953999,0.0628066361
42,5.1463581087495755e-06,1.1533583367941135e-05,5.1463581087495755e-06,0.5713048008836059,214.36221293294594,3.13918018,0.0628253743
41,3.450197907914326e-06,7.909020118118488e-06,3.450197907914326e-06,0.49635569686627784,210.3398064522049,2.89094973,0.0628814623
43,3.934880593348993e-06,9.073049706794563e-06,3.934880593348993e-06,0.5140013308657628,209.98205067111897,2.99236751,0.0628364533
42,4.265948325469788e-06,9.751419711858915e-06,4.265948325469788e-06,0.528253172639314,208.6154299006527,3.15282631,0.0629255474
42,4.2288909757583506e-06,9.607497324682146e-06,4.2288909757583506e-06,0.5275720971103884,207.03044715046912,2.97665787,0.0628255308
43,4.359291355259991e-06,9.824705605710768e-06,4.359291355259991e-06,0.5362744533982063,207.05678143609288,2.9494884,0.0628444627
44,6.031304641409299e-06,1.3398528770840423e-05,6.031304641409299e-06,0.6082686948608785,219.31733189509154,3.22799873,0.0628412291
44,5.46875149341695e-06,1.221333933301396e-05,5.46875149341695e-06,0.5850771414793497,215.25526034728435,3.27277136,0.0628926158
44,5.577610684176405e-06,1.2406762077629644e-05,5.577610684176405e-06,0.590679409903058,216.71140433483072,3.02542853,0.0628439263
46,7.0920140509923855e-06,1.5764952820889334e-05,7.0920140509923855e-06,0.6422204842084228,222.38310924908464,3.23921132,0.062775135
46,6.174774649091974e-06,1.3686628057244933e-05,6.174774649091974e-06,0.6132934833888516,219.42734600772914,3.29186511,0.0628604665
41,2.2371430502789087e-06,5.3666086562334e-06,2.2371430502789087e-06,0.4390699545275792,233.72647707070348,2.58974242,0.062868692
40,2.3863394456161243e-06,5.689935272917371e-06,2.3863394456161243e-06,0.4492199050602612,231.9014208884712,2.58328986,0.0628079548
38,1.8407639614683614e-06,4.09341030377257e-06,1.8407639614683614e-06,0.43779296870341955,226.84790392284557,2.16543412,0.062800616
39,2.1223056638943794e-06,4.883168684279066e-06,2.1223056638943794e-06,0.4429222357623616,226.74539135235116,2.26029563,0.0628413558
38,2.022598367262315e-06,4.551026998389745e-06,2.022598367262315e-06,0.4472128482923304,223.3584181279992,2.69337106,0.0628398508
39,1.9381228642671847e-06,4.358688105949414e-06,1.9381228642671847e-06,0.4376534762320394,223.66153098346967,2.44848084,0.0628639534
37,2.220575133504764e-06,5.012584684714399e-06,2.220575133504764e-06,0.45520275405775784,221.92626826866717,2.76813722,0.0628667697
38,2.1003986699283324e-06,4.6694033195500585e-06,2.1003986699283324e-06,0.4488011271029542,219.55562459756274,2.4696033,0.062973626
40,2.3218628770266244e-06,5.2388874844745806e-06,2.3218628770266244e-06,0.4592801501675345,219.8899623682945,2.7713449,0.0629624575
40,2.1730092152411146e-06,4.818580706864197e-06,2.1730092152411146e-06,0.45217252248050827,219.78881802243987,2.52732086,0.0628780723
41,1.961564493085348e-06,4.680834271292212e-06,1.961564493085348e-06,0.4256645786136045,231.93488832642475,2.55101776,0.0630046576
41,1.8679304529553484e-06,4.439587098346747e-06,1.8679304529553484e-06,0.4202858524875626,233.16909684401682,2.54673243,0.0629583523
41,1.8151303454533029e-06,4.295561976068253e-06,1.8151303454533029e-06,0.4218460534725642,239.01389409155098,2.30766106,0.0628867298
40,1.6041582138305225e-06,3.7406792531377306e-06,1.6041582138305225e-06,0.41228146290055445,235.05197541008963,2.4840498,0.0627710596
42,1.9097527154576185e-06,4.567587835148713e-06,1.9097527154576185e-06,0.4252192159609035,240.81009173378837,2.50993872,0.0628996417
41,2.242125301230728e-06,5.419805721567092e-06,2.242125301230728e-06,0.44125628422563273,244.70447180906297,2.4998157,0.0627877265
41,1.9553120341938803e-06,4.545781164300976e-06,1.9553120341938803e-06,0.4454224264825577,260.84063298878795,2.28180599,0.0628245324
41,2.079055891320266e-06,4.920174269581686e-06,2.079055891320266e-06,0.44872207289579663,265.0721763258631,2.65685868,0.0628691912
40,2.1300284650554397e-06,5.019521730907085e-06,2.1300284650554397e-06,0.44992368030237645,255.6748227861529,2.31485009,0.0628053322
40,2.7299951867401863e-06,6.690649226866958e-06,2.7299951867401863e-06,0.46454957588314216,250.16114552120393,2.78807712,0.0629104078
42,3.7636837898449162e-06,9.748034774556321e-06,3.7636837898449162e-06,0.5119796330852409,299.754038563504,3.28675032,0.0628099293
44,3.723663021593341e-06,9.593707996476756e-06,3.723663021593341e-06,0.5209978150866191,311.15327521213516,3.19286919,0.0628118664
44,3.598186718402688e-06,9.269712054013033e-06,3.598186718402688e-06,0.516676023425013,320.0286489384047,3.12675929,0.0628269836
45,3.407848995516076e-06,8.801055303652988e-06,3.407848995516076e-06,0.5015210159198962,305.4257192288744,3.10787201,0.0628212318
42,3.5609179847030743e-06,9.20653528800875e-06,3.5609179847030743e-06,0.504114385284349,298.3616105021461,3.19653893,0.0628415048
40,3.3895160861101317e-06,8.629811245387044e-06,3.3895160861101317e-06,0.5015309218646214,292.7887792419006,3.2354219,0.0627967194
42,2.884888347612288e-06,7.206585189491624e-06,2.884888347612288e-06,0.48272650282171226,284.85523469066186,2.95978212,0.0628879964
43,2.6707900441536164e-06,6.653487126087302e-06,2.6707900441536164e-06,0.4699831625053568,279.11133788895575,2.89628911,0.0628309101
42,2.251224004328329e-06,5.44188827762675e-06,2.251224004328329e-06,0.45440273582548324,270.8263501000116,2.69247174,0.0628556162
42,2.49969306465676e-06,6.133969207748023e-06,2.49969306465676e-06,0.4632546484110921,273.33723840246614,2.70748305,0.0628113523
52,9.449358832685881e-06,2.132341782237451e-05,9.449358832685881e-06,0.7271854966062201,242.06084672696113,4.39145613,0.0627657771
52,9.89356389724387e-06,2.279423977498781e-05,9.89356389724387e-06,0.719955905341494,236.38717761381352,4.95000935,0.0627837852
53,1.0666667560651857e-05,2.5222585678963017e-05,1.0666667560651857e-05,0.7418204680654369,247.24025380440372,5.20572281,0.0627463087
55,6.658970730997829e-06,1.5731771985698693e-05,6.658970730997829e-06,0.633885714716162,249.8102504387681,4.29169703,0.0627519786
45,7.77991465345647e-06,1.7086892439322165e-05,7.77991465345647e-06,0.6786317722466824,229.40716368122096,3.5934751,0.0628137887
48,7.84527843851036e-06,1.726277238897204e-05,7.84527843851036e-06,0.6818213659053182,231.25866833723651,3.56164241,0.0627238974
46,7.3261089302626455e-06,1.614267735337519e-05,7.3261089302626455e-06,0.6576946522699442,225.72927090760172,3.43848395,0.0627852082
48,7.1362824157339736e-06,1.564272000528189e-05,7.1362824157339736e-06,0.6550442648062529,225.44145973199758,3.39510655,0.0628419742
45,6.917959880897588e-06,1.5285100906685277e-05,6.917959880897588e-06,0.6374999265534215,220.25008077142812,3.56205797,0.0629028007
46,6.819294406106124e-06,1.499089364925952e-05,6.819294406106124e-06,0.6396960650610382,222.05746745494724,3.57539058,0.0628712624
48,8.743091125948175e-06,1.973180249809441e-05,8.743091125948175e-06,0.693530025109,229.7495639660949,4.23424339,0.0627107248
50,9.85041485289056e-06,2.2745678292419973e-05,9.85041485289056e-06,0.7150147180877535,234.33455504054777,4.93078136,0.0628042147
61,5.370519367581442e-06,1.3645084315511713e-05,5.370519367581442e-06,0.6059031704306859,269.2185637819078,4.81064939,0.0632277057
58,4.741384687135731e-06,1.2213052528432075e-05,4.741384687135731e-06,0.5569075135034968,258.3403622016294,4.80756426,0.0629017949
58,5.5069031500225035e-06,1.3331205806690597e-05,5.5069031500225035e-06,0.590382465340193,251.55701688818104,4.45680809,0.0626739189
67,6.053348409312347e-06,1.5996093216318847e-05,6.053348409312347e-06,0.7004995558839104,284.69158104267814,5.67014599,0.0637269616
89,0.00015656227703888577,0.0003794799249414992,0.00015656227703888577,2.839029087615042,413.19711401458164,10.8020048,0.0576257631
71,2.30136050847079e-05,5.533008512478937e-05,2.30136050847079e-05,1.22500259178587,319.92882547827094,6.81791973,0.0640788004
52,3.7146688018463985e-06,9.88045771389442e-06,3.7146688018463985e-06,0.5475926264067777,406.98233929363454,3.68394852,0.0627906173
53,3.244098913021168e-06,8.918558049354316e-06,3.244098913021168e-06,0.5206729115822538,408.3070338642637,4.21050024,0.0628066659
51,4.59381354762769e-06,1.2256335965536855e-05,4.59381354762769e-06,0.582017832698495,401.59861689446956,3.87925148,0.0627771094
49,4.948765479193375e-06,1.2709879512208278e-05,4.948765479193375e-06,0.6027683540386288,392.30936816799516,3.42593765,0.0627751723
57,2.613879362776409e-06,7.635493931978792e-06,2.613879362776409e-06,0.4767657226952864,416.8711306511381,4.37547112,0.0627583861
59,3.2673378523538376e-06,9.673763857495755e-06,3.2673378523538376e-06,0.5105688179975533,422.10107219180895,4.75339508,0.0627004951
62,5.9845580276508895e-06,1.6310142488562068e-05,5.9845580276508895e-06,0.6424908092083178,432.39043916997656,4.9964819,0.0626731589
73,7.651637096046928e-05,0.00020902536303989505,7.651637096046928e-05,1.6395431909228486,489.7787437475807,10.7326679,0.0630697608
87,0.0005100820986479993,0.0014020693700639146,0.0005100820986479993,3.7925889154265318,577.3488867285125,23.1695404,0.0655607805
102,0.0009505725452004176,0.002618204028736039,0.0009505725452004176,5.959004546187297,708.0586123441389,30.3186646,0.0586830825
71,4.907414961967319e-05,0.000132530050149708,4.907414961967319e-05,1.335207631122403,464.53026427019313,8.67017365,0.0627365187
67,2.615432044630357e-05,6.996953201399949e-05,2.615432044630357e-05,1.0652316282319518,451.61483989942224,6.7728405,0.062849462
48,4.284443786915278e-06,1.0865520979606286e-05,4.284443786915278e-06,0.5799187400879441,382.653085506352,3.53246617,0.062787123
49,3.5056045776403187e-06,8.8953078424797e-06,3.5056045776403187e-06,0.5457453591562442,375.11731083754006,3.58357406,0.0627773553
48,3.412771860173937e-06,8.589749578810824e-06,3.412771860173937e-06,0.5364297082710843,363.4086516525589,3.36792111,0.0628115088
49,3.278710114268721e-06,8.243406149795906e-06,3.278710114268721e-06,0.5342402428199261,368.22680214584386,3.51722407,0.0627852455
48,3.431701764142111e-06,8.661438820651871e-06,3.431701764142111e-06,0.5322365628448608,353.1328025987345,3.30953121,0.0627653152
48,3.3077351436866987e-06,8.380376636002904e-06,3.3077351436866987e-06,0.5224379090032458,347.49798847847273,3.34895492,0.0628446415
45,3.5132915919717865e-06,8.94739947499884e-06,3.5132915919717865e-06,0.5289928792416494,340.05224730125695,3.15473294,0.0628550276
45,3.4995467939117127e-06,8.9444164998696e-06,3.4995467939117127e-06,0.5205625278123184,329.6225868532348,3.09849739,0.0628080964
39,2.526807122311855e-06,5.697398786893442e-06,2.526807122311855e-06,0.4656368110217163,214.05021124120842,2.81957912,0.0627777204
40,2.1096020750315864e-06,4.657611080401259e-06,2.1096020750315864e-06,0.4475074901186461,216.6755738720082,2.31859922,0.0628285408
42,2.386704351373086e-06,5.326855459673096e-06,2.386704351373086e-06,0.4587220471671471,213.28273681012695,2.34806371,0.0628567785
40,3.183903871577415e-06,7.31764239304399e-06,3.183903871577415e-06,0.48338403622579357,209.2873998669527,2.85223722,0.0628163368
42,4.328231508778983e-06,9.659343520906601e-06,4.328231508778983e-06,0.5397080061124618,207.8340977480014,2.93748021,0.0627934933
44,4.281621609757336e-06,9.51054922861499e-06,4.281621609757336e-06,0.5403749658477749,208.40794602806358,3.05066276,0.0627911985
45,4.542893621514766e-06,1.006131338116766e-05,4.542893621514766e-06,0.5502883140536534,211.63378317987045,2.90852714,0.0628081039
44,4.531359295847282e-06,1.000171714193778e-05,4.531359295847282e-06,0.5512810816614212,209.06989380378937,3.24784541,0.0627879128
40,3.481346088666744e-06,8.007320103405518e-06,3.481346088666744e-06,0.49542002287714765,208.2937662503085,2.95031404,0.0628961474
42,3.87692933236583e-06,8.908786776985893e-06,3.87692933236583e-06,0.510760111179797,207.07992638054637,3.01580477,0.0628526434
41,4.078659663179532e-06,9.33923630656199e-06,4.078659663179532e-06,0.5190998539629734,206.75691363402362,3.03029394,0.0628763959
43,3.91489953605562e-06,8.935329789395342e-06,3.91489953605562e-06,0.5120541910481954,204.67511477231366,2.96123004,0.0628237724
41,3.927907946956112e-06,8.883259982610018e-06,3.927907946956112e-06,0.5173031758366454,204.97785931229475,3.07830381,0.0627879798
44,3.96937554853958e-06,8.856759700473124e-06,3.96937554853958e-06,0.5226693226781494,205.0229055370159,3.06085086,0.0628199577
41,3.7688425308727016e-06,8.425511364443831e-06,3.7688425308727016e-06,0.5141260108015735,202.33989719665695,2.75075579,0.0628054962
43,5.423371122707774e-06,1.1959205447464198e-05,5.423371122707774e-06,0.5886257964450741,215.6143966246478,3.17642021,0.0628168136
45,4.626348894993902e-06,1.0199407747487282e-05,4.626348894993902e-06,0.5581663093279723,211.7222935040085,3.33921599,0.0627184361
45,5.718874835731289e-06,1.2570276901940257e-05,5.718874835731289e-06,0.5986298438580016,215.45541481818432,3.25737643,0.06284336
42,2.29869779350303e-06,5.473843957801022e-06,2.29869779350303e-06,0.4417662440291809,229.57711984096233,2.48435521,0.0629580319
41,2.3106503297550806e-06,5.460099686117371e-06,2.3106503297550806e-06,0.4426134808548398,225.50951160085305,2.5194447,0.0628661215
40,1.9243662786699324e-06,4.3549758274087505e-06,1.9243662786699324e-06,0.4346146804691358,225.2501102187357,2.29569435,0.0628611594
39,2.164960662613683e-06,4.987203654948682e-06,2.164960662613683e-06,0.44059260993267235,222.20131564701612,2.43153858,0.0628557354
39,2.019485964265143e-06,4.526956102892175e-06,2.019485964265143e-06,0.4438118990296172,219.70150850959698,2.6126368,0.0628703088
39,2.105475591461298e-06,4.721030294326729e-06,2.105475591461298e-06,0.4462090458180192,219.06018863270063,2.59646893,0.0628850311
37,1.8614979278316236e-06,4.134695433088759e-06,1.8614979278316236e-06,0.4361979619670362,220.9482174560857,2.15740204,0.0628678948
39,2.0962177747826346e-06,4.682905437004928e-06,2.0962177747826346e-06,0.44759361366898165,218.01180206584206,2.48996806,0.0628940389
39,2.1080285088242364e-06,4.691630071193552e-06,2.1080285088242364e-06,0.4446912595046386,215.6103002343317,2.43660235,0.0628508925
41,1.783006450024e-06,4.172068862393675e-06,1.783006450024e-06,0.4183671545774088,228.68132518789392,2.44331884,0.0628402978
41,1.595377058153158e-06,3.7098301543498944e-06,1.595377058153158e-06,0.4106027562321535,231.29628465059642,2.49868798,0.0628482774
42,1.5777565589666396e-06,3.672104491200172e-06,1.5777565589666396e-06,0.41102484873000233,237.56842057358725,2.32348919,0.0628346652
41,1.4805484663121146e-06,3.4499336235620435e-06,1.4805484663121146e-06,0.4052414070315492,231.95124145267454,2.39501381,0.062761113
42,1.3990782772193506e-06,3.242744136985103e-06,1.3990782772193506e-06,0.3986827720093926,233.14760813483682,2.48156261,0.0628574565
42,1.7938244900857254e-06,4.2338336743320776e-06,1.7938244900857254e-06,0.4194859246086273,240.9559139370334,2.25210571,0.0628033876
42,2.3338714484877334e-06,5.659051138252281e-06,2.3338714484877334e-06,0.4464287738676038,246.13055249244496,2.56477404,0.062837258
40,2.1855958479928456e-06,5.175156922890046e-06,2.1855958479928456e-06,0.4521175946597739,257.0561967611079,2.50043726,0.0628181994
41,2.180355580477657e-06,5.183167127519983e-06,2.180355580477657e-06,0.45245511167448665,264.66961220753575,2.5533092,0.0629150644
41,2.096786087052253e-06,4.937781331629083e-06,2.096786087052253e-06,0.44835104397208503,260.96357850032695,2.35339427,0.0628614724
42,2.82338015948532e-06,6.927060874043855e-06,2.82338015948532e-06,0.46640143268540524,251.0829092057878,2.87323761,0.0628520697
41,2.454392780969724e-06,5.937407861266667e-06,2.454392780969724e-06,0.4543039560345774,246.3762704810258,2.63747787,0.0629017279
44,3.5194871707554397e-06,9.082945378208963e-06,3.5194871707554397e-06,0.4986335268366279,294.8379004490059,3.19669652,0.0627877414
44,3.5356434334400573e-06,9.060257984437086e-06,3.5356434334400573e-06,0.5159972240181036,314.59441496219364,3.08534932,0.0628047362
44,3.3423024958346434e-06,8.575558020820185e-06,3.3423024958346434e-06,0.514316508047016,325.29495396651845,3.11414313,0.0628021508
45,3.261109008344074e-06,8.378660090312534e-06,3.261109008344074e-06,0.49387726768555873,301.95452391210006,3.03862047,0.0628626496
44,3.291483177378689e-06,8.429541113174701e-06,3.291483177378689e-06,0.504068186636795,308.52745238682365,3.03117633,0.0628003255
42,3.1895626346795683e-06,8.165018399888743e-06,3.1895626346795683e-06,0.49124194537328125,294.5849231563786,3.01498485,0.062818408
43,3.321751404181879e-06,8.532815524711657e-06,3.321751404181879e-06,0.4910879532504954,288.9560872005904,3.13752913,0.0628116056
43,3.2093135004968286e-06,8.20103436990176e-06,3.2093135004968286e-06,0.48754057960694175,285.09920139836595,3.14319348,0.0628685504
42,3.024714622627024e-06,7.623772177094331e-06,3.024714622627024e-06,0.48461493569763453,278.7031914911588,3.07616758,0.0628064275
44,2.5292822984543477e-06,6.216126164398541e-06,2.5292822984543477e-06,0.462373556707205,269.3463378816777,2.74248576,0.0628561899
43,2.9778039633648884e-06,7.515795594542327e-06,2.9778039633648884e-06,0.47712894001811024,275.549921330471,3.0708642,0.0628384873
52,1.0575369454419135e-05,2.454362252630135e-05,1.0575369454419135e-05,0.7397735819367882,241.90327641784896,5.0679493,0.0627171993
52,1.0589410513150855e-05,2.4812915281806535e-05,1.0589410513150855e-05,0.7307661912935273,236.4227180054729,5.11920738,0.0627078488
53,9.849030373951774e-06,2.3116323598807673e-05,9.849030373951774e-06,0.7049382264878793,231.21876111186336,4.95907593,0.0627967864
52,1.0353124289233914e-05,2.431861431229188e-05,1.0353124289233914e-05,0.7320138051769872,242.45151350948737,5.0648036,0.0626941025
52,8.119547426052928e-06,1.8956758485567996e-05,8.119547426052928e-06,0.6774253298742036,244.46756817784797,4.11963606,0.062764585
57,5.743874791073099e-06,1.3652094239074132e-05,5.743874791073099e-06,0.5997268829572886,245.55293287157969,4.45367622,0.0627017245
45,7.069271099794074e-06,1.550669944098106e-05,7.069271099794074e-06,0.6532743230108973,224.63215158919863,3.57134414,0.0627795681
48,7.339096059408612e-06,1.61815801129752e-05,7.339096059408612e-06,0.6597555248291288,226.01887308150353,3.58680034,0.0626969635
45,6.674543575882721e-06,1.4566569890650432e-05,6.674543575882721e-06,0.6429570634708873,221.62051141240784,3.43467784,0.0628351048
45,6.630988268390531e-06,1.4494332294402434e-05,6.630988268390531e-06,0.6368104874669059,220.3459097198015,3.18694973,0.0628562048
46,6.0402779126054565e-06,1.3261236985068744e-05,6.0402779126054565e-06,0.6121921473708519,217.04438746879103,3.65118837,0.0628777742
45,5.843083939931999e-06,1.2759521513773619e-05,5.843083939931999e-06,0.6055456988022178,213.73339917320618,3.58468962,0.0628074557
49,8.316284267149614e-06,1.852586969046583e-05,8.316284267149614e-06,0.683611570394828,226.7873351475704,3.89854527,0.0627878979
51,9.15838177550715e-06,2.14230555803044e-05,9.15838177550715e-06,0.6855236532019695,229.6986602547148,4.74722528,0.0628034398
63,4.233732204900286e-06,1.1222181697856802e-05,4.233732204900286e-06,0.5729000164931994,267.72550744447375,5.0426054,0.063288115
60,4.553051670434572e-06,1.1904033784876655e-05,4.553051670434572e-06,0.5480353292484056,255.2073288383922,4.97883177,0.0629624128
62,4.916482129572066e-06,1.3233961669312769e-05,4.916482129572066e-06,0.5951829296401341,262.43746442869775,5.42876768,0.06330394
61,4.39654601389129e-06,1.1448159691402352e-05,4.39654601389129e-06,0.5284948435326808,248.26012460356338,4.83377218,0.0629143193
69,9.100534667578125e-06,2.325931716559804e-05,9.100534667578125e-06,0.8172800077390978,281.80623931013037,6.71176863,0.0637744218
75,3.5861688872284785e-05,8.487832304620014e-05,3.5861688872284785e-05,1.4384080475461245,315.3169420877662,7.10089111,0.0629032701
81,8.553972611231557e-05,0.00020430998948599944,8.553972611231557e-05,2.158448713096612,364.789660258358,8.44624233,0.0590372682
52,3.4142974802843467e-06,9.07732076467239e-06,3.4142974802843467e-06,0.5309341995577651,400.56121553342194,3.75108361,0.0627858043
54,2.7360504245076308e-06,7.664237263199462e-06,2.7360504245076308e-06,0.48879647736550713,408.94135326117413,3.9134655,0.0627980009
51,4.5592484865410874e-06,1.2226908976311466e-05,4.5592484865410874e-06,0.5763515740966606,394.3542327399381,3.98905253,0.062787801
49,4.43554706789822e-06,1.145001741945002e-05,4.43554706789822e-06,0.5797908717005232,386.428269954201,3.38197422,0.0627945811
56,2.789828903592061e-06,8.374113475634381e-06,2.789828903592061e-06,0.48058096186456134,415.9308857046576,4.50812817,0.0627295226
61,4.588139287328227e-06,1.262799323076224e-05,4.588139287328227e-06,0.5872618515128858,422.322463615135,4.80183268,0.0626353994
66,1.4257421870918417e-05,3.7805436751746546e-05,1.4257421870918417e-05,0.8537530200329677,438.07862974677244,5.08972549,0.0627766177
75,0.00018503023040931314,0.0005023512825290206,0.00018503023040931314,2.2345184517977215,491.3662779353067,14.5587425,0.0631336272
82,0.0005096782241074694,0.0013861961031326456,0.0005096782241074694,3.762549339481485,562.7029384960126,22.5081444,0.0644762069
97,0.0007929323640902282,0.0021715820010559787,0.0007929323640902282,5.136636122255653,645.5567678586419,28.4177799,0.0611511841
101,0.0007416321479621218,0.00205353610784409,0.0007416321479621218,5.2725244260247415,686.7178640375921,29.5538101,0.0592236631
72,0.00010160289150262086,0.00027639247684628753,0.00010160289150262086,1.7568355154663464,477.9256062338421,11.4898748,0.0632435009
71,4.272608758397171e-05,0.00011508023139572275,4.272608758397171e-05,1.264003251035559,454.73686799553997,8.04883289,0.0629942641
75,0.0001333466533710975,0.00036396724010900964,0.0001333466533710975,1.9522059335978377,479.9747770623651,12.5894184,0.0635962337
51,3.9765077694052295e-06,1.0462035790993869e-05,3.9765077694052295e-06,0.5545099584457577,380.8336170373275,3.84005356,0.0627513304
51,3.4759351138005226e-06,9.131212400663204e-06,3.4759351138005226e-06,0.5323507150823862,375.2845094431839,3.75135064,0.062756978
48,3.172538279640337e-06,8.009272395223715e-06,3.172538279640337e-06,0.5238496359727749,359.5228541530395,3.41520834,0.062765725
49,3.0123052957093564e-06,7.718102185364135e-06,3.0123052957093564e-06,0.516291596012164,365.74024282332994,3.52213883,0.0628081784
47,2.979582600945966e-06,7.4858129966199134e-06,2.979582600945966e-06,0.513373861626364,351.3627648337269,3.32367921,0.0627339482
47,3.178578469335361e-06,8.051091791067534e-06,3.178578469335361e-06,0.5154788378844283,342.7233191514274,3.25308418,0.0628449768
45,3.227518436963789e-06,8.179096427344997e-06,3.227518436963789e-06,0.5158621685480829,335.4723791597204,3.19125438,0.0628434494
42,3.1584118735786886e-06,7.983152532293768e-06,3.1584118735786886e-06,0.5143449375921665,330.1077335194971,3.02075624,0.062813364
40,2.0808788700074095e-06,4.593363120883144e-06,2.0808788700074095e-06,0.4452333628725667,213.52349586542624,2.18142629,0.0627835765
40,2.514462306185475e-06,5.682076839912529e-06,2.514462306185475e-06,0.4593503802491031,210.19295986272985,2.40049267,0.0628396645
40,3.418959194313185e-06,7.856946188919086e-06,3.418959194313185e-06,0.48899607549439345,206.21382270308428,2.83086014,0.0628491789
42,2.99487589639755e-06,6.904309561721261e-06,2.99487589639755e-06,0.4725739921634372,208.9816582546143,2.88230538,0.0628922284
42,3.820704418859357e-06,8.400988620693325e-06,3.820704418859357e-06,0.5222978015542075,204.5987481573303,2.90340471,0.062805362
43,3.760459308756839e-06,8.272612634854473e-06,3.760459308756839e-06,0.5215223878917365,205.1205552688296,3.24027753,0.0628442466
45,3.95795412470659e-06,8.693646301189415e-06,3.95795412470659e-06,0.5300466449837395,206.22583855134891,3.37928939,0.0627363846
39,3.4745127431026724e-06,7.98563248333474e-06,3.4745127431026724e-06,0.4917228651465076,204.95996104384992,2.90221906,0.0628778487
41,3.553342951285883e-06,8.113448493734138e-06,3.553342951285883e-06,0.4991285062740161,205.08462963148156,2.83141112,0.0628202036
40,3.587146584880768e-06,8.16104689608747e-06,3.587146584880768e-06,0.499594065915812,202.6509885475386,2.86236429,0.0627787411
42,3.7473947039205277e-06,8.499644777357599e-06,3.7473947039205277e-06,0.5072741004413448,201.7988383387287,3.07137656,0.0627700016
41,3.5552774607629044e-06,8.042000942213113e-06,3.5552774607629044e-06,0.4998014084134903,201.42969374081665,2.78728461,0.0628412068
44,3.7546522621599686e-06,8.323281492434342e-06,3.7546522621599686e-06,0.5155040588011323,203.15524919489482,3.12541246,0.0627713278
44,3.4662414941268914e-06,7.678471089729448e-06,3.4662414941268914e-06,0.501983180416545,200.06496093099793,3.13191915,0.0627672896
44,3.2620426892895455e-06,7.2668166938782935e-06,3.2620426892895455e-06,0.4923683590600918,198.7721519050557,3.04553103,0.0628210232
44,5.075720181752007e-06,1.115915737312038e-05,5.075720181752007e-06,0.5727865661713192,212.1850352883959,3.34668708,0.0627623275
44,4.37981456503807e-06,9.594739614942664e-06,4.37981456503807e-06,0.5485384958875201,207.84897592233236,3.40146518,0.0626908764
44,5.0433826712300095e-06,1.1015326899842928e-05,5.0433826712300095e-06,0.5766578181308513,211.71821910379356,3.17659688,0.0628336668
40,2.1351026180839495e-06,5.020292276703011e-06,2.1351026180839495e-06,0.4348553598584432,224.74064975491265,2.54968143,0.0627374724
39,2.1926739116634632e-06,5.112423157563017e-06,2.1926739116634632e-06,0.4409963003952992,220.76842351935258,2.5872488,0.0627367571
40,1.974976165971722e-06,4.453504712564902e-06,1.974976165971722e-06,0.4346263571653356,218.59510120261993,2.30638337,0.0628177002
38,2.243815419885498e-06,5.155734568260973e-06,2.243815419885498e-06,0.4427822329277171,217.71520480962675,2.43302727,0.0627839342
39,2.0374445989295225e-06,4.582332974552018e-06,2.0374445989295225e-06,0.44078299666035387,216.05907162131987,2.70395017,0.062863864
40,1.9169883526792418e-06,4.2758956693419915e-06,1.9169883526792418e-06,0.4355914575301397,218.5958931148208,2.39940381,0.0628549233
38,2.042994462638771e-06,4.619964922494839e-06,2.042994462638771e-06,0.43925439774915925,215.1223143733299,2.71590137,0.062866725
37,2.0124237386482855e-06,4.462716996543768e-06,2.0124237386482855e-06,0.44276403376737344,213.8606696113755,2.46274614,0.0628517866
40,2.208402383617305e-06,4.957447271648895e-06,2.208402383617305e-06,0.44816783796492105,212.9025190383563,2.68855858,0.0628552437
40,1.6681992669758978e-06,3.865802047958835e-06,1.6681992669758978e-06,0.41501181750994676,226.55081210848854,2.42240238,0.062774621
41,1.4583838133399253e-06,3.363689414844405e-06,1.4583838133399253e-06,0.40275808936848634,228.84366800407668,2.50099778,0.0627442971
42,1.3747237061614281e-06,3.170735622271934e-06,1.3747237061614281e-06,0.39801257981899246,234.55525121322762,2.28875136,0.0628067404
40,1.262653102139555e-06,2.898828874282883e-06,1.262653102139555e-06,0.3913848333986766,227.52869082878556,2.3560853,0.0628486276
41,1.2086481543779532e-06,2.78305030114509e-06,1.2086481543779532e-06,0.38690282079046184,231.01463766699095,2.4068718,0.0628697053
41,1.8252187968440735e-06,4.3173484233014024e-06,1.8252187968440735e-06,0.42495392809338195,240.30190358496256,2.43904209,0.0627327561
40,2.333835578712072e-06,5.564461061585522e-06,2.333835578712072e-06,0.4575320136947824,254.87497958008709,2.52585268,0.0627894923
41,2.414430667709955e-06,5.836008070255767e-06,2.414430667709955e-06,0.45974618194998357,264.04961252749774,2.65219045,0.0629040003
41,2.4282375185429814e-06,5.8534339181154855e-06,2.4282375185429814e-06,0.45931280414546194,257.9555327701853,2.58537436,0.0628064424
42,2.6626344985363024e-06,6.487735332963761e-06,2.6626344985363024e-06,0.46412608561946606,252.1965801498101,2.76910853,0.0628068447
42,2.389073892930532e-06,5.775273863695795e-06,2.389073892930532e-06,0.45025562045278456,245.78582847286683,2.58810592,0.0628290847
42,2.0407058613093184e-06,4.882715733964329e-06,2.0407058613093184e-06,0.43291154029456125,242.14067996171684,2.46631479,0.0628199652
45,3.1054882444104403e-06,7.931569560259371e-06,3.1054882444104403e-06,0.5008875765701191,320.03549450419393,3.04708099,0.0628070012
44,2.921425219795391e-06,7.400855025097063e-06,2.921425219795391e-06,0.49451508800785654,315.26283782298015,2.91209221,0.0628135949
44,2.9371524239581864e-06,7.389131024800504e-06,2.9371524239581864e-06,0.5006504388207699,323.4357966290142,2.90702605,0.0628071651
45,2.926576020773799e-06,7.479576669594704e-06,2.926576020773799e-06,0.48325322623106165,300.0027749135339,2.93476534,0.062825419
45,2.798917710030078e-06,7.112228963591709e-06,2.798917710030078e-06,0.48174233293842317,307.60487813038964,2.88294387,0.0628119856
45,2.8730309851941488e-06,7.3222212756356704e-06,2.8730309851941488e-06,0.47643870969284313,294.7163917592358,2.89570379,0.0628049895
42,3.0565737192294864e-06,7.78180673590506e-06,3.0565737192294864e-06,0.4850674768661004,288.1909268549192,2.97317743,0.0628322512
44,2.997770189557141e-06,7.628279132505719e-06,2.997770189557141e-06,0.47742024141668626,283.48586599275046,2.94060707,0.0627598464
42,2.8467190775821012e-06,7.1569334933022335e-06,2.8467190775821012e-06,0.47034433712979207,270.5635210619793,2.98649096,0.0628839657
44,2.965085212690377e-06,7.538849467659598e-06,2.965085212690377e-06,0.4751966862001963,277.0195488451002,3.03698969,0.0628002286
54,9.596773164271475e-06,2.2443116203877834e-05,9.596773164271475e-06,0.7029736753380897,234.9540382853282,4.68445873,0.0626688078
55,6.957954841384737e-06,1.625369198688699e-05,6.957954841384737e-06,0.6401255640917052,238.85813556244244,4.4386735,0.0626916364
54,8.294024349260034e-06,1.9371811949241482e-05,8.294024349260034e-06,0.6682266459021824,230.50106749000466,4.64112663,0.0627256334
51,8.136470834493238e-06,1.8919393107434997e-05,8.136470834493238e-06,0.6589790454785196,225.96768139842058,4.48937702,0.0628038868
58,4.3037723519754825e-06,1.1186068404752002e-05,4.3037723519754825e-06,0.5213700536801668,242.2040737403351,4.86155367,0.0629308745
47,6.892836428386521e-06,1.5075465750372758e-05,6.892836428386521e-06,0.6475912929355563,220.22818100955257,3.64864588,0.0627601296
49,7.532884705521129e-06,1.688678975119425e-05,7.532884705521129e-06,0.6528867880329651,220.90159732609703,3.93110633,0.0628180131
46,5.902908322177566e-06,1.2885373014520677e-05,5.902908322177566e-06,0.6121765188515089,216.86764822522855,3.51206565,0.0628240108
46,6.272914988615429e-06,1.375582911776538e-05,6.272914988615429e-06,0.6247073255261195,217.6067895902672,3.59410834,0.0627875477
44,5.913435812634894e-06,1.2860924745816603e-05,5.913435812634894e-06,0.6102840067314175,214.14639347703815,3.27222037,0.0628046617
44,5.559949999060029e-06,1.2104294374356993e-05,5.559949999060029e-06,0.5966104688154727,211.26324072656394,3.58044481,0.0628122017
44,5.010175691765982e-06,1.097648129432991e-05,5.010175691765982e-06,0.5753072738210169,210.62078227256467,3.57122517,0.0628910959
45,4.95529840438279e-06,1.0845547335320295e-05,4.95529840438279e-06,0.5721237656038011,208.0659886141484,3.63725567,0.0628800541
48,9.03294098973014e-06,2.093307412002886e-05,9.03294098973014e-06,0.6786441565725149,222.91035152751627,4.73548794,0.0628353879
62,5.160414304053684e-06,1.378361949564749e-05,5.160414304053684e-06,0.5904899107051569,256.0093260911806,5.50299311,0.0633329153
65,1.4557596872021261e-05,3.452687631535316e-05,1.4557596872021261e-05,0.9508168882715409,271.14133853948465,6.26880693,0.0641780347
63,5.328463681936608e-06,1.4223666880924614e-05,5.328463681936608e-06,0.5886699264406355,251.8497473709238,5.71157742,0.0634235963
78,9.816038308974537e-05,0.0002295754139485362,9.816038308974537e-05,2.112897174778613,323.99927873213,8.94872665,0.0611844547
55,2.9465751326271338e-06,8.076849382288357e-06,2.9465751326271338e-06,0.5033751470892494,399.86743913498765,3.87379909,0.062721543
53,3.243585528768137e-06,8.732021281142171e-06,3.243585528768137e-06,0.5193621647395008,391.4476620920988,3.84629464,0.0628042668
56,2.5957425271757163e-06,7.602749682593535e-06,2.5957425271757163e-06,0.4723998748547652,403.9783595367569,4.33603096,0.0627579316
57,2.92686874159206e-06,8.467217057412261e-06,2.92686874159206e-06,0.49591231512057043,411.75588775065887,4.38330364,0.0627711043
49,4.420784101430047e-06,1.174035946031773e-05,4.420784101430047e-06,0.5699768350781657,388.1874465658601,3.72826838,0.0628213286
65,8.095772815733446e-06,2.1550120109909298e-05,8.095772815733446e-06,0.7073968452719134,426.8778028933374,4.96746063,0.0627105311
61,4.264289710473068e-06,1.1628257578011723e-05,4.264289710473068e-06,0.5771398984303303,415.251134651339,4.60503006,0.062717475
70,2.4819799351442745e-05,6.65932641172111e-05,2.4819799351442745e-05,1.0216985542600185,440.8960643682724,6.435184,0.0628567785
81,0.00026793196536958533,0.0007325698030265265,0.00026793196536958533,2.7200994676702397,523.2091211929281,16.5033932,0.0642182752
84,0.0005356937623063066,0.0014393773627860561,0.0005356937623063066,3.7263002277501496,535.6552044659824,22.838728,0.06429369
100,0.0008695249797682727,0.0023655134984230178,0.0008695249797682727,5.76152811147751,680.9461225742183,31.0080719,0.0583252273
70,9.404540264766827e-05,0.0002555761112859734,9.404540264766827e-05,1.660553622474363,461.2579753537272,11.0693836,0.0632265508
84,0.00048676696361097006,0.0013026840595228328,0.00048676696361097006,3.5067125941893655,517.8936479617181,21.6263161,0.0640329123
52,3.255114746863838e-06,8.685437638754606e-06,3.255114746863838e-06,0.5183804845003359,383.3941980434417,3.82432175,0.0627643615
51,3.1498968193904624e-06,8.324204394512712e-06,3.1498968193904624e-06,0.514850910369169,372.8663093278888,3.75162578,0.0627876222
52,2.636119766111758e-06,7.134263160579549e-06,2.636119766111758e-06,0.48538752691409204,375.5200259432012,3.86147857,0.0627555773
49,2.8140270540931145e-06,7.079179219768094e-06,2.8140270540931145e-06,0.5082776104678004,358.9353987178015,3.24579287,0.0627871454
49,2.833444539605642e-06,7.4085538023607035e-06,2.833444539605642e-06,0.5009562380916832,364.36267408113196,3.48409629,0.062838532
46,2.9409825811216616e-06,7.468579905477801e-06,2.9409825811216616e-06,0.5106487282347256,349.17760762819677,3.35215783,0.0627599433
45,2.854449341983226e-06,7.179826837182915e-06,2.854449341983226e-06,0.5049376465968328,340.18886649383984,3.14325619,0.0627792031
46,2.8146737316814804e-06,7.052652309669763e-06,2.8146737316814804e-06,0.4964138830207189,332.90064016636217,3.06588411,0.0628719181
40,2.203653578555334e-06,4.897863066485745e-06,2.203653578555334e-06,0.4467594542690712,210.32681115022416,2.25672221,0.0628218874
40,2.6857404347671526e-06,6.149564924744974e-06,2.6857404347671526e-06,0.46234441136604676,207.31280935607737,2.65265155,0.0628724471
41,2.779109817567736e-06,6.383989384743961e-06,2.779109817567736e-06,0.46354820260759905,205.74458335546004,2.79750133,0.0628884137
38,3.219614395513698e-06,7.426461978190842e-06,3.219614395513698e-06,0.4811239456942828,205.12250219147745,2.80814886,0.0628330261
39,3.1024324556296735e-06,7.054705181119446e-06,3.1024324556296735e-06,0.47970182223077906,202.05443504423863,2.76894355,0.0627991185
41,3.4684472203714005e-06,7.653249941605045e-06,3.4684472203714005e-06,0.5070322981231524,201.52494208854966,3.2766571,0.0628231615
46,3.536008156131303e-06,7.765256371621728e-06,3.536008156131303e-06,0.5119828137156992,202.03894238848858,3.31710601,0.0628204644
44,3.980583621638033e-06,8.680370557160001e-06,3.980583621638033e-06,0.5339063420430639,204.77783296373906,3.41460466,0.0627631098
45,3.359042989145623e-06,7.400833999863852e-06,3.359042989145623e-06,0.5022199028819566,201.27386991167901,3.3943603,0.0628159121
44,3.985886712771722e-06,8.71627026830101e-06,3.985886712771722e-06,0.5318537886699546,202.83004889383457,3.3274796,0.0627879873
40,3.243739131672065e-06,7.391014894699394e-06,3.243739131672065e-06,0.4845323706905531,202.03269825771383,2.85533023,0.0628103241
40,3.179461142430817e-06,7.2042686234037205e-06,3.179461142430817e-06,0.4833196851855641,201.25058727985706,2.68680525,0.062800549
41,3.376466922077923e-06,7.652164544289116e-06,3.376466922077923e-06,0.4907812638027009,200.18354577358176,2.86171389,0.0628317446
44,3.2725087986447377e-06,7.3741983827728395e-06,3.2725087986447377e-06,0.484436554759924,198.2061000938839,2.92820907,0.0627986267
42,3.2899793615612134e-06,7.352212577315482e-06,3.2899793615612134e-06,0.49145230143946617,197.51888825050008,2.94567084,0.0627684221
43,3.5291826690510208e-06,7.73422115492009e-06,3.5291826690510208e-06,0.509995576838804,200.23226121965206,2.89065742,0.062750861
45,2.891656937307474e-06,6.3632263153341394e-06,2.891656937307474e-06,0.47646433570413105,196.273411163608,3.11772847,0.0627951697
45,3.1591397465385193e-06,6.927231337599752e-06,3.1591397465385193e-06,0.4923432802448227,198.09143512681143,3.19553018,0.0627601817
43,4.309539133225513e-06,9.404345528099829e-06,4.309539133225513e-06,0.5471761663224027,205.77080628471475,3.28575969,0.0628073886
39,2.0732837300914196e-06,4.808563032371041e-06,2.0732837300914196e-06,0.435036925926478,219.45614853937428,2.4277761,0.0629180297
39,2.3158733321326347e-06,5.350609410249373e-06,2.3158733321326347e-06,0.44495616356665435,215.8351528762667,2.43447328,0.0628840104
40,1.7907109170721847e-06,4.149427884210288e-06,1.7907109170721847e-06,0.4213399406603007,223.42269876890686,2.54810977,0.0627296939
41,1.9702271195869634e-06,4.406617338681374e-06,1.9702271195869634e-06,0.43662164609352916,214.70393256778962,2.36455297,0.0627820268
39,2.1503032538031344e-06,4.86660028570463e-06,2.1503032538031344e-06,0.44190947973695055,214.68689161018673,2.39284062,0.0628545806
38,1.920098389286071e-06,4.2596629003452715e-06,1.920098389286071e-06,0.435030288649046,214.3984994584933,2.42999315,0.0627682358
39,2.0272608361303887e-06,4.566404844737291e-06,2.0272608361303887e-06,0.4372622542605888,211.81897548980191,2.69215417,0.0628160536
39,2.0329291113517223e-06,4.515435810344293e-06,2.0329291113517223e-06,0.439475725713245,210.05822149147934,2.3671062,0.0628180206
39,2.287428628397141e-06,5.1332816345433874e-06,2.287428628397141e-06,0.45070483301964825,209.41911315847457,2.67675614,0.062887989
42,1.4495645657783053e-06,3.3394234330189883e-06,1.4495645657783053e-06,0.40106406139667644,225.12150537967335,2.30721283,0.0628336072
41,1.3131743287152618e-06,2.998018229785311e-06,1.3131743287152618e-06,0.3970935242665219,235.31337611909,2.14009595,0.0627610832
41,1.1816027997907755e-06,2.721327536314977e-06,1.1816027997907755e-06,0.3842203272363513,228.0126963880591,2.24492145,0.0628680363
42,1.2496808873577373e-06,2.8946386996949173e-06,1.2496808873577373e-06,0.3855723998564459,223.2027651129758,2.50250649,0.0627849922
40,1.1226500853050754e-06,2.59861810521613e-06,1.1226500853050754e-06,0.3816414348105826,229.98868265036478,2.46947289,0.0628410727
42,2.6510013952543163e-06,6.496058425068899e-06,2.6510013952543163e-06,0.46125716046890936,252.87571938768033,2.75952387,0.0628020242
42,2.5517868871296158e-06,6.2330689945989155e-06,2.5517868871296158e-06,0.46270590489177765,262.9121159441876,2.76710582,0.0628558323
42,2.6026433166551053e-06,6.339963731334939e-06,2.6026433166551053e-06,0.46230473368838376,257.35658090113157,2.69057822,0.0628263056
40,2.6926831982421323e-06,6.590246329298285e-06,2.6926831982421323e-06,0.4620362738879078,247.3414318521275,2.74527526,0.0628011301
41,2.04910417213305e-06,4.867534278438914e-06,2.04910417213305e-06,0.4371731743400119,242.79483628504258,2.39528108,0.0627900958
42,1.9302484235117817e-06,4.581211989410569e-06,1.9302484235117817e-06,0.42904407934831357,241.1288181572129,2.39219928,0.0627741739
44,2.5570808070217306e-06,6.40217985332097e-06,2.5570808070217306e-06,0.4830785449362624,318.120120566959,3.01881027,0.0628037304
45,2.603822887488413e-06,6.5277758501052666e-06,2.603822887488413e-06,0.48682775810292744,325.11844101880473,2.98681664,0.0628479868
46,2.6136241342977176e-06,6.5877334871856074e-06,2.6136241342977176e-06,0.4718711322098718,301.66113027458454,2.83817887,0.0627855435
44,2.538401827492573e-06,6.34873534324332e-06,2.538401827492573e-06,0.47658560363423347,309.8040100833753,2.789639,0.0627865642
46,2.7315274265666784e-06,6.929948726580179e-06,2.7315274265666784e-06,0.4716968871906663,293.8738316774117,2.84740949,0.0628208518
44,2.831484367735523e-06,7.19617493721303e-06,2.831484367735523e-06,0.4734206996547364,287.4151205896395,2.8742137,0.0628588572
44,2.6181594414403575e-06,6.593500865394259e-06,2.6181594414403575e-06,0.46556453917928553,282.42999575273825,2.78846788,0.0627647564
43,2.9156724909617287e-06,7.362512965941777e-06,2.9156724909617287e-06,0.47040345334983075,269.23692609698804,3.02444482,0.0628611818
44,2.8558408581814646e-06,7.214165787839741e-06,2.8558408581814646e-06,0.47018237091243603,274.40456033384794,2.914711,0.0628312975
54,7.274938466390653e-06,1.6866452634460428e-05,7.274938466390653e-06,0.6445925289707971,231.63119499516537,3.95820427,0.0627118871
55,4.760301814289097e-06,1.2013434341018997e-05,4.760301814289097e-06,0.5396771138813091,236.10855362560025,4.93682957,0.0628259033
51,7.56924103225047e-06,1.7668834788160128e-05,7.56924103225047e-06,0.6449707818394225,225.7216245716095,4.71425867,0.0628069416
52,7.859007192175028e-06,1.8271405629264127e-05,7.859007192175028e-06,0.6511937204315003,223.05831903439432,4.47004795,0.0628038123
54,8.141913455603154e-06,1.889348043371596e-05,8.141913455603154e-06,0.6519814055425305,219.1077821804077,4.4556284,0.0627717078
55,4.438828999170019e-06,1.1412775743681086e-05,4.438828999170019e-06,0.5261118434851159,236.68734601457686,4.76881647,0.0629509687
62,4.813154513243237e-06,1.2991179360700012e-05,4.813154513243237e-06,0.556256589559925,244.95350432586494,5.49257755,0.0634424314
46,6.8662033184550125e-06,1.528350698878886e-05,6.8662033184550125e-06,0.6346012940489835,215.43622456065788,3.73051143,0.0627427623
49,8.134629219225494e-06,1.8872680714909585e-05,8.134629219225494e-06,0.6532673853855936,218.39907319510417,4.51761913,0.0628296733
51,7.031959159079511e-06,1.614956227504913e-05,7.031959159079511e-06,0.624248528261585,214.74354596788095,4.23156738,0.0627171844
46,5.9252943895772476e-06,1.2923078888281436e-05,5.9252943895772476e-06,0.6120287244206216,215.03877207531195,3.54576731,0.0627781823
46,5.9005158420833855e-06,1.2946298368576547e-05,5.9005158420833855e-06,0.6078184945093893,212.81482214068652,3.57986593,0.0627528802
46,5.314062580818134e-06,1.1639269974639166e-05,5.314062580818134e-06,0.5853400524161385,210.58369100036734,3.73201704,0.062795274
47,4.372739813990446e-06,9.52178679954083e-06,4.372739813990446e-06,0.5496183938897891,204.48444878890493,3.22349072,0.062769033
46,5.1980554213416976e-06,1.1282986870500543e-05,5.1980554213416976e-06,0.583145276526144,207.0412439765815,3.55387139,0.0628015399
79,0.00014189153441883086,0.00032750061600666033,0.00014189153441883086,2.309157720872184,305.12008006005834,10.3443537,0.0623828471
63,1.1975750881322538e-05,2.8456163165157573e-05,1.1975750881322538e-05,0.8398103636082276,257.2699568361879,6.23469973,0.0641504601
69,6.768517675749552e-05,0.00015542179660360213,6.768517675749552e-05,1.622496550510144,273.1627920465056,8.20149612,0.0646857843
54,2.7211116138648932e-06,7.564531395292932e-06,2.7211116138648932e-06,0.485073076542435,397.5670901549571,3.98423743,0.0627117455
51,2.606402663137621e-06,7.125343555891228e-06,2.606402663137621e-06,0.4857821587924221,386.38451738565277,3.806355,0.0627216548
57,2.8883183738874775e-06,8.351018692681944e-06,2.8883183738874775e-06,0.49538911738708824,405.9225306543782,4.46515942,0.0627703592
66,9.134175337774872e-06,2.4230516257238487e-05,9.134175337774872e-06,0.7332601648439735,424.92648006794286,4.9788909,0.0627408773
67,3.254830482434748e-05,8.757225072536062e-05,3.254830482434748e-05,1.1193803090664642,437.82734939942617,7.12641859,0.0629165098
63,7.581673768399129e-06,2.003940706196955e-05,7.581673768399129e-06,0.6860088650382424,418.4946766305362,4.69439077,0.0626981333
59,5.113665860388877e-06,1.3633666851480189e-05,5.113665860388877e-06,0.6038389474330699,409.55712523979054,4.65470457,0.0627287552
100,0.0006539923717015263,0.0017774781803245145,0.0006539923717015263,4.6424183969176145,609.417939593367,29.1831417,0.0608488992
102,0.0009728266662701685,0.002642518950482109,0.0009728266662701685,6.286715892277568,721.0168006140343,31.8073959,0.057082139
76,0.00022386633305447148,0.0006034424053977085,0.00022386633305447148,2.359097916255259,470.0401054970808,15.3984728,0.0634607673
86,0.00044896434162806746,0.0012040731093874556,0.00044896434162806746,3.405684301794694,517.6440501839189,20.5440292,0.0641090348
50,2.55624573815428e-06,6.884949787774627e-06,2.55624573815428e-06,0.48166034299987354,369.8964822944383,3.7032752,0.062805824
52,2.357718226151141e-06,6.6026464542966905e-06,2.357718226151141e-06,0.46415248071701637,381.68822314488403,3.9293437,0.0626813397
53,2.1942779511984006e-06,6.341496009903002e-06,2.1942779511984006e-06,0.44369234450052686,374.95010263409625,3.92363763,0.0627531856
49,2.6364040928810497e-06,6.710156286819776e-06,2.6364040928810497e-06,0.49816481066837875,356.5426803867505,3.29819226,0.0627886504
50,2.5689054499070836e-06,6.865494403848683e-06,2.5689054499070836e-06,0.4825251513498036,364.09592340255944,3.50537133,0.0628454089
46,2.5938352380249915e-06,6.516020822515599e-06,2.5938352380249915e-06,0.4940793623353564,347.02430418358784,3.3358345,0.0627775937
47,2.4859552189825065e-06,6.345523681844408e-06,2.4859552189825065e-06,0.4860062478580188,351.70297781418526,3.36284971,0.06275554
47,2.5121730361471337e-06,6.314407269660309e-06,2.5121730361471337e-06,0.48662968741530155,340.68026910326455,3.33806133,0.0627591759
46,2.805517743748503e-06,7.014011758263175e-06,2.805517743748503e-06,0.5012560255485057,333.40156038942024,3.19860101,0.0627956614
40,2.3636876997134866e-06,5.314352191322974e-06,2.3636876997134866e-06,0.44978588781603634,207.30404053909007,2.36639786,0.0628733188
40,3.0197628846364795e-06,6.983867471759283e-06,3.0197628846364795e-06,0.4683328570006019,203.68757049274944,2.80867171,0.0628807172
39,2.7817119421557066e-06,6.3990895119819585e-06,2.7817119421557066e-06,0.4615256364694808,203.58923545040392,2.71801949,0.0629301816
40,2.6420412457161696e-06,6.026872744936217e-06,2.6420412457161696e-06,0.45557073012554383,202.16586592853818,2.53994894,0.0629063919
40,2.786136833604694e-06,6.290066291993879e-06,2.786136833604694e-06,0.46546857469708885,200.23939577339252,2.63827443,0.0628450215
40,2.751815193547318e-06,6.267599916252764e-06,2.751815193547318e-06,0.4601818218779419,200.86604507788226,2.74970889,0.0628186613
46,3.2551253182685434e-06,7.19509375578126e-06,3.2551253182685434e-06,0.4957264778762255,199.50898672638252,3.25306892,0.0628190488
46,3.1915616417642335e-06,7.0428559284399076e-06,3.1915616417642335e-06,0.49269255044007104,197.98716120116654,3.36972356,0.0628231764
45,3.375217339795744e-06,7.323849488667665e-06,3.375217339795744e-06,0.5052704781532075,199.18599712827512,3.23489928,0.0628621057
47,3.815858926441994e-06,8.424089597453383e-06,3.815858926441994e-06,0.5200255300116795,200.0859070214068,3.42070842,0.0627423674
47,4.3326459634942655e-06,9.580486567094495e-06,4.3326459634942655e-06,0.5412425753556862,201.59174139368366,3.69068551,0.062750034
41,2.889711801908059e-06,6.4925181211616445e-06,2.889711801908059e-06,0.4705046267824161,197.83902744770745,2.7031858,0.0627930537
41,3.1014631200346423e-06,6.974018044792797e-06,3.1014631200346423e-06,0.4809642161561901,197.1307523983518,2.82486367,0.0628328174
44,2.8842862832907178e-06,6.396320505820346e-06,2.8842862832907178e-06,0.47027203744699503,195.42005168148788,2.81348491,0.0627318621
46,2.9182722578321414e-06,6.4736185227592645e-06,2.9182722578321414e-06,0.4732836542792826,195.36668203353682,3.02249146,0.062781848
46,2.8359273100811817e-06,6.219939957829076e-06,2.8359273100811817e-06,0.47478852460647697,195.46542592777467,3.07129622,0.0627631024
45,2.5055005279963525e-06,5.520952514910509e-06,2.5055005279963525e-06,0.4588116465245989,192.0841461575269,3.09578776,0.0627615377
44,2.8755104258778085e-06,6.3114193731184035e-06,2.8755104258778085e-06,0.479500478897508,195.0316026624043,3.17965245,0.0627342686
46,2.9523807980885513e-06,6.4787392649384765e-06,2.9523807980885513e-06,0.48243497526904283,196.52636425434142,3.1888659,0.0627940893
40,2.054045229482569e-06,4.752061414949018e-06,2.054045229482569e-06,0.43138438484508657,217.12282511385138,2.45102501,0.0629020706
42,1.6051817207603754e-06,3.701552563971245e-06,1.6051817207603754e-06,0.40853875388081495,220.12690029279435,2.50851941,0.0628380477
39,2.249971578157451e-06,5.174190606971048e-06,2.249971578157451e-06,0.4407584895304264,212.79341729856512,2.38282847,0.0628536716
39,1.9496320578975763e-06,4.343398618527567e-06,1.9496320578975763e-06,0.4333492092440954,211.93683292367953,2.37210464,0.0628128722
39,2.1457299505516896e-06,4.853808620318419e-06,2.1457299505516896e-06,0.4399455903495514,210.75649995466225,2.62094712,0.0628585741
38,2.0093124240136933e-06,4.51264098102778e-06,2.0093124240136933e-06,0.43634477844184744,210.870361489614,2.66036844,0.0627609342
40,1.9896058173849555e-06,4.459039044074553e-06,1.9896058173849555e-06,0.43379258811052207,210.50836452676975,2.64677477,0.0628273338
38,2.1793310431086706e-06,4.852082504141856e-06,2.1793310431086706e-06,0.44485416658805366,207.8893728126649,2.41818619,0.0628547221
42,1.3117925194512932e-06,3.0269905391109703e-06,1.3117925194512932e-06,0.39498812004636,234.16157870652853,2.47136664,0.0628257021
42,1.6272526089027206e-06,3.785172567612231e-06,1.6272526089027206e-06,0.41594196733504246,237.88002340396326,2.46251297,0.0628688708
43,1.14114967216849e-06,2.7013647227866325e-06,1.14114967216849e-06,0.3763102914335631,226.86324295237753,2.42974639,0.0628652275
42,1.084004124892496e-06,2.555974816504059e-06,1.084004124892496e-06,0.37063550050393107,224.20394444954283,2.47954631,0.0628102645
42,1.424642511359306e-06,3.295624682564368e-06,1.424642511359306e-06,0.3982363454490309,220.0899360427048,2.54164028,0.0627852902
42,1.1836063405947377e-06,2.710085162340371e-06,1.1836063405947377e-06,0.38197953752074343,219.93126083164373,2.30468011,0.0628426597
42,1.1340814310313548e-06,2.688588898438775e-06,1.1340814310313548e-06,0.37836740403828617,230.2085782207732,2.4466691,0.0629173219
42,2.8067170360083387e-06,6.913602883396131e-06,2.8067170360083387e-06,0.46612025548937486,252.65167159246093,2.93510795,0.0628286302
42,2.8486363377477155e-06,7.134033720677341e-06,2.8486363377477155e-06,0.46917718543222714,265.14628511055395,3.00987506,0.0628318265
42,2.7873821834163087e-06,6.907652291212293e-06,2.7873821834163087e-06,0.46839774209263,260.6383172584758,2.89953351,0.0628138334
43,2.8150005437412653e-06,6.998833443731588e-06,2.8150005437412653e-06,0.4654314914686015,257.92689586482896,2.93946958,0.0628463626
42,2.272376418355229e-06,5.447283021398847e-06,2.272376418355229e-06,0.4440680818499689,245.28308141257094,2.51290774,0.0628074035
42,2.775076137236995e-06,6.839817991313719e-06,2.775076137236995e-06,0.4647144222267956,250.8291201309103,2.83239627,0.0628398135
41,1.7391393280164108e-06,4.042506828274858e-06,1.7391393280164108e-06,0.42374404341450916,240.11482053697625,2.3756578,0.0628318191
44,2.381993677148225e-06,5.921344830289712e-06,2.381993677148225e-06,0.47644836606364105,320.7513425793436,3.02080274,0.062797673
46,2.140947015536498e-06,5.3003679733533354e-06,2.140947015536498e-06,0.4608301792142511,316.7001997360102,2.94756079,0.0627930313
46,2.4550570445552543e-06,6.129419207784441e-06,2.4550570445552543e-06,0.48076677805785495,330.1363453169417,3.13328314,0.0628573298
45,2.4332285754606837e-06,6.090972340371564e-06,2.4332285754606837e-06,0.465983652731525,299.78447439232946,2.71168709,0.0627962649
45,2.246209368357337e-06,5.5579797564727365e-06,2.246209368357337e-06,0.46463834679541816,309.2198248664934,2.79194069,0.0628124923
45,1.903202106719859e-06,4.66096614756315e-06,1.903202106719859e-06,0.44663771901406185,305.49065396698256,2.76905394,0.0628345981
46,2.4203423376934024e-06,6.097040301960261e-06,2.4203423376934024e-06,0.45948622427471364,292.25169035882027,2.7845695,0.0628447607
43,2.5799316980729703e-06,6.4919575731615825e-06,2.5799316980729703e-06,0.4661214515113218,287.3831952627062,2.76669312,0.062845014
44,2.5540227018256696e-06,6.401469210668457e-06,2.5540227018256696e-06,0.46224793150828314,280.52979701802667,2.75448346,0.0628322065
42,2.6543421185692394e-06,6.640669909332584e-06,2.6543421185692394e-06,0.46332886043069016,270.1367015932522,2.845819,0.0627877638
42,2.765798044324327e-06,6.926458439387094e-06,2.765798044324327e-06,0.46497523122174433,265.085297568664,2.85283852,0.0627913252
41,2.485698640849385e-06,6.194882657882764e-06,2.485698640849385e-06,0.4629269246812785,276.7429337073502,2.72707057,0.0628829151
54,5.414784724013835e-06,1.2965366243142964e-05,5.414784724013835e-06,0.5743196174194113,227.10816443596255,4.57281494,0.0627739355
56,4.511285580713207e-06,1.1264282445873965e-05,4.511285580713207e-06,0.532659578455771,232.51700232580941,4.59222317,0.0627927482
52,5.916563691015586e-06,1.3849895527498825e-05,5.916563691015586e-06,0.5938806209424711,221.03708395853093,4.74075079,0.0627773926
59,5.230775740582471e-06,1.2551726935975127e-05,5.230775740582471e-06,0.5611646440783254,223.37013284069457,4.70583534,0.0628453493
53,6.5955638135092e-06,1.5191783494181398e-05,6.5955638135092e-06,0.6137174516005277,218.76417061652492,3.93682575,0.0627388582
50,8.0040390934783e-06,1.8564136176798767e-05,8.0040390934783e-06,0.6492498098998183,216.8218105087452,4.56835032,0.0627674684
53,6.301733495126222e-06,1.4620851349103801e-05,6.301733495126222e-06,0.5990489888646074,214.68019909330616,4.2157526,0.0626946986
62,5.556253178643217e-06,1.4117319954266392e-05,5.556253178643217e-06,0.595825533863391,238.20401826596424,5.39741659,0.0629671365
59,4.7358259037787495e-06,1.2767710963522323e-05,4.7358259037787495e-06,0.5216620783642987,231.4632619571497,5.16276169,0.0627786368
66,1.71059272058875e-05,3.9559259725931495e-05,1.71059272058875e-05,0.94059763511767,250.2489942972283,6.50135136,0.0637685508
51,6.317613504780665e-06,1.4517689361473385e-05,6.317613504780665e-06,0.6007273489835584,209.57918688031165,4.10431099,0.0627160072
51,6.672126295938786e-06,1.5385614528558055e-05,6.672126295938786e-06,0.608678441083225,211.9582333118409,4.25192547,0.062692754
48,5.597535515296477e-06,1.224931956918183e-05,5.597535515296477e-06,0.5951004008955083,209.83934169123432,3.64661074,0.0627991632
48,5.452610333553366e-06,1.2233518855258386e-05,5.452610333553366e-06,0.579673962257914,207.20191944195037,3.71025038,0.0628319979
49,4.414328828494367e-06,9.70211867723136e-06,4.414328828494367e-06,0.5455757830412558,203.18530983500827,3.5349822,0.0627750531
48,4.816344692645557e-06,1.0588395417683893e-05,4.816344692645557e-06,0.5635931158406612,203.34185046239227,3.50455117,0.0627707019
86,0.0005601591492953997,0.0013224534796900174,0.0005601591492953997,4.414471183045199,368.2159308845246,24.4850941,0.0577513389
70,3.241627234658042e-05,7.416593683752434e-05,3.241627234658042e-05,1.245352573103006,260.47183245906336,6.89888525,0.0642003343
87,0.00044521356663536273,0.001039778510493693,0.00044521356663536273,3.7601370896355726,332.13793016886603,22.7286224,0.0598985329
54,2.4805298783971072e-06,7.008545189830262e-06,2.4805298783971072e-06,0.4730805739928444,394.8396522063193,4.01797009,0.0626943111
54,2.341169224339287e-06,6.62555629491818e-06,2.341169224339287e-06,0.46148099786739555,387.9540907151294,3.92860937,0.0626336858
55,2.822747282983878e-06,8.005110386306025e-06,2.822747282983878e-06,0.49185020689469705,401.50237389025096,4.21459293,0.0627208501
63,1.9365654822727527e-05,5.1674227532225646e-05,1.9365654822727527e-05,0.9252100869879684,425.5500729469024,5.65977526,0.0628337115
75,0.0001751855969967644,0.00047201019204494736,0.0001751855969967644,2.1031087413628047,457.61786128505537,13.7588663,0.0633608624
66,5.527060212238859e-05,0.0001489988383340045,5.527060212238859e-05,1.3019875027719654,427.75588190326215,8.98794842,0.0629008189
63,9.299766634160687e-06,2.4304716884503318e-05,9.299766634160687e-06,0.7274952549502954,411.6803358749112,4.57398081,0.0627407953
60,4.088689154398551e-06,1.0898438192252923e-05,4.088689154398551e-06,0.562151948788488,402.5114008485851,4.40933657,0.062739484
90,0.0006480790754977488,0.001745672489390222,0.0006480790754977488,4.595256783958432,600.1496239278207,22.8523064,0.0604178272
111,0.0012627651329928753,0.00332716862581859,0.0012627651329928753,7.299052005748719,704.0676510720276,34.3214874,0.0564684868
86,0.0005039801351740716,0.0013391659288914473,0.0005039801351740716,3.6258389270097577,514.9964229615989,21.0122089,0.0644551888
50,1.997549889786677e-06,5.563094026928993e-06,1.997549889786677e-06,0.4447389195896798,368.1179668896519,3.76459384,0.0627684668
52,2.166786707695574e-06,6.08123440592049e-06,2.166786707695574e-06,0.45544214115550574,382.1033602415519,3.95975232,0.062640503
53,2.0964729364022105e-06,5.9615470421772685e-06,2.0964729364022105e-06,0.4469061256020185,374.29619957997835,3.90390182,0.0627273992
50,2.430171538979043e-06,6.457846186112238e-06,2.430171538979043e-06,0.47381103298418975,358.552611700086,3.43571281,0.0628437847
51,1.9125088704751204e-06,5.226828039378915e-06,1.9125088704751204e-06,0.4399439601008675,361.5601423069146,3.40972543,0.0627989024
47,2.364518616212055e-06,5.870724934267876e-06,2.364518616212055e-06,0.48422581076208526,345.9403375581132,3.05439329,0.062758483
51,2.257112593645443e-06,5.92095715262205e-06,2.257112593645443e-06,0.46526525413030073,352.2622387717179,3.35525966,0.0627679005
45,2.37551763298929e-06,5.928457276441605e-06,2.37551763298929e-06,0.4827071905427278,336.88393707630166,3.17701817,0.0628039315
39,2.4113595947814003e-06,5.450162037196226e-06,2.4113595947814003e-06,0.4517294096868502,205.99466137093412,2.54067302,0.0629073903
38,2.625660252464261e-06,5.998231149696537e-06,2.625660252464261e-06,0.45947340821027494,203.12039933555306,2.58355117,0.0628935695
42,2.5192702880793886e-06,5.736096016828063e-06,2.5192702880793886e-06,0.4491037259805408,200.84828752272406,2.50305128,0.0627548024
40,2.5085162888702184e-06,5.663327655848618e-06,2.5085162888702184e-06,0.4509477809209708,199.55520977025577,2.46368504,0.0627188981
40,2.73161431110024e-06,6.148938052362282e-06,2.73161431110024e-06,0.4609237831580196,197.89596852522635,2.70786095,0.0628415272
41,2.4979763996694475e-06,5.600977992015113e-06,2.4979763996694475e-06,0.4507929837024644,197.4180699569603,2.65536952,0.0627668574
46,3.171774214877622e-06,6.983791246873201e-06,3.171774214877622e-06,0.48990311738804404,196.09389217844702,2.99925256,0.0628556311
45,2.8975723682662823e-06,6.298714547234544e-06,2.8975723682662823e-06,0.4804603939123739,194.28647306467244,2.67781472,0.0628102571
48,3.3806357931114564e-06,7.594589561925448e-06,3.3806357931114564e-06,0.4940359501711943,195.98490756103493,3.30843091,0.0628070682
48,3.8944997947923625e-06,8.829473416741355e-06,3.8944997947923625e-06,0.5137029384422851,196.91825561914789,3.49607849,0.0626883879
48,4.319908160816441e-06,9.754876028241937e-06,4.319908160816441e-06,0.5334228721676589,198.82633328233422,3.54545307,0.0627221838
43,2.7216860892100993e-06,6.104976778516297e-06,2.7216860892100993e-06,0.4622727079911447,196.91131544378592,2.76326513,0.062754944
41,2.8509232244763473e-06,6.3518498106909866e-06,2.8509232244763473e-06,0.46861628123881005,194.1699114389242,2.9172349,0.0628195107
43,2.821077003152035e-06,6.252133805708398e-06,2.821077003152035e-06,0.4691098113468268,194.1325418013929,2.84572601,0.0627697483
45,2.5650059707201363e-06,5.660846840272179e-06,2.5650059707201363e-06,0.4576427607779276,192.84023384463404,2.97113466,0.0627521276
44,2.5947474109450585e-06,5.702356707967036e-06,2.5947474109450585e-06,0.46472387303044566,191.70938476640293,3.13305712,0.0627683476
44,2.4986300328732916e-06,5.530647992387527e-06,2.4986300328732916e-06,0.45332730738346455,191.17111455252902,2.98279119,0.0627604648
43,2.266918431392464e-06,4.993807316563936e-06,2.266918431392464e-06,0.4460475848099472,189.3290826841485,3.02877283,0.0627540275
47,2.583611746881066e-06,5.769964876724518e-06,2.583611746881066e-06,0.45788780406468205,193.2333739906481,3.26587462,0.0628125966
46,2.309812612605682e-06,5.162818899687395e-06,2.309812612605682e-06,0.44285363470997013,190.15301919629533,3.16478992,0.0628205687
41,1.9044940917589794e-06,4.3547364119554354e-06,1.9044940917589794e-06,0.426832487488646,216.05753512194514,2.52560639,0.0628359094
41,2.2960289249266176e-06,5.284365284122037e-06,2.2960289249266176e-06,0.440512537852238,211.58712240018298,2.57970572,0.0628006682
42,1.8270464382089232e-06,4.139415544648984e-06,1.8270464382089232e-06,0.4226528209958367,214.25736738058615,2.3400135,0.062792629
39,2.1004719827456675e-06,4.728694196729036e-06,2.1004719827456675e-06,0.4367257409781308,208.8772310523792,2.65132451,0.0628120676
41,2.1878933986742753e-06,4.97260878364145e-06,2.1878933986742753e-06,0.4377563235252445,209.02627725687657,2.4671824,0.0628656074
39,2.109628656056581e-06,4.731042573786542e-06,2.109628656056581e-06,0.43906508569347996,207.8667647699726,2.6430819,0.0628128052
39,2.1696745785328723e-06,4.84100734172237e-06,2.1696745785328723e-06,0.4427451901185481,206.13766568354563,2.44004321,0.0628064349
40,2.2744583159603377e-06,5.119351362078886e-06,2.2744583159603377e-06,0.44232406521545037,205.60399271040805,2.35811448,0.0628184974
42,1.220340566116105e-06,2.781917709015227e-06,1.220340566116105e-06,0.39265086848880004,233.99272665660757,2.23511052,0.0628938153
43,1.5423726298340742e-06,3.572770763367142e-06,1.5423726298340742e-06,0.41013714520011474,237.56131535074564,2.50615859,0.0628513917
43,1.0134984452288817e-06,2.4184157101851686e-06,1.0134984452288817e-06,0.3607758971040024,225.47787747991654,2.48696518,0.062869899
43,1.06622166485012e-06,2.574179332897672e-06,1.06622166485012e-06,0.36205710901425564,221.60197885445143,2.49169326,0.0628420189
40,1.4072232153251464e-06,3.182946354081873e-06,1.4072232153251464e-06,0.40246746176370113,216.5105578605385,2.51789856,0.0628222525
43,1.101676186536978e-06,2.5535670520391523e-06,1.101676186536978e-06,0.3710416691931255,217.61408738207166,2.4947772,0.0628750995
42,1.3415341168092615e-06,3.0556304938657037e-06,1.3415341168092615e-06,0.3943174602195429,215.91012391427628,2.48425341,0.0628417805
42,1.1021529884912316e-06,2.616850811676116e-06,1.1021529884912316e-06,0.37462325633071253,230.04041304460543,2.37142062,0.0629227236
45,9.858447883729958e-07,2.3589161274956648e-06,9.858447883729958e-07,0.3584638759457836,226.01984410699748,2.48540783,0.062864162
42,2.787339244894362e-06,6.9535175994545175e-06,2.787339244894362e-06,0.46515584521165854,260.58975061656025,2.86812162,0.0628306344
41,2.708857131566287e-06,6.684387207531012e-06,2.708857131566287e-06,0.4608928568769597,253.2822607831931,2.82468081,0.0628309622
42,2.6524294675695895e-06,6.548748537340205e-06,2.6524294675695895e-06,0.4612354901145026,255.68955077688705,2.81385398,0.0628435239
41,2.1059471611220603e-06,5.004984680865964e-06,2.1059471611220603e-06,0.4395625785655436,242.46981936484605,2.45079303,0.0628177822
39,2.4638148356650976e-06,5.99070476049216e-06,2.4638148356650976e-06,0.45461031018169795,248.01474722145255,2.68015862,0.062816225
44,1.5418861520315922e-06,3.5349984791566775e-06,1.5418861520315922e-06,0.41127354352648177,238.94869334497417,2.31815624,0.0628252923
46,2.3207450210523303e-06,5.796717242728783e-06,2.3207450210523303e-06,0.47408063041802345,324.8909748348241,3.07530546,0.0628153533
45,1.96856572443842e-06,4.835548123848056e-06,1.96856572443842e-06,0.4519179345607716,313.2143166729384,2.8591423,0.0628071651
45,2.007251276044578e-06,4.961242272869205e-06,2.007251276044578e-06,0.4557329571368892,321.0687350457016,2.98691297,0.0628317669
46,2.1172971430725157e-06,5.276115643024729e-06,2.1172971430725157e-06,0.4645404665974795,329.7774121000652,3.03443861,0.0628429428
45,2.1236995953102364e-06,5.233230906353002e-06,2.1236995953102364e-06,0.45437243519361176,301.01361556864555,2.67350507,0.0628108457
45,1.9642752616618943e-06,4.823241547805372e-06,1.9642752616618943e-06,0.4454952443321224,295.54019233089815,2.70789146,0.0627993867
46,1.7425762946429734e-06,4.252802477976813e-06,1.7425762946429734e-06,0.4374670610331983,306.61114576989166,2.75772548,0.062781848
45,2.1933259168646057e-06,5.454771058487681e-06,2.1933259168646057e-06,0.4491387550548298,289.5979623774461,2.70637512,0.0627809316
43,2.2049281647742702e-06,5.429743248003974e-06,2.2049281647742702e-06,0.4517750509340446,282.1445144416448,2.62116027,0.0628709495
44,2.505796782508623e-06,6.229361985196094e-06,2.505796782508623e-06,0.4561266045078222,269.38673473057804,2.71186924,0.0627588928
42,2.390836886461993e-06,5.927935377224687e-06,2.390836886461993e-06,0.45770327139248784,274.66574133198304,2.66536593,0.0628530458
42,2.449097204225264e-06,6.052802999420738e-06,2.449097204225264e-06,0.4558717262581061,264.60271173385377,2.70983744,0.0627996549
59,4.497061031148356e-06,1.1753342735819801e-05,4.497061031148356e-06,0.5151171628168941,226.42359751780825,5.0841713,0.0627499744
56,5.8495320458801195e-06,1.3863858902897277e-05,5.8495320458801195e-06,0.5804916483821485,217.67066918495723,4.79954243,0.0625682622
56,4.4881896289317385e-06,1.1682257626101888e-05,4.4881896289317385e-06,0.512163534282138,217.29065893405559,5.16429472,0.0627583563
59,4.525275646764388e-06,1.1584505539239884e-05,4.525275646764388e-06,0.51847113583182,221.44067938413713,5.16538715,0.0628516078
55,6.203887332163345e-06,1.4629203799539609e-05,6.203887332163345e-06,0.5876729018256965,213.63126433913772,4.53773642,0.0626949966
50,6.508006368960844e-06,1.4970392138276773e-05,6.508006368960844e-06,0.6075223646584803,211.58052378613593,4.13055658,0.0627741665
54,5.481467683141264e-06,1.2769580623303554e-05,5.481467683141264e-06,0.5701328492325399,210.22949023302107,4.52397013,0.0627684593
65,7.3450356781807204e-06,1.813445906965244e-05,7.3450356781807204e-06,0.6735922457630916,237.2630666410805,5.81218243,0.0633369386
63,8.066682115340117e-06,1.968604929954473e-05,8.066682115340117e-06,0.6775821546153274,230.70450309812355,5.87332869,0.063223578
70,3.292500861868193e-05,7.512124144635766e-05,3.292500861868193e-05,1.1845934494572044,248.20206992430943,6.58369493,0.0640839413
49,5.990458293047466e-06,1.3802823002173145e-05,5.990458293047466e-06,0.5882726861869902,205.60012243110202,3.97789288,0.0628043711
54,5.364011303240799e-06,1.2304208979581142e-05,5.364011303240799e-06,0.568022064923755,206.9790166752785,3.85714388,0.062781252
50,4.970575042917275e-06,1.1227541335188983e-05,4.970575042917275e-06,0.5555774732612382,203.13583706631832,3.66910315,0.0627956763
49,5.491705758905423e-06,1.2474524777763934e-05,5.491705758905423e-06,0.5752997242555494,202.38877929203133,3.7815485,0.0628508106
49,4.585676892223251e-06,1.053023331519771e-05,4.585676892223251e-06,0.5388439648458647,199.13471328133784,3.7191484,0.0627254471
86,0.0004739922036580044,0.0011061650811309681,0.0004739922036580044,3.779895264707468,316.65617585068406,21.5320015,0.0593958981
55,2.5685320152888677e-06,7.406217177200229e-06,2.5685320152888677e-06,0.47498754867261656,394.9818570698243,4.01739836,0.0626442656
59,2.69966586884602e-06,7.784599060958797e-06,2.69966586884602e-06,0.47515212637968485,392.54979023521776,4.09140539,0.062626563
76,0.0001501992457560856,0.00040441200659272,0.0001501992457560856,1.9573192553924463,447.64047934601166,13.0952911,0.0633172914
70,6.527077177513949e-05,0.00017591538381295897,6.527077177513949e-05,1.3878003530102518,427.9992590680643,9.55465889,0.0628923997
67,3.306385358482431e-05,8.837742204452675e-05,3.306385358482431e-05,1.0799542030127116,417.6250027067366,7.38706398,0.0628359765
64,1.3127160197903945e-05,3.464761704410737e-05,1.3127160197903945e-05,0.7965069805964083,407.087324044632,5.05659294,0.0627795756
59,4.689982321449957e-06,1.2485916423466086e-05,4.689982321449957e-06,0.5851023621326631,399.2675720992423,4.22125769,0.0627783611
95,0.0007586843699608308,0.002019209816290537,0.0007586843699608308,4.983354447514403,596.834311374956,24.7228184,0.0612202436
96,0.0006411028832434332,0.0017300184423485391,0.0006411028832434332,4.697310882382969,611.5662201316932,22.280674,0.0587353632
78,0.00030936424791526944,0.000827757258972374,0.00030936424791526944,2.816919940756933,484.4592647931931,17.0829544,0.0645336285
53,1.8855312621083005e-06,5.398302319175501e-06,1.8855312621083005e-06,0.4293091529608888,365.2247535528018,3.75341702,0.0627762377
55,2.598179032045368e-06,7.337901362008163e-06,2.598179032045368e-06,0.47758129693006923,384.90795274275916,4.02222633,0.0626550466
57,2.677604888925858e-06,7.3182066284590796e-06,2.677604888925858e-06,0.4861468290986045,375.7418085872803,3.98233056,0.0627417266
53,2.099879030066416e-06,5.695670114347449e-06,2.099879030066416e-06,0.44936543912807825,356.5351469854037,3.48830152,0.0627881289
50,2.267093767194027e-06,5.784994442392881e-06,2.267093767194027e-06,0.471976763372224,344.9112020625327,3.28518581,0.0627631247
51,2.089938831859541e-06,5.594205289895271e-06,2.089938831859541e-06,0.44889154203787934,349.38915540505883,3.33747745,0.0627721995
50,2.1589969331604325e-06,5.515624585526208e-06,2.1589969331604325e-06,0.4615052320386915,340.1357964039138,3.25855207,0.062808089
47,2.0561504370511684e-06,5.151729088036204e-06,2.0561504370511684e-06,0.4624300634842217,332.3302879157909,3.19513488,0.062829338
39,2.52672980528217e-06,5.751819742184223e-06,2.52672980528217e-06,0.4511097767311185,201.84167503831685,2.5517199,0.062783286
43,2.4248451549089203e-06,5.516953487224808e-06,2.4248451549089203e-06,0.44341004811538653,198.27591682665854,2.65238285,0.0627225041
44,2.18798664586492e-06,4.901905621032954e-06,2.18798664586492e-06,0.4334065313780005,196.8345551996912,2.69054675,0.0626987517
42,2.473690569956446e-06,5.530990504751338e-06,2.473690569956446e-06,0.44971173547908466,196.91451393634426,2.66488862,0.062831834
42,2.2938268191057457e-06,5.087669190206523e-06,2.2938268191057457e-06,0.4432048553971386,194.64779569136576,2.72600341,0.0628075153
47,2.4095058216907734e-06,5.553385892695008e-06,2.4095058216907734e-06,0.4413576286307157,192.4459364967276,3.45686173,0.0627149269
46,2.5452382066646046e-06,5.8344729463635225e-06,2.5452382066646046e-06,0.45132082255901,191.76514785728588,3.35767245,0.0628251284
49,3.535089544369998e-06,8.090081389510297e-06,3.535089544369998e-06,0.49362350014273637,194.5921174541567,3.52597618,0.062724635
49,3.753492606309839e-06,8.618503390614192e-06,3.753492606309839e-06,0.5042511357969242,195.3888900485782,3.77797079,0.0627422407
43,2.3342465150009003e-06,5.164042202215482e-06,2.3342465150009003e-06,0.44498807620686953,194.4116598549162,2.78698969,0.0627415404
42,2.540902084910614e-06,5.5818680634921725e-06,2.540902084910614e-06,0.45729314645726854,191.65655698903848,2.83869386,0.0628216416
43,2.369312544000555e-06,5.244889865726799e-06,2.369312544000555e-06,0.44702848404253587,192.26697911160053,2.90270567,0.0628084764
44,2.407860474905636e-06,5.2798937317029885e-06,2.407860474905636e-06,0.44954106444316344,191.03469141648827,2.79508471,0.0627515838
45,2.3093067890659377e-06,5.114300143635212e-06,2.3093067890659377e-06,0.44465409571625136,189.2321599571153,3.09875083,0.0627295747
45,2.130987303855621e-06,4.723109496191815e-06,2.130987303855621e-06,0.43258468939359623,188.02114789529398,3.00572586,0.0627515316
46,1.944609500327995e-06,4.355702290695444e-06,1.944609500327995e-06,0.42057990715761656,186.5788150052003,3.05193949,0.0627400205
47,2.3468679856552767e-06,5.327838281902528e-06,2.3468679856552767e-06,0.44177596284500115,190.71477064300055,3.1768477,0.0628522187
47,2.074930416976851e-06,4.800838529894273e-06,2.074930416976851e-06,0.4193689792011528,187.2428289753355,3.18911052,0.0626997724
42,2.031047279886327e-06,4.624523154933762e-06,2.031047279886327e-06,0.43048096288795784,210.40631183015034,2.43172455,0.0627771169
40,2.3390581142023634e-06,5.328742030348162e-06,2.3390581142023634e-06,0.44510190971183755,207.43933864580154,2.44381595,0.0628667399
43,1.552706314167993e-06,3.4637287039237813e-06,1.552706314167993e-06,0.407403443767628,212.2647372634356,2.36992931,0.0628266186
40,2.1862438773041036e-06,4.9202513064567925e-06,2.1862438773041036e-06,0.4387590929183304,205.99675353105565,2.57775807,0.0628191158
39,2.3352107313529724e-06,5.31644152740599e-06,2.3352107313529724e-06,0.4436883394683201,205.08191301919825,2.62398958,0.0629160851
40,2.2501535177470936e-06,5.050369611296408e-06,2.2501535177470936e-06,0.4429493742363682,204.4156325355341,2.59601164,0.062827155
40,2.308113694459608e-06,5.215709688447936e-06,2.308113694459608e-06,0.4416579931091989,202.9995387949877,2.34584546,0.0627979636
43,2.5522107749104666e-06,5.861403757563669e-06,2.5522107749104666e-06,0.44863428622174445,201.58824028854752,2.58209252,0.0627586618
42,1.1533734596439655e-06,2.666235296248828e-06,1.1533734596439655e-06,0.38315667290442346,232.37967682390632,2.31775713,0.0629012585
41,1.2453300567549128e-06,2.8554990965896964e-06,1.2453300567549128e-06,0.3918578190376542,233.60627719251352,2.48062754,0.0628491566
44,1.0379375387663967e-06,2.5470221619144713e-06,1.0379375387663967e-06,0.3537450222006847,220.84392704657054,2.50520253,0.062880829
44,1.007317143587288e-06,2.435393430192704e-06,1.007317143587288e-06,0.3521858308235827,222.2456453953097,2.50263405,0.0628807768
44,1.0910279099389154e-06,2.5373992565609996e-06,1.0910279099389154e-06,0.3680520805668247,215.75443923035087,2.50395274,0.0628749877
44,1.0428642930251918e-06,2.5312425448008245e-06,1.0428642930251918e-06,0.35567531979479133,217.7759490942031,2.51852131,0.062845014
44,1.2243721544260939e-06,2.776161503160123e-06,1.2243721544260939e-06,0.3820161560462299,213.52190655494314,2.51479149,0.0628351495
44,1.061634877685163e-06,2.504338480598052e-06,1.061634877685163e-06,0.36832369407199367,229.9842338161449,2.45281506,0.0629113391
48,9.898904558253947e-07,2.3968919152023747e-06,9.898904558253947e-07,0.3504039747524241,226.39414507884547,2.50900269,0.0627916008
41,2.486889397060667e-06,6.1210861709779116e-06,2.486889397060667e-06,0.45626385475897135,260.4582411879225,2.70671272,0.0628282428
42,2.47124699953603e-06,6.015509005498239e-06,2.47124699953603e-06,0.4534504599119227,251.65693702225212,2.67365789,0.0627805144
42,2.464324509972755e-06,6.023422572515531e-06,2.464324509972755e-06,0.45355905796524143,255.26026168066923,2.6809442,0.062782988
41,1.945958163903287e-06,4.559782178856356e-06,1.945958163903287e-06,0.4334044563964092,242.51337876575198,2.35960627,0.0628662333
42,2.3022870319272004e-06,5.545155526674058e-06,2.3022870319272004e-06,0.44568941445119054,247.20206081503048,2.59395909,0.0627693757
42,1.4261763167063434e-06,3.24567087484821e-06,1.4261763167063434e-06,0.40614035581667374,236.98703756257484,2.46381927,0.0629004464
46,1.7715734010349387e-06,4.394592364814109e-06,1.7715734010349387e-06,0.4398392832557236,317.3527260271126,2.94149971,0.0627754182
46,1.6610636105384446e-06,4.085644147634069e-06,1.6610636105384446e-06,0.4325755311714378,313.29494356934293,2.78128862,0.062775135
46,1.8796387244018488e-06,4.676076190616589e-06,1.8796387244018488e-06,0.4490925624830676,325.35398089480674,3.0506866,0.0627821535
44,1.8804512423176522e-06,4.5951747177218535e-06,1.8804512423176522e-06,0.4441054197515459,299.7513942619265,2.69026637,0.062801756
46,1.6236911576844662e-06,3.929030137533893e-06,1.6236911576844662e-06,0.42709294476587895,294.54780667582037,2.71056342,0.062802732
46,1.5966240150911925e-06,3.9161013275168865e-06,1.5966240150911925e-06,0.42783262922964566,305.86858981949507,2.71304989,0.0628011227
44,1.87388234116553e-06,4.5904517003753746e-06,1.87388234116553e-06,0.43926701510713484,288.5026113336242,2.72360253,0.062757872
42,1.8780237168269577e-06,4.5514823808360855e-06,1.8780237168269577e-06,0.43913079360122714,277.9178173663634,2.65530181,0.0628938153
44,1.9027330804983677e-06,4.6398978390136285e-06,1.9027330804983677e-06,0.43693915696183777,284.2824648787313,2.58399558,0.0628112331
43,2.1483908280346668e-06,5.290040424801189e-06,2.1483908280346668e-06,0.4437077166796773,272.5045179042681,2.64355421,0.0628173351
41,1.98663397305409e-06,4.813687636349576e-06,1.98663397305409e-06,0.43978850538913883,268.9480364147023,2.49103403,0.0628364161
42,2.1675795019260576e-06,5.291508547070137e-06,2.1675795019260576e-06,0.4442894278988824,263.73983607010626,2.57339025,0.0628182665
62,5.399432480520272e-06,1.4389813845643162e-05,5.399432480520272e-06,0.5570683571744494,225.18159868570058,5.74421978,0.0629163533
57,4.234711751710313e-06,1.0595371871989432e-05,4.234711751710313e-06,0.5102035160556428,214.67949628651309,4.93354893,0.0625962391
59,4.724685293191669e-06,1.263110569121395e-05,4.724685293191669e-06,0.5220521243141336,217.98473064398036,5.68594933,0.0629349202
61,4.884567516343271e-06,1.330775688676038e-05,4.884567516343271e-06,0.5043567039574076,213.16900716670244,5.51502895,0.0628640056
53,4.289906772485801e-06,1.0469381141309466e-05,4.289906772485801e-06,0.5169746426647189,208.8061847473348,4.65232897,0.0628013089
55,4.446185261352269e-06,1.1659197794554108e-05,4.446185261352269e-06,0.5008203306191472,210.01318037212556,5.14588785,0.0628260747
53,5.771212724601308e-06,1.3343955961047922e-05,5.771212724601308e-06,0.5797331157438569,207.68683909955018,4.17272758,0.0628428534
52,3.992925159619491e-06,9.616026712205494e-06,3.992925159619491e-06,0.5114526996276667,206.9448116191192,4.60462856,0.0628035292
65,1.0010154747973024e-05,2.3868218795510358e-05,1.0010154747973024e-05,0.7500188800428746,231.60709920792624,6.15228176,0.0635849833
74,8.784930708011919e-05,0.00020011852697454494,8.784930708011919e-05,1.7677615846151509,259.35004030421567,9.57514286,0.0645601526
51,5.12927288851324e-06,1.1793450583394894e-05,5.12927288851324e-06,0.5577373250035231,203.81083339296208,3.71972299,0.0627665594
53,4.2765029112960335e-06,9.969320227258192e-06,4.2765029112960335e-06,0.5263250827378432,204.55804086489823,4.11011934,0.0627288967
50,4.6694857201453515e-06,1.0672308722798401e-05,4.6694857201453515e-06,0.5390292521810336,198.35164667707105,3.73196578,0.0627711266
53,4.2367969355034106e-06,9.714583154027092e-06,4.2367969355034106e-06,0.5255632583458163,199.66452180475554,3.86023474,0.0627796203
52,3.882165458931076e-06,8.936457951299875e-06,3.882165458931076e-06,0.505088002638829,195.41998691419641,3.69059086,0.0627610087
93,0.0006023956471620451,0.001450300134433323,0.0006023956471620451,4.367646741763345,349.43073789393344,29.6437397,0.0568412244
72,0.00016204608459837982,0.00043514926662875934,0.00016204608459837982,2.005187132939588,440.29216097164516,13.2771015,0.0633108467
65,6.451700084987554e-05,0.00017368189376003518,6.451700084987554e-05,1.3803807905490983,422.34949102649836,9.59375381,0.0628911853
67,2.0386901702886072e-05,5.400431556932908e-05,2.0386901702886072e-05,0.9191154936962648,406.1181293534037,6.00892019,0.06279172
61,6.816328794957904e-06,1.7740895441171735e-05,6.816328794957904e-06,0.6569565357729854,395.3875706026177,4.23707247,0.0627520829
82,0.0004885061696795784,0.0012886912142238951,0.0004885061696795784,3.5114367288918586,495.49230588155376,20.2292767,0.0643610954
91,0.0005694009414840061,0.001548593208589549,0.0005694009414840061,4.4897279669188945,612.7314977531088,21.3917656,0.0589076206
53,2.0122689918528915e-06,5.679797444021848e-06,2.0122689918528915e-06,0.4403202842490924,363.438901214398,3.749789,0.0627682582
52,1.7650814088976666e-06,5.04629945474262e-06,1.7650814088976666e-06,0.4178987182039655,359.60464633099747,3.56199121,0.0627623349
55,3.61663868155695e-06,9.36605431607719e-06,3.61663868155695e-06,0.534287013695175,369.18716960103734,3.89784026,0.0628044456
60,4.3372129379645185e-06,1.1431531785222773e-05,4.3372129379645185e-06,0.5683611162016822,387.9120108158923,4.19440651,0.0626980364
55,2.86530201986958e-06,7.97831526703447e-06,2.86530201986958e-06,0.4920038591964841,380.2238851175586,4.17541361,0.0627155229
59,4.4738408155541685e-06,1.1583046738593238e-05,4.4738408155541685e-06,0.5708492753986708,375.92394654617397,4.05671215,0.0627833009
52,1.8392609033092016e-06,5.020819906047974e-06,1.8392609033092016e-06,0.4341339162555466,351.94825764608606,3.45414901,0.0627430007
50,1.8646619216826378e-06,5.016425910588827e-06,1.8646619216826378e-06,0.43524954242802405,344.09046896996887,3.37417483,0.0628301501
52,1.5908037879718593e-06,4.340047817117301e-06,1.5908037879718593e-06,0.4126244377223333,347.372656995512,3.16918135,0.0627714097
50,1.9543428385507e-06,4.9812365929337204e-06,1.9543428385507e-06,0.45213471796816707,337.30604387747275,3.21002722,0.0628522709
49,1.8260911887790202e-06,4.7299326027329695e-06,1.8260911887790202e-06,0.4388023548349018,331.5116710770878,3.21398664,0.0627428517
43,2.3516452263268057e-06,5.33151232122902e-06,2.3516452263268057e-06,0.4404134170887349,198.57189298631724,2.5747683,0.0627639294
39,2.263519730665717e-06,5.100775212903352e-06,2.263519730665717e-06,0.4380379659718904,195.86630071926385,2.59954739,0.0628124103
43,2.2582749511436694e-06,5.088639412928127e-06,2.2582749511436694e-06,0.4362754886951032,196.3834604380631,2.69848251,0.0627460107
44,1.9824327983845653e-06,4.381992149480373e-06,1.9824327983845653e-06,0.42548086267966384,193.18046360049337,2.67812681,0.0628319755
43,2.187370232660948e-06,4.803266567946138e-06,2.187370232660948e-06,0.4386191008553142,192.80798891387298,2.5173018,0.0628229529
50,2.281655045870119e-06,5.299254658537436e-06,2.281655045870119e-06,0.4306991781403059,190.88768741886116,3.35382318,0.0627728328
50,2.1171627935251734e-06,5.018742711643781e-06,2.1171627935251734e-06,0.4170034280126744,189.91049295472618,3.42616153,0.0627256706
48,2.411594885233989e-06,5.610204758464219e-06,2.411594885233989e-06,0.43926332983922495,190.56216243661189,3.45723844,0.0626794621
49,3.2331615219123247e-06,7.4529996772474e-06,3.2331615219123247e-06,0.48083985414333597,193.4420289789464,3.68767786,0.0626924708
50,3.111077298159313e-06,7.214706126559081e-06,3.111077298159313e-06,0.4732426848375821,192.5306938885321,3.54811192,0.062769264
44,2.2007953530166393e-06,4.82578267769478e-06,2.2007953530166393e-06,0.436530616223191,189.77045444034997,2.86394,0.0627880245
43,2.19261372510632e-06,4.796333187436964e-06,2.19261372510632e-06,0.4387364308658558,188.35340678858717,2.86456895,0.0627740473
44,2.0716129213105104e-06,4.572165821471154e-06,2.0716129213105104e-06,0.42982376126820593,190.40618412076932,2.84587502,0.0627455339
46,1.9269169889716526e-06,4.198403566922755e-06,1.9269169889716526e-06,0.42295824629460094,187.01946920961691,2.88087225,0.0627307966
46,1.8070730301883994e-06,4.109603298494114e-06,1.8070730301883994e-06,0.40719953263024655,184.76796678804092,3.03699541,0.0627743006
49,1.8741224739863244e-06,4.3312143348960506e-06,1.8741224739863244e-06,0.40519196910797667,185.6379191257174,3.0981009,0.0627616048
48,2.009317040612221e-06,4.653497723332855e-06,2.009317040612221e-06,0.414792329341065,188.128065773489,3.09861994,0.0627893284
49,1.8062267868365335e-06,4.30120633574846e-06,1.8062267868365335e-06,0.39622601660307216,186.18835551695943,3.3136723,0.0627617911
50,1.854356224944532e-06,4.32138730740627e-06,1.854356224944532e-06,0.4020229188971717,185.4383302345264,3.12202358,0.062706843
41,1.9461154946804215e-06,4.395419423683775e-06,1.9461154946804215e-06,0.4267263554176084,208.083445739583,2.55148244,0.0628604963
41,2.2213379616271214e-06,5.057664757636712e-06,2.2213379616271214e-06,0.43880459499901464,204.41287224925222,2.57242107,0.0628287271
42,1.539531413136682e-06,3.441534840290307e-06,1.539531413136682e-06,0.4064181885174275,210.36693772468777,2.53078389,0.0628154874
40,2.338072171777964e-06,5.278081444701353e-06,2.338072171777964e-06,0.44457302995938663,203.40936996275792,2.56777835,0.0628824979
42,2.3952979024543247e-06,5.4908333644499265e-06,2.3952979024543247e-06,0.4404971068876372,202.8201176492309,2.61237788,0.0628214031
41,2.375453523800111e-06,5.383088840333299e-06,2.375453523800111e-06,0.4439396302339512,202.40394507129034,2.57558441,0.0628493056
43,2.4659651138184237e-06,5.61128387539706e-06,2.4659651138184237e-06,0.44419383065912016,200.0497022642819,2.55870247,0.0627894178
43,2.3759004966531684e-06,5.389309062163828e-06,2.3759004966531684e-06,0.44120657609010044,199.0040773742657,2.54830122,0.0627785176
42,1.1937958201746035e-06,2.7844848028975736e-06,1.1937958201746035e-06,0.38309324672270073,232.46423588314704,2.28127003,0.0628087074
47,1.1212420585824292e-06,2.662627099592659e-06,1.1212420585824292e-06,0.3658195503391062,219.46092120088142,2.52457547,0.0628784969
47,1.1705330833565895e-06,2.766664977460307e-06,1.1705330833565895e-06,0.3718742222509633,223.03058865643342,2.51433921,0.0627951548
46,1.1140734478465656e-06,2.661713116369069e-06,1.1140734478465656e-06,0.363405704689651,213.89279752368063,2.52408624,0.0628072545
45,1.1628223316489455e-06,2.7555209669200224e-06,1.1628223316489455e-06,0.36508876782853267,216.7877744031271,2.53498507,0.0628532991
44,1.279135178824643e-06,2.886950750860112e-06,1.279135178824643e-06,0.38593301960473786,211.24669387949686,2.51534677,0.0627955049
43,1.0580692138350139e-06,2.5359696053440425e-06,1.0580692138350139e-06,0.3643892410188914,228.47720427057456,2.47094107,0.0628556535
41,2.2742715172631705e-06,5.554399116485068e-06,2.2742715172631705e-06,0.4481873753437534,260.02272081018236,2.58716393,0.0628030598
41,2.4450892571971054e-06,5.945340644150601e-06,2.4450892571971054e-06,0.4536342557239604,250.22762117415604,2.6469388,0.0627605021
42,2.2026044574223843e-06,5.3217899119672785e-06,2.2026044574223843e-06,0.4458912498470282,257.03169310498447,2.5807054,0.0627801344
43,2.1477968304563023e-06,5.162020996557711e-06,2.1477968304563023e-06,0.4418502713182446,251.211952113904,2.49886298,0.0628088564
42,1.6306581730594127e-06,3.750106936840967e-06,1.6306581730594127e-06,0.4197996719248335,239.48823827280216,2.47408724,0.062943548
43,2.1100104339198436e-06,5.028920729309541e-06,2.1100104339198436e-06,0.43659166044128606,245.50368780542317,2.48742247,0.0627761334
44,1.206170363963094e-06,2.7708449012559856e-06,1.206170363963094e-06,0.3890981931798018,234.17678494714787,2.49078965,0.0628054291
47,1.655155460425498e-06,4.1887172723250745e-06,1.655155460425498e-06,0.4285498413306795,323.06256474871105,3.03327084,0.0627592281
48,1.5593175335236855e-06,3.911369432575118e-06,1.5593175335236855e-06,0.4224087046514233,314.7480779387326,2.90763164,0.0628041103
47,1.4770283811857363e-06,3.614678897762091e-06,1.4770283811857363e-06,0.41702673294374587,300.3245789349372,2.80120397,0.0628198013
44,1.552190371956796e-06,3.7601197460842294e-06,1.552190371956796e-06,0.42133786476793045,293.23454998583605,2.70938492,0.0628272593
45,1.4451285781184534e-06,3.5930354857878207e-06,1.4451285781184534e-06,0.41765447714852066,307.65002417921,2.77616239,0.0627863407
44,1.5492543417956322e-06,3.7099747457140494e-06,1.5492543417956322e-06,0.4208574390590533,286.8795035387866,2.42356896,0.0628132448
43,1.693176375811325e-06,4.075396478201103e-06,1.693176375811325e-06,0.42820384793375843,278.15317373052176,2.62117815,0.062812373
42,1.4107688329621326e-06,3.3641075974415134e-06,1.4107688329621326e-06,0.4138976164511712,284.9115562013609,2.5076766,0.062772952
44,1.7717673589268136e-06,4.279010089195311e-06,1.7717673589268136e-06,0.4286647089142274,273.9903660080968,2.61251736,0.0627898499
43,1.7553123430213458e-06,4.204899262260504e-06,1.7553123430213458e-06,0.42745693489141856,267.0352854154547,2.57973742,0.0627978966
45,1.9677822805378402e-06,4.751984649520512e-06,1.9677822805378402e-06,0.4350523780783816,261.16086989684146,2.56691265,0.0627585724
63,6.526151048209491e-06,1.697527462002679e-05,6.526151048209491e-06,0.6029984890564675,219.80961109187993,6.06628561,0.0632793978
68,1.9322638192356525e-05,4.426145068187096e-05,1.9322638192356525e-05,0.9613907734687951,231.71111152847098,6.52179575,0.0639250576
60,5.273334104402052e-06,1.4261967881336394e-05,5.273334104402052e-06,0.532752333312329,214.0214159516298,5.99282217,0.0630609691
62,4.612963485337905e-06,1.209506211748656e-05,4.612963485337905e-06,0.5115192496582228,208.4684622355291,5.35854769,0.0629777983
55,4.154059193829339e-06,1.0982071155568873e-05,4.154059193829339e-06,0.4846705936911959,205.48786209826557,4.9954319,0.062817052
52,4.221378021182552e-06,1.0075288166646823e-05,4.221378021182552e-06,0.5163209948427688,203.02946133964446,4.53251743,0.0627406687
52,4.000161856528879e-06,1.0137640843157589e-05,4.000161856528879e-06,0.4943970049371075,204.0170414376871,4.65526915,0.0627913922
72,8.424173832655073e-05,0.00019137449602770558,8.424173832655073e-05,1.6511773014839408,244.3896712095641,9.63601685,0.0643002987
79,0.00047911789862146455,0.0011358618996926255,0.00047911789862146455,3.6940080633905548,305.9450086333936,24.2282219,0.0595581792
52,3.662721993188462e-06,8.596427598967483e-06,3.662721993188462e-06,0.49763907397797874,200.01247580897655,3.90750051,0.0626959726
51,3.4448655070891267e-06,8.29522446588066e-06,3.4448655070891267e-06,0.4865489520947273,200.20301725808946,4.15914392,0.062656045
53,3.7922693341693173e-06,8.743847182364699e-06,3.7922693341693173e-06,0.5045246855570722,196.37353815159068,3.85671735,0.0627555698
52,3.5477569245699928e-06,8.336775787978826e-06,3.5477569245699928e-06,0.4939241129774894,196.42195729503663,4.04765081,0.0627110004
51,3.343505151484076e-06,7.746471966605224e-06,3.343505151484076e-06,0.48452216901427614,192.94201488707657,3.61973238,0.0627378076
75,0.00018102597543965222,0.0004833602513048752,0.00018102597543965222,2.084758306445885,434.26662133611876,13.6564426,0.0633726642
80,0.0003310658349474186,0.0008783399304468499,0.0003310658349474186,2.8370702970774273,465.284972628773,16.7965431,0.0640223399
66,5.722271697181226e-05,0.000153261487953823,5.722271697181226e-05,1.3033144983972182,413.87123745150484,8.98850155,0.062853232
64,2.1664863472035736e-05,5.72247697029503e-05,2.1664863472035736e-05,0.9279683749468669,398.71297165458964,6.16778183,0.0627100319
88,0.0006018676748471859,0.0015813959338476307,0.0006018676748471859,4.0573331082817985,519.2763304123049,21.5351906,0.0647710562
96,0.0006359218873786068,0.0017187414281441434,0.0006359218873786068,4.71159447085244,612.625426758421,21.9434414,0.0592184179
54,2.9294938016421826e-06,7.733874847751749e-06,2.9294938016421826e-06,0.5012355699871227,363.86281516087206,3.87874341,0.06275969
51,2.048845200512639e-06,5.6335438054746145e-06,2.048845200512639e-06,0.44738141164218137,357.505934693814,3.60245466,0.0627436563
59,1.1184245154543877e-05,2.895031689212956e-05,1.1184245154543877e-05,0.7325426193561906,370.1154834912165,4.82452297,0.0627472401
61,9.210232117161756e-06,2.37496371319804e-05,9.210232117161756e-06,0.7181077134363192,388.1690491158375,4.24598074,0.0626464859
59,8.380456768871183e-06,2.1545840139739253e-05,8.380456768871183e-06,0.6885958066384879,381.96559750891817,4.23946762,0.0626793653
52,1.6248751355804672e-06,4.597528160974368e-06,1.6248751355804672e-06,0.4115791212720208,352.0239566714267,3.50877666,0.0627160072
52,1.5056738282338437e-06,4.094534184875388e-06,1.5056738282338437e-06,0.40672345196212617,341.1341510664704,3.06077337,0.0628000125
49,1.7809006522997791e-06,4.701683075639148e-06,1.7809006522997791e-06,0.4291488228540592,333.45745611279517,3.25507998,0.0627999157
49,1.6519260830731293e-06,4.294474846154701e-06,1.6519260830731293e-06,0.42343707235889744,327.28960189024025,3.16395521,0.0627822578
44,2.137310918728358e-06,4.795312418730653e-06,2.137310918728358e-06,0.4292574888763438,196.46749383766985,2.53273344,0.0628371164
40,1.9737328366394658e-06,4.399923340099309e-06,1.9737328366394658e-06,0.42455679054146606,193.49426943189997,2.64600873,0.0629091784
45,1.7619905345645868e-06,3.85150639165038e-06,1.7619905345645868e-06,0.4130812392475351,192.2088525527745,2.6791501,0.0628978908
43,1.7738417107919836e-06,3.855057854214917e-06,1.7738417107919836e-06,0.4169467691960761,190.88447682028544,2.54987884,0.0628680363
44,1.828699311705103e-06,3.982767965178468e-06,1.828699311705103e-06,0.418839563947046,190.65585197488952,2.55375171,0.0628457218
43,1.9277176899906994e-06,4.251237485219852e-06,1.9277176899906994e-06,0.4217599328400999,189.1773200812853,2.82556105,0.0627571046
53,1.8726620822707814e-06,4.513738458714414e-06,1.8726620822707814e-06,0.398148889520556,187.08555699073193,3.41254401,0.0627996773
51,2.132464494157791e-06,5.077098690601188e-06,2.132464494157791e-06,0.417451831889054,188.54258861859196,3.45395231,0.0627238229
50,2.501559978753566e-06,5.895096043545831e-06,2.501559978753566e-06,0.44025524112530007,189.21459131752826,3.62206435,0.0627289042
51,2.752249714604893e-06,6.553939358959192e-06,2.752249714604893e-06,0.4492995953020614,189.6007340307703,3.54121447,0.0627621561
46,1.950827797061248e-06,4.281099433005335e-06,1.950827797061248e-06,0.4220611436814469,187.63947086945907,2.88922715,0.062793687
45,1.9924097727376167e-06,4.4233584913257995e-06,1.9924097727376167e-06,0.42385832255647043,186.60402574325946,2.86033249,0.0627658442
44,1.8103077742087789e-06,3.976421944378711e-06,1.8103077742087789e-06,0.41393420646519097,187.0088723579365,2.84845448,0.0627985075
45,1.9324787532698245e-06,4.326791180857852e-06,1.9324787532698245e-06,0.4161672816617477,184.63152998235597,2.95641828,0.0627962872
48,1.6406148045876716e-06,3.763127307513887e-06,1.6406148045876716e-06,0.39169856238297573,182.67035293765085,2.95591593,0.0628465563
48,1.5966993857581454e-06,3.7454658911724635e-06,1.5966993857581454e-06,0.38106027125218295,182.46454213045794,2.97924781,0.0627639294
50,1.7822986694423602e-06,4.224308769082843e-06,1.7822986694423602e-06,0.38940119099138426,182.7208482319313,3.20690084,0.0626951009
51,1.7994536554787583e-06,4.2899054709827115e-06,1.7994536554787583e-06,0.39242191808092447,184.61775383220422,3.21362829,0.0627627671
42,1.943133705078535e-06,4.392300312360446e-06,1.943133705078535e-06,0.4249709723727778,207.23803348141044,2.53692198,0.0628615543
44,2.133605695350904e-06,4.837697450428758e-06,2.133605695350904e-06,0.43166469060249685,203.69544084588748,2.56014156,0.0628125966
42,2.2463334363557273e-06,5.105006626297532e-06,2.2463334363557273e-06,0.43490408104768885,201.20599896833184,2.58060789,0.0628079772
42,1.539349065001102e-06,3.4136199199463363e-06,1.539349065001102e-06,0.4092850210930682,207.61120880503907,2.52766323,0.0627916157
41,2.385599255547123e-06,5.448194395955377e-06,2.385599255547123e-06,0.4408709159110086,201.43836639201737,2.54753256,0.0628681108
42,2.2273203299418564e-06,5.0157374708558945e-06,2.2273203299418564e-06,0.43630932365446784,198.6913555045311,2.54414248,0.062834166
39,2.2287338415512353e-06,5.024174023819151e-06,2.2287338415512353e-06,0.43696740843158327,198.23145242831694,2.3838129,0.0628882349
42,2.303792081231949e-06,5.203523856020308e-06,2.303792081231949e-06,0.43814594937013274,196.8148427491431,2.56836414,0.0628647134
46,1.1125596921086653e-06,2.6659009489316602e-06,1.1125596921086653e-06,0.36735881456173175,230.12572244394494,2.50368643,0.0627425015
48,1.893590054734486e-06,4.284636920389077e-06,1.893590054734486e-06,0.43055279595766077,220.0529600186605,2.53624678,0.0628250986
48,1.1962647960530597e-06,2.810694233917887e-06,1.1962647960530597e-06,0.3758646637278809,224.28027329278987,2.5332396,0.0627944991
47,1.1437013952159773e-06,2.7176689640137976e-06,1.1437013952159773e-06,0.3600216850234003,213.09462504371623,2.53051662,0.0628416315
47,1.1036460106904444e-06,2.5802441383677064e-06,1.1036460106904444e-06,0.36222883510761755,210.97409525303314,2.39869905,0.0628194883
50,1.8848374282912728e-06,4.229896803131383e-06,1.8848374282912728e-06,0.42986572048166305,215.64336106269943,2.55713701,0.0628546849
43,1.236892404284097e-06,2.7625525146695164e-06,1.236892404284097e-06,0.3827548342362945,208.80228497580387,2.31903362,0.0627671778
48,1.1243406026818966e-06,2.7218010816739294e-06,1.1243406026818966e-06,0.3605223098810323,227.64562290519714,2.51542139,0.0627789423
40,2.163752479367046e-06,5.1749414402641885e-06,2.163752479367046e-06,0.4424585903000608,246.6034165995994,2.48249745,0.0627513081
42,1.9938327539750374e-06,4.7682313304019555e-06,1.9938327539750374e-06,0.4375449487928927,255.98874579290236,2.57163358,0.0628030226
43,1.6922026122042307e-06,4.0167364301099985e-06,1.6922026122042307e-06,0.4250156657685424,260.73146339127726,2.5567224,0.0628115609
43,1.8423383532159674e-06,4.361293325364342e-06,1.8423383532159674e-06,0.42761417220073433,250.21544692518532,2.56663203,0.0628255308
42,1.5214601052679101e-06,3.461232584326511e-06,1.5214601052679101e-06,0.41418228891317,239.07638054959156,2.48076248,0.0629579127
43,1.2279691988339313e-06,2.810556021897703e-06,1.2279691988339313e-06,0.3894289817701738,234.58453102548805,2.48426652,0.0628040731
42,1.9256396865863725e-06,4.517741591135422e-06,1.9256396865863725e-06,0.4313721679611714,242.73253045178268,2.37991238,0.0627697259
46,1.1306755525992308e-06,2.6896711147018116e-06,1.1306755525992308e-06,0.3696767750019002,230.88621675289656,2.45332026,0.0627487823
48,1.5548879092570328e-06,3.977615991167978e-06,1.5548879092570328e-06,0.420412169095231,320.3620017172144,2.97955632,0.0628325418
47,1.402213930487454e-06,3.6012593389302114e-06,1.402213930487454e-06,0.407929756748792,315.37529229514035,2.91041398,0.0628008321
48,1.2886933938870486e-06,3.1579612430444326e-06,1.2886933938870486e-06,0.40108759291306484,300.78587151081337,2.73163581,0.0627835765
44,1.3407894762762288e-06,3.2978025337104584e-06,1.3407894762762288e-06,0.40685924406669977,293.08502753141374,2.71173072,0.0627636909
47,1.2319873737381207e-06,3.0980436696831047e-06,1.2319873737381207e-06,0.3951960377520628,305.83917655924665,2.70837665,0.0627411827
48,1.2747468619030099e-06,3.2699023124048395e-06,1.2747468619030099e-06,0.39624140233959143,311.8544100327719,2.85453916,0.0627790466
44,1.305703877262134e-06,3.201687731539279e-06,1.305703877262134e-06,0.4014660203624449,288.4645595002912,2.70177865,0.0627721399
44,1.4645098274459318e-06,3.513751365535222e-06,1.4645098274459318e-06,0.4112515736270566,279.74904508993967,2.59922457,0.0627604425
44,1.1566408771076092e-06,2.8299253418014144e-06,1.1566408771076092e-06,0.3891661452595012,283.98572646780406,2.63257313,0.0628080294
44,1.5038033132490046e-06,3.5812504671293973e-06,1.5038033132490046e-06,0.4146613401255217,273.34779109524516,2.57808924,0.062786065
42,1.734240312333149e-06,4.162942837296501e-06,1.734240312333149e-06,0.42709808417202255,265.68859467475534,2.59806466,0.0628140643
44,1.3806762442083946e-06,3.2913097310509295e-06,1.3806762442083946e-06,0.4053671596830132,270.86789279512186,2.61478329,0.0628013387
68,1.6277260896258607e-05,3.766876570804211e-05,1.6277260896258607e-05,0.8904640573100164,225.18951965167028,6.66872168,0.0638214946
72,8.703308580633551e-05,0.00019753917451380932,8.703308580633551e-05,1.7406704090983103,246.176575733277,9.82053757,0.0645195618
63,8.032958513060436e-06,2.0713633944213086e-05,8.032958513060436e-06,0.6553884204355666,215.2397051590352,6.46825361,0.0636194572
61,5.337545208347997e-06,1.4291917498707008e-05,5.337545208347997e-06,0.5291993081909039,207.93843229591803,6.12214136,0.063016288
60,5.215433683966147e-06,1.3165153471720428e-05,5.215433683966147e-06,0.5433132536164171,203.0585330577285,5.58574533,0.0628836453
54,4.044316833036628e-06,1.0646310620529069e-05,4.044316833036628e-06,0.48413470766425265,201.73816715509656,5.09762096,0.0627457574
53,3.681379826326822e-06,9.205624566442082e-06,3.681379826326822e-06,0.48407247369938744,200.5647914219373,4.75009346,0.0626777261
55,3.8000723957769657e-06,1.001665526283825e-05,3.8000723957769657e-06,0.4710319872466693,198.2613779914014,4.85162401,0.0627774522
86,0.0005272076900956383,0.0012725538547494507,0.0005272076900956383,3.9180822570336895,320.80965286312534,25.9127941,0.0576562248
54,3.1922519873222595e-06,7.939348433414126e-06,3.1922519873222595e-06,0.464185432515042,195.93630408266137,4.31826067,0.0627093092
55,3.2900989262540537e-06,8.397961878334936e-06,3.2900989262540537e-06,0.4631310575375291,196.20867237100626,4.59891558,0.0627038404
53,3.566856867014852e-06,8.301328880525183e-06,3.566856867014852e-06,0.49198780983745505,194.3570533113827,3.83833289,0.0627389476
50,3.4334615463421135e-06,8.163448871056626e-06,3.4334615463421135e-06,0.48535048762199384,195.44351538432602,4.0996418,0.0626694784
51,3.050824221908209e-06,7.236076360850135e-06,3.050824221908209e-06,0.46331902518451745,191.35962081330368,3.74591517,0.0626926571
74,0.00022682442771783262,0.0006026978900653567,0.00022682442771783262,2.316835640264457,436.8177035285209,14.5584221,0.0634011775
81,0.00043186974931928477,0.0011367125423010643,0.00043186974931928477,3.300207972222581,479.40274259853663,18.025095,0.0643690974
71,8.425809277386248e-05,0.00022517917110646054,8.425809277386248e-05,1.4857541772535703,406.4624339169188,10.3490191,0.0627532527
63,2.8695549262825925e-05,7.599114015031817e-05,2.8695549262825925e-05,1.0012534350529791,393.982422161264,6.82178926,0.0626413897
88,0.0004903963148364256,0.001303381247480059,0.0004903963148364256,3.7496341146000938,520.8723106056116,19.0913544,0.0634061992
96,0.0005839530601152524,0.0015647987312734958,0.0005839530601152524,4.490517308779026,583.510899189937,20.0992336,0.0590688549
55,3.6622777963977726e-06,9.41750321769673e-06,3.6622777963977726e-06,0.5372748095031368,360.9385455727348,3.69300652,0.0627353936
52,3.338277271978919e-06,8.620422991389626e-06,3.338277271978919e-06,0.522470380660489,356.1292405542917,3.62330985,0.0627115518
61,3.590823588083562e-05,9.509055746688862e-05,3.590823588083562e-05,1.0520269352524325,377.24375002405293,7.1890583,0.062732853
60,1.0979869361768514e-05,2.8211201593758615e-05,1.0979869361768514e-05,0.7362761906780529,369.67635729085515,4.61255455,0.0627759472
61,4.066292489018431e-05,0.00010801429919463242,4.066292489018431e-05,1.1191661149702885,388.948129805314,7.74263906,0.0626532361
63,2.4203600471178218e-05,6.355426696734468e-05,2.4203600471178218e-05,0.9456818790151051,383.0732941176333,6.23890209,0.0626877546
53,1.8724154505596416e-06,5.102931299923441e-06,1.8724154505596416e-06,0.43653507687038057,349.8316145512671,3.49586844,0.0627580285
52,1.440739657720052e-06,4.006628389759042e-06,1.440739657720052e-06,0.39829662794271165,340.80487478557257,3.2414155,0.0627685413
49,1.5786780207459035e-06,4.229710896086988e-06,1.5786780207459035e-06,0.4117166410198959,332.7295440455657,3.07774711,0.0627857372
52,1.645762522280354e-06,4.545758124067487e-06,1.645762522280354e-06,0.4141386303254746,343.8473154331222,3.45307899,0.0627839938
50,1.5711801876078267e-06,4.143341512281005e-06,1.5711801876078267e-06,0.41312814445659424,326.47326647879305,3.06582737,0.0628160387
42,2.0566862025044944e-06,4.578547907609613e-06,2.0566862025044944e-06,0.4290345912214616,195.01956574677345,2.52349687,0.0628678501
43,1.8876804508473332e-06,4.184635760997444e-06,1.8876804508473332e-06,0.41712666632662565,192.74317348909003,2.58779669,0.0628739223
44,1.5985289656817594e-06,3.4724649305381203e-06,1.5985289656817594e-06,0.4055068874359261,191.04769516633283,2.65424418,0.0628530979
42,1.6832463064562618e-06,3.6882967819890317e-06,1.6832463064562618e-06,0.4091026561708541,189.71414481446678,2.60006142,0.062856026
42,1.6344634839307899e-06,3.542096305365371e-06,1.6344634839307899e-06,0.41005128104820326,188.79576480899303,2.53177786,0.0628222153
44,1.5830346151600653e-06,3.490869455245187e-06,1.5830346151600653e-06,0.40023507188898616,189.10176119974892,2.67201614,0.0628473237
44,1.5109913169731336e-06,3.2758283136064385e-06,1.5109913169731336e-06,0.3988332998826963,187.03870539683874,2.52739835,0.062823467
44,1.7873687032673216e-06,3.896915722095116e-06,1.7873687032673216e-06,0.41497470569562683,186.58396313445326,2.79878116,0.0627946928
51,1.8298565589722448e-06,4.334585758365459e-06,1.8298565589722448e-06,0.4004997681182708,185.03792372563404,3.41711831,0.0627633631
53,2.197680329353661e-06,5.251750738286684e-06,2.197680329353661e-06,0.41654033988355194,185.3623376944468,3.50294423,0.0626942143
52,2.3890534637100486e-06,5.768373813151014e-06,2.3890534637100486e-06,0.4245374656298758,186.19599821328057,3.53427744,0.0627557039
49,2.5001982156986207e-06,6.0529414042317405e-06,2.5001982156986207e-06,0.4343456222634598,186.23277929868544,3.74063444,0.0627647638
52,2.555281121858197e-06,6.128517833769555e-06,2.555281121858197e-06,0.43907955248415703,187.45231543975737,3.68429708,0.0628207996
45,1.7854232073531364e-06,3.962998718806865e-06,1.7854232073531364e-06,0.4091521117958019,184.8856143225336,2.91011906,0.0628150329
44,1.8838786013719117e-06,4.2149863742125e-06,1.8838786013719117e-06,0.4159577940820226,184.16422276658201,2.9062407,0.0628169924
45,1.5547561212458493e-06,3.4853518468270507e-06,1.5547561212458493e-06,0.39334077967378295,184.06109629452237,2.84551001,0.0627575964
43,1.7882276782195619e-06,4.086033543114717e-06,1.7882276782195619e-06,0.40501484255620357,182.32840382426824,2.95049667,0.0628903434
49,1.676937709769595e-06,3.8615511096454484e-06,1.676937709769595e-06,0.3903206246327897,181.19202909998657,2.92755532,0.0627950579
48,1.7443710952769144e-06,4.1325102761610915e-06,1.7443710952769144e-06,0.38373568203401875,179.9212440511574,3.08362746,0.0627036616
50,1.908495004407331e-06,4.387675497751813e-06,1.908495004407331e-06,0.39982875622100444,180.22019233730305,3.16005182,0.0627317801
51,2.1859471785556595e-06,4.925116284932638e-06,2.1859471785556595e-06,0.4274872837061703,180.0094636820603,3.23920107,0.0626927763
49,2.2710172088845837e-06,5.19422711557726e-06,2.2710172088845837e-06,0.4295927179010666,181.57376662985513,3.39280534,0.0626531318
41,1.832103166038108e-06,4.094015484374275e-06,1.832103166038108e-06,0.42033863397186283,204.56952321621498,2.5384047,0.0628581867
42,1.8697581382015823e-06,4.1781995594401106e-06,1.8697581382015823e-06,0.41922512010931157,202.4383530544003,2.30735207,0.0628100708
42,1.9460143897713168e-06,4.3284810937405584e-06,1.9460143897713168e-06,0.4243305094064997,198.08118812442257,2.40777278,0.0627891645
45,1.875162137522406e-06,4.173472395128937e-06,1.875162137522406e-06,0.4191637307863282,200.33913696926624,2.49774766,0.0627497211
41,1.6178671689737983e-06,3.615917292872088e-06,1.6178671689737983e-06,0.4083104324050161,205.14262070405695,2.45004773,0.0628006309
42,2.1226913187281994e-06,4.746560332370961e-06,2.1226913187281994e-06,0.43215306894891936,197.7958894641972,2.40491986,0.0628196225
42,1.977658051910724e-06,4.402284138551642e-06,1.977658051910724e-06,0.4248762583246112,195.16299097428418,2.54464865,0.0627849549
44,2.0312155451095723e-06,4.52861037488018e-06,2.0312155451095723e-06,0.4251194675462118,196.00433569303644,2.53876996,0.0628411919
42,1.8931295509843175e-06,4.189756408629983e-06,1.8931295509843175e-06,0.42015555775738267,193.43998825773895,2.56504226,0.0628856122
50,2.8096233129087046e-06,6.380129775260624e-06,2.8096233129087046e-06,0.4787609238444676,219.20351037641402,2.73102403,0.0628130585
52,1.9624664098019118e-06,4.379729798814228e-06,1.9624664098019118e-06,0.43920448677529117,222.16128610269047,2.54587483,0.0628334954
49,1.3219580433365283e-06,3.0363189934537604e-06,1.3219580433365283e-06,0.3830540233642014,212.6681301986504,2.55799913,0.0628166944
42,1.211925517933533e-06,2.727464742586942e-06,1.211925517933533e-06,0.3809250122469513,206.72846131556193,2.44407988,0.0628151
47,1.1394672298993015e-06,2.669145049199531e-06,1.1394672298993015e-06,0.36122906708173635,208.64859759697788,2.53892589,0.0627763122
51,3.897783496391902e-06,8.956031591544532e-06,3.897783496391902e-06,0.5179465488330478,215.79912223952107,3.27343512,0.0628075898
45,1.268478674998692e-06,2.8464540979236793e-06,1.268478674998692e-06,0.3819410270403374,205.20687853696734,2.48988938,0.0628518164
48,1.5422694506373645e-06,3.5236508491746494e-06,1.5422694506373645e-06,0.4086179662397477,225.2842791176928,2.54902911,0.0628200397
44,1.824385874101615e-06,4.292373293366503e-06,1.824385874101615e-06,0.4239396127613884,243.9927837897666,2.53201747,0.0627914593
45,1.8687127044581867e-06,4.4545323143944586e-06,1.8687127044581867e-06,0.4286068263280854,256.49581951154937,2.56429052,0.0628280863
44,1.5825602849675575e-06,3.751181296269624e-06,1.5825602849675575e-06,0.41474067494096345,259.9916680995815,2.56370091,0.062796846
45,1.368389708393864e-06,3.2316242736426477e-06,1.368389708393864e-06,0.4051900148576161,266.2771261742661,2.59926701,0.0627809167
43,1.7468218403909809e-06,4.081797141935368e-06,1.7468218403909809e-06,0.42369823303157944,249.21887170908036,2.53452611,0.0628433526
45,1.5594605813635352e-06,3.6685014278403006e-06,1.5594605813635352e-06,0.41190465291373834,255.16644929340038,2.52681828,0.062850371
45,1.4153439542903265e-06,3.2558123985200656e-06,1.4153439542903265e-06,0.4007106668430316,237.18231826135084,2.42851973,0.0628888085
45,1.4425446133868094e-06,3.300362324262348e-06,1.4425446133868094e-06,0.4040978756073598,238.75633875186904,2.50262284,0.0628281832
45,1.198554598983492e-06,2.8203092643896488e-06,1.198554598983492e-06,0.3799029558873004,232.49964367498865,2.4986949,0.0627943799
46,1.1194286356322201e-06,2.6730696558289225e-06,1.1194286356322201e-06,0.365085806647769,228.4650957010546,2.38597608,0.0627478361
49,1.4480991072925476e-06,3.807287317458951e-06,1.4480991072925476e-06,0.40532820515149376,321.35113612122444,2.89658237,0.0628099516
47,1.1948332476698618e-06,3.03821634502131e-06,1.1948332476698618e-06,0.38769923910114734,301.6116861133562,2.76153469,0.0627579316
46,1.2049741685623297e-06,3.0312278146692e-06,1.2049741685623297e-06,0.390359795918566,296.28469560590923,2.76880383,0.0628133342
44,1.1296999545592965e-06,2.873301066188525e-06,1.1296999545592965e-06,0.38060888173587987,289.45224338420013,2.72257519,0.0628058016
49,1.277782573571605e-06,3.3036625784774824e-06,1.277782573571605e-06,0.39204024374986285,307.9335397463684,2.89321375,0.0628330484
51,1.441278635607145e-06,3.796544713296875e-06,1.441278635607145e-06,0.4017861713431548,317.67703332090576,2.93112183,0.0628162697
50,1.5008864796276532e-06,3.907133780303158e-06,1.5008864796276532e-06,0.4062956850418615,314.79391896803713,2.89282322,0.0628523901
44,1.3464760490724814e-06,3.205200871838735e-06,1.3464760490724814e-06,0.4063878642432649,277.0711102810698,2.60523653,0.0627999455
45,1.0560842739519595e-06,2.6135949196810104e-06,1.0560842739519595e-06,0.37486583788722855,281.7105024398465,2.5862484,0.0627832338
43,1.2043968295099652e-06,2.8684811799469936e-06,1.2043968295099652e-06,0.39416784101557184,271.63658521650086,2.60665107,0.0627353862
42,1.1391954332526116e-06,2.747295750097234e-06,1.1391954332526116e-06,0.3894438007516027,276.07056020199315,2.63763237,0.0627905056
71,3.9941806772964816e-05,9.133309703557015e-05,3.9941806772964816e-05,1.3071785780695013,236.3120276945783,7.51915741,0.0645268336
81,0.0003888542518499287,0.0009330303793178545,0.0003888542518499287,3.306859824690873,293.66837305711874,22.5101185,0.0592667274
62,1.4804024289814298e-05,3.4683066271990486e-05,1.4804024289814298e-05,0.8175577252462558,212.7509140054244,6.87689972,0.0637406334
75,7.916243750793147e-05,0.00018089026259948945,7.916243750793147e-05,1.6814256598110497,239.54589400865225,9.8153677,0.0648155808
64,1.0882586688788265e-05,2.531785208849867e-05,1.0882586688788265e-05,0.7186369087796441,205.0450523634945,6.19862461,0.0631674528
57,4.567958883833133e-06,1.1480962050211774e-05,4.567958883833133e-06,0.5179995405184405,200.46828083362,4.98353529,0.0627869442
61,1.0333084178664718e-05,2.3717295982662503e-05,1.0333084178664718e-05,0.6988010003294785,199.60454546383914,5.63580084,0.0630002543
56,4.09376005081249e-06,1.0680043286211271e-05,4.09376005081249e-06,0.4831862673306622,196.55204624366053,5.04598808,0.0628685951
58,3.196954999051491e-06,8.025866922870176e-06,3.196954999051491e-06,0.45624705542875493,193.4437045129763,4.37295198,0.0627062991
56,4.563727356533909e-06,1.1071702079689508e-05,4.563727356533909e-06,0.5202698896260397,193.1533051140372,4.71271515,0.0628663599
54,2.9219201406201604e-06,7.138233067193952e-06,2.9219201406201604e-06,0.4528527173073509,190.57343136158147,4.05787039,0.0626778454
53,3.0729682498206245e-06,7.581905421330686e-06,3.0729682498206245e-06,0.4582554261927525,191.85495161735955,4.1658988,0.062636584
57,3.1452913781050584e-06,7.848341943487148e-06,3.1452913781050584e-06,0.45626901923899227,192.50940443331723,4.31546307,0.0626469925
54,2.766759326285372e-06,6.630521485457289e-06,2.766759326285372e-06,0.44725406418339775,188.47238909856858,3.75611711,0.0627089813
72,0.00020550486077287663,0.0005462720338567269,0.00020550486077287663,2.182014236952854,424.8708092878154,13.8948565,0.0629774854
69,0.000100671200720439,0.0002684740437744031,0.000100671200720439,1.5676293320825612,401.6643476782316,10.9861984,0.0627490357
66,0.00010379250774117428,0.00027707881073714543,0.00010379250774117428,1.582031831152318,398.2431089191747,11.007061,0.062858738
80,0.0004096786134878016,0.0010809121365941152,0.0004096786134878016,3.238826709738731,475.9265058824597,17.7097187,0.0644129813
93,0.0006722185392097861,0.0017743852969492899,0.0006722185392097861,4.799127218687731,572.9375062673696,21.7886639,0.058416333
60,1.3273980629404996e-05,3.429883789749678e-05,1.3273980629404996e-05,0.7681163957916313,362.0584114467384,4.82636356,0.0627427101
55,4.152160925634514e-06,1.0413802654964739e-05,4.152160925634514e-06,0.5608976775846026,352.3922789374327,3.58652234,0.0627527982
63,5.996300314456548e-05,0.00015936781059836284,5.996300314456548e-05,1.2546041611757879,377.0759263682424,8.78170681,0.0627023131
65,4.283012683084755e-05,0.00011343519570708417,4.283012683084755e-05,1.1051887989555018,370.1899430203093,7.77105713,0.0627730191
67,7.992046407410946e-05,0.0002124194855227361,7.992046407410946e-05,1.4153782059728974,386.9163406101291,9.80210209,0.0627796948
54,1.6927070235827719e-06,4.675149773368024e-06,1.6927070235827719e-06,0.41206087265370295,339.8274050005518,3.30776715,0.0627394617
52,1.4728052031036692e-06,3.980013584152934e-06,1.4728052031036692e-06,0.40191510927752105,334.1201583813441,3.12693572,0.0627848506
56,4.334993042570611e-06,1.0862592131170897e-05,4.334993042570611e-06,0.5613485163443608,347.9529591783577,3.51229239,0.0628193095
51,1.4648452861577147e-06,3.942369587760747e-06,1.4648452861577147e-06,0.3976230730938705,326.58608912691636,3.02478719,0.0628093183
43,1.7602097875911707e-06,3.861759910333303e-06,1.7602097875911707e-06,0.4125301681417143,191.7172310666393,2.57105184,0.062778689
43,1.3776318708146961e-06,2.970754849994227e-06,1.3776318708146961e-06,0.38993809559755727,189.2771048944631,2.34574556,0.0626929775
45,1.408829733672255e-06,3.0667001376016142e-06,1.408829733672255e-06,0.3898194945607811,188.5037717614413,2.6411159,0.0627539456
42,1.3154997271990736e-06,2.9213358542909305e-06,1.3154997271990736e-06,0.3801743826856185,186.1155372797649,2.68114066,0.0628188848
45,1.3527618723840413e-06,3.0216946035581297e-06,1.3527618723840413e-06,0.38112458019751205,185.56242382989296,2.72404647,0.0628436431
44,1.4295836630697027e-06,3.207989530758778e-06,1.4295836630697027e-06,0.3847330747411223,184.71627350021583,2.76676726,0.0628926158
44,1.522887747974022e-06,3.384323444842162e-06,1.522887747974022e-06,0.3924009261146659,183.80884529518403,2.78988361,0.0628544614
51,2.133281490748026e-06,4.970819370986936e-06,2.133281490748026e-06,0.417531148847938,183.2180439278294,3.26761436,0.0626545027
52,2.8009587266444146e-06,6.4406369538288e-06,2.8009587266444146e-06,0.4528136671904356,182.22101519727516,3.54288149,0.0626767948
54,2.554411768070931e-06,5.981894752949e-06,2.554411768070931e-06,0.4377605184647661,182.7173342665519,3.54452038,0.0626342073
54,2.6062551986190437e-06,6.300232409874218e-06,2.6062551986190437e-06,0.43636204439298476,184.03637238952777,3.84230447,0.0627501234
52,2.6144577171173877e-06,6.237940472132888e-06,2.6144577171173877e-06,0.4428625148233944,185.37382775735855,3.69415498,0.0627499074
47,1.5530141416063013e-06,3.507359029717497e-06,1.5530141416063013e-06,0.38930803238051165,182.8628322447716,2.87346959,0.0628036708
47,1.488713807620236e-06,3.403957349913588e-06,1.488713807620236e-06,0.38119164330545346,181.10497124453738,2.90212536,0.0628793687
44,1.4110234507409659e-06,3.202578899027994e-06,1.4110234507409659e-06,0.3808674685750767,181.3070891092832,2.81832743,0.0626959726
47,1.476085700329627e-06,3.346970581828395e-06,1.476085700329627e-06,0.38489265429308717,181.5963695831795,2.8628881,0.0628154427
47,1.4773892501187083e-06,3.3283019963032158e-06,1.4773892501187083e-06,0.3752571185276727,179.39649453741396,2.82396412,0.0628117546
51,1.7524893453315757e-06,4.083717535402971e-06,1.7524893453315757e-06,0.3817411261399723,178.77679223796625,3.00145721,0.0627118796
50,1.926551632634835e-06,4.5207412945826865e-06,1.926551632634835e-06,0.39247285914205177,178.12552163917735,2.98331118,0.0627050549
48,2.890809914829779e-06,6.434014012877517e-06,2.890809914829779e-06,0.4597957530809428,177.02716827596336,3.12608767,0.0627275631
52,2.878776844024447e-06,6.403932167434359e-06,2.878776844024447e-06,0.4582644069814852,178.17867641638338,3.1638732,0.0627307743
50,3.3409332112308427e-06,7.493096450923639e-06,3.3409332112308427e-06,0.4781108177277282,178.5271154167566,3.34698153,0.0627041236
53,5.44248506728828e-06,1.1935330754588882e-05,5.44248506728828e-06,0.5543435822686402,179.20747665243752,3.83635807,0.0627126396
43,1.7092484595148863e-06,3.80288609256493e-06,1.7092484595148863e-06,0.4119259643256171,202.19855308754393,2.53514624,0.0628357083
45,1.9499743834003847e-06,4.361392461421535e-06,1.9499743834003847e-06,0.4199626035141645,197.64234354153479,2.55232477,0.062793225
44,1.6423139132448369e-06,3.6211223538831843e-06,1.6423139132448369e-06,0.4072510110316105,198.64934898401418,2.47059345,0.0628077537
43,1.6099654315667875e-06,3.598370624869405e-06,1.6099654315667875e-06,0.40359254335412614,203.08981742132465,2.53746128,0.0628482699
43,1.9400452648191744e-06,4.295380885045374e-06,1.9400452648191744e-06,0.4227801071628806,194.38954665530665,2.56112194,0.0627510622
42,1.894374916954928e-06,4.207380281250923e-06,1.894374916954928e-06,0.42090027742884195,195.17925154068695,2.56077385,0.0628134161
43,1.7641894046233795e-06,3.871943082741951e-06,1.7641894046233795e-06,0.413581599761683,192.29899396439401,2.57199216,0.0627688691
41,2.0711898075006953e-06,4.619456371337279e-06,2.0711898075006953e-06,0.4280939169172867,194.21166231944662,2.5704937,0.0627420694
41,1.7966523389871637e-06,3.942320732846798e-06,1.7966523389871637e-06,0.41623501945965724,191.8370573478369,2.56181955,0.0627465919
44,1.558485035523472e-06,3.3918178293150857e-06,1.558485035523472e-06,0.4026617669845911,190.50346951907284,2.5544703,0.0627552196
53,7.335280406274661e-06,1.7653970547737754e-05,7.335280406274661e-06,0.6070992256705775,219.69979692972547,4.52905273,0.06280303
48,1.4255467440859725e-06,3.255530335959704e-06,1.4255467440859725e-06,0.39298426295972044,210.0353480151036,2.56056499,0.0627419204
50,2.3542666137663242e-06,5.240141334277045e-06,2.3542666137663242e-06,0.4555450873726132,211.39717690461492,2.575773,0.0627466813
44,1.2025465236131805e-06,2.777766345471303e-06,1.2025465236131805e-06,0.3715651735292594,205.1686284079274,2.53089309,0.0628247634
49,1.159725062595986e-06,2.6886169027186677e-06,1.159725062595986e-06,0.36216207972134623,207.05336093984073,2.4081881,0.0628016368
50,6.749699204098407e-06,1.6155200024205526e-05,6.749699204098407e-06,0.5920908517035668,215.88228210801378,4.38413048,0.0628144965
46,1.2514060703066312e-06,2.8615991969006598e-06,1.2514060703066312e-06,0.3769593749094931,202.11944796268884,2.53307676,0.0627728626
49,1.5529924747148503e-06,3.5496961711642565e-06,1.5529924747148503e-06,0.40880973429551265,225.26280766026912,2.53007269,0.0628229678
50,5.2444071461122094e-06,1.2382466871016852e-05,5.2444071461122094e-06,0.5603578335578582,221.72777590571053,3.83070779,0.0628103763
43,1.689448477152924e-06,3.914078816392635e-06,1.689448477152924e-06,0.42177840191829413,243.12682055176197,2.51394606,0.0627887845
45,1.4800901744544552e-06,3.3906731832786944e-06,1.4800901744544552e-06,0.4070026918060554,239.33497486188128,2.43798804,0.0627785027
45,1.3196666232985088e-06,3.1043786878793415e-06,1.3196666232985088e-06,0.3984246747495902,259.92188964723255,2.54266882,0.0628098696
43,1.2049452367843693e-06,2.832582385886078e-06,1.2049452367843693e-06,0.39592681168294414,264.57483188352353,2.59268308,0.062723726
44,1.5434536367789921e-06,3.589856827134721e-06,1.5434536367789921e-06,0.41257042988094045,249.6231269023579,2.52327418,0.0628513023
46,1.2994357171624915e-06,3.0723237028856034e-06,1.2994357171624915e-06,0.393306178614509,256.1494513876221,2.58928967,0.0628530905
45,1.2472471332901307e-06,2.860258319031253e-06,1.2472471332901307e-06,0.38919808715119775,236.53491390996055,2.51120448,0.062794812
45,1.194662819841035e-06,2.824653394774637e-06,1.194662819841035e-06,0.37682186922955585,231.82264359620982,2.50590158,0.0628137365
48,1.154687616738172e-06,2.7296064166906195e-06,1.154687616738172e-06,0.3684986410136286,229.22455030265274,2.53011799,0.0627656952
52,1.5917889817780304e-06,4.167801388202885e-06,1.5917889817780304e-06,0.4123971514194158,322.4985713937137,3.10450554,0.0628334582
46,1.211431053070581e-06,3.1150772288921455e-06,1.211431053070581e-06,0.3875518106773768,299.8512528104205,2.7676158,0.062764734
46,1.1601772517609167e-06,2.9917682160676582e-06,1.1601772517609167e-06,0.3795616645741605,295.14852921564363,2.77094531,0.0628180653
46,1.101576722091693e-06,2.848251356681369e-06,1.101576722091693e-06,0.3718111992893702,290.9495684092634,2.71376467,0.0627569333
47,1.0366534741728076e-06,2.663404891550598e-06,1.0366534741728076e-06,0.3654987285487648,284.91864660615295,2.69344854,0.0627514943
49,1.3693928033692066e-06,3.5120558382058492e-06,1.3693928033692066e-06,0.4002010798587375,306.50150209664946,2.90412974,0.0628179684
52,2.2624692929512175e-06,5.529969097024746e-06,2.2624692929512175e-06,0.4652710586226529,310.99354565913933,2.8191011,0.0627553985
51,2.340515188821061e-06,5.8338522852936364e-06,2.340515188821061e-06,0.4704823490559821,319.37573058819476,3.0502677,0.0627850369
45,1.013590790350466e-06,2.5437700041191828e-06,1.013590790350466e-06,0.36604096306941525,279.4919458857953,2.60840392,0.062743552
46,1.029691363439708e-06,2.521330233644557e-06,1.029691363439708e-06,0.37182753871881075,268.09557535600504,2.60198402,0.062772274
46,1.075747818330459e-06,2.654088805435039e-06,1.075747818330459e-06,0.37457947026039967,272.71245973000794,2.62638521,0.0627607107
79,0.0004424606197288013,0.0010569629491047974,0.0004424606197288013,3.410549660451379,281.965934300255,23.6200809,0.0596681423
68,5.274206654434672e-05,0.00011966479765439423,5.274206654434672e-05,1.3450979960022207,221.13658595500118,8.63845062,0.0643174499
63,1.8645009429247553e-05,4.2493569357500214e-05,1.8645009429247553e-05,0.8773523875580991,206.2472234649489,6.67828083,0.0634726658
76,0.00042833181564242524,0.001015632304698846,0.00042833181564242524,3.337336219497917,273.7114606670934,22.3813229,0.0593474843
66,3.309222442375529e-05,7.451854285416186e-05,3.309222442375529e-05,1.0602220287863453,204.48047439674392,7.34289408,0.0635375157
61,9.148409342537298e-06,2.0978446646111956e-05,9.148409342537298e-06,0.6637104904956763,196.79746897896484,5.45711136,0.0629284307
64,2.1397598591215415e-05,4.8139346898189e-05,2.1397598591215415e-05,0.8875098224165867,197.98343029719936,6.25963593,0.0632748604
59,6.052878765300559e-06,1.3822134643691654e-05,6.052878765300559e-06,0.5769508946365,189.05592897901874,4.5875926,0.0627653077
58,6.555112341234319e-06,1.5073022466993418e-05,6.555112341234319e-06,0.5926772296587898,191.32378263383674,4.77944756,0.0629876852
63,1.1725016663456507e-05,2.645743740029491e-05,1.1725016663456507e-05,0.7160022040943377,193.18482863327986,5.28540945,0.0629585907
56,2.8110630087110525e-06,6.9641893243617085e-06,2.8110630087110525e-06,0.4445342320383416,188.38078854193242,4.09582806,0.0626617819
56,3.5130421420792554e-06,8.669952860788478e-06,3.5130421420792554e-06,0.4689111820559185,188.0078094790059,4.30563498,0.0625934675
55,2.875806263061333e-06,6.976924817311415e-06,2.875806263061333e-06,0.4499959309931352,185.71350378832042,4.00836754,0.062747024
71,0.00021543485131166268,0.000570474074905755,0.00021543485131166268,2.202670155573847,416.8591902094768,14.2523785,0.0632178932
71,0.00017255146341793527,0.00045801772188544624,0.00017255146341793527,1.9694143239710167,405.16440844030456,13.1673708,0.0632567629
78,0.0003692957011005713,0.0009682879823574601,0.0003692957011005713,2.9620152491038327,448.5355289672657,16.6198673,0.0638636425
86,0.00040660369607722603,0.0010878576125036895,0.00040660369607722603,3.481127826466987,510.33926300443187,17.2748089,0.0618891641
91,0.0006636228406127398,0.0017396414099549989,0.0006636228406127398,4.784818079798077,558.2741336760563,20.9790249,0.0589857288
59,2.2692234066220943e-05,5.9372941183379795e-05,2.2692234066220943e-05,0.8964205950486855,358.84124114501475,6.18788385,0.0626978502
60,1.4592511653099409e-05,3.7702480347072176e-05,1.4592511653099409e-05,0.786712242750644,355.6953630728411,5.28127289,0.0627032071
64,0.00011164989352357538,0.00029611567531890665,0.00011164989352357538,1.5805047009631936,381.69664033224956,11.2521935,0.0627579764
67,6.922589205957821e-05,0.0001839210264978947,6.922589205957821e-05,1.3173485958310274,374.11105427990134,9.24623108,0.0627566874
63,4.7454017390948866e-05,0.0001258661365985694,4.7454017390948866e-05,1.1407271674676687,364.7602475872287,7.89607859,0.0627903193
74,0.0001775339600423715,0.00047061128632740917,0.0001775339600423715,1.993743947427585,401.91293747376164,13.1213846,0.063287653
54,2.5108317696785895e-06,6.372057873403576e-06,2.5108317696785895e-06,0.4797752208460974,336.2774362621671,3.25973415,0.0627056062
57,4.133986551538279e-06,1.0400819650496952e-05,4.133986551538279e-06,0.5465645817402666,343.2804020478285,3.4169991,0.0627485365
54,1.9433815143157827e-06,5.028766472457001e-06,1.9433815143157827e-06,0.4427242851708898,332.0672215224638,3.1946907,0.0627189875
52,1.942029243153453e-06,4.921205147353051e-06,1.942029243153453e-06,0.4474825782145789,326.7679260081915,2.96923709,0.0627566949
44,1.4672261294125105e-06,3.2305558774068905e-06,1.4672261294125105e-06,0.39217156885014953,189.24500210049555,2.60119438,0.062682569
44,1.2829563148177694e-06,2.8400241935875612e-06,1.2829563148177694e-06,0.3780213644067653,186.06509042475003,2.6206007,0.0627798215
45,1.2055493495907169e-06,2.696204987989846e-06,1.2055493495907169e-06,0.3676657578256748,185.30874992957183,2.60126948,0.0627769604
45,1.2165774465789981e-06,2.7633820668643383e-06,1.2165774465789981e-06,0.36322735365471204,183.50533910688992,2.67591143,0.0627909824
45,1.3236064629181296e-06,3.006352858262919e-06,1.3236064629181296e-06,0.3731967097062292,183.40230458615233,2.74880505,0.0628450513
45,1.2870065006813999e-06,2.946235012322742e-06,1.2870065006813999e-06,0.3668153207761704,181.87465675025769,2.77970052,0.0627997667
53,6.521239923999449e-06,1.428073240640839e-05,6.521239923999449e-06,0.586707937838926,179.21645966281207,4.18430662,0.062736243
53,4.412026964521427e-06,9.744399109688586e-06,4.412026964521427e-06,0.5243679629456831,179.65094278899213,3.68396568,0.0626551509
52,2.933896080019823e-06,6.970688614847582e-06,2.933896080019823e-06,0.45239913758673345,182.25802198378108,3.83532071,0.0626685247
53,2.890547860700682e-06,6.75611147250063e-06,2.890547860700682e-06,0.45314763921940115,182.2737364214314,3.72911692,0.0626688227
56,3.3015191300451225e-06,7.925981093789715e-06,3.3015191300451225e-06,0.4616575388825156,182.62342293241417,3.93593168,0.0626801625
46,1.5573977533622232e-06,3.6324149354437917e-06,1.5573977533622232e-06,0.3812576430582797,179.80443927827673,2.83440304,0.0628895015
45,1.4344720316468512e-06,3.2688429168085613e-06,1.4344720316468512e-06,0.3726126342029318,178.1347847517651,2.71504974,0.0628099889
44,1.3808553197525161e-06,3.1641938262630156e-06,1.3808553197525161e-06,0.37663218906489193,178.69372596027733,2.83316565,0.0627036765
45,1.2726540575486019e-06,2.9207710635121943e-06,1.2726540575486019e-06,0.3646351194325063,179.85163017605743,2.77836847,0.062653318
49,1.4206973920218554e-06,3.260455832018853e-06,1.4206973920218554e-06,0.3731252698117356,179.01854026003002,2.83112836,0.0627471805
47,1.803549764067134e-06,4.1165192650882034e-06,1.803549764067134e-06,0.39291589204848937,177.2583724781065,2.90416956,0.0627364069
50,3.10042858202803e-06,6.903629105494086e-06,3.10042858202803e-06,0.4666306323258476,174.84356772958634,3.06869984,0.0626951456
52,3.924957740261542e-06,8.759572722439358e-06,3.924957740261542e-06,0.4982097349316361,174.9543141419346,3.6641407,0.0627119392
49,3.5767898113023016e-06,7.937137450824369e-06,3.5767898113023016e-06,0.4880356962080226,176.15031065467184,3.58394361,0.0627443641
53,6.126708070827487e-06,1.3391472465959325e-05,6.126708070827487e-06,0.5712610999825264,175.44039991154136,4.00828648,0.0626991987
52,5.371293866039845e-06,1.1687245018851344e-05,5.371293866039845e-06,0.552873877828019,176.99561749742205,3.49113536,0.0626761094
53,8.266830069682487e-06,1.812661379248789e-05,8.266830069682487e-06,0.6239060815720199,177.39407670467554,4.45429516,0.062797755
44,1.5252643657067281e-06,3.3434251667307384e-06,1.5252643657067281e-06,0.4006845641643717,197.5746958129722,2.45775557,0.0628016144
44,1.7194973604953577e-06,3.8141492320122234e-06,1.7194973604953577e-06,0.40988675325650376,195.83037795542333,2.55967236,0.0628065988
45,1.4583152379396547e-06,3.226849021623423e-06,1.4583152379396547e-06,0.3949834124245248,198.7140153793339,2.54459667,0.0627690852
44,1.7238247213175631e-06,3.7941225591728324e-06,1.7238247213175631e-06,0.4081782299512197,191.6761581577647,2.56467867,0.0627460927
45,1.5698014108282604e-06,3.4178133280990425e-06,1.5698014108282604e-06,0.4039042191650746,192.87690686229226,2.52035189,0.0627674386
43,1.624076039292037e-06,3.538983442487261e-06,1.624076039292037e-06,0.40624803829485734,190.64265245904542,2.57306027,0.0627989918
43,1.529425248922414e-06,3.33846765139459e-06,1.529425248922414e-06,0.39906475878475933,189.92376494674008,2.31538773,0.0627745464
44,1.4613958277098137e-06,3.207851698676438e-06,1.4613958277098137e-06,0.39148353032329725,189.02029910174966,2.54040051,0.062779516
44,1.419721703673296e-06,3.1187308117467446e-06,1.419721703673296e-06,0.38789447908108815,188.0249777222571,2.57842326,0.0627301708
54,1.7797295998977786e-05,4.499988916126708e-05,1.7797295998977786e-05,0.7500771670528121,218.41521388845212,6.60757875,0.0627980307
54,1.3009794292572103e-05,3.227364735549212e-05,1.3009794292572103e-05,0.6930862973727722,212.7359278170186,5.74982071,0.062739253
51,2.347934475157181e-06,5.158641108018529e-06,2.347934475157181e-06,0.4539216940347856,208.6019369919413,2.44175172,0.0628001466
49,1.1640672825204777e-06,2.707865734142402e-06,1.1640672825204777e-06,0.36077905643846436,204.40528769712134,2.5513351,0.0628349558
46,1.246764680659232e-06,2.8776598954060632e-06,1.246764680659232e-06,0.37107528812499396,200.34986814369145,2.5460577,0.0627953261
49,1.4453579434022142e-06,3.295001872948669e-06,1.4453579434022142e-06,0.39929262096378104,225.77249307340048,2.5518012,0.0627932847
49,4.224366272261646e-06,9.6584792894301e-06,4.224366272261646e-06,0.5396147985744567,222.24892872640405,3.30546689,0.0627774671
44,1.589134076378883e-06,3.6952795624437934e-06,1.589134076378883e-06,0.41305716078865823,244.41624763459538,2.56251788,0.0628097579
43,1.589231876029965e-06,3.6778961634603376e-06,1.589231876029965e-06,0.4139921484280034,240.69796309247667,2.53997231,0.0627892315
45,1.281736891505695e-06,2.9614304068191885e-06,1.281736891505695e-06,0.3925415498543589,236.21391110672099,2.52875304,0.0627879873
44,1.1340397479570248e-06,2.7282467914631818e-06,1.1340397479570248e-06,0.3812703047380148,262.7255622611525,2.56479263,0.0628079399
44,1.4292131538438017e-06,3.3152562126594256e-06,1.4292131538438017e-06,0.4034332529850686,249.02312231487295,2.52658725,0.0628369078
45,1.1805630152871556e-06,2.8011869953973647e-06,1.1805630152871556e-06,0.38355505707834053,255.09758984862296,2.56319857,0.0628597215
47,1.1180811818146112e-06,2.731124504329881e-06,1.1180811818146112e-06,0.37396795501298863,262.4654560032674,2.52144742,0.0627931654
47,9.70945482171625e-07,2.3429364090627214e-06,9.70945482171625e-07,0.36028789694247093,259.4021806274962,2.32772946,0.0627744123
47,1.1821406922857249e-06,2.835173255198053e-06,1.1821406922857249e-06,0.3709223340996139,232.23892466073085,2.49683356,0.0628236532
48,1.219299864108661e-06,2.8903219389410966e-06,1.219299864108661e-06,0.37355511120812684,227.35852571267557,2.5416038,0.0628054291
49,1.3162552024052175e-06,3.330194961349643e-06,1.3162552024052175e-06,0.3962943332836758,300.3590154249976,2.80515695,0.0627551153
50,1.2495942358921495e-06,3.1624890883835823e-06,1.2495942358921495e-06,0.3885142462327133,295.55745814040165,2.78463078,0.0627167523
46,1.1127550579276492e-06,2.8672915795267208e-06,1.1127550579276492e-06,0.3736574439601162,288.1443430514151,2.69893909,0.0627772659
47,1.1733739029994036e-06,2.9203114973190946e-06,1.1733739029994036e-06,0.38323326097237753,283.00219889640886,2.63166809,0.0627701059
50,1.6237505071349467e-06,4.123166183478483e-06,1.6237505071349467e-06,0.41831739819897557,305.694207154515,2.90987921,0.0628228486
50,3.5119994198648237e-06,8.61613818144684e-06,3.5119994198648237e-06,0.5278516623567685,318.80006761894055,3.0673542,0.0627424717
52,3.959464968439148e-06,9.713184776814275e-06,3.959464968439148e-06,0.5399720652717773,313.67986064260776,3.22513461,0.0627532154
51,2.7030257551776903e-06,6.53997487870911e-06,2.7030257551776903e-06,0.49234536706486,305.805806164089,2.90910196,0.0628063604
54,2.830691463116057e-06,7.056626680856922e-06,2.830691463116057e-06,0.4940532241182472,326.59784817558756,3.09616446,0.0626959056
48,9.865719057291508e-07,2.4446386741774976e-06,9.865719057291508e-07,0.3600825660885493,269.9558333065007,2.39863563,0.0628154576
48,9.796797997946745e-07,2.426140806410473e-06,9.796797997946745e-07,0.3595212390476695,265.47754607117827,2.60433674,0.0627864152
46,1.0342391146337935e-06,2.5914799936227363e-06,1.0342391146337935e-06,0.36622397836659887,275.18459054892827,2.55965185,0.0627915114
69,0.00011092571059200882,0.00025302978592430393,0.00011092571059200882,1.75208544218869,221.40930261431794,11.5220995,0.0642557144
92,0.0009110581638728509,0.0021442286949175265,0.0009110581638728509,4.944510782945058,306.925402966064,31.2357101,0.0566204041
88,0.0008986867835184629,0.0020740329275238945,0.0008986867835184629,4.688044843855419,275.2763891705007,35.706768,0.0587005503
67,0.00021062107906119347,0.000480524009025594,0.00021062107906119347,2.0751230168512556,207.2254699619993,16.1370335,0.0639284179
73,0.00045635418700567875,0.0010420712978455023,0.00045635418700567875,3.028129328624901,223.2222096773596,22.6746807,0.0644587204
64,2.6943244063019556e-05,6.0508974137825036e-05,2.6943244063019556e-05,0.951649371193232,195.21846993809248,6.81488323,0.063186571
67,0.00013983450975730291,0.0003174664013294939,0.00013983450975730291,1.7262285446048127,199.26896994507803,12.9885092,0.0637179464
58,6.370634408845462e-06,1.4567127075887175e-05,6.370634408845462e-06,0.5840544587559229,186.3058957872646,4.64737225,0.0627435595
57,4.7943752067589486e-06,1.1069713332693687e-05,4.7943752067589486e-06,0.5330421350975612,185.87824471474227,4.3384409,0.0625913888
57,2.741323320855396e-05,6.136006733358964e-05,2.741323320855396e-05,0.936436766769279,188.57951827735715,6.78698397,0.0629975945
63,5.2577659917071165e-05,0.00011830885733598655,5.2577659917071165e-05,1.176992340799455,191.3460875551075,8.74360085,0.0631211326
57,4.1873776420660516e-06,9.893547315498424e-06,4.1873776420660516e-06,0.5038424638089781,185.02178250588392,4.43134785,0.0627064854
80,0.00035919489183472387,0.0009408553493823169,0.00035919489183472387,2.948552225733497,444.9344994071519,16.489809,0.0640760362
79,0.0004045972692356768,0.001061816738214089,0.0004045972692356768,3.202935544258102,458.46485785064675,17.3778801,0.064455986
93,0.000974911228900004,0.0024907364200073613,0.000974911228900004,5.810655239242767,559.6818917144973,26.0633411,0.0587466434
61,3.136653285546531e-05,8.249841383830139e-05,3.136653285546531e-05,0.9993629679333741,357.9305198120632,6.80067301,0.0627244487
58,1.1169507517574811e-05,2.8487298317154067e-05,1.1169507517574811e-05,0.7312950274217215,349.0761107765278,4.6199441,0.0628343076
67,0.0001039026750965276,0.0002764375470477561,0.0001039026750965276,1.5525992186359545,381.82251467656226,10.7753372,0.0628909767
67,7.272901925422868e-05,0.00019325283653272502,7.272901925422868e-05,1.3535528917397777,373.64293145599555,9.3794775,0.0629226044
69,8.727210918720324e-05,0.00023173383722215117,8.727210918720324e-05,1.4379992386600358,367.9095723639211,10.0753117,0.062906161
72,0.00020023950512209062,0.0005279675447273094,0.00020023950512209062,2.1138824353939425,399.34537125161205,13.5643482,0.0633774325
54,7.631592550838373e-06,1.9096138264679286e-05,7.631592550838373e-06,0.6568487389034878,336.72125413973833,4.0065732,0.0627155304
53,4.415133674174887e-06,1.1002361434301205e-05,4.415133674174887e-06,0.559617051645549,332.32291361561727,3.33607841,0.0626629815
45,1.3092664667579602e-06,2.9023843297895962e-06,1.3092664667579602e-06,0.3798248445359528,186.3714680771104,2.60603523,0.0627513155
46,1.155968266960117e-06,2.6483341147116318e-06,1.155968266960117e-06,0.3562316983458295,184.12572216501678,2.62828231,0.0627241507
45,1.1263050757391519e-06,2.5867017151658517e-06,1.1263050757391519e-06,0.3510175976084642,182.4483093017565,2.63500428,0.0627495497
43,1.2419592978675123e-06,2.877253157438605e-06,1.2419592978675123e-06,0.36335822487861547,182.10011720191952,2.69386435,0.0627717003
46,1.1763211548828954e-06,2.6984439779228717e-06,1.1763211548828954e-06,0.3562841610908965,180.21624486629355,2.6742239,0.0627537891
46,1.2412131967263776e-06,2.8604675283851848e-06,1.2412131967263776e-06,0.36054181386864403,180.6760878713007,2.7278409,0.0626959056
54,9.781536624281774e-06,2.151915757944177e-05,9.781536624281774e-06,0.6574989544079737,177.37546519785155,4.83986235,0.0627752766
54,5.293225030979791e-06,1.1789099576273842e-05,5.293225030979791e-06,0.5481905140854647,178.9182904459233,3.93609881,0.0626617596
57,4.22012950999811e-06,9.54896779714283e-06,4.22012950999811e-06,0.5091386962017225,179.98505265135904,3.85702538,0.0626302138
58,4.142266414278957e-06,9.627713089020039e-06,4.142266414278957e-06,0.503985772585969,182.3514346887241,4.14904356,0.0627157837
60,1.0187748182694499e-05,2.257850982640667e-05,1.0187748182694499e-05,0.6689462081713703,179.21650426402582,4.83295393,0.0626849383
50,1.6078204998820093e-06,3.694326282478406e-06,1.6078204998820093e-06,0.37749651938419587,176.5543894838766,2.84004855,0.062658526
48,1.7692223973554743e-06,4.092703966900222e-06,1.7692223973554743e-06,0.3814965317012978,175.66631050032888,2.73389435,0.0626429617
49,1.42542958027261e-06,3.231137790057286e-06,1.42542958027261e-06,0.371639975069907,177.52199423778222,2.81785083,0.0626605228
50,1.6029525939796307e-06,3.6343188344983315e-06,1.6029525939796307e-06,0.37988446173853724,176.28627440312525,2.79036713,0.0626695678
49,1.3577071461554788e-06,3.068155746965269e-06,1.3577071461554788e-06,0.3684346194682407,178.20788851737197,2.76483941,0.062628381
49,2.3788816182987936e-06,5.343658585364128e-06,2.3788816182987936e-06,0.42895677570477636,174.98639722151032,2.87234402,0.0627075732
51,4.687094294170543e-06,1.025679943429204e-05,4.687094294170543e-06,0.5276568735766928,173.1859937765592,3.77452469,0.0626899526
52,6.636823927362275e-06,1.4602487887724272e-05,6.636823927362275e-06,0.5789318396430664,172.14644528830442,4.20638561,0.0626894087
52,7.655490108713774e-06,1.6907371259397132e-05,7.655490108713774e-06,0.6021425179784108,172.95853793574636,4.60464859,0.0627277642
51,7.789061186193357e-06,1.7155669547098412e-05,7.789061186193357e-06,0.6063421080041295,173.58835857785854,4.53807545,0.0627376363
52,1.1631757881441193e-05,2.584338346029825e-05,1.1631757881441193e-05,0.681151119248775,173.55092865788626,5.13725042,0.0626913309
53,1.2621840161878523e-05,2.794243207974905e-05,1.2621840161878523e-05,0.7003113353355873,174.06601491884732,5.20079041,0.0625881925
53,2.0813515089277805e-05,4.664937983762039e-05,2.0813515089277805e-05,0.8052291383798772,174.4946267389295,5.91413975,0.0626514778
55,1.94853046421244e-05,4.3412882236955864e-05,1.94853046421244e-05,0.7976705788938077,174.66622525360583,6.02201796,0.0627941638
54,1.8704712593992385e-05,4.186552392507814e-05,1.8704712593992385e-05,0.7868063661791102,176.2816974616778,5.8579607,0.0628143251
44,1.5560885552633854e-06,3.442077057385243e-06,1.5560885552633854e-06,0.40035105358228107,196.50984221275394,2.5631218,0.0627944618
46,1.4747639172517159e-06,3.238111898974401e-06,1.4747639172517159e-06,0.3938816602222575,193.94264718062283,2.56413078,0.0627666637
46,1.3670007766123295e-06,3.063702419679132e-06,1.3670007766123295e-06,0.3838680707192415,196.20677647183496,2.5571804,0.0627916902
45,1.4420862705392062e-06,3.1456289125638837e-06,1.4420862705392062e-06,0.39110672707698513,189.62801122062822,2.57046413,0.0628135428
46,1.469358536582793e-06,3.2311716429363046e-06,1.469358536582793e-06,0.39131276357004935,191.47842421038322,2.57059431,0.0627626851
45,1.3662061814737674e-06,2.9959397192105188e-06,1.3662061814737674e-06,0.3852082471860518,188.30117290051484,2.56251907,0.0627901405
45,1.4259069515790915e-06,3.149010310612568e-06,1.4259069515790915e-06,0.38578309492731927,188.41867528774813,2.56803274,0.0627666116
45,1.3059023059233553e-06,2.8768612299538533e-06,1.3059023059233553e-06,0.3787025096503792,187.02471574791434,2.57733607,0.0627732724
45,1.2276574734329256e-06,2.7005905265788354e-06,1.2276574734329256e-06,0.3705433131760606,185.96871854383346,2.37815404,0.0627451763
56,3.942225019661098e-05,0.00010115729400445774,3.942225019661098e-05,0.9349642817114773,215.40036179359038,8.84307003,0.0627620071
55,2.4489235901049778e-05,6.211012748388434e-05,2.4489235901049778e-05,0.8290916652896847,219.04677599438298,7.46877003,0.0627927631
55,3.105850818509962e-05,7.897878765731471e-05,3.105850818509962e-05,0.8786021315186533,212.3755700512126,8.12156296,0.0627245903
53,1.6823663410391824e-06,3.6546124305560434e-06,1.6823663410391824e-06,0.4169116264939234,205.66111820716722,2.56934881,0.0628217235
55,1.098869874888258e-05,2.652805240977825e-05,1.098869874888258e-05,0.6698939311918263,208.70385928491646,5.15960503,0.0628026724
51,1.162143273438464e-06,2.7120563263580514e-06,1.162143273438464e-06,0.35980991431141784,202.7163145060654,2.55725694,0.0628006831
50,1.2396680484982298e-06,2.9289982788154324e-06,1.2396680484982298e-06,0.3628110727336763,200.62800807446507,2.54822397,0.0627871379
51,1.7901351017220602e-06,4.011710418300531e-06,1.7901351017220602e-06,0.42564938965884874,224.7450018575163,2.56952357,0.0627853721
53,7.721890466731392e-06,1.851168488589342e-05,7.721890466731392e-06,0.6191728642620312,221.46527588750624,4.61289406,0.0628113598
44,1.3836153759221715e-06,3.2151975024001225e-06,1.3836153759221715e-06,0.39827034108781983,243.00043458211505,2.54994011,0.0627450943
44,1.3300046219367658e-06,3.0718916748427193e-06,1.3300046219367658e-06,0.3954629301200896,238.9742580378881,2.55691195,0.0627239719
47,1.1580428435844142e-06,2.7183989179744723e-06,1.1580428435844142e-06,0.37609573484359127,233.8804709212951,2.49152279,0.0627638251
45,1.2416671680109763e-06,2.909778744259737e-06,1.2416671680109763e-06,0.39125185081454206,251.49770603012155,2.52208972,0.0628422052
44,1.3651520387754506e-06,3.1555184585326147e-06,1.3651520387754506e-06,0.3999105366646995,246.73504283119547,2.54515457,0.0628240481
47,1.1147216089779134e-06,2.7021450552686907e-06,1.1147216089779134e-06,0.3720549945673194,255.5082732697545,2.58403635,0.0628212616
48,1.081590745875718e-06,2.617525122114758e-06,1.081590745875718e-06,0.37157626423262374,264.52189419613705,2.52637219,0.0627657324
50,1.1930671550484916e-06,2.8432419498149975e-06,1.1930671550484916e-06,0.383114419068825,260.92543561988657,2.58957744,0.0627405569
52,1.110666261377078e-06,2.707379061366889e-06,1.110666261377078e-06,0.3654663167091488,256.3741190928233,2.50911069,0.0627428293
48,1.1790901242505562e-06,2.8205720394990545e-06,1.1790901242505562e-06,0.36919560032747867,230.8399873494975,2.4454577,0.0628322214
49,1.3676840121144111e-06,3.1573868141071084e-06,1.3676840121144111e-06,0.3915103808628561,225.91603822429994,2.55013609,0.0628405958
51,1.6197497594733348e-06,4.015668986316482e-06,1.6197497594733348e-06,0.4193325933700633,299.75806452358995,2.7199471,0.0628184304
50,1.2908056306203691e-06,3.222796410815221e-06,1.2908056306203691e-06,0.39231191570281326,290.69817431999314,2.64928961,0.0627674311
51,2.1387986360299226e-06,5.159651499261206e-06,2.1387986360299226e-06,0.4569561157205061,297.63474640622076,2.7125504,0.0627700463
47,1.309521793587343e-06,3.1493305965285656e-06,1.309521793587343e-06,0.400970131458667,281.92653440007973,2.57487702,0.0627408773
49,1.4775118092586424e-06,3.6449597813212457e-06,1.4775118092586424e-06,0.4109736495017364,290.003547497333,2.73289704,0.0627836511
49,2.0393525793692885e-06,4.842322599221402e-06,2.0393525793692885e-06,0.4525335603907679,287.41565824985446,2.71112752,0.0627955943
52,6.088876568860673e-06,1.5046083404935036e-05,6.088876568860673e-06,0.6124055190462339,321.245008090907,3.74160004,0.0626547262
54,6.171658939086858e-06,1.527301504446968e-05,6.171658939086858e-06,0.6097400698045383,313.0265113809718,3.82180381,0.0627535284
52,4.110643176754746e-06,1.0000157489921458e-05,4.110643176754746e-06,0.546371968452435,304.55886112586626,3.16012979,0.0627424046
56,6.3873604190965615e-06,1.5913378637865854e-05,6.3873604190965615e-06,0.6231203338562501,329.3478088684345,3.79878068,0.0626017153
47,1.112339247583089e-06,2.7033327046616095e-06,1.112339247583089e-06,0.37928438154989513,273.32063571053186,2.5371635,0.0627976209
48,1.2470123403116418e-06,2.9292309870264966e-06,1.2470123403116418e-06,0.3972203334090156,270.3061968891234,2.48363376,0.0627572834
47,1.3202973023567436e-06,3.1813285763320202e-06,1.3202973023567436e-06,0.399433120193669,278.37790176471384,2.6428616,0.0627531111
87,0.0009514388420968036,0.0021850775963759136,0.0009514388420968036,4.771778547651397,270.3609730519255,31.5673866,0.0593757965
69,0.00031781311344268587,0.0007221007998119565,0.00031781311344268587,2.5342622831216732,213.12430367395197,19.1360073,0.0643596277
63,0.00015993635435843835,0.00036081736552270383,0.00015993635435843835,1.8188361642491273,196.62438398805443,13.5989933,0.0636580214
74,0.00041386596171349825,0.0009301192160366909,0.00041386596171349825,2.8509203867379593,212.2356325349972,20.9764042,0.0643835664
59,1.0751499663314267e-05,2.3781479935344184e-05,1.0751499663314267e-05,0.6896388319909333,183.6368369561825,4.58221817,0.062641412
60,1.1552840857179053e-05,2.5637449659999972e-05,1.1552840857179053e-05,0.6994736028602154,182.42752065720202,4.81477833,0.0626981035
61,2.357776667319391e-05,5.282097615820974e-05,2.357776667319391e-05,0.8881958216255456,187.13876414975687,6.46597481,0.0629908741
61,0.0001498273812522654,0.0003357151050351964,0.0001498273812522654,1.7277127723302348,189.3023674388672,12.9061708,0.0633455589
77,0.00031383031983359296,0.0008242541562308817,0.00031383031983359296,2.719703293255033,429.1991702682235,15.9144411,0.0642744303
101,0.001236352761242478,0.0031189320305713766,0.001236352761242478,6.8526122338839235,581.1190380372877,30.0129662,0.058280088
86,0.0004544223864272236,0.0011871894706436377,0.0004544223864272236,3.4847655375575814,469.7340923982804,17.7272453,0.0643103197
63,3.94391930044398e-05,0.00010422483875891316,3.94391930044398e-05,1.0711760808266404,355.8879645102348,7.28039169,0.0627962425
58,1.7633331115351682e-05,4.567299048212282e-05,1.7633331115351682e-05,0.8267930912037893,344.6721111201212,5.40137815,0.0628102571
72,0.00017460183671918572,0.0004611307203941688,0.00017460183671918572,1.9787530042832193,391.5651931111311,12.9937735,0.0634010434
71,0.0001803619652046692,0.0004762065570804307,0.0001803619652046692,1.9864369467339948,387.60354859887207,13.1480179,0.0633994192
68,9.088388142577989e-05,0.00024160429188364296,9.088388142577989e-05,1.4587821844068793,366.0501161668688,10.2638407,0.0628647059
72,0.00019549423522859953,0.0005158290751471453,0.00019549423522859953,2.1005107922879223,391.4793701229228,13.6037731,0.0632395893
59,1.2738261052990986e-05,3.261402660505284e-05,1.2738261052990986e-05,0.7462971627591123,335.1528258792157,4.75029898,0.0627563298
46,1.1064897424202225e-06,2.551659228866759e-06,1.1064897424202225e-06,0.3483749511976,182.29698574557716,2.6086657,0.0627266839
47,1.0949022976094267e-06,2.4536018917483984e-06,1.0949022976094267e-06,0.35344894205826966,184.22208138528455,2.60396338,0.0627658218
45,1.2467298070146726e-06,2.7587094451961807e-06,1.2467298070146726e-06,0.3684812990910756,179.46928810362846,2.53496242,0.0627049133
47,1.196644187704027e-06,2.7405178148545286e-06,1.196644187704027e-06,0.35672893244713866,179.95079190579037,2.69566178,0.0627315193
46,1.3626584427961169e-06,3.035980213420144e-06,1.3626584427961169e-06,0.375044189215026,177.62500702681655,2.67488074,0.062695764
57,1.947743495496195e-05,4.3524915565968254e-05,1.947743495496195e-05,0.8013211021204337,176.18931316874037,6.20996857,0.062778987
58,1.9686585654909247e-05,4.407880100129212e-05,1.9686585654909247e-05,0.8084811474762281,176.37319471955263,6.42771244,0.0627465621
60,1.1221283575053833e-05,2.490528922106439e-05,1.1221283575053833e-05,0.6901791351026538,180.7356205715451,4.91800594,0.0627469495
58,1.5839147422194432e-05,3.516490751374747e-05,1.5839147422194432e-05,0.7654517414928927,177.33694999014253,5.85988045,0.0627856553
50,2.101070834360512e-06,4.610541527134192e-06,2.101070834360512e-06,0.4165864839736061,174.11605661776088,2.70530748,0.0626214221
49,2.759634386628647e-06,6.046151562500321e-06,2.759634386628647e-06,0.4538086622754155,173.92666826148906,2.81346679,0.0625870675
48,1.5524801223277097e-06,3.496129966781679e-06,1.5524801223277097e-06,0.3799789881367037,176.31148637340144,2.75655937,0.0626593903
51,2.42533172793036e-06,5.276302275091605e-06,2.42533172793036e-06,0.4408733565932811,173.88786168491507,2.8129127,0.062727727
48,1.4590072767586557e-06,3.244053300327546e-06,1.4590072767586557e-06,0.37929461078102705,177.54965194739486,2.73190904,0.06267564
53,6.017161277054835e-06,1.3297631715028425e-05,6.017161277054835e-06,0.5591176765897886,170.99563473430607,4.11148548,0.0626621842
54,1.3506281877544064e-05,3.0216817702600858e-05,1.3506281877544064e-05,0.7001863771933928,170.2336406052467,5.43456745,0.0626927912
56,1.337077930715939e-05,2.9803522305211667e-05,1.337077930715939e-05,0.7002254479789826,168.9984849802074,5.36771345,0.0626517907
55,1.96320654210211e-05,4.410342796911114e-05,1.96320654210211e-05,0.7866455053454916,169.98019948465466,5.82245111,0.0627198219
55,1.7492487775055313e-05,3.912710914260009e-05,1.7492487775055313e-05,0.7645337344894046,171.77915031411806,5.69498825,0.062678121
57,3.2817841562317033e-05,7.394012688013013e-05,3.2817841562317033e-05,0.9259621709219507,171.38302250382955,6.79641962,0.0626887605
57,4.965925169011218e-05,0.00011238153990795728,4.965925169011218e-05,1.0584314441087885,171.6928932990284,8.09068012,0.0627308041
56,3.1902671732378956e-05,7.17430345428993e-05,3.1902671732378956e-05,0.9256088069883495,173.61499057178375,7.09934902,0.0627713501
56,3.10100318994862e-05,6.957650549717682e-05,3.10100318994862e-05,0.9249543569898913,173.56017948512974,7.13363791,0.0627853349
47,1.348912773852351e-06,2.984527123875827e-06,1.348912773852351e-06,0.38331946007972717,192.93083560288792,2.56055188,0.0627754852
45,1.3045173803927913e-06,2.8912445463992684e-06,1.3045173803927913e-06,0.38115867973061496,195.40166520434235,2.56639695,0.0627677664
50,1.1713997338573169e-06,2.743488001068515e-06,1.1713997338573169e-06,0.3550947214675735,197.43435223325793,2.5675087,0.0627586395
48,1.2638716728891517e-06,2.8076046171868205e-06,1.2638716728891517e-06,0.3740458665657359,191.2078180237491,2.56938219,0.0627607778
46,1.3205932610073263e-06,2.9090383497725513e-06,1.3205932610073263e-06,0.37833051756304853,188.5524782515485,2.57456446,0.062749207
47,1.182121692037263e-06,2.6362921197165725e-06,1.182121692037263e-06,0.36580677360199776,186.46844300467689,2.58479548,0.0627646968
47,1.1492490510533172e-06,2.5773851061944013e-06,1.1492490510533172e-06,0.36153497717860245,185.56201410890043,2.54302478,0.062733382
46,1.0885673913620463e-06,2.458710200829148e-06,1.0885673913620463e-06,0.35462583951443555,184.73250989456278,2.5868597,0.0627719313
59,9.377633593688617e-05,0.00023799959104553662,9.377633593688617e-05,1.2597726149532107,215.80904778922817,11.6545029,0.0627817959
59,3.763066069625328e-05,9.55107811336564e-05,3.763066069625328e-05,0.9458385122527379,218.78100984865873,8.5167017,0.0628193766
59,0.00010424520270194606,0.00026136310485902085,0.00010424520270194606,1.3254844106892674,211.92770913217464,11.8803177,0.0627715811
53,2.4668852137091212e-06,5.358001385378661e-06,2.4668852137091212e-06,0.46162421261089137,204.90678434373754,2.57783175,0.0627736226
58,1.7988608051839146e-05,4.447288431435429e-05,1.7988608051839146e-05,0.7599023974654844,207.18261685261527,6.40804195,0.0627136007
51,1.3307104984858867e-06,3.0189138573735837e-06,1.3307104984858867e-06,0.3773637293770704,201.59327687840172,2.4805572,0.0627343059
50,3.0664241699029815e-06,6.871378608985164e-06,3.0664241699029815e-06,0.4943196803783247,222.9958425319999,2.6500082,0.0628328323
56,1.0821684461650798e-05,2.671112133873802e-05,1.0821684461650798e-05,0.6634855379650011,221.00285047177127,5.41067028,0.0628339946
45,1.2734444866872078e-06,2.9614431863386335e-06,1.2734444866872078e-06,0.390798616291482,242.3390148435985,2.54360795,0.0626584813
46,1.1769385453105082e-06,2.739456436450542e-06,1.1769385453105082e-06,0.38050149256291593,237.9803575978759,2.55315328,0.0627163425
48,1.0754230834415666e-06,2.5419574380799188e-06,1.0754230834415666e-06,0.36446171492368706,232.30683176066765,2.49590564,0.0627181083
48,1.226079569502602e-06,2.942696522331525e-06,1.226079569502602e-06,0.37048639861874844,228.19032602780703,2.51284719,0.0627652183
46,1.1071242909822901e-06,2.620299833511263e-06,1.1071242909822901e-06,0.3730618652647039,248.15093425222022,2.51269436,0.0627596676
46,1.2374169463259068e-06,2.9173795854121973e-06,1.2374169463259068e-06,0.3846986251807941,243.87395254219766,2.54309034,0.0626996607
50,1.6862684628887114e-06,3.903971665011027e-06,1.6862684628887114e-06,0.42838977189255717,267.2168989361695,2.53229833,0.0627561584
51,2.0447398024254992e-06,4.70643112271355e-06,2.0447398024254992e-06,0.4518898900827339,262.0488143213091,2.62263298,0.0627358034
53,1.9252451362140584e-06,4.42093110834274e-06,1.9252451362140584e-06,0.4436052754835066,257.62841268248275,2.58629751,0.0627586246
49,1.1078540320025385e-06,2.682762617843345e-06,1.1078540320025385e-06,0.3659647041904204,252.7701228528214,2.56362581,0.0627414808
50,3.1479580306471838e-06,6.978822996053022e-06,3.1479580306471838e-06,0.5022490812121789,223.76548603077174,2.5816195,0.0628053546
53,3.0247104247197994e-06,7.19153916605228e-06,3.0247104247197994e-06,0.5021001348694593,293.87057873973026,2.78781462,0.0627330095
52,4.547486436124807e-06,1.1115132996476214e-05,4.547486436124807e-06,0.5569401725702343,300.96400369994035,3.41476631,0.0627015978
50,2.424324487620337e-06,5.711846603533588e-06,2.424324487620337e-06,0.47254472911159545,284.2447639986047,2.611485,0.0627699941
52,1.9258649279044774e-06,4.5134989630773475e-06,1.9258649279044774e-06,0.4445436426047428,279.11723471666767,2.64782524,0.0627479553
54,4.243132102567635e-06,1.023893382059935e-05,4.243132102567635e-06,0.5432130779639108,289.32531821301416,3.12789154,0.0627693906
57,9.94537468419134e-06,2.5196985439167198e-05,9.94537468419134e-06,0.6950562300780802,324.1648167254258,4.66840935,0.0625754669
58,1.2976423485623085e-05,3.320168383378049e-05,1.2976423485623085e-05,0.7426546651382218,318.51279583890454,5.03971148,0.0626943782
55,1.0829570686670329e-05,2.7423659143806544e-05,1.0829570686670329e-05,0.7077460004965763,312.55893691861525,4.64877892,0.0627405643
57,9.558423409516208e-06,2.4136070498167766e-05,9.558423409516208e-06,0.6779140180651602,308.45263955710243,4.44956493,0.062663123
50,1.6510669175959757e-06,3.841172614665354e-06,1.6510669175959757e-06,0.42724120454312675,274.7102557078361,2.48540759,0.0627296492
94,0.0008422046370319099,0.001982504761535585,0.0008422046370319099,4.612313589541296,287.0120900523958,38.2818108,0.057244841
84,0.0007136056379355779,0.0016383954064429335,0.0007136056379355779,4.105966613346394,260.7024796555997,26.3530903,0.0591336228
71,0.00029093001073331724,0.0006549332837085008,0.00029093001073331724,2.369166718709055,201.89922624838943,17.5656872,0.0640389919
76,0.0006085490992353726,0.0013617136519260356,0.0006085490992353726,3.5688370424730818,225.9490574177519,24.3722,0.0630512461
65,3.711412446545822e-05,8.301128982915401e-05,3.711412446545822e-05,1.023248979509549,182.03860445028405,7.69560385,0.0628509596
61,8.705472281206408e-05,0.00019613012479618303,8.705472281206408e-05,1.375558213034127,184.95679834885,10.5666494,0.06294889
61,1.683710778861094e-05,3.749108415067722e-05,1.683710778861094e-05,0.7807287414330514,179.68291066093084,5.75667191,0.0628394559
60,3.0759460322409254e-05,6.861138172833476e-05,3.0759460322409254e-05,0.9569452294225537,179.8515640546004,7.14331102,0.0628429875
66,0.00020439598477398866,0.0004559823549938432,0.00020439598477398866,1.9664995428927456,189.73969661471864,14.682085,0.063472338
74,0.0003004516487959421,0.0007854650154713299,0.0003004516487959421,2.611676406869874,413.90467050319285,15.6623983,0.0639685318
82,0.0004445465040664872,0.0011533945997890124,0.0004445465040664872,3.433342429110061,454.6332855255402,17.5419788,0.0642637759
101,0.0009134056975906313,0.0023400589170386185,0.0009134056975906313,5.716179043846873,556.0218797006881,25.6576424,0.058492966
60,4.465828193074932e-05,0.0001180847169297969,4.465828193074932e-05,1.1199152028312427,353.6006387882992,7.54511309,0.0628213435
61,3.7742459188539086e-05,9.967875226006739e-05,3.7742459188539086e-05,1.0441231669039464,347.20628807230753,7.14089012,0.0627684146
60,1.9668406277340823e-05,5.096416264752808e-05,1.9668406277340823e-05,0.856381888341491,342.3447501054791,5.55015326,0.0627271608
70,0.0001400801170909461,0.0003703075289681496,0.0001400801170909461,1.761187287083669,370.78212459780735,12.0132723,0.0630271211
75,0.00027566769779694317,0.000720832327987247,0.00027566769779694317,2.50951538030527,404.2824476737193,15.314436,0.0637976229
57,1.949976895044791e-05,5.04987800752933e-05,1.949976895044791e-05,0.8489585104309113,336.14228410077345,5.61756325,0.0627488941
59,1.3291907042692188e-05,3.415163172535547e-05,1.3291907042692188e-05,0.7503950916666388,327.7299489184219,5.12375069,0.0626764446
44,1.1425849368330826e-06,2.6120465902632015e-06,1.1425849368330826e-06,0.3522389375029442,180.96824561708428,2.58353972,0.0627397224
45,1.059225552543444e-06,2.3995859779150007e-06,1.059225552543444e-06,0.3467886075134558,182.5066785796449,2.46376467,0.0627629757
49,1.6646783574674123e-06,3.580675782066892e-06,1.6646783574674123e-06,0.4023023610117193,177.40369520660727,2.61698961,0.0626862496
47,2.001659445646083e-06,4.28502598033915e-06,2.001659445646083e-06,0.4215784472554161,175.86964468052085,2.67725658,0.062639907
49,1.9033258128141254e-06,4.113467527212506e-06,1.9033258128141254e-06,0.41338001365204075,176.0501999919909,2.70391297,0.0626981184
59,3.6142904932948055e-05,8.118850771689989e-05,3.6142904932948055e-05,0.9744700860702212,174.42599067373473,7.77091885,0.062793389
59,4.2471872191457716e-05,9.537205602095012e-05,4.2471872191457716e-05,1.0398547774284237,175.01791637205363,8.46666813,0.0628274381
60,2.9680334330015133e-05,6.64981328159217e-05,2.9680334330015133e-05,0.9288562839095093,176.13326170045042,7.29856205,0.0629638955
51,2.9097998593568076e-06,6.3223293667262685e-06,2.9097998593568076e-06,0.46088897786263233,171.70610102043975,2.94233418,0.0626709238
51,3.665443318327139e-06,7.912749245051677e-06,3.665443318327139e-06,0.49418701182547126,171.60280037863336,3.35322499,0.0627052188
47,2.0644874899661945e-06,4.474658250522069e-06,2.0644874899661945e-06,0.41991062982249155,174.77218090984707,2.72999239,0.0627227277
51,3.79108162383221e-06,8.20844193655667e-06,3.79108162383221e-06,0.49691425125582905,172.75553987161442,3.37665462,0.0626978055
53,5.256675037218441e-06,1.1459564763617726e-05,5.256675037218441e-06,0.5397839445387341,170.11657310768578,3.83104658,0.0626597703
54,1.626302490590151e-05,3.6496400143281164e-05,1.626302490590151e-05,0.7369100361726147,168.03332989022527,5.67260647,0.0626622513
56,2.780069778765245e-05,6.278988730217375e-05,2.780069778765245e-05,0.8652032748144878,168.297196034019,6.63945055,0.0626808181
56,2.052163355667701e-05,4.615357456569485e-05,2.052163355667701e-05,0.7914105624076264,167.39425112032686,6.15084648,0.0626641437
56,2.9582435061819272e-05,6.672924608457527e-05,2.9582435061819272e-05,0.8915046509549429,169.4099806146426,6.65158272,0.0627348945
58,4.6646440737702106e-05,0.00010570661845399412,4.6646440737702106e-05,1.0241865796091538,167.6604243615404,7.74183941,0.0627130568
58,3.066641746309018e-05,6.904272382841734e-05,3.066641746309018e-05,0.9036157215754642,169.8572897912891,6.64556694,0.062703751
56,7.0668808895555e-05,0.0001599394535813027,7.0668808895555e-05,1.1860424637521645,169.53781475704076,9.02893734,0.0627344549
57,7.297281017246527e-05,0.0001646702439372338,7.297281017246527e-05,1.2104705290673743,170.73141189791392,9.19128418,0.0627067164
59,6.791350123311968e-05,0.00015268013331246378,6.791350123311968e-05,1.1932201026054583,170.37182602793857,9.41479492,0.0627628565
59,5.765439988544313e-05,0.0001294578658015359,5.765439988544313e-05,1.13761376105361,172.14338967703844,9.14112759,0.0628215373
49,1.263468087187912e-06,2.8569126757835635e-06,1.263468087187912e-06,0.3715139931048218,192.54257315574895,2.56253839,0.0627403781
48,1.208900976239299e-06,2.7858638860928877e-06,1.208900976239299e-06,0.3598104882772188,194.97142333890713,2.57103539,0.0627393872
52,1.2545847155650715e-06,2.912729728231253e-06,1.2545847155650715e-06,0.3658441210803274,198.00860335093063,2.56723928,0.0627164468
46,1.2619448516796562e-06,2.8169292876164677e-06,1.2619448516796562e-06,0.3730104572326315,189.3869758778781,2.58781981,0.0627306998
48,1.1562854007613912e-06,2.6376057806331005e-06,1.1562854007613912e-06,0.35738258608301077,186.1188384367344,2.57839775,0.0626895651
44,1.0956653310388518e-06,2.4852425935757535e-06,1.0956653310388518e-06,0.35546510443205087,183.8182104652901,2.58898139,0.062737599
48,1.1302628917948919e-06,2.582651987442096e-06,1.1302628917948919e-06,0.3511955961026006,184.50525309297834,2.58650804,0.062680617
61,0.0001564879765646651,0.0003910948647472521,0.0001564879765646651,1.5495112043202783,216.87886551040174,13.6237726,0.0627927557
58,6.62520176186259e-05,0.0001677689426649655,6.62520176186259e-05,1.1426673904858033,217.88365567563113,10.4318342,0.0627840161
61,0.0001581274780805482,0.00039235828581786193,0.0001581274780805482,1.5685706348753765,213.41290987441195,13.611702,0.0627922192
65,0.00011265237442206722,0.0002813390215551366,0.00011265237442206722,1.365866236259976,210.0886570116821,12.1920042,0.0627387688
54,3.803839181938615e-06,8.386431252052581e-06,3.803839181938615e-06,0.514502791701191,203.26524258027354,2.87248755,0.0627430156
56,1.4804352828328607e-05,3.61050102859979e-05,1.4804352828328607e-05,0.715195693139644,204.36714310802213,5.80345726,0.0627020746
55,2.2542076998114627e-06,4.868902538944588e-06,2.2542076998114627e-06,0.44734424973348486,200.36180271764485,2.5778203,0.0627297387
54,9.339983750606487e-06,2.2426847907057756e-05,9.339983750606487e-06,0.6521856478227073,220.9980875581387,4.91317081,0.0627996996
44,1.2242174113178002e-06,2.9086217150787636e-06,1.2242174113178002e-06,0.38087486251965674,237.74675236930292,2.56624937,0.0628316328
48,1.0935934730419363e-06,2.573034512493444e-06,1.0935934730419363e-06,0.3678770794158352,234.969231842467,2.49999976,0.062804319
48,1.125935240062152e-06,2.6435267260485167e-06,1.125935240062152e-06,0.36950271908913046,230.31910591074075,2.54691434,0.0627448484
48,1.2330031367121254e-06,2.8835264032704955e-06,1.2330031367121254e-06,0.37711087380082436,228.95667227628556,2.49001908,0.0627658367
49,1.7202099761186507e-06,3.8002336324210775e-06,1.7202099761186507e-06,0.427018926985208,225.26618124347056,2.52837586,0.0627993867
48,1.1041326388088105e-06,2.6238094093933264e-06,1.1041326388088105e-06,0.37093525493227575,245.32936539194145,2.52602696,0.0627332851
52,1.0562228524369697e-06,2.560185743624375e-06,1.0562228524369697e-06,0.3595329390871072,249.35697208599294,2.53638911,0.0627213195
47,1.1182626862898817e-06,2.6616478110734343e-06,1.1182626862898817e-06,0.3699458030727755,242.03968939356176,2.55303764,0.0627376884
50,2.637143936869556e-06,6.082161874480854e-06,2.637143936869556e-06,0.4863900774513568,267.63896476718725,2.58844233,0.0627875254
52,3.170875938914799e-06,7.45208197878609e-06,3.170875938914799e-06,0.5054086219259104,271.9073911177256,2.63306618,0.0626754239
52,4.025193429194359e-06,9.520276933117514e-06,4.025193429194359e-06,0.5327232617411031,261.94215175822137,3.09046364,0.0627688766
54,5.274610121334783e-06,1.2757409352024544e-05,5.274610121334783e-06,0.5629391105876184,267.3247528835172,3.27187324,0.0627781674
55,3.0252839101417844e-06,7.029102794452649e-06,3.0252839101417844e-06,0.4932195059843346,255.73319952992952,2.92233896,0.0627819002
51,1.5998060397592214e-06,3.718307206124917e-06,1.5998060397592214e-06,0.4138394750895282,251.82129785119227,2.58043575,0.0627576411
52,3.0803521574149824e-06,6.852131325806842e-06,3.0803521574149824e-06,0.49654447306548544,223.50389594343943,2.57913184,0.0627829954
56,7.121768310638441e-06,1.7721874510890042e-05,7.121768310638441e-06,0.6196994894585308,296.7879161289618,3.76538157,0.0627281517
56,7.989093963010023e-06,1.9941865461713994e-05,7.989093963010023e-06,0.644201304958693,303.3310904563862,4.10849714,0.0626565591
51,4.624366287565535e-06,1.1193661228948832e-05,4.624366287565535e-06,0.5541936954368665,282.8374666639313,3.03189135,0.0627805665
53,3.839733388207522e-06,9.12093903277706e-06,3.839733388207522e-06,0.5302138158914999,278.3525494985604,2.94782305,0.0627185479
55,8.865001802750456e-06,2.2169400979077837e-05,8.865001802750456e-06,0.6623120669539267,293.6981125111823,4.05510902,0.0627601743
55,6.157776791458481e-06,1.5149212109677755e-05,6.157776791458481e-06,0.595695722976441,288.34919563903236,3.57423663,0.062721312
58,1.810948576508447e-05,4.681844454448313e-05,1.810948576508447e-05,0.8243402034921898,326.1861212254051,5.6029129,0.0627200902
61,2.5059365732253715e-05,6.525890218199997e-05,2.5059365732253715e-05,0.9005294928399044,322.44626625567037,6.17806244,0.0626898855
59,2.357473313798839e-05,6.116936791389989e-05,2.357473313798839e-05,0.8800019939771477,317.5758865555215,6.00588417,0.0627827346
62,2.7670831024140518e-05,7.187005567828803e-05,2.7670831024140518e-05,0.9228838139289783,312.2022424734101,6.43341827,0.0627140328
93,0.0007993681769995292,0.0018299043987300828,0.0007993681769995292,4.5089152047090515,271.4039961351287,29.3499165,0.0565531254
73,0.0004446616309036585,0.000989672631908251,0.0004446616309036585,2.9740875767547865,210.41216393158717,20.5930748,0.0644477829
64,0.00012510242895642941,0.0002791931651306938,0.00012510242895642941,1.5779777636379253,181.04588641752923,11.9203854,0.0631073937
63,0.00017932654156791857,0.0004000770291280997,0.00017932654156791857,1.840488460597502,185.73369410998768,13.824501,0.0632831454
60,5.657474953104551e-05,0.00012684529702030166,5.657474953104551e-05,1.1644540877679805,177.14845806769378,9.13058949,0.0629829988
64,0.0001358147145508033,0.0003018577628198025,0.0001358147145508033,1.621482218467309,178.72660199032364,12.2224264,0.0631320924
72,0.0003920034048287603,0.0008646409441415141,0.0003920034048287603,2.6927163255861717,197.48952505322777,19.1340752,0.0640992597
86,0.0004422929993542146,0.0011390280793103927,0.0004422929993542146,3.413759688129468,440.45202480669855,17.5495796,0.064605467
99,0.0011955561773032482,0.003021880024483629,0.0011955561773032482,6.601639413210091,558.1015838630526,30.6018028,0.057603322
66,8.216564508028568e-05,0.00021822544602908734,8.216564508028568e-05,1.3829222516826711,356.03640970469,9.834095,0.0628339127
62,4.478164545347579e-05,0.00011801423325863833,4.478164545347579e-05,1.1054072578334027,342.01537014146174,7.58945656,0.0627262145
69,7.830770113676603e-05,0.00020748788157002609,7.830770113676603e-05,1.370028941288729,354.3880644222724,9.45906258,0.0628003553
69,0.0001275299861357036,0.0003371271332373981,0.0001275299861357036,1.708111004610349,368.0295794655479,11.5790567,0.0630809963
74,0.00022254693872532477,0.0005834068662936449,0.00022254693872532477,2.2881670090817154,392.2368171991924,14.2150364,0.0638825074
59,3.137637393304454e-05,8.244561837981266e-05,3.137637393304454e-05,0.9768068246196756,336.0089542357204,6.71251822,0.0627755746
47,1.2377360721498545e-06,2.677834557279595e-06,1.2377360721498545e-06,0.37032336598192667,179.05467265396678,2.38142037,0.0627221763
48,1.1090401037110609e-06,2.5538066285924702e-06,1.1090401037110609e-06,0.3452295795256371,181.68003273683973,2.56862593,0.0627214983
49,1.9945419276340794e-06,4.265094001789536e-06,1.9945419276340794e-06,0.4207695097688549,176.54457223743074,2.62781978,0.0627313331
49,2.920199481857708e-06,6.27143673705066e-06,2.920199481857708e-06,0.46408681859894474,174.86604686877283,2.69741488,0.0627197027
51,3.876665097259801e-06,8.389998440185993e-06,3.876665097259801e-06,0.49869179289138305,173.50178437173133,3.12139988,0.0626479909
51,3.776127664288319e-06,8.13985627356849e-06,3.776127664288319e-06,0.4969043936401552,173.55803396380293,3.20003033,0.0626937896
59,7.979235563716849e-05,0.000178258488887358,7.979235563716849e-05,1.291108252067273,171.95492034505713,10.35886,0.0629165396
61,6.866194839170862e-05,0.0001541780772572215,6.866194839170862e-05,1.2283025787105546,173.7726363070878,9.95686436,0.0628935099
63,0.00012133508888802846,0.00026917965914718695,0.00012133508888802846,1.5438089793390954,175.02187744846296,11.7778416,0.0630491748
53,6.418035108822826e-06,1.4058180151358995e-05,6.418035108822826e-06,0.5679990245998755,169.84114397528657,3.97695041,0.0626670271
50,5.259817452772723e-06,1.1550256045807782e-05,5.259817452772723e-06,0.5365240641092042,169.93706575857783,3.82628775,0.0627119169
52,6.801353662822417e-06,1.4951145022959409e-05,6.801353662822417e-06,0.5746238367626498,170.32591909994787,3.93123889,0.0626529753
51,6.264850817715296e-06,1.3836962235208623e-05,6.264850817715296e-06,0.5633731149182573,171.63378398418175,3.81986046,0.0626322851
51,9.788971013415053e-06,2.1753607793214826e-05,9.788971013415053e-06,0.6400282617818761,168.6292620842714,4.84480047,0.0626335591
60,3.2406821715546546e-05,7.306099921474142e-05,3.2406821715546546e-05,0.9101774614837852,166.194160132382,6.88465309,0.0626893863
56,3.923937021551239e-05,8.850214248803376e-05,3.923937021551239e-05,0.9677659782744369,165.9897758073277,7.36916494,0.062686637
54,1.7034792547633604e-05,3.8216204255915175e-05,1.7034792547633604e-05,0.7438806757165076,165.92073158742988,5.64617729,0.0626837909
59,6.609063486488741e-05,0.00014953175473809527,6.609063486488741e-05,1.1545847771202518,167.95681566168665,8.55918121,0.0627226532
61,9.301564654545154e-05,0.00020919081362630348,9.301564654545154e-05,1.3078721021893724,164.89974044983626,9.69307709,0.062833108
59,0.00011900360363588376,0.0002665096332043888,0.00011900360363588376,1.4516353282796282,168.4753284293011,10.7741308,0.0627942085
61,8.940759268904143e-05,0.00020145876300665366,8.940759268904143e-05,1.2942984459887406,167.77105254785656,9.57762241,0.0627162978
60,0.00011144543872749314,0.00024902380314758307,0.00011144543872749314,1.4265591486758897,168.48100932706774,10.6926699,0.0628146008
57,0.00010610426171013662,0.00023669963383751944,0.00010610426171013662,1.411383309139334,169.1298473382708,10.9159441,0.0629108474
60,9.53663460311532e-05,0.00021277406817695127,9.53663460311532e-05,1.3691277658123302,169.89201740003364,10.736845,0.0629714876
48,1.2239648192999498e-06,2.781695285358124e-06,1.2239648192999498e-06,0.36375120003491757,191.0213766264962,2.584409,0.0627171397
50,1.2263763370350105e-06,2.8467729446256186e-06,1.2263763370350105e-06,0.36113374839069157,194.5004297710038,2.58502269,0.062749058
50,1.2154163258629945e-06,2.86824559138534e-06,1.2154163258629945e-06,0.350547328887908,192.91927985555654,2.59940624,0.0627275258
52,1.381627486744849e-06,3.1310257120943627e-06,1.381627486744849e-06,0.3818443668165885,196.6065025680479,2.572016,0.062779665
47,1.2095968825083093e-06,2.7221489386979797e-06,1.2095968825083093e-06,0.3642845998298988,187.8593331474339,2.55398917,0.0627062023
47,1.1635969050883382e-06,2.670384143912042e-06,1.1635969050883382e-06,0.35472722457061273,185.25871256659417,2.58425212,0.0626579076
50,1.1478128526606671e-06,2.622100917052881e-06,1.1478128526606671e-06,0.35096265370454705,183.52908620691719,2.54398179,0.0626749694
47,1.105592490305321e-06,2.5757439443264917e-06,1.105592490305321e-06,0.3411180135689899,182.4632803855047,2.59317827,0.0626928136
47,1.0968501754084247e-06,2.536963301975909e-06,1.0968501754084247e-06,0.3433655218326857,182.43621622699305,2.59141159,0.0627044141
65,0.00020155694429731388,0.0004953348323407848,0.00020155694429731388,1.7517766978648446,216.07621063706637,14.6537304,0.0627834201
56,3.0278790886217787e-05,7.695973375145645e-05,3.0278790886217787e-05,0.8773738961058191,218.5442711071497,7.99820137,0.0627706125
65,0.00015707865705072533,0.00038820051738465785,0.00015707865705072533,1.5858966589315944,216.86888309126982,13.5805054,0.0627629012
68,0.00035392187907163297,0.000836399903711508,0.00035392187907163297,2.3106102474186296,215.24012522268592,17.3845787,0.0628020391
65,0.0001789992878700869,0.0004360557846388876,0.0001789992878700869,1.680419841234476,209.3259420816509,14.0189285,0.0627805442
58,6.995992397213028e-05,0.00017547694219113965,6.995992397213028e-05,1.1421576846517194,205.75879212762158,10.4623194,0.0627113581
56,1.0205972071845311e-05,2.44022697572092e-05,1.0205972071845311e-05,0.6488042560267946,201.9356768228113,4.98628044,0.0627589747
54,3.3143020278230636e-06,7.187582566102905e-06,3.3143020278230636e-06,0.4966124749769646,198.68895774293375,2.62156606,0.0628201142
55,1.4694246336515583e-05,3.6223596531284264e-05,1.4694246336515583e-05,0.7238677667921843,220.52924289708903,5.83642626,0.0627606809
50,1.0941352522959737e-06,2.6494064387437113e-06,1.0941352522959737e-06,0.3605383706586162,236.89007433973748,2.51542974,0.0627534315
51,1.147165178305177e-06,2.7684154580894132e-06,1.147165178305177e-06,0.361767586632291,232.95780554585085,2.5339334,0.0627252907
51,1.1431980372149984e-06,2.6855384009264337e-06,1.1431980372149984e-06,0.36882876631046496,231.29576157486161,2.57575727,0.0627356172
50,1.3551147988014785e-06,3.120541798225552e-06,1.3551147988014785e-06,0.3910009241649599,226.71781578413066,2.52369523,0.0627806708
49,1.1493879929832242e-06,2.7560687864626755e-06,1.1493879929832242e-06,0.37168322506452817,245.89650983297668,2.58573413,0.0627624765
51,1.0839530439793161e-06,2.615652785043039e-06,1.0839530439793161e-06,0.36230701155563705,241.27906693967776,2.50453591,0.0627899393
55,8.249715425627867e-06,2.0410660477604984e-05,8.249715425627867e-06,0.63478996195907,272.8754772734091,3.96270609,0.0626577213
53,6.378338759479388e-06,1.5644263461739947e-05,6.378338759479388e-06,0.5976834987933175,277.7574443914211,3.58939862,0.0626719519
57,9.766975436266821e-06,2.4070764209921037e-05,9.766975436266821e-06,0.6649783770976397,262.33553131840137,4.24314928,0.0627577454
54,8.332808529047237e-06,2.0442694881587457e-05,8.332808529047237e-06,0.6327852817441155,258.4526457642818,4.16674614,0.0627412051
53,9.269788252267961e-06,2.3023392821535018e-05,9.269788252267961e-06,0.6540967526222389,267.14746856673605,4.15196896,0.0627639964
56,4.9817313444876185e-06,1.17785687179615e-05,4.9817313444876185e-06,0.5595432624225684,252.79610319393143,3.49844694,0.0627476722
53,1.55748912262258e-06,3.6155532849198406e-06,1.55748912262258e-06,0.40987756007934734,248.4391080190966,2.52805996,0.0627627224
54,2.8140406795712453e-06,6.520314821020485e-06,2.8140406795712453e-06,0.4844546323589258,250.12216521095448,2.89186406,0.0628036857
54,6.594029076541726e-06,1.5473411384050735e-05,6.594029076541726e-06,0.5939746103711798,222.25857583502426,3.89395428,0.0627864376
56,1.2417161201411664e-05,3.160557391642079e-05,1.2417161201411664e-05,0.7236575473670129,298.718735320227,4.73450613,0.0627388209
57,1.6804832168505658e-05,4.316687985816405e-05,1.6804832168505658e-05,0.7949404945631329,306.0065137226407,5.31893349,0.0626161769
54,1.123741438996165e-05,2.8307762619732574e-05,1.123741438996165e-05,0.6953713376570408,284.86791554292074,4.51971197,0.0627003536
57,1.8217879464592882e-05,4.674021195573206e-05,1.8217879464592882e-05,0.8008201048920242,293.6309017495213,5.54477024,0.062718749
62,4.5515598252242735e-05,0.0001195550136168989,4.5515598252242735e-05,1.1112487925199181,332.38390821827926,7.66617727,0.0628785044
63,4.7004929813692335e-05,0.00012332656234849412,4.7004929813692335e-05,1.1155390241661018,326.89177627929047,7.82859468,0.062773183
62,4.797310412875228e-05,0.00012561059461330034,4.797310412875228e-05,1.1229900575741463,321.2776392594018,7.96998835,0.0628128797
61,3.790439828907086e-05,9.899021831486602e-05,3.790439828907086e-05,1.0296655717311092,313.3009119926564,7.39968872,0.0627552643
89,0.0009138887694096258,0.002022547894552424,0.0009138887694096258,4.420499697404512,234.92573514495425,28.4179497,0.0603023395
64,0.00019964760989894172,0.00044312833104268886,0.00019964760989894172,1.9183968791666837,183.85811483004517,14.1343431,0.0633205101
72,0.0003535807627039611,0.000772623882292734,0.0003535807627039611,2.5267853871991846,188.60059226683202,17.4349079,0.0639266521
66,0.00013865068914191482,0.0003073917537342407,0.00013865068914191482,1.652444848627572,177.11779382741832,12.3893042,0.0634323061
70,0.00037156576012997624,0.0008156131123809408,0.00037156576012997624,2.6156050095556096,193.33339347716668,18.2722321,0.0640769154
83,0.001014558022153698,0.002239548252250046,0.001014558022153698,4.76958348944155,242.94747993269607,31.1307812,0.0589976348
91,0.0006161655009387373,0.0015798894591422272,0.0006161655009387373,4.314126075264022,479.0271413975948,20.6481304,0.0597886965
66,7.695739236766003e-05,0.00020317557686473354,7.695739236766003e-05,1.353384136473066,345.95094918612153,9.5164814,0.0627999678
73,0.00012793066059812381,0.0003374664615798459,0.00012793066059812381,1.7131510697238042,363.40709315238144,11.6414461,0.0632267743
72,0.00024109983966682206,0.0006293424686305855,0.00024109983966682206,2.391308762956089,391.0002742218126,14.5915728,0.0642823055
63,4.036661327419554e-05,0.00010615152959248889,4.036661327419554e-05,1.0723610520450604,336.71917243559005,7.37060213,0.0628497377
46,1.5219228714326668e-06,3.2624937876023723e-06,1.5219228714326668e-06,0.3939952337695853,177.85198602347404,2.55950928,0.0627329126
48,1.1972120161585755e-06,2.6568290458451423e-06,1.1972120161585755e-06,0.359569766284993,180.36427404802862,2.56245041,0.0627015308
50,2.816686393336242e-06,5.970228185584616e-06,2.816686393336242e-06,0.463713133386098,175.39413944649002,2.71193886,0.0627068877
50,7.526142093066626e-06,1.6880253639680593e-05,7.526142093066626e-06,0.5834624106076391,173.04858525965093,3.92228985,0.0626827776
50,4.872397240853374e-06,1.0655657119663134e-05,4.872397240853374e-06,0.5291858774384294,172.9545325088187,3.47257805,0.0626507774
61,8.003019618977277e-05,0.00017852736940113478,8.003019618977277e-05,1.2991872160040763,171.6986464188247,10.3088255,0.0630144477
68,0.00015362930297902204,0.0003378649268400349,0.00015362930297902204,1.6859011803178523,170.66272817239565,12.7258186,0.0632326677
68,0.00020149200516305166,0.0004408877773209381,0.00020149200516305166,1.8886086486264895,173.69070593524535,13.7874002,0.0632306337
65,0.00021319621798641272,0.0004669570263852094,0.00021319621798641272,1.9766968253806412,177.4343213367052,13.9934225,0.0637422726
70,0.00040159525858073677,0.0008658708071473566,0.00040159525858073677,2.6568929323804795,182.7228617987503,17.5677376,0.0643922463
55,1.2140108308456236e-05,2.7029288315127884e-05,1.2140108308456236e-05,0.6737685995109415,167.57335214897006,4.86312723,0.0626876056
53,8.852121620777005e-06,1.9666492446351666e-05,8.852121620777005e-06,0.6147763875924401,169.6971487859523,4.16782427,0.062652126
51,1.4324610747113841e-05,3.246820354225228e-05,1.4324610747113841e-05,0.7021458169559617,169.58013429450952,4.74314404,0.0626439601
59,6.463502323155793e-05,0.00014562879645298914,6.463502323155793e-05,1.1467174393334534,164.46507480049814,8.64479637,0.0626682118
56,4.031693931370764e-05,9.070722520256979e-05,4.031693931370764e-05,0.9811826149095081,164.3136116098644,7.2855978,0.0627241954
54,1.4366778131585002e-05,3.1992229911032495e-05,1.4366778131585002e-05,0.7132764647931942,165.3203215479515,5.29265976,0.0627112016
57,4.0032124380943295e-05,9.01166464056782e-05,4.0032124380943295e-05,0.973499942347108,163.66548820579507,7.26089907,0.0627393872
61,0.00010998261679231846,0.0002464239888730201,0.00010998261679231846,1.4021133161397321,165.3324355162526,10.2857847,0.0628045574
64,0.00012681356026197874,0.00028298042762318155,0.00012681356026197874,1.4827608139409345,163.31017064941855,10.9333839,0.0629678667
64,0.00010871339804157418,0.0002429454797054333,0.00010871339804157418,1.3926238166627,162.9792795352909,10.2796373,0.0628337637
62,0.00014231672662367033,0.0003176625814477708,0.00014231672662367033,1.55500979813792,166.66264293421634,11.4313059,0.0628193021
63,0.00018947383825197153,0.0004178666387740216,0.00018947383825197153,1.7657813295003602,166.48762166373004,12.7564631,0.0629686862
65,0.00019884026866767466,0.0004368854749713948,0.00019884026866767466,1.8130457833972882,167.10582757312747,12.8697348,0.0630126595
63,0.00014862834684621246,0.0003280090487809447,0.00014862834684621246,1.6272826502990523,168.20688897298442,12.2370481,0.063083142
51,1.180331109947934e-06,2.7278412809765724e-06,1.180331109947934e-06,0.3525766828325456,189.751719219234,2.55311203,0.0626882613
55,1.5980015405022588e-06,3.501299262567102e-06,1.5980015405022588e-06,0.4007412780345479,195.68319322087925,2.58318329,0.0627848729
53,1.3688728059966228e-06,3.0633726805101846e-06,1.3688728059966228e-06,0.3750871270399663,191.4537271157964,2.57354259,0.0627103001
49,1.1737501734274805e-06,2.7163089765690724e-06,1.1737501734274805e-06,0.3508438912846969,187.2207078242748,2.57638192,0.0627310276
50,1.1655963611681237e-06,2.6913975436340265e-06,1.1655963611681237e-06,0.3474211674548622,184.41562382481962,2.58125854,0.0626632497
50,1.2235925615647186e-06,2.7923902269574882e-06,1.2235925615647186e-06,0.35265391471569224,180.90599047814598,2.57477689,0.0627179667
49,1.2749102429258938e-06,2.8371803436976876e-06,1.2749102429258938e-06,0.361648779228228,181.61010764256218,2.5526216,0.0626839399
47,1.1637228212165093e-06,2.6631023846230445e-06,1.1637228212165093e-06,0.3511790538429068,180.83195826102997,2.57351089,0.0627044514
48,1.3011833666811735e-06,2.8851357699699757e-06,1.3011833666811735e-06,0.3677203473397844,179.87834293401954,2.57513309,0.0627130792
61,9.73089459145288e-05,0.0002467911859947857,9.73089459145288e-05,1.2817259686392184,218.3923636458094,11.7939262,0.0627402142
73,0.0005402110858157873,0.0012331799464599454,0.0005402110858157873,2.9057342866282307,216.4544296456416,24.6175308,0.0628238767
61,0.00030946238531908424,0.0007416987861680009,0.00030946238531908424,2.1314874141127276,216.0671885396458,16.5920734,0.062761426
73,0.00045248022766314024,0.0010364172751147884,0.00045248022766314024,2.6776891155914333,213.07389449016375,21.8189945,0.0627799928
64,0.00023717285149734403,0.000573371943427217,0.00023717285149734403,1.8573295428317989,206.27878970028274,15.372571,0.0626705065
56,4.050953521006072e-05,0.00010128898496641696,4.050953521006072e-05,0.9463902374959884,202.9145236639024,8.56668377,0.062722519
58,2.454187786165175e-05,6.058432585770999e-05,2.454187786165175e-05,0.8187266986532805,199.5664274508544,7.10800219,0.0627979934
56,3.1372785183956307e-06,6.751534624281322e-06,3.1372785183956307e-06,0.48542765301409435,194.91466494176552,2.54154181,0.0627561659
51,1.0761915998015514e-06,2.5939509835188897e-06,1.0761915998015514e-06,0.3574090811000531,235.92899519563034,2.5688436,0.0627376065
53,1.2423239001019754e-06,2.9290271673775203e-06,1.2423239001019754e-06,0.37696419312945323,238.57580352225634,2.50918794,0.0626982227
49,1.1978272511697624e-06,2.818819539205002e-06,1.1978272511697624e-06,0.3741524969009222,232.42579057862028,2.56319118,0.0627417788
51,1.3843032303623023e-06,3.1507426126894083e-06,1.3843032303623023e-06,0.3964407534444932,228.06818505009815,2.58665943,0.0627335981
53,2.2070937733154132e-06,4.851519628744506e-06,2.2070937733154132e-06,0.4544472966198948,224.47773193490966,2.55529356,0.0627374202
51,1.3930671520511258e-06,3.196692937074978e-06,1.3930671520511258e-06,0.3999672368828599,243.32200706712345,2.48061728,0.0627632439
56,1.2922388501820886e-05,3.2787883831612304e-05,1.2922388501820886e-05,0.7148455456977175,276.815719361996,4.99616337,0.0626114905
58,1.7645627755089476e-05,4.477172099668843e-05,1.7645627755089476e-05,0.7828820559906929,270.86486694668616,5.62526178,0.0627624318
59,2.830160062047365e-05,7.262960783330138e-05,2.830160062047365e-05,0.8969062234996522,276.88129800747754,6.71925974,0.0627144799
55,1.395845067459151e-05,3.56083528216138e-05,1.395845067459151e-05,0.7293133544833962,280.37154890145354,5.19944572,0.0626815483
58,1.5428502830820928e-05,3.8741154669557036e-05,1.5428502830820928e-05,0.7495452024494336,264.4360605284637,5.0626893,0.062763229
58,1.3660788669061664e-05,3.381259093632817e-05,1.3660788669061664e-05,0.7269026671448685,258.12112131722836,4.77262688,0.0627185106
60,1.524387349328882e-05,3.757775333208788e-05,1.524387349328882e-05,0.7535295577720883,254.10440168250486,5.05810881,0.0627498701
57,7.988611417177367e-06,1.923002785496485e-05,7.988611417177367e-06,0.6320353614542894,249.01366700699901,4.15405416,0.062800765
56,3.4897587073452822e-06,8.08378571486207e-06,3.4897587073452822e-06,0.5143336368838236,246.13638806699893,3.12495637,0.0627862588
54,8.335417301875176e-06,1.9808640860915687e-05,8.335417301875176e-06,0.6308905210284816,220.81619061029843,4.43393183,0.0627628863
60,2.0632358742476265e-05,5.3364011146655904e-05,2.0632358742476265e-05,0.8372724377217589,302.7158132449743,5.7939291,0.0626439229
61,3.328281909159409e-05,8.673181954962518e-05,3.328281909159409e-05,0.9707602964805105,305.3964314777773,7.0221715,0.0626634508
60,1.8420870029223463e-05,4.719475432030983e-05,1.8420870029223463e-05,0.7997692902189154,287.8468698071641,5.74278498,0.0627109259
60,3.2519784387831656e-05,8.446634244023943e-05,3.2519784387831656e-05,0.9613159969281697,298.1909248714251,7.09474659,0.0626839921
61,2.7717564731521948e-05,7.158044906967229e-05,2.7717564731521948e-05,0.9098576258604285,291.2863579322343,6.66423702,0.062622644
64,7.206739165504748e-05,0.0001897996942230769,7.206739165504748e-05,1.327649968105358,338.75304887901757,9.32049465,0.0629419684
64,7.875575125184773e-05,0.00020655436738838804,7.875575125184773e-05,1.367685169136079,332.4833765389975,9.68039417,0.0629012808
64,5.1517880229106714e-05,0.0001348804548164823,5.1517880229106714e-05,1.1564190534014656,322.12447632383925,8.22008896,0.0628299415
63,5.447537598890713e-05,0.00014257808034357544,5.447537598890713e-05,1.1642233076416746,315.34710454985293,8.62713718,0.0628005564
72,0.00040436783814535996,0.0008764170057547824,0.00040436783814535996,2.681740271644831,186.29786806635124,17.9756184,0.064152047
79,0.0008175559688257165,0.0017555931433355428,0.0008175559688257165,4.034996477247829,209.87611712204446,25.7246952,0.0632276237
78,0.0008200006386146666,0.0017722077866970047,0.0008200006386146666,4.026758491724836,211.70080339762936,27.9223156,0.0631456822
85,0.001277818775732116,0.0027607361418010125,0.001277818775732116,5.424758344964659,241.25674138903946,34.4231453,0.0588424914
93,0.0005771470947073273,0.0014896255852677822,0.0005771470947073273,4.316291354122478,491.24431943015287,19.3266354,0.0597199462
67,0.00010452636744682098,0.00027547802781045127,0.00010452636744682098,1.5591651710779262,351.70846566556116,10.7790051,0.0631087795
79,0.00023452244321043908,0.0006100559641090676,0.00023452244321043908,2.3324828308447585,383.6149195416734,14.3802643,0.0639646426
67,9.073904970844183e-05,0.00023925591790518194,9.073904970844183e-05,1.4723785193228307,347.2290573037034,10.1205091,0.0629814714
49,1.5916335998349752e-06,3.3906667686611644e-06,1.5916335998349752e-06,0.3992932119378844,177.7869538107708,2.55887151,0.0626893565
50,3.3399489249687003e-06,7.1305404155537795e-06,3.3399489249687003e-06,0.4851793312481076,175.61972257603705,2.8116293,0.0627042875
52,1.0691784001973085e-05,2.4264773092587374e-05,1.0691784001973085e-05,0.641835923307543,172.80606537593076,4.2689395,0.0626491234
49,1.6381788532540212e-05,3.743947844720745e-05,1.6381788532540212e-05,0.7248762375423304,169.6028328525834,5.08021021,0.0626426116
66,0.00020036347477756636,0.0004394635340641244,0.00020036347477756636,1.88825525356984,172.68219403531867,13.6970978,0.0633237213
70,0.00021750936217219922,0.00047407580330792844,0.00021750936217219922,1.9383865454662836,170.20906377614628,13.8781528,0.063264735
71,0.00035552348795931976,0.0007653890013919632,0.00035552348795931976,2.4661418462155082,176.11402886086674,16.0410328,0.0637153536
70,0.00038146455714783674,0.0008206670676164498,0.00038146455714783674,2.5638588208499913,179.04224790239533,16.8483925,0.0643649474
79,0.0006426130460075327,0.0013822677148668048,0.0006426130460075327,3.5385222142297876,200.59892786052583,22.5191212,0.0643867925
80,0.0007049531036954198,0.0015221928935481937,0.0007049531036954198,3.69203364920668,203.89068593019732,27.2048988,0.0634044036
53,1.4083744541459785e-05,3.1603823785623547e-05,1.4083744541459785e-05,0.6996340793692939,167.52625744447008,4.93794727,0.062681973
55,2.671723544890222e-05,6.039208994384457e-05,2.671723544890222e-05,0.8500635788463214,165.66449575161397,6.13947678,0.0626945198
53,2.452285980950735e-05,5.598593451768524e-05,2.452285980950735e-05,0.818605041077644,167.60271190725365,6.16519165,0.0626327693
53,2.1811835378098e-05,4.988700244454172e-05,2.1811835378098e-05,0.7855260496080113,168.3781309904174,5.76500416,0.0626545995
61,8.029141357034554e-05,0.0001799077712104951,8.029141357034554e-05,1.2451148584117113,162.89834684030603,9.16850376,0.0627055913
61,7.32465599696534e-05,0.0001641583298220098,7.32465599696534e-05,1.2061933629786072,162.1890404811249,8.89265251,0.0627802089
57,3.207206881529146e-05,7.226660404617602e-05,3.207206881529146e-05,0.9083471958123647,164.10982644992464,6.59602261,0.062750645
59,5.5458302676732036e-05,0.0001245449095697622,5.5458302676732036e-05,1.0938208519270685,162.00516748507673,8.03684807,0.062837474
65,0.00014869129803106167,0.0003310343586275468,0.00014869129803106167,1.5787790326099136,164.51738892765962,11.7733984,0.0628967285
67,0.0001499326066597874,0.0003327754171819776,0.0001499326066597874,1.5928830550424566,163.0967494997432,11.7128677,0.0630089343
67,0.000310785097415946,0.0006712915383919927,0.000310785097415946,2.181754025343876,162.96449291765552,15.1129837,0.0630731583
65,0.00014752527553463137,0.00032600614926397964,0.00014752527553463137,1.5848343487933252,161.226076184716,11.5423899,0.0628685579
65,0.00018968921766515334,0.00041973511524190794,0.00018968921766515334,1.7496027958023241,165.60804815240783,12.805748,0.0628856793
67,0.00030829556079396827,0.0006664604056868315,0.00030829556079396827,2.193455707779601,166.29301564202387,15.061224,0.0631224886
66,0.000259371416369207,0.0005664964429586212,0.000259371416369207,2.013740603504541,165.17668254397347,14.4248676,0.0631269664
68,0.0003142298483138096,0.0006779894281870661,0.0003142298483138096,2.2447302944730723,168.73686486946448,14.7934427,0.0633184165
52,1.2542428401755867e-06,2.8700335877838964e-06,1.2542428401755867e-06,0.3592426974499536,189.3938956810315,2.60791469,0.0626739115
52,1.2771390177536548e-06,2.968701240895231e-06,1.2771390177536548e-06,0.3538376451465957,186.36183752718637,2.58722806,0.062738888
54,1.984451004696696e-06,4.268835415697901e-06,1.984451004696696e-06,0.4265034796784483,191.62807354089742,2.59939146,0.0626844317
56,1.8440399257810827e-06,3.97586888885083e-06,1.8440399257810827e-06,0.4168447307877105,189.64780724294351,2.62007785,0.0626816228
50,1.2253586878597197e-06,2.8292305356891264e-06,1.2253586878597197e-06,0.35102662075568014,183.91311969112257,2.59155655,0.0627113506
50,1.7897962550229864e-06,3.850734819313471e-06,1.7897962550229864e-06,0.4096047370794188,179.02186695319057,2.6134522,0.062729612
52,1.769042287060128e-06,3.8115340284822324e-06,1.769042287060128e-06,0.4056607376397539,178.06182850549845,2.61360836,0.0626957342
53,1.7166065181114843e-06,3.7187040843314936e-06,1.7166065181114843e-06,0.400277763088858,180.2596732613293,2.5254693,0.0626776144
51,1.5324819651396252e-06,3.351070897555394e-06,1.5324819651396252e-06,0.38719800311129354,178.90591798373205,2.56849813,0.0626648441
51,2.123897768691214e-06,4.519468903725497e-06,2.123897768691214e-06,0.43023896987011456,177.3219855154207,2.56797051,0.0627256483
57,5.367377579637828e-05,0.0001359412334508312,5.367377579637828e-05,1.0551976480299705,217.46877413947638,9.43323517,0.0627476424
68,0.0004382480338286807,0.0010292271060804205,0.0004382480338286807,2.515296709366647,216.61579902742577,18.620142,0.0627690405
76,0.0006172118778373118,0.001394014620399745,0.0006172118778373118,3.116810519198133,216.30817676843796,27.129652,0.0628183186
60,7.128092583627881e-05,0.00017956368795975995,7.128092583627881e-05,1.1596502898120296,215.95117610942194,10.5058413,0.0627647638
34,3.8302840349263077e-05,0.00021298462772468017,3.8302840349263077e-05,0.3045763158174683,189.20692075916804,44.2881966,0.0627086535
65,0.00043517360649130663,0.0010149473879325457,0.00043517360649130663,2.469461313789505,205.77614537069437,18.6095371,0.0625706911
62,9.506348025474547e-05,0.0002364695677341985,9.506348025474547e-05,1.2604508514355652,201.70802433355652,11.5355854,0.0627054274
56,3.657704364841886e-05,9.077846795409464e-05,3.657704364841886e-05,0.9186855758828912,198.15020975632902,8.25341892,0.062772505
57,7.040844768246069e-06,1.602133716444934e-05,7.040844768246069e-06,0.5902365973945312,193.34152515264023,3.83161807,0.0626867414
52,1.2939701313841313e-06,3.016047247078923e-06,1.2939701313841313e-06,0.3829047924389062,235.32755875972234,2.5182991,0.0626817048
56,2.255491645080373e-06,5.085392564285956e-06,2.255491645080373e-06,0.4589585452866749,240.93781021914816,2.5389123,0.0626693964
51,1.644924371934113e-06,3.696658452400159e-06,1.644924371934113e-06,0.4198315565422727,229.55787079385985,2.57826686,0.0628018677
53,1.6295902223220296e-06,3.6668163322372757e-06,1.6295902223220296e-06,0.4164681147127341,232.9128500843023,2.54708719,0.0627553463
52,2.0219882574764983e-06,4.437817362770679e-06,2.0219882574764983e-06,0.44596872107947033,226.94114436173516,2.56005001,0.06276685
54,3.5759103924741753e-06,8.020669977275831e-06,3.5759103924741753e-06,0.511682831527546,222.5859167572274,2.77694702,0.0627198145
55,9.120058410915377e-06,2.168928699775605e-05,9.120058410915377e-06,0.644741736775835,219.8918270182345,4.56246138,0.0627155527
57,2.508930444771759e-05,6.441947034633749e-05,2.508930444771759e-05,0.8752808495285415,280.83169629486684,6.42814922,0.0626926273
60,3.260013512037216e-05,8.348104012638696e-05,3.260013512037216e-05,0.943181133915933,271.92952998263877,7.08011293,0.0627403855
58,4.132802779100995e-05,0.00010646867990105368,4.132802779100995e-05,1.0301323136708138,280.42633693822864,7.78504801,0.0627701133
59,3.210166832715754e-05,8.312876181004302e-05,3.210166832715754e-05,0.9449308184428512,287.17792373233726,7.15626287,0.0626212358
57,2.6640926001947846e-05,6.760504916576895e-05,2.6640926001947846e-05,0.8884767172007471,267.2264976553761,6.43782473,0.0626887381
59,2.1954963568696245e-05,5.5178822277541385e-05,2.1954963568696245e-05,0.8367118777258048,262.1274446380331,5.80773067,0.0626334921
60,2.7583607772242757e-05,6.920723850633637e-05,2.7583607772242757e-05,0.8984261991934428,259.1880337809921,6.36939764,0.0627774224
63,2.094349105026944e-05,5.1962647268928466e-05,2.094349105026944e-05,0.8262315574934146,253.0811531454975,5.57312489,0.062822096
57,6.412994834234319e-06,1.5248852578108683e-05,6.412994834234319e-06,0.6001395419023076,245.91370897452882,3.85873628,0.062805675
60,1.2388771213936455e-05,3.017657115532501e-05,1.2388771213936455e-05,0.7165355793801582,247.76600070382014,4.89036083,0.062900126
56,1.6131765789623383e-05,3.941115996535763e-05,1.6131765789623383e-05,0.7474449408145608,218.70334376379674,5.86387682,0.0627746359
62,5.678267770480186e-05,0.00014856334661878084,5.678267770480186e-05,1.1862953245483274,312.9242095686197,8.9340229,0.0628647059
61,5.3186047587756166e-05,0.00013861310313931094,5.3186047587756166e-05,1.146770447690477,305.7508663968365,8.5297718,0.0628437176
61,3.563015014186366e-05,9.26019049384656e-05,3.563015014186366e-05,0.9959373945811111,298.5891382090088,7.33653307,0.0628685355
62,4.6005999115552536e-05,0.00011955362060624756,4.6005999115552536e-05,1.0834120396649787,294.01316412134776,8.22362423,0.0626836419
72,0.0001502614417611857,0.0003919205513632401,0.0001502614417611857,1.8514411557615684,354.1868346378553,12.1569452,0.0633091331
70,0.00011879860875663323,0.00030997924459734324,0.00011879860875663323,1.6491483541479983,341.2734835643007,11.3212414,0.0630731061
71,0.0001611730527965618,0.00041991758016387366,0.0001611730527965618,1.9158633301847887,350.3625546693483,12.6733465,0.0633531213
67,8.946017060149825e-05,0.00023453057923979298,8.946017060149825e-05,1.4476619123516032,329.22906694046804,10.3973007,0.0630692244
70,9.711456841113276e-05,0.00025370893130877966,9.711456841113276e-05,1.4906333630090849,324.50763766114494,10.7643414,0.0631185472
103,0.0020778680551295525,0.004370696113684685,0.0020778680551295525,7.323195010640953,245.2135235282277,52.1546211,0.0589828975
88,0.0011082154699851706,0.002427960348711807,0.0011082154699851706,4.939337285390943,230.30973897222617,43.3431053,0.0591664575
95,0.0008617469688726215,0.0022007874599099236,0.0008617469688726215,5.700260114416281,542.7084009141403,24.9228172,0.0576210916
79,0.0002763321390979874,0.0007218366252669041,0.0002763321390979874,2.6526043094267258,407.1882936642688,15.3071518,0.0642004162
51,2.4216691506989684e-06,5.131028440374372e-06,2.4216691506989684e-06,0.4447397672149243,176.77743693046014,2.68191338,0.0626709163
54,6.5253636760617735e-06,1.4474883445298159e-05,6.5253636760617735e-06,0.5657617008978161,173.7068318728599,3.66340208,0.0626603812
50,1.186763300985796e-05,2.6787223608397165e-05,1.186763300985796e-05,0.6644768783533199,170.89947412082805,4.41190672,0.0626222938
55,3.2745047895984805e-05,7.5554375994331e-05,3.2745047895984805e-05,0.8862236513310895,168.67476497155488,6.89287567,0.062662892
53,1.7775350144404402e-05,4.061540374687957e-05,1.7775350144404402e-05,0.7387534963429939,169.79692947608837,5.26039743,0.0626531243
73,0.0004458194186369958,0.0009492107380514258,0.0004458194186369958,2.748359164515074,175.77988199842883,17.3687439,0.0642605647
80,0.0006493590489967692,0.001377200882417144,0.0006493590489967692,3.4471518896951356,189.73046570342038,21.2690811,0.0648405179
82,0.0007727614378028286,0.001641315782574198,0.0007727614378028286,3.878605840214016,199.95664865585084,23.3767986,0.063487418
87,0.0011746149840130564,0.0025077815024348044,0.0011746149840130564,5.155727751450733,228.39716664448594,30.7524223,0.0590642393
57,4.926236039968959e-05,0.00011149197205327063,4.926236039968959e-05,1.0370926802982234,164.07730045597737,7.47769213,0.0626902133
56,3.843311149133988e-05,8.75642108054752e-05,3.843311149133988e-05,0.9505533809183633,165.24457172712354,7.22437286,0.0627080649
58,3.856082462903649e-05,8.819923236180555e-05,3.856082462903649e-05,0.9415876091300673,165.64103828565953,7.39665699,0.062686041
57,4.91561455351826e-05,0.00011297473147608621,4.91561455351826e-05,1.0145253974157113,166.08682878138953,7.81831789,0.0626561269
63,0.00010579563734640567,0.00023534021744066005,0.00010579563734640567,1.3846953119092102,160.9792250275639,10.0296297,0.0628528669
61,7.170855432512729e-05,0.00016059232624357844,7.170855432512729e-05,1.199621284635373,161.46831699788973,8.86351776,0.0629547387
59,6.367617832281892e-05,0.00014331346830080745,6.367617832281892e-05,1.139829719807779,162.00468057280193,8.27376461,0.0628574491
65,0.00027157061115476504,0.0005922622149553832,0.00027157061115476504,2.0644374897876983,164.2924687378561,14.6900883,0.0630395487
69,0.00026811590554232627,0.000583690924603786,0.00026811590554232627,2.052619790029877,163.08765971099697,14.5980968,0.0632726997
69,0.00043736938720183126,0.0009285534701195499,0.00043736938720183126,2.604323178738254,164.52354417535838,16.8686523,0.0634049475
72,0.0005482339298113377,0.0011522924996808293,0.0005482339298113377,2.938051500589279,167.2528319649994,18.037632,0.0637983233
67,0.0001877191608083604,0.00041103102231328974,0.0001877191608083604,1.7649218808246867,161.12103305332175,12.5095577,0.063052997
71,0.0003772867880599909,0.0008069562483142775,0.0003772867880599909,2.4476165368397815,167.78371327294207,15.897336,0.0638598204
67,0.00046358371471572253,0.0009824817582293154,0.00046358371471572253,2.6888377869441613,167.3861164228927,17.1720543,0.0637413785
71,0.0005048743114703661,0.0010678969495957072,0.0005048743114703661,2.7882899176410603,167.28679181527076,17.8318882,0.0636082143
52,1.4827440820608231e-06,3.2398255262901947e-06,1.4827440820608231e-06,0.3897801057565681,186.79365348300394,2.60032415,0.0626586154
52,1.532411608248318e-06,3.420346893905472e-06,1.532411608248318e-06,0.38573575801748244,183.58355637137004,2.6512866,0.0627021044
54,2.685764907933689e-06,5.722394988920175e-06,2.685764907933689e-06,0.46580292698013165,186.25223099784137,2.7361424,0.0627165884
54,5.649323337786405e-06,1.2485947351412716e-05,5.649323337786405e-06,0.5634600395415503,189.72794058744088,3.11578178,0.0626681969
53,1.4663297348315084e-06,3.272728087608096e-06,1.4663297348315084e-06,0.3771107414542072,182.2932208463049,2.58724666,0.0627100691
55,3.117339316979658e-06,6.775656938198173e-06,3.117339316979658e-06,0.4720871118855526,177.06500639016582,3.03437448,0.0627291799
52,3.302048110807099e-06,7.1673792994162775e-06,3.302048110807099e-06,0.47901426151182014,176.5927643174466,3.14794087,0.0626843646
53,6.378652329334066e-06,1.4122699612008003e-05,6.378652329334066e-06,0.5615280420844078,174.7521157487869,3.77803326,0.0626903847
51,2.1644327688766764e-06,4.690326366556906e-06,2.1644327688766764e-06,0.43216746336516376,179.05957782441186,2.68529439,0.0626929328
55,3.853540219275216e-06,8.415837359214436e-06,3.853540219275216e-06,0.4996119378360822,177.0028287216281,3.4365797,0.0627070814
52,5.624959551751938e-06,1.2391611547873611e-05,5.624959551751938e-06,0.548875684720986,174.79588727853306,3.51512003,0.0627420917
65,0.00022640934655113862,0.0005506287989939261,0.00022640934655113862,1.8256631787432087,214.63229867639737,15.1880131,0.0627221316
81,0.0015272311574731896,0.003192994035416799,0.0015272311574731896,5.280687595176975,220.70531548709133,26.7643242,0.0627898574
56,4.632248178470364e-05,0.0001161234665434056,4.632248178470364e-05,1.0161759413101212,216.13787930615445,8.91089344,0.0626531765
36,0.00017800591311633158,0.0007428321628806727,0.00017800591311633158,0.5324421663627822,188.07249046973163,45.3373756,0.0627009869
80,0.0015256100453796462,0.0031961159646062775,0.0015256100453796462,5.1458640207394195,213.24506220711055,27.0736618,0.062577866
62,0.00016157497227517307,0.0003936535100251649,0.00016157497227517307,1.5603540725815732,199.73630487926422,13.5383892,0.0626286119
55,1.8585093381361633e-05,4.4448992757141913e-05,1.8585093381361633e-05,0.7647923757428811,193.69832663434798,5.99809647,0.062699534
54,2.282672308383601e-06,5.121933787126164e-06,2.282672308383601e-06,0.4589410241196163,236.9416757929864,2.49692392,0.0626568198
55,3.5482141709650536e-06,8.131520412570377e-06,3.5482141709650536e-06,0.5182270042434514,240.85560817509278,3.12470126,0.0627252534
57,7.028970538959017e-06,1.681123865154005e-05,7.028970538959017e-06,0.6094931902437952,242.98640112939634,3.96749115,0.0627112687
55,2.344185662413725e-06,5.222444215797223e-06,2.344185662413725e-06,0.46177674043727185,229.91106528210247,2.53950739,0.0627842844
56,3.5762159932906022e-06,8.145242457034287e-06,3.5762159932906022e-06,0.5172613713693287,231.9585591352178,3.10028553,0.0627181828
54,3.5174557836943193e-06,7.856461760924347e-06,3.5174557836943193e-06,0.5151752441242866,225.15205158856622,2.82560682,0.062768206
58,1.0063852046259328e-05,2.404393943587178e-05,1.0063852046259328e-05,0.6591771155035647,220.8810924109938,4.61378288,0.0627160892
61,5.583666516487552e-05,0.00014462392778660926,5.583666516487552e-05,1.1374136764242802,284.8583834517055,8.90844345,0.0627194494
61,5.7559132033350753e-05,0.00014749812716812662,5.7559132033350753e-05,1.1544912217945724,276.5286091454151,8.84414768,0.062794432
60,6.961264185159824e-05,0.00017922466316140152,6.961264185159824e-05,1.2517662513409578,285.0310832919528,9.47838497,0.0628973842
60,5.587484265659924e-05,0.00014187850449639836,5.587484265659924e-05,1.1473653324257707,269.01505080983924,8.79262447,0.0627386943
61,6.574233939215443e-05,0.00016578378134530226,6.574233939215443e-05,1.2235945727863153,266.7063927476677,9.02921391,0.0629335791
60,4.3956295707972734e-05,0.00011036692580252605,4.3956295707972734e-05,1.0635040711311592,261.2126066202891,7.74534035,0.0629990101
63,4.122959174614582e-05,0.00010298467139261293,4.122959174614582e-05,1.0554724976453382,260.1289864054452,7.24900246,0.0629361942
61,2.7051496868935013e-05,6.689107090865738e-05,2.7051496868935013e-05,0.921019411669259,254.72454179354602,6.21938467,0.0630710274
60,1.9261723234305036e-05,4.7055002023264846e-05,1.9261723234305036e-05,0.8395820183844381,248.16653419671553,5.74481869,0.0630076975
69,0.00011589811130117847,0.0003018167433101833,0.00011589811130117847,1.6224351365969634,326.46569798830865,11.4108076,0.0633701012
65,8.57586779665034e-05,0.00022322333162005231,8.57586779665034e-05,1.3891704521074266,309.62119060626,10.3779545,0.0631623343
64,7.9865757068989e-05,0.00020718829765177069,7.9865757068989e-05,1.3376196959553839,301.7542250141727,10.1095438,0.0629345477
62,9.128528674570076e-05,0.00023541358952674225,9.128528674570076e-05,1.404425050447598,295.4131787218671,10.5864992,0.0627857596
71,0.0002035120642530778,0.0005294332750180304,0.0002035120642530778,2.1901112784361882,369.61878246181857,13.8370724,0.0639665648
85,0.00040581843682112084,0.0010431532758328043,0.00040581843682112084,3.3412649693003487,428.6668879890569,16.9685974,0.0619811937
73,0.00026392923431192087,0.0006856772694997053,0.00026392923431192087,2.5617099637010554,387.31455812929306,15.0861282,0.0640768856
69,0.00019085625840606135,0.0004941217959846842,0.00019085625840606135,2.0883626657171797,350.9990102038787,13.4546757,0.0639257431
82,0.0005113969591612059,0.001289153828930977,0.0005113969591612059,3.6710533993793875,412.5893458663141,18.1958694,0.06211669
69,0.0001796699107760188,0.000465190576841263,0.0001796699107760188,2.0467725566039308,347.62957290838335,13.1403379,0.0640959442
52,1.060221818084661e-05,2.3950364680594885e-05,1.060221818084661e-05,0.643305444128991,172.32074090276942,4.31699181,0.0626545995
52,1.5309487774110564e-05,3.488174117700813e-05,1.5309487774110564e-05,0.7082889090250043,170.22358153356592,4.84219027,0.0626354218
55,4.6320898421131405e-05,0.00010689393488464578,4.6320898421131405e-05,0.9933646808485158,167.12168633818234,7.82714462,0.0626795813
55,3.322493741091069e-05,7.642329690300976e-05,3.322493741091069e-05,0.895178508864753,168.4050482255278,6.69060993,0.0626603663
87,0.0012156600252329834,0.0025201389637384644,0.0012156600252329834,5.057708714049505,205.90475209599262,29.272007,0.0612052418
77,0.0008006115933301363,0.001659088153450782,0.0008006115933301363,3.7093267162024954,179.60171725390717,22.4340057,0.0646181107
61,7.213345461670052e-05,0.00016339696874723516,7.213345461670052e-05,1.179289446932912,163.27006121006247,9.13640308,0.0628176406
58,7.097663553373757e-05,0.00016178713418701294,7.097663553373757e-05,1.1636569817185816,164.3497206428522,9.31598568,0.0627418384
58,6.42128243058763e-05,0.00014710043700901277,6.42128243058763e-05,1.118974200274413,165.43986071628544,8.76937962,0.0626698583
63,0.00016603048814184932,0.0003645481312733099,0.00016603048814184932,1.671982650703397,160.66496064828388,12.0117483,0.0629485995
62,0.00013579395168362865,0.0003006096598324064,0.00013579395168362865,1.5397706811849712,161.32189346017327,11.1850462,0.063050732
65,0.00014301365520239613,0.0003153795795563712,0.00014301365520239613,1.5740279524158345,160.78005820948982,11.3770418,0.0629668683
63,0.0001346390354736793,0.0002993512996720705,0.0001346390354736793,1.5163972149645526,161.60323053051707,11.2539301,0.0628921688
70,0.0003774011019899921,0.0008089671474950896,0.0003774011019899921,2.42058761055622,164.58077379331078,16.3464317,0.0631698295
70,0.0005519261000354159,0.0011623151318824266,0.0005519261000354159,2.953518537760525,168.2997420993846,18.412365,0.0643179491
74,0.0003918770829670628,0.0008350549920980203,0.0003918770829670628,2.473287841366767,164.0193834521619,16.2434597,0.0633121729
81,0.000572770865944343,0.0012035232665682993,0.000572770865944343,3.10256234020505,172.2654921358583,18.3051414,0.0641194806
88,0.0012822176299975279,0.0025944190320179514,0.0012822176299975279,4.986807808843705,187.87258113254669,26.2628345,0.062541835
68,0.00028940430591080797,0.0006228890636252423,0.00028940430591080797,2.1458539523754956,161.5877963405786,14.6609592,0.0631884411
75,0.0007501146634931302,0.0015575593506404269,0.0007501146634931302,3.54473757407055,176.55923747771462,21.1312408,0.0649124309
76,0.0007471748738397494,0.0015518885355220037,0.0007471748738397494,3.516295971062875,175.44618410994636,20.1311131,0.0653670803
73,0.0007871501556157081,0.0016279510637908167,0.0007871501556157081,3.577369150491635,172.18944381329854,20.2585354,0.0642216802
54,2.44788635872264e-06,5.238550017520788e-06,2.44788635872264e-06,0.45070797350126485,184.0076705295168,2.62342405,0.0627229959
54,2.2265414319217504e-06,4.785029342394727e-06,2.2265414319217504e-06,0.43507648663124066,181.82617768192475,2.55977082,0.0627646521
54,6.173664629631941e-06,1.3633119158904348e-05,6.173664629631941e-06,0.5778762883945583,187.0150924499639,3.43159938,0.0627078339
58,2.1324853501493145e-05,5.0745791991920406e-05,2.1324853501493145e-05,0.798512455087286,191.2409766470919,6.28963566,0.0626264066
51,2.35716162308112e-06,5.072915722727706e-06,2.35716162308112e-06,0.44404974022017885,179.81828705061352,2.599365,0.0627370626
55,6.957164136000467e-06,1.5471503293830624e-05,6.957164136000467e-06,0.5807649008563439,174.14439485647117,4.14193439,0.0626789629
56,7.453951978017218e-06,1.6592720649210828e-05,7.453951978017218e-06,0.5883356280254769,173.83789722958952,3.97613239,0.0626293942
56,1.3049020591426986e-05,2.948115251574706e-05,1.3049020591426986e-05,0.6863759174669526,172.5376954112679,4.75848436,0.0626124218
56,1.2987731748007617e-05,2.9454801922899405e-05,1.2987731748007617e-05,0.6825916263754107,172.0992603587599,4.71699429,0.0626453236
52,3.996028281467306e-06,8.759692269703695e-06,3.996028281467306e-06,0.5067026129361241,176.89547799243238,3.43672657,0.0627412498
55,9.04290013229746e-06,2.0237891343150987e-05,9.04290013229746e-06,0.6254170470282067,173.51521972803954,4.53327227,0.0627677739
55,7.748240932563559e-06,1.7358656672682935e-05,7.748240932563559e-06,0.6038078828455893,175.71937529867586,4.32195997,0.0627933517
63,0.00019800461410377496,0.0004823422850561034,0.00019800461410377496,1.7360294010442365,213.8981136260494,14.3165712,0.0627105236
80,0.0021149091709547706,0.004302420425212314,0.0021149091709547706,6.450793658392722,224.22208278821827,29.3819199,0.0628042072
57,2.268190987000861e-05,5.558294413587268e-05,2.268190987000861e-05,0.8274656970206234,217.63621538722455,6.61201191,0.0627187565
61,6.886549980068477e-05,0.000171986200377236,6.886549980068477e-05,1.1554059032923074,214.75297175781316,10.186676,0.0627073422
30,4.273357599645657e-05,0.00020646465764741418,4.273357599645657e-05,0.35981779208400066,186.5619750548502,36.7869301,0.0627072006
36,7.217232921186537e-05,0.00033715087457245697,7.217232921186537e-05,0.41365426986778014,187.1475614502099,42.9381142,0.0627694279
72,0.0011358930794200257,0.002439859056268235,0.0011358930794200257,4.230139280998137,207.9448714991194,24.8216171,0.0626349971
59,0.0001186644596828671,0.0002894570087767897,0.0001186644596828671,1.383561601272797,196.1645873181662,12.0940866,0.0626446009
57,3.477561047389852e-05,8.407921230932006e-05,3.477561047389852e-05,0.9184708482978048,192.08446130206764,7.76618385,0.0626358315
54,2.9093003732319043e-06,6.542077771916722e-06,2.9093003732319043e-06,0.494260431945969,236.23614337753418,2.8285501,0.0627349764
54,6.3075982621802675e-06,1.4834632601404678e-05,6.3075982621802675e-06,0.5989971690169108,239.08139757318614,3.94685292,0.0626589879
60,1.4334344190297439e-05,3.471941628502722e-05,1.4334344190297439e-05,0.7664128152681982,243.95473687833027,5.17861176,0.0628291741
52,3.473388974341026e-06,7.784237347690178e-06,3.473388974341026e-06,0.5156365875535178,226.40070783465026,2.91402912,0.0627385378
54,4.579806415427905e-06,1.0475481335226583e-05,4.579806415427905e-06,0.5528818924763267,228.75037760869031,3.37443733,0.0626893267
56,6.226082212770731e-06,1.4552426407435564e-05,6.226082212770731e-06,0.5976115598171553,234.16453459399077,3.88454747,0.062683031
57,8.392622557806404e-06,1.9792352088029186e-05,8.392622557806404e-06,0.631087002907379,222.36914493941083,4.05631351,0.0627171621
64,9.184713256919498e-05,0.00023369652426544752,9.184713256919498e-05,1.4043352698326228,281.2861874254684,10.484333,0.0630885288
62,6.763456438337032e-05,0.000172513636005005,6.763456438337032e-05,1.2492870345394553,277.1827095304058,9.39129353,0.0628822669
68,0.00011728376431101783,0.0002992580051372856,0.00011728376431101783,1.5715164395738073,292.6009844909062,11.4203548,0.0630400777
64,0.00011081838658491291,0.00028423533313934183,0.00011081838658491291,1.5207651480935316,295.2653462425918,11.1859703,0.0629715249
63,8.16021607980667e-05,0.00020627681515240925,8.16021607980667e-05,1.3383169104883834,273.50995225266746,10.0407019,0.0627864227
65,9.658346272940883e-05,0.00024218669503078727,9.658346272940883e-05,1.4573587231655503,274.1154134176746,10.5980463,0.0631166622
64,7.121427724515183e-05,0.00017831801257516184,7.121427724515183e-05,1.295514412657246,267.89578765941474,9.2529068,0.0631337687
65,5.2727751444962954e-05,0.00013133721164240866,5.2727751444962954e-05,1.2124201357684468,267.6417591973542,7.93189287,0.0632878914
63,2.9361320220703763e-05,7.222134978191773e-05,2.9361320220703763e-05,0.9795922330207869,254.94961513000453,6.50071287,0.0632593483
72,0.0002243934267076383,0.0005730005920109397,0.0002243934267076383,2.2315525625669945,340.5371665791878,14.1783981,0.06368009
71,0.00017916944826546554,0.00045938131551029,0.00017916944826546554,1.9724852348565418,328.4567806949637,13.2929544,0.063412495
68,0.00013860529363095617,0.0003561502056963494,0.00013860529363095617,1.708781418045337,311.8149540286181,12.1609106,0.063150838
73,0.00020921599321030852,0.0005300839731213158,0.00020921599321030852,2.106198522200952,318.90676254166834,14.0613823,0.0636265278
86,0.0005652354108583356,0.001447399212868212,0.0005652354108583356,4.159022678314576,466.99401209417505,18.7978039,0.0592577383
92,0.0007234268197325938,0.0018400720905422873,0.0007234268197325938,4.953125084435587,495.09727211389276,22.0755787,0.0573541187
87,0.0007441093072086584,0.0018569032224088496,0.0007441093072086584,4.678657563198144,448.16512610440464,22.0976028,0.0595574602
87,0.0006637045032078484,0.001651528875680078,0.0006637045032078484,4.275197873640246,423.9791456723177,20.1853256,0.0595919155
54,1.8280968068936108e-05,4.166095247828008e-05,1.8280968068936108e-05,0.7522810890937909,170.1735338959731,5.1692028,0.0626284257
59,6.7809432551361e-05,0.00015571450678441282,6.7809432551361e-05,1.138645407443804,166.0274372074004,8.97267532,0.0627052188
56,5.595190302762803e-05,0.00012851543424203743,5.595190302762803e-05,1.071964524249047,167.51246585406543,8.44883919,0.062612392
93,0.0014950567843877416,0.0030683397737586307,0.0014950567843877416,5.67887416796264,208.86892315686902,32.0874329,0.0604570098
62,0.00010492790749787849,0.00023598425059869895,0.00010492790749787849,1.3612689090473737,162.8336774620261,10.4182787,0.0629165769
59,9.788235858682207e-05,0.00022153216954561938,9.788235858682207e-05,1.3158104482197552,163.28925801204153,9.97506905,0.0629619509
59,9.830229176397246e-05,0.00022395695250193205,9.830229176397246e-05,1.309972607116967,164.99829892120596,10.2203045,0.062886849
66,0.0002554679941713582,0.0005507363917704999,0.0002554679941713582,2.057759079053085,162.1603241768485,13.8340559,0.0634270087
66,0.00019674381105529387,0.00042920569185260363,0.00019674381105529387,1.813830657226212,161.09945753280314,12.8385582,0.0630360544
66,0.00017815098375543494,0.0003920089666009513,0.00017815098375543494,1.709623009789456,161.87669060824322,12.4557486,0.0629237965
88,0.002025872041527616,0.004088374119560407,0.002025872041527616,6.807854299488058,210.82118540340784,49.6702881,0.0598022863
72,0.000561815383696879,0.0011769392758862421,0.000561815383696879,3.036415726978893,168.80105368237315,17.7888641,0.063873902
91,0.0016752220390475298,0.003390634187397003,0.0016752220390475298,6.221193793686902,211.57151547607882,31.0076046,0.0591867454
82,0.000991588965175181,0.0020356610817404883,0.000991588965175181,4.394561628588429,187.03965286142838,23.519001,0.0620505922
75,0.0004751631196451048,0.0010012650514120776,0.0004751631196451048,2.8104312852887503,168.62581763345366,16.9008102,0.0643521622
85,0.0013825362435176242,0.0028107353998025994,0.0013825362435176242,5.235050402708926,193.08978107307095,36.8426895,0.0645530671
87,0.0018841133053851835,0.0037279766872670775,0.0018841133053851835,6.396458219545939,197.8838701492808,35.5561752,0.0634291321
80,0.0010598599036992385,0.0021799589436911023,0.0010598599036992385,4.480773626672903,188.79375278351046,23.871788,0.0629349947
54,4.4296037516283024e-06,9.57516570408683e-06,4.4296037516283024e-06,0.5310088431897159,182.31854680990836,3.18384099,0.062783584
56,4.128020856325976e-06,8.974847123647094e-06,4.128020856325976e-06,0.5128374801433386,179.64981526981023,3.35996222,0.0627565309
58,1.6705332156266007e-05,3.879979469252638e-05,1.6705332156266007e-05,0.7493210962590459,186.51726329557968,5.32352877,0.0626249984
55,6.694226730144309e-06,1.47964181441446e-05,6.694226730144309e-06,0.5883524501220395,183.62160070867603,3.65578842,0.062699914
57,1.5492520042229233e-05,3.5055089965430676e-05,1.5492520042229233e-05,0.7272014873153717,172.06497094125214,5.26147032,0.0626836643
58,1.947680407338808e-05,4.440494861241211e-05,1.947680407338808e-05,0.7710737286023513,171.37299952842267,5.46388388,0.0626330748
60,2.185255197150981e-05,4.985240890590621e-05,2.185255197150981e-05,0.793662060333149,170.2837882483258,5.61119509,0.0626535788
57,9.902949902160991e-06,2.214144965201516e-05,9.902949902160991e-06,0.6497466735836729,175.9527974783092,4.51064491,0.0627918169
56,1.6220967315268e-05,3.658417075894108e-05,1.6220967315268e-05,0.7496665510780967,172.80271980504773,5.47499084,0.0628604591
65,0.00026156416110618893,0.0006278845317319708,0.00026156416110618893,1.9655841809399424,213.53416886356837,15.6846437,0.0627747476
71,0.000855827211861199,0.0018780552585912083,0.000855827211861199,3.6781118259055097,214.22303891207198,22.1484528,0.0628285334
57,2.3639425678680556e-05,5.772733476386005e-05,2.3639425678680556e-05,0.8410043532431958,218.0105258632603,6.66422701,0.0627484396
58,5.0109820496230045e-05,0.00012418436521598745,5.0109820496230045e-05,1.0551896203485123,215.5519312449864,8.87446404,0.0627829581
63,0.0001421578313238279,0.00034795231731300975,0.0001421578313238279,1.5319768605475783,213.37141386923042,12.7675934,0.0628546998
33,8.37769646264928e-05,0.0003888766839577136,8.37769646264928e-05,0.42270336575598527,184.3341362027761,43.3857574,0.062721774
73,0.0008548060076103546,0.002815492175071715,0.0008548060076103546,2.0668821174444467,199.91301443955192,68.6588287,0.0627552643
70,0.0009002772156617852,0.0019688092616056718,0.0009002772156617852,3.682283399577307,204.2502967468178,22.979166,0.0625921786
65,0.0003209219267641767,0.0007490661489255825,0.0003209219267641767,2.138731000445809,197.14553203466244,16.6799812,0.0626750067
62,9.136386038087776e-05,0.00022209871783404446,9.136386038087776e-05,1.257201294325281,193.07715790049406,10.8996553,0.0626961365
59,4.496227433904702e-05,0.00010852238108661756,4.496227433904702e-05,0.9986856896595051,189.73057854890595,8.44918442,0.0626831576
58,9.838924913033902e-06,2.354505154517245e-05,9.838924913033902e-06,0.6767668736289787,238.35967290750528,4.60905361,0.0628031716
61,3.223726366715571e-05,7.882048767111049e-05,3.223726366715571e-05,1.0212751781093437,250.38534430537385,6.68730974,0.063099958
57,5.850193792075366e-06,1.347983629734607e-05,5.850193792075366e-06,0.5862582425877804,225.2038653209182,3.63212323,0.0627215579
56,9.139878449569071e-06,2.1508297405773485e-05,9.139878449569071e-06,0.6623858183540066,228.22199927864676,4.27830315,0.0627279952
57,7.686219950456685e-06,1.8041602175919408e-05,7.686219950456685e-06,0.6356351717731833,232.80622073773844,4.15825748,0.0627018213
60,1.127268236374631e-05,2.672949346469911e-05,1.127268236374631e-05,0.7186764691733588,235.68941765751202,4.68899441,0.0628279597
57,1.0173683915840463e-05,2.4028524376177572e-05,1.0173683915840463e-05,0.6685251628023988,221.39455980128892,4.31555462,0.06273821
70,0.00014434611974101363,0.00036495365921821436,0.00014434611974101363,1.7523737384056233,295.0559306672968,12.4072533,0.0636833832
68,0.00015926202851216,0.00039789602307279423,0.00015926202851216,1.8112069235823833,287.4950435013615,12.5679874,0.0635315627
71,0.00032698167712088384,0.000802818657689296,0.00032698167712088384,2.688038177011823,320.4882432800761,15.6510487,0.0638810396
74,0.00020094543339066562,0.0005080955747139885,0.00020094543339066562,2.083907776149578,315.0498899111255,13.7300425,0.063421607
70,0.00018839568639297347,0.00046526127999074876,0.00018839568639297347,2.0044469132618254,290.2985838187312,13.2117386,0.0636631101
67,9.019789451293172e-05,0.0002262193701034688,9.019789451293172e-05,1.51682823147206,284.2012639223537,9.93188,0.0637404025
75,0.00025618082555411417,0.0006286273500647301,0.00025618082555411417,2.598387592898753,324.85991484412625,13.9443378,0.0628428236
66,8.391238765817491e-05,0.00020808737004485422,8.391238765817491e-05,1.536151296832116,281.67479233091007,9.40692139,0.0639261529
72,8.820897072207552e-05,0.00021669108127954267,8.820897072207552e-05,1.585267129183478,279.800483828908,9.54297352,0.0642093942
73,0.0001995059219958819,0.0004900723546625798,0.0001995059219958819,2.3670658086926157,318.20440940805696,12.6675463,0.0627052411
66,4.540803404229265e-05,0.00011209413112264265,4.540803404229265e-05,1.2008853604487764,264.82590557609797,7.62558794,0.0637992769
80,0.0005392329871765708,0.0013327544944939285,0.0005392329871765708,3.6923523710772383,384.2435269490784,18.5581055,0.0626597852
82,0.0005828187254896133,0.001458133148352855,0.0005828187254896133,4.063415107726059,423.1512381567528,18.9305553,0.0594744682
80,0.000428848083232514,0.0010660788895742554,0.000428848083232514,3.19280772931854,363.29216557635937,17.4333363,0.0644990653
71,0.00019734729181643428,0.0005025677387912878,0.00019734729181643428,2.0710796686618753,323.9271392782334,13.6121683,0.0638264939
79,0.0004853240603344732,0.0011940018171454122,0.0004853240603344732,3.4769092891351616,365.4288097575515,17.7801704,0.0628788099
78,0.0003745116843112011,0.0009201155318610269,0.0003745116843112011,2.878608736598583,330.7551451853287,16.5746441,0.0636461377
58,3.167260657217732e-05,7.23336631125096e-05,3.167260657217732e-05,0.8931071644143815,168.7498168323311,6.29399586,0.0626199394
60,0.00010520069892724863,0.00023891339900909692,0.00010520069892724863,1.349022631693361,164.65185060892915,10.5213528,0.0629886165
63,0.00011045803166450152,0.0002501524642321317,0.00011045803166450152,1.3816747954152435,165.37857064923614,10.9550257,0.0628619716
61,6.598202260798449e-05,0.00015054368952211394,6.598202260798449e-05,1.1411140800251014,166.74160751495293,8.82769966,0.062741369
106,0.0025759002703124485,0.005286282159258935,0.0025759002703124485,8.464706799006246,245.57780009854045,55.8422928,0.0573948137
65,0.00017469639026069576,0.00038736755098431303,0.00017469639026069576,1.6717835860328811,162.46398660721903,12.4968376,0.0630141124
64,0.00014785083418383777,0.00033187962746815836,0.00014785083418383777,1.5489958790385698,163.4594751964471,11.8393793,0.0631142184
64,0.00023168721328824002,0.0005086399352276478,0.00023168721328824002,1.8987150535225719,162.89863982939667,13.798543,0.063103117
74,0.0003593641387857199,0.0007645832464120725,0.0003593641387857199,2.4617472871147936,166.26693869910878,15.5779705,0.0643383116
66,0.00024720226196285817,0.0005347656042136978,0.00024720226196285817,2.0039396907287172,161.7461276833504,13.9003286,0.063193053
72,0.0003822823431064849,0.0008102982387871053,0.0003822823431064849,2.507757137895502,164.99994014107494,15.8003149,0.0637430027
68,0.0002711801345387392,0.0005862378573014113,0.0002711801345387392,2.0880660002339275,162.78087796542604,14.4017067,0.0631486475
102,0.002247811152465022,0.0045482905038393435,0.002247811152465022,7.768583719851572,233.10410700519634,42.1097183,0.057465449
94,0.0014465183401942922,0.0029639632609395924,0.0014465183401942922,5.863091675397526,212.74858762817345,34.1678619,0.0584088378
84,0.0009558743442552767,0.0019576004198444794,0.0009558743442552767,4.340106848244116,186.05246191928936,23.9477787,0.0636540502
55,7.6257672425043966e-06,1.682939377360184e-05,7.6257672425043966e-06,0.6167124914618344,181.52378060506152,3.9493103,0.0627734959
58,6.21615110802942e-06,1.3619680751574434e-05,6.21615110802942e-06,0.5774784064604833,179.3241291812255,3.75186086,0.0627640337
58,1.691447428404433e-05,3.908161543735366e-05,1.691447428404433e-05,0.7544410548226647,184.47114039914115,5.27535439,0.062655434
60,1.7764949039388296e-05,4.059232705087296e-05,1.7764949039388296e-05,0.7703789410063567,181.74683504123584,5.22082424,0.0628629029
61,3.25440736410077e-05,7.365676315351968e-05,3.25440736410077e-05,0.925280203557592,169.94952944390332,6.67818546,0.0628962442
61,2.2739626538365464e-05,5.161158276500217e-05,2.2739626538365464e-05,0.8132628594682133,170.6148874627456,5.773242,0.0627037361
59,4.006604629992389e-05,9.118350005743652e-05,4.006604629992389e-05,0.9723246578090324,168.42742593714087,6.9155221,0.0627655387
61,1.4702521198086464e-05,3.3045683726185105e-05,1.4702521198086464e-05,0.7371567853293903,176.4532765183839,5.11790085,0.0628725514
62,2.2649564203368283e-05,5.119510867392401e-05,2.2649564203368283e-05,0.8300164913947133,173.47768616751225,5.94726515,0.0629376248
59,4.1196423594275856e-05,9.30210423067363e-05,4.1196423594275856e-05,1.008377079139092,170.68115545182044,7.31377506,0.0630240291
67,0.0003320977944996539,0.0007800789962173476,0.0003320977944996539,2.234089474263489,212.43300012763385,16.8047009,0.062852487
75,0.0009530301439785705,0.0020564025358452216,0.0009530301439785705,3.980472160559551,214.49232243556398,22.8642731,0.0628249049
61,3.149200805180543e-05,7.725709263584933e-05,3.149200805180543e-05,0.9221247804122988,218.84240268595084,7.38400888,0.0627725124
59,7.791917787031823e-05,0.00019165021414631233,7.791917787031823e-05,1.2438382223913784,215.74516246099617,10.3075476,0.062797457
62,0.0002237888784976155,0.0005339873519396985,0.0002237888784976155,1.8873373851645703,213.0018576186356,14.4718437,0.0628170148
110,0.005206467895056125,0.009640896434429102,0.005206467895056125,12.483200873249597,235.28952493823454,65.2391891,0.0627860054
76,0.0014416306863912888,0.0029956635219091686,0.0014416306863912888,5.143609813773095,216.0111473180061,25.6627579,0.0627959967
35,4.1666556789475484e-05,0.0001734126318937661,4.1666556789475484e-05,0.40655912170694636,183.77339345238238,24.834671,0.0629031137
76,0.001227428837119767,0.0026037804991159083,0.001227428837119767,4.46325555635973,206.05252332115836,25.139328,0.0627333894
71,0.0004753270774796972,0.0010789154478376747,0.0004753270774796972,2.6150057792024075,197.86742515743805,18.6096363,0.0626836196
65,0.00017851964029716702,0.0004229355139437616,0.00017851964029716702,1.6626778179873152,192.48845912293925,13.5595455,0.0627931878
60,6.0530392547109196e-05,0.00014489904674685515,6.0530392547109196e-05,1.1111562597377582,187.5390228286352,9.24404049,0.0627692193
60,2.1264419942819497e-05,5.15829502444301e-05,2.1264419942819497e-05,0.8790962525098026,241.91907273355932,5.8459425,0.0629530326
70,6.306968701947236e-05,0.00015446750267941544,6.306968701947236e-05,1.3606279313201535,263.3090645809206,8.39422703,0.0638383999
57,1.8345407319285212e-05,4.411963694325208e-05,1.8345407319285212e-05,0.8038148273472887,224.52110898804492,5.40144205,0.0628308579
57,1.8763032489184672e-05,4.510259050769625e-05,1.8763032489184672e-05,0.8282509655839368,232.00120510362112,5.44886398,0.0629870072
61,3.099390314419465e-05,7.530016610225542e-05,3.099390314419465e-05,1.014154374236809,243.18304194068725,6.57594109,0.0632492006
76,0.00039938362733071673,0.0009647395305957563,0.00039938362733071673,3.004449081747029,320.52730246653306,16.5087833,0.0646297783
78,0.00047729517460133776,0.0011493241032554094,0.00047729517460133776,3.450533532176271,339.33010097534344,17.1556644,0.0634768158
73,0.00029072091869287563,0.0007105600295845018,0.00029072091869287563,2.653974943569438,318.93366172627447,14.8624315,0.0647410229
78,0.0007689812106212779,0.0018321831606866795,0.0007689812106212779,4.569131999090686,376.1318797805501,21.6440639,0.0604715012
81,0.0002972407748514846,0.0007338474626941945,0.0002972407748514846,2.9924986756834318,356.55533329341444,14.5620594,0.0599130653
81,0.0004539016881675177,0.0010982805610933752,0.0004539016881675177,3.674435541136647,367.9072119810781,17.1572151,0.0595257767
78,0.00028167196179548407,0.0006884579118333786,0.00028167196179548407,2.988502156554113,350.89350534269977,14.2023754,0.0596716814
78,0.0002075049607163015,0.0005116572038913865,0.0002075049607163015,2.6523645640247233,346.6718675448589,12.8106575,0.0602599941
80,0.00022927478268514536,0.0005601788704062762,0.00022927478268514536,2.7534552314956033,338.59619341242785,13.1362314,0.0587427393
85,0.0006844188732411127,0.001695700957461501,0.0006844188732411127,4.433793442946918,424.0360904278405,20.7779827,0.0596165657
88,0.0008923675685430523,0.0021615662611761247,0.0008923675685430523,5.057177492240817,417.39399045612396,24.1740608,0.0596037954
65,0.00020109216309771883,0.00044504112527790147,0.00020109216309771883,1.7808438345739304,163.76663227738146,13.169136,0.0631065667
62,0.00013502746421621378,0.00030313139789804366,0.00013502746421621378,1.5141565060386295,164.60218156675012,11.7082996,0.0629315525
61,7.91213147379818e-05,0.00017864049054591976,7.91213147379818e-05,1.2466867669435124,166.85569482917552,9.0836916,0.0628905669
67,0.0003492802420574647,0.0007473703978453498,0.0003492802420574647,2.3383112396326373,163.36379054374538,15.6879416,0.0632159263
69,0.0003149418324821776,0.0006802558164816882,0.0003149418324821776,2.2159792632992654,163.99792176118848,15.2368708,0.0634023324
79,0.00074831622309731,0.0015472811122635558,0.00074831622309731,3.795786178955712,182.74523691483586,20.5037632,0.0651478097
74,0.0005948489250582923,0.0012347694221708726,0.0005948489250582923,3.176386812302041,169.61939018409333,18.1291447,0.0635930598
77,0.0007576414407943908,0.0015664106709637625,0.0007576414407943908,3.750737640903852,180.12641272842922,21.2354603,0.0650765002
85,0.0010051081093397291,0.002103523443312766,0.0010051081093397291,4.785671025375226,206.19367540803705,34.4348831,0.0615166351
59,1.6744770289670737e-05,3.789914292589318e-05,1.6744770289670737e-05,0.7680020613914871,179.04546529805208,5.11731005,0.0629176721
60,3.0041613251412673e-05,7.001771262687192e-05,3.0041613251412673e-05,0.9031220994562447,183.26916827243605,6.67197752,0.0628027618
60,3.1494908764887235e-05,7.247844734984615e-05,3.1494908764887235e-05,0.9292324068830662,180.93904920133656,6.5190177,0.0629893169
63,6.115110609786255e-05,0.0001376924865147959,6.115110609786255e-05,1.1529391492597805,168.05069227963492,8.05302525,0.0630448535
60,2.0270515991931827e-05,4.5662488740753696e-05,2.0270515991931827e-05,0.8120264002153242,175.96333881503205,5.70401239,0.0629315674
64,4.161799929756056e-05,9.443758153653784e-05,4.161799929756056e-05,1.0406412752324294,179.16258183960866,6.9868598,0.0632110983
62,2.9476745509680736e-05,6.648674415939712e-05,2.9476745509680736e-05,0.9106823011911638,172.90528154011886,6.50580549,0.0630406365
63,5.357275361697609e-05,0.00012054217652190545,5.357275361697609e-05,1.119406684729037,171.96144421190354,7.98495293,0.0630417541
63,7.447942463920896e-05,0.00016649206963915915,7.447942463920896e-05,1.2640523245831632,170.70836518632976,8.87773323,0.0632455349
71,0.0006490130709673321,0.0014379745799412537,0.0006490130709673321,3.253287839932169,214.5362365298407,20.1780796,0.0627745837
58,4.105898137643407e-05,0.00010031539935588795,4.105898137643407e-05,1.0260908323164442,220.70246822294123,7.89738369,0.0628103986
63,0.0001958936766261042,0.00046813160498666287,0.0001958936766261042,1.8087480720378633,215.4196859715194,13.924016,0.0627890378
61,8.34483852670847e-05,0.00020405866376547327,8.34483852670847e-05,1.307932696774172,219.947449464274,10.4558821,0.0629224926
86,0.0021758132806763194,0.004366267702754873,0.0021758132806763194,6.526686943290656,213.56088755848626,29.4933357,0.0629982203
81,0.0013357178999922768,0.0027775245674905276,0.0013357178999922768,5.042960427644037,218.32082926018268,24.3276711,0.063135609
40,3.189608909067143e-05,0.0001280967276165924,3.189608909067143e-05,0.4151088402277389,187.20316517412903,19.955513,0.0632626936
73,0.0008224996295518986,0.0017888194930704622,0.0008224996295518986,3.560486666928524,201.21480345839774,21.9540901,0.062829949
69,0.00047380857675183237,0.0010663725770335506,0.00047380857675183237,2.6569222396350267,196.42991424957918,18.5608463,0.0628103614
62,0.00014002015159703417,0.00033097396501675366,0.00014002015159703417,1.5338283909401,189.50909084731825,12.4379787,0.0629215986
61,5.438315640540641e-05,0.00012821758623853915,5.438315640540641e-05,1.0908863351297826,185.4001714794393,8.49848175,0.0628812909
64,3.8697636792928886e-05,9.446094787847165e-05,3.8697636792928886e-05,1.137947485708443,254.90919637318132,7.04797316,0.0632417575
77,0.0001525166606680536,0.000372575936029949,0.0001525166606680536,2.2774657281993456,318.29924713970934,11.4734564,0.0593490303
80,0.00016669763262137815,0.0004023837259983781,0.00016669763262137815,2.388735503626263,314.49078613409813,11.7346058,0.0602240153
61,3.3611599015207466e-05,8.172418413856428e-05,3.3611599015207466e-05,0.9719748655030017,225.56322180076393,7.14077282,0.0629664436
62,2.940529383616039e-05,7.116235302814196e-05,2.940529383616039e-05,0.9509979485948865,229.40421455064944,6.55415201,0.062867634
67,5.569807045176927e-05,0.00013547579456440402,5.569807045176927e-05,1.2524155453296886,243.30910167178988,8.31665897,0.0634273589
65,4.571464295422139e-05,0.00011112584696456646,4.571464295422139e-05,1.2114339717794316,250.6723850337005,7.44289255,0.063748017
67,0.00012274490322769784,0.0002974500035781972,0.00012274490322769784,1.9519482416574878,285.81555558599547,10.7018394,0.062184941
93,0.0006773036492310661,0.0016458737692528899,0.0006773036492310661,4.677649720110571,417.54572096416473,21.1881905,0.0589201935
65,0.0002933179464564223,0.0006373419371114601,0.0002933179464564223,2.14132932131356,164.40892483235498,14.9752769,0.063336812
64,0.00014295620340408472,0.00031889705343878064,0.00014295620340408472,1.5690414826824144,165.89794485983688,11.5840397,0.0629486814
68,0.00023483251582247605,0.0005157109658361322,0.00023483251582247605,1.9372193578823427,165.53213604374187,13.8844309,0.0631746128
65,0.00011637681620633226,0.0002599563615591561,0.00011637681620633226,1.4610162856048796,166.97718977575988,10.6436777,0.0630221814
72,0.00047275590221490033,0.0009962128950008965,0.00047275590221490033,2.7795175368452028,168.03813892826255,16.9403496,0.0635569766
73,0.000587678568975919,0.0012260842457040234,0.000587678568975919,3.082899694973966,168.68340928376335,18.184164,0.0636956617
101,0.0018759795530594464,0.0038280344256034432,0.0018759795530594464,7.362092699714128,236.51595197547243,40.3517532,0.0588017814
77,0.0008006152132751179,0.0016512429856441531,0.0008006152132751179,3.831907476727572,180.2579869648137,20.7330418,0.0639429763
91,0.0011733516205347466,0.0024230061604059846,0.0011733516205347466,5.4139704574548935,215.56649895703768,26.2793388,0.0580677614
61,5.5347981736512164e-05,0.0001290389903237981,5.5347981736512164e-05,1.121906954473102,184.70134199873777,8.44539642,0.0630252883
63,4.5116877112582116e-05,0.00010321231919731107,4.5116877112582116e-05,1.074464553948049,181.94319178562856,7.26808023,0.0632043704
65,0.00015432955201943521,0.0003407078739537268,0.00015432955201943521,1.6615441350737359,169.7227457487059,11.4880915,0.0635038689
64,4.114669581136114e-05,9.287889970234847e-05,4.114669581136114e-05,1.041599869435607,176.9921281516612,7.06183243,0.0632113367
70,8.963905937265962e-05,0.00020256400220688734,8.963905937265962e-05,1.4123264903876953,185.2985077405957,9.48708725,0.0635893494
64,8.671043777299613e-05,0.00019367900457421653,8.671043777299613e-05,1.411383486856845,181.04477980347352,9.05133629,0.0636053234
65,5.1775672789035907e-05,0.00011634720010965224,5.1775672789035907e-05,1.128446261078989,175.24983894327664,7.75720406,0.0633900166
65,0.00010541292977330372,0.00023380505203884116,0.00010541292977330372,1.4693605643897805,173.8200393111938,9.9228096,0.063456744
68,0.00016550131417750617,0.0003630175374566415,0.00016550131417750617,1.7666815079611269,173.59370529813194,11.6216421,0.0637288317
72,0.0008512812610011285,0.0018420015511231304,0.0008512812610011285,3.8263234459431574,217.07624634158046,21.3372993,0.0629419684
66,0.0002489156218840224,0.0005860654781326496,0.0002489156218840224,2.0437076055077275,216.81869583076255,14.9157448,0.0629005283
74,0.0005219607616272929,0.0011674366969371267,0.0005219607616272929,3.078436529873037,226.56618048376714,18.2723064,0.0634692684
63,5.256004489945146e-05,0.00012818370208605016,5.256004489945146e-05,1.1403662680565365,225.47479845624147,8.55360889,0.0631226003
69,0.00026632203132975394,0.000623033514743469,0.00026632203132975394,2.1992158062601104,227.91725719938697,14.8649693,0.0633761957
62,0.0001559786629283552,0.00037519158887060205,0.0001559786629283552,1.7393324938954406,229.36044125070632,12.7797518,0.0633850768
76,0.001083963985047032,0.0022944391688398155,0.001083963985047032,4.256339121530712,205.21159780369518,23.5454483,0.0631206334
84,0.0021185246053159624,0.004258069834970672,0.0021185246053159624,6.532269072523045,217.00734825856367,28.8111801,0.0632554889
83,0.0011655375457956742,0.0024444259671504956,0.0011655375457956742,4.867288572310353,226.21647317527032,24.2973175,0.0635057315
88,0.002340162241141159,0.004674634177095624,0.002340162241141159,7.486740620491619,235.55285151026024,36.6524506,0.0637836307
68,0.00027520274320362624,0.0006343243989238058,0.00027520274320362624,2.074855153208938,194.2316082123804,15.7385654,0.0630497858
60,0.0001251598979758977,0.000293864187856849,0.0001251598979758977,1.4983997543603715,189.33501198625046,11.7761936,0.0631180629
64,9.469227395407512e-05,0.000220935671783364,9.469227395407512e-05,1.3844878154128524,190.60301263953804,10.1727724,0.0632976294
82,0.00021322851277434172,0.0005170058916890855,0.00021322851277434172,2.811989944366275,340.6214696622142,12.7578659,0.0574661978
69,8.000227888153524e-05,0.00019451293017829524,8.000227888153524e-05,1.4334285737147718,243.9195099980708,9.63954353,0.0634559691
70,0.00015521997738840145,0.000374262519842686,0.00015521997738840145,2.096358518216924,278.820222838399,11.6574507,0.0621824786
79,0.00022488800574955412,0.0005396155275653435,0.00022488800574955412,2.727480314333011,315.70388287462777,13.0222387,0.0592161715
71,0.00046415436506477083,0.0009854707498179827,0.00046415436506477083,2.7324885327186648,169.51580891046768,17.2494087,0.0636448115
68,0.000201210242340408,0.000441949067750396,0.000201210242340408,1.8372596682634996,166.48575858200348,13.1141472,0.0631327629
72,0.0003244423575234155,0.0006987014550979586,0.0003244423575234155,2.3339927903600586,169.4623896737625,15.344903,0.0633408353
68,0.00025092111188415584,0.0005446998252871212,0.00025092111188415584,2.0574480405237963,169.30902119983315,13.7278261,0.0637992769
73,0.0006764166440630606,0.0014043881001969882,0.0006764166440630606,3.424354289755721,175.4295803359675,18.9771423,0.0639255643
72,0.0006853403508742024,0.001419501624573106,0.0006853403508742024,3.4027052758552108,172.44157845193453,18.9538269,0.0639030486
71,0.0005669416663283826,0.0011897076037870984,0.0005669416663283826,3.0987245892712476,173.21104217896513,18.1380386,0.0638880506
92,0.0014474676904687599,0.002970301556752659,0.0014474676904687599,5.927879091833288,215.6894367236746,37.6993675,0.0586262085
66,0.0001041759614206439,0.0002387116036447514,0.0001041759614206439,1.492589774253627,191.09942351061028,10.2228317,0.0634748489
71,0.00010856203125360515,0.00024654007151146364,0.00010856203125360515,1.5563229601566044,191.93223621558909,10.2399683,0.0637293756
70,0.00030787204282325546,0.0006630816383809432,0.00030787204282325546,2.3709911308700966,178.04204764400788,14.4272299,0.064242512
71,0.00013792223852594423,0.00030802537815177754,0.00013792223852594423,1.8043984784026912,195.21805235140528,10.6763039,0.0641144961
71,0.00012128810996092256,0.00026959050329250066,0.00012128810996092256,1.641026510072132,184.74159329675325,10.410696,0.0640673786
69,9.29143116103269e-05,0.00020741044429705576,9.29143116103269e-05,1.4382946622968134,179.10311552707512,9.54375839,0.0638373867
68,0.0002776717199278778,0.0005987450648151211,0.0002776717199278778,2.3093003541988746,181.1213753549773,13.6915064,0.0641820952
75,0.0005190184134722006,0.001101723341341068,0.0005190184134722006,3.3772341751964357,199.58375696880972,17.507782,0.0624726638
76,0.0007053935674067249,0.001537178045672885,0.0007053935674067249,3.715338934579412,229.67942514260054,19.341898,0.0637025163
71,0.00034564022949504783,0.0007937689317656567,0.00034564022949504783,2.559954393648457,232.33974453653607,15.8639917,0.0637621507
86,0.000881572828112505,0.0019087953151833066,0.000881572828112505,4.6467343622546595,258.66612902240587,23.7284946,0.062389303
66,0.00014198818119588676,0.0003422465285267564,0.00014198818119588676,1.7882546184791903,242.81300886072952,11.9485569,0.063812919
69,0.00020345533351267677,0.00048410856890661146,0.00020345533351267677,2.225156509402306,262.93957454772067,13.0275965,0.0634033829
73,0.0003930175064196695,0.0009001455368710115,0.0003930175064196695,3.0040902731418164,259.09162162367426,15.7942476,0.0623868965
74,0.0008389745947232496,0.001807262723460587,0.0008389745947232496,3.7088410404111514,204.30966337489303,21.6138535,0.0632708296
77,0.001028619145584968,0.0021797982671083013,0.001028619145584968,4.414148972699085,218.53517322527017,22.3912468,0.0637740791
99,0.0021976762825296316,0.004523503020296394,0.0021976762825296316,7.748056364049758,252.654144130734,45.4246407,0.0639752299
94,0.0018758255120846774,0.003848170569539883,0.0018758255120846774,6.840803403417271,247.51066406094668,32.5191917,0.0627361238
86,0.0018113396228564376,0.005411937144161653,0.0018113396228564376,4.1926388598102955,254.21204642626606,65.0670547,0.0605906546
68,0.00029216955118266304,0.0006694388206695329,0.00029216955118266304,2.1718381736845274,196.75611184764622,15.8489332,0.0633322746
65,0.00022032666827740508,0.0005055777266495848,0.00022032666827740508,1.9767429605183633,198.15257898246668,13.8505144,0.0636080354
66,0.0001499771914187787,0.00034332947305150256,0.0001499771914187787,1.7620730423102746,198.84585958213427,11.8831244,0.0638292208
79,0.0002725139408986263,0.0006451562589134079,0.0002725139408986263,2.829046813872322,297.60838002182516,13.9812441,0.0595965013
75,0.0005146939001150585,0.001087592996837242,0.0005146939001150585,2.9481847294448014,174.84742196185235,17.6119862,0.0638009608
70,0.00032241795881537597,0.0006940605541767308,0.00032241795881537597,2.351625369641974,172.04170292526453,15.0185127,0.0641767979
78,0.0005741148941247242,0.0012132301205343638,0.0005741148941247242,3.359773912910086,190.6978561312513,17.9532566,0.0631751567
79,0.00048162532211454756,0.0010186430484245966,0.00048162532211454756,3.0561886003714323,185.8172770626624,16.5577374,0.0643849522
89,0.0012525279124245851,0.002558752784102169,0.0012525279124245851,5.390491687190378,207.9572365759865,26.2643414,0.059585806
81,0.0011360856451416977,0.0023276653245431515,0.0011360856451416977,4.930699719616478,200.45513922959668,24.4253654,0.0605097525
93,0.001997260205771414,0.003987019042618542,0.001997260205771414,7.148555090147342,217.45690911209113,40.3743896,0.0593338497
73,0.00018694513070256744,0.00042515385898286845,0.00018694513070256744,2.123448041527563,214.18018723881468,12.4357147,0.0620158613
75,0.00021146151620761265,0.0004714445649614805,0.00021146151620761265,2.425438996831904,219.01644743341495,12.5327873,0.0608944632
81,0.000830818730591125,0.0017266177497013832,0.000830818730591125,4.426918655228315,209.10804660639263,21.7225513,0.0609018244
89,0.000542726128502617,0.001171459044348807,0.000542726128502617,4.191939844235887,250.27970643139068,18.4082451,0.0589505248
74,0.0002818260352282776,0.0006188711930409551,0.0002818260352282776,2.6703297440516516,212.41457477571112,13.6575308,0.0608245917
76,0.0003275192596702625,0.0007148510901375446,0.0003275192596702625,2.7779390525622647,208.5281772598727,14.5221796,0.0609475821
77,0.00036105168161405533,0.000778312026184134,0.00036105168161405533,2.8606501569614604,201.28567892129325,15.0201597,0.062247429
88,0.0007588087836943238,0.001593545525957192,0.0007588087836943238,4.520244737641936,224.91028248883012,21.3843307,0.058774665
65,0.00024573955922120713,0.0006355935652271088,0.00024573955922120713,2.175734884251295,259.8515536290416,19.0706215,0.0593804456
86,0.0007936001430021636,0.0017556425761062243,0.0007936001430021636,4.620718739926998,286.1720742948733,22.3676929,0.0591076799
63,0.0002746484623727147,0.000759064524071533,0.0002746484623727147,2.1554826379525984,275.93384567905446,22.9680386,0.058444228
84,0.00047685249248251174,0.0010925461276173345,0.00047685249248251174,3.572891925137851,290.2159792179598,17.2970753,0.0603018105
70,0.0005234274728143222,0.0011531056935050123,0.0005234274728143222,3.032295221130269,208.44044807447133,18.1561947,0.0638713315
80,0.000733987678967186,0.0015932606516904653,0.000733987678967186,3.9253363267722676,231.04923759161426,19.5559158,0.0628828257
94,0.0015886408961770244,0.003376332354446874,0.0015886408961770244,6.884645300872471,289.2623846264652,30.5693035,0.057254944
71,0.0003261650225204439,0.0007301284760661871,0.0003261650225204439,2.569698699354242,212.35894386323764,15.158679,0.0639788806
75,0.00042952089796151213,0.0009525127855190329,0.00042952089796151213,2.8804558734123415,213.83287612708077,16.6861591,0.0641413629
85,0.00034251933421502025,0.0007709596151952298,0.00034251933421502025,3.261164174447604,253.485275457212,15.0591574,0.0582089722
81,0.00035161639449864476,0.0007923951119189596,0.00035161639449864476,3.043596303484143,242.81815728365243,15.4248829,0.0589978732
77,0.000961728439832146,0.0019990641121419694,0.000961728439832146,4.711867781503879,208.94937108261502,22.4071198,0.0593463406
78,0.000675456746058886,0.0014224697829013807,0.000675456746058886,3.7848181205522105,200.27756916495105,19.3989162,0.0610039122
85,0.000665599072782461,0.0014663902809057504,0.000665599072782461,4.154091886241903,256.8957256640176,18.9715347,0.0589513853
