n_points,HI2_percent,HI3_percent,HI_percent,SA_dyne_s_cm2,transit_ms,max_stress_Pa,mean_inlet_velocity
172,4.186844535731394e-05,6.454507669781234e-05,4.186844535731394e-05,5.556372217889597,656.8834561868084,3.80166483,0.129441291
77,0.00014264004339011957,0.0007444049425453442,0.00014264004339011957,1.600494473504292,395.0775796088778,46.3198357,0.131032199
82,1.9981351384898996e-05,4.038499173637689e-05,1.9981351384898996e-05,1.666346417837169,326.38135845895397,4.02943611,0.127892509
97,3.961435975750436e-05,7.771568384379269e-05,3.961435975750436e-05,3.7962824651100253,582.5217588127247,5.8413229,0.132341564
142,2.761839302398525e-05,5.600055964818441e-05,2.761839302398525e-05,2.863620084650692,461.08710831419273,9.49970913,0.134132877
94,7.470713174668325e-05,0.0002484779998051599,7.470713174668325e-05,1.6333166626977527,312.2795232067514,27.2274551,0.128192514
87,3.283017438635923e-05,9.249448822894417e-05,3.283017438635923e-05,1.320122801865608,301.2278639729697,12.3571882,0.12713486
125,1.5140066396999741e-05,3.480491193617105e-05,1.5140066396999741e-05,3.048991039099243,707.7257974329707,7.1613555,0.13064374
72,2.136245499296558e-05,9.835521218613485e-05,2.136245499296558e-05,1.2166197239486711,386.93987333401094,20.4404831,0.129834905
80,1.77088778810044e-05,3.6109009110129497e-05,1.77088778810044e-05,1.5540887618964672,320.44335051700995,3.91345811,0.127405912
82,4.375858751177306e-05,0.00013700603460513412,4.375858751177306e-05,1.1782248900876882,289.25128599156267,19.669487,0.126347885
165,5.4950328138851805e-05,0.00016795123822647227,5.4950328138851805e-05,4.708395072222481,930.6174530368916,21.5242615,0.119361565
148,3.3588824567311706e-05,6.963979408239243e-05,3.3588824567311706e-05,3.039264844688413,459.5695051110713,7.59231138,0.133388236
134,2.6869154907035475e-05,5.6389519379709046e-05,2.6869154907035475e-05,2.4806602610384494,409.17966626952176,9.35060024,0.130130813
113,7.454134548600005e-06,1.2071808005831548e-05,7.454134548600005e-06,4.695898684052908,1377.736111930353,1.12204289,0.131180346
101,0.00015365144124679082,0.0005275059256319546,0.00015365144124679082,1.684147703956181,308.9025486718619,30.2353077,0.127892092
78,6.420230539516706e-05,0.00020061078361092823,6.420230539516706e-05,1.35325507842045,282.3318379747347,24.0764999,0.126509473
82,0.000142751449849727,0.0004953536163651509,0.000142751449849727,1.4261816196819324,282.6076952608088,38.1190529,0.126201302
174,6.023631163288058e-05,0.00022030277266939404,6.023631163288058e-05,6.608859360417766,1362.8501925166445,30.3666515,0.124894798
121,1.0490480209479184e-05,2.2734653318303586e-05,1.0490480209479184e-05,2.5357365026005105,621.4858918057733,3.99882579,0.128921553
106,1.4505995233927916e-05,2.759791974412311e-05,1.4505995233927916e-05,2.002766448116623,397.49176036643587,4.10730124,0.127330497
72,2.7461016277196967e-05,9.94133562847289e-05,2.7461016277196967e-05,1.4904847378848733,413.66435072304984,17.2121105,0.129862756
84,1.858048354698913e-05,5.119326324229954e-05,1.858048354698913e-05,1.1095023909705162,294.0883069755878,13.1539316,0.12646836
75,1.393456528558256e-05,2.9612320371026664e-05,1.393456528558256e-05,1.3169740035545596,310.1985480786537,3.91748524,0.126645476
52,6.74587500299939e-05,0.0003345206179285074,6.74587500299939e-05,0.5209366464386856,245.85583661372613,41.3948975,0.126175836
174,0.0001952521834779006,0.00047178781552162266,0.0001952521834779006,5.263533092206767,564.6430175070781,21.9150581,0.132536829
74,4.8521732754073115e-05,0.00016339225497132029,4.8521732754073115e-05,1.2335567539924044,308.3474652724653,16.3613491,0.130629241
153,3.295426956686302e-06,3.8166693001546625e-06,3.295426956686302e-06,3.3183027705963166,1514.4387045415897,1.75636518,0.121591128
84,3.3877810125442676e-05,0.00010032501089683178,3.3877810125442676e-05,1.303574886215926,295.3733777811121,14.524025,0.127629057
94,3.5152280400151426e-05,0.00010892397832552237,3.5152280400151426e-05,1.409010095418821,321.402516463918,15.7952604,0.128216341
79,3.0650667085263e-05,8.617738825358046e-05,3.0650667085263e-05,1.2354159870430501,283.7926707858601,15.5243082,0.1270345
75,2.3683874212889305e-05,6.944694965047585e-05,2.3683874212889305e-05,0.9911322519857456,276.46406474997076,14.0909233,0.126308218
72,1.8547919927684983e-05,5.8381426005061565e-05,1.8547919927684983e-05,0.8133250869482936,273.4219694337353,14.1149769,0.126105338
167,6.398945366508769e-05,0.00021158960149453176,6.398945366508769e-05,5.080014873164622,1075.154632520609,23.7254753,0.123780705
112,1.354004240008249e-05,2.532675248442387e-05,1.354004240008249e-05,2.0695029270589154,407.5193628567909,3.85449719,0.126619115
68,2.0554453788559948e-05,9.73728125545171e-05,2.0554453788559948e-05,1.04992946842489,356.69833232043993,21.6311207,0.128857687
131,0.00011593078382274375,0.0004946063969945516,0.00011593078382274375,3.2698211547371887,652.1695577166813,42.3745537,0.13028492
80,3.371117092835602e-05,0.00010341968500022362,3.371117092835602e-05,1.0748786377052453,283.93815454571046,18.5921192,0.126312435
73,1.0678770545996377e-05,2.4019514582146867e-05,1.0678770545996377e-05,1.0401716540048092,292.74917097335015,4.9048872,0.126512989
72,1.31080192496779e-05,2.7884838659229936e-05,1.31080192496779e-05,1.2378322048028294,302.88515280679593,3.9088707,0.126688242
71,2.306951884272455e-05,7.595321823204486e-05,2.306951884272455e-05,0.795071809420286,272.80835626127896,16.6170368,0.125846341
57,0.0002719279934687702,0.0011653335959381998,0.0002719279934687702,0.7569447133459172,243.53334245384636,64.7845383,0.125777438
79,3.607335857894401e-05,0.00011272522914704112,3.607335857894401e-05,1.0337242071107906,281.0841966729981,18.1854305,0.126206234
136,8.784446515279322e-05,0.0002103628459834015,8.784446515279322e-05,3.556967291201342,456.94722521267374,21.9964981,0.131208003
100,0.00020240429518901326,0.0010748558690295248,0.00020240429518901326,2.578255793638181,638.0121801122331,56.5741005,0.12695381
68,1.077601548897345e-05,2.4626824636757298e-05,1.077601548897345e-05,0.9862125130152954,279.1078511611532,6.25810766,0.126503602
71,1.1574797407082235e-05,2.698970188602299e-05,1.1574797407082235e-05,1.1090012128006845,292.85421399349156,6.47716522,0.127181143
98,2.2013821913993697e-05,6.650513101757767e-05,2.2013821913993697e-05,1.394368079395052,334.14460187388977,13.0464039,0.128942013
63,8.762328931849786e-06,1.9335941564172997e-05,8.762328931849786e-06,0.8665388026212396,270.17055562438173,4.0713706,0.126543432
66,8.292073369070201e-06,1.916501035200136e-05,8.292073369070201e-06,0.7863975450886125,269.0723232847825,4.90493822,0.125892326
63,7.014540600524277e-06,1.868386121866067e-05,7.014540600524277e-06,0.6841009550321866,269.89738484863665,8.02015972,0.125866801
70,1.6523614258134453e-05,5.181820107979941e-05,1.6523614258134453e-05,0.7493875380221493,272.26577921940174,11.675868,0.125691906
104,1.3246782380928628e-05,2.5500902776952156e-05,1.3246782380928628e-05,2.037256142235852,413.53508219544585,4.09506416,0.127795696
104,8.517054743294828e-06,1.82982509616803e-05,8.517054743294828e-06,1.814285786534685,477.39528125482974,3.48562384,0.131139129
110,4.04841968022202e-06,7.412138208177007e-06,4.04841968022202e-06,2.114503671563456,689.0313604025861,2.45610952,0.126878247
74,2.0389202885027925e-05,6.209952870261487e-05,2.0389202885027925e-05,0.9376133337622238,280.5368630724144,19.3170528,0.125898391
73,1.0333258666563758e-05,2.463721830282642e-05,1.0333258666563758e-05,0.9415994595891741,285.5570916824031,6.4054966,0.126428187
84,1.2660464906086189e-05,2.4331345523477405e-05,1.2660464906086189e-05,1.6366820454273958,356.57721558215866,3.20474625,0.126656294
76,6.720113893430671e-05,0.00023729825147739586,6.720113893430671e-05,0.9152641431644472,273.6026612415513,24.8589668,0.125175998
47,0.00011328818045639174,0.0005567574647986186,0.00011328818045639174,0.5237455094924143,242.69748248913282,47.8789101,0.125353828
82,6.764980476815632e-05,0.00022989167308432913,6.764980476815632e-05,1.045230118584395,277.03863127320125,28.9000263,0.125773743
133,5.6947807166590974e-05,0.00012697612844503347,5.6947807166590974e-05,3.0257451621274782,425.85558730651735,9.31877518,0.13053754
133,7.508650147282901e-05,0.0001953619264262121,7.508650147282901e-05,4.186378455902717,618.5682332679032,19.6914902,0.125967771
134,2.5076550967938877e-05,5.076737438617554e-05,2.5076550967938877e-05,2.561227386043356,435.00979439136603,7.31046677,0.132350504
64,7.998587207504364e-06,1.76676657056019e-05,7.998587207504364e-06,0.9101929655934846,276.28450248516555,3.95123196,0.126787722
74,7.889803837593446e-06,1.7504010614191482e-05,7.889803837593446e-06,1.073895438385049,301.1785396382424,4.84228039,0.128241226
104,1.1785920558161603e-05,3.0382014431302244e-05,1.1785920558161603e-05,1.4361343727045108,350.9230019910216,8.20534801,0.129676387
62,6.838931245168808e-06,1.5167455056497169e-05,6.838931245168808e-06,0.7603136942183847,265.49261988176823,3.52115488,0.12665154
64,7.602577558314345e-06,1.662313984105882e-05,7.602577558314345e-06,0.8336384592870002,268.7711151351349,3.55822968,0.126175031
63,5.3157141208900954e-06,1.2083699510951368e-05,5.3157141208900954e-06,0.6739767551134781,266.76149234676296,3.52075839,0.125792146
58,4.809729785042998e-06,1.1266341890315299e-05,4.809729785042998e-06,0.646090263995753,268.24400102166044,3.87523246,0.125488862
59,4.032823074853211e-06,9.942538331366064e-06,4.032823074853211e-06,0.5823418257596907,268.8986564754272,4.06334829,0.125491604
64,1.3330104878227996e-05,4.666021016895835e-05,1.3330104878227996e-05,0.6647086552693278,271.06139406818096,14.0466509,0.125552014
96,1.1977110399422757e-05,2.4052032002888003e-05,1.1977110399422757e-05,1.8584825193793566,409.21467425043033,3.8599472,0.128919929
110,5.294499474519841e-06,1.062736275799431e-05,5.294499474519841e-06,2.279408374197806,646.05111521291,2.83157492,0.129800126
98,1.1860892390962816e-05,2.5891298096137926e-05,1.1860892390962816e-05,1.8384530567949058,441.57995063388,4.7927556,0.130837232
70,1.998267943565062e-05,5.905323069869906e-05,1.998267943565062e-05,0.9024687954596156,276.57170837571823,12.7077799,0.125673726
71,8.4474598430074e-06,1.9447674318242722e-05,8.4474598430074e-06,0.8779802505177359,281.6520519726899,4.23509216,0.126220077
67,1.1277782724922568e-05,2.4148365952076527e-05,1.1277782724922568e-05,1.1160963800079164,293.3343438382051,3.80242586,0.126654342
91,1.1771096359250875e-05,2.1724536645255046e-05,1.1771096359250875e-05,1.7680200469529905,364.54880597182427,3.51958179,0.127141476
68,6.72230353450589e-05,0.0002515494645289454,6.72230353450589e-05,0.8396035839792534,271.6817534102334,31.1181583,0.125164077
87,0.0007744185959219469,0.002857417631235733,0.0007744185959219469,1.6778687324695876,274.8325014654914,73.5932083,0.125180095
42,0.00029747357742954995,0.001410324672908962,0.00029747357742954995,0.6359223340052752,243.65591213555084,63.5112953,0.12531054
77,7.47049667705528e-05,0.0002599577672810302,7.47049667705528e-05,0.9580686716050627,274.50019086348306,28.2877502,0.125553429
127,2.041499360629753e-05,4.087809804033299e-05,2.041499360629753e-05,2.556091398816105,449.1828263543332,6.5997529,0.129447982
110,4.173588036603526e-05,0.00012894569593337784,4.173588036603526e-05,3.0025962901216197,545.7977435819872,19.5753918,0.121532507
108,9.876174842197706e-06,2.1656456555062816e-05,9.876174842197706e-06,1.5870989005016036,370.22678178964827,6.443717,0.131147712
70,6.2755848799343896e-06,1.3563931971114906e-05,6.2755848799343896e-06,0.9946215177866669,295.6094167357904,3.73405671,0.127510399
63,5.81496009402846e-06,1.2471269436441438e-05,5.81496009402846e-06,0.867336117169556,277.5048675909673,3.14425206,0.126466721
62,6.478278356378317e-06,1.4139848824272655e-05,6.478278356378317e-06,0.7980699676958686,267.83755442487603,3.18251085,0.125921607
76,5.2320217963738904e-06,1.0949460599718444e-05,5.2320217963738904e-06,1.0788212878591608,314.74428512932013,3.36267328,0.128711507
58,4.87661286541133e-06,1.0863389473466455e-05,4.87661286541133e-06,0.6581012748322324,264.36595660201283,3.00587797,0.125902981
59,5.446547455370256e-06,1.1853509035694359e-05,5.446547455370256e-06,0.702447810633962,262.5338455204173,2.86333561,0.125672549
58,4.154051428484341e-06,9.448755022760712e-06,4.154051428484341e-06,0.6120353446663946,265.86124936185485,3.27618599,0.125371486
50,3.4775022670992714e-06,7.970344957046773e-06,3.4775022670992714e-06,0.5742674403994723,265.6587253832631,3.41477036,0.125325739
57,3.6190627028498385e-06,8.952415962250904e-06,3.6190627028498385e-06,0.5558008640380294,268.47585886071414,3.83800173,0.125366926
50,2.8081165384841313e-06,6.6151103320058346e-06,2.8081165384841313e-06,0.5204473158792797,266.33350448482594,3.22188926,0.125262573
69,2.6580614673677744e-05,0.00010191546435621528,2.6580614673677744e-05,0.6753196538628826,270.99838551275843,22.4834995,0.12527363
62,5.222699153438611e-06,1.5636698830358243e-05,5.222699153438611e-06,0.5448245868779328,268.8498954033135,8.10822296,0.125227556
93,1.1505942322468595e-05,2.2924060649736355e-05,1.1505942322468595e-05,1.7203971683465162,383.4386745898529,4.011199,0.127784327
95,7.279761746434067e-06,1.534922050044054e-05,7.279761746434067e-06,1.6360372818122475,444.78076860337194,3.33962131,0.129282683
103,2.064511029238982e-06,3.1349993498753883e-06,2.064511029238982e-06,1.7077599559717909,606.7416010039229,1.76232743,0.123561017
69,1.7421917248559243e-05,5.483395798625801e-05,1.7421917248559243e-05,0.7989084366408415,273.5437133986567,13.6360979,0.125626341
64,8.799642100470472e-06,2.0980879805089174e-05,8.799642100470472e-06,0.8168403545463877,276.2188323625355,4.64020538,0.125997409
71,8.033406339218289e-06,1.8054787446943768e-05,8.033406339218289e-06,0.8925766098383036,282.36415345699066,3.75117469,0.126459271
69,1.1063879250234842e-05,2.2837810579318658e-05,1.1063879250234842e-05,1.1709767634641106,295.45982727299065,3.57155609,0.126883864
83,1.0990980270838538e-05,2.0623571826291927e-05,1.0990980270838538e-05,1.6446456042141124,355.96484196111396,3.37869477,0.127012834
41,7.780083214276845e-05,0.0005091423858263944,7.780083214276845e-05,0.3650717137882742,243.36910733793545,77.4420929,0.125188142
40,0.00012202623952473854,0.0007271538940266291,0.00012202623952473854,0.4220141405555418,243.77073938560756,77.2725906,0.125272244
70,5.794917219524255e-05,0.0002114766422041065,5.794917219524255e-05,0.8218071645528493,272.8367827852379,24.7592316,0.125324935
70,2.645732399329867e-05,9.006640251932678e-05,2.645732399329867e-05,0.7610359192166269,272.8396848029378,16.9151535,0.125430614
101,6.821321352845163e-06,1.3403367019857862e-05,6.821321352845163e-06,1.5774705813770602,376.2596859708882,2.99145746,0.130558759
79,4.96457470018675e-06,1.0076048443279637e-05,4.96457470018675e-06,1.146088977057385,326.44494657771736,3.18399644,0.12911953
136,1.7197447042330137e-05,3.4013582564164966e-05,1.7197447042330137e-05,3.024339155567734,514.0046256496544,6.52926683,0.122804694
68,5.217832100689248e-06,1.095250853441959e-05,5.217832100689248e-06,0.9441088064981451,291.0787208436834,3.11715293,0.126954123
61,5.3871035831802525e-06,1.1638189217824476e-05,5.3871035831802525e-06,0.7972298123876194,270.7672045908474,2.90462923,0.126306742
60,4.818695593681288e-06,1.030097904498183e-05,4.818695593681288e-06,0.7011765994369962,261.6632738473812,2.56321764,0.126131982
57,3.6799841961264097e-06,8.178212072535143e-06,3.6799841961264097e-06,0.5910276325962279,263.46673527865977,2.77231693,0.125603482
56,4.206628623145399e-06,9.146697389309285e-06,4.206628623145399e-06,0.6319236019889577,260.90646693431694,2.49523091,0.125826061
51,2.6497781021511835e-06,5.8865467016103925e-06,2.6497781021511835e-06,0.5256858546371873,263.81025697650205,2.65134025,0.125419065
56,2.5551374381026133e-06,6.231623586790418e-06,2.5551374381026133e-06,0.49096975864554027,266.8575176822182,3.43285012,0.125204936
53,1.8764166659492433e-06,4.171721100128393e-06,1.8764166659492433e-06,0.4668529986793547,265.09974563885896,2.45826936,0.12526606
65,4.305449041457828e-05,0.0001596428463815719,4.305449041457828e-05,0.6737568166272689,269.8803685309687,17.4785194,0.125328422
56,2.7629876566023295e-06,7.65941391006548e-06,2.7629876566023295e-06,0.47049166520056224,267.5867368140434,5.53367615,0.125336483
96,1.508635166681359e-05,3.6424884111481625e-05,1.508635166681359e-05,1.812351548369345,383.5159709133681,11.2498169,0.127816498
98,7.041119162686676e-06,1.4971137298526702e-05,7.041119162686676e-06,1.6432397194713002,454.5566485008511,3.29655051,0.130006671
91,2.846740651110438e-06,5.224900758197656e-06,2.846740651110438e-06,1.5725981344793056,517.0434142429231,1.87765479,0.127405718
99,1.889402320117929e-06,2.7886146493897346e-06,1.889402320117929e-06,1.5429673198106224,552.6199785126435,1.82774603,0.12328545
69,1.943619340086061e-05,6.736035541625402e-05,1.943619340086061e-05,0.746200653672007,272.7634621656086,15.8220768,0.125495449
64,1.0511514352840559e-05,2.9246991036104832e-05,1.0511514352840559e-05,0.7764499824143685,271.6354251933716,9.19470024,0.125672013
64,7.486198131325801e-06,1.746155169754615e-05,7.486198131325801e-06,0.7893740947970571,275.168944224839,4.29043722,0.126035884
66,7.109778509637856e-06,1.614276208070989e-05,7.109778509637856e-06,0.8207914464543837,277.5067005583515,3.82825327,0.126154035
69,1.043732404835469e-05,2.127287697897315e-05,1.043732404835469e-05,1.1529883886376582,293.1267095855103,3.43782544,0.126450196
67,2.963432824041527e-05,0.0001115797190560419,2.963432824041527e-05,0.6250940521375572,270.0745824665572,18.8607082,0.125286087
67,9.157370031581607e-05,0.00033406294197054127,9.157370031581607e-05,0.8256527297063586,271.5683355296271,28.2825298,0.125255466
61,2.691165720830979e-05,0.00011945508228290904,2.691165720830979e-05,0.6126612401610595,270.1212942839586,27.7352066,0.125183895
67,1.9948104007106106e-05,7.897907496210196e-05,1.9948104007106106e-05,0.6613322124837702,271.81046812511136,21.050272,0.125268668
82,4.942060034353385e-06,9.578280203650129e-06,4.942060034353385e-06,1.3445350320144391,352.79586079912417,2.62271166,0.130387619
69,3.984778536656277e-06,7.804271447298289e-06,3.984778536656277e-06,0.9624768958514102,299.71182671318604,2.40339684,0.128234655
70,4.141028301112745e-06,8.300929194122723e-06,4.141028301112745e-06,0.905966887684268,290.59451612530813,2.54326749,0.127326682
88,5.68896036581976e-06,1.0512193278480984e-05,5.68896036581976e-06,1.6665764136524723,375.8673289354756,2.52283692,0.130676374
106,1.0802979111008859e-05,1.610097583469557e-05,1.0802979111008859e-05,3.047395002201854,510.9743614374884,3.25715423,0.121068567
61,4.455264067207872e-06,9.367328547980079e-06,4.455264067207872e-06,0.8023544628127224,274.35238752524424,2.66802692,0.126776204
58,4.645534817787878e-06,9.93563841359938e-06,4.645534817787878e-06,0.726498499727009,264.77973440014574,2.6581459,0.126449734
55,4.511602640854241e-06,9.64787033688089e-06,4.511602640854241e-06,0.6786367926714213,260.45276422103746,2.48810196,0.12607266
53,3.921784820784542e-06,8.557046061518296e-06,3.921784820784542e-06,0.6112440751333831,261.0466711256808,2.57486439,0.125696346
50,2.89160800973588e-06,6.3072217961285654e-06,2.89160800973588e-06,0.5468371175631276,261.9060266312656,2.41981649,0.125486851
56,3.845392488915203e-06,8.208494495186465e-06,3.845392488915203e-06,0.6269333302948922,258.86471075897373,2.24530792,0.125850201
54,3.0268786508652357e-06,6.497417530404503e-06,3.0268786508652357e-06,0.561113531518156,259.5433620962537,2.15707517,0.125551105
52,2.1818106373034825e-06,4.805941893416414e-06,2.1818106373034825e-06,0.4922869188979116,263.1751633167162,2.38131428,0.125333875
51,1.6956726953151844e-06,3.867402308793708e-06,1.6956726953151844e-06,0.44654621529412053,265.52823659248605,2.45205021,0.125249937
51,1.6239020816138484e-06,3.5742534593213987e-06,1.6239020816138484e-06,0.44674035716868826,264.7164626508915,2.23557305,0.12518692
51,1.6893446386569122e-06,3.6488210273289265e-06,1.6893446386569122e-06,0.4590599554100919,262.88181533714896,2.04177976,0.125301033
56,2.658458593639529e-06,7.260552743753472e-06,2.658458593639529e-06,0.45562160433810195,267.7957310573621,4.00678349,0.125265628
54,1.2943269531059368e-06,2.9785826616949175e-06,1.2943269531059368e-06,0.4132661848124882,264.89281949898856,2.45739031,0.125251085
100,3.964291038747076e-05,0.00011947518272144876,3.964291038747076e-05,2.0881338754952883,396.1103005303645,19.4634705,0.128273278
93,6.589016448578233e-06,1.4310915744363369e-05,6.589016448578233e-06,1.6603245210762927,473.57143103102993,3.7965517,0.131234646
90,1.7076839093619483e-06,2.3563031970900776e-06,1.7076839093619483e-06,1.3651821814381195,499.71982111045423,1.81688905,0.12477579
62,1.03702689830745e-05,3.383066808342335e-05,1.03702689830745e-05,0.6966302970643974,271.3539264295568,13.4803505,0.125440136
65,5.872795421530731e-06,1.3998104424727585e-05,5.872795421530731e-06,0.6891960031303346,269.8595794831938,4.15820599,0.125543728
60,6.934269182967342e-06,1.597342088698757e-05,6.934269182967342e-06,0.7663584413158161,271.6840216841003,4.0252471,0.125808135
67,7.0288701507617216e-06,1.5465808131572652e-05,7.0288701507617216e-06,0.8599924804748322,278.047266327784,3.24147487,0.126074806
66,9.987979637516269e-06,2.0592953685254315e-05,9.987979637516269e-06,1.1007708691155076,288.8098802613142,3.36153722,0.126015991
77,9.135259320312914e-06,1.7720421768696143e-05,9.135259320312914e-06,1.3533863938137378,331.0264383422547,3.03755999,0.126261666
63,1.3803456736704194e-05,5.868421843633045e-05,1.3803456736704194e-05,0.5297783078532305,269.57271050150143,18.6034718,0.125150159
64,9.801855692782224e-06,3.54715494074334e-05,9.801855692782224e-06,0.5249233759764458,269.17171279701444,12.2629652,0.125172511
60,2.5816415010617217e-06,6.528348700320266e-06,2.5816415010617217e-06,0.4879366179137833,268.9788138560943,3.56282234,0.125136226
59,2.8102198734905195e-06,8.309496997438492e-06,2.8102198734905195e-06,0.46060919012909923,267.68519906992435,6.13074303,0.125031888
57,3.651627541286818e-06,9.262590053138803e-06,3.651627541286818e-06,0.5516335114176257,269.65606515062206,3.9290657,0.125269368
72,4.323972590581781e-06,8.252763114989881e-06,4.323972590581781e-06,1.1067974285432056,316.01154639846936,2.13800144,0.130080432
64,3.5948458217122378e-06,7.124662773764654e-06,3.5948458217122378e-06,0.8510406307724689,285.2846561058269,2.23900747,0.127032369
73,4.6807146169762195e-06,8.90651601707029e-06,4.6807146169762195e-06,1.1682385563778888,319.16537171084633,2.39500785,0.130614609
90,9.498722308646483e-06,1.8495168358913177e-05,9.498722308646483e-06,1.9484263980509868,378.40351746872483,3.62665343,0.126470119
108,1.9542117001692606e-05,3.371823752822504e-05,1.9542117001692606e-05,3.9764749894009395,541.9115150078107,4.35990381,0.118628509
60,3.699950150058859e-06,7.63525033764912e-06,3.699950150058859e-06,0.7547404494254285,271.0550838831721,2.41162062,0.126864642
60,3.5057279947402795e-06,7.31362358829213e-06,3.5057279947402795e-06,0.6949039832454471,264.65438946444624,2.33920765,0.126464933
56,3.769196760361586e-06,7.966057001883378e-06,3.769196760361586e-06,0.6527966937461613,259.14019022723556,2.29074121,0.126076713
56,3.6824954563378915e-06,7.831094683126355e-06,3.6824954563378915e-06,0.6276282976986456,257.56796546798694,2.29588914,0.125881538
51,2.0893955397543877e-06,4.445493092716714e-06,2.0893955397543877e-06,0.4977187448036979,260.3532561663606,2.01213455,0.125415385
54,2.968932419026884e-06,6.3088408015079425e-06,2.968932419026884e-06,0.5663881681169838,256.5570880839805,2.11130261,0.125626519
48,2.4406199214785886e-06,5.19308948121608e-06,2.4406199214785886e-06,0.5209407751036043,257.62906973489856,1.8882184,0.125467882
52,1.7891771669504372e-06,3.822601736127757e-06,1.7891771669504372e-06,0.46946783564268285,261.31901938900376,1.97722363,0.125364602
52,1.122003261032058e-06,2.441213451308715e-06,1.122003261032058e-06,0.4039911081189573,263.4056288336206,1.89144683,0.125148252
50,1.0952704682095673e-06,2.2846711218588686e-06,1.0952704682095673e-06,0.40814984213354794,262.2613563127784,1.6502949,0.125138298
48,1.0017430281866694e-06,2.1022128853807413e-06,1.0017430281866694e-06,0.39794765043290414,261.8979064783522,1.7313323,0.125126228
49,1.2483754190084359e-06,2.61393203593004e-06,1.2483754190084359e-06,0.4218187739145767,261.0484228255595,1.58072662,0.125298604
52,1.1708886761087301e-06,2.694152065290351e-06,1.1708886761087301e-06,0.4075561805248966,263.47705315067026,2.50694013,0.124973759
54,1.3889809690088592e-06,3.319104775326603e-06,1.3889809690088592e-06,0.4180698923788634,264.5657706930045,2.62639904,0.125094086
53,1.1318767619852412e-06,2.507072708909361e-06,1.1318767619852412e-06,0.4076925423419745,264.02640237891876,2.32044291,0.125180081
51,9.422984670549556e-07,2.0129638537989665e-06,9.422984670549556e-07,0.3948134564949786,260.9430831478041,1.8620708,0.124957941
93,1.4181011719670951e-05,3.11203640630839e-05,1.4181011719670951e-05,1.6549809419901091,370.23798549885777,6.46095943,0.127720103
95,6.0100047728952156e-06,1.2358625905526783e-05,6.0100047728952156e-06,1.3847123021689909,388.7015553665939,3.10518169,0.129338607
92,3.963637310597214e-06,8.178715555199305e-06,3.963637310597214e-06,1.4454338907862883,461.7810408280475,2.89489198,0.130877748
91,1.7324435939898247e-06,2.659888100749536e-06,1.7324435939898247e-06,1.2966127946758208,475.2998201645073,1.75890517,0.122415483
61,4.269325793094133e-06,1.0450707839637452e-05,4.269325793094133e-06,0.6001796602689875,269.4613848062701,4.15758371,0.125361338
64,5.279310671867733e-06,1.2224834808813642e-05,5.279310671867733e-06,0.6787421821300881,268.87117966408175,3.89867234,0.125468478
56,3.980660888800797e-06,9.37239123455903e-06,3.980660888800797e-06,0.5996533283656308,267.52946475245295,3.62214899,0.125419497
61,5.512530147370367e-06,1.2488803278567853e-05,5.512530147370367e-06,0.7095251423536225,268.54932635188084,3.53376412,0.125575468
62,6.143844283752718e-06,1.341983726489017e-05,6.143844283752718e-06,0.8065540392239752,274.549516684147,2.96348715,0.125977874
66,9.14926519691407e-06,1.9113091743828244e-05,9.14926519691407e-06,1.0224103529212587,283.4931198609479,3.32538772,0.126379862
73,9.076741752023812e-06,1.7672329014305197e-05,9.076741752023812e-06,1.2652212828469735,313.00954151520153,2.74518919,0.126764625
53,1.3694698656347426e-06,3.2715569571560177e-06,1.3694698656347426e-06,0.417324681630999,264.55279823163517,2.62643027,0.125018612
55,1.8102658741509933e-06,4.61590495968157e-06,1.8102658741509933e-06,0.43244889744190373,265.79482727082365,3.27641535,0.125066906
52,1.3933723973538523e-06,3.2832301284075522e-06,1.3933723973538523e-06,0.4269624955330176,264.8090884108629,2.41100216,0.124920897
57,2.136026462698616e-06,5.179411824102406e-06,2.136026462698616e-06,0.4738667125468861,267.56275659860506,3.23215699,0.125155404
51,1.434566788987811e-06,3.2827714327447316e-06,1.434566788987811e-06,0.4353218735655474,264.0972805654496,2.48784971,0.124968842
51,2.1191624907535015e-06,4.94800845927385e-06,2.1191624907535015e-06,0.4872947210874739,265.6933251719505,2.89350247,0.125413403
55,2.557521205792392e-06,6.008441254082202e-06,2.557521205792392e-06,0.5156624399172127,266.7535400206733,2.81482291,0.125382155
64,3.224237118303802e-06,6.200356950651e-06,3.224237118303802e-06,0.855583176695534,286.0485602609042,1.83345068,0.126664832
59,2.961298153490791e-06,5.850860944935145e-06,2.961298153490791e-06,0.7537835340215623,274.0893697590165,1.99312878,0.126220465
67,5.877614167828318e-06,1.1491980573176385e-05,5.877614167828318e-06,1.2214835665744657,317.9896210213918,2.85693145,0.127521008
79,1.1843942944969514e-05,2.3877183072036014e-05,1.1843942944969514e-05,1.8294888914322673,353.8085423258948,4.16924,0.127505228
96,1.980926338791153e-05,3.7124221687093425e-05,1.980926338791153e-05,3.182939855048131,438.1866901958463,4.7644701,0.12295384
56,3.211715549692692e-06,6.712834759145153e-06,3.211715549692692e-06,0.6492514149286074,260.53134860846103,2.24570966,0.126000181
55,3.1876626363469896e-06,6.7194451804916785e-06,3.1876626363469896e-06,0.602427533083013,256.3303522021025,2.13323736,0.125845626
51,2.0744368475714333e-06,4.396329162745519e-06,2.0744368475714333e-06,0.49452754712006336,258.29673871951496,1.71465135,0.12534225
50,1.5444214767777105e-06,3.2365846198706307e-06,1.5444214767777105e-06,0.4523724380237162,259.14713934942733,1.52770662,0.125328511
52,2.434607352613227e-06,5.154926143609894e-06,2.434607352613227e-06,0.5268142333696891,255.52350546231318,1.89267743,0.12549676
51,1.6191853093751228e-06,3.403078555003808e-06,1.6191853093751228e-06,0.45758879211648773,256.73202011883745,1.54079914,0.125399694
49,7.979976444948241e-07,1.6436564337355952e-06,7.979976444948241e-07,0.3797875700619509,259.2756282260741,1.45630121,0.125021681
48,7.848319814149593e-07,1.5848973847302922e-06,7.848319814149593e-07,0.37630717957162624,259.41746033806396,1.45421827,0.125155687
47,8.792629166075432e-07,1.794139270338177e-06,8.792629166075432e-07,0.38440780688422177,259.6317494982562,1.32624996,0.125179663
49,1.1284634785230117e-06,2.334758570798246e-06,1.1284634785230117e-06,0.41037369230997695,259.35455100716206,1.56488538,0.125334382
53,1.1734481240225244e-06,2.6873352055741496e-06,1.1734481240225244e-06,0.41038869222213037,262.66954121558666,2.68003011,0.12490686
53,1.1548054993592918e-06,2.6543572263930004e-06,1.1548054993592918e-06,0.4105953839631276,261.3886433219853,2.52544618,0.124985673
49,8.858972199874667e-07,1.8754256946239252e-06,8.858972199874667e-07,0.3928654116704747,258.99123866632544,1.86058247,0.124805957
48,7.783748998510518e-07,1.6000068948588967e-06,7.783748998510518e-07,0.3803302013128574,257.3183214378727,1.3851155,0.124817431
49,7.935858107703319e-07,1.649075925463332e-06,7.935858107703319e-07,0.3838262229361458,255.60811133232636,1.51172066,0.124809951
86,1.006681480972997e-05,2.0851412130553237e-05,1.006681480972997e-05,1.4898294256681428,360.1752421328239,3.76258397,0.128042668
83,9.68391726393848e-06,1.96796049146138e-05,9.68391726393848e-06,1.421771490479776,345.4041406594083,3.42941952,0.127989948
92,4.945010768861874e-06,1.0362539138886518e-05,4.945010768861874e-06,1.3515020157230297,411.7117356503939,2.86469841,0.129696012
84,1.8566262734635022e-06,2.937161503660183e-06,1.8566262734635022e-06,1.2538057388743138,452.99943688421246,1.83309519,0.124264427
59,4.914235193086391e-06,1.1209470515354818e-05,4.914235193086391e-06,0.6625438796974437,265.79857635479823,3.51267862,0.125522882
57,3.474348767419558e-06,7.997723102710842e-06,3.474348767419558e-06,0.578934890200101,265.08994906660996,3.0508225,0.125369802
57,2.4363064758007703e-06,5.479683195083123e-06,2.4363064758007703e-06,0.5214636476262641,264.44646836127106,2.62344074,0.125342622
58,5.050449174816085e-06,1.1074405280298946e-05,5.050449174816085e-06,0.723047549811769,268.735380980405,2.93109918,0.125822186
64,6.1476543338579155e-06,1.338063416636656e-05,6.1476543338579155e-06,0.8150362037149237,273.0811140669036,3.03943086,0.126112774
64,8.361680433654813e-06,1.7340550879847367e-05,8.361680433654813e-06,0.9917517873870343,280.6865798287169,3.11331296,0.126317352
70,8.447679781152405e-06,1.6572974614713844e-05,8.447679781152405e-06,1.179222981285347,301.78585777727494,2.7527833,0.126906767
50,9.977568123070463e-07,2.2100540199584635e-06,9.977568123070463e-07,0.4030132785563687,258.96035276100855,2.17668247,0.124983765
53,1.1471547726956284e-06,2.6031803101581117e-06,1.1471547726956284e-06,0.4119441780423425,260.9436075135668,2.42726898,0.124969721
51,1.106045008045892e-06,2.452081449987251e-06,1.106045008045892e-06,0.4148363366606982,260.3768362310702,2.24302888,0.12483412
50,9.319864060279425e-07,1.9430277144289445e-06,9.319864060279425e-07,0.40578776587893206,257.8024599705437,1.67165399,0.124888331
52,1.483874473685673e-06,3.363191739283516e-06,1.483874473685673e-06,0.44277523631532895,263.2181751711647,2.46012974,0.125147671
54,1.506572969789022e-06,3.307588395512033e-06,1.506572969789022e-06,0.45022040878468617,262.0876866889883,2.07703686,0.125272498
64,3.375496565212539e-06,6.473240035708655e-06,3.375496565212539e-06,0.8825171133536002,288.4897896055145,1.89144182,0.126776665
58,2.6366008516401486e-06,5.248002816152592e-06,2.6366008516401486e-06,0.6937533620568863,268.6001192541383,1.88659656,0.126389235
67,5.928417216120991e-06,1.1794980843522521e-05,5.928417216120991e-06,1.1721654278924303,310.28346448029606,3.0222981,0.12682344
69,7.820470446384302e-06,1.5771193288584217e-05,7.820470446384302e-06,1.3503723227443738,321.5152876545007,3.52418804,0.127952203
81,1.554821593081437e-05,3.0184441582299868e-05,1.554821593081437e-05,2.41381204748394,376.26107813448186,5.93649244,0.126331702
56,2.990435692662689e-06,6.1901204819090445e-06,2.990435692662689e-06,0.6396314742125917,259.74342639994217,2.10326791,0.125926793
56,2.9808422439119143e-06,6.234618661556162e-06,2.9808422439119143e-06,0.6052006048722186,256.02771465837753,2.02960491,0.125935376
54,2.723136347347334e-06,5.751577679332437e-06,2.723136347347334e-06,0.5606436451655533,254.2384601383153,1.95860386,0.125710189
49,1.4211100667220466e-06,2.9740864059589266e-06,1.4211100667220466e-06,0.4378967176175939,257.6291505094029,1.65079975,0.125323981
48,2.191271940671454e-06,4.633475367994348e-06,2.191271940671454e-06,0.5110031180585008,254.1025997832958,1.83126652,0.125597417
49,1.7253547466947641e-06,3.6276134977486504e-06,1.7253547466947641e-06,0.46821305618911174,254.4455636539636,1.62712467,0.125543118
48,1.2032545370800244e-06,2.498873982711657e-06,1.2032545370800244e-06,0.42087547695665145,255.45863607275666,1.45175958,0.125368223
47,6.329415742567744e-07,1.258666353699164e-06,6.329415742567744e-07,0.3619064979479343,256.19363479946446,1.13466561,0.124986634
47,6.142399804431322e-07,1.2164409081473415e-06,6.142399804431322e-07,0.35266785209778645,257.0778121310756,1.06350899,0.125087827
48,7.761456241708438e-07,1.563862992974788e-06,7.761456241708438e-07,0.37224447682889084,257.55691347089623,1.28443146,0.125156119
49,1.083707200280954e-06,2.231130198908255e-06,1.083707200280954e-06,0.4045467602059448,258.56514132704876,1.45350075,0.125334993
49,9.803250207363938e-07,2.142098270342148e-06,9.803250207363938e-07,0.40416497508265586,255.17755532522847,1.85585856,0.124733262
48,8.598014728556479e-07,1.836139284990685e-06,8.598014728556479e-07,0.39324726768208385,252.23563306365472,1.6811676,0.124952689
48,6.951627579492332e-07,1.4317893395051365e-06,6.951627579492332e-07,0.3708624845448402,252.56355042696532,1.30147791,0.124827959
51,7.678432710173465e-07,1.6300947183395653e-06,7.678432710173465e-07,0.377425115496003,249.65261426508943,1.48979402,0.124835774
79,8.317274350843798e-06,1.6518158020706333e-05,8.317274350843798e-06,1.3206354454163236,331.2654273075012,3.15131378,0.127927795
86,4.385329132868319e-06,8.977807484852706e-06,4.385329132868319e-06,1.2099706617247192,375.9095315814503,2.43283367,0.129356712
85,2.4886976459845244e-06,4.647620416849533e-06,2.4886976459845244e-06,1.254109716314821,432.2618818881515,1.81894004,0.126126707
85,2.1452606150811385e-06,3.8972606857503555e-06,2.1452606150811385e-06,1.1956243375156228,422.56817760526224,1.8834573,0.126239225
58,4.336952580954407e-06,9.733658202999968e-06,4.336952580954407e-06,0.6418788768118354,264.32016604021163,3.1168294,0.125599131
56,2.748414587101e-06,6.1127960766890815e-06,2.748414587101e-06,0.5478452774052931,262.4961570969392,2.58729839,0.125362143
52,1.5039376960861166e-06,3.2738458768519596e-06,1.5039376960861166e-06,0.45238445545939193,261.48623416952523,2.08101368,0.125294268
54,1.8922375967996223e-06,4.1226220156069474e-06,1.8922375967996223e-06,0.4855144131983502,260.8306165496113,2.17840004,0.12519604
63,4.625879234537624e-06,1.0074500867831506e-05,4.625879234537624e-06,0.6908378693342266,265.2197540284215,2.93143511,0.125757784
63,5.691259288249904e-06,1.23028124695759e-05,5.691259288249904e-06,0.7899544773424986,269.758287080113,2.89078379,0.125983089
65,8.45451170685533e-06,1.709731992534778e-05,8.45451170685533e-06,1.0552005960613284,284.7711178425727,2.96784306,0.126598537
51,9.579956541486415e-07,2.1178798426929356e-06,9.579956541486415e-07,0.40211984337416207,254.5986707202213,2.02166748,0.124886416
51,9.61734441130882e-07,2.0965514040674296e-06,9.61734441130882e-07,0.40528488780559935,253.66575904614547,1.81880999,0.124748461
49,8.393618096230968e-07,1.7147712714666827e-06,8.393618096230968e-07,0.401929840877882,254.24411739317304,1.49634445,0.12469019
50,8.161881113889069e-07,1.6486327506970537e-06,8.161881113889069e-07,0.3973647478801081,254.7836291894754,1.49522662,0.124818206
51,9.9355890037937e-07,2.082204218055614e-06,9.9355890037937e-07,0.4114462378092089,257.9495203375373,1.71994865,0.124914996
50,8.603693036180072e-07,1.730021057127826e-06,8.603693036180072e-07,0.4011471596498907,255.85659107133546,1.36731184,0.124935448
64,3.4229338908097607e-06,6.588759326795867e-06,3.4229338908097607e-06,0.8955700893378417,288.45857370880776,2.09710336,0.126878634
59,2.5328449309912922e-06,4.918787741027395e-06,2.5328449309912922e-06,0.7371982716016426,275.0969491737941,1.79161847,0.126681104
59,2.5443341205400598e-06,5.129817533862392e-06,2.5443341205400598e-06,0.6487804373221686,262.60467422701316,1.88710582,0.125941738
64,3.919443475955068e-06,7.648755623091413e-06,3.919443475955068e-06,0.9495775628188856,292.01592763828535,2.46618104,0.127420872
64,3.913515984950834e-06,7.639721134302222e-06,3.913515984950834e-06,0.9635079802339142,291.95073059489044,2.31172037,0.128338903
100,7.821609576420468e-05,0.0002186391199914935,7.821609576420468e-05,3.8078480249373063,436.26608190896013,22.8446198,0.122397147
73,7.968440923729276e-06,1.5921587077705937e-05,7.968440923729276e-06,1.4054388684585386,321.43935290228364,3.65509057,0.128940016
54,2.5335901264124535e-06,5.187898873747145e-06,2.5335901264124535e-06,0.6034878866598345,257.13849872694897,1.9794488,0.125933737
54,2.532024317771594e-06,5.313110673062286e-06,2.532024317771594e-06,0.5631808749564409,253.88619144357733,1.96773303,0.12591444
47,1.0252219716169753e-06,2.0973214016138315e-06,1.0252219716169753e-06,0.4021501770870008,256.15053412526044,1.23011506,0.125408366
48,2.084053128935783e-06,4.403025083924134e-06,2.084053128935783e-06,0.5052164187940815,252.65185622760288,1.80081141,0.12571314
48,1.4222274781222964e-06,2.971112146365442e-06,1.4222274781222964e-06,0.4421904261869919,253.47534388259373,1.52610481,0.125486434
48,9.857112613077783e-07,2.023172961240442e-06,9.857112613077783e-07,0.39666495930997464,254.29962222557916,1.24338436,0.125409886
47,1.0464293946876516e-06,2.158946177526387e-06,1.0464293946876516e-06,0.40400708918931566,253.1439334323009,1.35402274,0.125281483
47,5.78329599036284e-07,1.151329721082574e-06,5.78329599036284e-07,0.34916196706622277,255.08696550270244,1.13495779,0.125139028
48,5.956893318141636e-07,1.1964088373033118e-06,5.956893318141636e-07,0.3547442230205466,253.76944608284145,1.16081631,0.124839835
49,5.590933440654609e-07,1.1096318136000278e-06,5.590933440654609e-07,0.34525930775694796,255.01094251958784,1.09271014,0.1250083
46,6.146586844836125e-07,1.2167288816405958e-06,6.146586844836125e-07,0.35295529989853996,254.91804044754073,1.02794111,0.124989815
49,9.221565627352234e-07,2.0410624719022863e-06,9.221565627352234e-07,0.4000345501164613,250.35188847686146,1.93928289,0.125082761
49,9.892075688352157e-07,2.178610811620756e-06,9.892075688352157e-07,0.40309449530443836,246.00907102660585,1.81026793,0.125114188
49,6.651293011098323e-07,1.352252841652749e-06,6.651293011098323e-07,0.36922020584271764,248.2723609457415,1.36394238,0.124908566
50,8.629644554308234e-07,1.8259387918738254e-06,8.629644554308234e-07,0.39408263217140715,246.104740549101,1.52442825,0.124935344
74,7.395725278014608e-06,1.4299113688625857e-05,7.395725278014608e-06,1.1854975905110454,307.6434129290036,2.63889456,0.127128169
83,6.307404990554992e-06,1.269568290258102e-05,6.307404990554992e-06,1.2434901287189501,339.73262532154365,2.88350964,0.128385231
88,4.151009500400405e-06,8.603548029808905e-06,4.151009500400405e-06,1.204066156083844,383.19929548222916,2.47640252,0.12905404
88,2.1129686010174237e-06,3.424620822411502e-06,2.1129686010174237e-06,1.223305574614266,422.405192840805,1.84993505,0.123206809
80,2.8913391302744133e-06,5.743317619401629e-06,2.8913391302744133e-06,1.1302252251163478,382.2735527585312,1.98094237,0.129000351
56,3.697011069313977e-06,8.221675034849022e-06,3.697011069313977e-06,0.6072993271661816,261.87253070208715,2.8544569,0.125538707
54,2.199860969004586e-06,4.749421008471317e-06,2.199860969004586e-06,0.5168658255225209,259.30847920393154,2.33083367,0.125334084
48,1.1201466408041007e-06,2.327726373079346e-06,1.1201466408041007e-06,0.4245763911633409,255.74518351627023,1.78004706,0.125043973
50,1.2319712797260808e-06,2.5519325563906067e-06,1.2319712797260808e-06,0.43739124206603414,254.83960883812844,1.70106006,0.12506023
57,3.794486929884288e-06,8.289975183571767e-06,3.794486929884288e-06,0.6283153525626767,261.0928822250941,2.73681402,0.125465021
61,4.4013015622122335e-06,9.50722756948753e-06,4.4013015622122335e-06,0.69162606111244,264.21783001101454,2.51997447,0.125793397
65,6.073031132076988e-06,1.294391016951769e-05,6.073031132076988e-06,0.8210376323150036,269.5795823293254,2.85751438,0.126152724
68,7.571720038634806e-06,1.519606003950515e-05,7.571720038634806e-06,1.0358022070236217,284.3541163815188,2.75417066,0.126500979
49,9.036255014802117e-07,1.9807402098281204e-06,9.036255014802117e-07,0.39794560767631115,247.30790175818282,1.63719296,0.124624155
52,1.0151707799005707e-06,2.278550475449771e-06,1.0151707799005707e-06,0.4069767156122909,250.1489300316543,1.87342441,0.124976322
50,9.374529766457472e-07,2.041270749340978e-06,9.374529766457472e-07,0.4055822999387235,247.72407468149333,1.85421073,0.124761425
49,8.637587957507645e-07,1.801873861708097e-06,8.637587957507645e-07,0.4051715088835821,247.9249793728715,1.49305952,0.124689735
50,8.059688191319806e-07,1.6466569363419685e-06,8.059688191319806e-07,0.39820524863749357,247.45898958793848,1.42756522,0.124803394
47,8.102806014155692e-07,1.6230857714116226e-06,8.102806014155692e-07,0.3995246680024349,251.10092889083703,1.32380652,0.124800168
46,7.127321461613138e-07,1.4050195133394498e-06,7.127321461613138e-07,0.38608255430917227,247.7811000318713,1.25376785,0.124896891
57,2.4617061308779853e-06,4.730311643146682e-06,2.4617061308779853e-06,0.7269453332248056,271.9252733065697,1.71588469,0.126813412
59,2.168176936127595e-06,4.301569425865488e-06,2.168176936127595e-06,0.6209079224035599,260.9411749460965,1.82165253,0.126360685
62,3.148577384442587e-06,6.1183705358521474e-06,3.148577384442587e-06,0.8445327029816618,280.29731842764653,2.03324199,0.127481252
59,2.2250994228061135e-06,4.281004611207398e-06,2.2250994228061135e-06,0.6966614247552201,268.79466916792285,1.60240495,0.12683408
98,4.1985486116520795e-05,0.00010566624019296911,4.1985486116520795e-05,3.401525721437577,424.6432848116792,18.8081284,0.122961491
70,6.893737603763548e-06,1.389818845234635e-05,6.893737603763548e-06,1.205817081435909,304.43615346875004,3.45392537,0.12928772
57,2.1398633122133387e-06,4.388042068047395e-06,2.1398633122133387e-06,0.5624507254906883,254.77951614154375,2.01067924,0.12606883
53,2.27470835085082e-06,4.783042651402033e-06,2.27470835085082e-06,0.531802876403507,251.88200592780413,1.87357032,0.125805765
49,7.107203733578687e-07,1.4237426495615967e-06,7.107203733578687e-07,0.3628259381130513,254.73975733984406,1.06749558,0.125263721
46,1.8439912620370828e-06,3.889955362093008e-06,1.8439912620370828e-06,0.48425993013769597,251.63020057347407,1.7134012,0.125527754
47,1.3427634783757467e-06,2.8108933863058987e-06,1.3427634783757467e-06,0.4360212536489644,250.9683647955645,1.53994548,0.125524834
45,6.552068673910268e-07,1.3106181035508724e-06,6.552068673910268e-07,0.35588119140609864,252.50128398346584,1.08442199,0.125080779
49,7.549981531479327e-07,1.5289652538220384e-06,7.549981531479327e-07,0.36644314502174125,251.77453037645935,1.08622169,0.125233218
48,9.697629617144444e-07,1.999046111143313e-06,9.697629617144444e-07,0.3949838273076024,250.6200648281559,1.29453731,0.125376642
46,5.290257547073596e-07,1.0570230874743886e-06,5.290257547073596e-07,0.34394408720139635,251.23258352532795,1.17699158,0.124972679
47,6.552478035447498e-07,1.3270085109900035e-06,6.552478035447498e-07,0.36860747647397446,248.2842085561076,1.35551071,0.124818161
48,5.058762231387347e-07,1.0051033472426405e-06,5.058762231387347e-07,0.3345197698985783,252.830590990748,1.10502493,0.125013992
48,5.148761329361429e-07,1.0192580230527208e-06,5.148761329361429e-07,0.33467431735260883,252.34929670279533,1.05528462,0.125006914
50,1.0637437326810726e-06,2.414705654039591e-06,1.0637437326810726e-06,0.40764069325297453,242.81511291070726,1.99420202,0.125085726
51,1.1093746351876402e-06,2.423512153047411e-06,1.1093746351876402e-06,0.4206912646191318,241.59933607186173,2.10227585,0.125073656
48,1.2669370193323902e-06,2.803055214643788e-06,1.2669370193323902e-06,0.43494537816425094,238.22442295883644,2.11621952,0.125036269
48,8.976047155105282e-07,1.8432758931856204e-06,8.976047155105282e-07,0.40423328348741483,243.44600478957616,1.60850191,0.124934725
48,1.049240127341788e-06,2.2138964367326194e-06,1.049240127341788e-06,0.420094849392243,240.82934520066487,1.70009041,0.125016734
76,7.302987394290401e-06,1.4240076651923528e-05,7.302987394290401e-06,1.205180998917361,312.54159316521515,2.87262988,0.127026126
78,5.119453039255339e-06,1.0173540887528526e-05,5.119453039255339e-06,1.128008590363896,325.4465258006423,2.67969894,0.128300771
83,2.762488106566256e-06,5.418349331827e-06,2.762488106566256e-06,1.083302671002596,365.57135088014127,1.91615224,0.129171535
84,2.049603926962993e-06,3.0878856075316115e-06,2.049603926962993e-06,1.2243391020710659,417.7140922381064,1.76534665,0.121095225
55,2.963707081840805e-06,6.419415876722742e-06,2.963707081840805e-06,0.5697395641077256,258.6109449867229,2.3192091,0.125335455
54,2.2311313647778142e-06,4.805481197248191e-06,2.2311313647778142e-06,0.5169671096684842,257.3101102942329,2.06845808,0.125304356
49,1.5078435437846488e-06,3.1577811537331182e-06,1.5078435437846488e-06,0.4631500399580689,253.44385818673055,1.79956365,0.125144109
47,7.484790502588348e-07,1.471711034349397e-06,7.484790502588348e-07,0.38993263048940807,249.86666224261478,1.30294073,0.124979399
49,9.03181888625925e-07,1.8168679896826115e-06,9.03181888625925e-07,0.4042951997307554,251.0470010051579,1.44879055,0.125118077
46,9.204372745843922e-07,1.8368596244977039e-06,9.204372745843922e-07,0.4083524183348471,247.92540568344802,1.18379211,0.125253588
55,3.4919754453194305e-06,7.535841708920281e-06,3.4919754453194305e-06,0.6154830811731482,258.47897080991476,2.53197503,0.125529036
62,5.972189334238871e-06,1.2601101024311402e-05,5.972189334238871e-06,0.83277125860477,268.66672975645236,2.81549549,0.126375005
62,4.488858006526327e-06,9.578600964572142e-06,4.488858006526327e-06,0.715642325097129,261.9219167411596,2.56248713,0.126088127
63,6.644869029260184e-06,1.3628381709431862e-05,6.644869029260184e-06,0.9192605174994466,272.35385249396273,2.72026658,0.126503929
52,1.069818783755032e-06,2.4774062025797115e-06,1.069818783755032e-06,0.4114512910812204,241.89750203372986,2.23464227,0.124696575
51,1.1012054156180213e-06,2.487593758387176e-06,1.1012054156180213e-06,0.41902472370287924,242.5114805408987,2.16718864,0.12496151
50,9.368199753028904e-07,2.0482343517519204e-06,9.368199753028904e-07,0.4058729032693599,240.74408509936205,1.90865827,0.124885336
48,7.97700296622767e-07,1.6152780462895834e-06,7.97700296622767e-07,0.3985054223712614,243.1612386207394,1.30928051,0.124880403
46,6.394651153682714e-07,1.2465143154049946e-06,6.394651153682714e-07,0.3775189782764452,241.20677303555118,1.16028225,0.124932602
48,7.492146282506413e-07,1.5138760272192468e-06,7.492146282506413e-07,0.3908121151767662,239.39106192117464,1.36038661,0.124900982
59,1.9020378778972017e-06,3.7537781968754624e-06,1.9020378778972017e-06,0.5912370305089768,257.8939300253065,1.84647071,0.126373813
59,2.4874466657574265e-06,4.836967509916333e-06,2.4874466657574265e-06,0.7454281556214248,271.96526498251023,1.83082759,0.126953721
59,1.8992219701950639e-06,3.6896896566145073e-06,1.8992219701950639e-06,0.6289994362435802,261.38363574229203,1.80887127,0.126494646
59,1.7355256805414564e-06,3.4454678097539545e-06,1.7355256805414564e-06,0.5646853777425147,255.6581053045184,1.88937056,0.126196444
84,1.7432607944938398e-05,3.625529148384164e-05,1.7432607944938398e-05,2.376818146535589,365.88222188930297,9.43794918,0.124936007
99,4.892860098341368e-05,0.0001268794886068235,4.892860098341368e-05,3.470066406875447,419.8358775531958,18.6955853,0.120630771
69,5.595018583750653e-06,1.1241296457613816e-05,5.595018583750653e-06,1.0810068496023182,294.5292713283473,3.0603106,0.128729269
55,1.9404003529459178e-06,3.992692185525982e-06,1.9404003529459178e-06,0.5392989314416469,252.8616221171675,1.83764601,0.125937939
55,2.0099110605689634e-06,4.1849558908305925e-06,2.0099110605689634e-06,0.5223161232540938,251.10774546263193,1.77649868,0.125850812
51,1.909766560842516e-06,4.0315369880201985e-06,1.909766560842516e-06,0.5005080626147304,250.16354696485206,1.73889673,0.125570536
48,5.755121575980973e-07,1.144853154062306e-06,5.755121575980973e-07,0.34176587033571154,252.8107972512788,1.0494231,0.125068456
48,1.6076117036540635e-06,3.3789815347401123e-06,1.6076117036540635e-06,0.4644968051223751,250.00001832632756,1.64604318,0.125454873
48,1.295315655106999e-06,2.7080949840308692e-06,1.295315655106999e-06,0.43342270002285477,249.00051130252388,1.49567962,0.125491351
48,5.260217541623005e-07,1.0507280915766824e-06,5.260217541623005e-07,0.3319116676988967,250.20400609259625,1.06351542,0.125201523
48,7.110584574084878e-07,1.4366508165468983e-06,7.110584574084878e-07,0.3613014023655897,250.06072479258623,1.09499228,0.125345647
48,8.159753322897577e-07,1.6780325389138096e-06,8.159753322897577e-07,0.37537881668189904,248.2789497136445,1.19267154,0.125390083
47,5.356770119465897e-07,1.061953496593741e-06,5.356770119465897e-07,0.34633360529259677,248.95412587394043,1.18738377,0.125043496
48,6.629080073265615e-07,1.3297501150696909e-06,6.629080073265615e-07,0.37209439583755216,245.90012287362535,1.42637932,0.124953687
48,4.830710314316007e-07,9.636688149590833e-07,4.830710314316007e-07,0.33062360040191113,249.98267214556702,1.19171286,0.124984518
46,4.748053541714485e-07,9.433502582377793e-07,4.748053541714485e-07,0.3278256342382465,249.44629988937768,1.09647381,0.125034332
51,1.4277881755513391e-06,3.293046318850991e-06,1.4277881755513391e-06,0.44405179108873943,235.5694619065907,2.58526373,0.124932222
55,1.3797782674579312e-06,3.0835359450826404e-06,1.3797782674579312e-06,0.44463166115995384,236.543393070052,2.45088458,0.124534659
49,1.2555090473733096e-06,2.643466185456962e-06,1.2555090473733096e-06,0.44363411111951845,238.98325823075393,1.79121983,0.125038177
50,1.563313289536571e-06,3.391635691913005e-06,1.563313289536571e-06,0.4658516724001065,235.44639913668874,2.22257447,0.12472862
53,2.1420434664546097e-06,4.913284578210868e-06,2.1420434664546097e-06,0.4916596090756755,229.94440810446312,3.14606214,0.125084668
50,1.0483527826150412e-06,2.1483735212940733e-06,1.0483527826150412e-06,0.4238439995039684,241.11891525540554,1.6278702,0.124907792
50,1.191584381407175e-06,2.4157198785714172e-06,1.191584381407175e-06,0.44124087460188965,240.01683818255114,1.66804922,0.124965347
49,1.7066246487345831e-06,3.5564943761097997e-06,1.7066246487345831e-06,0.4866272046571355,235.96212964840916,2.03900433,0.12519978
71,7.015914702850478e-06,1.354194666088492e-05,7.015914702850478e-06,1.1436337322417545,300.4880100093986,2.65230894,0.12680459
77,3.5646780638063488e-06,7.052131435578634e-06,3.5646780638063488e-06,1.037190165011508,330.8822352931715,2.10420156,0.129195556
71,6.56762553216374e-06,1.293491729191271e-05,6.56762553216374e-06,1.1585548604088205,309.1400927724151,2.83475137,0.127097696
79,2.6842276071368872e-06,5.214061644984113e-06,2.6842276071368872e-06,1.0223110057553253,345.6376289932686,1.93104148,0.131073013
82,1.9452709039011e-06,3.1815507119569945e-06,1.9452709039011e-06,1.1116095776008277,387.5059037663867,1.65268779,0.124869481
52,2.3913238432868546e-06,5.119756974925293e-06,2.3913238432868546e-06,0.5310110933659327,255.12172688574464,2.06829643,0.125430301
52,1.425770308654064e-06,2.9515497087899407e-06,1.425770308654064e-06,0.45653621194786137,249.70195257804536,1.74389696,0.125186235
48,8.844242839446946e-07,1.7737014757970531e-06,8.844242839446946e-07,0.40162542912531723,245.93531284843587,1.42757034,0.125161603
47,6.210852823490718e-07,1.2089049258983135e-06,6.210852823490718e-07,0.3722924068689678,241.43080873042385,1.08822131,0.124960929
48,7.233037202355414e-07,1.4299554787950723e-06,7.233037202355414e-07,0.3835743062458396,245.480563738627,1.32715821,0.125101984
44,5.966400620041189e-07,1.1491513006296814e-06,5.966400620041189e-07,0.3679727653513576,237.10030625281652,1.02218771,0.124840312
54,3.0996124227888997e-06,6.583200137235593e-06,3.0996124227888997e-06,0.601863470233356,255.54104266514466,2.23770809,0.125691935
59,3.5009403666246846e-06,7.453420716227232e-06,3.5009403666246846e-06,0.641512369890418,257.6345895620574,2.24561381,0.125861272
62,5.6069615653111195e-06,1.186998875741528e-05,5.6069615653111195e-06,0.7956847794983698,263.94931953555914,2.77085495,0.126108602
67,6.192260598354299e-06,1.2672787265416105e-05,6.192260598354299e-06,0.8996777064943146,270.05730775975917,2.63796258,0.126308084
54,1.3252833628184037e-06,3.0968393902114606e-06,1.3252833628184037e-06,0.4335531044738447,235.93346617282185,2.62399507,0.12484172
54,1.2604246258735348e-06,2.9918039144828485e-06,1.2604246258735348e-06,0.4246894485943097,237.79414017248897,2.61867666,0.124820441
49,1.2545094331054677e-06,2.8024000697324004e-06,1.2545094331054677e-06,0.4359351133190028,235.09517109704998,2.1574285,0.124885567
48,9.042607168812485e-07,1.9105819570882105e-06,9.042607168812485e-07,0.40843362032402053,237.34540357188223,1.63209784,0.124938868
47,7.182112240514715e-07,1.4333754079909239e-06,7.182112240514715e-07,0.38699178150205943,233.17266868622318,1.34591842,0.124926381
47,9.10283407788027e-07,1.8773605715945426e-06,9.10283407788027e-07,0.41169138524314175,234.06351868686286,1.59832072,0.12488962
60,2.1699045749621698e-06,4.248097053598443e-06,2.1699045749621698e-06,0.669425642146075,264.6919420102295,1.78901398,0.126845062
62,3.7324684321866044e-06,7.38802157909409e-06,3.7324684321866044e-06,0.8711495882358046,278.5844064073668,2.22032571,0.12797156
60,1.556647715775267e-06,3.0866082693810653e-06,1.556647715775267e-06,0.5470534597072882,254.30857194637585,1.96178365,0.126410663
58,1.6460874672130184e-06,3.351915835688119e-06,1.6460874672130184e-06,0.5232026800694748,252.28401607206064,2.07410026,0.126218528
72,7.1239769990572205e-06,1.449009077777614e-05,7.1239769990572205e-06,1.2341273709747969,303.4545679777271,3.76625299,0.126914307
63,7.448622712466579e-05,0.00035646811776739276,7.448622712466579e-05,1.9715992450680209,332.4569787714278,37.340229,0.121335506
56,1.760599531274184e-06,3.633724853471407e-06,1.760599531274184e-06,0.5171098012370393,251.35028718263408,1.93778229,0.125984892
49,1.657402000048732e-06,3.478893002417345e-06,1.657402000048732e-06,0.4819769085224601,248.56772722660796,1.6552341,0.125583649
48,1.102988650643163e-06,2.312485967819317e-06,1.102988650643163e-06,0.411259356727688,247.40020691301407,1.44049776,0.12556681
50,1.4778309614268822e-06,3.109635569006352e-06,1.4778309614268822e-06,0.45708707755790945,248.07351651830362,1.59953463,0.125552967
48,4.795662119835836e-07,9.57974245573496e-07,4.795662119835836e-07,0.3239942201538797,248.21131949034557,1.05244875,0.125081524
48,4.604616686623561e-07,9.216606639949413e-07,4.604616686623561e-07,0.3225002836310655,247.22031304253343,1.12871075,0.125051022
48,5.738942898080005e-07,1.1559319518578553e-06,5.738942898080005e-07,0.3389566751886069,248.97545504860386,1.06119776,0.125177026
48,7.826439842285811e-07,1.6170301371178488e-06,7.826439842285811e-07,0.3697651737168092,247.20643944761795,1.20669472,0.125319228
48,5.709236117574672e-07,1.1509473261919434e-06,5.709236117574672e-07,0.33923346380869634,246.42511672576612,1.11067021,0.125128701
47,5.452349425158453e-07,1.0783945162361445e-06,5.452349425158453e-07,0.35154334978415785,246.5639763195835,1.32271576,0.125229418
50,7.367463905172739e-07,1.4644560942140623e-06,7.367463905172739e-07,0.38377948825718583,243.7622607093849,1.48940027,0.125143275
49,4.882154158617213e-07,9.717082231614928e-07,4.882154158617213e-07,0.33422527823606824,246.58905762645884,1.27093625,0.124865346
48,4.843962738774024e-07,9.623265018134629e-07,4.843962738774024e-07,0.3329269120120323,245.9335795416688,1.25949752,0.124918923
54,4.2828905923007076e-06,1.0359466694625906e-05,4.2828905923007076e-06,0.5624980173172864,229.14490684763265,3.46611404,0.124864399
54,4.206098444381533e-06,1.0213894807807693e-05,4.206098444381533e-06,0.5545736137673343,229.21137995950153,3.44988179,0.12493512
51,2.3085466413414272e-06,4.865338995209738e-06,2.3085466413414272e-06,0.525142108136853,232.8783952792015,2.25559807,0.12490999
52,2.553901126853943e-06,5.527199486669542e-06,2.553901126853943e-06,0.530501909527576,229.80981602511343,2.59800243,0.124734417
58,9.345348677725406e-06,2.3018245859478893e-05,9.345348677725406e-06,0.6837419369277948,224.70118702589633,4.90108061,0.12511763
58,1.7992592469325444e-05,4.274371400159697e-05,1.7992592469325444e-05,0.8566789483426301,222.49669577397432,5.86208391,0.125015482
50,1.7872175075657082e-06,3.658178102683469e-06,1.7872175075657082e-06,0.4975686631570279,236.7642638515086,1.86901689,0.124838486
50,2.275926503136358e-06,4.746941493496775e-06,2.275926503136358e-06,0.5274832269240343,233.64434506924047,2.26223445,0.125140041
48,1.3678661398525414e-06,2.740374416596054e-06,1.3678661398525414e-06,0.46208611298220365,238.60793774454686,1.59337056,0.124845572
52,3.666188226053231e-06,7.794281904009165e-06,3.666188226053231e-06,0.5968370959972279,230.21378477440163,2.72717094,0.125024796
69,6.320875569337425e-06,1.2204312506595222e-05,6.320875569337425e-06,1.0541349054379026,287.256067707785,2.31103683,0.126740441
74,4.499067278302271e-06,8.856922694985756e-06,4.499067278302271e-06,1.0477306463021159,310.4298668148791,2.46415806,0.128126144
75,2.5378448386644083e-06,4.8973942857666176e-06,2.5378448386644083e-06,0.9791696901253677,331.7140038889791,1.83768058,0.130555063
81,2.414680308425462e-06,3.7324428721318336e-06,2.414680308425462e-06,1.2581521594453668,406.0948035866049,1.80004275,0.121933579
78,2.135910668002138e-06,3.5635637421509587e-06,2.135910668002138e-06,1.1195836567945057,371.66093064131144,1.91528618,0.125516877
52,2.1786817180504763e-06,4.5965708505636505e-06,2.1786817180504763e-06,0.5175586577781647,252.00062510099653,1.94451988,0.125428051
48,1.3600496827924579e-06,2.7898202374730577e-06,1.3600496827924579e-06,0.4526133437728125,247.28244025823685,1.63555372,0.125133201
46,7.533704901040719e-07,1.4846300739905412e-06,7.533704901040719e-07,0.38606327648180966,240.20820503235942,1.19221079,0.124958389
48,5.74468494437286e-07,1.1171437971663247e-06,5.74468494437286e-07,0.3632627841521206,236.16037194304894,1.12396002,0.124847345
45,5.37671308153885e-07,1.0399202961230814e-06,5.37671308153885e-07,0.3581740320849765,229.17024767586963,1.12653351,0.124941364
45,5.475384795575753e-07,1.0483789859872812e-06,5.475384795575753e-07,0.3588719301605548,232.38795428265283,1.03045583,0.124862105
55,2.5590738822606936e-06,5.412207516705757e-06,2.5590738822606936e-06,0.553588218654758,252.40933670072712,2.06246257,0.12556681
56,2.9375158279227646e-06,6.172879061988401e-06,2.9375158279227646e-06,0.6001729672262401,252.316992153035,2.02114367,0.125639126
60,4.446421611244709e-06,9.384200177033485e-06,4.446421611244709e-06,0.7237827425255844,257.42060569986006,2.50221157,0.12588954
64,5.519503852976268e-06,1.1406264919783114e-05,5.519503852976268e-06,0.8372143448997076,262.6214068385518,2.69769645,0.126385197
53,2.3844242877726716e-06,5.46141691638485e-06,2.3844242877726716e-06,0.503037771825571,230.29917669812298,3.02740431,0.125023469
49,1.1993140731649766e-06,2.6779272134126733e-06,1.1993140731649766e-06,0.43169889724469707,230.59302010369933,2.30423808,0.12488579
54,1.7777999587517765e-06,4.067616917554281e-06,1.7777999587517765e-06,0.4708937049525287,226.89958823856696,2.64084125,0.124901615
48,1.1031288260172463e-06,2.3908075907743087e-06,1.1031288260172463e-06,0.4274582183998691,229.03005160487973,2.17596626,0.124853507
47,7.068005602710083e-07,1.4055415738709212e-06,7.068005602710083e-07,0.3845477666625138,230.28369071505773,1.32922578,0.124922507
49,1.0320375249048918e-06,2.200571361481301e-06,1.0320375249048918e-06,0.4185644439656929,227.38129607645686,1.96453619,0.124931216
48,1.124345439571848e-06,2.348888359574832e-06,1.124345439571848e-06,0.42782680391837535,221.42477983163243,1.81080973,0.124883503
58,1.5756180661771759e-06,3.112033818722906e-06,1.5756180661771759e-06,0.5587144504676419,254.50772631283036,1.93452251,0.12616834
58,2.1842558809319014e-06,4.3075670838150526e-06,2.1842558809319014e-06,0.6652400225057622,262.4618735654884,1.92668617,0.126747847
64,3.5047897241159536e-06,6.99443928881914e-06,3.5047897241159536e-06,0.825415556272614,272.937472162723,2.0970068,0.12749204
56,1.4404051109785851e-06,2.889035675723527e-06,1.4404051109785851e-06,0.5170344123756132,251.04901687916254,1.98647761,0.126231641
55,1.4541071814967468e-06,2.9764799459845413e-06,1.4541071814967468e-06,0.49360240506247527,249.45225392880616,1.9453615,0.1260207
68,6.648484416582309e-06,1.3459714935120434e-05,6.648484416582309e-06,1.1368517887573288,292.42501101850587,2.93512487,0.126351997
104,8.526095637493456e-05,0.00022998272721769835,8.526095637493456e-05,3.2339988174866034,372.94148312947385,23.1086788,0.125664219
61,4.4794755960747903e-05,0.00018277773092885064,4.4794755960747903e-05,2.962305246661138,370.31889348369907,28.9335709,0.123494625
48,1.5105995493353034e-06,3.142347678199735e-06,1.5105995493353034e-06,0.4768995017885502,247.34195375905244,1.76114488,0.125659943
48,1.0612048183397555e-06,2.2175274203415435e-06,1.0612048183397555e-06,0.40792683330239565,246.56278956121247,1.42219675,0.125566512
48,1.2413316937971789e-06,2.6035419441151243e-06,1.2413316937971789e-06,0.4357971343756703,245.4547633964297,1.62684071,0.125703469
47,4.453466451690985e-07,8.937033210697966e-07,4.453466451690985e-07,0.31634871571515605,245.94707798792828,1.08377886,0.125017017
47,4.5881439394398954e-07,9.222467995139455e-07,4.5881439394398954e-07,0.3224519046409583,244.76881687708374,1.18732238,0.124862701
49,5.411235615095708e-07,1.0647393691464087e-06,5.411235615095708e-07,0.3465123379654309,242.9721231714206,1.31364632,0.124915786
50,4.7651156561148546e-07,9.566351922716213e-07,4.7651156561148546e-07,0.3214311975686881,246.00217348708617,1.06223571,0.125018999
49,8.886480400185447e-07,1.8532596056649327e-06,8.886480400185447e-07,0.3856877736018891,245.97190341610568,1.32804644,0.125486851
48,6.964519627922667e-07,1.4339452619735489e-06,6.964519627922667e-07,0.357192919325828,245.54185177646966,1.20120621,0.125352785
46,5.48458226423832e-07,1.1104598043788343e-06,5.48458226423832e-07,0.33586499829486743,243.47980589525275,1.12612951,0.125197232
48,6.784309826256323e-07,1.33234758578962e-06,6.784309826256323e-07,0.3750729561751991,243.04401083949674,1.37690139,0.124935478
49,6.811667898176887e-07,1.3399826021019704e-06,6.811667898176887e-07,0.37374184842588626,241.74220696627233,1.36998081,0.124975286
56,1.6584077863977082e-05,4.14233945564535e-05,1.6584077863977082e-05,0.7762180555316485,225.54263902350075,5.79685163,0.124940693
53,8.024146340397968e-06,1.793463752554715e-05,8.024146340397968e-06,0.7138538242136343,225.70627425575753,3.83526587,0.124889858
62,4.2256060570467e-05,9.947104951686446e-05,4.2256060570467e-05,1.0929712733319465,219.88437845834005,7.72139215,0.125003964
63,7.008889447090232e-05,0.00016087060847550083,7.008889447090232e-05,1.3496036482042555,219.68899963323594,9.29929924,0.12515533
59,6.117445563285512e-05,0.00013943592938831127,6.117445563285512e-05,1.3300480815724158,221.31254007870973,12.3860722,0.124959305
49,2.6253601863591298e-06,5.424437365538609e-06,2.6253601863591298e-06,0.5532300177877478,234.00367331435484,2.10186505,0.124938034
50,3.963874687138023e-06,8.347317756542238e-06,3.963874687138023e-06,0.6191023172293636,230.46098125309382,3.27023697,0.124981545
48,1.6431095751131912e-06,3.3043236629664438e-06,1.6431095751131912e-06,0.48727551895849625,237.2551348467839,1.68630886,0.124800622
50,1.113871903933511e-06,2.2070908747589493e-06,1.113871903933511e-06,0.4339756331595254,238.8212930453635,1.52651012,0.125194654
56,8.493620717769498e-06,1.859271312424145e-05,8.493620717769498e-06,0.7541067507743106,226.37201477950993,4.96516943,0.125041589
72,6.041549172662733e-06,1.1679034673451855e-05,6.041549172662733e-06,1.0662532507193427,290.5901889599204,2.41769123,0.126782984
65,5.4284161591921116e-06,1.085957614889885e-05,5.4284161591921116e-06,0.8939696851113055,266.44915711539187,2.37806582,0.126804665
77,4.150234895151759e-06,8.163831048371564e-06,4.150234895151759e-06,1.0032750730258142,302.23350648536,2.31681204,0.127875641
73,2.648742876150977e-06,5.1270730217738864e-06,2.648742876150977e-06,0.9405671815641418,315.7449288766447,1.7573936,0.129722118
78,2.3850104334023323e-06,4.538290485491066e-06,2.3850104334023323e-06,0.9639097729528557,325.0053050954606,1.8097142,0.129074335
80,2.358191177892045e-06,3.9051498450838355e-06,2.358191177892045e-06,1.1636583300542718,367.75854747017786,1.86492157,0.122260466
54,1.967719667336704e-06,4.111665751792473e-06,1.967719667336704e-06,0.5022253224905808,248.10635289193758,1.73286796,0.12535882
51,1.426093307045472e-06,2.920473146830939e-06,1.426093307045472e-06,0.45763076595051105,245.06701578625587,1.4987545,0.125239924
46,9.161996316790688e-07,1.8365564788349219e-06,9.161996316790688e-07,0.40515844653701305,240.08356185049365,1.32992494,0.125013128
45,6.676097127783574e-07,1.3253952440365534e-06,6.676097127783574e-07,0.3781542488147539,227.8850733949891,1.2905165,0.124925792
48,5.274922060340689e-07,1.0328186483703495e-06,5.274922060340689e-07,0.3503540709578934,226.74859751974913,1.14959061,0.125013039
48,8.064193608632618e-07,1.5890315476497792e-06,8.064193608632618e-07,0.3974404066870915,219.3246759943202,1.45241725,0.124885187
46,5.182872960634758e-07,9.920878171900422e-07,5.182872960634758e-07,0.3510142067594733,229.94651126508452,1.04871821,0.124866985
54,2.3663539289270946e-06,4.9344265890543096e-06,2.3663539289270946e-06,0.5465291623235109,248.44684595552368,1.83225882,0.125484377
55,2.9759849869312267e-06,6.199213166360667e-06,2.9759849869312267e-06,0.610448954511773,249.955165000902,1.98338795,0.125600755
62,3.862953061136643e-06,8.093801834958799e-06,3.862953061136643e-06,0.6856609909666795,251.90263973176508,2.33589578,0.125900865
62,4.411235635640639e-06,9.21056415749392e-06,4.411235635640639e-06,0.735459792168075,254.02204284593986,2.51230454,0.126073495
57,1.1454159746976237e-05,2.927355978892428e-05,1.1454159746976237e-05,0.6938444130692298,224.07850033116446,5.3447485,0.125252873
57,5.700669089509291e-06,1.4051870564337012e-05,5.700669089509291e-06,0.5954008549480055,221.36628327947605,4.24653006,0.125170693
54,2.2388117931235554e-06,5.123703431381008e-06,2.2388117931235554e-06,0.49828522485039967,220.41465295337366,3.01989985,0.125165269
48,1.6109729492011442e-06,3.436093867753276e-06,1.6109729492011442e-06,0.47592661860759056,222.74245760661515,2.46049809,0.124792971
46,9.442723246839129e-07,1.8822587507453096e-06,9.442723246839129e-07,0.41612179735926613,219.3212719241126,1.45294833,0.1247361
47,1.575077342017468e-06,3.4401175121521893e-06,1.575077342017468e-06,0.4653040279785972,219.42946491232019,2.46847343,0.124965101
48,1.5164296948869552e-06,3.1678043180742994e-06,1.5164296948869552e-06,0.4655122430833905,214.25108804481073,2.0796144,0.124856837
57,1.3606181260802734e-06,2.712093393275297e-06,1.3606181260802734e-06,0.511309809293653,249.96610750167292,1.91914427,0.12617819
59,1.9054246067478137e-06,3.7740871383357462e-06,1.9054246067478137e-06,0.614975284133062,257.0323743544192,1.96008432,0.126649439
65,3.3341541715762302e-06,6.668333196747287e-06,3.3341541715762302e-06,0.7965122567919483,269.7051547231933,2.08023834,0.127460524
55,1.304543381752425e-06,2.6551990185141567e-06,1.304543381752425e-06,0.4780728125832102,247.25823759448247,1.87416315,0.125946835
71,6.087385311588116e-06,1.2344735574571184e-05,6.087385311588116e-06,1.0661241503147019,285.5297772214531,2.87724495,0.129167378
83,1.530006645348318e-05,3.0497354017756377e-05,1.530006645348318e-05,1.9162430699011974,328.9639511585094,4.31938457,0.128809214
120,0.000261218834984018,0.0007193359793379355,0.000261218834984018,5.352184560961784,428.8500268107462,33.2134743,0.121244162
50,1.2363190474671193e-06,2.5815138228259517e-06,1.2363190474671193e-06,0.44544984185409064,245.53154147277667,1.68132699,0.125735462
48,1.0625519114091128e-06,2.2363546977459876e-06,1.0625519114091128e-06,0.4107477343478894,244.42995354376905,1.49270797,0.125643149
47,4.5130867207009233e-07,9.057732632146476e-07,4.5130867207009233e-07,0.32283696698549735,242.44479584205308,1.14408171,0.124970682
47,5.503590704612544e-07,1.10083245309531e-06,5.503590704612544e-07,0.34383364774301545,241.1479966375682,1.28084719,0.124879144
48,8.716091463011651e-07,1.7073100534942586e-06,8.716091463011651e-07,0.4014997571928712,238.48594189702993,1.41388524,0.12501283
49,6.870366660097876e-07,1.3448311967095497e-06,6.870366660097876e-07,0.37336302034765523,239.04075298980422,1.37454271,0.125058472
47,4.531266601158958e-07,9.124292672889536e-07,4.531266601158958e-07,0.3166825235905981,243.43478389202542,1.05922008,0.125008181
48,7.904614432491358e-07,1.6498479100232818e-06,7.904614432491358e-07,0.3719442707408642,243.56696997780017,1.33127725,0.12545684
48,9.480662884988566e-07,1.985977773439808e-06,9.480662884988566e-07,0.39738485236075566,243.04656520888153,1.49156392,0.125612915
49,6.371089294495272e-07,1.3137285796519494e-06,6.371089294495272e-07,0.3499244486664057,243.2158460633962,1.22998965,0.125323534
46,4.798155561386131e-07,9.746569025855053e-07,4.798155561386131e-07,0.3224098978965453,241.73687683149834,1.11341226,0.125241786
48,5.358236988950666e-07,1.1076367465328672e-06,5.358236988950666e-07,0.33210781531941813,241.35217675185578,1.20956254,0.125239402
50,1.258202140312091e-06,2.492776818024079e-06,1.258202140312091e-06,0.4490141934070272,237.29638571140126,1.61184001,0.125276744
67,0.0001569067659676857,0.000353187888438928,0.0001569067659676857,1.828075367484353,218.78378201735293,12.2678318,0.124872595
66,8.47268165091452e-05,0.00019891773404586216,8.47268165091452e-05,1.364569687766731,218.82178869332432,9.93622684,0.12498378
63,5.2917958289433376e-05,0.00012029443913307282,5.2917958289433376e-05,1.2818870374067788,223.04626366105035,11.4592981,0.124995574
74,0.0007750837019882385,0.0015557282814507014,0.0007750837019882385,4.439238112444926,227.6340935680999,37.3255348,0.125112757
33,4.650972540420081e-05,0.00021128525102471517,4.650972540420081e-05,0.3688660011958721,182.52548401883922,33.4490433,0.124965809
49,2.773672905337829e-06,5.6912368520682125e-06,2.773672905337829e-06,0.564612034911708,233.56644261383664,2.16811728,0.125026599
51,4.924851595938219e-06,1.0256542441471455e-05,4.924851595938219e-06,0.670833068813528,230.58668344393092,3.28639841,0.125053644
54,1.0399599493110064e-05,2.2972265264672993e-05,1.0399599493110064e-05,0.8187268433309159,225.71582582378062,6.25991488,0.124983281
49,2.4033088969331923e-06,4.85273246358072e-06,2.4033088969331923e-06,0.5462101610782276,234.24786018014692,1.94171548,0.124851942
68,0.00011242970072429787,0.00028913051097554195,0.00011242970072429787,1.645244541135914,225.02465416125722,29.889328,0.12506403
72,5.4279129987975324e-06,1.0464033281493865e-05,5.4279129987975324e-06,1.0165498933245234,282.97205013689177,2.38721347,0.126982406
67,5.2016388336546904e-06,1.0380291384678937e-05,5.2016388336546904e-06,0.8805095756126076,263.670451030541,2.36284304,0.12666294
73,4.600004753401866e-06,8.98575088226117e-06,4.600004753401866e-06,0.9985029484922282,290.07320384965277,2.31769991,0.127960935
71,2.9048601496434313e-06,5.654269268079066e-06,2.9048601496434313e-06,0.9180881637645019,297.4764328204974,2.106462,0.127383545
77,2.2716490728662662e-06,4.028230722518611e-06,2.2716490728662662e-06,1.0305140392052672,331.6951095659764,1.91480064,0.124779113
50,1.5361243584655342e-06,3.140154842738338e-06,1.5361243584655342e-06,0.47122031043915263,242.19108332976802,1.53793716,0.125355527
45,9.650034946456515e-07,1.9351351214997263e-06,9.650034946456515e-07,0.41117525790870224,237.96233591273057,1.31765747,0.12519522
48,1.0533071999885617e-06,2.1142169194429195e-06,1.0533071999885617e-06,0.41971288383800426,236.23239033692823,1.2922045,0.125186086
45,6.128321785956325e-07,1.1838225047763702e-06,6.128321785956325e-07,0.36516204966741966,231.9519142130368,0.996358454,0.124876507
46,5.967750035314507e-07,1.152223766756913e-06,5.967750035314507e-07,0.3675067025579248,218.0939550015421,1.26508379,0.125115305
47,1.10971263632434e-06,2.2129317242628033e-06,1.10971263632434e-06,0.43332942006018,212.2397214435252,1.54244339,0.125137731
47,9.698626445768058e-07,1.8957831543417767e-06,9.698626445768058e-07,0.4178677584164398,210.19885796458678,1.44007552,0.125214592
46,4.95746417591759e-07,9.584066937331e-07,4.95746417591759e-07,0.34527989616897836,221.32808642876253,1.14934814,0.124927923
52,2.094209464747629e-06,4.316150361805978e-06,2.094209464747629e-06,0.5290874713384439,244.23267460554928,1.79734516,0.125548586
54,2.5043887894071624e-06,5.1796367032064086e-06,2.5043887894071624e-06,0.5749570030596483,245.91147822586643,1.8417176,0.125627413
59,3.080337952914053e-06,6.389834415034489e-06,3.080337952914053e-06,0.6283453126170048,245.8551407794731,2.08346391,0.125649124
59,4.412694950384058e-06,9.098842278209181e-06,4.412694950384058e-06,0.7509460097182404,250.9207593028524,2.37316585,0.126032919
59,4.8108651753271735e-05,0.00011494100484332267,4.8108651753271735e-05,1.1114362384041219,218.9996069701588,7.81500626,0.125253916
58,3.705244475812347e-05,9.043051343571018e-05,3.705244475812347e-05,1.010024955635876,214.47170727072813,7.77654076,0.12522532
54,6.3431484986149856e-06,1.4775439438434656e-05,6.3431484986149856e-06,0.6422744406155069,212.58409976345078,4.34965277,0.125124097
52,2.3383752227920936e-06,5.183271054025017e-06,2.3383752227920936e-06,0.5125994362738023,214.63516493322592,3.00417519,0.125203401
49,1.7058833894804564e-06,3.616754474355902e-06,1.7058833894804564e-06,0.47605324860226395,210.59107261674026,2.35118914,0.124797441
51,2.669301047588264e-06,5.771391361913214e-06,2.669301047588264e-06,0.5319794513670889,212.26866570856242,2.68222833,0.125060588
48,2.5601376184718293e-06,5.416013256948877e-06,2.5601376184718293e-06,0.530424928065919,207.4876392188384,2.6219871,0.125146747
56,1.3108457745888914e-06,2.6027608373506064e-06,1.3108457745888914e-06,0.501431715687978,247.9344697453129,1.85567677,0.126332372
60,1.9595359379928872e-06,3.860432855944022e-06,1.9595359379928872e-06,0.6227217823593624,256.512103032645,1.83890057,0.126934141
56,1.1816418972379117e-06,2.4232751301224284e-06,1.1816418972379117e-06,0.459001620802996,245.44180646411795,1.87974882,0.126090929
66,6.149597088830566e-06,1.2405312141737266e-05,6.149597088830566e-06,1.0548062652059966,281.89170705219067,2.83913374,0.12993978
62,3.2614672775190493e-06,6.554566239063958e-06,3.2614672775190493e-06,0.7665543985196346,263.31732150006644,2.08416343,0.128343478
72,8.385791884250486e-06,1.6896282060737016e-05,8.385791884250486e-06,1.2378335187832603,290.0221235955923,3.22373819,0.128120825
100,3.2736247169925524e-05,7.090405409041522e-05,3.2736247169925524e-05,2.7432050992930965,360.3716206764178,9.77193737,0.124885403
100,4.7722305448193284e-05,0.0001127770969419349,4.7722305448193284e-05,3.7558377609434417,408.3567552808164,15.5779619,0.122673839
53,1.0811547390952465e-06,2.263319107905429e-06,1.0811547390952465e-06,0.42736325141092085,243.48776585363888,1.75413835,0.125691265
48,1.0581585331818202e-06,2.229029910811636e-06,1.0581585331818202e-06,0.4138838194683145,242.91833731902736,1.61289477,0.125496164
48,4.454717826321051e-07,8.982913245293752e-07,4.454717826321051e-07,0.3184293476063138,240.79074903182013,1.16235411,0.124995925
48,5.782321319086931e-07,1.149889771257996e-06,5.782321319086931e-07,0.34810404041697224,238.37490531794293,1.2666955,0.125013024
48,1.0747660313271366e-06,2.125562896149809e-06,1.0747660313271366e-06,0.4254726034647521,235.86427434356563,1.64099061,0.125034422
48,9.812855796824328e-07,1.925991049353429e-06,9.812855796824328e-07,0.4165951785719664,234.0980341221836,1.68789196,0.125049636
50,4.3721799816949795e-07,8.936868265113384e-07,4.3721799816949795e-07,0.3123061726469915,241.17269715283007,1.11153591,0.125109732
48,8.111300033307173e-07,1.7028357098263167e-06,8.111300033307173e-07,0.37710746292405833,241.81010648394937,1.45664322,0.125520885
48,6.377294890173416e-07,1.3324676345827784e-06,6.377294890173416e-07,0.34834910579139794,241.47683328820685,1.28663027,0.125338987
47,4.520179272955127e-07,9.302507960630386e-07,4.520179272955127e-07,0.31594692935625523,239.5498176960664,1.10619771,0.125189856
46,4.920606481441888e-07,1.0247078536358726e-06,4.920606481441888e-07,0.3217114331688757,238.91094129682617,1.17166018,0.125140995
48,2.0638568793458624e-06,4.14932456240447e-06,2.0638568793458624e-06,0.5205310226905995,233.7870413977247,1.85064685,0.124923155
37,0.00024556192716862957,0.0010174641761363178,0.00024556192716862957,0.6018521988030163,179.6383849975096,54.4511795,0.124934234
67,0.0005305706290766647,0.001079905472424776,0.0005305706290766647,3.494138476397478,220.03435811632946,17.5284653,0.125072807
61,7.505593536849459e-05,0.0001752917701700829,7.505593536849459e-05,1.306041066226311,213.86914832913433,9.24589252,0.125189424
33,6.301548917712935e-05,0.0002909767757837873,6.301548917712935e-05,0.389087184243068,186.88439562467798,36.9403954,0.125043184
62,0.00018413216199824708,0.0003934055927762042,0.00018413216199824708,2.160246012416808,217.54727348035783,15.361886,0.125080422
59,4.9657483969790644e-05,0.0001180353046857185,4.9657483969790644e-05,1.1449865176770064,206.31615665801527,8.34165573,0.125077203
59,9.218384744811203e-05,0.0002072945396671102,9.218384744811203e-05,1.5428462433337509,209.1976269193641,10.067461,0.125103191
59,4.964266232680452e-05,0.00011901185166731,4.964266232680452e-05,1.1603168860653281,210.02546392276085,8.67720795,0.124993719
52,3.148429421215143e-06,6.456291321776095e-06,3.148429421215143e-06,0.5890085050145932,232.47092401945918,2.41804504,0.125013381
56,1.4299276433338527e-05,3.3906437076270634e-05,1.4299276433338527e-05,0.8902106648079532,227.4961847864071,9.1743145,0.124969222
51,6.957502108015969e-06,1.4515552230976185e-05,6.957502108015969e-06,0.7519403199997365,229.58694958936425,3.38960862,0.12508209
89,0.000885554286142926,0.0019382926973252057,0.000885554286142926,4.78949842088805,242.28037654073026,53.7530327,0.125029415
65,0.00018631757425415752,0.00041961456242518055,0.00018631757425415752,2.1147214863505117,221.66711255569427,23.243782,0.12509504
67,5.0119006924985126e-06,9.84144146217885e-06,5.0119006924985126e-06,0.8971436918357678,263.3211834914157,2.23904467,0.126889452
68,4.499609989769322e-06,8.76102130817388e-06,4.499609989769322e-06,0.9258368854582804,273.88174367649543,2.28077435,0.127755344
69,4.1397919825418195e-06,8.081558605802335e-06,4.1397919825418195e-06,0.9048530885437872,272.86392990508244,2.24659157,0.127558798
72,2.857313432801688e-06,5.544580306450105e-06,2.857313432801688e-06,0.8958269401041653,288.2615156916657,2.09022713,0.12658608
76,2.0818360899298966e-06,3.1563852803821575e-06,2.0818360899298966e-06,1.1365607440699927,350.3548669851156,1.81078267,0.120275423
52,1.631270932420841e-06,3.337266780500588e-06,1.631270932420841e-06,0.478047232634355,239.84345614794933,1.70715582,0.12540862
45,7.021041919811225e-07,1.3660314505066435e-06,7.021041919811225e-07,0.3790068890270095,230.56301570607758,1.0199331,0.125005379
48,9.746315841119877e-07,1.943272384253545e-06,9.746315841119877e-07,0.4086879037051464,232.03955821292644,1.26749897,0.125155926
49,1.2965204720955156e-06,2.614307659010383e-06,1.2965204720955156e-06,0.4451838962343474,234.17262152183113,1.45173085,0.125444084
44,5.048744236988068e-07,9.665049745392032e-07,5.048744236988068e-07,0.346583813944193,223.73411074353095,0.985089183,0.124934904
44,7.273240019860008e-07,1.4028851588154984e-06,7.273240019860008e-07,0.38739219814340875,212.01539571582953,1.30223429,0.124981195
47,1.5483465006234762e-06,3.068404701525222e-06,1.5483465006234762e-06,0.47560489737435746,204.6488512931539,1.78020954,0.125178173
48,2.463204758157406e-06,4.959751309257115e-06,2.463204758157406e-06,0.5380280008587511,202.73423700458832,2.15824509,0.125011653
47,1.0172253996749354e-06,1.985523382744692e-06,1.0172253996749354e-06,0.42200160958270133,206.35821990154378,1.62866843,0.124981478
45,4.902552298422088e-07,9.274633173124595e-07,4.902552298422088e-07,0.34795832719582415,216.13481607895503,1.0642724,0.12496952
50,1.85881776126783e-06,3.7850104395318393e-06,1.85881776126783e-06,0.51101427426062,239.4969520459257,1.71243727,0.125551403
52,2.17162610691284e-06,4.438375567935469e-06,2.17162610691284e-06,0.5526502053498706,238.97791750676038,1.69459617,0.125538215
58,3.221097065442199e-06,6.657563123154775e-06,3.221097065442199e-06,0.6475796241381414,242.3826704143003,2.13023424,0.126231104
62,4.1994865123760746e-06,8.616001497983068e-06,4.1994865123760746e-06,0.7458795451451332,249.14643271686668,2.40767837,0.126258627
58,6.208625544547433e-05,0.00014781154226399233,6.208625544547433e-05,1.1941126436192968,208.96766459322188,8.94551277,0.125031009
68,0.00030370382201399984,0.0006514095601432262,0.00030370382201399984,2.4728698305481562,208.7625085642203,15.5174456,0.125083193
57,6.634661647028504e-06,1.497911168333814e-05,6.634661647028504e-06,0.6601238142133764,206.66053539522255,3.99425364,0.125015661
52,4.584775994460374e-06,9.929784049551538e-06,4.584775994460374e-06,0.612370972433682,204.54062279483787,3.34696507,0.125123858
53,4.511219770268751e-06,9.556341418715485e-06,4.511219770268751e-06,0.6139134171788492,199.97876262403034,3.21296811,0.125020534
55,1.1822105097287465e-06,2.381129587761533e-06,1.1822105097287465e-06,0.47514739410088175,246.15519896950292,1.86230826,0.125963077
57,1.622620358259223e-06,3.2091425494989697e-06,1.622620358259223e-06,0.5682353819736969,251.77359679471363,1.78580582,0.126752883
57,1.1386750367910575e-06,2.263635628140726e-06,1.1386750367910575e-06,0.47829165570151994,244.62930131652234,1.66722202,0.126145482
54,1.0574278455176336e-06,2.1885889831601456e-06,1.0574278455176336e-06,0.43862712249267277,243.3529531192599,1.84998679,0.125620916
59,3.0792166392634213e-06,6.1582634161552826e-06,3.0792166392634213e-06,0.7375837638163156,259.11273339754547,2.01711679,0.127635852
66,4.54906571371428e-06,9.131730583652831e-06,4.54906571371428e-06,0.8780283827753332,266.6254164252924,2.50447488,0.127876014
72,6.977811333732518e-06,1.3939002740030731e-05,6.977811333732518e-06,1.1495100607303117,283.41636513138997,3.13287497,0.127710715
77,1.5036299136515823e-05,3.0479900983640848e-05,1.5036299136515823e-05,1.7224922284994684,313.694317102481,4.82344723,0.129371986
167,0.001724741929694287,0.0032890973015027025,0.001724741929694287,13.587647672486316,427.6092056156342,47.2991295,0.123298004
50,9.464348438950983e-07,1.9985032560738964e-06,9.464348438950983e-07,0.4101581615514009,241.1352381105692,1.7327615,0.125498384
47,9.125068601509153e-07,1.930945478731861e-06,9.125068601509153e-07,0.3980500059646315,240.59416466358135,1.63339913,0.125376895
48,4.581643970956962e-07,9.303931178902628e-07,4.581643970956962e-07,0.32018543453653975,238.70575231341545,1.14809847,0.125009015
46,6.439565488936978e-07,1.2516025652010531e-06,6.439565488936978e-07,0.36651240260014895,235.96644459900853,1.35056484,0.125003755
49,1.7807057641619492e-06,3.5400641451447842e-06,1.7807057641619492e-06,0.49820397761052054,233.63558785893284,1.86548698,0.124950796
47,9.829680369327165e-07,1.9139106278276597e-06,9.829680369327165e-07,0.4163504813427633,231.93971787234975,1.69061828,0.125023931
49,1.9373502314069323e-06,3.840283096545183e-06,1.9373502314069323e-06,0.5114672811059282,231.13687727322795,1.88389242,0.125001296
46,7.134050816180947e-07,1.5116104638749213e-06,7.134050816180947e-07,0.3617727867154259,239.36582690758544,1.42993867,0.125469014
48,4.5164157702339864e-07,9.357268049849497e-07,4.5164157702339864e-07,0.31497786866908695,237.553840732527,1.16629994,0.125167534
49,5.637464351483361e-07,1.1897289410302737e-06,5.637464351483361e-07,0.3348085787768801,238.41136886184256,1.31450832,0.125241667
46,4.731890089308975e-07,9.845767886485873e-07,4.731890089308975e-07,0.3191782528701634,237.1830131642552,1.16704202,0.125131592
51,3.2187516500313006e-06,6.545707034768366e-06,3.2187516500313006e-06,0.5992897454374947,231.3249781804925,2.63707876,0.124840416
60,7.580247692209619e-05,0.0001726860195697543,7.580247692209619e-05,1.3934937446279345,204.54792395671603,10.0208931,0.124983884
74,0.00096820286134335,0.001869303262560763,0.00096820286134335,5.085339302460929,223.80762377051445,32.1582336,0.125045806
81,0.0011147326769145754,0.0021388397981818305,0.0011147326769145754,5.462898332965092,221.91184667640167,35.0644875,0.125090554
54,1.6504109422512172e-05,3.9025248071258495e-05,1.6504109422512172e-05,0.8636852886314844,210.46689121135785,5.9355545,0.124997526
54,9.775525919867401e-06,2.2789058268869596e-05,9.775525919867401e-06,0.7419607210847575,206.8303095336198,4.74208307,0.12502794
50,4.160017659243271e-06,9.712187297051418e-06,4.160017659243271e-06,0.5640901754648687,196.9800503990388,3.58391523,0.125157773
50,6.919102077797301e-06,1.7209926622189444e-05,6.919102077797301e-06,0.6072041870379253,193.897329033529,4.7821641,0.125015214
55,8.013153360692743e-06,1.9392276475639197e-05,8.013153360692743e-06,0.6649728664811989,202.14320630608276,4.77238369,0.125117466
50,2.159852408187808e-06,4.633546541701646e-06,2.159852408187808e-06,0.50785811058679,199.02304623476934,2.88838506,0.125110954
32,7.146635115403683e-05,0.0003508466950177543,7.146635115403683e-05,0.3805251668523287,190.00061490102888,43.4417458,0.125106782
58,1.2060191349619075e-05,2.794300762489686e-05,1.2060191349619075e-05,0.8730596078627164,229.9800014175008,9.96304035,0.124814399
58,5.4807872538817564e-05,0.00012981061981464102,5.4807872538817564e-05,1.284396295787254,217.76378199598182,12.6703043,0.125023082
50,3.941259488806558e-06,8.264201966304306e-06,3.941259488806558e-06,0.6190668872779144,207.96249000592152,2.8873961,0.125143394
64,4.2531948000965516e-06,8.538215311369672e-06,4.2531948000965516e-06,0.8088743707169962,253.6768608367692,2.25631642,0.126963675
63,4.317792652854921e-06,8.502733642253116e-06,4.317792652854921e-06,0.8475616773690446,258.12220195410964,2.19829512,0.128008261
67,3.575295605129429e-06,7.04907416239077e-06,3.575295605129429e-06,0.8211612193601862,258.24221996668376,2.02495456,0.12824437
73,2.384545576738529e-06,4.552705283927135e-06,2.384545576738529e-06,0.8984963291520605,294.5096487826744,1.91836607,0.12566492
69,2.62916848727208e-06,5.1261637024591765e-06,2.62916848727208e-06,0.8369394539826349,273.3478764990021,1.93104017,0.127981573
82,6.852975271233611e-06,1.2810351325384504e-05,6.852975271233611e-06,1.7010827704797227,387.3924905657927,3.12191916,0.118923925
46,5.885868237716605e-07,1.1364779476132288e-06,5.885868237716605e-07,0.35693784326494393,225.86307855255114,0.999085367,0.125006348
46,7.989123715521046e-07,1.567425521327379e-06,7.989123715521046e-07,0.3877399126130737,226.06201570228836,1.10017753,0.125174791
46,1.0292932543177717e-06,2.0442077529329352e-06,1.0292932543177717e-06,0.4162710344964728,228.09573117425097,1.23204017,0.125350088
49,1.5212147902919388e-06,3.0670358362550137e-06,1.5212147902919388e-06,0.47494137570993566,233.2517635324075,1.61784351,0.12546286
44,4.767353593472698e-07,9.188942910979201e-07,4.767353593472698e-07,0.3369315514331222,218.1595844586205,1.1031785,0.124964379
44,7.137175509272874e-07,1.3661372239609133e-06,7.137175509272874e-07,0.3840338732470629,205.9946174228994,1.49249578,0.124817714
50,2.073148135298478e-06,4.113134379443101e-06,2.073148135298478e-06,0.513141692542556,199.55214200012057,1.89086151,0.125050738
52,4.186875487341542e-06,8.672643972057075e-06,4.186875487341542e-06,0.6098487107058341,196.32564821233345,2.77745748,0.125066251
51,1.8481331090567473e-06,3.6761527309950675e-06,1.8481331090567473e-06,0.4940405346289495,196.98253333988544,1.93149054,0.124961711
48,1.1282281510045759e-06,2.1858723580878873e-06,1.1282281510045759e-06,0.43345749420564444,200.8858953719957,1.64658129,0.124780431
45,5.064665173507106e-07,9.66924684200193e-07,5.064665173507106e-07,0.3469897530435404,212.7524868680759,1.14088106,0.125012249
53,1.8747242544532936e-06,3.8045523799069374e-06,1.8747242544532936e-06,0.5193168408314027,235.02235903662273,1.57348931,0.125607267
57,2.5750557264023866e-06,5.2782069896271936e-06,2.5750557264023866e-06,0.5896959861170655,237.3557940966698,1.89747775,0.126005322
59,3.319360320249233e-06,6.825219975594801e-06,3.319360320249233e-06,0.6607872038606137,240.79516685415152,2.15154314,0.126272753
68,0.0003422582546422562,0.0007213262244881944,0.0003422582546422562,2.631923640719363,203.96355582074244,15.2481174,0.12496002
32,5.593131171949339e-05,0.0002416131217871867,5.593131171949339e-05,0.38919045277374115,167.6375034106613,31.4572792,0.124879204
59,1.7053935438447637e-05,3.899086223090645e-05,1.7053935438447637e-05,0.8442405945531376,198.84433669842204,6.56304026,0.124976225
58,1.1840578437193257e-05,2.5734596956696258e-05,1.1840578437193257e-05,0.793076605067563,197.76350148650064,5.21107578,0.124807693
56,7.2056264241735115e-06,1.539692505038892e-05,7.2056264241735115e-06,0.6898321344132988,194.98300580378816,3.83696151,0.124840766
56,1.0555585380909017e-06,2.1450693381802037e-06,1.0555585380909017e-06,0.4473233912071185,242.6739390561597,1.73287785,0.125684917
60,1.6539236433786261e-06,3.305418061258278e-06,1.6539236433786261e-06,0.5644790284001714,249.25925598357614,1.914662,0.12678881
56,1.154023561897315e-06,2.319296369134516e-06,1.154023561897315e-06,0.47602542075555354,242.47587272754689,1.827443,0.126267746
61,2.44360948526695e-06,4.89167291394575e-06,2.44360948526695e-06,0.6606761806431292,252.93076799339613,1.95885313,0.126512095
64,4.0142008324819246e-06,7.988596126250504e-06,4.0142008324819246e-06,0.8353234761366894,261.957690418895,2.37409425,0.127532482
73,9.810259573983828e-06,1.9586329073361824e-05,9.810259573983828e-06,1.352787806410038,290.60013979366624,4.09364796,0.130633309
89,3.173323326286092e-05,6.750409462918785e-05,3.173323326286092e-05,3.0068071186243017,362.9000260911752,11.9922266,0.125252217
101,3.593652362604289e-05,8.153381418931812e-05,3.593652362604289e-05,3.863874016015648,416.45103365860194,16.0949535,0.121070459
50,9.006356586930548e-07,1.9210053509685293e-06,9.006356586930548e-07,0.40289422930892993,239.7325039091225,1.76178777,0.125510216
55,9.465925118664177e-07,1.9647037458794357e-06,9.465925118664177e-07,0.42353101808406673,240.74370474184295,1.77503622,0.125814244
48,7.962646368171199e-07,1.6894544180731376e-06,7.962646368171199e-07,0.37936738186645247,238.78505815049078,1.58865786,0.125358403
48,5.578128533682848e-07,1.0973032295492202e-06,5.578128533682848e-07,0.3474037670136925,235.3927688065596,1.28018522,0.125048712
47,4.6080150655129606e-07,9.414142922610848e-07,4.6080150655129606e-07,0.31946009507708223,236.38364491945478,1.19647586,0.125146404
50,3.4557847686739606e-06,6.955237659909962e-06,3.4557847686739606e-06,0.6162470289782539,230.81386707831405,2.55406046,0.124870606
47,1.341698003782309e-06,2.622193348094414e-06,1.341698003782309e-06,0.4585287931364308,229.98745062801407,1.76901913,0.125057355
47,6.528529094442989e-07,1.2783930506368365e-06,6.528529094442989e-07,0.36501645651775605,232.78086001808197,1.41518366,0.125090405
48,1.1862534396295237e-06,2.3222798099687424e-06,1.1862534396295237e-06,0.43850613083826107,228.69806408628426,1.71071267,0.125072494
50,2.7156301484354545e-06,5.418456826929427e-06,2.7156301484354545e-06,0.5705145301228068,229.0689009214258,2.06017709,0.125037819
46,6.825758568859547e-07,1.4459342620363415e-06,6.825758568859547e-07,0.3567443503147745,237.9240896165144,1.46249712,0.12537308
46,4.5954902093647725e-07,9.513183878070567e-07,4.5954902093647725e-07,0.31787449315661326,235.1153894400962,1.16813207,0.1251719
47,5.58092056898529e-07,1.1855209415662855e-06,5.58092056898529e-07,0.3350385451281469,236.11703480214967,1.34284329,0.125276223
45,4.7017013918142944e-07,9.923586433650763e-07,4.7017013918142944e-07,0.3180830383388629,234.8850996351796,1.19238734,0.125210002
51,4.535912797093951e-06,9.188264883238278e-06,4.535912797093951e-06,0.6704353994929952,229.8371446448616,2.84239721,0.12485797
56,1.7074241700774324e-05,4.3062408426481046e-05,1.7074241700774324e-05,0.7565444992263438,194.86918420898084,6.36028337,0.124965616
61,0.00022802911951460593,0.00047801231686619603,0.00022802911951460593,2.296595908338855,202.68834686562647,12.9114447,0.124969669
62,0.00010429948520260119,0.00023063411050326598,0.00010429948520260119,1.58082851120566,196.34788457007699,10.4574795,0.124915488
46,2.1861411874553515e-06,4.754239126777458e-06,2.1861411874553515e-06,0.513180551474323,201.55862297166664,2.99839497,0.125040248
47,1.6110908787399395e-06,3.628252191128909e-06,1.6110908787399395e-06,0.4486124660414003,190.48483785816995,2.82804275,0.125081614
49,1.6350159845349318e-06,3.629150946779413e-06,1.6350159845349318e-06,0.4581081915129858,193.0321325950593,2.75898886,0.12512365
46,1.3067135706049836e-06,2.9152748757587178e-06,1.3067135706049836e-06,0.4223343793518182,185.29811300405743,2.51156998,0.125150755
46,1.314313520946119e-06,2.8125923522104053e-06,1.314313520946119e-06,0.4357382661923251,191.75278208237827,2.35490847,0.125155598
47,1.4342291677153684e-06,3.0433397188139724e-06,1.4342291677153684e-06,0.4542375177255592,193.9590479387666,2.55786252,0.125144303
66,0.0005232224808242761,0.001097773595422082,0.0005232224808242761,3.5570979294595313,231.78738223528717,33.2049866,0.124975465
56,1.70243731598537e-05,4.184010550455913e-05,1.70243731598537e-05,0.9608896390650633,229.75159277816388,11.1005993,0.124836639
51,4.8133877231147645e-06,9.85537664554549e-06,4.8133877231147645e-06,0.6759917432400245,212.30239615802583,3.14892054,0.124975562
45,1.9482096527844064e-06,3.9566528167054045e-06,1.9482096527844064e-06,0.5124323439662681,203.59091624939376,2.26591206,0.124898404
64,3.686470200723654e-06,7.442694382527839e-06,3.686470200723654e-06,0.7476843357685177,247.30975669708204,2.14947295,0.127429351
59,3.202010346405814e-06,6.5570548856885675e-06,3.202010346405814e-06,0.6650463141108421,238.52213517546437,2.0965116,0.126423314
61,3.3953990672347393e-06,6.760963356102838e-06,3.3953990672347393e-06,0.7668872858612654,248.05419551907204,2.09759808,0.127278
63,2.8380261377926196e-06,5.623145768561485e-06,2.8380261377926196e-06,0.759653860954131,251.9850217759549,1.92477643,0.129149392
70,1.84801177580001e-06,3.3411725340536858e-06,1.84801177580001e-06,0.9075630648477123,300.185268507369,1.81011534,0.125000909
65,1.8200355451374326e-06,3.4999289268653084e-06,1.8200355451374326e-06,0.7784923694087996,270.8027609900275,1.81136906,0.130021185
46,5.080512107917903e-07,9.735440184235352e-07,5.080512107917903e-07,0.34228712987669807,219.05281804404166,1.03316832,0.125089765
47,7.103153294196523e-07,1.3837824220773036e-06,7.103153294196523e-07,0.3719979593667677,221.74024785924536,1.04419851,0.125176519
45,5.216676427256304e-07,1.0003554739799268e-06,5.216676427256304e-07,0.3432845386792704,217.3373195175494,1.0430975,0.125158086
46,9.854598521954772e-07,1.9458339169026714e-06,9.854598521954772e-07,0.41101264885401884,223.54912454541275,1.20579553,0.125279948
47,1.2910722291090425e-06,2.5653184286184935e-06,1.2910722291090425e-06,0.4528879780096681,226.52136352553714,1.37045443,0.125464052
52,1.8202818288901926e-06,3.6790117146124397e-06,1.8202818288901926e-06,0.513673661166528,232.25071294614793,1.59344566,0.125657856
45,4.5315435412602645e-07,8.688619117852795e-07,4.5315435412602645e-07,0.33133136399400864,210.73988727864284,1.11837769,0.124980472
46,4.894660875246083e-07,9.304769744146532e-07,4.894660875246083e-07,0.3424120852385058,208.9092840094913,1.16244268,0.124979533
46,7.361046036614164e-07,1.4108212103622006e-06,7.361046036614164e-07,0.3852812004855604,203.59754637112513,1.47814429,0.12497206
49,3.5661733451385886e-06,7.272976769634671e-06,3.5661733451385886e-06,0.5900639543071738,192.95435551403637,2.83738494,0.125104532
52,7.359975230426887e-06,1.5396621829596383e-05,7.359975230426887e-06,0.7088578291954052,190.42810962763775,3.55315185,0.12502034
48,3.1051479584138267e-06,6.184431802958936e-06,3.1051479584138267e-06,0.5737016196455804,190.86126772702576,2.30741549,0.12494158
48,1.990937821789154e-06,3.9195795612302765e-06,1.990937821789154e-06,0.5047280793557769,190.99479993608432,2.00916338,0.125019535
46,1.218706109276113e-06,2.353640794173563e-06,1.218706109276113e-06,0.4406570003764502,194.21496273209883,1.77873182,0.125103191
53,1.8683667256348447e-06,3.7890026158664295e-06,1.8683667256348447e-06,0.5206723180660562,230.7605543952113,1.64883089,0.125645578
56,2.342114783534269e-06,4.775011182918196e-06,2.342114783534269e-06,0.5736578839866947,232.0103547507125,1.88207638,0.125927702
81,0.0015436624204071098,0.002828401256589817,0.0015436624204071098,7.028590908577942,222.0111789559241,40.9542847,0.125025883
33,0.00018219725001077246,0.0008071596833036282,0.00018219725001077246,0.5078908875325063,161.89508367831712,53.8831596,0.125107542
57,4.5594776240172737e-05,0.00010841381508889064,4.5594776240172737e-05,1.0906686599380535,187.9696618250125,9.25428867,0.12510331
78,0.0008944572433550149,0.0017697345776086788,0.0008944572433550149,4.437957984613336,201.95806306729293,37.5307312,0.12512441
65,0.00022691227292012152,0.00048644305649262436,0.00022691227292012152,2.220866014694013,192.7395883054586,25.4985523,0.125059694
55,1.0801371292965426e-06,2.166123203637343e-06,1.0801371292965426e-06,0.45988758391694856,241.21461902253873,1.71718693,0.125989839
58,1.8829675423134054e-06,3.7624632509333527e-06,1.8829675423134054e-06,0.5832106886613272,247.07327391504515,1.83298004,0.126301035
55,1.1782232244720974e-06,2.370631450201358e-06,1.1782232244720974e-06,0.4782450519898468,240.55626415857415,1.81929266,0.126347497
62,4.745627090931932e-06,9.419500548730534e-06,4.745627090931932e-06,0.8950310891687865,262.6426823948504,2.49764967,0.128135756
58,2.6936512677368205e-06,5.395835862704772e-06,2.6936512677368205e-06,0.6774905794436104,251.43630515870785,2.05007696,0.126111805
70,8.379335015023258e-06,1.6564791320015525e-05,8.379335015023258e-06,1.2363863148940846,280.8478924901811,3.53702688,0.128242955
77,9.451386563547902e-06,1.8783116146246097e-05,9.451386563547902e-06,1.3805621385473024,288.29458972064134,4.25101948,0.127918929
128,0.00021998189610694451,0.0005485166802575408,0.00021998189610694451,5.565065407629251,433.7765660593459,34.8280983,0.120631196
51,8.649117786392568e-07,1.8419090385651637e-06,8.649117786392568e-07,0.4007353250209455,237.94157144411162,1.73006606,0.12576811
48,7.319984546388722e-07,1.5571348016998034e-06,7.319984546388722e-07,0.37143574626195575,237.17228824948933,1.61082399,0.125529304
46,4.7461528446383253e-07,9.6666808457404e-07,4.7461528446383253e-07,0.3231689699002025,233.6850232325921,1.17363691,0.125215292
49,4.991980165324258e-06,1.0006323513771253e-05,4.991980165324258e-06,0.7010156714073512,228.3296464946438,2.6264956,0.1249412
50,2.5463143582701775e-06,5.0547916016655805e-06,2.5463143582701775e-06,0.5570614479416013,227.40441768707367,1.91939199,0.125015825
46,6.463627285455439e-07,1.2676578738595857e-06,6.463627285455439e-07,0.36251778286297515,230.87492205665123,1.37947261,0.125167266
47,1.109829832903875e-06,2.1504837175451535e-06,1.109829832903875e-06,0.4318235239045066,227.79285715226843,1.63479662,0.124929905
51,2.715285098435329e-06,5.385930557024506e-06,2.715285098435329e-06,0.5665542576391542,226.06376348621814,1.9917084,0.124990709
49,9.080832172140202e-06,1.8770726367759975e-05,9.080832172140202e-06,0.8518109198830577,228.97106694872193,4.32851696,0.125066519
46,6.650626062148344e-07,1.4542571117874179e-06,6.650626062148344e-07,0.34961510054893247,235.77315124028655,1.51261747,0.125359714
46,4.575178091004012e-07,9.57790194589544e-07,4.575178091004012e-07,0.31572791257236665,232.57103094237672,1.18814421,0.125184089
48,4.839124117397135e-07,9.957031988075119e-07,4.839124117397135e-07,0.32263115209477017,231.84901749882238,1.22987688,0.125179946
47,5.30795806540882e-07,1.1421609994293993e-06,5.30795806540882e-07,0.3295475738344855,234.27713837292472,1.35648954,0.12526466
47,4.68349144079056e-07,1.0010226345494298e-06,4.68349144079056e-07,0.31716425936130166,232.4872521969859,1.243325,0.125151917
49,2.3097018980581933e-06,5.027194964101842e-06,2.3097018980581933e-06,0.4940339908691965,186.82141736081715,2.64102769,0.12503548
51,1.0676993623088732e-05,2.6951320232158702e-05,1.0676993623088732e-05,0.6585251067771242,187.33843544992385,5.81525469,0.124978915
43,1.367050914167017e-06,2.7531280837234325e-06,1.367050914167017e-06,0.46245497107779215,197.32354638041696,2.17380166,0.125184163
45,1.1074361656083818e-06,2.419338651844466e-06,1.1074361656083818e-06,0.40597589846409926,183.09592304749634,2.14938521,0.125040859
44,9.491722417776625e-07,1.9978192738090538e-06,9.491722417776625e-07,0.39749273987006517,184.81167012544014,1.97589982,0.12507312
45,1.0962113331323317e-06,2.4361481290524956e-06,1.0962113331323317e-06,0.3989072476405653,179.5882849650478,2.36503506,0.125295743
43,8.554667965340119e-07,1.8116128948613894e-06,8.554667965340119e-07,0.3807707773124737,176.77654766874187,1.82214546,0.125037566
44,1.06363905490074e-06,2.2067671491482155e-06,1.06363905490074e-06,0.41920654652393796,189.50200714419663,2.10190654,0.125265718
42,6.344777897792675e-07,1.251324047539431e-06,6.344777897792675e-07,0.3657276140336655,181.17319619683815,1.5195452,0.125169054
56,0.00010036796970390151,0.0002275337487862353,0.00010036796970390151,1.6890244652058044,222.18145624032664,11.2291613,0.125156596
77,0.00036867977877633396,0.0012507750173318423,0.00036867977877633396,2.086452604865166,235.18014408854958,61.2627716,0.124991991
65,0.00015135358374373592,0.0005414299160970181,0.00015135358374373592,1.5173637153233488,233.3492001250139,42.9634781,0.124912158
47,3.4792714341002466e-06,7.199959915804485e-06,3.4792714341002466e-06,0.6121775870857669,209.95990726766703,3.17708015,0.124816731
44,1.1435078363874678e-06,2.2899107426310896e-06,1.1435078363874678e-06,0.43750405342365617,195.47943503197592,1.80633032,0.124947689
44,1.5597799659073245e-06,3.089631335577389e-06,1.5597799659073245e-06,0.4853244435692515,201.63484166428802,2.06551456,0.124815226
60,2.9843787991097154e-06,6.086434930402469e-06,2.9843787991097154e-06,0.6626843528858752,235.83787465184304,2.08646488,0.12673299
56,2.523027312572811e-06,5.1354832161498786e-06,2.523027312572811e-06,0.6063491205388195,230.73121909173005,1.97786617,0.126406983
60,2.948409834510966e-06,5.9511664905872565e-06,2.948409834510966e-06,0.685025016808748,236.6058456901885,2.11779714,0.126873195
63,2.2233364268882535e-06,4.3944425270781e-06,2.2233364268882535e-06,0.7130620415407334,246.13263188573828,1.83330989,0.130101159
59,2.335960216654482e-06,4.718609009788952e-06,2.335960216654482e-06,0.6491702489324438,235.20540723816742,1.9102267,0.127534226
87,1.5372840465772778e-05,3.319202927118731e-05,1.5372840465772778e-05,2.0016317145867437,378.8303735838207,6.36535406,0.121427827
66,1.1229827308010523e-06,1.9732628406584446e-06,1.1229827308010523e-06,0.77523997774311,278.9874953546574,1.75781262,0.129684001
43,4.5744564744295445e-07,8.769995864526897e-07,4.5744564744295445e-07,0.3311418278341965,210.70431370719632,1.0858804,0.125159636
45,6.308678194392936e-07,1.2170577552262547e-06,6.308678194392936e-07,0.360598537713658,216.8536553922209,1.06415761,0.12520057
47,4.4240487426292484e-07,8.537867314737043e-07,4.4240487426292484e-07,0.32358358273597354,209.50932081005445,1.03612697,0.125266209
45,4.6292747353359483e-07,8.934484496396866e-07,4.6292747353359483e-07,0.3265122689975847,208.75174359066528,1.06636381,0.125181258
50,9.04418462291541e-07,1.7818180059814503e-06,9.04418462291541e-07,0.3980092957717379,220.1105712757362,1.20142519,0.125294119
51,1.3480189385037427e-06,2.687727396570709e-06,1.3480189385037427e-06,0.46272890059389604,226.38972727683463,1.45694888,0.125567853
44,5.282202309394257e-07,1.0060487231158822e-06,5.282202309394257e-07,0.34753552332955645,203.11337348534747,1.24193931,0.125072479
48,8.232405189372171e-07,1.5668247161480017e-06,8.232405189372171e-07,0.39654018360372084,197.83065350389896,1.55945027,0.125003159
51,5.579156377193457e-06,1.1414275475316159e-05,5.579156377193457e-06,0.6651576507080267,187.93643060652423,3.11484241,0.124907389
54,8.593692252592423e-06,1.8078276863945468e-05,8.593692252592423e-06,0.7359685846999615,187.63129179782183,3.95046926,0.124891452
82,0.0009449614111069824,0.0018566252278411218,0.0009449614111069824,4.5144515355773445,194.5023325692383,34.0621872,0.125024155
51,4.228063531742699e-06,8.4839287070314e-06,4.228063531742699e-06,0.6209195731559496,185.70972666916398,2.75463414,0.124885827
50,3.5872633107471953e-06,7.093261305609927e-06,3.5872633107471953e-06,0.5975038299162764,183.64344209908984,2.78725505,0.124922246
49,2.0680694936794355e-06,4.027933766756459e-06,2.0680694936794355e-06,0.5117744289568603,186.51692753966245,2.05740619,0.125050753
47,1.2398039672140195e-06,2.3610116823249686e-06,1.2398039672140195e-06,0.44413358552074444,190.80746754025375,1.70425844,0.125053316
45,1.8310860294045675e-06,3.5241069137018547e-06,1.8310860294045675e-06,0.4941734843577463,185.1886324659629,1.98201239,0.125152811
51,1.579079218545788e-06,3.1760344715994765e-06,1.579079218545788e-06,0.4897453636122923,224.9249485777612,1.59810376,0.125644192
55,1.866693164900555e-06,3.775008240231212e-06,1.866693164900555e-06,0.5269125002649876,225.33897413647944,1.70271182,0.125968575
61,0.00017492959981300758,0.00037261758784945575,0.00017492959981300758,1.9695561916049988,190.8326345880965,12.0054226,0.125157148
64,0.00024042800367450587,0.0005003283031381312,0.00024042800367450587,2.3011035788443146,190.4551871485716,13.1195831,0.125158817
50,3.6685163261816177e-06,8.584675428242298e-06,3.6685163261816177e-06,0.529349364475338,181.98117516578114,3.75664163,0.124978863
48,4.400774753319159e-06,1.0403395387085789e-05,4.400774753319159e-06,0.5495503892523933,178.05708186495858,4.14334631,0.125040084
80,0.001299233160382396,0.002467913534273247,0.001299233160382396,5.7658868951922875,201.4459132894495,37.6685448,0.125102222
58,9.928845705571699e-05,0.00022112106290352344,9.928845705571699e-05,1.5279164235228166,183.72530709436052,10.6557007,0.125074089
54,9.727437430394819e-07,1.9734410007260183e-06,9.727437430394819e-07,0.43783120761043204,238.67680361790227,1.82579863,0.125901207
60,1.9193671935763815e-06,3.863577014606262e-06,1.9193671935763815e-06,0.5733705371487642,244.17133845147737,2.04209089,0.126591429
56,1.2778420874261018e-06,2.5781597241464013e-06,1.2778420874261018e-06,0.48692450250026653,238.79254536759555,1.85003054,0.126465723
61,2.9967139245236897e-06,5.932121838629873e-06,2.9967139245236897e-06,0.7173553045214233,251.16903487225616,1.98806524,0.127011731
65,5.755840262674969e-06,1.145619859731587e-05,5.755840262674969e-06,0.9661207955020816,263.49041760511034,3.08562422,0.128198609
69,6.484275154826463e-06,1.2937203117921181e-05,6.484275154826463e-06,1.0475139090319427,266.8866815145328,3.57767725,0.128322348
78,1.2254782540293844e-05,2.3540634079536884e-05,1.2254782540293844e-05,1.7107941407000506,302.5010248698962,4.97230244,0.128136009
125,0.00018795666336646316,0.0004507257185571093,0.00018795666336646316,5.091017676025671,415.12053582344697,19.124136,0.122706272
51,8.590027702866044e-07,1.8307257456197854e-06,8.590027702866044e-07,0.4009591566745187,237.11076844186238,1.78821135,0.125795916
49,7.618623087652546e-07,1.644889019348357e-06,7.618623087652546e-07,0.3781353508569532,235.5019693578703,1.75074744,0.125604138
48,5.938128039512466e-07,1.1730247966017752e-06,5.938128039512466e-07,0.35184531844523304,229.90218921252765,1.34210563,0.125045493
49,8.111036338945598e-07,1.576013445984901e-06,8.111036338945598e-07,0.3900070795807257,227.3121822650736,1.49656773,0.124867715
48,2.2072997966607998e-06,4.3199119388026804e-06,2.2072997966607998e-06,0.5344178880435443,225.0177587378382,1.7350533,0.125015289
49,3.866315720209787e-06,7.643072734561934e-06,3.866315720209787e-06,0.6418733746371001,225.40126620564786,2.28166103,0.124915227
50,9.846841638689826e-06,2.0110223233177005e-05,9.846841638689826e-06,0.8901818819818103,228.69895185180607,4.5240221,0.125024989
33,0.00010577420459152941,0.0004955317256703035,0.00010577420459152941,0.4278198466795017,189.89628969030016,44.8053818,0.125047177
48,7.070726137923092e-07,1.545836865067501e-06,7.070726137923092e-07,0.3652866242424711,234.16216993342226,1.72357166,0.125411123
48,6.066514629057475e-07,1.3177414562940557e-06,6.066514629057475e-07,0.3454397760640477,233.4225923846054,1.54934168,0.125323296
48,4.700072344909654e-07,9.76764964919839e-07,4.700072344909654e-07,0.31826433773286755,231.19865864177476,1.19325638,0.125121772
47,4.6799241700809417e-07,9.952408395595015e-07,4.6799241700809417e-07,0.317774299526172,231.0822100796492,1.2325449,0.125281647
47,5.461209017208595e-07,1.0975190290875696e-06,5.461209017208595e-07,0.3399724969647391,228.97308191090863,1.27429879,0.124948308
47,5.602593253391268e-07,1.2261251213623575e-06,5.602593253391268e-07,0.3352291268634441,232.81011310290256,1.48259389,0.125303701
46,5.429460491648554e-07,1.1896087660079075e-06,5.429460491648554e-07,0.3295635850467796,231.25558443590901,1.40986049,0.125259161
46,4.88979029630612e-07,1.0682440502839431e-06,4.88979029630612e-07,0.31645059384634017,229.29807825068104,1.32401955,0.125328347
46,1.3096770526789781e-06,2.8807483985391227e-06,1.3096770526789781e-06,0.421728940729605,179.45895322122794,2.69999909,0.125021622
43,9.04701400409841e-07,1.7798646882567098e-06,9.04701400409841e-07,0.41001715891969476,191.64016027977112,1.75852418,0.125177503
44,7.219712004356707e-07,1.4636945258657632e-06,7.219712004356707e-07,0.3707657751318221,178.2607013354763,1.67947114,0.124856092
44,1.0302555326906331e-06,2.3024597455339937e-06,1.0302555326906331e-06,0.3856932951420244,174.18852724362176,2.30656385,0.125087157
42,6.974269763783376e-07,1.422984796373527e-06,6.974269763783376e-07,0.3619782612776067,170.64953084369498,1.60053694,0.125088856
43,5.601620767191652e-07,1.07852147840263e-06,5.601620767191652e-07,0.347712034182953,171.0738348478741,1.3334229,0.124823101
43,6.728823522314488e-07,1.3032997765538095e-06,6.728823522314488e-07,0.37450895093964826,183.76152934121,1.49456012,0.125216767
43,8.018492441125623e-07,1.570158481505608e-06,8.018492441125623e-07,0.39477451277983516,188.8878781079612,1.62563169,0.125147626
44,4.782936436879577e-07,8.822457713957126e-07,4.782936436879577e-07,0.34353779598132583,176.27011852531643,1.1808269,0.125141889
43,4.763946209072034e-07,8.904200605875461e-07,4.763946209072034e-07,0.3389839534705974,172.11093464094787,1.19578862,0.124908686
51,6.5674524316066375e-06,1.3405374457906353e-05,6.5674524316066375e-06,0.7574389742378146,216.39025131475262,3.37446189,0.125172079
46,3.5099237762585936e-06,7.211410800768463e-06,3.5099237762585936e-06,0.6138462249559941,209.31762399332194,2.95416093,0.12496379
56,2.0438304321613207e-05,4.6976039117331945e-05,2.0438304321613207e-05,1.0040362750377199,219.13174412826314,6.55784941,0.124955334
43,7.880183544406615e-07,1.4911632189972002e-06,7.880183544406615e-07,0.4010859172778264,192.42249024562204,1.46274853,0.125053704
43,6.641463226296706e-07,1.2331851805201525e-06,6.641463226296706e-07,0.3813913276348642,192.4164432735185,1.1914233,0.125076279
46,1.2547868429085038e-06,2.4560084091577135e-06,1.2547868429085038e-06,0.4552977243902836,200.53518236883164,1.71987057,0.12499015
57,2.20404507331039e-06,4.4636304269981165e-06,2.20404507331039e-06,0.5748771322213052,227.13821151886478,1.93182063,0.12624827
60,1.957842570213444e-06,3.938928350006778e-06,1.957842570213444e-06,0.5798157102857917,226.66722285520058,1.90786743,0.126792654
61,1.0681156498634411e-06,1.9673322850232065e-06,1.0681156498634411e-06,0.6895583999368448,259.0346259375877,1.75971198,0.130706996
61,1.6510291477945742e-06,3.2644750845506664e-06,1.6510291477945742e-06,0.6078815151371448,232.63354173877016,1.84713876,0.127949446
88,2.135904680533075e-05,4.932664680730428e-05,2.135904680533075e-05,2.0732824963682397,366.6721604344303,8.32722378,0.123038292
45,4.665370765008652e-07,8.852181853333578e-07,4.665370765008652e-07,0.33423960458678925,202.38035382575825,1.07290792,0.125113308
47,5.656677251413771e-07,1.0907444881152336e-06,5.656677251413771e-07,0.3455464009584338,212.35566165523588,1.06170869,0.125159845
45,4.3659749062786543e-07,8.437807111657328e-07,4.3659749062786543e-07,0.3198192535778744,202.26503386652703,1.06873679,0.125230074
45,4.4726048938210945e-07,8.693040788001164e-07,4.4726048938210945e-07,0.3211238416488437,204.76937008240202,1.07880354,0.125267118
45,1.013108220201456e-06,1.9868813226697597e-06,1.013108220201456e-06,0.4213099927038323,218.35807116189065,1.34439349,0.12545152
47,6.994968543546265e-07,1.3634891697321053e-06,6.994968543546265e-07,0.3664366853941695,214.49251986430272,1.12646759,0.125247896
44,5.870776917995667e-07,1.0980403600523136e-06,5.870776917995667e-07,0.35983730998053015,197.94310956886056,1.27579761,0.125069678
47,8.171803089601866e-07,1.5346581722701709e-06,8.171803089601866e-07,0.3951577903395651,192.42527419417874,1.53061986,0.125057355
63,2.7161597853969987e-05,6.012536945847252e-05,2.7161597853969987e-05,1.0238783818528263,183.13688476543985,11.0238686,0.124938011
62,0.00010220366223366088,0.00023178613481131716,0.00010220366223366088,1.5038484382798922,179.52945837201258,15.5986166,0.125125706
61,6.848032197716427e-05,0.00015716190457957908,6.848032197716427e-05,1.28244401887022,175.53956110036466,10.392314,0.125135303
55,8.009734803724888e-06,1.620574686254844e-05,8.009734803724888e-06,0.7466660212696956,180.70042992792673,3.7651391,0.125087842
52,3.871982287807264e-06,7.617320537809266e-06,3.871982287807264e-06,0.6121793288423547,180.2518530928048,2.83194923,0.124990672
52,7.207816201924517e-06,1.4395803664588181e-05,7.207816201924517e-06,0.7318915298437103,178.73264126442226,3.45533633,0.12507081
48,3.091342435904804e-06,5.956088877723713e-06,3.091342435904804e-06,0.5791795944487172,179.01768138014378,2.40966797,0.125242725
45,1.4295090428063671e-06,2.720905416023993e-06,1.4295090428063671e-06,0.4622409917009035,185.57987976323423,1.88358176,0.12521714
46,2.4458716949166165e-06,4.6526192266684295e-06,2.4458716949166165e-06,0.5389888957295408,177.71095888111049,2.27271724,0.125090748
46,1.1555074422016731e-06,2.2825331863769733e-06,1.1555074422016731e-06,0.4397149532695431,219.283707634484,1.42381036,0.125575781
51,1.2033726970534126e-06,2.389785642744372e-06,1.2033726970534126e-06,0.4513363664616,217.92319685935774,1.5429374,0.125762597
52,1.4813422123879245e-06,2.9692340152585197e-06,1.4813422123879245e-06,0.4868674911917751,219.01067093110711,1.70134485,0.125690565
52,5.816124264704852e-06,1.4085377595400664e-05,5.816124264704852e-06,0.5788454895755749,176.8776186080941,4.43960619,0.125096127
48,1.4344343982908127e-06,3.2936923055606853e-06,1.4344343982908127e-06,0.42217260786069943,173.6371335524385,2.78520894,0.125022337
47,1.4100409356250974e-06,2.9909915807383232e-06,1.4100409356250974e-06,0.43665894139830985,171.65239382295525,2.81719446,0.125051707
54,1.2283197535613791e-05,2.996047367346618e-05,1.2283197535613791e-05,0.7092708799103544,175.4140048030859,6.09044695,0.125020027
54,8.966757226377027e-07,1.8744490605056762e-06,8.966757226377027e-07,0.4178280735975865,236.70057450737323,1.92121923,0.125940964
58,2.2444355411121536e-06,4.448078724747111e-06,2.2444355411121536e-06,0.6192811731304949,244.2115519110938,1.95919514,0.126997337
54,1.142501937621899e-06,2.3054574401427953e-06,1.142501937621899e-06,0.465045381023283,237.02002623422126,1.82460451,0.126102552
60,1.3714883207483213e-06,2.74846351051195e-06,1.3714883207483213e-06,0.4976560419004399,237.2408587432466,1.86260438,0.12611112
62,4.140733645757583e-06,8.157713268819001e-06,4.140733645757583e-06,0.8154924413919342,253.16372756086363,2.35012221,0.1274333
64,4.814976109387445e-06,9.438634989786308e-06,4.814976109387445e-06,0.8966277367878458,256.22576653486726,2.76432204,0.12843208
72,8.253942393433796e-06,1.606281579669038e-05,8.253942393433796e-06,1.2412126633073308,276.1903773433219,3.47563863,0.129039854
111,6.296978987346717e-05,0.00019648886648083885,6.296978987346717e-05,3.919500016352504,412.6732122733817,34.7864876,0.121558346
74,1.0259739506858586e-05,1.9774702739284703e-05,1.0259739506858586e-05,1.4524799347157955,285.83887805082685,3.8042388,0.12905845
52,7.893908601732753e-07,1.7185105753386606e-06,7.893908601732753e-07,0.38607973974362253,235.06324778126222,1.7899096,0.125659898
48,7.726435459857114e-07,1.5113659646692183e-06,7.726435459857114e-07,0.3837106601068999,225.7175162584921,1.4711386,0.125002146
48,1.584140304657963e-06,3.060157985494624e-06,1.584140304657963e-06,0.4834383126429745,223.3540254402185,1.68170774,0.12503013
47,3.1143699497463944e-06,6.142123303289366e-06,3.1143699497463944e-06,0.5959363965032587,222.5843491676382,2.05271196,0.124971248
50,6.165028157101676e-06,1.2182867102429522e-05,6.165028157101676e-06,0.7639588283594257,224.96251250646728,2.71783853,0.124855906
54,9.958134067094888e-06,2.019842751296008e-05,9.958134067094888e-06,0.9041220236928317,226.85154988068052,5.04172277,0.124907158
53,9.809930421166672e-06,2.016322733972396e-05,9.809930421166672e-06,0.8860625820192426,228.0479860048885,5.08740377,0.124947064
63,0.0005136923543317941,0.0012022195588645168,0.0005136923543317941,3.268299982553715,229.7311525159094,40.6725807,0.125047654
56,5.2287820933358966e-05,0.00011825506045882875,5.2287820933358966e-05,1.3804340803237685,220.80856821822107,9.28225899,0.124937817
50,6.69105729387363e-07,1.4771911993633091e-06,6.69105729387363e-07,0.3596900041417904,232.8988187015882,1.74494743,0.125427201
49,6.367884567861047e-07,1.4046599767920613e-06,6.367884567861047e-07,0.3533627312028363,231.09175983880402,1.67635119,0.125436053
46,4.785643616121536e-07,9.95286728387293e-07,4.785643616121536e-07,0.32177388260351497,228.57927337912398,1.17404044,0.1251854
45,5.319205878834746e-07,1.0840604881642958e-06,5.319205878834746e-07,0.3348612557769697,227.28617420630476,1.26240516,0.125065342
48,4.6128967894555486e-07,9.813146110053018e-07,4.6128967894555486e-07,0.3163901943891456,227.16927072992686,1.21903801,0.125209436
48,5.789598444054027e-07,1.272107773656038e-06,5.789598444054027e-07,0.3392874106273669,230.2146525379051,1.55432892,0.125268728
46,5.516952224790605e-07,1.2057325106766823e-06,5.516952224790605e-07,0.33272409897868344,228.4733572375896,1.45024741,0.12532948
45,5.26077140136846e-07,1.1472835203778815e-06,5.26077140136846e-07,0.325686923456869,226.6291818704659,1.39117539,0.125335261
42,5.683527392354304e-07,1.0504446396003818e-06,5.683527392354304e-07,0.36568233622399615,187.11075731505605,1.30630219,0.125160187
44,8.389282976841429e-07,1.7952195192952947e-06,8.389282976841429e-07,0.3664891104141685,168.51974314306318,1.8602258,0.124875188
42,4.6664548081904844e-07,8.770743348200922e-07,4.6664548081904844e-07,0.329854021216113,164.28838072952448,1.23129249,0.125027493
42,4.073027150938861e-07,7.403350925820506e-07,4.073027150938861e-07,0.3230812747168947,166.75586209314847,1.11266291,0.124853149
42,4.720139748034424e-07,8.549273366965129e-07,4.720139748034424e-07,0.3468571597306292,179.71776388130166,1.06814563,0.12511465
41,3.442422866986854e-07,5.921269309050943e-07,3.442422866986854e-07,0.31921355679583024,173.76225146913976,0.851729095,0.12507914
41,3.319465996249759e-07,5.734710209610006e-07,3.319465996249759e-07,0.3122052468129882,169.38104986818678,0.863448024,0.125103131
39,3.381892766486353e-07,5.815284453225672e-07,3.381892766486353e-07,0.31408100216753654,166.6119240468694,0.884991229,0.125044391
47,2.5955107255550635e-06,5.160226742459482e-06,2.5955107255550635e-06,0.5678442772404853,208.23299395911184,2.3365314,0.125026479
46,2.958786623607587e-06,5.877169390677113e-06,2.958786623607587e-06,0.5917184335214928,209.4149149639796,2.30035067,0.124988467
43,5.180680001657953e-07,9.295197460170254e-07,5.180680001657953e-07,0.35956419657657224,187.89255922808871,1.1078825,0.125121459
46,6.269627459293694e-07,1.1471160980904173e-06,6.269627459293694e-07,0.3766090538788588,193.16248526621956,1.18943775,0.12514399
41,3.9131755062686965e-07,6.77237688227303e-07,3.9131755062686965e-07,0.33314725492166336,184.63890332127852,0.831301272,0.125128329
48,1.2962716957353859e-06,2.4920322438229334e-06,1.2962716957353859e-06,0.4631076789064902,201.67837584534553,1.7189014,0.125075474
55,1.6190663152067501e-06,3.2513526269571703e-06,1.6190663152067501e-06,0.5223126385199075,220.9994102755268,1.80002356,0.126104653
57,1.455094064810357e-06,2.902816222945832e-06,1.455094064810357e-06,0.5292807871383617,220.65783794365458,1.73378968,0.126822636
58,1.2366654637467156e-06,2.3882444542806326e-06,1.2366654637467156e-06,0.599230826666958,233.63934366891226,1.75946295,0.128713354
64,9.408825046177552e-07,1.6811790821734372e-06,9.408825046177552e-07,0.6878578735635479,253.83977939471026,1.80963421,0.130363181
84,1.1079401291751844e-05,2.200866950036707e-05,1.1079401291751844e-05,1.6980315989697936,335.7348387259048,3.83653545,0.123902753
44,5.398645520240895e-07,1.0286748714967048e-06,5.398645520240895e-07,0.3468491681939905,196.87824766112237,1.26022923,0.125117674
46,5.08063918964913e-07,9.833091695419906e-07,5.08063918964913e-07,0.3320907371548964,207.09633848410184,1.06147099,0.12531063
44,4.482672590517062e-07,8.675557306355682e-07,4.482672590517062e-07,0.32093051179338283,197.51536892304438,1.16544211,0.125186399
45,4.24382063433654e-07,8.302109889008626e-07,4.24382063433654e-07,0.3117058989092517,200.12428405687413,1.07954109,0.125120759
46,7.507657995363156e-07,1.4649294880301294e-06,7.507657995363156e-07,0.3739119790161424,212.95577290756583,1.20568526,0.125339404
46,8.659185232359742e-07,1.697249103814791e-06,8.659185232359742e-07,0.39750643713382017,212.9787412087337,1.3142451,0.125579879
45,5.637019694383281e-07,1.0892777220716744e-06,5.637019694383281e-07,0.34302951500918194,208.13437201881072,1.10469043,0.125171632
45,6.874278254942329e-07,1.2770052420944952e-06,6.874278254942329e-07,0.37719106281596565,192.3145134511021,1.39455259,0.125056148
45,1.1142939741287596e-06,2.0706464039055862e-06,1.1142939741287596e-06,0.43325018699199497,184.6661413563537,1.68697381,0.12524122
73,0.0004100323559310836,0.0008451214238080385,0.0004100323559310836,2.9056826803467244,185.39970112718296,25.6534462,0.125096977
51,1.0241503819082425e-05,2.427496462105831e-05,1.0241503819082425e-05,0.6861748763135361,170.9422794863182,5.95913172,0.125102371
59,5.405136495553723e-05,0.0001280349733529685,5.405136495553723e-05,1.1345844377559149,172.61628622320632,10.1731138,0.125124127
46,3.085255508256125e-06,6.596500645185511e-06,3.085255508256125e-06,0.5266127728611439,163.86530310594554,3.4985013,0.125144929
65,7.326058008367154e-05,0.00018427466472246745,7.326058008367154e-05,1.3554885332515887,179.28769951782846,21.5558815,0.125261828
53,8.466207247369878e-06,1.6695484574398204e-05,8.466207247369878e-06,0.7879891898375666,176.59864313959716,3.66165519,0.125089183
54,1.92359168449891e-05,4.55283286718252e-05,1.92359168449891e-05,0.9505380548183139,176.7152110811287,12.290453,0.125222459
49,5.325061116507781e-06,1.031337141617228e-05,5.325061116507781e-06,0.6868786011658529,175.05968425382477,3.1217227,0.1250958
48,1.8578114245006453e-06,3.509871515717503e-06,1.8578114245006453e-06,0.495963513572072,178.76564377474614,2.01455355,0.12498372
48,3.446862032813506e-06,6.479466538780571e-06,3.446862032813506e-06,0.6070175829023783,173.28645097872646,2.21113586,0.124936044
53,9.552508531433526e-07,1.8905396396668253e-06,9.552508531433526e-07,0.4151259113293394,212.30619796142037,1.49491215,0.125732854
52,1.147079839889892e-06,2.285026513500387e-06,1.147079839889892e-06,0.4486898213263318,213.86229708828213,1.62054729,0.126126498
50,2.1596225730842693e-06,4.7189657027991175e-06,2.1596225730842693e-06,0.4764151717745863,169.33490116414782,3.24623418,0.125080928
46,1.2679920272552502e-06,2.7693260881683568e-06,1.2679920272552502e-06,0.41417458437398325,167.1533558810988,2.60577774,0.125080928
45,1.072290698085529e-06,2.289405976040696e-06,1.072290698085529e-06,0.39790088630284537,167.03282885616534,2.26201701,0.125131041
44,9.126895759442194e-07,1.975473656840951e-06,9.126895759442194e-07,0.3794065001103261,167.28620480309064,2.17982364,0.124866866
54,9.151002518481475e-07,1.914792060191143e-06,9.151002518481475e-07,0.4218718998833326,235.77478338360478,1.92699265,0.125903234
57,2.2839442899680544e-06,4.500203365774396e-06,2.2839442899680544e-06,0.6213839627080237,242.54041088341748,1.83087289,0.126527399
53,1.1112944783780072e-06,2.275353221701287e-06,1.1112944783780072e-06,0.4515367142592669,234.25675083032317,1.84828949,0.12587069
57,1.4931784258455582e-06,2.9873999344638737e-06,1.4931784258455582e-06,0.5144978021309314,235.76138974495643,1.93089485,0.126338035
61,4.412159460661306e-06,8.628123978177072e-06,4.412159460661306e-06,0.8532227636944294,251.6444831630947,2.67145729,0.128612772
59,2.994401299201766e-06,5.876858230730253e-06,2.994401299201766e-06,0.6937046794324615,243.51731814431898,2.14244366,0.127601489
67,6.289713541132256e-06,1.2217450827482317e-05,6.289713541132256e-06,1.0423095275040923,261.05675118133087,2.7943244,0.128899157
91,1.889490689503402e-05,3.164362554378325e-05,1.889490689503402e-05,3.268935680936503,394.1951781195073,5.79793501,0.123416767
78,1.0714762806143432e-05,2.0384545026446064e-05,1.0714762806143432e-05,1.5438795280861128,289.6228480803379,3.58764291,0.12981157
53,7.627080522519494e-07,1.6503135507348819e-06,7.627080522519494e-07,0.3845945950479094,233.89889033279982,1.91076386,0.125661805
47,7.626868054346272e-07,1.4957294728292168e-06,7.626868054346272e-07,0.38202065075445474,224.03305954957537,1.43125939,0.125010192
48,1.5430082548276812e-06,2.975344701701878e-06,1.5430082548276812e-06,0.47916452767150475,221.32004468782162,1.72675586,0.125010952
49,3.596182868415292e-06,7.081984060919251e-06,3.596182868415292e-06,0.6278627035795633,221.1720889575866,2.05587149,0.124958269
49,6.5412062482893684e-06,1.2875824907119698e-05,6.5412062482893684e-06,0.7808541839376251,223.40034615073284,2.86287332,0.124797277
60,2.895162910273709e-05,8.585252977467017e-05,2.895162910273709e-05,1.1052216407317625,228.59196256814604,18.5748634,0.124936536
35,0.00024132006626187029,0.0010388356690242758,0.00024132006626187029,0.555900619897033,187.01413219546535,50.6034813,0.125007823
49,6.482288655206844e-06,1.3091211834133236e-05,6.482288655206844e-06,0.7579672902399571,214.4482564249386,3.25813174,0.124986686
46,3.5844042141938856e-06,7.099022860991376e-06,3.5844042141938856e-06,0.6282201037356097,210.165349286401,2.37308478,0.124870226
52,7.360857384221967e-07,1.6241216106951645e-06,7.360857384221967e-07,0.37338145533434,231.7172678343251,1.85387361,0.125608385
48,6.595854483942514e-07,1.4686743366109849e-06,6.595854483942514e-07,0.35574911270777754,229.65972919865496,1.66447377,0.125431702
47,5.454341355817094e-07,1.1010652526875503e-06,5.454341355817094e-07,0.3405544571825359,225.17340186811663,1.25441396,0.125126839
47,5.037365345380703e-07,1.0471749542521893e-06,5.037365345380703e-07,0.32802949197036146,224.7043072502248,1.21969819,0.125218228
45,4.970606720952705e-07,1.0729303321345049e-06,4.970606720952705e-07,0.32290064023546605,225.47103241902147,1.29969084,0.125214994
45,5.999948159874677e-07,1.3139006660100468e-06,5.999948159874677e-07,0.34754443765352677,227.25561997462518,1.5933975,0.125469223
47,5.773526987695994e-07,1.2600691499399599e-06,5.773526987695994e-07,0.33805666510141336,226.43471196404744,1.5124625,0.125499025
45,5.768817230036438e-07,1.247615243538137e-06,5.768817230036438e-07,0.3409799188059916,224.1994614700376,1.5002315,0.12541528
42,3.657122962606018e-07,6.28586184803362e-07,3.657122962606018e-07,0.3264975075256002,180.05160689609434,0.843103468,0.125146925
42,3.6228876390224225e-07,6.323217307436499e-07,3.6228876390224225e-07,0.32265252555030927,178.12576280286254,0.872015893,0.125104129
41,5.767756662447179e-07,1.1390646023913105e-06,5.767756662447179e-07,0.3421655814362377,161.85605206056667,1.46291304,0.124847516
40,4.1418899765513704e-07,7.514007845518375e-07,4.1418899765513704e-07,0.32169280655502874,161.51920873777058,1.15223646,0.124931365
40,3.026584573260795e-07,5.086045463870004e-07,3.026584573260795e-07,0.3023960765251587,160.416882156791,0.784129918,0.12481612
41,2.711382404326537e-07,4.4446956258692417e-07,2.711382404326537e-07,0.2996592796430055,168.70846727177135,0.694051981,0.124993324
41,2.412901806574459e-07,3.848908919794552e-07,2.412901806574459e-07,0.28916689073908863,163.12947085547813,0.650707781,0.125062823
40,2.718841285011929e-07,4.42535964242e-07,2.718841285011929e-07,0.2946905835258463,159.59737174518403,0.697206199,0.124890275
44,1.4417048026880353e-06,2.7940597153517335e-06,1.4417048026880353e-06,0.47543978003944865,202.36926426262403,1.80990827,0.125158533
44,1.5732548814035694e-06,3.0289181183839408e-06,1.5732548814035694e-06,0.4888924400705297,203.73453215002448,1.76490152,0.125005975
44,5.668527016825624e-07,1.0165960162388608e-06,5.668527016825624e-07,0.367723685180331,192.34321376787588,1.02182221,0.125068828
43,3.822474206284314e-07,6.594438580383501e-07,3.822474206284314e-07,0.3295928879286811,186.07707288747974,0.774577737,0.125012666
41,3.3579195993373935e-07,5.712714233712125e-07,3.3579195993373935e-07,0.31898292939584677,181.76878193249803,0.753114223,0.125052229
44,7.992837971621862e-07,1.4736796283898935e-06,7.992837971621862e-07,0.4040949215759497,196.94838726141592,1.26349688,0.125066072
54,1.2479143226303482e-06,2.478469097101287e-06,1.2479143226303482e-06,0.48352442973785686,215.0352948980953,1.75883055,0.126767084
57,1.142584778125036e-06,2.2384751774558108e-06,1.142584778125036e-06,0.5199698523258539,219.35625921141175,1.70771813,0.127132997
60,9.981229843341214e-07,1.9093705424213696e-06,9.981229843341214e-07,0.5682177184224623,229.0977992688469,1.71153069,0.128477126
71,4.724427556224144e-06,9.114455165739417e-06,4.724427556224144e-06,1.120598519391426,277.93627450090685,2.51733589,0.130037367
58,8.933638758121306e-07,1.6475123969869877e-06,8.933638758121306e-07,0.6064066935723202,233.35064891814807,1.7434299,0.128405094
76,8.596311113082962e-06,1.6833458284050008e-05,8.596311113082962e-06,1.5256569771426183,317.1472698252605,3.44013596,0.122231826
45,6.021015487770155e-07,1.1258255229147601e-06,6.021015487770155e-07,0.35776326702251654,190.86153605418517,1.28424513,0.125025451
45,4.323499903048393e-07,8.446750236777332e-07,4.323499903048393e-07,0.3126706340550791,199.92979466624843,1.06438756,0.12519303
45,4.769023730834268e-07,9.250342389052236e-07,4.769023730834268e-07,0.3238267612445217,201.2712777120615,1.09149814,0.125242397
45,4.876992155135172e-07,9.341371205262045e-07,4.876992155135172e-07,0.3265330066207754,190.60834628372623,1.21024632,0.125001147
44,4.498594444038094e-07,8.751914179856726e-07,4.498594444038094e-07,0.3135891870308746,192.47375838604938,1.11979413,0.124922566
48,6.47621285135519e-07,1.265824199919467e-06,6.47621285135519e-07,0.35560962783587824,207.41335942652967,1.20291424,0.125372231
48,7.610495130528498e-07,1.4973509187140226e-06,7.610495130528498e-07,0.3776460402057748,208.72655837780346,1.33117568,0.125627115
45,9.594905155773704e-07,1.7693514705069288e-06,9.594905155773704e-07,0.41095184361305176,183.01189353955857,1.51571345,0.12519677
54,4.0866646067245375e-05,9.572405754348001e-05,4.0866646067245375e-05,1.053588804937474,169.97730482169396,9.19679737,0.125211999
46,2.4636027156979007e-06,5.3875399361788736e-06,2.4636027156979007e-06,0.4921862759037947,163.90690443159576,3.36034799,0.12493787
47,3.9021241816800495e-06,7.968876016790802e-06,3.9021241816800495e-06,0.5742507636785559,162.82354248213494,3.22687864,0.125090808
45,1.8600489327855604e-06,3.927982503262633e-06,1.8600489327855604e-06,0.45978601023515386,158.3341167237879,2.79847813,0.125057429
59,8.799038998353467e-05,0.00020099180065258826,8.799038998353467e-05,1.4085294422602883,169.34034910399802,16.1958618,0.125159785
55,3.4979176924320516e-05,0.00010675212560810706,3.4979176924320516e-05,1.0683898281075344,175.60580919406436,23.3086128,0.125202626
34,0.00028507553605427034,0.0009895323459781851,0.00028507553605427034,0.7217891821210088,137.06233161408753,42.8398323,0.125164345
51,8.203056348469862e-06,1.590040355600116e-05,8.203056348469862e-06,0.7959253187363446,173.66327193989494,3.5834794,0.125085995
57,2.254942802014242e-05,5.376864403168662e-05,2.254942802014242e-05,1.0457884035041345,174.7485255372676,18.2458858,0.125170559
49,1.6824044585796618e-06,3.142728706800299e-06,1.6824044585796618e-06,0.4803138937581156,176.6116754855281,1.8856374,0.125093341
49,7.229979883828083e-06,1.3666384643806754e-05,7.229979883828083e-06,0.7817478108262405,171.2710947651363,3.14838481,0.125033379
47,2.4046087564929294e-06,4.481008598610119e-06,2.4046087564929294e-06,0.5377849921204333,172.32650719965432,2.01220345,0.12494798
54,8.713231449329924e-07,1.7115637009692288e-06,8.713231449329924e-07,0.40628042750583876,209.93063189282077,1.41062701,0.125810266
52,9.044519829760036e-07,1.7897311745092578e-06,9.044519829760036e-07,0.41668679194713526,207.88759429371902,1.54443514,0.126140609
46,1.49045945678823e-06,3.2429085049142495e-06,1.49045945678823e-06,0.4310171804413439,161.81993099790728,2.8018105,0.125039801
43,9.211636362204838e-07,1.9577515498510284e-06,9.211636362204838e-07,0.3776463920893267,159.01157834333785,2.20448542,0.125084981
44,8.098023024314244e-07,1.7110135447058205e-06,8.098023024314244e-07,0.36564399038415374,162.81323715458763,2.02852917,0.125097781
42,6.023680793534369e-07,1.2050404176345982e-06,6.023680793534369e-07,0.34118948114347863,159.90776489958702,1.5277307,0.124618858
52,9.394412779029907e-07,1.9590338238651664e-06,9.394412779029907e-07,0.423985937322456,233.11571657480042,1.88990259,0.125828296
54,1.2739488254195521e-06,2.582442934880395e-06,1.2739488254195521e-06,0.4786518648405732,233.06874321323554,1.96267045,0.126213133
60,2.6171765660854843e-06,5.11491109254972e-06,2.6171765660854843e-06,0.6497122454872472,240.0600796835126,2.16591024,0.127449885
56,1.690165265506414e-06,3.3602971641512137e-06,1.690165265506414e-06,0.5338622725195381,233.02324421630783,2.19557309,0.12664476
61,2.8500949272371743e-06,5.592638423222441e-06,2.8500949272371743e-06,0.675661755365869,239.88169273069113,2.27929902,0.126777172
67,5.17032547397582e-06,9.968454413299974e-06,5.17032547397582e-06,0.9332246146395718,252.7075162296824,2.64117002,0.127570465
91,1.6855943646706846e-05,2.9857186505349697e-05,1.6855943646706846e-05,2.6755061704586307,352.6971985701585,4.04159927,0.127403975
66,5.743229755106138e-06,1.1017133176579134e-05,5.743229755106138e-06,1.0030085658784071,255.67030179858753,2.83684731,0.130673334
50,7.743670258938981e-07,1.6618578793936502e-06,7.743670258938981e-07,0.38678632315165673,230.78324395162485,1.84314585,0.125654981
44,7.306841089638252e-07,1.423926831424073e-06,7.306841089638252e-07,0.3792225789453809,221.9631310462833,1.35892963,0.125101358
48,1.6664726903243993e-06,3.229819409980845e-06,1.6664726903243993e-06,0.48748725017187994,220.02800403728423,1.77816844,0.125120148
54,1.0479180924871597e-05,2.1271435011965364e-05,1.0479180924871597e-05,0.9167662961720531,223.94525872567786,4.77762556,0.124778964
49,3.4802774973195673e-06,6.8357365370793e-06,3.4802774973195673e-06,0.6191333884821548,219.2899147876085,2.13484979,0.125025228
51,1.783095393324021e-05,4.0390695800561304e-05,1.783095393324021e-05,1.0836303481311127,227.79040658828677,11.2739515,0.124889798
53,8.197272497611425e-05,0.00018876544949285228,8.197272497611425e-05,1.6270026080547946,222.07338688553202,10.6281977,0.124913521
47,5.486598632945094e-06,1.0962512961915287e-05,5.486598632945094e-06,0.7227479892124132,213.37010570867085,3.09559679,0.124991335
44,1.9042989145255357e-06,3.684713528146307e-06,1.9042989145255357e-06,0.5152959278074721,204.90400407211538,1.8628006,0.124978766
45,1.3975423570290835e-06,2.6655902830939147e-06,1.3975423570290835e-06,0.4712455617073755,202.40243477809815,1.59676027,0.124870479
52,7.039255713605458e-07,1.5699010875640016e-06,7.039255713605458e-07,0.3627042599994406,228.51054765234056,1.80952096,0.125630111
46,5.923243664524175e-07,1.1964092419588763e-06,5.923243664524175e-07,0.34928426433339327,222.31741067117207,1.27872658,0.12521334
47,5.178201978621844e-07,1.0951037753545997e-06,5.178201978621844e-07,0.329012507196334,223.58433202740466,1.26686394,0.125188202
50,6.891888857855881e-07,1.5333476348301478e-06,6.891888857855881e-07,0.36049277414834785,226.63531701509376,1.7908411,0.125567421
46,6.448227521117127e-07,1.4099622483514495e-06,6.448227521117127e-07,0.3545149141904779,224.97534950279314,1.66235709,0.125475839
47,5.399482598121247e-07,1.1544148912271696e-06,5.399482598121247e-07,0.33424946218483653,222.4791261649689,1.37179017,0.125337392
46,5.995912877040057e-07,1.2949847943115516e-06,5.995912877040057e-07,0.3468789204574828,222.24590507155256,1.54926527,0.125434607
41,2.82930738143527e-07,4.6760258619854393e-07,2.82930738143527e-07,0.30378292315686456,173.3017041271167,0.688786268,0.12506023
40,2.952554952453314e-07,4.899371974142607e-07,2.952554952453314e-07,0.30860701468786395,177.74805549483116,0.638735414,0.125215888
41,3.577784737129042e-07,6.28108331115757e-07,3.577784737129042e-07,0.30909837526115996,155.92639582068864,0.996948779,0.12509492
41,4.0942034772406077e-07,7.368617625125749e-07,4.0942034772406077e-07,0.31592452671667387,153.83015980882962,1.09345734,0.124873079
40,2.925655147185871e-07,4.839419452713399e-07,2.925655147185871e-07,0.2971556746393138,155.23345817482715,0.748778641,0.124886259
41,2.1848722051515797e-07,3.460188212574569e-07,2.1848722051515797e-07,0.2806709582586368,165.34058303251302,0.63621062,0.125035048
40,2.108822752292818e-07,3.28146749127113e-07,2.108822752292818e-07,0.27647000657647575,158.45791232201427,0.614180565,0.125117585
39,2.3418725884327195e-07,3.6677386108313e-07,2.3418725884327195e-07,0.2850787051047089,156.9885593382185,0.622877538,0.124974981
45,7.281203362602917e-07,1.328042462022927e-06,7.281203362602917e-07,0.39356182979115123,195.57340098011613,1.17900074,0.125130281
42,4.035676207523007e-07,6.978499447115587e-07,4.035676207523007e-07,0.334524163951976,188.752691988554,0.761067271,0.12506412
43,3.0837029306168555e-07,5.183415121598e-07,3.0837029306168555e-07,0.3100804475625751,184.09857223078083,0.614140093,0.12508744
41,2.533983859645099e-07,4.156992296657726e-07,2.533983859645099e-07,0.2935669816290496,178.00593100995803,0.634779215,0.12508738
40,2.425403655564456e-07,3.947921710147272e-07,2.425403655564456e-07,0.2893182117291657,175.706778752133,0.588589966,0.124965295
54,1.0324534277330822e-06,2.049747352176057e-06,1.0324534277330822e-06,0.4549947006240887,210.46594709970526,1.68413556,0.12662676
55,9.369864524170924e-07,1.847151023861535e-06,9.369864524170924e-07,0.45504288195418036,210.5098860801493,1.68443751,0.126614541
57,8.840537157828006e-07,1.7133500336652454e-06,8.840537157828006e-07,0.4993898570610375,215.6949535056089,1.68779206,0.127100423
66,3.374121586698499e-06,6.383856020687822e-06,3.374121586698499e-06,0.9368333264493763,251.83165081042824,2.25488257,0.127894104
60,7.929453578260913e-07,1.4857139159330373e-06,7.929453578260913e-07,0.5497075637817096,221.80631757860274,1.69249189,0.128252372
78,8.400322247285114e-06,1.5938241386424455e-05,8.400322247285114e-06,1.5347581205660028,309.3239394906232,3.34829903,0.120895311
48,6.503913226602399e-07,1.2080126481816132e-06,6.503913226602399e-07,0.3643376934640509,187.18053635472754,1.33795106,0.124993153
43,4.374280769114748e-07,8.613098686634209e-07,4.374280769114748e-07,0.30959509103874555,196.0593437547322,1.06091964,0.125302538
46,5.267155940857551e-07,1.0292459741037426e-06,5.267155940857551e-07,0.3324909239680157,200.77508599717348,1.1464926,0.125424713
47,6.356168455243968e-07,1.1824251492725733e-06,6.356168455243968e-07,0.35941452567772825,186.53752488471557,1.2897594,0.125067621
45,5.564723618515904e-07,1.0586901622422387e-06,5.564723618515904e-07,0.338859079272979,185.03309590179668,1.26772952,0.124986768
44,4.6362485548155305e-07,9.047366843133851e-07,4.6362485548155305e-07,0.31232990913545383,188.75853203646142,1.12913251,0.125094458
47,6.297331523069824e-07,1.2338669769874825e-06,6.297331523069824e-07,0.3547852832850819,203.28123655261956,1.27323854,0.125402793
49,7.070759201059056e-07,1.4005403710657395e-06,7.070759201059056e-07,0.3738395487411984,202.91152126050105,1.38380575,0.125666693
44,9.474745631981279e-07,1.7323931655854266e-06,9.474745631981279e-07,0.4086576248285191,178.8220061620141,1.55301368,0.125282213
49,7.2078488983338555e-06,1.5400759232764567e-05,7.2078488983338555e-06,0.6610228044647892,162.15625429960812,3.97409153,0.125085488
44,1.2927238725975444e-06,2.7346078411702905e-06,1.2927238725975444e-06,0.4170271078305275,156.10968566342225,2.72983885,0.124981552
47,2.1323164843913237e-06,4.417513740147645e-06,2.1323164843913237e-06,0.4756178722221283,154.87730135259318,2.95052433,0.124947324
42,1.246149629460151e-06,2.538723122031811e-06,1.246149629460151e-06,0.41256420064719457,150.95475011326403,2.16440201,0.125037938
55,2.4419181116929398e-05,5.311479569389619e-05,2.4419181116929398e-05,0.9493044523900837,162.52084326285126,7.01550388,0.125075385
48,4.375495201753876e-06,8.933694173254248e-06,4.375495201753876e-06,0.587377686494848,158.1594599930572,3.36902952,0.125016212
62,0.00010553410764001418,0.00023654104893568355,0.00010553410764001418,1.6065040608499095,166.41332677647065,22.4329987,0.12510173
59,7.63232238924677e-05,0.0002485183419538606,7.63232238924677e-05,1.3104952074765714,175.44030965615428,33.5037651,0.125122011
47,1.5256463292798515e-06,2.812845329213512e-06,1.5256463292798515e-06,0.4677037886371481,174.78117542046962,1.82176089,0.125218004
53,1.5122692210661034e-05,2.932773351153069e-05,1.5122692210661034e-05,1.0101692373040896,172.08200098679941,5.86023045,0.125292048
49,7.693535314442751e-06,1.4339295109769896e-05,7.693535314442751e-06,0.8069700107930733,168.2291153570174,3.07475448,0.1254334
48,2.7348248726625043e-06,5.070121826916575e-06,2.7348248726625043e-06,0.55783450702872,169.34888852409483,1.98719144,0.125273943
52,7.584101287903462e-07,1.502195936283833e-06,7.584101287903462e-07,0.39982029467183516,204.02557650313886,1.50535464,0.126092359
42,1.129723129600409e-06,2.352082186108122e-06,1.129723129600409e-06,0.40196256921589174,156.39069981950666,2.39958477,0.125014454
42,8.180632162842053e-07,1.7304234299775033e-06,8.180632162842053e-07,0.3644661091126897,156.14672624443392,2.04941082,0.125086978
44,6.244589516144023e-07,1.2561377341817758e-06,6.244589516144023e-07,0.34236769785244503,155.79367940052765,1.68620372,0.12518771
41,5.106936409672793e-07,9.709337491659609e-07,5.106936409672793e-07,0.32706769371551664,152.96571829765438,1.30428982,0.124941163
53,1.0651436522284197e-06,2.226957326650081e-06,1.0651436522284197e-06,0.43834127064344564,231.56594788944395,2.05722761,0.12583819
55,9.313326805989906e-07,1.9839638706936035e-06,9.313326805989906e-07,0.41142588852897727,229.69676977059154,1.97669959,0.125555485
55,1.2045063188805171e-06,2.468433347658159e-06,1.2045063188805171e-06,0.4607644682464691,230.39918211439812,2.08809233,0.126135379
59,1.8373261467027141e-06,3.628639084126984e-06,1.8373261467027141e-06,0.5483009912018653,231.77089712973725,2.17313719,0.126476228
54,1.1590403821681966e-06,2.3712832679605794e-06,1.1590403821681966e-06,0.4534577659087815,228.35521981334585,2.08361292,0.126165941
59,3.1688952927013303e-06,6.118968068303665e-06,3.1688952927013303e-06,0.7228159652452528,240.16821062049536,2.2459445,0.126558155
88,1.154160444586083e-05,2.0348086419799572e-05,1.154160444586083e-05,2.012966133546539,308.3373019412457,3.5449357,0.12985763
85,1.3919009945146667e-05,2.261984478722456e-05,1.3919009945146667e-05,2.7074596458899545,363.49549827668886,3.74153185,0.124537729
63,4.923545886485459e-06,9.46754041557583e-06,4.923545886485459e-06,0.9123738582850505,249.78672239328645,2.63188958,0.128972664
48,8.403937583708167e-07,1.6187594780231903e-06,8.403937583708167e-07,0.398342336313181,220.56447391002868,1.41477573,0.125188798
49,1.6008451562392077e-06,3.080882467531291e-06,1.6008451562392077e-06,0.4849621759041184,218.47161823692358,1.78484893,0.125149176
55,1.871689902583853e-05,4.3731232807919405e-05,1.871689902583853e-05,1.0947062360242406,227.17980282807792,12.1064062,0.124841049
58,8.596794272526638e-05,0.00019564658118980478,8.596794272526638e-05,1.6774162738122682,222.21033370503892,10.7221718,0.12487153
51,5.325042341588278e-06,1.0473426556485786e-05,5.325042341588278e-06,0.7197109313213235,219.41769026064432,2.5015831,0.124932192
47,3.910626493470858e-06,7.667491902080725e-06,3.910626493470858e-06,0.6503512105784509,210.5190593341693,2.52363062,0.124877512
45,1.7742442193663596e-06,3.405960244039947e-06,1.7742442193663596e-06,0.5053097387474361,204.27948543744694,1.8241781,0.12507318
44,9.665086363828542e-07,1.808246835606601e-06,9.665086363828542e-07,0.4225411618490104,198.6061050829855,1.43304586,0.124995649
44,6.500407703989839e-07,1.1820792738566707e-06,6.500407703989839e-07,0.37931977837789876,194.86358993484714,1.11568654,0.125076294
49,8.712259772196017e-07,1.8544599148170421e-06,8.712259772196017e-07,0.40058457773921674,227.44555143796367,1.84751689,0.125837922
47,5.987107254268957e-07,1.21081686946333e-06,5.987107254268957e-07,0.3515205152520004,221.0396606862206,1.26451278,0.12511459
46,7.979173184715869e-07,1.5497877869740944e-06,7.979173184715869e-07,0.39025228789220284,219.2525024540808,1.36545849,0.125140905
49,7.121156075515147e-07,1.5842930611412478e-06,7.121156075515147e-07,0.3641681484248463,225.20093776291813,1.83488202,0.125513911
46,6.788323469834162e-07,1.5036247089600061e-06,6.788323469834162e-07,0.3581589043887663,223.46483762494228,1.70121372,0.125453919
45,5.84895105087482e-07,1.227959094038935e-06,5.84895105087482e-07,0.3436741465997259,220.2987434764872,1.36665905,0.125266239
45,6.201886871137024e-07,1.3325994656520384e-06,6.201886871137024e-07,0.34828468411739694,220.8850416459542,1.5195961,0.125459611
45,7.094627952354143e-07,1.5300963277796054e-06,7.094627952354143e-07,0.3653016294375396,221.00391962869733,1.66086483,0.125426963
41,2.2011664048442852e-07,3.4990759694260617e-07,2.2011664048442852e-07,0.2814009222143713,168.2750500081177,0.620122492,0.125105396
40,2.11608063250699e-07,3.3802157167629724e-07,2.11608063250699e-07,0.2772785672257982,169.75658431139468,0.573825121,0.125136554
42,3.040349025097695e-07,5.090813649668667e-07,3.040349025097695e-07,0.2950422997880938,149.98031831968578,0.826103926,0.125147685
41,2.3942760962483014e-07,3.7492714006073145e-07,2.3942760962483014e-07,0.28047341136926407,149.18978468041055,0.666342676,0.125024781
41,3.711463751023603e-07,6.477584570176912e-07,3.711463751023603e-07,0.30695923534537023,148.78779626023348,0.98171252,0.125050828
41,2.419229238031544e-07,3.8286017232237694e-07,2.419229238031544e-07,0.28376917007144303,153.11947479596338,0.633822918,0.124898247
42,1.9444928716393497e-07,3.0436838894139035e-07,1.9444928716393497e-07,0.26862587898800644,162.88077678433922,0.576530039,0.125161991
41,1.9292442435334156e-07,2.965892777246619e-07,1.9292442435334156e-07,0.26701199474759907,156.9964081512633,0.585649192,0.125143945
40,1.8663103837669483e-07,2.8374719950149664e-07,1.8663103837669483e-07,0.26292915734971856,152.07861053407066,0.59611249,0.125060186
41,1.938594784807052e-07,2.933963828562082e-07,1.938594784807052e-07,0.2661419456325964,150.6565346853975,0.606344461,0.124972381
41,3.840211051714719e-07,6.599428640182315e-07,3.840211051714719e-07,0.3293607041450136,188.08287820604593,0.719846129,0.125137627
41,2.48945840988202e-07,4.124345775733344e-07,2.48945840988202e-07,0.28947382400809507,180.53123275842694,0.587718546,0.125127479
41,2.0887056476470044e-07,3.3848990155520825e-07,2.0887056476470044e-07,0.27387147611525525,173.0924075772346,0.592324615,0.124956489
41,2.1173810139220133e-07,3.467327724167792e-07,2.1173810139220133e-07,0.2738093644486057,175.5022873252793,0.544310212,0.125043631
41,1.9357464726087768e-07,3.0893737755839787e-07,1.9357464726087768e-07,0.2678053471399177,169.0839513759666,0.548423171,0.124977067
51,7.848397632609167e-07,1.5485010060047505e-06,7.848397632609167e-07,0.4086047559312446,203.68761747386714,1.5266149,0.126239091
55,7.393330482916423e-07,1.457078798362078e-06,7.393330482916423e-07,0.43648458021871256,205.91087167966813,1.59663761,0.127229184
56,7.449632489351919e-07,1.4583087783297094e-06,7.449632489351919e-07,0.4680894941272664,209.62956712542564,1.62448514,0.127699852
64,2.6558451263936828e-06,4.953673254430605e-06,2.6558451263936828e-06,0.832611745853196,239.65835898892857,1.8518579,0.128823966
76,5.700880186231929e-06,1.074743459572396e-05,5.700880186231929e-06,1.270166627020866,282.09522654634947,2.82222915,0.12427374
61,8.119696968197454e-07,1.5719799744919562e-06,8.119696968197454e-07,0.5194146327435369,213.16727138573302,1.77171588,0.127054617
45,4.519423090628166e-07,8.968206918818002e-07,4.519423090628166e-07,0.31141742995342353,194.655166996058,1.11553037,0.1254296
44,4.3702250884925675e-07,8.728773297820776e-07,4.3702250884925675e-07,0.3005243419293746,188.7170728714724,1.12436318,0.125250041
46,4.997931395217261e-07,9.877546240505482e-07,4.997931395217261e-07,0.32342738014505185,196.96585169878696,1.16199648,0.125510097
46,7.258433620497799e-07,1.3369273483568266e-06,7.258433620497799e-07,0.372434241933642,180.3269445845449,1.39992273,0.125051349
44,5.623157047281541e-07,1.0511000033043911e-06,5.623157047281541e-07,0.3414315919209442,180.85643731386787,1.27729166,0.125065416
44,4.945256203293305e-07,9.574683575316021e-07,4.945256203293305e-07,0.3186702900567165,183.30254131264658,1.18361115,0.125110731
48,5.477091953227552e-07,1.0838098260225349e-06,5.477091953227552e-07,0.3347049555197747,197.88783275263998,1.25797331,0.125578791
49,6.15229919759853e-07,1.2273439961604929e-06,6.15229919759853e-07,0.3554640596034466,197.89999494957155,1.40717793,0.125800207
46,1.385609295419658e-06,2.5316620352288233e-06,1.385609295419658e-06,0.4525233839398372,172.75972010402245,1.73975408,0.125028878
44,1.0857345963053786e-06,2.2704913174817867e-06,1.0857345963053786e-06,0.3966674970812505,153.18626234782482,2.38836813,0.125030741
44,1.7163158810534875e-06,3.5693324995338223e-06,1.7163158810534875e-06,0.44575249835734077,150.64361468833937,2.85380626,0.124995872
43,1.2163997202639875e-06,2.604197649363293e-06,1.2163997202639875e-06,0.3959370799952214,148.4444215922827,2.5517087,0.124921702
47,7.012687677417051e-06,1.4437234031366334e-05,7.012687677417051e-06,0.6733514734536816,156.1916243214776,3.85303473,0.125162959
46,2.921653252047355e-06,5.8558920404860276e-06,2.921653252047355e-06,0.5253567164324865,153.501365678543,3.16538167,0.12496759
62,5.7729185239214845e-05,0.00012364284068804902,5.7729185239214845e-05,1.3155587200354226,164.0984621880923,9.75242615,0.125154465
45,4.933272355872715e-06,9.723050985059358e-06,4.933272355872715e-06,0.6261663984614432,152.3748214105055,3.41222787,0.125261784
68,0.0003265986481342005,0.001060247555175187,0.0003265986481342005,1.947614602594714,177.2753011467708,55.9265442,0.12525408
35,0.00020645603758472373,0.0007894429723036516,0.00020645603758472373,0.5707024043124722,130.80005662003853,45.1422348,0.125145063
54,1.828950063551322e-05,3.6942655514494444e-05,1.828950063551322e-05,1.0710171689158516,171.44293412390167,9.25322247,0.125207081
48,4.5259985595001305e-06,8.385409989844417e-06,4.5259985595001305e-06,0.6577463388043747,165.4778752982452,2.32443666,0.125278488
51,1.418101918099615e-05,2.675380638796847e-05,1.418101918099615e-05,1.0135839652108465,168.75336979300852,4.80392742,0.125184506
47,2.068868570499549e-06,3.7973333944159278e-06,2.068868570499549e-06,0.5092537542301434,168.07373246960242,1.9460094,0.125056759
48,6.405159150126399e-07,1.2803384263791085e-06,6.405159150126399e-07,0.3631577353220127,197.33499958078193,1.41527128,0.125872597
44,7.72025686097383e-07,1.5849480434256202e-06,7.72025686097383e-07,0.3593828735568279,151.89862296151585,1.89968824,0.124909692
41,8.129790552700399e-07,1.6363247842094137e-06,8.129790552700399e-07,0.3644915345694702,148.5935679317548,1.7439456,0.124929816
42,6.400059575445614e-07,1.275198573594423e-06,6.400059575445614e-07,0.3419383304943004,151.6399922934297,1.59411776,0.125076339
41,4.628652436975921e-07,8.514193472659419e-07,4.628652436975921e-07,0.3196166419788934,146.9068842096426,1.20704877,0.124945194
58,2.697204397135412e-06,5.231708615712644e-06,2.697204397135412e-06,0.6664064974641647,236.75283287437696,2.09453416,0.126774549
57,1.873078163389381e-06,3.7174396298555937e-06,1.873078163389381e-06,0.546051913952926,229.24302901793186,2.19727087,0.126356438
54,1.2009258470391114e-06,2.437304185568013e-06,1.2009258470391114e-06,0.45984572802245977,226.47114026122296,2.06021714,0.125993311
50,9.857002041876267e-07,2.0518846748158015e-06,9.857002041876267e-07,0.42455461176802256,226.5505639286266,2.0659194,0.125865906
71,6.01723218195956e-06,1.1174050932625766e-05,6.01723218195956e-06,1.1970736596119558,265.5583662956777,2.80840182,0.129303291
83,1.443822477203494e-05,2.2842006773830048e-05,1.443822477203494e-05,2.7834321747348594,355.4044446742436,3.75888133,0.121693172
61,3.5445589264092116e-06,6.80866276284796e-06,3.5445589264092116e-06,0.7637804982446235,239.55145370262542,2.22149515,0.12762925
49,1.6457362227544568e-06,3.1750283822047015e-06,1.6457362227544568e-06,0.48848415043059484,217.8505612517011,1.75874913,0.125069797
37,0.0002835823184089045,0.0012991306612365095,0.0002835823184089045,0.5698529558838532,186.00743048528847,69.7468338,0.124877334
56,3.6289250891416574e-05,0.00010936048624775806,3.6289250891416574e-05,1.2406600882219503,228.8242598184287,22.4982891,0.12478815
50,1.2380914147793402e-05,2.4831290029192164e-05,1.2380914147793402e-05,0.9624538182350737,216.20711129052947,3.8846066,0.12491259
44,3.840248481129208e-06,7.520554298550716e-06,3.840248481129208e-06,0.6465906954228474,208.7612282601209,2.59385967,0.124906033
50,3.878599072758686e-06,7.591024957477811e-06,3.878599072758686e-06,0.6433669582260368,217.08512632543452,2.28495145,0.12488392
44,2.0852583346984337e-06,4.009103388165008e-06,2.0852583346984337e-06,0.5309609596891741,205.10707982470785,1.97139108,0.124936096
43,8.964534517885371e-07,1.6437925314296157e-06,8.964534517885371e-07,0.41538831226741657,198.0743907836826,1.20359373,0.124987528
44,5.003389887132129e-07,8.855041687858637e-07,5.003389887132129e-07,0.3508522180689782,193.05166175304055,0.867341101,0.12502031
41,4.6735010289167594e-07,8.203759384151251e-07,4.6735010289167594e-07,0.3466441754806453,190.64339426660985,0.856503367,0.125120431
51,8.473084939725039e-07,1.837629914701625e-06,8.473084939725039e-07,0.3922803132822769,225.15224191963932,2.01713276,0.125690311
46,5.914504914606745e-07,1.21437104147304e-06,5.914504914606745e-07,0.3471803957311558,219.76841755320345,1.28042829,0.125079557
45,8.80708118694735e-07,1.7095679273057697e-06,8.80708118694735e-07,0.4010644115830021,217.22130491925952,1.39316475,0.125127003
48,7.423518341546813e-07,1.5902457144502307e-06,7.423518341546813e-07,0.37492896697352035,222.45728204781582,1.75101352,0.125512689
45,6.001559449060981e-07,1.242946894011907e-06,6.001559449060981e-07,0.3509648589608049,218.93807077216266,1.37284529,0.125310972
47,6.420210471571431e-07,1.364700125871385e-06,6.420210471571431e-07,0.35381969405715474,219.02440295044832,1.58218443,0.125360727
49,7.175835329558821e-07,1.5462648779856743e-06,7.175835329558821e-07,0.36904325237719926,220.59357331849154,1.77237272,0.125414461
41,1.8870525370844704e-07,2.979505921312615e-07,1.8870525370844704e-07,0.2645390159800837,164.3075150334498,0.57067436,0.125099301
40,2.814156195725447e-07,4.535890372904619e-07,2.814156195725447e-07,0.2895072115643158,145.6717211789465,0.744925678,0.125027865
39,2.28583111987147e-07,3.517970106660034e-07,2.28583111987147e-07,0.27599936965646465,145.1631458997002,0.683087707,0.125059396
39,2.0773279879234737e-07,3.127221013078717e-07,2.0773279879234737e-07,0.2707054752989727,146.99990643873153,0.588922203,0.124915525
39,3.137421863025486e-07,5.116477997110193e-07,3.137421863025486e-07,0.2952955188234077,141.86880463443833,0.783014715,0.124860823
41,1.7947389906828858e-07,2.785410657586673e-07,1.7947389906828858e-07,0.25879168957868093,158.67665205149564,0.54723531,0.125137776
41,1.7867194843493807e-07,2.730665944533005e-07,1.7867194843493807e-07,0.2570902957527707,152.8972191265305,0.56910944,0.125020891
40,1.782064499479928e-07,2.673499249542369e-07,1.782064499479928e-07,0.256429771680929,148.0670561458677,0.568387866,0.124952309
39,1.8284798262086902e-07,2.7234437024205717e-07,1.8284798262086902e-07,0.256771744377105,144.3577849651193,0.577587485,0.124885634
41,3.1841494559994914e-07,5.39270400579233e-07,3.1841494559994914e-07,0.3117394979313964,185.12707393714726,0.629552066,0.125015005
39,2.269033449536598e-07,3.761447060159984e-07,2.269033449536598e-07,0.2789848620039144,178.6051253804987,0.552009404,0.124989018
41,1.84036557555173e-07,2.9754012441145947e-07,1.84036557555173e-07,0.25905202357679197,168.37125600933112,0.552585602,0.125078961
39,1.9687923180111372e-07,3.223930151522984e-07,1.9687923180111372e-07,0.2650565596696043,172.78610983145407,0.542608798,0.125087157
39,1.853618075254487e-07,2.9482340812981163e-07,1.853618075254487e-07,0.2608365236584312,164.0789273006932,0.577023923,0.125233129
53,6.427010042133694e-07,1.3026867562781612e-06,6.427010042133694e-07,0.37905144969648846,198.17086214017309,1.5556519,0.126199052
54,6.730928592952629e-07,1.3533893314514982e-06,6.730928592952629e-07,0.4095419694556815,199.45980131404124,1.62264144,0.127228633
62,2.742298652361198e-06,5.104453987668328e-06,2.742298652361198e-06,0.8408971337499347,237.01310640565526,1.97993147,0.130676091
69,5.178967840139376e-06,9.48366135990498e-06,5.178967840139376e-06,1.2585895526556037,279.10233158865594,2.72696376,0.124253929
59,9.930546812132479e-07,1.8373820598272029e-06,9.930546812132479e-07,0.5552833336714057,209.872493997056,1.70633805,0.128322616
55,6.738240351892609e-07,1.3428143812319585e-06,6.738240351892609e-07,0.42717429696887593,198.7792744992264,1.61743307,0.127029911
46,4.6238920042057717e-07,9.265720885655079e-07,4.6238920042057717e-07,0.3088586676545211,192.29390152158396,1.15439415,0.125474155
44,4.29539331777114e-07,8.565198832577315e-07,4.29539331777114e-07,0.29707693288311277,186.38618446297286,1.10572231,0.125251293
45,4.628159664880883e-07,9.044671637957449e-07,4.628159664880883e-07,0.30595194736168796,181.38304260879966,1.14236271,0.125167683
47,8.018349351968977e-07,1.4648372239414383e-06,8.018349351968977e-07,0.3813919473689609,175.16564242468974,1.48116434,0.125108451
43,5.855915452297781e-07,1.1115900273576912e-06,5.855915452297781e-07,0.3381914387869549,176.2398489415019,1.29050648,0.125153005
47,5.140937867292927e-07,1.029311629503525e-06,5.140937867292927e-07,0.3242919505946523,193.45096623541338,1.25427401,0.125661865
49,5.300279468060558e-07,1.0838537413710347e-06,5.300279468060558e-07,0.32575957784721377,191.37030665452187,1.33815002,0.125680104
47,1.3005859329656873e-06,2.3608401902933608e-06,1.3005859329656873e-06,0.44103003762796245,169.77962832041592,1.7165364,0.125138521
43,1.1934117547834396e-06,2.4639960719033736e-06,1.1934117547834396e-06,0.3992961577586237,145.634333382993,2.32130361,0.125227198
43,1.5817846398675006e-06,3.1795614377396603e-06,1.5817846398675006e-06,0.4370570054149949,147.43262641673033,2.18613768,0.125126272
42,7.289720075717001e-07,1.4121380858340996e-06,7.289720075717001e-07,0.35807801390596583,143.7178079873677,1.79381764,0.124844477
39,8.624186633350771e-07,1.7546547730832922e-06,8.624186633350771e-07,0.3661629828099735,141.2808208257033,2.12166095,0.125157058
44,2.655317373272816e-06,5.146784697974172e-06,2.655317373272816e-06,0.5188902264921649,148.63434095520867,2.53074265,0.125137374
42,1.7030157414132755e-06,3.3808575754716187e-06,1.7030157414132755e-06,0.4515838238744725,147.32895949393907,2.50408196,0.125087515
44,6.514784013742604e-06,1.267172777871047e-05,6.514784013742604e-06,0.6965991659636536,152.81747447906307,3.57736492,0.125114381
44,2.740456381243556e-06,5.425674866163046e-06,2.740456381243556e-06,0.5152166969112677,146.9323654202978,2.8397491,0.125143141
44,2.6988759065773632e-06,5.2158933863312465e-06,2.6988759065773632e-06,0.5249555314678788,145.67263493500903,2.63951063,0.125076175
54,4.509687780387045e-05,9.634085041813042e-05,4.509687780387045e-05,1.2592747991248374,160.74835798930536,9.28736973,0.125383034
67,0.00015137301203007925,0.000512165173253829,0.00015137301203007925,1.5604929418276723,174.8373464023128,38.4139061,0.125281379
49,4.182298710115408e-06,7.728540238345347e-06,4.182298710115408e-06,0.6371791116412974,163.95155907741048,2.25108528,0.125109449
37,0.0003403249760937373,0.001263067744197114,0.0003403249760937373,0.6546819425039012,125.97426989016688,50.8941116,0.12519519
53,2.19406049805561e-05,4.524695391304238e-05,2.19406049805561e-05,1.1592241544406816,169.19851009526414,10.4384422,0.125149876
45,1.9547767319320483e-06,3.563093389656197e-06,1.9547767319320483e-06,0.49746165357215155,164.51454669539075,1.90875816,0.12493246
52,5.650572546965341e-07,1.154319275902595e-06,5.650572546965341e-07,0.35015694566785466,192.9977591550178,1.44819665,0.125983402
40,5.778847769935711e-07,1.0887116976504629e-06,5.778847769935711e-07,0.3382174513227639,145.0988105862574,1.46445072,0.124911934
42,6.505581639629571e-07,1.251387309352766e-06,6.505581639629571e-07,0.3443985026881091,143.64090315395728,1.50031495,0.124908596
39,4.140501828105211e-07,7.302601427144187e-07,4.140501828105211e-07,0.31234336272761415,142.58461167031055,1.1641556,0.124861091
58,1.6760772872868725e-06,3.297087509292408e-06,1.6760772872868725e-06,0.5283376440880166,227.2832495242758,1.99167967,0.126218989
55,1.2243952574680674e-06,2.4687070087074654e-06,1.2243952574680674e-06,0.46203073290348734,224.09394920576338,2.05452943,0.125910729
58,2.2908833545951346e-06,4.411705707980047e-06,2.2908833545951346e-06,0.6137830952585389,230.3724621940667,1.96854162,0.126782462
53,1.0155950455028477e-06,2.113333093932175e-06,1.0155950455028477e-06,0.42522076075783777,224.83696520694144,2.07099652,0.125817046
63,4.95512117421875e-06,9.371271041697133e-06,4.95512117421875e-06,0.9663806122009628,251.06775242685754,2.48118091,0.12868695
80,9.679358164220838e-06,1.6974795588156407e-05,9.679358164220838e-06,1.7846604841355473,293.53749569204217,3.24312234,0.128382951
85,1.3874248044992465e-05,2.184120944838167e-05,1.3874248044992465e-05,2.693592559273801,343.8628137682294,3.73684788,0.119783327
59,3.4328999448785388e-06,6.521859329933768e-06,3.4328999448785388e-06,0.7640720123205754,237.8950628354392,2.15980053,0.127868772
49,2.0830605268455686e-06,4.028149341178813e-06,2.0830605268455686e-06,0.5259034098615888,215.76002887394472,1.9545567,0.125037611
50,1.999188178551412e-05,4.118102226945115e-05,1.999188178551412e-05,1.1172296114276372,217.21309641473982,5.69113159,0.124949008
50,6.910290089314785e-06,1.3596397689964615e-05,6.910290089314785e-06,0.7931958109605248,218.7303685032879,3.44891524,0.124864876
65,0.0001749002422408427,0.0007412984235245393,0.0001749002422408427,1.524154933665582,232.64644621181196,55.901207,0.124917328
58,3.437194211995817e-05,7.361211229322296e-05,3.437194211995817e-05,1.3121864649446426,218.1222793502477,8.07099152,0.124914683
46,3.0719845969982038e-06,5.946461171898364e-06,3.0719845969982038e-06,0.6003000527743502,206.72328887140227,2.20990014,0.125042796
43,2.442102021294835e-06,4.706866638942056e-06,2.442102021294835e-06,0.5600927751955951,205.5280359011735,2.12934899,0.124854624
43,1.2266143172965915e-06,2.2839960641050255e-06,1.2266143172965915e-06,0.45299056788422176,199.6406142104822,1.39024544,0.12490046
42,1.0556000026533262e-06,1.9584020287096174e-06,1.0556000026533262e-06,0.4327892624898968,198.51764322331886,1.29444766,0.124827057
42,5.509833649238282e-07,9.808298654099415e-07,5.509833649238282e-07,0.3599150632476001,193.2604946250977,0.919167042,0.124983646
41,3.5735087981609837e-07,6.126256491980539e-07,3.5735087981609837e-07,0.3199225820314504,187.97759226101752,0.653277636,0.12497434
47,6.966955943639344e-07,1.3997636047812204e-06,6.966955943639344e-07,0.3684010265447951,217.44396130702557,1.29381299,0.125169069
48,1.0986487760550102e-06,2.1119911704744437e-06,1.0986487760550102e-06,0.4311005538075915,216.2512657887994,1.56793344,0.125096142
51,8.451262160085112e-07,1.7601340435735066e-06,8.451262160085112e-07,0.39733531269932526,221.77874705242007,1.87333286,0.125652671
46,6.609593155921454e-07,1.348522166323143e-06,6.609593155921454e-07,0.3632756365272326,216.6703640651857,1.40459108,0.125350282
45,7.604668661784805e-07,1.5043277565176697e-06,7.604668661784805e-07,0.3821510008288778,216.55259812883398,1.30079162,0.125320628
47,7.150401463352422e-07,1.4778891542463366e-06,7.150401463352422e-07,0.37080827417848594,217.22317212438494,1.56229055,0.125332683
48,7.469416642519254e-07,1.5841268977957608e-06,7.469416642519254e-07,0.37455795909762113,218.6444543074868,1.78477645,0.12542367
49,7.889351496441654e-07,1.654893645518399e-06,7.889351496441654e-07,0.38580281203330913,219.62452035595444,1.9089185,0.125599787
42,1.7505660011029733e-07,2.7427957830937984e-07,1.7505660011029733e-07,0.25476385848094196,159.79721305552874,0.532756805,0.125251383
41,2.3526460765831018e-07,3.6116784433993366e-07,2.3526460765831018e-07,0.2751201361953958,141.19366892951044,0.675137997,0.124957964
39,2.0152860978800117e-07,2.9899237380301226e-07,2.0152860978800117e-07,0.2659118554975728,142.57470549322255,0.578940749,0.124978423
41,1.854282650804664e-07,2.73658443616162e-07,1.854282650804664e-07,0.2574873270750166,141.3313793461943,0.587518215,0.124889657
39,3.081379963532951e-07,4.978653861607041e-07,3.081379963532951e-07,0.29265381390377765,139.9207448228485,0.768334389,0.124918044
39,2.4308490169069806e-07,3.701306150585937e-07,2.4308490169069806e-07,0.27742793530236703,139.07925265813142,0.628121555,0.124980554
41,1.7505650464181302e-07,2.701388041132009e-07,1.7505650464181302e-07,0.25432397145994307,155.26301708491644,0.534398854,0.125087589
39,1.7447145823989301e-07,2.6581738267524436e-07,1.7447145823989301e-07,0.25257366389262265,150.79538463887323,0.519937873,0.125099674
39,1.7167640849826825e-07,2.6061941160663753e-07,1.7167640849826825e-07,0.24889371642337557,147.39537345497425,0.545534372,0.125020787
40,1.719392394634798e-07,2.570405072274035e-07,1.719392394634798e-07,0.2491855127073114,143.7920287271266,0.551582813,0.125000358
38,1.7388501017920375e-07,2.5730849199827025e-07,1.7388501017920375e-07,0.24870226793826095,140.17514139397602,0.53745985,0.124970011
41,2.724957826514386e-07,4.5989744199977804e-07,2.724957826514386e-07,0.2946495159018177,183.2062566047803,0.586393714,0.124825947
39,2.164697285763307e-07,3.596075117013985e-07,2.164697285763307e-07,0.27214960555941514,176.98392067861988,0.537276626,0.12507607
40,1.7838302781790566e-07,2.8747016737945164e-07,1.7838302781790566e-07,0.25492087996007184,166.10945482983124,0.534971237,0.125024095
39,1.8466478863585913e-07,3.0099250709742386e-07,1.8466478863585913e-07,0.254680171225587,167.00495637729148,0.542649627,0.125103027
40,1.9610853035860197e-07,3.2484366644883095e-07,1.9610853035860197e-07,0.2607759440860598,172.6112896265582,0.546147764,0.12522389
41,1.7476514740157149e-07,2.780791148934654e-07,1.7476514740157149e-07,0.2518425076217883,161.85613983042705,0.533670425,0.125249773
54,5.974495776293362e-07,1.2356345332877228e-06,5.974495776293362e-07,0.3628816560880789,192.6406069745128,1.53448308,0.126144335
60,2.3543071369291804e-06,4.310002698611155e-06,2.3543071369291804e-06,0.7953428502434269,229.46158136430245,1.84402931,0.131438062
65,4.046857646660085e-06,7.181497149993168e-06,4.046857646660085e-06,1.1375717186574352,265.4780141132519,2.40639424,0.123662852
54,7.897846686055188e-07,1.5246559412439192e-06,7.897846686055188e-07,0.47563926949424873,199.41757514345957,1.76776755,0.127892956
53,6.734273365029606e-07,1.3565757731390747e-06,6.734273365029606e-07,0.4103964248276725,192.6646395237426,1.63548863,0.126752272
52,6.254095228533715e-07,1.2860497051198696e-06,6.254095228533715e-07,0.3711564976334451,189.86332735859597,1.52707434,0.126196399
45,4.6514170240461856e-07,9.44016145316251e-07,4.6514170240461856e-07,0.3043084063127716,187.09615659935943,1.20126092,0.125402942
45,4.443380868179334e-07,8.954871315254688e-07,4.443380868179334e-07,0.2951050129346429,181.9845743008193,1.15910316,0.125199646
44,5.159544474254734e-07,9.942448607700883e-07,5.159544474254734e-07,0.3183835333998581,176.0528479418016,1.20678759,0.125237405
46,9.733071664801328e-07,1.751217791411759e-06,9.733071664801328e-07,0.4037167821120858,170.5875289785131,1.49949205,0.125133395
45,6.827655289724884e-07,1.270399140210559e-06,6.827655289724884e-07,0.3530272004405818,171.24395054891212,1.36180234,0.1252051
47,4.680386505304339e-07,9.56506182081659e-07,4.680386505304339e-07,0.3058722858343895,187.47023271933745,1.24742305,0.125526145
50,5.361309523583786e-07,1.1043792235966878e-06,5.361309523583786e-07,0.3233472268449105,188.16255739691672,1.36688673,0.125836045
40,8.222475777614349e-07,1.5906062746912667e-06,8.222475777614349e-07,0.36884609892585424,139.15641681418396,1.99036229,0.125122949
39,1.0420355531648928e-06,2.054068626495435e-06,1.0420355531648928e-06,0.39094788313320195,140.5885958899164,2.07488751,0.125153497
40,1.1920266928029803e-06,2.2544301742140384e-06,1.1920266928029803e-06,0.4108821162956852,140.96924178566223,1.8582902,0.125085726
42,5.457593806382792e-07,1.001327367811793e-06,5.457593806382792e-07,0.3340602219298159,140.6391386465926,1.45074499,0.124916755
41,5.593823254218665e-07,1.0061640760572284e-06,5.593823254218665e-07,0.3348973471291853,136.43676941662548,1.37213933,0.125220865
45,7.659977424172507e-06,1.4649757598872974e-05,7.659977424172507e-06,0.747956816716965,151.44528800198378,3.39706445,0.125351682
44,4.368510653421074e-06,8.19979641337269e-06,4.368510653421074e-06,0.6272355703868421,147.42741122954095,3.00918698,0.125290319
40,1.4239429295285566e-06,2.6994865024728723e-06,1.4239429295285566e-06,0.4325151276886036,140.36111660882887,2.0337851,0.125210673
42,1.9391994525358425e-06,3.716542978309382e-06,1.9391994525358425e-06,0.4747017523717026,141.9062200062047,2.41508222,0.125092074
51,1.6646996679506013e-05,3.257514275805041e-05,1.6646996679506013e-05,0.9715417255848723,155.68063629834788,4.99678516,0.125286341
50,1.9739542498018847e-05,3.880447043718872e-05,1.9739542498018847e-05,1.039625850594555,156.6641290914859,5.64528942,0.125295162
48,4.217680232715914e-06,7.784365179988623e-06,4.217680232715914e-06,0.6362926251964658,162.41169615100432,2.27966142,0.125256583
50,1.1740650598163652e-05,2.1503733881046815e-05,1.1740650598163652e-05,0.9580445070850352,166.08833276915746,4.00329971,0.125111789
49,1.937729052049751e-05,3.69861573381816e-05,1.937729052049751e-05,1.0615924520809574,155.24029852946754,5.34283161,0.125114724
63,0.00033022424594811257,0.001119519373925928,0.00033022424594811257,1.8635150968267158,162.21554759074533,50.2603188,0.124972805
46,1.7891200512869578e-06,3.2329067410444203e-06,1.7891200512869578e-06,0.48305233493864386,162.58645500718765,1.84773672,0.125126436
40,4.4698574275890485e-07,8.017368097110986e-07,4.4698574275890485e-07,0.3165845875825976,140.8533128879852,1.26829922,0.124986939
39,4.612041204207362e-07,8.152691465991169e-07,4.612041204207362e-07,0.3196649935031764,138.7475209779401,1.17728794,0.124971628
39,3.5012611385261395e-07,5.803326153295504e-07,3.5012611385261395e-07,0.30005502944581947,137.65974052663734,0.944350958,0.124946497
57,1.6263965051952315e-06,3.1846785883765583e-06,1.6263965051952315e-06,0.5169389711847397,224.86450709713895,1.99059343,0.125939772
54,1.0785050404150084e-06,2.2367102389573753e-06,1.0785050404150084e-06,0.43223343948976506,221.65847072324016,2.08946514,0.125813112
56,2.1865307840864046e-06,4.1725012235246126e-06,2.1865307840864046e-06,0.6047871671511879,227.65117370225116,1.88735902,0.12736249
65,4.384401611204699e-06,8.200604627989104e-06,4.384401611204699e-06,0.9361270898138371,247.2684982941619,2.29774356,0.128448606
81,1.3194406284284728e-05,2.029035841198001e-05,1.3194406284284728e-05,2.6623543430013967,341.1672718215199,3.58876657,0.125086561
73,6.150488804988815e-06,1.1082675487467258e-05,6.150488804988815e-06,1.2761847484086586,263.2792746679046,2.72686744,0.132289842
60,3.1335622773793194e-06,5.913689432114716e-06,3.1335622773793194e-06,0.7506617558028987,235.85979870253144,2.05694294,0.128689319
49,2.475338131787158e-06,4.789892273232146e-06,2.475338131787158e-06,0.556744039201092,215.4001570673014,1.93913257,0.125015244
47,7.482481176583546e-06,1.468119492882814e-05,7.482481176583546e-06,0.8158244575201821,212.04092328238522,3.0196619,0.125033036
49,6.249285118968385e-06,1.2261826478199961e-05,6.249285118968385e-06,0.7624357388284911,216.73679814897187,3.09823108,0.125031456
37,0.00026168341819953297,0.0012056637297845104,0.00026168341819953297,0.529364826223868,183.26114639793633,59.8510818,0.124924831
47,6.5012061606809425e-06,1.2737247004499804e-05,6.5012061606809425e-06,0.7705098555418692,209.07424967473852,2.89430332,0.124941133
45,2.0770680226929875e-06,3.9523821349538246e-06,2.0770680226929875e-06,0.5290457996886998,203.01833148823806,1.80115461,0.125084445
45,1.248932287239677e-06,2.3245685784093307e-06,1.248932287239677e-06,0.45409869784583917,199.1298923278427,1.41939747,0.125055596
42,8.603245391765309e-07,1.5741888233985304e-06,8.603245391765309e-07,0.4065816580225616,196.29252306384566,1.15014327,0.12481305
42,6.384696065265389e-07,1.1490040419064945e-06,6.384696065265389e-07,0.3740887955220107,194.53290947017757,0.994720161,0.12481346
43,4.032161263818969e-07,7.010683578804436e-07,4.032161263818969e-07,0.32882099237737566,189.81545155078567,0.754159391,0.124982551
42,2.7877100434043947e-07,4.731525596169398e-07,2.7877100434043947e-07,0.29414061052970375,183.82279368186667,0.592540383,0.124830358
42,2.954853664375339e-07,5.040579692606494e-07,2.954853664375339e-07,0.299460129383349,185.23583519610014,0.616254389,0.12494529
47,9.608219652042499e-07,1.8646045448100052e-06,9.608219652042499e-07,0.41158998203584823,215.35142758684,1.3878479,0.1252359
49,1.6159587622252068e-06,3.119717623200341e-06,1.6159587622252068e-06,0.482937986922078,214.1953443349766,1.74379981,0.125066161
45,7.898449343661345e-07,1.5756527330442219e-06,7.898449343661345e-07,0.3843908410922633,215.05087339546068,1.38149583,0.125308543
46,9.636911937123516e-07,1.8637134575367648e-06,9.636911937123516e-07,0.4126606010097096,214.1426218278066,1.34702229,0.12524797
48,7.079372227228131e-07,1.4405363715291054e-06,7.079372227228131e-07,0.37190792504084275,216.28850859530635,1.52979994,0.125430271
48,8.138187036766218e-07,1.6673377039777697e-06,8.138187036766218e-07,0.3883426144031403,216.87043018748682,1.74241531,0.12563242
51,9.194120921697856e-07,1.9107145651970584e-06,9.194120921697856e-07,0.4060665073694755,218.97807047768396,1.96622765,0.125631809
41,1.6800972939433045e-07,2.6360156829620756e-07,1.6800972939433045e-07,0.24633992033239935,155.83932685090812,0.519519269,0.125144303
39,1.9071092036174685e-07,2.7975560015997645e-07,1.9071092036174685e-07,0.2581133388717858,138.1737458494533,0.589089155,0.125073567
39,1.9946665498960276e-07,2.910368978883816e-07,1.9946665498960276e-07,0.2599474598419863,134.1494466066834,0.618789613,0.125066191
41,1.8225723855225585e-07,2.6632856392583126e-07,1.8225723855225585e-07,0.2536549313562635,137.76574737783284,0.566729486,0.124852799
40,2.543482472289953e-07,3.868807452574123e-07,2.543482472289953e-07,0.2774970640000993,134.9386688550866,0.631583989,0.124910437
39,2.915347563451556e-07,4.5676643129167093e-07,2.915347563451556e-07,0.28695825582140183,134.63707490285077,0.722082376,0.124967143
39,2.1489751319385318e-07,3.119914528130805e-07,2.1489751319385318e-07,0.2664961648578975,132.67051795304047,0.600396037,0.12486624
40,1.6612179916682703e-07,2.555996120759846e-07,1.6612179916682703e-07,0.2445322922825354,150.3756938907976,0.512093365,0.124934398
40,1.6659634665074625e-07,2.5176684397194725e-07,1.6659634665074625e-07,0.24436846145221602,145.62618954643276,0.507754922,0.125092998
39,1.6927135063407969e-07,2.5320274072771216e-07,1.6927135063407969e-07,0.24504608539836123,142.38260947700425,0.536459386,0.125071049
38,1.6859659075536628e-07,2.4986801389150953e-07,1.6859659075536628e-07,0.2435853630780783,139.35035482597374,0.536380708,0.125061005
39,1.7176451929584566e-07,2.516356677482201e-07,1.7176451929584566e-07,0.2445127316688013,135.98266953650875,0.534648657,0.124958716
41,2.3140882272433416e-07,3.8827014612110006e-07,2.3140882272433416e-07,0.27697164761428616,179.02459753720913,0.553870499,0.124965936
41,1.740556543794197e-07,2.8037702728874113e-07,1.740556543794197e-07,0.24894466210392432,162.85717955572318,0.533481002,0.124958001
40,1.7107294669921347e-07,2.7363689732053424e-07,1.7107294669921347e-07,0.24682731522171728,160.1579390604875,0.526349545,0.124984466
40,1.749460416823929e-07,2.864978349440927e-07,1.749460416823929e-07,0.24855044714935864,166.8826766534286,0.535238564,0.125225157
41,1.9426161340363271e-07,3.2293313125738935e-07,1.9426161340363271e-07,0.2583950322529464,172.77006907348598,0.541758358,0.125264063
40,1.659810035776987e-07,2.6159401283011267e-07,1.659810035776987e-07,0.24421076193643626,155.89212170170666,0.528700292,0.125022694
50,5.727645772712928e-07,1.1850289014047018e-06,5.727645772712928e-07,0.34747499280171995,188.29415698097063,1.4820317,0.125943184
58,1.9289753081977863e-06,3.529054272208518e-06,1.9289753081977863e-06,0.7121476969219905,218.44628763963766,1.89619172,0.128962249
64,4.373815578246508e-06,7.605576921881462e-06,4.373815578246508e-06,1.1577833094019327,257.2140966639398,2.51888013,0.121859491
55,8.790161355771415e-07,1.6473929919267398e-06,8.790161355771415e-07,0.49139571962657635,196.6488936188033,1.67532408,0.127522036
55,1.295397376257838e-06,2.378162481838695e-06,1.295397376257838e-06,0.5754372924584261,201.02089671450733,1.87862051,0.127893776
53,6.616366543384755e-07,1.3535844902566833e-06,6.616366543384755e-07,0.3857877669456094,187.79828168908264,1.64223707,0.126328126
53,5.776850051826276e-07,1.195914962880322e-06,5.776850051826276e-07,0.34223294301158713,181.99039626495565,1.55692482,0.125726923
45,4.5639351883043087e-07,9.226390554724474e-07,4.5639351883043087e-07,0.2959692417276954,180.52066773154942,1.1728462,0.125274241
43,4.662821041339949e-07,9.473109318885398e-07,4.662821041339949e-07,0.2987235425889889,181.2496797055964,1.24075496,0.125398949
45,4.814554281033918e-07,9.511660969040204e-07,4.814554281033918e-07,0.30340918289867147,175.89158843492027,1.16388404,0.12514168
45,9.209854297249018e-07,1.6684845567414834e-06,9.209854297249018e-07,0.3925048815250993,166.75003173315383,1.53238916,0.125000894
45,6.271140833456361e-07,1.1755653156701745e-06,6.271140833456361e-07,0.3405726311864162,169.5630864931648,1.29331052,0.125213578
46,4.901550683973364e-07,1.009792677958138e-06,4.901550683973364e-07,0.3060867354115597,184.15712852057138,1.27356434,0.125608459
39,6.352955033202112e-07,1.1550312858978503e-06,6.352955033202112e-07,0.3444653687048369,134.6436125836381,1.45723224,0.125047922
40,8.257750751869074e-07,1.560524907883492e-06,8.257750751869074e-07,0.3681290911959827,136.09554815543535,1.85213494,0.125124365
39,8.493922239769612e-07,1.53713289175012e-06,8.493922239769612e-07,0.37414496767250827,134.6149795383398,1.44007766,0.125395641
39,4.3893564843779176e-07,7.513511903456556e-07,4.3893564843779176e-07,0.31473479461414083,134.13303507862764,1.08107948,0.124985002
39,4.5776918245314436e-07,7.856625950748387e-07,4.5776918245314436e-07,0.3182181242644892,132.2421515305589,1.13056922,0.125171468
41,1.993569687242112e-06,3.6840505452320393e-06,1.993569687242112e-06,0.4885887931258096,140.16562467602682,2.33994246,0.125133574
41,4.6046743025829114e-06,8.587295449625315e-06,4.6046743025829114e-06,0.6436696071828923,144.91708774415255,2.9027524,0.125221461
39,1.0891591388076034e-06,2.0124222454544583e-06,1.0891591388076034e-06,0.40343553846849467,135.66275732484843,1.94530773,0.125345007
40,1.312847081210264e-06,2.391391856882856e-06,1.312847081210264e-06,0.43109324996930704,136.15464222499398,1.8976624,0.125130728
42,6.647528087783325e-06,1.2229401755480183e-05,6.647528087783325e-06,0.7409316087758321,147.882930117611,3.0421207,0.125140935
47,5.587585267199858e-06,1.0247857757327787e-05,5.587585267199858e-06,0.7037481456531737,160.2351158373263,2.53692889,0.125148848
56,2.717817144607851e-05,5.758389875397065e-05,2.717817144607851e-05,1.256132489145029,168.09884064094445,11.4015017,0.124941804
43,8.404866303331043e-06,1.537811258218187e-05,8.404866303331043e-06,0.8029662252079929,147.44199832368636,3.10974336,0.125037447
46,1.4446566173374756e-05,2.6350732968521754e-05,1.4446566173374756e-05,0.9889925436694068,152.4160931380562,3.82982993,0.124916419
43,1.2909329745918706e-06,2.310294354856709e-06,1.2909329745918706e-06,0.4352735138027613,161.86815916189437,1.61937249,0.125167385
48,3.059468319451785e-06,5.610492508092844e-06,3.059468319451785e-06,0.5655637974482024,159.0328603834718,2.01189518,0.125165522
40,3.6384489674903984e-07,6.047498400484308e-07,3.6384489674903984e-07,0.30144158044322006,135.1975691618863,0.941194773,0.125151455
38,2.957391850105743e-07,4.5805417697601236e-07,2.957391850105743e-07,0.2880125224465942,131.3534000092527,0.728151977,0.124937885
55,1.441317811299999e-06,2.846608856707472e-06,1.441317811299999e-06,0.49131828856268034,222.05965107199188,1.98552752,0.125741154
51,1.1297786350484876e-06,2.2763432310354216e-06,1.1297786350484876e-06,0.4444521881068916,220.14984737536923,1.9966414,0.125664935
57,1.91832952671506e-06,3.6799935273129455e-06,1.91832952671506e-06,0.5625267020880876,224.6514605348251,1.95637608,0.126864359
58,2.1934896006713585e-06,4.156519450876021e-06,2.1934896006713585e-06,0.615953716623272,226.4305574631292,1.95357573,0.127812251
74,9.067652393361853e-06,1.4886386228146897e-05,9.067652393361853e-06,1.9010579958794807,290.43052145875953,2.93828583,0.12658079
63,3.862631869171492e-06,7.211856482656376e-06,3.862631869171492e-06,0.8640746119847911,240.77925794003647,2.11705947,0.130504474
48,3.061707957907973e-06,5.9484472308242606e-06,3.061707957907973e-06,0.5959923441479154,214.4467937730245,2.05900025,0.125078112
43,2.500077506701122e-06,4.77740620093869e-06,2.500077506701122e-06,0.562498722887503,203.24066715102234,1.93748116,0.124982104
51,1.2819769831381285e-05,2.514877104558948e-05,1.2819769831381285e-05,1.031398256110224,221.57510484900442,4.76759863,0.124970339
47,1.1791357511969877e-05,2.3256977861124304e-05,1.1791357511969877e-05,0.9515133256127098,212.54904759475434,3.63893747,0.124989554
46,2.6526904290983053e-06,5.10169026483114e-06,2.6526904290983053e-06,0.5699252999008141,203.5867174095213,1.99225688,0.125090539
45,3.593748975602928e-06,6.926443131846276e-06,3.593748975602928e-06,0.6319716453548871,204.10135007548487,2.25119829,0.12520346
43,8.144614107015416e-07,1.4823302406860418e-06,8.144614107015416e-07,0.3977129642341052,195.3020556867197,1.09572792,0.124931902
44,4.760836256800915e-07,8.348003668765689e-07,4.760836256800915e-07,0.34346208212841306,191.4169675283535,0.758351326,0.124990672
42,5.709888413181869e-07,1.01303916537509e-06,5.709888413181869e-07,0.3598055805562302,192.48872949920616,0.879497886,0.125082299
41,2.8178918451144986e-07,4.796278427911188e-07,2.8178918451144986e-07,0.2935255827452038,183.3626465846265,0.610239804,0.124821104
40,2.2258659422933945e-07,3.7608201324084986e-07,2.2258659422933945e-07,0.27047394201296576,178.1624803141445,0.578075409,0.125142694
45,1.3740236745583281e-06,2.6371497021809807e-06,1.3740236745583281e-06,0.4609092089724254,213.01675509886138,1.51823509,0.125166878
48,3.002156787586796e-06,5.8200326607944005e-06,3.002156787586796e-06,0.5908347533675786,213.1175663959822,2.09598732,0.125157878
47,7.897757618626798e-07,1.5876358380448282e-06,7.897757618626798e-07,0.38355443141854767,214.52411770885922,1.57077253,0.1253324
46,1.0003662769964793e-06,1.9450271146868267e-06,1.0003662769964793e-06,0.4163927500683326,213.2761797347107,1.38824987,0.125269622
47,1.6179736518982666e-06,3.1090327097846843e-06,1.6179736518982666e-06,0.4835918115918918,211.62572572268797,1.49155104,0.125187397
46,8.586383568818043e-07,1.7422878333875015e-06,8.586383568818043e-07,0.39603085531376037,215.21221777610663,1.67147136,0.125674829
51,9.680851136095865e-07,1.9715921495612327e-06,9.680851136095865e-07,0.41224029525121564,216.8683857546139,1.90783584,0.125776112
40,1.6155593151680737e-07,2.4961547963287776e-07,1.6155593151680737e-07,0.24056845703195218,149.56021015411085,0.510008514,0.124888934
40,1.8659496337503703e-07,2.7051144584793165e-07,1.8659496337503703e-07,0.25390620913394774,134.66378330356167,0.568093359,0.124839135
39,1.9406962288139095e-07,2.790893894580445e-07,1.9406962288139095e-07,0.25559825967472083,131.31726006363408,0.569453537,0.125038892
39,1.7448780582347254e-07,2.5301192255238343e-07,1.7448780582347254e-07,0.24588831794047522,133.32385996336262,0.530190289,0.124652952
39,2.425100406493782e-07,3.5597220347649375e-07,2.425100406493782e-07,0.27393131701329587,130.14699819657835,0.568127692,0.124751493
39,2.4674045111151416e-07,3.6124374444943097e-07,2.4674045111151416e-07,0.2745852889654458,128.60504833617878,0.63662678,0.124843776
38,2.1465805141657325e-07,3.059184814820733e-07,2.1465805141657325e-07,0.26406482835675327,128.32002659816283,0.579256713,0.124594279
39,1.97602350488975e-07,2.8249601173875114e-07,1.97602350488975e-07,0.25534604187033805,128.22406937776753,0.563026488,0.12475507
40,1.632901943098466e-07,2.486261906191528e-07,1.632901943098466e-07,0.23954200262681538,144.76848681889626,0.51323396,0.124902219
38,1.6589889566265062e-07,2.479135960707314e-07,1.6589889566265062e-07,0.24073808688039158,140.2332011042422,0.519886136,0.125011861
38,1.6758205656932696e-07,2.46600700267204e-07,1.6758205656932696e-07,0.24086436218521665,136.1412132179885,0.509379148,0.124996662
38,1.700920155299222e-07,2.4697026096387874e-07,1.700920155299222e-07,0.24035227199103318,132.23016489151675,0.5088076,0.12490505
40,1.9987660873458556e-07,3.359112126095051e-07,1.9987660873458556e-07,0.2589424059535344,174.28996375026188,0.562891006,0.125267833
40,1.7046463159719068e-07,2.7470308782067685e-07,1.7046463159719068e-07,0.24429014755824943,160.03383371541008,0.530042529,0.125009447
40,1.6563689009588274e-07,2.630687192974503e-07,1.6563689009588274e-07,0.24277700374731134,156.59206867503445,0.52363646,0.125026777
40,1.7530230986783457e-07,2.86407166133385e-07,1.7530230986783457e-07,0.24665738764210288,164.06015134037654,0.533919811,0.12506555
43,1.7794588541839442e-07,2.9599392319494843e-07,1.7794588541839442e-07,0.246733560337378,168.40258056315474,0.544363439,0.125157282
39,1.6451716631300844e-07,2.5897549502933913e-07,1.6451716631300844e-07,0.2400873541731236,152.13474579453913,0.520581424,0.125051126
49,5.361231122994784e-07,1.1123679904226322e-06,5.361231122994784e-07,0.3254777139205702,183.48612629455167,1.46418476,0.125672296
60,1.9787944426565932e-06,3.576721040349477e-06,1.9787944426565932e-06,0.7224236420003094,214.9968587524013,1.86827159,0.127832174
65,3.5892743703422937e-06,6.177149029730314e-06,3.5892743703422937e-06,1.0588215199685211,244.65964702023177,2.09248662,0.120477803
54,7.303573533564076e-07,1.441423437322269e-06,7.303573533564076e-07,0.420929183427563,187.4185328356297,1.70563614,0.12687695
52,1.023176306469559e-06,1.8985121707599849e-06,1.023176306469559e-06,0.505426498742,191.27630767580436,1.77900279,0.127870053
55,1.6359448232625594e-06,2.956312681161543e-06,1.6359448232625594e-06,0.641455872243334,203.09639142227164,1.85354996,0.128150403
49,6.742137393229034e-07,1.3779888158603383e-06,6.742137393229034e-07,0.3715706334403041,180.8034263519353,1.61986065,0.126179725
48,5.551634702251001e-07,1.1566815089522932e-06,5.551634702251001e-07,0.3239846849155793,178.17455944982532,1.51689136,0.12578921
45,4.7009872081689294e-07,9.473808257151774e-07,4.7009872081689294e-07,0.2959170375095488,175.39674083183994,1.20808852,0.125380501
48,4.7728375969739e-07,9.817547147548206e-07,4.7728375969739e-07,0.296860109431081,178.64956774773074,1.25701487,0.125455067
45,5.25139214019863e-07,1.01558374566303e-06,5.25139214019863e-07,0.3148494667348035,171.35322403912647,1.20480859,0.125164986
43,8.381836871345217e-07,1.5185756212112737e-06,8.381836871345217e-07,0.3779118150614653,164.62192215279634,1.39216578,0.125029832
47,5.016256474207054e-07,1.0409978376003542e-06,5.016256474207054e-07,0.3094705646587528,181.6304872877601,1.35454464,0.125698298
39,5.961954491657008e-07,1.0673250859684754e-06,5.961954491657008e-07,0.33837240157207726,132.11212861109786,1.41889274,0.125016868
39,4.4589083219417254e-07,7.546750137479691e-07,4.4589083219417254e-07,0.3156577999607078,130.7744243521264,1.10191131,0.124989256
39,6.58145604147708e-07,1.1845687941952213e-06,6.58145604147708e-07,0.34657980835109276,131.453712626712,1.42675376,0.125233784
39,8.194205993173303e-07,1.4897348030144174e-06,8.194205993173303e-07,0.36707623283726165,132.09562927998644,1.58082592,0.125242606
39,4.019421259415574e-07,6.679765480833992e-07,4.019421259415574e-07,0.3081769994079987,131.60047718338805,0.979255974,0.125143245
38,3.654598831675387e-07,6.037139380249018e-07,3.654598831675387e-07,0.3007710232707542,132.17661650266587,1.01594019,0.125034049
38,3.825010946321825e-07,6.19816943352514e-07,3.825010946321825e-07,0.3027699361068514,127.58212755901383,0.974262953,0.125021726
40,1.8714623014941969e-06,3.386709236713321e-06,1.8714623014941969e-06,0.48449160417182646,138.4670674092311,2.10022783,0.125054494
42,3.890439255053278e-06,7.061468771689674e-06,3.890439255053278e-06,0.6174510289211099,142.4054512979917,2.70407701,0.125182301
39,8.016354001229482e-07,1.4095844935701394e-06,8.016354001229482e-07,0.3709454638312879,130.37167889517428,1.52815664,0.125214279
40,1.0639287544229185e-06,1.887975181763952e-06,1.0639287544229185e-06,0.406026214745165,132.03794299286227,1.63715351,0.125215709
48,8.414554899724436e-06,1.537317668307004e-05,8.414554899724436e-06,0.8192229904257329,158.7205640686377,4.17899084,0.125144988
34,0.00040794428847602636,0.001603124652304762,0.00040794428847602636,0.6399073487705115,121.94351324927972,64.7356796,0.125069812
41,3.209498273851202e-06,5.7542698973544796e-06,3.209498273851202e-06,0.5802597532151405,139.73857234219537,2.24839234,0.125215501
44,5.4591163988768345e-06,9.915665262217577e-06,5.4591163988768345e-06,0.6922494327599072,143.56987350645485,2.8637104,0.124985576
46,8.195632099295527e-06,1.4839649978566061e-05,8.195632099295527e-06,0.8014839618282111,146.20515901007653,3.23154974,0.125130072
46,1.0620125919634254e-05,1.9161103675251596e-05,1.0620125919634254e-05,0.8828021196352754,147.3872952899402,3.44315672,0.125221863
46,1.7327296696297719e-06,3.1041568887807765e-06,1.7327296696297719e-06,0.47511556655716347,158.9171041470084,1.72202182,0.125075877
38,2.6938476898104e-07,3.997677397170819e-07,2.6938476898104e-07,0.2785727207121026,126.21024330698577,0.646159053,0.124914706
57,1.396994149264404e-06,2.739704946108639e-06,1.396994149264404e-06,0.486003059416582,220.3826170296932,1.98698962,0.126149669
53,1.1079981251924888e-06,2.232750069959741e-06,1.1079981251924888e-06,0.436048973966289,217.98782449680223,1.91420865,0.12575008
56,1.7249018676747082e-06,3.323626601817955e-06,1.7249018676747082e-06,0.535341088104601,221.5821486084506,2.03227448,0.12670739
62,3.274597893753786e-06,6.134441934500887e-06,3.274597893753786e-06,0.7728601784186542,234.6660286266096,2.06800485,0.129021123
58,2.255856811198935e-06,4.2646929377813186e-06,2.255856811198935e-06,0.6151350829981879,223.98910833853955,2.07851815,0.127015531
70,7.25979757264816e-06,1.2541341070979694e-05,7.25979757264816e-06,1.5098820789993086,270.03550269216055,2.77414775,0.129126281
84,1.2835484626150699e-05,1.941050435554402e-05,1.2835484626150699e-05,2.582043643599355,327.8270384045857,3.39792395,0.122683704
54,6.2262763343260195e-06,1.2197037546440294e-05,6.2262763343260195e-06,0.7611812317820507,215.51533278363704,3.15159488,0.125105545
42,1.3493248715925127e-06,2.5163148929821603e-06,1.3493248715925127e-06,0.46158619769714493,199.021358910113,1.46765912,0.125075042
60,5.35074840803436e-05,0.00020524038645623312,5.35074840803436e-05,1.278507145418433,226.67887540988716,35.8020706,0.124977514
38,0.00027112344533724886,0.0012471167747195215,0.00027112344533724886,0.5346743939916535,182.2244188435276,63.2284012,0.125101447
46,8.652973558234246e-06,1.6884888564440468e-05,8.652973558234246e-06,0.8553797558662429,209.51678401508468,3.28287244,0.125163168
46,1.8115890179577914e-06,3.4217560785994818e-06,1.8115890179577914e-06,0.5038524252810983,199.8809680204882,1.62089097,0.125209168
44,2.8094743883788162e-06,5.391753954496453e-06,2.8094743883788162e-06,0.5790661791622621,201.6326333933442,2.00705361,0.125042498
43,6.63383295967601e-07,1.1899686600355985e-06,6.63383295967601e-07,0.3744660566339049,193.25016727341338,0.932725608,0.12452893
42,4.835828576487996e-07,8.520357843269717e-07,4.835828576487996e-07,0.3413516333878007,190.00227179767558,0.769950509,0.124718457
42,3.4445677338036273e-07,5.947930266109079e-07,3.4445677338036273e-07,0.3103476047659033,187.12476286464974,0.645100355,0.125014946
43,3.874856821345082e-07,6.774817312639524e-07,3.874856821345082e-07,0.31926317755833733,187.90690322228465,0.739541411,0.124859564
42,2.596682634746322e-07,4.4455273337106174e-07,2.596682634746322e-07,0.28277088980485554,181.77521246762734,0.62304008,0.124695174
40,2.182355993515353e-07,3.7056311734858305e-07,2.182355993515353e-07,0.26611854618357933,177.25956340645308,0.59168756,0.125029922
48,2.469207450886208e-06,4.766748096425156e-06,2.469207450886208e-06,0.5516295968813403,212.07287316381823,1.9281733,0.12506026
49,4.8285579963488746e-06,9.374504474191037e-06,4.8285579963488746e-06,0.6977805886336585,213.10307330457914,2.34227681,0.125080556
47,9.765173462264821e-07,1.9224178464543685e-06,9.765173462264821e-07,0.41075813831214425,212.98811725371957,1.61429131,0.125384808
49,9.210138036468609e-07,1.8267675757061507e-06,9.210138036468609e-07,0.40440633674313237,214.17306294955927,1.63015592,0.125722125
45,1.2998487900305101e-06,2.5029401232701973e-06,1.2998487900305101e-06,0.451260419547334,211.739947939525,1.43921936,0.125283882
47,2.0709481603209676e-06,3.9893078881555516e-06,2.0709481603209676e-06,0.5225747144640522,210.8386362680798,1.72563577,0.125044793
50,9.684048886889366e-07,1.927819675681644e-06,9.684048886889366e-07,0.41305479237814224,214.49015113143682,1.77132559,0.125672251
51,1.1175299100920794e-06,2.2156633753427223e-06,1.1175299100920794e-06,0.4367949853046762,215.38215809746214,1.84534645,0.125870183
39,1.63180566267434e-07,2.495478537411898e-07,1.63180566267434e-07,0.24035086014750082,146.21685393303378,0.499318361,0.124952011
38,1.6348828877980288e-07,2.543927659186025e-07,1.6348828877980288e-07,0.24060842588658066,150.1321015069767,0.513429761,0.125078395
38,1.7952452220261862e-07,2.5795378220331105e-07,1.7952452220261862e-07,0.24764468033758022,130.9709018596805,0.544516563,0.124618091
38,1.8405585317415203e-07,2.614049654291327e-07,1.8405585317415203e-07,0.2478267812364317,127.39873055045386,0.550573349,0.125121921
40,1.7201739092024424e-07,2.4836325814928463e-07,1.7201739092024424e-07,0.24080269747792948,130.35994907220712,0.515877247,0.124699324
37,2.251739743259594e-07,3.1995704751166137e-07,2.251739743259594e-07,0.2674810128709332,126.18258553755254,0.567085922,0.124673478
38,2.3115817936678438e-07,3.284884352556064e-07,2.3115817936678438e-07,0.26763349632482125,124.19982863824482,0.575279057,0.124936998
37,2.045686993470781e-07,2.8695131402479267e-07,2.045686993470781e-07,0.2565097377003945,123.60286637708786,0.548904181,0.124897078
38,1.9175575465437776e-07,2.694880888686025e-07,1.9175575465437776e-07,0.2488195542757733,123.46534532323899,0.543732405,0.12472301
40,1.6129231427283912e-07,2.4580650727452315e-07,1.6129231427283912e-07,0.23704483095132312,143.38247718860003,0.512539625,0.125023916
40,1.6435323382944424e-07,2.4734975385324996e-07,1.6435323382944424e-07,0.23758215259287993,139.5381189213336,0.516488075,0.124968052
39,1.6688715855193823e-07,2.4809880393967866e-07,1.6688715855193823e-07,0.2384170467990763,136.99009135115182,0.516433299,0.124948926
39,1.6650805007906557e-07,2.4679400798429303e-07,1.6650805007906557e-07,0.2371039914921165,135.08077240490485,0.514253199,0.125043884
39,1.6806557249817901e-07,2.4550067781056356e-07,1.6806557249817901e-07,0.23703143919422356,131.95519556305055,0.509822488,0.124918997
40,1.698818442434293e-07,2.4524341467242646e-07,1.698818442434293e-07,0.23753833243864594,128.9898308819359,0.516894817,0.124650285
41,1.906364642810705e-07,3.207055560835862e-07,1.906364642810705e-07,0.25219399984128266,171.37251935321038,0.566271484,0.125244275
40,1.6846985217760533e-07,2.7171838599723764e-07,1.6846985217760533e-07,0.24138905982035622,157.3798150845138,0.528869033,0.124942027
40,1.6336283119688942e-07,2.5926021577536924e-07,1.6336283119688942e-07,0.23890112896674065,153.4903284573607,0.515057087,0.124942534
40,1.7380840695510044e-07,2.855731153571219e-07,1.7380840695510044e-07,0.24395588313893268,162.4035267008049,0.538619161,0.124896102
39,1.6966176441470372e-07,2.7403624106760764e-07,1.6966176441470372e-07,0.2424554123129341,157.63096362893592,0.533910632,0.124963827
41,1.7788376724983936e-07,2.9854212570881623e-07,1.7788376724983936e-07,0.24385786394361228,166.57955387715836,0.553658366,0.125004277
38,1.6614993924298446e-07,2.588192648150699e-07,1.6614993924298446e-07,0.2388006523964015,146.8602391979002,0.517780304,0.124853455
64,2.7708360204260783e-06,4.80663359630273e-06,2.7708360204260783e-06,0.8950039886863914,223.65527999743128,1.95075893,0.126212999
54,7.900139747740325e-07,1.5132275334637065e-06,7.900139747740325e-07,0.43226831157592954,183.5062947290512,1.66014874,0.127260715
55,1.1539020330018702e-06,2.150822863250908e-06,1.1539020330018702e-06,0.5156197444524261,187.58954280075875,1.84276342,0.128188744
59,1.617311737696458e-06,2.91313549565929e-06,1.617311737696458e-06,0.6315531432225966,197.72467369105806,1.86024916,0.129612863
53,6.334788654529765e-07,1.2922818524970818e-06,6.334788654529765e-07,0.35571028768534685,176.48099066952375,1.63009906,0.126408279
49,5.685145389656271e-07,1.1814202116336382e-06,5.685145389656271e-07,0.32616808411928805,176.24717165755047,1.49277377,0.125961646
46,4.968106288329956e-07,1.0230704712206778e-06,4.968106288329956e-07,0.3016828936534581,176.64262701629943,1.35109508,0.125551239
46,5.414286858761336e-07,1.1150290814326181e-06,5.414286858761336e-07,0.311511500262036,171.95078835929158,1.43421888,0.125664711
46,5.023374195155474e-07,9.91852598109397e-07,5.023374195155474e-07,0.30497762229594616,171.00206839562125,1.21972382,0.125256017
45,5.123078797608752e-07,1.0467007145235332e-06,5.123078797608752e-07,0.30003806911491904,172.1954969697264,1.31111884,0.125640765
43,6.432822394538166e-07,1.1995933636422336e-06,6.432822394538166e-07,0.33985256333231595,165.508659369073,1.21071756,0.12509197
43,8.451823617979413e-07,1.5150055591989185e-06,8.451823617979413e-07,0.376491269662006,161.8783245272992,1.34210694,0.125028118
38,4.797820771913032e-07,8.130463360377716e-07,4.797820771913032e-07,0.3199637311459637,127.88677152272504,1.18255544,0.125034064
38,5.603995609865213e-07,9.65754464028314e-07,5.603995609865213e-07,0.3346921670926523,129.33883643634204,1.25419796,0.125140697
38,3.7018770804219193e-07,5.890656481703778e-07,3.7018770804219193e-07,0.299560528798128,125.28614325981007,0.903860509,0.12476258
37,5.79514889278307e-07,9.779935348225779e-07,5.79514889278307e-07,0.3377754842384297,126.02086332257981,1.17405939,0.12512961
39,3.234343875954574e-07,5.095537948251647e-07,3.234343875954574e-07,0.2912277960199973,129.12015060422783,0.813723326,0.124939747
38,3.0021423548783414e-07,4.5118656472795444e-07,3.0021423548783414e-07,0.2843708285661482,122.91053493802193,0.68854785,0.124792255
41,1.135506323790327e-06,1.992439075924357e-06,1.135506323790327e-06,0.41635018191984324,131.75462194478507,1.6561377,0.125322595
41,1.7616834185729087e-06,3.1194787617073757e-06,1.7616834185729087e-06,0.47854342439499964,135.9021740107779,1.82600796,0.12534079
39,2.016771851935995e-06,3.5786803098398533e-06,2.016771851935995e-06,0.499656132549743,135.91854969518306,2.07286954,0.125314206
40,7.26802829417829e-07,1.2734009890829311e-06,7.26802829417829e-07,0.3577183013734928,128.11233796754684,1.42077816,0.125175118
37,7.494916981570282e-07,1.2674275846644307e-06,7.494916981570282e-07,0.36629734337431147,126.1263541888527,1.28773904,0.124994621
47,1.424752817792408e-05,2.569641743068608e-05,1.424752817792408e-05,1.0373999528436002,162.02990319545486,4.88755083,0.125243515
45,3.9538519041365015e-06,7.22800676185692e-06,3.9538519041365015e-06,0.6144956914149137,155.1740863937535,2.18855548,0.125114352
33,0.00021057391011135968,0.0009033240542805334,0.00021057391011135968,0.4698621397493822,119.3952544248699,57.6541061,0.125212044
42,1.8413751294732946e-06,3.2368472780255523e-06,1.8413751294732946e-06,0.48382351864597295,133.59209115504063,1.90186608,0.125563055
42,2.584214149994832e-06,4.520519406535468e-06,2.584214149994832e-06,0.5456760271927338,135.82515159126766,2.03791976,0.125284895
42,4.082722897641266e-06,7.271939487675235e-06,4.082722897641266e-06,0.6297214458667811,139.1984100151124,2.52393651,0.125114292
44,1.0023759491924098e-05,1.814146668234762e-05,1.0023759491924098e-05,0.8557108368061693,144.42481160613622,3.31249785,0.125184476
43,1.0404371588674751e-05,1.8635977850058074e-05,1.0404371588674751e-05,0.8712372100012634,143.37897421418532,3.31749034,0.124936797
47,2.4810465884903915e-06,4.489032271148796e-06,2.4810465884903915e-06,0.5253842415650909,155.8260053810083,1.80444062,0.12502785
44,1.1161606717159141e-06,1.9899950033095103e-06,1.1161606717159141e-06,0.41051231807575783,158.93215677893303,1.42723548,0.124981739
37,2.6483793888112895e-07,3.883115014155962e-07,2.6483793888112895e-07,0.2775708578067038,124.83405169490209,0.634224176,0.124707393
38,2.3753881750366982e-07,3.344048987820416e-07,2.3753881750366982e-07,0.26719508010854215,120.44111478460725,0.594015896,0.125120223
55,1.4009241647112671e-06,2.7463610365884416e-06,1.4009241647112671e-06,0.4825665815578542,218.15844692448326,1.97881472,0.126556352
56,1.656389688623587e-06,3.1768664305048956e-06,1.656389688623587e-06,0.5227882490852372,219.1935074326083,2.02891183,0.126567364
66,3.6354043621597105e-06,6.752908758069715e-06,3.6354043621597105e-06,0.841732106090596,236.01474425529537,2.03879046,0.129079714
57,2.254984691549414e-06,4.2247573576966736e-06,2.254984691549414e-06,0.6168606189975229,222.4663281819736,1.8427223,0.126809463
74,6.7898981584676895e-06,1.177123003141594e-05,6.7898981584676895e-06,1.4309041793080337,262.86409926710354,2.60381317,0.131171808
82,1.2886894767342941e-05,1.9263098180058882e-05,1.2886894767342941e-05,2.613684852577205,326.4502922748078,2.99953985,0.124718808
52,1.1397042358134701e-05,2.225588880121061e-05,1.1397042358134701e-05,0.9790008902966294,219.07267737445537,4.54565477,0.12503773
42,9.320923113782029e-07,1.7063661078264651e-06,9.320923113782029e-07,0.41227641267847637,194.72599372814335,1.18018138,0.124719873
69,0.0006258875540290572,0.001358177966377727,0.0006258875540290572,3.658633332851504,225.60699082596545,21.2038975,0.125099003
46,6.3556591601652545e-06,1.2358260154973535e-05,6.3556591601652545e-06,0.7659400059686018,206.66889359907435,2.882828,0.124897629
44,1.2574866054932925e-06,2.329442603505823e-06,1.2574866054932925e-06,0.45041368086759026,196.18214230402842,1.35483146,0.124952212
44,2.1178740540070145e-06,4.019906643567437e-06,2.1178740540070145e-06,0.5271755726693089,198.88389861054847,1.74044085,0.125101209
43,1.4746978289594736e-06,2.7603560469124814e-06,1.4746978289594736e-06,0.470026476559913,196.82285876966037,1.4741075,0.125114322
42,4.877956810132942e-07,8.630314096095311e-07,4.877956810132942e-07,0.3395844716324707,189.47848742566433,0.776705742,0.124596007
42,3.121320367631482e-07,5.405896068506418e-07,3.121320367631482e-07,0.29835267987303304,184.04479374890067,0.680682242,0.12474449
42,2.9314664930367536e-07,5.073531991584419e-07,2.9314664930367536e-07,0.2914073927833741,183.39583789739194,0.646689653,0.124712922
42,2.770742059096411e-07,4.794562934342336e-07,2.770742059096411e-07,0.28602301932042584,182.23955162790335,0.654542267,0.124634005
42,2.3732463800740214e-07,4.0583462915005023e-07,2.3732463800740214e-07,0.272759447184945,178.98822927606588,0.621450603,0.12485639
41,1.9969776526246506e-07,3.3816529229915127e-07,1.9969776526246506e-07,0.2567600283674049,173.3093967899378,0.57658416,0.125247821
41,1.9973917529944625e-07,3.4230626904244383e-07,1.9973917529944625e-07,0.254038529144214,173.6198695106311,0.597644567,0.125012055
51,4.261147163512907e-06,8.280674608813737e-06,4.261147163512907e-06,0.6609869018351257,211.89620059219104,2.3541472,0.125139073
53,9.020178618065354e-06,1.7473295580720873e-05,9.020178618065354e-06,0.8888293609505126,216.07064860190647,4.22498178,0.125410676
47,1.1115962997462774e-06,2.1659381627557927e-06,1.1115962997462774e-06,0.42736811380560147,211.91402199732045,1.55206168,0.125422388
46,1.1284957321065147e-06,2.2097194353516615e-06,1.1284957321065147e-06,0.42944828367883775,212.42115906058075,1.7269913,0.125545815
46,1.5355598382019864e-06,2.9615072157898544e-06,1.5355598382019864e-06,0.4736730370616908,210.77878135489456,1.52131557,0.125275254
48,2.1279347440776926e-06,4.118259805178909e-06,2.1279347440776926e-06,0.5227778971560622,210.0413014388401,1.7157408,0.125188798
47,4.0902098463802676e-06,7.924986562254803e-06,4.0902098463802676e-06,0.651115064966227,210.69996828705433,2.18637133,0.12510328
51,1.1501266175814342e-06,2.2706619626976473e-06,1.1501266175814342e-06,0.43772222054167903,213.76577864173782,1.92889881,0.12580511
54,1.3803879004628176e-06,2.6833002424754134e-06,1.3803879004628176e-06,0.4757086350549742,216.39741936666084,1.9525423,0.126259401
39,1.6175726955908516e-07,2.4939491193414643e-07,1.6175726955908516e-07,0.23670521834829672,144.64220101092832,0.514413953,0.125071242
37,1.795883360635503e-07,2.539228999565295e-07,1.795883360635503e-07,0.24392022212497275,125.77883087070757,0.529476166,0.124865964
38,1.8255545391278228e-07,2.5659597843391706e-07,1.8255545391278228e-07,0.2430052898296723,123.22505553887443,0.526661336,0.124945089
39,1.748480487074416e-07,2.49395761427282e-07,1.748480487074416e-07,0.2396917885251728,126.7293780304547,0.513366282,0.124554455
39,2.122034604406371e-07,2.955260632790396e-07,2.122034604406371e-07,0.2583865388556063,121.30925992345341,0.579770565,0.124752492
38,1.9891962548120024e-07,2.754519418206825e-07,1.9891962548120024e-07,0.250681338713919,120.10700010986756,0.532855392,0.124993585
37,1.903379932110647e-07,2.6331897573800085e-07,1.903379932110647e-07,0.24586158690343676,119.5756647956065,0.534989119,0.124598227
38,1.6431046217293319e-07,2.487658213187704e-07,1.6431046217293319e-07,0.2362701736811511,139.5694948275016,0.511698961,0.125112593
39,1.6516993231579782e-07,2.4610306392647273e-07,1.6516993231579782e-07,0.2362960114490294,135.9025797006268,0.509588003,0.12503542
38,1.6926732754015963e-07,2.481767531571263e-07,1.6926732754015963e-07,0.23639149271262058,131.28421612989092,0.507877052,0.124967493
39,1.6860747610418725e-07,2.4402406912771285e-07,1.6860747610418725e-07,0.23468253621401705,127.90959192343409,0.508659661,0.124640465
38,1.7310301775909075e-07,2.479928261138537e-07,1.7310301775909075e-07,0.23709536599794162,125.80095707725594,0.505751789,0.124545254
39,1.6596178016709036e-07,2.632476420967041e-07,1.6596178016709036e-07,0.2391180489862075,151.1438678987523,0.522910118,0.124860324
38,1.7045755269096413e-07,2.7226373703617575e-07,1.7045755269096413e-07,0.24086764589021825,151.9698823324904,0.536217153,0.124985754
41,1.703283840980407e-07,2.807964678186911e-07,1.703283840980407e-07,0.24013378749119568,159.57168117991026,0.549464703,0.124947101
39,1.7060089554498793e-07,2.7826092777631886e-07,1.7060089554498793e-07,0.23940143572743092,155.4552418659885,0.544096589,0.125023484
41,1.79400889312948e-07,2.9872720975989694e-07,1.79400889312948e-07,0.24492840611509048,163.9591884961798,0.561014295,0.125028938
41,1.8698811898291907e-07,3.156068448388214e-07,1.8698811898291907e-07,0.24838724825522626,168.63642050079198,0.573424757,0.125023261
38,1.665041391536889e-07,2.6195282214899384e-07,1.665041391536889e-07,0.23773741892134775,147.64154690029898,0.525587261,0.125032678
40,1.6453697037773501e-07,2.553405710687896e-07,1.6453697037773501e-07,0.23598551330355164,143.63746541926392,0.513362467,0.125097007
62,3.1528277124166274e-06,5.410688943440749e-06,3.1528277124166274e-06,0.966463067569071,226.12491947732508,2.03063655,0.126788437
54,7.972767610474333e-07,1.5524491023035713e-06,7.972767610474333e-07,0.4166153474394793,177.92319089402798,1.69438457,0.127068341
53,1.2587696894643909e-06,2.330725793638641e-06,1.2587696894643909e-06,0.531226206456855,184.7745557704225,1.90217721,0.129048064
52,6.32943035008658e-07,1.3099032023242937e-06,6.32943035008658e-07,0.337686549362944,172.108789891568,1.5895189,0.126423001
51,7.354721132895284e-07,1.472673541143051e-06,7.354721132895284e-07,0.3831857023965895,174.9870159243576,1.69255841,0.126838505
49,5.767613955752951e-07,1.1940641878448117e-06,5.767613955752951e-07,0.32074253012038356,170.78236489506313,1.49966574,0.125862569
45,5.237600715682214e-07,1.0498716298919655e-06,5.237600715682214e-07,0.30775335228221934,167.87067391197766,1.32859004,0.125559911
45,5.088786510796855e-07,1.0156114532062612e-06,5.088786510796855e-07,0.3027741246600279,168.23001794467388,1.27402735,0.125403985
45,5.806339380293832e-07,1.1079272267581522e-06,5.806339380293832e-07,0.323438466585334,164.42424013688986,1.20998955,0.125204101
45,8.509488831237795e-07,1.5270517589853527e-06,8.509488831237795e-07,0.3749325951582397,159.1652965916505,1.31489193,0.125075519
38,4.4116543031900665e-07,7.292153984906283e-07,4.4116543031900665e-07,0.3111041752033969,124.44049547561089,1.10912454,0.125177935
37,3.8330168222613245e-07,6.076366339651005e-07,3.8330168222613245e-07,0.3026043449210754,123.3394958320082,0.924884617,0.124932826
38,4.714816606559369e-07,7.908773461903539e-07,4.714816606559369e-07,0.31579458946777206,124.5697429406013,1.17437053,0.125186175
39,4.891577881492841e-07,7.972773823994094e-07,4.891577881492841e-07,0.32229412739588137,122.9478614824829,1.05097687,0.125267342
38,5.305452815025021e-07,8.74062251738511e-07,5.305452815025021e-07,0.3288546938602208,122.89977031554021,1.17233932,0.125037208
37,2.6025386025825054e-07,3.736453213687026e-07,2.6025386025825054e-07,0.2747428478492155,120.9487091004777,0.620656908,0.124622636
37,2.88947890732225e-07,4.222148467557261e-07,2.88947890732225e-07,0.28007032485280564,119.08997282736723,0.646490633,0.124576472
40,1.0042425571093966e-06,1.730344412469645e-06,1.0042425571093966e-06,0.39961046426040425,128.56285894087748,1.46586335,0.125102535
41,1.177292842352295e-06,2.023323542011735e-06,1.177292842352295e-06,0.42235450777856126,130.2547084812788,1.55080664,0.125581741
38,5.267281599671736e-07,8.524965725450667e-07,5.267281599671736e-07,0.33008353408278346,122.54972702973112,1.11050797,0.124873392
38,5.746421586271912e-07,9.275580566223609e-07,5.746421586271912e-07,0.34093282301925626,122.64281010913514,1.06481111,0.124673985
49,1.5113870078656014e-05,2.7108505992018554e-05,1.5113870078656014e-05,1.0641099731939803,160.66953435766627,4.67237473,0.125118673
48,1.0864627696181087e-05,1.950937759093028e-05,1.0864627696181087e-05,0.910912857853946,157.31995103429747,3.48302269,0.125085548
47,3.921980617826583e-06,7.160118951373372e-06,3.921980617826583e-06,0.6078667898176946,153.0593756909113,2.15485907,0.12509498
32,0.00026291879566649255,0.001059554336104302,0.00026291879566649255,0.5454445033178202,117.64029065082777,57.2575531,0.125066876
40,1.3430359661410457e-06,2.3122698788167592e-06,1.3430359661410457e-06,0.4395275185468247,129.60229600027122,1.70180702,0.125733405
41,1.9433392921702484e-06,3.3759484617820165e-06,1.9433392921702484e-06,0.4935133194791399,132.60654708533966,1.76529062,0.125334218
41,2.6065064430632227e-06,4.549310010141761e-06,2.6065064430632227e-06,0.5422216578260058,134.40022450790605,1.99378312,0.125162959
42,3.93014472751794e-06,6.964180086884013e-06,3.93014472751794e-06,0.6171543261889668,136.23270759148124,2.3591342,0.125103742
56,4.548652591467297e-05,8.817885993690971e-05,4.548652591467297e-05,1.418677596050739,152.42902111539098,8.78989792,0.125060454
42,6.244054695239478e-06,1.1066657555084161e-05,6.244054695239478e-06,0.7244077191756608,137.73021113335568,2.76719332,0.124831349
44,1.717571612552572e-06,3.0648372405714362e-06,1.717571612552572e-06,0.46753945462874774,154.24527478605222,1.63060939,0.12509568
36,2.1584533321113395e-07,2.978998823403023e-07,2.1584533321113395e-07,0.2578397618639424,118.30789969489464,0.574089587,0.124777883
38,2.2050074447475627e-07,3.026812005969222e-07,2.2050074447475627e-07,0.25906462660689633,116.86374744802033,0.565430045,0.124966346
36,2.4603441188565686e-07,3.44708840829547e-07,2.4603441188565686e-07,0.26916760138415907,118.17225172615774,0.581305325,0.124962397
55,1.8305132842547286e-06,3.4903127019577407e-06,1.8305132842547286e-06,0.5362953629794904,217.54999222305116,1.94430399,0.126690388
61,3.2105541565898813e-06,5.987338938666517e-06,3.2105541565898813e-06,0.7392369945972683,227.61375205426353,2.01029801,0.128792197
58,2.3675716467400902e-06,4.442537451513111e-06,2.3675716467400902e-06,0.6128972120456907,219.57814288591402,1.92074943,0.127246693
71,6.630984098022912e-06,1.1477666226258591e-05,6.630984098022912e-06,1.3884822439073294,257.6545367675297,2.63935184,0.131518841
183,2.2543440245292733e-05,3.25097924346122e-05,2.2543440245292733e-05,4.979810172189448,684.8514568850643,3.6487813,0.125008821
36,0.00024850296298154927,0.001266505554088614,0.00024850296298154927,0.5031006416369029,181.764176514244,86.386261,0.12513043
44,5.765241011906975e-07,1.0259936957349964e-06,5.765241011906975e-07,0.3577489045540796,190.26416569778792,0.839166224,0.124701962
46,8.28722437982479e-06,1.6044545773717924e-05,8.28722437982479e-06,0.8472197961611472,208.0496579570193,3.04026771,0.124917224
45,2.612307490805156e-06,5.0072968116014255e-06,2.612307490805156e-06,0.5612302083844082,199.43837870740404,1.94440687,0.124896117
43,8.581181215378702e-07,1.55724011576695e-06,8.581181215378702e-07,0.4013184181568639,193.01441824091617,1.05831015,0.124847561
43,1.5285005696546964e-06,2.8635049622879596e-06,1.5285005696546964e-06,0.4744473496168605,195.72671548132564,1.49614,0.125059202
43,6.838483127517253e-07,1.2253688314722506e-06,6.838483127517253e-07,0.37399497749394445,190.3647627747888,0.914660692,0.124853633
44,9.462501377458978e-07,1.72837293619727e-06,9.462501377458978e-07,0.4102062406930628,192.1159281821733,1.09342003,0.125021532
42,3.4225612381432717e-07,6.011723278142614e-07,3.4225612381432717e-07,0.3025142203118803,185.1472359440028,0.71355319,0.124827512
42,2.609557699899459e-07,4.5566746129192785e-07,2.609557699899459e-07,0.2762697518670926,180.51766610743462,0.677834213,0.124792069
44,2.2868914658657804e-07,3.9675134084334766e-07,2.2868914658657804e-07,0.26556155747898996,178.0426904758335,0.639993906,0.124764651
40,2.1005427855618485e-07,3.6049725975011876e-07,2.1005427855618485e-07,0.25851745988982844,174.40272239742902,0.614674449,0.124904521
41,1.9117676750084835e-07,3.2663528465195386e-07,1.9117676750084835e-07,0.24833012624766929,169.2694087284085,0.594691277,0.124953873
50,8.19632520356519e-06,1.5756658519931587e-05,8.19632520356519e-06,0.8558759512448171,213.9108055396286,3.04179573,0.125269011
47,1.5252838215901462e-06,2.9589727218853968e-06,1.5252838215901462e-06,0.46861787111508313,210.4313704496881,1.59276581,0.125565574
49,1.2746352278836367e-06,2.5052292363885297e-06,1.2746352278836367e-06,0.44191956468873045,211.5079882432265,1.77482581,0.125720903
48,2.144759788388784e-06,4.142536125117964e-06,2.144759788388784e-06,0.5248058896224072,209.4114424401637,1.70619512,0.125395164
47,3.7167442319229487e-06,7.181660664260182e-06,3.7167442319229487e-06,0.6317865964566829,209.4475793507014,2.13885641,0.125192508
53,1.320012123702671e-06,2.5574886491874805e-06,1.320012123702671e-06,0.4581121672008712,213.3536511512812,1.77357364,0.125954732
54,1.4285435161330874e-06,2.7464466736071793e-06,1.4285435161330874e-06,0.480331226913324,215.04883737393126,1.84237492,0.125958249
40,1.644449105309698e-07,2.5144007053328694e-07,1.644449105309698e-07,0.23551049710474378,140.4975093054027,0.509774566,0.124943011
38,1.8032735521557948e-07,2.5425377442144926e-07,1.8032735521557948e-07,0.2407420594827389,123.07294450882435,0.520312309,0.124777906
39,1.8448123486415418e-07,2.560541983292167e-07,1.8448123486415418e-07,0.24066331194271606,119.26345394661207,0.520932078,0.124887377
38,1.7531644614810039e-07,2.4820352374364155e-07,1.7531644614810039e-07,0.2370330257642913,122.99957254826762,0.515538573,0.124469794
37,1.9838147258184009e-07,2.7239706568094813e-07,1.9838147258184009e-07,0.24779082670308716,116.9107863913994,0.528543651,0.124805011
39,1.890373822976131e-07,2.5989994212866816e-07,1.890373822976131e-07,0.24303015261900243,117.56890592883875,0.531749487,0.124725357
38,1.6406278783934538e-07,2.4650473034260666e-07,1.6406278783934538e-07,0.2350190999464551,136.83429060555528,0.510817528,0.125094786
38,1.6618939688221432e-07,2.4517566191799267e-07,1.6618939688221432e-07,0.23516211293246805,132.43768730781483,0.508796215,0.125001311
38,1.71350357029363e-07,2.4950342669419437e-07,1.71350357029363e-07,0.2349863533556552,128.1955795057924,0.503664672,0.12475466
39,1.6915721438487967e-07,2.4419711274568454e-07,1.6915721438487967e-07,0.23374662826434137,126.41501077233286,0.503530085,0.124872848
38,1.7282243774162942e-07,2.4530244192669043e-07,1.7282243774162942e-07,0.23446045360799164,122.71146186476726,0.504811406,0.124503419
37,1.7591354412874364e-07,2.4816618942169866e-07,1.7591354412874364e-07,0.2363172371022919,121.50462280129665,0.510772586,0.124412976
38,1.6963649224749872e-07,2.7058904330153024e-07,1.6963649224749872e-07,0.2380651867692259,149.31500326948102,0.536376297,0.124990441
40,1.781595181900687e-07,2.940399012498177e-07,1.781595181900687e-07,0.24374231554969786,159.01877913651623,0.56270355,0.125138223
39,1.7420410174658716e-07,2.8362225808615223e-07,1.7420410174658716e-07,0.2408296165367074,153.81328161803057,0.554363072,0.125021309
42,1.8493789955489662e-07,3.1006508577651643e-07,1.8493789955489662e-07,0.24575882973504928,163.18128774890147,0.576276064,0.125141934
39,1.68271565346397e-07,2.637543755743551e-07,1.68271565346397e-07,0.23699702740282907,145.1868988213092,0.527920008,0.12514475
37,1.6764072567886355e-07,2.587582838676214e-07,1.6764072567886355e-07,0.23579436452892438,140.7238736670954,0.521595299,0.12520045
64,3.893787301553108e-06,6.784519404300851e-06,3.893787301553108e-06,1.0463957910275983,227.80063249148992,2.38553047,0.128087774
54,1.6106133754043348e-06,2.866033857593967e-06,1.6106133754043348e-06,0.6288211165667279,192.4426879803185,1.85616481,0.131179497
52,9.777548904566058e-07,1.8380752976497553e-06,9.777548904566058e-07,0.44945386576734025,175.16724459154352,1.77871847,0.127991602
53,6.473152605400916e-07,1.3125107537993239e-06,6.473152605400916e-07,0.3448876183380348,169.24758569766664,1.61068189,0.126368433
52,8.330329785112375e-07,1.6297814691456465e-06,8.330329785112375e-07,0.4006060326474547,168.78880527932995,1.75842237,0.127491519
47,5.717478301942622e-07,1.1625544179704211e-06,5.717478301942622e-07,0.3187994045016192,166.60685412335678,1.49527156,0.125677481
46,5.547351662549551e-07,1.11407862066591e-06,5.547351662549551e-07,0.31132201729935854,166.02605661837862,1.40680873,0.125620976
46,5.451477750676198e-07,1.0831977748263133e-06,5.451477750676198e-07,0.30853358735099035,165.7223150322616,1.30975604,0.125556901
44,6.630661824243127e-07,1.241312740528844e-06,6.630661824243127e-07,0.33801807126121447,159.73636204243383,1.30670643,0.125434235
45,1.2050952156577687e-06,2.1455340488292693e-06,1.2050952156577687e-06,0.41448821396697744,154.0853631213896,1.37927568,0.125248194
37,3.783287815057465e-07,5.973399667185603e-07,3.783287815057465e-07,0.2989253954397113,121.68885918453364,0.919494271,0.125169829
38,3.22215934790426e-07,4.815093457841079e-07,3.22215934790426e-07,0.2884093512076748,119.93490992280923,0.714936852,0.124755263
37,4.01850556816661e-07,6.367032022987312e-07,4.01850556816661e-07,0.3031912459784015,120.09998770442486,0.993701577,0.125305116
38,4.339993983457735e-07,6.877828872718824e-07,4.339993983457735e-07,0.31187006350331353,120.61935937600599,1.02528656,0.125235632
38,4.0972840360579074e-07,6.266477804056426e-07,4.0972840360579074e-07,0.30748143898892116,117.90966906477806,0.854260743,0.124981709
38,2.5516609879607964e-07,3.5972822868421197e-07,2.5516609879607964e-07,0.2703384240245977,117.28477339539175,0.606779456,0.124834143
38,2.6898912542747194e-07,3.805058874561099e-07,2.6898912542747194e-07,0.27342967697246345,116.2347377649626,0.600284576,0.124728605
40,7.677220810003325e-07,1.2613843622167211e-06,7.677220810003325e-07,0.3721177304135057,125.00891714522753,1.1908797,0.124904096
38,7.835328033266666e-07,1.2834170648308598e-06,7.835328033266666e-07,0.3739657625133564,124.24258952254712,1.21966994,0.12501809
38,4.2591018576272073e-07,6.470174640566696e-07,4.2591018576272073e-07,0.31288547085807944,118.23238154308459,0.840790451,0.124892406
38,5.142404155420698e-07,8.043966658970958e-07,5.142404155420698e-07,0.33112939401769453,120.47657414973001,0.970900953,0.125038102
39,6.043846909768417e-07,9.586062204808828e-07,6.043846909768417e-07,0.3468914164831198,121.25544569982543,1.0276674,0.124664888
49,1.4623720193940762e-05,2.6272657794377055e-05,1.4623720193940762e-05,1.018880117429645,154.7787927140693,5.34567785,0.125150472
45,5.518924924051432e-06,1.0029895720880744e-05,5.518924924051432e-06,0.6866816149802302,150.59069867163652,2.46454573,0.125040919
39,1.133582396301071e-06,1.907700851026337e-06,1.133582396301071e-06,0.4180231812749742,127.13943609944067,1.49195194,0.125481486
40,1.6208591706078054e-06,2.783495867032842e-06,1.6208591706078054e-06,0.465735921449813,129.68405517856397,1.63098383,0.125401333
41,1.6151047303702457e-06,2.738155553045172e-06,1.6151047303702457e-06,0.4649862806613941,129.0869038606845,1.5502094,0.125192329
41,2.5745313065939204e-06,4.462056312959323e-06,2.5745313065939204e-06,0.5369230502700065,131.6056240813588,1.94396675,0.125168353
37,0.0005474192788320359,0.0022112814422651553,0.0005474192788320359,0.6395683626272893,114.42715029862241,71.312294,0.124984898
41,4.7447720352450155e-06,8.391882567913976e-06,4.7447720352450155e-06,0.6548196259704044,134.91012491796872,2.51742506,0.124819353
42,2.3022884945161755e-06,3.969034298514792e-06,2.3022884945161755e-06,0.5155312672187334,129.79350070301118,1.83442748,0.125223786
42,1.7995052780552854e-06,3.202647606716408e-06,1.7995052780552854e-06,0.47166347554799765,151.2292606861914,1.62250197,0.125209957
37,2.0924794118387753e-07,2.8657568674507446e-07,2.0924794118387753e-07,0.25234433612673984,115.78676388706748,0.5505777,0.12472339
37,2.2782179537747524e-07,3.124398323575678e-07,2.2782179537747524e-07,0.26116991780912163,115.95537859590414,0.569378555,0.125143692
37,2.1114773167848645e-07,2.8578451045710166e-07,2.1114773167848645e-07,0.25148991156365474,113.38005199617645,0.537307799,0.124578781
54,1.8507581669104577e-06,3.5154237962944792e-06,1.8507581669104577e-06,0.5284356864455533,214.63097506420107,1.97403514,0.126446277
63,4.236227142694603e-06,7.770471598829206e-06,4.236227142694603e-06,0.889940681089291,233.36509912527168,2.18928432,0.129051507
59,2.504491455261945e-06,4.705752542421822e-06,2.504491455261945e-06,0.6185487129379822,218.24710075888441,1.98320162,0.127450168
60,3.5290364672013735e-06,6.515990961785528e-06,3.5290364672013735e-06,0.7715907710369677,226.0717318609193,2.11353469,0.128549114
70,7.111154470548004e-06,1.2236580624428031e-05,7.111154470548004e-06,1.4277211207973226,253.3274456331937,2.6351285,0.129993334
91,2.258685353866696e-05,3.709207870188541e-05,2.258685353866696e-05,3.4778989545688304,377.96625884384633,4.7793026,0.125834018
42,0.000614852062086526,0.0026974800361591637,0.000614852062086526,0.8071663213180187,181.1780467050217,84.1054764,0.125379324
44,5.972436126928518e-07,1.0679452852592342e-06,5.972436126928518e-07,0.3586939836864307,190.07903814202047,0.851770222,0.124717943
44,4.165115233746962e-07,7.348555217526906e-07,4.165115233746962e-07,0.3212563725387524,186.6706170620241,0.772684097,0.124722317
47,7.013472007515704e-06,1.3680270733639859e-05,7.013472007515704e-06,0.7906426032770635,206.24793793539945,3.20677161,0.125021413
46,4.573563299998238e-06,8.885579958616278e-06,4.573563299998238e-06,0.6776735273890521,202.93673765817658,2.62364101,0.124945022
45,2.27508254242778e-06,4.334656065346251e-06,2.27508254242778e-06,0.5354640478926056,197.63727111658784,1.83270681,0.125000611
44,1.2652837304716578e-06,2.345809816931078e-06,1.2652837304716578e-06,0.4475540009705441,193.2593214375009,1.33293629,0.124915659
43,4.205495215643701e-07,7.428206836133491e-07,4.205495215643701e-07,0.32131670187955375,186.0895570812898,0.766300201,0.124687612
42,5.845555448420062e-07,1.044431858605334e-06,5.845555448420062e-07,0.35384466837410944,188.4257822371305,0.834160566,0.12477804
43,6.735155081460972e-07,1.2076176630181558e-06,6.735155081460972e-07,0.3694559100112989,188.75201655631682,0.921129167,0.124819987
43,2.879121256813396e-07,5.067432197131692e-07,2.879121256813396e-07,0.2831992567417808,181.13585102097946,0.708979368,0.124836423
42,2.4628657156008065e-07,4.2957812120182505e-07,2.4628657156008065e-07,0.2698825053098933,178.28636953120804,0.666096926,0.124954849
42,2.3801110152847e-07,4.169144109302457e-07,2.3801110152847e-07,0.2639219505024936,175.72284354086003,0.680754662,0.124983035
40,2.135411322188262e-07,3.7201219040571206e-07,2.135411322188262e-07,0.2559136591778775,173.61527595232144,0.645586729,0.125052899
40,2.0059160201526294e-07,3.441677016042864e-07,2.0059160201526294e-07,0.2525781490972066,171.10038119905207,0.621586919,0.124970198
40,1.889610287654696e-07,3.1998625521594556e-07,1.889610287654696e-07,0.24777826150602092,166.3435603617064,0.596412361,0.125040039
53,1.1592970979988387e-05,2.2541447632816813e-05,1.1592970979988387e-05,0.9833082827780099,216.28830581760872,4.88162327,0.125367537
51,7.050273466011925e-06,1.3545243626324121e-05,7.050273466011925e-06,0.8024504899525685,211.388061468255,3.29760718,0.125203431
48,1.4377499800687353e-06,2.7860199736364013e-06,1.4377499800687353e-06,0.4598885682879657,210.23377491717395,1.65020025,0.12556383
48,2.044354014934075e-06,3.9459984157111475e-06,2.044354014934075e-06,0.5132757055398132,208.88474179570582,1.64243519,0.125552729
49,1.4428549759537399e-06,2.8060993913498413e-06,1.4428549759537399e-06,0.46379396431644887,210.95508145180804,1.77979147,0.125832409
49,2.8836297383124504e-06,5.554547447035411e-06,2.8836297383124504e-06,0.5777021501995948,208.9057117454384,1.89713085,0.125313073
49,4.496913416916029e-06,8.64630043600977e-06,4.496913416916029e-06,0.6771208954916065,208.9163086211534,2.19121718,0.125283197
56,1.5892126396788427e-06,3.0691233372178054e-06,1.5892126396788427e-06,0.48849152168045873,212.95324666496344,1.84188151,0.125799865
38,1.679554499052557e-07,2.5369895871014007e-07,1.679554499052557e-07,0.2364811318865694,137.18117123002853,0.510943294,0.124933727
37,1.835399201350872e-07,2.56715550601954e-07,1.835399201350872e-07,0.2392891096952374,119.75794943108,0.513778031,0.124703132
37,1.8496516753212408e-07,2.5588761860085456e-07,1.8496516753212408e-07,0.23952955270821072,117.86815867089041,0.517155111,0.124796875
36,1.9836122970283498e-07,2.712320099825816e-07,1.9836122970283498e-07,0.24597107534921858,115.29464631579336,0.52418083,0.124701358
38,1.87592271140256e-07,2.578525451133397e-07,1.87592271140256e-07,0.2385800652795432,115.21815001564092,0.508102298,0.125012249
38,1.922021320101574e-07,2.6230975416685695e-07,1.922021320101574e-07,0.24027394653982248,113.503369750172,0.508136392,0.124797478
40,1.642962318319838e-07,2.4471252698632347e-07,1.642962318319838e-07,0.23266712874265635,133.28607179283043,0.509130359,0.124998137
38,1.7120782332188427e-07,2.5127882774850797e-07,1.7120782332188427e-07,0.23423963266885864,128.64946706522824,0.502142906,0.124617033
38,1.706449030926913e-07,2.463412754649479e-07,1.706449030926913e-07,0.23303817656534168,125.04514586691792,0.502267301,0.125117823
37,1.7312987844758867e-07,2.498493284665079e-07,1.7312987844758867e-07,0.23289203334295897,123.84716135827152,0.498934895,0.124908634
38,1.7214883486376783e-07,2.4684357462406216e-07,1.7214883486376783e-07,0.23265755187568996,123.3439629175745,0.497516721,0.124818243
37,1.7557955033815233e-07,2.4847158630682793e-07,1.7557955033815233e-07,0.23300067835518318,120.2469270106291,0.50086242,0.1243947
37,1.778838806165449e-07,2.490909572483838e-07,1.778838806165449e-07,0.23435910162005244,118.41028951023242,0.507986426,0.12446364
40,1.7290921170517714e-07,2.7985272404987313e-07,1.7290921170517714e-07,0.2377891434350997,150.43300130374877,0.556712866,0.125060007
39,1.7247757713238182e-07,2.736161906001905e-07,1.7247757713238182e-07,0.23769549846376672,145.87913861368867,0.539078236,0.12514399
39,1.7625614117929675e-07,2.9186899231197693e-07,1.7625614117929675e-07,0.24041752850362372,157.6358212678552,0.570284903,0.125186905
40,1.759256598545316e-07,2.9034921926299624e-07,1.759256598545316e-07,0.2372497335780213,153.01157136251786,0.570110261,0.125043213
41,1.818167290174134e-07,3.047243579432658e-07,1.818167290174134e-07,0.24386770092837645,161.01804155598407,0.583650768,0.125126883
38,1.7139722192485335e-07,2.6791503724394684e-07,1.7139722192485335e-07,0.23662849519492968,142.08565589020623,0.529569924,0.125254139
38,1.6656583017371992e-07,2.5310451975506104e-07,1.6656583017371992e-07,0.23426058570658176,136.30610136994565,0.518281758,0.124861814
37,1.7097545492667582e-07,2.6283506189764154e-07,1.7097545492667582e-07,0.2350191927459542,137.47748677304693,0.526207864,0.124977581
63,3.858165177582e-06,6.769553776073168e-06,3.858165177582e-06,0.9969348985665066,217.97398738533627,2.41016245,0.126224935
55,1.5386506626646125e-06,2.766016716217566e-06,1.5386506626646125e-06,0.5989020537681679,186.97643857478667,1.84864652,0.131292909
53,1.0898580114369972e-06,2.0073168642715334e-06,1.0898580114369972e-06,0.47787260319384245,174.38540100577833,1.90097308,0.129341066
50,6.177021575447062e-07,1.2548748399300324e-06,6.177021575447062e-07,0.330317699706069,164.21903571811075,1.56081855,0.126007318
51,6.799993832155314e-07,1.3589508206133206e-06,6.799993832155314e-07,0.3524906078625839,165.51845164083986,1.68217337,0.12648645
50,8.624264042408491e-07,1.6549061043092834e-06,8.624264042408491e-07,0.40298276136474176,165.99276424379343,1.75456417,0.127053127
44,6.35962268932129e-07,1.275250278611387e-06,6.35962268932129e-07,0.32761952883473255,162.48874784204145,1.48064899,0.125728905
47,6.080292200346332e-07,1.191190541346178e-06,6.080292200346332e-07,0.32254787336940716,160.9578061274359,1.42370248,0.125564501
45,6.729544651242244e-07,1.26232104177415e-06,6.729544651242244e-07,0.3390240699787496,158.81867467470337,1.33179343,0.125378922
44,1.1515537010795436e-06,2.045062563724376e-06,1.1515537010795436e-06,0.40718416919985734,151.8375761298062,1.27803814,0.125159785
37,3.2290360962745467e-07,4.766409004054183e-07,3.2290360962745467e-07,0.2878814851236098,117.36338460882335,0.711685896,0.124888778
37,2.848548178685974e-07,4.0571410453583146e-07,2.848548178685974e-07,0.2778011497467078,115.56665409203087,0.610976219,0.124559142
38,3.6469007101853225e-07,5.572681305260374e-07,3.6469007101853225e-07,0.29588161704179217,118.03092357473601,0.81185329,0.125363886
37,3.573747513726327e-07,5.35265657296516e-07,3.573747513726327e-07,0.2944848704044688,116.37897768935812,0.818536222,0.125169203
39,3.4433670505703775e-07,5.024160155652906e-07,3.4433670505703775e-07,0.29190243950832556,114.45268333397837,0.724656522,0.125042871
39,3.3059423484280864e-07,4.749365507980818e-07,3.3059423484280864e-07,0.2885613518044547,113.86597366737453,0.654573441,0.125072137
37,2.344599255600907e-07,3.19238136061863e-07,2.344599255600907e-07,0.26215896673406114,113.59116558308165,0.520344377,0.125045881
38,2.532795652076016e-07,3.5034111629402755e-07,2.532795652076016e-07,0.267255267900093,113.39061500057868,0.585067213,0.125006318
38,6.171810004964542e-07,9.691103698824313e-07,6.171810004964542e-07,0.3493685056935863,120.62510099187732,0.971032441,0.125011414
40,3.9218709425570576e-07,5.810885304591894e-07,3.9218709425570576e-07,0.3051179749392805,116.69993538986678,0.717287123,0.125338346
40,4.675033210789547e-07,7.125360947843143e-07,4.675033210789547e-07,0.3213113254683565,118.53069166415317,0.810365677,0.125195086
49,1.842926830520792e-05,3.2416769493139356e-05,1.842926830520792e-05,1.1523408838031413,154.90791721233148,6.05010223,0.124875173
47,5.316664065542901e-06,9.65684746073279e-06,5.316664065542901e-06,0.6702063869442839,148.10513817066226,2.48417282,0.125112623
39,7.734306618954218e-07,1.2424303869545537e-06,7.734306618954218e-07,0.37292430553435973,122.75042828224817,1.05185473,0.125288531
41,9.980053116615396e-07,1.6560648293327017e-06,9.980053116615396e-07,0.3995851827022058,125.28534126869509,1.244784,0.125423118
40,1.3319223458288069e-06,2.195614003871163e-06,1.3319223458288069e-06,0.44083096014076345,125.67739942324707,1.37513137,0.125154406
39,8.9351198308585e-07,1.4489880313913613e-06,8.9351198308585e-07,0.38829574754371643,123.30258132763862,1.13940299,0.125161022
44,1.1503355728946072e-05,2.048168871792867e-05,1.1503355728946072e-05,0.9003415832038703,140.79741902598633,3.48837852,0.124939866
36,0.0004301758933705462,0.0018488033805365348,0.0004301758933705462,0.5479331456787503,112.89817134286845,75.2896957,0.124996647
41,3.2566888928910855e-06,5.638338546045106e-06,3.2566888928910855e-06,0.5781001946677791,131.54492816619202,2.07729197,0.125095561
38,1.446880273986182e-06,2.3977044005491105e-06,1.446880273986182e-06,0.44843574403894104,124.83008286455517,1.43550825,0.125362858
46,2.4019460990647166e-06,4.337092761581041e-06,2.4019460990647166e-06,0.5113151327934699,148.95716029191718,1.89567947,0.125257328
38,2.0102711102786135e-07,2.7243960931489157e-07,2.0102711102786135e-07,0.24613516326360388,113.20342798736209,0.532327294,0.124976657
37,2.1865082529474737e-07,2.952165148795591e-07,2.1865082529474737e-07,0.2541451229292895,112.07635755014537,0.544666767,0.124836206
36,2.084898431606934e-07,2.8048023392895356e-07,2.084898431606934e-07,0.24765814718349416,110.79680455425422,0.528514624,0.124651782
54,2.2235102100114857e-06,4.203926952020286e-06,2.2235102100114857e-06,0.5628761097021447,213.39284022573818,1.93576896,0.12675266
54,1.7898221988126555e-06,3.445582657058031e-06,1.7898221988126555e-06,0.5073836984735767,211.8969602357184,1.90678918,0.12593399
57,3.2194531808431186e-06,5.983748887742703e-06,3.2194531808431186e-06,0.6988552659233602,219.80643889200294,2.06929827,0.127741963
73,7.028808645826131e-06,1.2216642333508277e-05,7.028808645826131e-06,1.3478082815024892,247.709384189656,2.59633803,0.129727915
177,2.139988167266372e-05,3.246345455063877e-05,2.139988167266372e-05,4.472594890780411,650.9243235134575,3.62505054,0.126726747
63,0.0001232371261057356,0.00029833367356597634,0.0001232371261057356,1.8323853947798443,217.14125760865647,15.4355469,0.125393003
40,3.212553745036112e-07,5.636116042272387e-07,3.212553745036112e-07,0.2951247729895814,182.5747143960527,0.730183363,0.124816246
47,1.171193040815184e-05,2.300050584178947e-05,1.171193040815184e-05,0.9513594110207526,209.3473358439726,3.98124552,0.125188574
42,4.694834650647323e-06,9.123763232613206e-06,4.694834650647323e-06,0.6844907211055721,201.75783418871941,2.66966605,0.124962971
44,2.0694985953855354e-06,3.942607340221895e-06,2.0694985953855354e-06,0.5181057385940658,196.1433812343745,1.74630249,0.125154823
44,1.2996200435948407e-06,2.4233210056275252e-06,1.2996200435948407e-06,0.4460355254943892,192.85941716138956,1.33816946,0.125074759
42,4.076638048692718e-07,7.212713810709447e-07,4.076638048692718e-07,0.3162473407842648,184.54005182934623,0.797710776,0.124723263
41,3.278522657917794e-07,5.805931444850224e-07,3.278522657917794e-07,0.2927240184616209,182.07899831185347,0.76368624,0.12478029
43,5.844572576415747e-07,1.0421364413631458e-06,5.844572576415747e-07,0.3529019661215364,187.35812731022395,0.856199384,0.124848314
43,7.585383045435831e-07,1.3718022080988654e-06,7.585383045435831e-07,0.3798384536765952,188.3530151579674,0.981902778,0.125061095
41,2.607165359171456e-07,4.607906256098554e-07,2.607165359171456e-07,0.2714435786518237,178.16310529671358,0.714367151,0.124831215
41,2.197384767756505e-07,3.8566917988682203e-07,2.197384767756505e-07,0.25645463216150066,173.23541513445855,0.668584645,0.125059992
41,2.3590885406634785e-07,4.173741362025199e-07,2.3590885406634785e-07,0.2603990184270262,174.12174741912986,0.68887049,0.124762088
42,2.1411604676118152e-07,3.778403193061896e-07,2.1411604676118152e-07,0.2507692083938504,170.23193319449956,0.672996044,0.124801047
40,2.006203065069891e-07,3.4552864616910707e-07,2.006203065069891e-07,0.25036028177946307,168.188241387471,0.622590303,0.124949597
39,2.0804062909455075e-07,3.626224120193662e-07,2.0804062909455075e-07,0.2522517029893303,170.11761562999067,0.650402665,0.124907538
42,1.8505008801008637e-07,3.151136171194765e-07,1.8505008801008637e-07,0.2421639290616869,162.15196807312086,0.602946281,0.12506409
60,3.9573057555113916e-05,0.0001108671171427609,3.9573057555113916e-05,1.3652828874990774,224.65034434016448,19.8087635,0.125332743
53,8.502326343188998e-06,1.6438939542214276e-05,8.502326343188998e-06,0.8616330832533569,211.53622871024385,4.75924063,0.125262231
49,1.695418042213843e-06,3.2785983618410547e-06,1.695418042213843e-06,0.48451174585244566,209.65908761117888,1.64881516,0.125682026
49,2.8774726004597586e-06,5.538326566582616e-06,2.8774726004597586e-06,0.5776905070290627,208.4239718675961,1.9119823,0.125411168
49,2.390856266812866e-06,4.628878243345164e-06,2.390856266812866e-06,0.5415069693885404,208.30894686375026,1.814206,0.125696272
50,4.35057579956351e-06,8.354210805829778e-06,4.35057579956351e-06,0.6722087855800675,208.1257658269526,2.18804049,0.12524578
35,1.8555211420916468e-07,2.570292185273222e-07,1.8555211420916468e-07,0.23685731215742462,115.91941547950813,0.508149326,0.124725208
36,1.8702613391455087e-07,2.5753176453637096e-07,1.8702613391455087e-07,0.23731259143928865,114.85920746464633,0.510424614,0.124682352
37,1.92313890503976e-07,2.617695469381884e-07,1.92313890503976e-07,0.23853233766349832,112.1368302243826,0.502533734,0.124995351
37,1.9087525225670965e-07,2.613864401578788e-07,1.9087525225670965e-07,0.23581650677038843,111.91624343569168,0.506610751,0.124643758
37,1.9719782936014552e-07,2.673484184970335e-07,1.9719782936014552e-07,0.24048485358076793,111.07601956097089,0.523481071,0.124946676
38,1.7056609390212152e-07,2.5486085436606336e-07,1.7056609390212152e-07,0.23367992750931732,131.64422484745174,0.509198546,0.124832876
38,1.7136535702846573e-07,2.5128963670908794e-07,1.7136535702846573e-07,0.23263167805271928,127.3953913895835,0.508707106,0.124766402
38,1.7109560893004855e-07,2.486088888765598e-07,1.7109560893004855e-07,0.23073936827704783,124.28586346930952,0.505221367,0.124842748
37,1.7405294981016666e-07,2.492584113503411e-07,1.7405294981016666e-07,0.23119926690246606,121.26480311690501,0.502963841,0.124735825
36,1.7712526915952803e-07,2.5192181631456693e-07,1.7712526915952803e-07,0.23288463494238543,120.17209076718302,0.503371716,0.124581717
37,1.788631902509014e-07,2.5270439061832836e-07,1.788631902509014e-07,0.2324121034860711,118.51036453333124,0.50064379,0.124497756
36,1.7871555152011273e-07,2.501680705622829e-07,1.7871555152011273e-07,0.2335092419272708,117.6505499630953,0.497273713,0.124452449
36,1.839068816970691e-07,2.54899520785003e-07,1.839068816970691e-07,0.23418246565078937,114.80524058250964,0.497137576,0.124680638
37,1.7782682504008864e-07,2.875184875734855e-07,1.7782682504008864e-07,0.23779107284539955,147.58627408363824,0.553677797,0.125135168
39,1.704416473684522e-07,2.691836660446882e-07,1.704416473684522e-07,0.2358656529978574,144.06071750986357,0.542279541,0.125125796
39,1.7463262703218121e-07,2.785426008865835e-07,1.7463262703218121e-07,0.23473338307510905,143.46822352668508,0.554571927,0.125212282
39,1.8269398158367578e-07,3.052196897790837e-07,1.8269398158367578e-07,0.24100957009068333,156.67251777868424,0.587174058,0.1250723
40,1.7927708944351143e-07,2.9652416243769207e-07,1.7927708944351143e-07,0.23767420913918905,151.9328555210711,0.577101052,0.125089601
39,1.7226338306450405e-07,2.678986301900677e-07,1.7226338306450405e-07,0.23470012664950143,139.16951807186436,0.533379436,0.124865569
38,1.7083343889867091e-07,2.579733502236111e-07,1.7083343889867091e-07,0.23322622800837342,133.10705853661707,0.516985714,0.124821335
38,1.7269768019591783e-07,2.6334911256510173e-07,1.7269768019591783e-07,0.23390017793365514,133.77597924200253,0.528842211,0.124598071
64,3.592146504658101e-06,6.360635626594074e-06,3.592146504658101e-06,0.9440427375497682,210.60773804390885,2.35808754,0.131001398
54,1.921342511772261e-06,3.3974358899850793e-06,1.921342511772261e-06,0.6604669066067618,185.07745426068698,1.87453628,0.131310374
51,1.142152652018703e-06,2.0845290855855616e-06,1.142152652018703e-06,0.49222996802065866,174.0643596014352,1.83223164,0.129655614
50,9.943779489797941e-07,1.8331692781655748e-06,9.943779489797941e-07,0.4443911194625793,166.24910251984198,1.80409729,0.126167923
49,6.650890867934559e-07,1.3321857890996608e-06,6.650890867934559e-07,0.339928851240475,160.95331616059164,1.64066327,0.126147211
50,8.65641638098546e-07,1.6405112163205698e-06,8.65641638098546e-07,0.40546479925917756,162.0391240146931,1.76948428,0.126655743
50,7.363200593699972e-07,1.4501064711297269e-06,7.363200593699972e-07,0.3586487233877962,159.1796214777069,1.70903718,0.125806496
47,6.130578008935352e-07,1.2013201873720297e-06,6.130578008935352e-07,0.3245510558179645,159.25747725470572,1.49204695,0.125568584
46,6.761795097714687e-07,1.3287733924332115e-06,6.761795097714687e-07,0.3370336077161781,157.33847071392708,1.54874718,0.125853702
47,6.817414942787017e-07,1.2850830086116708e-06,6.817414942787017e-07,0.3388612012341875,157.1731485785162,1.40386999,0.125402465
47,8.671573417641981e-07,1.5696044823932663e-06,8.671573417641981e-07,0.36980664551680664,153.3346547566961,1.35598409,0.125249207
44,1.2611803111759662e-06,2.254035964716896e-06,1.2611803111759662e-06,0.415667241417263,149.5459490733892,1.3312788,0.125253275
45,2.3717509446444775e-06,4.267751005873288e-06,2.3717509446444775e-06,0.5077462895097722,147.41432157824377,1.86072171,0.125284448
38,3.0353679219779616e-07,4.3700696107448025e-07,3.0353679219779616e-07,0.2819025767960025,115.0953604556225,0.663038313,0.124843374
38,2.5320254476481223e-07,3.471613429744769e-07,2.5320254476481223e-07,0.26657123658928844,112.20982155495093,0.55884397,0.124779284
37,3.3324281804639146e-07,4.892121542404314e-07,3.3324281804639146e-07,0.2889641001591474,115.39575675241001,0.708905399,0.125219747
38,3.0625361158598735e-07,4.3573826731725494e-07,3.0625361158598735e-07,0.28162179002243515,113.1008119251162,0.630985975,0.125195399
37,3.0388987752605345e-07,4.251660013254768e-07,3.0388987752605345e-07,0.2808515896080218,111.49162548838379,0.583208323,0.125161156
38,3.307179276362491e-07,4.7008404326040025e-07,3.307179276362491e-07,0.2887171292934224,112.79549848139227,0.622854769,0.125138208
36,2.3841150647236707e-07,3.228159151520583e-07,2.3841150647236707e-07,0.2616944199408345,111.29539768754691,0.519004107,0.125148296
37,2.2328059296753784e-07,3.0043266015480963e-07,2.2328059296753784e-07,0.2545487677227444,110.69219171871201,0.538191617,0.124812342
36,2.392477027184299e-07,3.212471576478105e-07,2.392477027184299e-07,0.2601886833850767,109.34120736266281,0.533792973,0.124969609
38,4.6337327905660455e-07,6.942080339726411e-07,4.6337327905660455e-07,0.320646083341778,117.58236460019698,0.753732204,0.124881595
39,4.0254908393367137e-07,5.958304847175615e-07,4.0254908393367137e-07,0.3060239154023365,115.98512744280187,0.713240445,0.125173867
58,6.597981847321546e-05,0.0001736911524734917,6.597981847321546e-05,1.5714832262762277,160.0817343043403,22.2537327,0.124900207
50,7.779741717148156e-06,1.4039058663614923e-05,7.779741717148156e-06,0.7679408665228948,147.4972282307965,2.71359396,0.125052199
39,6.096706555716995e-07,9.463045824933872e-07,6.096706555716995e-07,0.34699708200326507,119.86978121156109,0.855480731,0.125028744
38,8.369679391537883e-07,1.328110311262519e-06,8.369679391537883e-07,0.38063474625334065,121.44060810731509,1.04051542,0.125051364
39,6.245760592847024e-07,9.713935237949026e-07,6.245760592847024e-07,0.34843842754232673,119.12188369943057,0.876676559,0.125356719
42,8.775223954488975e-06,1.560189850348025e-05,8.775223954488975e-06,0.8074545895295141,136.78366006765663,3.17550874,0.125000939
45,1.9104196844620402e-05,3.4548450065835744e-05,1.9104196844620402e-05,1.0708145689711006,141.51710299824512,4.57645273,0.125055566
37,0.0004919235832164913,0.0021239475842411756,0.0004919235832164913,0.6060452483141654,111.13558615450754,82.9657745,0.124973521
39,3.1871581444760193e-06,5.512872392079186e-06,3.1871581444760193e-06,0.5716356422801798,129.63322315190734,2.07488918,0.125117645
38,1.794770874869308e-06,3.019089301702011e-06,1.794770874869308e-06,0.476700328691163,125.16000108914285,1.58200026,0.125354663
39,7.705772493506598e-07,1.2033981856444348e-06,7.705772493506598e-07,0.3724529248549566,120.3130038093373,0.915519714,0.124985702
39,8.392365771710277e-07,1.3173017944043024e-06,8.392365771710277e-07,0.38081178615100303,120.01430016449666,1.02675653,0.125086993
48,4.435266558272949e-06,8.086318641730513e-06,4.435266558272949e-06,0.6198024155798004,145.8998803914861,2.37713838,0.125365242
38,2.02726027757641e-07,2.7296398500854665e-07,2.02726027757641e-07,0.24357461908571026,110.56656439944592,0.518655956,0.125058308
37,2.0503062884602265e-07,2.7493420105378075e-07,2.0503062884602265e-07,0.24323612452607496,108.89558745166153,0.514993548,0.124914818
37,2.1362487787696284e-07,2.8563069447902516e-07,2.1362487787696284e-07,0.2469271943694194,108.08918962013169,0.526189923,0.124705851
56,2.465942823703558e-06,4.666142069137556e-06,2.465942823703558e-06,0.5821690656765002,213.20692367148806,1.91996026,0.127133593
53,2.446383339997999e-06,4.682860312156578e-06,2.446383339997999e-06,0.566499412474599,211.35738116693835,1.92841327,0.126446918
53,1.8729405141291356e-06,3.614580325329016e-06,1.8729405141291356e-06,0.5073340226089427,210.35421100708686,1.77814531,0.125857964
57,3.173807943688095e-06,5.930560770492578e-06,3.173807943688095e-06,0.6633658045245658,215.75110833723602,1.9926213,0.127123043
61,4.524358571917637e-06,8.278502848285263e-06,4.524358571917637e-06,0.8617438090435583,227.44277856414956,2.14661574,0.128508955
108,5.578659688749195e-05,0.0001234446670310812,5.578659688749195e-05,3.76764058173745,362.9330966269032,13.6544189,0.123467185
70,9.118773097163801e-06,1.57239466163179e-05,9.118773097163801e-06,1.5214078968337361,254.04254028814415,2.83575559,0.130180925
53,2.1117794403576627e-05,4.359744283492472e-05,2.1117794403576627e-05,1.1478209202621306,211.97558963655857,6.58069181,0.125203714
41,2.999488978287518e-07,5.307031051639685e-07,2.999488978287518e-07,0.284670285635322,180.33065951051756,0.740607858,0.124752864
45,2.7578870109178415e-06,5.300994905635333e-06,2.7578870109178415e-06,0.5666018920468048,197.56577294379693,1.98410082,0.124975085
45,8.803838446655223e-06,1.717497178847078e-05,8.803838446655223e-06,0.8576269249572452,205.8196278999031,3.49536252,0.125101373
43,1.4694752111224944e-06,2.7440753357134043e-06,1.4694752111224944e-06,0.4647534381932721,192.62720653412845,1.44130218,0.124958694
42,4.055503031184144e-07,7.23424057897215e-07,4.055503031184144e-07,0.311383100063384,183.67015070266498,0.824033082,0.124884889
42,3.1816016769616464e-07,5.693292552647351e-07,3.1816016769616464e-07,0.2866819025421664,180.88137765148335,0.786607265,0.1249699
42,2.7732830023323e-07,4.979869679242023e-07,2.7732830023323e-07,0.272619405521416,177.72729658561698,0.757374465,0.12491069
43,5.076807155829856e-07,9.06411576119209e-07,5.076807155829856e-07,0.3347899955479985,185.3329124939231,0.877248824,0.1250166
43,9.541877748574244e-07,1.735457262517001e-06,9.541877748574244e-07,0.408446961547853,189.3501481940207,1.13787186,0.12505953
41,2.454912379466329e-07,4.369624959640314e-07,2.454912379466329e-07,0.2623495372041456,174.41896956261266,0.709524512,0.1247105
41,2.244590325410772e-07,3.9842425210718864e-07,2.244590325410772e-07,0.2530237072094249,169.4826929699693,0.688713849,0.124804094
42,2.3776948183577168e-07,4.2792616577853075e-07,2.3776948183577168e-07,0.2565551253874135,173.43508711543984,0.72055161,0.124738783
40,2.1150126964131406e-07,3.7149876622759085e-07,2.1150126964131406e-07,0.24871937529948854,166.7339496194508,0.662720561,0.124798246
40,2.0449115506455392e-07,3.5385989143738457e-07,2.0449115506455392e-07,0.24887430091011414,165.74847535530958,0.638907552,0.124969833
41,1.970719177232566e-07,3.40884596683209e-07,1.970719177232566e-07,0.24705106598646387,166.20023834713,0.628989458,0.125086352
40,1.9322459800646316e-07,3.3053678369244e-07,1.9322459800646316e-07,0.24272246059456062,160.79599038379905,0.613295317,0.125191987
39,1.894975636951676e-07,3.191302686212157e-07,1.894975636951676e-07,0.24263197948126103,157.85309465273664,0.600584805,0.125103176
40,0.0003318194126109093,0.0016302026875915415,0.0003318194126109093,0.5489304371000747,179.2555760600295,83.0694656,0.125313401
56,8.662055998838732e-06,1.6701278506770392e-05,8.662055998838732e-06,0.8666729580828985,210.532176481176,4.4335022,0.125184745
50,3.120008385945821e-06,6.005884759806977e-06,3.120008385945821e-06,0.5944056589464369,208.04540779193627,1.94164681,0.125447229
56,2.5474726569417237e-06,4.903223455376122e-06,2.5474726569417237e-06,0.5610195194359807,209.2524476918337,1.84780586,0.126060098
49,3.261732037117926e-06,6.2779309164418975e-06,3.261732037117926e-06,0.6068557775191787,207.41925589932262,1.98426342,0.125752121
51,4.137801216597479e-06,7.961768822531758e-06,4.137801216597479e-06,0.6554799908789515,207.39967921295005,2.11681175,0.125367105
54,6.110726123827792e-06,1.1735480950883102e-05,6.110726123827792e-06,0.7561848796128074,208.39063047074643,2.68477988,0.1252722
37,1.8417561916235363e-07,2.5289877457149826e-07,1.8417561916235363e-07,0.23350326743177222,112.9036409793781,0.49763748,0.124654002
36,1.962689345316476e-07,2.658653157074988e-07,1.962689345316476e-07,0.2380605942387655,110.10309019457299,0.506520629,0.124880083
37,1.9099977546005542e-07,2.591209187393355e-07,1.9099977546005542e-07,0.23477125082106232,109.98328095980995,0.504195452,0.124753132
36,1.8667167433810808e-07,2.5497849102190046e-07,1.8667167433810808e-07,0.23281497169664467,110.94176842574569,0.499887973,0.124557927
37,1.997112309431099e-07,2.6914167180292806e-07,1.997112309431099e-07,0.23988588874543085,109.48806726638418,0.51028496,0.12482781
38,1.7282399981157494e-07,2.5570188514636597e-07,1.7282399981157494e-07,0.2333756481602117,128.53071287051662,0.513378501,0.124884583
36,1.7550291913460675e-07,2.5827565453848364e-07,1.7550291913460675e-07,0.23278959688479384,126.32874663952536,0.512821734,0.124673985
37,1.7594986934592911e-07,2.544930943289353e-07,1.7594986934592911e-07,0.23086686095362183,121.69956588537988,0.508193851,0.124929734
37,1.7784546912729041e-07,2.528883345291374e-07,1.7784546912729041e-07,0.23187476583319835,119.4860196604941,0.50221926,0.124532051
36,1.7980859328908022e-07,2.5602146773058605e-07,1.7980859328908022e-07,0.23000487487751314,117.4754630258061,0.50206238,0.124802001
37,1.7842391569072532e-07,2.5153050061990846e-07,1.7842391569072532e-07,0.23097844913839544,117.00190769319028,0.50140065,0.124494985
37,1.798188541746567e-07,2.51126959672348e-07,1.798188541746567e-07,0.23091638014651233,115.34352623995089,0.499312818,0.12474107
37,1.804352347928497e-07,2.500307730746884e-07,1.804352347928497e-07,0.23085385094227606,113.85756320113842,0.494750291,0.124874696
36,1.8671578800645017e-07,2.570601956808803e-07,1.8671578800645017e-07,0.23222924349616236,112.00103362657862,0.493477255,0.124645077
39,1.7918269079136256e-07,2.910002108130659e-07,1.7918269079136256e-07,0.23678114505964287,146.8093343682558,0.570255637,0.125000939
39,1.7451437687483703e-07,2.7358842777240057e-07,1.7451437687483703e-07,0.23504666339105543,140.05217372652535,0.544774652,0.125055492
37,1.794911413892292e-07,2.835537497049135e-07,1.794911413892292e-07,0.23563554036810302,139.74850547657996,0.554251015,0.125133947
41,1.826537173776784e-07,3.0441215248929576e-07,1.826537173776784e-07,0.23831958153275562,153.16193902452062,0.594134629,0.125049755
39,1.7298179285425758e-07,2.5975141400929383e-07,1.7298179285425758e-07,0.2327380828365618,130.79064127220536,0.518927813,0.124791272
38,1.7331715885627207e-07,2.6423907937955344e-07,1.7331715885627207e-07,0.2325928650993812,132.87099026866332,0.526464164,0.124673143
38,1.755503412885066e-07,2.7265007031069765e-07,1.755503412885066e-07,0.233649778323172,136.0854117729521,0.543136716,0.124911405
68,5.243007236161276e-06,9.378572226580648e-06,5.243007236161276e-06,1.1294761432594522,218.81001304308484,2.90018749,0.125935823
52,1.4491694058770447e-06,2.5586391603805716e-06,1.4491694058770447e-06,0.5570482776731521,173.94154212124855,1.7679522,0.127991363
51,1.1079418932862572e-06,2.0131672817262772e-06,1.1079418932862572e-06,0.45884316075979875,161.41669679399638,1.82081819,0.127542615
46,7.388419369709633e-07,1.4376815522403645e-06,7.388419369709633e-07,0.35502028432945215,156.40480953764614,1.6674931,0.125992686
52,8.729367393226014e-07,1.6660595046783094e-06,8.729367393226014e-07,0.39709289618274535,159.4777275647695,1.8318671,0.12626864
49,8.428624105916912e-07,1.6034322562294903e-06,8.428624105916912e-07,0.37676466481510146,154.8249467730925,1.74337614,0.126218319
44,7.283753824191585e-07,1.3587837768906554e-06,7.283753824191585e-07,0.3498341901929997,154.22949191430646,1.43826222,0.125516251
46,7.471295184535373e-07,1.4117744849221177e-06,7.471295184535373e-07,0.3547623686654833,153.99047831682887,1.57558084,0.125845447
45,9.522059833998029e-07,1.7129624768553387e-06,9.522059833998029e-07,0.3806951313721248,150.8936906657153,1.43695855,0.125369027
44,1.5080739136934158e-06,2.6980673926384163e-06,1.5080739136934158e-06,0.4385472013332027,147.52949819403955,1.51952767,0.125337183
47,3.820363455473542e-06,6.91043748197217e-06,3.820363455473542e-06,0.5889101402482038,143.06479261752082,2.23812437,0.125259846
38,2.667696074633441e-07,3.694266766863211e-07,2.667696074633441e-07,0.2699523836304005,111.74066075604374,0.562055111,0.124757938
37,2.939478847876606e-07,4.15147844196433e-07,2.939478847876606e-07,0.27840551539805736,112.7830093858219,0.614524484,0.125207499
37,2.447571742818208e-07,3.2968083096272914e-07,2.447571742818208e-07,0.2615881549202385,108.91120824827043,0.52797389,0.124970645
39,2.781251045686695e-07,3.8402907028167265e-07,2.781251045686695e-07,0.2719065658198854,110.45725274307046,0.539790452,0.125363812
38,2.878014150696436e-07,3.956138258749668e-07,2.878014150696436e-07,0.2746119041443781,109.24316400861512,0.549343407,0.125392452
38,2.9324930164247874e-07,4.0377963832808396e-07,2.9324930164247874e-07,0.27648880110985213,109.62734037423424,0.547300756,0.125349164
38,3.367867720169378e-07,4.74846388863535e-07,3.367867720169378e-07,0.29020708235776,111.86953009780196,0.587618649,0.125359997
37,2.273463186711528e-07,3.039336578440471e-07,2.273463186711528e-07,0.25478477714096603,108.7968843712928,0.527892411,0.124772415
37,2.194732150397956e-07,2.931076273601453e-07,2.194732150397956e-07,0.24969729925319836,107.83545253673809,0.53248477,0.12457893
38,2.3049571975908106e-07,3.07269015867098e-07,2.3049571975908106e-07,0.253070541005899,106.74159380429438,0.534542799,0.124706
40,4.079673768410413e-07,5.987029268394362e-07,4.079673768410413e-07,0.3079576023498955,115.54526084443505,0.70087707,0.125236541
40,3.31053553650215e-07,4.687069836094832e-07,3.31053553650215e-07,0.28784516071796484,112.40001749891378,0.583966613,0.125457183
49,8.769526878941557e-06,1.570803326022067e-05,8.769526878941557e-06,0.8045624184218267,144.78534347878707,3.66403866,0.125063673
53,1.765522400749561e-05,3.0659818718402216e-05,1.765522400749561e-05,1.109393307811749,147.52451205542084,5.38069725,0.125018075
39,4.566669548160575e-07,6.787090843968998e-07,4.566669548160575e-07,0.31820651629187596,115.91715433458317,0.711184919,0.124989323
40,5.124624730620241e-07,7.697144715907575e-07,5.124624730620241e-07,0.3284456984093555,116.65113065675403,0.764729321,0.125252396
39,5.277026830926451e-07,7.896936906244363e-07,5.277026830926451e-07,0.33086342981751343,115.9633726490193,0.739272535,0.125101507
41,4.566020491890309e-06,8.016442900987874e-06,4.566020491890309e-06,0.6400215851137085,130.8461163684493,2.53238487,0.125123143
46,2.3057641809344548e-05,4.225394502634059e-05,2.3057641809344548e-05,1.1306942222176275,141.18720793969808,4.90432835,0.125017568
38,0.0006768998233354274,0.0027572304976538984,0.0006768998233354274,0.6666363757416593,109.34404987508962,84.5830688,0.125091761
40,2.2130260755157207e-06,3.767255975213781e-06,2.2130260755157207e-06,0.5044985036309738,125.18022941225976,1.89079916,0.125122234
39,8.397229996017527e-07,1.3162298013324037e-06,8.397229996017527e-07,0.37963316295561944,119.63162900833986,1.012218,0.12506251
39,1.06976532154749e-06,1.7068728956301677e-06,1.06976532154749e-06,0.40573158322188874,119.95009605642167,1.20732594,0.125007138
39,5.668491515711759e-07,8.481616143437121e-07,5.668491515711759e-07,0.3367096597207566,115.25672151545331,0.726342022,0.125016764
36,2.0427073740965916e-07,2.7307677953256257e-07,2.0427073740965916e-07,0.24061528593805184,107.13184303577913,0.513238311,0.124796748
38,2.098802283812733e-07,2.793701259384738e-07,2.098802283812733e-07,0.2416020642639542,105.6435150300157,0.511278808,0.124756664
37,2.1707486269816652e-07,2.8770647231129455e-07,2.1707486269816652e-07,0.24566434993146335,105.45501194431101,0.514272213,0.124764986
57,3.088345039740893e-06,5.8285167836187455e-06,3.088345039740893e-06,0.6280636434867694,212.7220311828393,1.98419738,0.126995251
56,2.9258212143743196e-06,5.567968811739558e-06,2.9258212143743196e-06,0.5994318118377309,210.36904606251605,1.88700211,0.126481816
60,4.6257350458009954e-06,8.46464276564842e-06,4.6257350458009954e-06,0.8471636258791999,224.67080499699014,2.08337998,0.128377765
59,3.9052131946543165e-06,7.262083652579299e-06,3.9052131946543165e-06,0.7249528008159216,215.9743585676037,1.91300619,0.127607673
75,6.633146809777582e-05,0.00020046319387955782,6.633146809777582e-05,2.5042091989117665,274.9448639511776,19.2932167,0.126337156
77,1.1616414017334803e-05,1.9525247439486662e-05,1.1616414017334803e-05,1.8688335316364233,272.4176131851112,3.18211269,0.131044924
53,1.9898585579104017e-05,3.9729070974741206e-05,1.9898585579104017e-05,1.1397655932190405,210.69167977165995,5.45887661,0.125311911
43,6.046304624737404e-06,1.1865299389465162e-05,6.046304624737404e-06,0.7398654337472682,202.3544185438703,3.0679903,0.125108302
44,3.0803482996813172e-06,5.9240275777561005e-06,3.0803482996813172e-06,0.58786259364244,197.36784419425163,2.05521989,0.125025928
43,2.261855972602006e-06,4.312314718646796e-06,2.261855972602006e-06,0.5308561735748896,194.74366861799894,1.7955631,0.125007868
42,3.940469081357034e-07,7.091018008925984e-07,3.940469081357034e-07,0.3059323784661649,182.49917994421585,0.839743078,0.124988511
42,3.0421502040143935e-07,5.558736605147913e-07,3.0421502040143935e-07,0.2758085610246803,178.42334629305805,0.801724136,0.124811567
43,2.848703036783372e-07,5.182363398011072e-07,2.848703036783372e-07,0.27118189759902844,177.2766350704862,0.781545162,0.124924399
41,2.5901997621906397e-07,4.6721743647113263e-07,2.5901997621906397e-07,0.26403465110461016,175.322684321639,0.744134665,0.124866031
41,2.4604367883586646e-07,4.482803927075511e-07,2.4604367883586646e-07,0.2549781586356342,172.21522601596405,0.746914923,0.124773905
44,5.024233451480167e-07,9.028323392363037e-07,5.024233451480167e-07,0.3313713953279263,184.62697055290403,0.887500405,0.125152826
43,1.0530010713187142e-06,1.92331028535155e-06,1.0530010713187142e-06,0.41945588387525173,189.12739454025242,1.18028855,0.125010267
43,5.266325720773298e-07,9.499843589262782e-07,5.266325720773298e-07,0.3353535172358477,184.47699532729283,0.909705997,0.125079408
40,2.1773343790431176e-07,3.8348018654231526e-07,2.1773343790431176e-07,0.24919559046217088,165.8429731079297,0.67743814,0.124696918
42,2.3042984983712535e-07,4.1633980117915557e-07,2.3042984983712535e-07,0.25019460084728157,170.6240233561597,0.71928525,0.124850847
40,2.2374605964817815e-07,3.985877212561302e-07,2.2374605964817815e-07,0.24821929229198544,166.25003321203647,0.693575144,0.124609433
39,2.090930544294004e-07,3.653485268505556e-07,2.090930544294004e-07,0.2448120174185477,162.08920169478296,0.649426043,0.124630019
41,1.9788663805406253e-07,3.403555797540224e-07,1.9788663805406253e-07,0.24307271938237268,160.12516750191878,0.627116621,0.124833293
38,1.913374416618375e-07,3.228528516453525e-07,1.913374416618375e-07,0.24148539891599244,154.91334775198976,0.608716488,0.124991156
62,7.873749191860287e-05,0.00025533647606324503,7.873749191860287e-05,1.6544949628215952,229.80957820975058,29.0396309,0.125380293
57,3.546460688965079e-06,6.758717169150831e-06,3.546460688965079e-06,0.639260144755123,209.10182094114833,1.9620235,0.126039371
50,3.7950217865730696e-06,7.276327208925528e-06,3.7950217865730696e-06,0.6406762856244533,207.13081697642974,2.05896592,0.125500515
52,4.87366198582991e-06,9.331773157582434e-06,4.87366198582991e-06,0.6971316962574897,207.1682765936459,2.32776499,0.12553212
53,9.371845550263774e-06,1.7968490605288093e-05,9.371845550263774e-06,0.8936467626594374,209.44000078740396,3.92065358,0.125392586
37,1.9353560412518966e-07,2.6076832946159357e-07,1.9353560412518966e-07,0.23449534827813484,108.1484383434091,0.505577266,0.124753579
36,1.8913567696497016e-07,2.564952320762502e-07,1.8913567696497016e-07,0.23198798694348485,108.57513586110467,0.499798357,0.124634445
37,1.887428505470036e-07,2.5787681867144416e-07,1.887428505470036e-07,0.23086441710265684,109.23979310041197,0.497563869,0.12452329
37,2.0194440365760886e-07,2.7150586266420544e-07,2.0194440365760886e-07,0.23795970227536836,107.29314728303083,0.500901282,0.124806024
37,1.7634690512289676e-07,2.6325460110391384e-07,1.7634690512289676e-07,0.23237477085997335,127.80239058339026,0.519132912,0.12465097
37,1.7585344640503147e-07,2.5812912077727595e-07,1.7585344640503147e-07,0.23193453200527364,124.8418863752531,0.512928903,0.124742188
37,1.7756540986158e-07,2.592716962579176e-07,1.7756540986158e-07,0.23041988021300702,122.57878708693958,0.514600933,0.124819614
37,1.810578111872845e-07,2.611221932484005e-07,1.810578111872845e-07,0.23036923546287516,119.33291675261833,0.510398149,0.124987148
38,1.7792330472188464e-07,2.5224573905149966e-07,1.7792330472188464e-07,0.22832870153459506,116.25545444802029,0.501020372,0.124475233
37,1.8015820401962355e-07,2.561980755195148e-07,1.8015820401962355e-07,0.2280943168669574,116.06877815271173,0.507847905,0.125103995
37,1.7894211499010402e-07,2.51554963562385e-07,1.7894211499010402e-07,0.22816551033263407,114.57696637755166,0.498355418,0.124453694
36,1.850948699394664e-07,2.567553345518552e-07,1.850948699394664e-07,0.2309543665695794,112.60408684818279,0.502054811,0.124463558
36,1.8579272462470465e-07,2.548740079501965e-07,1.8579272462470465e-07,0.230146308549945,110.22296503757475,0.496292502,0.124340869
38,1.8417687885975192e-07,3.0031059502754234e-07,1.8417687885975192e-07,0.23696977271620023,146.60066223967203,0.579148054,0.125114724
38,1.8140420654504758e-07,2.901367418775405e-07,1.8140420654504758e-07,0.2351325701868756,141.55866164568977,0.56279701,0.125142902
37,1.826688408407574e-07,2.851384892039003e-07,1.826688408407574e-07,0.23631859979568007,137.05802767587042,0.549889266,0.125053242
37,1.8945526698515116e-07,3.1350865336505764e-07,1.8945526698515116e-07,0.23935409945379382,150.0105781014338,0.59443295,0.125154465
39,1.73698149232336e-07,2.622446612951615e-07,1.73698149232336e-07,0.23153111529127743,130.04515392792138,0.528513372,0.124785461
37,1.7869834547050408e-07,2.7337454175577904e-07,1.7869834547050408e-07,0.23422015603466412,132.8067041620174,0.537279785,0.124781281
57,3.0377568161847265e-06,5.323770867106001e-06,3.0377568161847265e-06,0.842831762465572,192.67111423896222,2.13164663,0.13020961
52,1.6997546549532988e-06,2.9910417316536105e-06,1.6997546549532988e-06,0.5981794111133488,173.404854554133,1.86775613,0.12991564
52,1.1674981698041075e-06,2.094252383961878e-06,1.1674981698041075e-06,0.46862503068941397,161.15950823034512,1.79038405,0.127474263
51,9.31294944346574e-07,1.7254061407120486e-06,9.31294944346574e-07,0.40489742865753553,155.59352578370266,1.78132129,0.126730829
50,8.111830995503541e-07,1.511906176516065e-06,8.111830995503541e-07,0.36672692656516154,151.32178111967636,1.59395349,0.12587069
47,8.826791040931961e-07,1.6331463591608844e-06,8.826791040931961e-07,0.3856998634776862,152.17509469714474,1.69169807,0.126328036
45,8.587208744785264e-07,1.5856081519609912e-06,8.587208744785264e-07,0.36694902254288553,151.14165497262462,1.48562145,0.125546873
45,1.0897179255159225e-06,1.9476400521380285e-06,1.0897179255159225e-06,0.39676656698840174,147.6132802705236,1.49736702,0.125451252
44,1.7848467122514609e-06,3.1971421344282006e-06,1.7848467122514609e-06,0.4611842239698402,144.51474905064143,1.69170785,0.125358269
43,3.1263606960725848e-06,5.6623694337921365e-06,3.1263606960725848e-06,0.5486468483575557,141.80017193589927,2.24005532,0.125204295
47,7.960227564817733e-06,1.4180546396804654e-05,7.960227564817733e-06,0.7760830845368346,142.99110202121307,2.74609375,0.12507008
38,2.6820870947837453e-07,3.6999398910632864e-07,2.6820870947837453e-07,0.26981796328885993,110.91517559315534,0.542627454,0.125167444
36,2.657805531480319e-07,3.6277172278492755e-07,2.657805531480319e-07,0.26837232147939943,109.38865365801536,0.55955565,0.12508674
37,2.475373880615735e-07,3.322000548479471e-07,2.475373880615735e-07,0.26159229826567193,107.94404998051833,0.536941767,0.12461362
37,2.645090239198861e-07,3.5956948099564917e-07,2.645090239198861e-07,0.2661348174338432,108.31389389652465,0.53894037,0.12499506
37,2.6605485787612315e-07,3.602433178839917e-07,2.6605485787612315e-07,0.2658589094505706,107.01309957408688,0.539888442,0.125049651
37,2.7251091165130155e-07,3.688261860135293e-07,2.7251091165130155e-07,0.26726450797751916,106.71438838161563,0.535808027,0.125298232
38,2.9321616947772595e-07,4.041238357767121e-07,2.9321616947772595e-07,0.27447639337502094,108.26469001416909,0.532214105,0.125284538
38,2.7285472281238415e-07,3.7085434407288136e-07,2.7285472281238415e-07,0.2668807267596828,106.67679317594053,0.524816513,0.125414193
37,3.0692464542749426e-07,4.2657170900692666e-07,3.0692464542749426e-07,0.2778386058963994,108.61522103753227,0.531312704,0.125593528
37,2.259867536650865e-07,3.001686810502131e-07,2.259867536650865e-07,0.25115062636394425,106.22579610966181,0.530451298,0.124654122
36,2.277321604447993e-07,3.012883183579882e-07,2.277321604447993e-07,0.24988436221029448,104.49646477495138,0.514857054,0.124829844
36,2.3660009438142797e-07,3.131547899716339e-07,2.3660009438142797e-07,0.2541054634519712,104.81018612809419,0.51723671,0.124869779
38,3.6066448925010425e-07,5.18004824780429e-07,3.6066448925010425e-07,0.2946311417110209,112.70525582452636,0.63276726,0.125412285
37,3.202782269172818e-07,4.4947902191331287e-07,3.202782269172818e-07,0.2814829787747182,109.57730011967458,0.547413766,0.125252038
45,1.4989810501149926e-05,2.591686935227017e-05,1.4989810501149926e-05,1.027440492306668,143.31894826619643,3.88090086,0.125184074
38,3.851662508650009e-07,5.569250909750081e-07,3.851662508650009e-07,0.30033247858815837,113.02614544841296,0.624066174,0.124997154
39,4.213250464116541e-07,6.153976232887104e-07,4.213250464116541e-07,0.30802111008108995,113.79133870959876,0.705200613,0.124930374
39,4.252368976378829e-07,6.233476289589439e-07,4.252368976378829e-07,0.3071096957999601,113.56959745567904,0.672644615,0.125328332
40,3.367911275677816e-06,5.793744182893908e-06,3.367911275677816e-06,0.578963632080117,127.34274998122333,2.11852741,0.125183597
42,5.7910301118181175e-06,1.013253175283352e-05,5.7910301118181175e-06,0.693468047083523,130.71280940307798,2.78684092,0.12506029
46,2.0714312336231587e-05,3.771918488296268e-05,2.0714312336231587e-05,1.0873352215110306,138.8431006385329,4.8752017,0.125107616
39,1.6628863580227296e-06,2.734043317000601e-06,1.6628863580227296e-06,0.46505577072023235,122.45460523954304,1.48639679,0.125048503
39,6.558323407677353e-07,9.951876649365495e-07,6.558323407677353e-07,0.350542312476919,116.37107063844977,0.80645448,0.124876752
40,9.693713580062817e-07,1.5217419360053084e-06,9.693713580062817e-07,0.39378797917200115,118.44086437446394,1.11269593,0.124872878
38,4.376514480339678e-07,6.431071545392325e-07,4.376514480339678e-07,0.30755876943110494,112.60750643082027,0.675751209,0.125420824
39,4.587365014043998e-07,6.796278248119962e-07,4.587365014043998e-07,0.31066949983236825,112.9154986677953,0.724015474,0.125223622
37,2.0391855208906507e-07,2.7150726794233216e-07,2.0391855208906507e-07,0.23861375804889295,105.81114762967003,0.501533091,0.124737151
37,2.1534377064914576e-07,2.8508993885985635e-07,2.1534377064914576e-07,0.2419797442422242,103.8362295031518,0.507318199,0.124632813
37,2.2074297344923294e-07,2.9199538510882267e-07,2.2074297344923294e-07,0.2454913081613619,104.10719899011508,0.5068205,0.124818802
56,3.5524065182080328e-06,6.676391953417354e-06,3.5524065182080328e-06,0.6647148493209121,212.14985069983427,1.91989577,0.126827061
61,5.977958447722337e-06,1.0796962554054642e-05,5.977958447722337e-06,0.9588474962018536,226.4741685311321,2.23353028,0.128576353
58,4.801444435588521e-06,8.869281275956771e-06,4.801444435588521e-06,0.7849221948702148,215.56692866398177,2.07209444,0.127699822
120,0.00010931800397550955,0.00028487215577031145,0.00010931800397550955,4.289008182927426,372.56127933206847,31.0983906,0.124693021
77,1.0974760600395436e-05,1.868890626029825e-05,1.0974760600395436e-05,1.6545329856687847,260.3714980244645,3.03455997,0.129889861
86,1.48974903535699e-05,2.5700468024524824e-05,1.48974903535699e-05,2.2072221046664096,300.8879731382323,3.94431138,0.130704567
51,3.916884351763752e-05,8.658068800899658e-05,3.916884351763752e-05,1.3527009938761365,211.39386440143858,8.73825645,0.125362977
44,6.51400060425894e-06,1.2774745561773418e-05,6.51400060425894e-06,0.7598960575528474,202.0544476090585,3.11104894,0.125102207
43,3.838150194935135e-06,7.4401535839472134e-06,3.838150194935135e-06,0.6310393492449472,197.8242772616599,2.28007221,0.125117585
43,1.952622900453364e-06,3.6931703650643237e-06,1.952622900453364e-06,0.5045075498120225,192.7992880396353,1.61801624,0.125097692
43,3.2759547008070496e-07,5.966106083253271e-07,3.2759547008070496e-07,0.28419154578114814,179.83262595220094,0.823269427,0.124857686
44,2.738819372359917e-07,5.052609297023844e-07,2.738819372359917e-07,0.2618916080771515,175.02674639101286,0.788096905,0.124909796
41,3.030076544384664e-07,5.616723578724266e-07,3.030076544384664e-07,0.26963159568727796,175.46445145425128,0.829002619,0.124849848
41,2.5997209052002315e-07,4.764092260850464e-07,2.5997209052002315e-07,0.25734173628438606,171.6161912190726,0.762949049,0.124940462
40,2.3977016318173716e-07,4.3261922126086894e-07,2.3977016318173716e-07,0.25270453430722956,168.34672085727385,0.733170748,0.124899566
43,8.403202864936905e-07,1.5255478706192383e-06,8.403202864936905e-07,0.38859882926757383,187.17438336421512,1.04439926,0.124909595
43,5.446283045960401e-07,9.88936173233792e-07,5.446283045960401e-07,0.3369954884240777,183.67614312499376,0.957131565,0.124946639
42,4.090083817617145e-07,7.524104474794577e-07,4.090083817617145e-07,0.3032121980528781,181.01491094849106,0.928224802,0.125102952
39,2.1933941998719455e-07,3.84346900241074e-07,2.1933941998719455e-07,0.2470302496119231,161.84679138981667,0.66953969,0.124610864
39,2.3632196960978602e-07,4.2100470528393915e-07,2.3632196960978602e-07,0.2505704411585583,164.3890352892485,0.707048178,0.124766313
38,2.0500592148530867e-07,3.538511983950302e-07,2.0500592148530867e-07,0.24276728984463958,158.2716972455097,0.640910268,0.124819659
39,2.0185663930285125e-07,3.459438412615706e-07,2.0185663930285125e-07,0.24298969561525163,157.14092288338878,0.630484939,0.124873318
39,1.9415973534627393e-07,3.2697305221572826e-07,1.9415973534627393e-07,0.23996625142971,152.21527019891087,0.613942504,0.124898367
57,3.371387391584232e-05,8.63889362896413e-05,3.371387391584232e-05,1.3485029487510285,219.73673913574032,17.3657131,0.125411227
52,2.902712931010132e-05,6.081832537804007e-05,2.902712931010132e-05,1.2618932621254952,210.68880680717467,7.35031223,0.125302017
56,4.271386535396643e-06,8.13720792547589e-06,4.271386535396643e-06,0.6781308655081897,208.26544952495874,2.0909915,0.125784218
54,4.137944595141846e-06,7.79646285032919e-06,4.137944595141846e-06,0.6968989972795842,211.18439281208683,2.00617313,0.126643151
52,4.792943859585212e-06,9.149985894244142e-06,4.792943859585212e-06,0.6968833442069856,207.0603216626837,2.19740152,0.125613168
51,6.361622227383814e-06,1.212582128590754e-05,6.361622227383814e-06,0.7723899326310621,207.19917430994684,2.45364356,0.125721157
52,9.59481245986531e-06,1.8425462712352514e-05,9.59481245986531e-06,0.9050260012965632,208.77446015117266,4.32547188,0.125595182
36,1.9805544393676243e-07,2.657305177884165e-07,1.9805544393676243e-07,0.23451457608042073,106.12754855311388,0.499387354,0.124868572
37,1.9199288595952215e-07,2.5911656096477987e-07,1.9199288595952215e-07,0.23153299515255557,106.95856996950216,0.502715409,0.124692522
36,1.8975043482740608e-07,2.5861796742663637e-07,1.8975043482740608e-07,0.22952953649291674,107.81989423218376,0.500572205,0.124711804
37,2.016964637487961e-07,2.6884884564401336e-07,2.016964637487961e-07,0.23709857523546807,105.83420963165796,0.506999671,0.12486206
36,1.8007040960407592e-07,2.6735531104724635e-07,1.8007040960407592e-07,0.23115222878906502,124.6389594100071,0.522840858,0.124900527
37,1.794523297522261e-07,2.630069350274867e-07,1.794523297522261e-07,0.228199351111428,121.08638008130423,0.514236271,0.124838337
35,1.8466175921568425e-07,2.671445850424285e-07,1.8466175921568425e-07,0.22867699314642237,117.50420144938525,0.513534844,0.124920025
38,1.7922037379657394e-07,2.5178907504122577e-07,1.7922037379657394e-07,0.22649559268935993,113.28456676148035,0.500588417,0.124590553
37,1.8112166911327071e-07,2.5910413310280814e-07,1.8112166911327071e-07,0.22612314808772238,115.18410412746867,0.509672761,0.124921657
37,1.8086889676316144e-07,2.5519834192483803e-07,1.8086889676316144e-07,0.22700608726534738,113.88187489006374,0.500591815,0.124702223
37,1.845241985791888e-07,2.564156014001909e-07,1.845241985791888e-07,0.22776457291275984,111.12073809308183,0.496585757,0.124368228
37,1.8568722968378497e-07,2.551515570374493e-07,1.8568722968378497e-07,0.22805477213480496,109.44591383588758,0.497707218,0.124589272
39,1.854827747407407e-07,3.020246845473803e-07,1.854827747407407e-07,0.23553794252647584,144.7178620289799,0.580360174,0.125389338
38,1.846537110285839e-07,2.9265038821785396e-07,1.846537110285839e-07,0.23685360347828194,139.77983623960165,0.563497245,0.125174597
39,1.805875711670876e-07,2.8136403863045526e-07,1.805875711670876e-07,0.23366180231848346,134.74524892873012,0.551349103,0.124924764
39,1.9461983015461845e-07,3.255572790486761e-07,1.9461983015461845e-07,0.23895907411012474,150.44549193288847,0.609511018,0.124921627
40,1.9155509810553296e-07,3.151769929628516e-07,1.9155509810553296e-07,0.2385147966821302,146.71446034051294,0.592711031,0.125251547
37,1.8106465774245864e-07,2.7289774070369885e-07,1.8106465774245864e-07,0.23191416320917638,127.36533847159734,0.5311988,0.124739498
37,1.801725872472957e-07,2.7563849581989575e-07,1.801725872472957e-07,0.23329021645531706,131.5563168425394,0.538343489,0.124707721
55,2.239573013868644e-06,3.9358669657538434e-06,2.239573013868644e-06,0.6782692830178987,175.4515634746246,1.97582877,0.129994109
67,6.6525670842414595e-06,1.1924172729009613e-05,6.6525670842414595e-06,1.2102444781218027,213.93816010806677,3.10444808,0.126176342
49,1.5225458833780244e-06,2.6911749780928245e-06,1.5225458833780244e-06,0.5388226319494337,164.13032633421668,1.90989268,0.127105504
50,1.1853324799198688e-06,2.104085954556557e-06,1.1853324799198688e-06,0.4552493022056081,155.48005232038605,1.81828701,0.127028108
48,1.0580334164489926e-06,1.8967489712569359e-06,1.0580334164489926e-06,0.420667719585273,150.3379867878502,1.81575,0.126453936
47,9.83322806800875e-07,1.792485542527417e-06,9.83322806800875e-07,0.38522224758350054,147.88076078617695,1.60528731,0.125582635
49,9.980076834795977e-07,1.815218704470431e-06,9.980076834795977e-07,0.3962407722484006,147.55964365163203,1.71104276,0.125825286
45,1.4484143983841418e-06,2.5686390321405503e-06,1.4484143983841418e-06,0.4354479993923738,144.52693083429074,1.50474322,0.125347182
44,2.028774595191375e-06,3.6150573083761615e-06,2.028774595191375e-06,0.47976239357362266,141.72094576628407,1.74181449,0.125447109
43,4.052797168699051e-06,7.254824995357606e-06,4.052797168699051e-06,0.6029836460784348,139.7687696643847,2.24784565,0.12538521
45,6.047663153905883e-06,1.078641491091484e-05,6.047663153905883e-06,0.6932258068105391,138.20612988664172,2.55615687,0.125501648
38,2.4809347551730764e-07,3.3346918654696734e-07,2.4809347551730764e-07,0.260566738793223,107.58622203643968,0.545360506,0.124555454
37,2.473575842028019e-07,3.3033895189025866e-07,2.473575842028019e-07,0.2587835177461753,105.80559303233306,0.540390551,0.124469221
38,2.478610892310332e-07,3.32010798827349e-07,2.478610892310332e-07,0.25820471010958723,105.73713834694954,0.528757989,0.124695018
38,2.544240816242523e-07,3.4016146117229206e-07,2.544240816242523e-07,0.25904995124212093,104.5439580544456,0.531651378,0.124922641
39,2.609650078195632e-07,3.514463752858946e-07,2.609650078195632e-07,0.2611789070811318,105.1319864198735,0.529355824,0.125279784
38,2.8231527223039794e-07,3.8546872910967533e-07,2.8231527223039794e-07,0.26847441268212346,106.0527924407125,0.52953887,0.125510544
38,2.6641610398469695e-07,3.6137012123068204e-07,2.6641610398469695e-07,0.2616859211453003,105.15805808815526,0.530404568,0.125552416
37,2.956489614936889e-07,4.0817426463079856e-07,2.956489614936889e-07,0.27145962098209,106.56293060357498,0.540085852,0.125633925
38,2.2464900196983893e-07,2.9681399188946945e-07,2.2464900196983893e-07,0.24624338067459664,103.37991898338188,0.516052306,0.125125498
36,2.3196223513443805e-07,3.0660008684042053e-07,2.3196223513443805e-07,0.24817737492519157,102.57628980379874,0.511108935,0.125223532
38,3.3359254589199047e-07,4.717121785222368e-07,3.3359254589199047e-07,0.2853635449032682,110.36815486794511,0.562865138,0.125197768
40,3.1013274707290666e-07,4.335134604249447e-07,3.1013274707290666e-07,0.27519742105150874,107.6177810637576,0.560539007,0.125292763
62,4.937281636338717e-05,0.00010923254839900167,4.937281636338717e-05,1.5890400670819012,156.62623101243852,15.1765537,0.125207826
47,1.0560706934273297e-05,1.8409703929892457e-05,1.0560706934273297e-05,0.8678920438128715,137.51689757442125,2.89207554,0.125475794
58,0.00012679311663017418,0.0002942492003030871,0.00012679311663017418,1.7594104016305971,146.00203287383803,23.0864944,0.12517634
38,3.4503130844448736e-07,4.911652108029351e-07,3.4503130844448736e-07,0.28716414371433985,110.45535477516762,0.582711041,0.12501663
39,3.666396196400987e-07,5.291306418339882e-07,3.666396196400987e-07,0.29122838213316316,110.90845881177829,0.644621968,0.124970742
38,3.702480022168469e-07,5.353463109780566e-07,3.702480022168469e-07,0.2891366672078164,109.98072032006493,0.65386796,0.125397623
39,3.1347805351673337e-06,5.340995049047448e-06,3.1347805351673337e-06,0.5666086745353464,125.46551791554295,2.09000754,0.125030369
42,5.5484576773046845e-06,9.662447848833303e-06,5.5484576773046845e-06,0.6833118135352347,128.80792500947038,2.84349608,0.124982044
43,8.192874314656058e-06,1.4343933048528054e-05,8.192874314656058e-06,0.7877953891585835,130.5487070832911,3.17762017,0.125143081
39,1.4704328566603076e-06,2.3851494711232444e-06,1.4704328566603076e-06,0.4446601689157972,120.1155140053043,1.42234838,0.125039369
37,6.388555739283658e-07,9.632935214141206e-07,6.388555739283658e-07,0.34652732946061476,114.82168390153453,0.808239996,0.124785759
40,7.263272357406267e-07,1.1074758940069512e-06,7.263272357406267e-07,0.3573224828165681,115.1698509873881,0.839189112,0.12501502
37,3.7450095039497954e-07,5.42929945082792e-07,3.7450095039497954e-07,0.28929545277369356,109.70403699698308,0.673244357,0.125413463
39,4.275499870902995e-07,6.306930258887269e-07,4.275499870902995e-07,0.30059034736060913,111.17726506852763,0.712169111,0.125560954
38,2.0344285083775898e-07,2.7049937864245227e-07,2.0344285083775898e-07,0.23580898140129167,104.14181453770688,0.50332284,0.124865159
36,2.116864501339322e-07,2.8004215427075714e-07,2.116864501339322e-07,0.23768490660839636,102.10858726818357,0.497518361,0.124721877
36,2.1515445308952908e-07,2.83748637987093e-07,2.1515445308952908e-07,0.24063156971764488,102.44493969368393,0.503918707,0.12504594
37,2.201262937707463e-07,2.904814770012964e-07,2.201262937707463e-07,0.2432896673775588,102.84330642865946,0.514449298,0.125102654
61,6.524095182126829e-06,1.1713799132976285e-05,6.524095182126829e-06,0.9823836390283962,225.26120266907287,2.23805189,0.128577635
62,5.6397123799192346e-06,1.0319619878950425e-05,5.6397123799192346e-06,0.8429310053375821,216.07939279069132,2.08468103,0.12736398
57,4.765834885773723e-06,8.930980443446458e-06,4.765834885773723e-06,0.7368500646404462,210.73022797805882,2.06427932,0.126575455
105,3.296628285933891e-05,6.014328668394177e-05,3.296628285933891e-05,3.578069163270952,356.6987255105577,6.98321056,0.125274286
67,1.002935222507336e-05,1.731500198371864e-05,1.002935222507336e-05,1.3327825932368242,243.2162542940247,2.68593335,0.129857317
85,1.451236433473714e-05,2.520484801538346e-05,1.451236433473714e-05,2.0753615094143685,291.78988202089283,3.9292345,0.13004078
46,1.0441254599562287e-05,2.0371330800940004e-05,1.0441254599562287e-05,0.9049061062828887,204.31696260096243,3.42325711,0.125173137
45,5.096194890658892e-06,9.897295474116124e-06,5.096194890658892e-06,0.6952773383296937,198.39084053282616,2.57984138,0.125080526
44,2.659367004301213e-06,5.09798478320888e-06,2.659367004301213e-06,0.5565229641118921,194.45759934574605,1.87498307,0.12523599
43,1.7247177053747572e-06,3.2242103378463126e-06,1.7247177053747572e-06,0.48699658889013553,191.0009623950601,1.53234065,0.125128701
42,3.444619737443709e-07,6.352277348214542e-07,3.444619737443709e-07,0.28492103765599985,178.8899516487181,0.868524373,0.124848686
41,2.731174477482209e-07,5.071109542105213e-07,2.731174477482209e-07,0.2582800322470468,172.01438193294854,0.802051067,0.125113636
41,3.0418269023197684e-07,5.688536241779185e-07,3.0418269023197684e-07,0.2670662486399015,174.66067962966665,0.847792149,0.124798194
41,2.575348172595205e-07,4.7235313420211085e-07,2.575348172595205e-07,0.2539414771109625,168.16196917035708,0.772771776,0.125003844
40,2.4508564877492744e-07,4.427182499841388e-07,2.4508564877492744e-07,0.2527136822224098,166.55633608121457,0.730323076,0.125101566
43,9.958715992672695e-07,1.8100695064158957e-06,9.958715992672695e-07,0.41169044792029164,187.14966515334987,1.12187958,0.125062436
41,4.514632896622097e-07,8.327253189905316e-07,4.514632896622097e-07,0.3122370486367152,181.16166656394316,0.984324932,0.125022992
42,6.79723878215164e-07,1.2287001275653624e-06,6.79723878215164e-07,0.3634209100266855,184.31307576974882,1.0428375,0.124982655
43,3.85827668349481e-07,7.151619549959137e-07,3.85827668349481e-07,0.29372762779724687,179.5914762587916,0.910640478,0.124981023
43,3.70371924085835e-07,6.982178992924016e-07,3.70371924085835e-07,0.28508554226280747,177.68198036038143,0.926465452,0.124893591
38,2.246383105726995e-07,3.9403135234669055e-07,2.246383105726995e-07,0.24748310445667,160.9445011171429,0.677302897,0.124712572
39,2.130814903662347e-07,3.667430834760709e-07,2.130814903662347e-07,0.2450686797522961,156.67285024421727,0.656003058,0.125215828
40,2.345020583027764e-07,4.16868340773797e-07,2.345020583027764e-07,0.24786608339293845,161.11877636190508,0.703029692,0.125067532
39,2.0449719861060386e-07,3.5055597202263636e-07,2.0449719861060386e-07,0.24104227664008204,155.13589970958924,0.632935703,0.125158057
37,2.03924490546515e-07,3.4468803835884315e-07,2.03924490546515e-07,0.2429901019621965,152.42831703520895,0.627517939,0.125031576
38,0.00030335742201425457,0.0016487560831856907,0.00030335742201425457,0.4908182437273917,176.1607975567166,87.6139755,0.125445396
60,4.869477082316805e-05,0.00010845131221350883,4.869477082316805e-05,1.4388055640911788,211.50538676617975,10.1178818,0.125296131
56,5.153842007480168e-06,9.774411600735296e-06,5.153842007480168e-06,0.7300953784312755,208.2691668170357,2.22796488,0.125793323
58,6.1232277420260684e-06,1.1588469549615486e-05,6.1232277420260684e-06,0.7763852266889038,207.82735203930352,2.42806602,0.125881463
53,7.301056201277972e-06,1.3847882314862205e-05,7.301056201277972e-06,0.8196169439578276,207.52177171865102,2.53383231,0.125819936
54,1.1740234911368575e-05,2.2446351446179906e-05,1.1740234911368575e-05,0.9846042077708128,209.2781685502883,5.44140768,0.125558838
36,1.985651025839203e-07,2.6635562689686726e-07,1.985651025839203e-07,0.23210760481549067,104.48700662015382,0.503030181,0.124790445
35,1.959946819208946e-07,2.643297408671642e-07,1.959946819208946e-07,0.2315605483930747,105.7903018844002,0.501659393,0.124804132
36,1.9207175445008904e-07,2.6082937881095893e-07,1.9207175445008904e-07,0.2289112582609549,106.28534940362238,0.499563277,0.124978237
36,1.893100537313213e-07,2.597696443234495e-07,1.893100537313213e-07,0.22744121832550757,107.6214621045691,0.499642849,0.124888845
36,2.041035330330919e-07,2.715374081205368e-07,2.041035330330919e-07,0.23500431794022733,103.4476451777708,0.500411212,0.124922037
36,1.8155336352595958e-07,2.710326495133036e-07,1.8155336352595958e-07,0.22970165383944122,123.79003332642935,0.524175167,0.124887347
36,1.8108704566980003e-07,2.6827258972154796e-07,1.8108704566980003e-07,0.22885679804547837,122.28752366811507,0.52388829,0.124879055
37,1.8410367745557284e-07,2.7004533501758295e-07,1.8410367745557284e-07,0.2279065629315587,119.23163822117823,0.523144484,0.124740474
36,1.8367676978521142e-07,2.6559243649573724e-07,1.8367676978521142e-07,0.22645506433669763,116.38924084037443,0.515618205,0.12462879
38,1.8149798774876586e-07,2.548499814295685e-07,1.8149798774876586e-07,0.2257309179890575,112.25589887880882,0.504017115,0.124489807
35,1.8841873540312639e-07,2.682626370637967e-07,1.8841873540312639e-07,0.22689691987104385,113.06950085266475,0.511231184,0.124643393
38,1.822864886301935e-07,2.537139698149512e-07,1.822864886301935e-07,0.22375803810336015,109.51442901294949,0.502642989,0.12466073
36,1.8758662590144726e-07,2.597653076745542e-07,1.8758662590144726e-07,0.22482686188256187,107.87247912435284,0.501369834,0.124664202
38,1.90919395764071e-07,3.0815044899557966e-07,1.90919395764071e-07,0.23718160625313492,141.8101199343095,0.576263368,0.125115559
39,1.877724184702738e-07,3.023661915819752e-07,1.877724184702738e-07,0.2346657387269124,140.11252301103505,0.570845664,0.124994606
39,1.8707230832943523e-07,2.9542978035714015e-07,1.8707230832943523e-07,0.23514643701905893,136.9212335037084,0.565180779,0.124920987
39,1.8332864022274556e-07,2.844390265415772e-07,1.8332864022274556e-07,0.23304822948404066,132.83279704121557,0.551552832,0.124885403
38,2.0229618902167856e-07,3.369794644187181e-07,2.0229618902167856e-07,0.24025061486434118,147.5006523553802,0.612415075,0.124871023
39,1.9478401460272213e-07,3.211348741608344e-07,1.9478401460272213e-07,0.23656873252482727,144.08951297295414,0.600304902,0.124869406
38,1.827460372017632e-07,2.7750316431355575e-07,1.827460372017632e-07,0.2313091958960667,127.81810699345625,0.540401995,0.124676898
63,3.943756125479995e-06,7.089519353215824e-06,3.943756125479995e-06,0.88931913439045,186.84760813252888,2.50647283,0.125739709
51,1.5068147135291817e-06,2.6580495824064406e-06,1.5068147135291817e-06,0.5112095837400239,157.54366515186067,1.89260268,0.128909081
56,2.2844627168707407e-06,3.97779983840821e-06,2.2844627168707407e-06,0.6601787354440904,167.5660078010422,2.09647536,0.128973976
47,1.2902180419808841e-06,2.272595590921074e-06,1.2902180419808841e-06,0.46342998384019457,152.13523130908027,1.87999058,0.127553359
49,1.18738148217502e-06,2.114893426726302e-06,1.18738148217502e-06,0.43300657947181503,148.03493604584622,1.82738674,0.126602426
46,1.1768724778766976e-06,2.113163989892904e-06,1.1768724778766976e-06,0.4074649260527356,145.55300605461954,1.59774685,0.125583783
47,1.1965656303904269e-06,2.149580584895517e-06,1.1965656303904269e-06,0.4117654536689427,144.46072368286065,1.61536717,0.125840157
49,1.237110404577719e-06,2.204390294537581e-06,1.237110404577719e-06,0.4232199281141028,144.2224504425028,1.72143245,0.125735909
44,2.096610256896111e-06,3.745786955852556e-06,2.096610256896111e-06,0.4834826024250012,139.78138222826342,1.76994157,0.125461608
47,3.3184970253109286e-06,5.950330168340443e-06,3.3184970253109286e-06,0.5597415037098766,137.40441408802212,2.15863776,0.125626341
45,5.37885996245451e-06,9.499711471319859e-06,5.37885996245451e-06,0.664743358775023,135.1601995714467,2.38755751,0.125626922
38,2.3897797361012656e-07,3.168170574320635e-07,2.3897797361012656e-07,0.2525907803669287,103.62998111710148,0.527054548,0.125101566
37,2.4377806025108045e-07,3.2415969670764734e-07,2.4377806025108045e-07,0.2546543561814707,104.06245953120813,0.520028889,0.125157133
38,2.4878702031845255e-07,3.309679253004454e-07,2.4878702031845255e-07,0.2540337135499537,102.59759768275933,0.524483025,0.125396073
38,2.5155000050743944e-07,3.3588169440894747e-07,2.5155000050743944e-07,0.25503443921779523,102.97470577329733,0.526282609,0.124940425
37,2.599330849955575e-07,3.4946479851746e-07,2.599330849955575e-07,0.256148359340567,102.46412937678424,0.530240357,0.125220552
38,2.768233133483565e-07,3.7848052335319165e-07,2.768233133483565e-07,0.2631445029547999,104.66414438385213,0.532519698,0.125829846
38,2.6235070473883934e-07,3.558472076426707e-07,2.6235070473883934e-07,0.2562388546212844,103.12457872864756,0.532705367,0.125680938
38,2.849190692710234e-07,3.9315108030175395e-07,2.849190692710234e-07,0.26362019272448034,104.4923991698387,0.550965667,0.125549749
37,2.283531876731481e-07,3.0144142472928045e-07,2.283531876731481e-07,0.2455737868178855,101.86117517267306,0.516830802,0.125165686
37,2.2183175760040455e-07,2.919709853284429e-07,2.2183175760040455e-07,0.24259672445950156,101.68400596993257,0.5038504,0.125186116
35,2.3551728734416506e-07,3.100847689824324e-07,2.3551728734416506e-07,0.24820144785915874,101.10242628184555,0.503953934,0.125048175
37,3.0152530309937235e-07,4.202218528923675e-07,3.0152530309937235e-07,0.2686667123072259,105.16287717710186,0.57116729,0.125137374
38,3.1761727497653e-07,4.4768198781288027e-07,3.1761727497653e-07,0.2736921551442366,106.55729514261903,0.590683877,0.124919064
36,0.0005642301002464928,0.002290246754571705,0.0005642301002464928,0.6307875674176008,104.71033792270413,83.4984131,0.125352398
48,1.0370461858296724e-05,1.8016786911656064e-05,1.0370461858296724e-05,0.8609266111906081,135.9350595060903,2.80821848,0.125531659
50,7.815576581742817e-06,1.356901005858035e-05,7.815576581742817e-06,0.7740051672172864,133.71934793697093,2.57175446,0.12550278
47,1.939624735568777e-05,3.545084451230688e-05,1.939624735568777e-05,1.0568860122848764,134.9310282004894,5.20207357,0.125289857
40,3.293748899025175e-07,4.722994311766955e-07,3.293748899025175e-07,0.27609049290387727,108.4296129670303,0.617691457,0.125116214
41,2.827869446530191e-06,4.770841278212783e-06,2.827869446530191e-06,0.5456146810680104,123.45154946667124,2.03143477,0.125052616
41,4.246164462430753e-06,7.233827481149746e-06,4.246164462430753e-06,0.6268211464075171,124.79461837856817,2.49624968,0.125162572
40,1.4533972094071995e-06,2.349471133274405e-06,1.4533972094071995e-06,0.44072233988079895,118.87320174913113,1.35747445,0.125096858
38,4.914045046000374e-07,7.323839247308412e-07,4.914045046000374e-07,0.3138974314717907,111.96557694564572,0.756926775,0.125042498
39,6.045276253137876e-07,9.124416114589326e-07,6.045276253137876e-07,0.3347916169403449,113.07490612055231,0.820038736,0.12515229
39,9.060800456407118e-07,1.3907686990735804e-06,9.060800456407118e-07,0.38222610101046384,115.04495581109838,0.947902143,0.125026658
39,3.4807410163418216e-07,5.049004050865359e-07,3.4807410163418216e-07,0.27726112286132365,107.92434820094932,0.673403203,0.125322878
39,3.3540482354573875e-07,4.8417057074154e-07,3.3540482354573875e-07,0.2741975835515922,107.38715399200915,0.646004915,0.125351086
39,3.89413220546494e-07,5.758817761299657e-07,3.89413220546494e-07,0.2859368931124628,108.94091746390953,0.721617877,0.125302181
37,2.049855583000804e-07,2.717641916724587e-07,2.049855583000804e-07,0.23366104693903914,102.1052439356705,0.503382266,0.125010282
36,2.1235462262541244e-07,2.803782257300983e-07,2.1235462262541244e-07,0.23666368050278794,101.11538310715429,0.49945423,0.124856867
38,2.1529837670897247e-07,2.8359145713360177e-07,2.1529837670897247e-07,0.237189426070091,100.45279775291289,0.506572664,0.124795534
38,2.1894898735765123e-07,2.8846137831567536e-07,2.1894898735765123e-07,0.23948020366455514,100.81817935607035,0.509370208,0.125202388
59,7.047020826000293e-06,1.2634415020142738e-05,7.047020826000293e-06,0.9820352286546644,222.00612349266086,2.24587727,0.128321737
58,5.7947998311153395e-06,1.07877132697126e-05,5.7947998311153395e-06,0.8030942714201991,211.56397362018126,2.22919631,0.126534343
111,3.0468537767024945e-05,5.490214182265566e-05,3.0468537767024945e-05,3.2483976572236237,334.3818050773502,5.60620022,0.123307846
151,0.0004558098352564638,0.001152776985843336,0.0004558098352564638,5.533803558856069,371.7828326841701,23.739687,0.122631043
70,1.0394808264319743e-05,1.7762346511526406e-05,1.0394808264319743e-05,1.354914132990088,242.7039090830577,2.6190176,0.129287273
45,7.098667637364267e-06,1.3762518573846556e-05,7.098667637364267e-06,0.785685318305085,200.74736486311087,2.98784161,0.125142515
45,4.040417691674443e-06,7.812819974446258e-06,4.040417691674443e-06,0.6406328597120861,195.85994262422136,2.32744694,0.125011578
45,2.0272564875386552e-06,3.824171255946525e-06,2.0272564875386552e-06,0.5112130046428196,191.53948641101803,1.68374848,0.125094905
40,2.8992795928272696e-07,5.363566475075454e-07,2.8992795928272696e-07,0.2636279302748265,171.51181870657211,0.821953773,0.124936871
42,3.322684986303131e-07,6.262111159275269e-07,3.322684986303131e-07,0.27392449740409563,175.19729699718772,0.875955224,0.124741837
41,3.1360502562351193e-07,5.898648073027451e-07,3.1360502562351193e-07,0.26508480185220445,172.05790133250807,0.854181528,0.124737635
39,2.623031566052465e-07,4.790498531681896e-07,2.623031566052465e-07,0.25429697738396995,165.7893183711973,0.768554449,0.124917828
40,2.7929066623845697e-07,5.151659868772707e-07,2.7929066623845697e-07,0.25864232262346687,168.3867086284054,0.798147202,0.12493442
39,2.4796374189642574e-07,4.473602757620399e-07,2.4796374189642574e-07,0.25055810879489965,162.96489598370226,0.738238215,0.124864802
44,1.064896581143272e-06,1.9475439059268835e-06,1.064896581143272e-06,0.41747936245223255,186.91201368071648,1.17432249,0.125236824
43,1.805747514077851e-06,3.3680870260846666e-06,1.805747514077851e-06,0.4944447471516587,189.85342184344287,1.58273864,0.125089809
42,4.456209829154473e-07,8.309868430014975e-07,4.456209829154473e-07,0.30734513960763377,179.8556604321824,0.978814185,0.124923564
43,7.067116557271383e-07,1.2909324584151808e-06,7.067116557271383e-07,0.3642753291117458,183.86938434781592,1.12888491,0.125093445
42,3.6855198716499896e-07,6.992074024799785e-07,3.6855198716499896e-07,0.2824742051761773,176.5093947972341,0.929395199,0.124927342
39,2.2344813946299878e-07,3.9189073150679157e-07,2.2344813946299878e-07,0.24573316625830793,158.22513652540545,0.680512547,0.124937467
40,2.1078367489630125e-07,3.6487644221069736e-07,2.1078367489630125e-07,0.2413435492961224,155.18470951074914,0.655688167,0.125036657
40,2.306733340102908e-07,4.1179627310706174e-07,2.306733340102908e-07,0.24346569329142126,159.00455993877424,0.708544433,0.124774151
39,2.03828641784763e-07,3.443004839288296e-07,2.03828641784763e-07,0.2409523168213192,150.09753240353814,0.639412045,0.124805994
46,0.0009614707565855783,0.0035366992051755987,0.0009614707565855783,1.0533334070575981,175.98846227191765,67.9516602,0.125313327
49,1.8244588182790532e-05,3.6497538024645174e-05,1.8244588182790532e-05,1.0945404412876012,206.6775198208368,5.33650589,0.125313789
57,6.899821909843649e-06,1.3015611482302786e-05,6.899821909843649e-06,0.8237931510014802,208.89393001171607,2.54588008,0.126042545
52,8.91917575636729e-06,1.6822200209880334e-05,8.91917575636729e-06,0.8937828497072478,207.88497948320074,2.95349503,0.125956163
56,6.1655367633020665e-06,1.1487308754930152e-05,6.1655367633020665e-06,0.8141814480862856,210.59108577044728,2.30980873,0.12629813
54,1.1536697400862096e-05,2.2004275499720383e-05,1.1536697400862096e-05,0.9861456667342037,209.08197300023937,5.26438141,0.12566857
36,1.9887975797825117e-07,2.6629219363866475e-07,1.9887975797825117e-07,0.23084356573892678,103.551703384522,0.501850247,0.124850005
37,2.034449106424841e-07,2.718655003818427e-07,2.034449106424841e-07,0.2315724659265273,102.40402553821767,0.502845645,0.124846101
35,1.973425564271054e-07,2.6546132312021677e-07,1.973425564271054e-07,0.22950046585432546,103.92463294453937,0.495593309,0.124798827
34,1.9560532751797185e-07,2.651264668981722e-07,1.9560532751797185e-07,0.22906536156277102,105.11151708669293,0.501383901,0.124617837
37,1.9020630328220445e-07,2.601103626392433e-07,1.9020630328220445e-07,0.22559888537021033,106.06002722240041,0.502192676,0.124549456
35,1.835950043123006e-07,2.7387860164565666e-07,1.835950043123006e-07,0.23000804284367304,123.48778085605177,0.532914162,0.12484844
37,1.8336235443517722e-07,2.707436561654128e-07,1.8336235443517722e-07,0.22779846708772913,120.44017249546245,0.530040681,0.125006482
36,1.8527689767265316e-07,2.7058197604951797e-07,1.8527689767265316e-07,0.22673457481595602,117.4719735091507,0.525940299,0.124919161
35,1.8743800093924444e-07,2.696556716405501e-07,1.8743800093924444e-07,0.22677977198556784,114.99879607300122,0.519138634,0.124801219
36,1.8539282596410783e-07,2.6158263605986826e-07,1.8539282596410783e-07,0.22478937068320584,111.35013203056045,0.507082701,0.124582447
36,1.8555657932265376e-07,2.639015981378829e-07,1.8555657932265376e-07,0.22445376214130414,112.31437597737522,0.514966607,0.1248402
36,1.8632604248833598e-07,2.5960824279485446e-07,1.8632604248833598e-07,0.2234195321050289,108.49118133174494,0.501686454,0.124887735
36,1.9145216748661816e-07,2.6366588319692386e-07,1.9145216748661816e-07,0.224558692832501,106.05749719624205,0.504832625,0.124747612
39,1.961614835798108e-07,3.1725290602780636e-07,1.961614835798108e-07,0.2379969316079878,140.79064472151308,0.592890024,0.125033274
39,1.8962622759771757e-07,3.0189364627115245e-07,1.8962622759771757e-07,0.23520024639165704,137.20850944682968,0.576699615,0.124997765
38,1.8554374570274352e-07,2.8890412908926853e-07,1.8554374570274352e-07,0.23314326264797444,132.72615107856203,0.560670912,0.125029549
39,1.8241856830811648e-07,2.8025046912553393e-07,1.8241856830811648e-07,0.2318062927435584,130.52753563137034,0.548003495,0.124754682
39,2.0247704877317362e-07,3.3891090872707516e-07,2.0247704877317362e-07,0.23828943320833842,146.45565068765623,0.617067516,0.124710023
39,2.049643605553368e-07,3.38624313687798e-07,2.049643605553368e-07,0.23945647484375238,143.39076273824315,0.6109851,0.124936864
66,6.871439903323092e-06,1.2273353200695656e-05,6.871439903323092e-06,1.1939151143415878,205.87706107004647,3.14212847,0.121393949
52,1.744768591625172e-06,3.038198136196347e-06,1.744768591625172e-06,0.5462373363505634,156.8234242592012,1.9583118,0.128852397
62,5.934163171955328e-06,1.0614993130478663e-05,5.934163171955328e-06,1.069010775112399,191.71487183830627,2.95971823,0.121384449
51,1.3986954786498565e-06,2.4247091629195947e-06,1.3986954786498565e-06,0.47351736587189786,148.0804433489772,1.74827766,0.127491489
50,1.421227095343805e-06,2.4901436100193883e-06,1.421227095343805e-06,0.45676162856098357,145.12271052376147,1.79222548,0.12649326
46,1.4549772770006875e-06,2.5770675476318578e-06,1.4549772770006875e-06,0.43830857550847063,141.79492442156553,1.64336109,0.125646263
47,1.461390255347177e-06,2.609752451238931e-06,1.461390255347177e-06,0.44321423768196216,141.85800985020768,1.80522573,0.125892639
46,2.4046443259632907e-06,4.274718890396044e-06,2.4046443259632907e-06,0.5049675884704178,137.42633837471757,1.81737137,0.12544319
47,1.6456867088122898e-06,2.912765866485522e-06,1.6456867088122898e-06,0.45364135789829124,140.54486304870798,1.63809001,0.125616267
44,3.376278916510476e-06,5.993891589044311e-06,3.376278916510476e-06,0.5646319417809823,135.00999284958513,2.11638331,0.125484154
44,4.813676499436239e-06,8.437937026692059e-06,4.813676499436239e-06,0.6413311584603354,133.08682024544848,2.31114841,0.125630394
37,2.3808523179076417e-07,3.1500988958163575e-07,2.3808523179076417e-07,0.24907486152706315,101.7698715691416,0.518531859,0.125167102
38,2.414242777645774e-07,3.1975548160761624e-07,2.414242777645774e-07,0.24967015707423051,101.3788755314695,0.520282447,0.1254531
37,2.4901611626807633e-07,3.3055453231496346e-07,2.4901611626807633e-07,0.2508074537907571,100.6651092014842,0.5190804,0.125453189
37,2.4857925221242237e-07,3.3172550385069214e-07,2.4857925221242237e-07,0.2504568627423479,101.15769646552316,0.521321833,0.125321001
37,2.5468589514067973e-07,3.414847291217304e-07,2.5468589514067973e-07,0.25098108558363047,100.55459379505025,0.528313458,0.125391304
37,2.743920421620652e-07,3.746164935346542e-07,2.743920421620652e-07,0.25954169146784817,103.12740710022699,0.540212333,0.126029938
36,2.633234876733387e-07,3.568514889763362e-07,2.633234876733387e-07,0.25382815324263025,101.382441563866,0.533725262,0.125605181
36,2.8498988303141355e-07,3.941376377368488e-07,2.8498988303141355e-07,0.26074030774509227,103.12953236377871,0.568394065,0.125337407
38,2.6920313490315215e-07,3.673225492045046e-07,2.6920313490315215e-07,0.2548023310336231,101.53699882940954,0.551676512,0.125574037
36,2.2927698280863732e-07,3.0133192915285013e-07,2.2927698280863732e-07,0.24325174191117138,99.84717442859562,0.514678836,0.124929465
36,2.2602417783620492e-07,2.9662098162679276e-07,2.2602417783620492e-07,0.24054835171880673,99.10895116970667,0.50976485,0.124918483
35,2.367340712548547e-07,3.1146409932962806e-07,2.367340712548547e-07,0.24687803228020744,100.09809626528563,0.515676737,0.124903783
35,2.3198238763630303e-07,3.056116105377633e-07,2.3198238763630303e-07,0.24172712909133595,98.68989555530416,0.515591085,0.124871261
38,2.992328639449252e-07,4.1966046070104985e-07,2.992328639449252e-07,0.26552177239697067,104.79083598639718,0.586698055,0.125066176
37,3.245698988305623e-07,4.599264516697895e-07,3.245698988305623e-07,0.2731460879858978,105.79910442166711,0.613114953,0.124892473
37,0.00021145526770642714,0.0008546386459235838,0.00021145526770642714,0.5022850861044149,102.71316630024486,53.6403236,0.125378728
49,1.356694516916607e-05,2.3551527320089953e-05,1.356694516916607e-05,0.962231142734024,135.11685072261523,5.05188036,0.12528491
49,6.592986985069813e-06,1.1442193780922808e-05,6.592986985069813e-06,0.7237754782538314,131.625060959014,2.40629435,0.125439689
45,1.2781153425634205e-05,2.2746374347083563e-05,1.2781153425634205e-05,0.9162190054777034,130.94010844677805,3.87790394,0.12514843
41,3.4419924564847874e-06,5.760090085209925e-06,3.4419924564847874e-06,0.5851402564206817,122.62026433937542,2.14418197,0.125123262
41,1.964301893191918e-06,3.2211392836367467e-06,1.964301893191918e-06,0.48363713732412106,119.66009666721258,1.64858949,0.125038654
39,4.956764858595366e-07,7.451712683710278e-07,4.956764858595366e-07,0.3098418819378889,110.51821015003661,0.820092559,0.125013113
37,6.085678373997561e-07,9.209169624117071e-07,6.085678373997561e-07,0.3320147963663185,111.16233697123893,0.87573725,0.124842755
39,1.012728837181052e-06,1.5659138140207138e-06,1.012728837181052e-06,0.3940491594407341,114.13175751608503,1.02774477,0.125000045
40,1.6279219012200503e-06,2.6033787515810714e-06,1.6279219012200503e-06,0.45677627494565975,116.40783390715458,1.40840781,0.125093207
37,3.265772710532561e-07,4.707128850737766e-07,3.265772710532561e-07,0.26762697479511605,105.231869127845,0.66500473,0.125215992
38,3.1184925615146434e-07,4.4120926343164173e-07,3.1184925615146434e-07,0.26673747772727613,104.54659026657563,0.62301296,0.12495245
39,3.8097119196365327e-07,5.668050745561658e-07,3.8097119196365327e-07,0.27912897577245466,107.40862083041222,0.731318951,0.125462249
39,4.0881581612521253e-07,6.132130994429604e-07,4.0881581612521253e-07,0.28632070144566274,108.77035748662252,0.762846589,0.125376061
37,3.4804391932120867e-07,5.124660124445243e-07,3.4804391932120867e-07,0.2692774813450745,105.2518035250749,0.707927883,0.125031546
35,2.0794872682761516e-07,2.755278207307406e-07,2.0794872682761516e-07,0.2322392961701366,100.38362917876465,0.503080904,0.124698088
38,2.1303272595092965e-07,2.804507346593169e-07,2.1303272595092965e-07,0.23521823989516188,100.02875075392859,0.504079401,0.124615707
38,2.153347859993987e-07,2.834942647630771e-07,2.153347859993987e-07,0.2354225436466844,99.5411226203058,0.499168634,0.125018701
36,2.1911621801768662e-07,2.879876189963711e-07,2.1911621801768662e-07,0.23634069520133164,98.8527968674851,0.498975068,0.124986783
61,7.248072554699876e-06,1.3025666985678648e-05,7.248072554699876e-06,0.9753732531483637,220.07534338067404,2.25676727,0.12792863
62,7.245469700049879e-06,1.3162806033987041e-05,7.245469700049879e-06,0.9191600566195497,214.76950326308338,2.31889153,0.127006993
86,1.5533189445806124e-05,2.7794652203930364e-05,1.5533189445806124e-05,2.0639158790306347,288.99397016360155,4.32122564,0.129812062
87,0.00070269408874339,0.0022483776583541236,0.00070269408874339,4.004846385888746,288.58931930609396,41.4415588,0.119785041
63,1.0706735480138501e-05,1.829132707579286e-05,1.0706735480138501e-05,1.3329170971707458,239.04838823550335,2.46891928,0.128351435
45,7.149234335215074e-06,1.3816150289831794e-05,7.149234335215074e-06,0.7904366246207515,200.23134698975664,2.89084029,0.125219434
45,4.1924515280905085e-06,8.056744868457733e-06,4.1924515280905085e-06,0.6514241019123461,195.70877479033118,2.25627184,0.125071704
44,2.7940459705042903e-06,5.347090177378631e-06,2.7940459705042903e-06,0.5663642803902346,192.37974497510584,1.94374764,0.125087947
44,3.287796353335051e-07,6.232677017203488e-07,3.287796353335051e-07,0.2691607517354609,171.9594345087679,0.887459993,0.125060961
41,3.0623622313540344e-07,5.726078643917763e-07,3.0623622313540344e-07,0.2630493323653755,169.40648321934967,0.84762013,0.124980278
40,2.9258528507164977e-07,5.426207132858267e-07,2.9258528507164977e-07,0.2597110922865478,166.85676810634413,0.8234514,0.124745809
40,2.5899880901556936e-07,4.6816378551183977e-07,2.5899880901556936e-07,0.2522149652905769,162.43418328926154,0.750181735,0.124816447
39,2.77391173559667e-07,5.086959902710512e-07,2.77391173559667e-07,0.25575356781213354,164.25959582761928,0.788970411,0.124897957
42,1.1946468536967714e-06,2.188924041907297e-06,1.1946468536967714e-06,0.4343783355801542,186.57991672096614,1.24221087,0.12502858
44,2.384954399826405e-06,4.529346980571464e-06,2.384954399826405e-06,0.5358623675042644,190.73018934066846,1.7472558,0.125243619
44,4.4679126953028476e-07,8.484808198369456e-07,4.4679126953028476e-07,0.30324900106211405,179.3312274516063,1.05483341,0.124940082
43,6.276582487088583e-07,1.1565757811136525e-06,6.276582487088583e-07,0.3471706486696451,182.21933067882716,1.11363029,0.124928579
43,3.6697356823236314e-07,7.043301644070799e-07,3.6697356823236314e-07,0.2789924661838323,174.88326467935755,0.961334646,0.125020206
40,2.2378286181341152e-07,3.906425113222992e-07,2.2378286181341152e-07,0.24452083528398647,155.4781760566322,0.681056917,0.124958821
39,2.143529720852905e-07,3.6732644891242514e-07,2.143529720852905e-07,0.2423951904166998,151.5214582449341,0.661234796,0.124882214
39,2.108614556854105e-07,3.58517906239023e-07,2.108614556854105e-07,0.24172392021622294,150.09238249378714,0.648216486,0.12464007
37,2.520004297475643e-07,4.476694768514227e-07,2.520004297475643e-07,0.25122850816636516,158.07438276062294,0.728225708,0.12460766
40,2.3012884289284914e-07,4.069653822296869e-07,2.3012884289284914e-07,0.24446277501863725,156.61251507854067,0.709897339,0.124759614
40,2.0807556550435584e-07,3.4707868505371386e-07,2.0807556550435584e-07,0.24138438056023678,145.64390307184198,0.63134706,0.124660768
86,0.0006639673411606703,0.0016743665592290667,0.0006639673411606703,2.92940200091908,218.79547290737,41.1400642,0.125214398
67,0.00014942250379305615,0.0005552768831830794,0.00014942250379305615,1.5132984691289055,216.08501703917702,41.23312,0.125383705
51,2.053558912335416e-05,4.2529377132397806e-05,2.053558912335416e-05,1.1170416678215391,206.29674931697843,6.43218136,0.125293061
58,8.795705306322621e-06,1.6499697490222936e-05,8.795705306322621e-06,0.9050961465341163,209.24955912139782,2.70706415,0.12591964
57,7.644181088191309e-06,1.4101892385456005e-05,7.644181088191309e-06,0.9015777995768609,212.06460249827356,2.51577067,0.126335233
60,1.2406286999599355e-05,2.3523034627563747e-05,1.2406286999599355e-05,1.034116952122959,210.1815550254754,5.61868668,0.12569724
35,2.0200357872687406e-07,2.7095097583987474e-07,2.0200357872687406e-07,0.2297711587555188,102.49842030921555,0.49914521,0.12481574
36,2.0086576694105765e-07,2.6897455076906853e-07,2.0086576694105765e-07,0.2278066114523192,101.38828242994285,0.500058413,0.124933288
35,1.983031403158419e-07,2.684752150939181e-07,1.983031403158419e-07,0.2278883462980882,103.66501147059527,0.499516457,0.124440238
36,1.956889069718708e-07,2.680628631750896e-07,1.956889069718708e-07,0.22535127974680064,104.47523518010682,0.5029881,0.12439926
38,1.8419180925270503e-07,2.788006790123954e-07,1.8419180925270503e-07,0.22929283554095078,124.84572361071761,0.541874051,0.124831252
37,1.851179235828219e-07,2.7708141390321016e-07,1.851179235828219e-07,0.22762479417044063,121.99336957796729,0.538526475,0.124773026
35,1.866318902056985e-07,2.725523867563269e-07,1.866318902056985e-07,0.22523458306735872,116.19906440214383,0.52768594,0.125058949
36,1.8630136441461764e-07,2.74954201983926e-07,1.8630136441461764e-07,0.22610809243018065,118.26181393536766,0.531685114,0.125093222
36,1.8603723108524712e-07,2.6895702992108085e-07,1.8603723108524712e-07,0.2235097833397474,113.90720177954383,0.522956729,0.125003263
37,1.865852148103032e-07,2.6339922293038716e-07,1.865852148103032e-07,0.223487943275288,110.3676090386889,0.507469535,0.124808252
36,1.8868669309950766e-07,2.6924115234671615e-07,1.8868669309950766e-07,0.2232159188855431,111.06744618862894,0.516723633,0.12492162
38,1.866603495815903e-07,2.613433457066428e-07,1.866603495815903e-07,0.22186722975074244,108.32783869937938,0.506339908,0.125029713
37,1.9261528548320015e-07,2.666853992736172e-07,1.9261528548320015e-07,0.22295784176492228,105.40048335525266,0.506338,0.124775112
39,1.9809433692499844e-07,3.206080519156531e-07,1.9809433692499844e-07,0.23718827464186512,138.5697537774024,0.601229489,0.125209525
40,1.935670739180377e-07,3.0963467509236584e-07,1.935670739180377e-07,0.2342191218734842,135.7505700159557,0.586301208,0.125443101
36,1.9194853286524544e-07,3.007251472997526e-07,1.9194853286524544e-07,0.23474919481160678,133.2686523194418,0.570117295,0.125291228
37,1.8970536629378228e-07,2.935536322508278e-07,1.8970536629378228e-07,0.233084306273852,130.23983947993213,0.559839904,0.125166342
36,1.8755322686564415e-07,2.8775203345074677e-07,1.8755322686564415e-07,0.2324112700034173,128.56259892144945,0.551526845,0.124947086
39,2.102348475653301e-07,3.434859926231627e-07,2.102348475653301e-07,0.2421776073626654,141.2530187980724,0.621509314,0.125431731
40,2.1080451488490665e-07,3.4946642748610715e-07,2.1080451488490665e-07,0.24124651451474177,143.25474298424373,0.630155146,0.124997161
51,1.8173200761039366e-06,3.1239011346050076e-06,1.8173200761039366e-06,0.5501699713642655,153.70249482197514,1.7823714,0.128460333
53,2.708135871501905e-06,4.705904790849533e-06,2.708135871501905e-06,0.6826945767044168,160.83392593645618,1.92695081,0.128479838
67,7.79491978397189e-06,1.3781286828405512e-05,7.79491978397189e-06,1.2278242464181595,194.65091964759583,3.17265344,0.122676067
50,1.7046722865212029e-06,2.9270461689980283e-06,1.7046722865212029e-06,0.5084766697546731,146.72656091787476,1.9038552,0.128052205
51,1.6149822798003574e-06,2.813731033040853e-06,1.6149822798003574e-06,0.47047562848142654,142.33052536697167,1.88126564,0.126282737
49,1.7606059130131484e-06,3.0815908303600155e-06,1.7606059130131484e-06,0.47319930070017796,139.2918535459499,1.85068035,0.1260674
48,1.7685002184531891e-06,3.1119683571241898e-06,1.7685002184531891e-06,0.4651203352453101,138.9787644544296,1.7236141,0.125773877
46,2.3364883003689497e-06,4.096590933323182e-06,2.3364883003689497e-06,0.5068280035261302,136.23211421823396,1.69477737,0.125632852
44,3.3056987634858846e-06,5.830205588455746e-06,3.3056987634858846e-06,0.5632006553608994,133.93208100447114,2.00291085,0.125684097
46,3.959937403209166e-06,6.89444774224231e-06,3.959937403209166e-06,0.6030572613792952,131.62918429964063,2.0899241,0.126000807
37,2.3952813441638883e-07,3.16030779615557e-07,2.3952813441638883e-07,0.24635685932711704,99.38742936026883,0.518079758,0.125253037
36,2.4917035039556036e-07,3.305596811410647e-07,2.4917035039556036e-07,0.24832011778603585,99.15898817924115,0.523501217,0.125616401
37,2.4077439866971086e-07,3.1907517353855084e-07,2.4077439866971086e-07,0.24498994946553698,98.92533965239674,0.522168219,0.125564098
36,2.576911824009806e-07,3.4364363625794036e-07,2.576911824009806e-07,0.24975464304650097,98.49722603989267,0.532693088,0.125361368
34,2.622862130029023e-07,3.5262958618012953e-07,2.622862130029023e-07,0.2517353169269742,99.4273094520293,0.538893044,0.125440672
38,2.773334542373624e-07,3.82887077216683e-07,2.773334542373624e-07,0.2554571752956125,101.67858114948176,0.571807206,0.125515759
37,2.898235625340184e-07,4.044351018135773e-07,2.898235625340184e-07,0.2592508751907728,102.56188622364468,0.593569517,0.125327498
37,2.6800366861178313e-07,3.6585482091894273e-07,2.6800366861178313e-07,0.25179592861490013,100.13581084005925,0.556778669,0.125614569
35,2.2941100747520217e-07,3.0157099001824875e-07,2.2941100747520217e-07,0.2410337400607937,98.70854183283632,0.510298491,0.124872983
36,2.2341122640342005e-07,2.93735044443561e-07,2.2341122640342005e-07,0.2376451340413278,98.41115559670313,0.505353272,0.124992348
36,2.3367381962570195e-07,3.078684746108119e-07,2.3367381962570195e-07,0.24253201748248981,98.63504701989096,0.518458903,0.125086576
35,2.3018988754807893e-07,3.0251090032257557e-07,2.3018988754807893e-07,0.24033606897046136,98.19207829000203,0.509624839,0.125043795
37,2.293019947228608e-07,3.0199533416150615e-07,2.293019947228608e-07,0.23800682026979547,97.52561367670509,0.516156077,0.125378713
60,6.2171825615889e-05,0.0001299912303199121,6.2171825615889e-05,1.4928382663560429,142.24995849489983,12.8039522,0.125298947
50,1.1224961760729265e-05,1.955846784924668e-05,1.1224961760729265e-05,0.8827756213251805,132.25756045551117,4.80711365,0.125282407
47,6.7191775123659256e-06,1.1639043091934351e-05,6.7191775123659256e-06,0.7273059998811983,130.22881664137844,2.39807248,0.125509575
43,9.074837809848627e-06,1.5650068510915353e-05,9.074837809848627e-06,0.8268764834951609,127.71753439039749,3.29694891,0.125252381
41,3.5361881133552516e-06,5.872642635773529e-06,3.5361881133552516e-06,0.5915943292562846,121.16359348568325,2.15973759,0.125181869
38,4.3004909408483163e-07,6.554300314187076e-07,4.3004909408483163e-07,0.2864801337208783,107.85045144753616,0.808543146,0.125278845
40,6.749977630176841e-07,1.0311389683114316e-06,6.749977630176841e-07,0.34061833809166525,110.98799540865932,0.956709683,0.125048414
39,4.921714239088667e-07,7.530149671863025e-07,4.921714239088667e-07,0.30134982439413277,108.41952314530987,0.884983003,0.124960817
39,1.0470061991629194e-06,1.6184499510114602e-06,1.0470061991629194e-06,0.3957411997407237,112.53317554848824,1.04154563,0.125354856
41,2.6773313363608648e-06,4.3582765646213245e-06,2.6773313363608648e-06,0.5405946253999006,118.43569102958355,1.7926563,0.125322163
36,3.191823222024586e-07,4.6008152356421404e-07,3.191823222024586e-07,0.2636256719013208,104.17386042407517,0.661028624,0.125322342
38,2.9694187709524175e-07,4.1978748322316534e-07,2.9694187709524175e-07,0.2587951571868081,102.71312108567126,0.620880127,0.125181839
38,3.756283620130188e-07,5.617400095279892e-07,3.756283620130188e-07,0.27363666391790603,105.97336878498952,0.750291526,0.125248596
36,3.877106599861347e-07,5.867324009236945e-07,3.877106599861347e-07,0.2725096720026753,105.35958112512559,0.778606355,0.125244856
39,3.264870339705653e-07,4.7527828587453116e-07,3.264870339705653e-07,0.2627033027057753,103.82535188451953,0.677636087,0.125214785
39,3.4945524568610687e-07,5.175469883225095e-07,3.4945524568610687e-07,0.2644406933488233,103.67222943076077,0.719322145,0.125029966
35,2.0877370005048556e-07,2.7624148327969327e-07,2.0877370005048556e-07,0.23191776652198576,99.98998867782458,0.502017736,0.124658167
36,2.1479707858712351e-07,2.838569738665076e-07,2.1479707858712351e-07,0.23268835483926728,98.86959869980183,0.503783524,0.124978751
36,2.171848944623875e-07,2.8623411867048523e-07,2.171848944623875e-07,0.23382624484344974,98.36630108142292,0.499769151,0.125080422
37,2.221741285175509e-07,2.921325592374991e-07,2.221741285175509e-07,0.23540318611689942,97.61597373520613,0.507671118,0.125014096
66,9.7211889779388e-06,1.6913770680773802e-05,9.7211889779388e-06,1.1867065391360445,228.69091713236404,2.40800619,0.127580732
62,9.602819803350404e-06,1.7287126813761853e-05,9.602819803350404e-06,1.057138987472999,218.42995372564567,3.18560934,0.126613766
103,2.5818014361732827e-05,4.63537557392714e-05,2.5818014361732827e-05,2.7691727398547235,310.166242355206,6.10584497,0.129512608
83,1.3234149696355791e-05,2.2157196813544335e-05,1.3234149696355791e-05,1.7692733475371163,277.6771116763955,3.44007421,0.127716467
83,0.0008737283076055103,0.0030925268345616645,0.0008737283076055103,3.2792132261095923,259.8206978621902,52.7848778,0.121400274
45,7.148249135960804e-06,1.3810275907600601e-05,7.148249135960804e-06,0.7911715000841059,199.35867652911546,2.906075,0.125307769
44,4.749373534460461e-06,9.18156995264237e-06,4.749373534460461e-06,0.679135141239106,195.90791365420395,2.49220991,0.125185296
42,3.3477427874398597e-07,6.334795572881128e-07,3.3477427874398597e-07,0.2684623407933276,169.7763808244828,0.888244331,0.125216603
40,3.142386715588225e-07,5.876644670129314e-07,3.142386715588225e-07,0.2631116655433979,166.62639760857948,0.854140401,0.124891989
40,2.8219345904438227e-07,5.210935725752844e-07,2.8219345904438227e-07,0.25628040031527344,164.07981505479856,0.809251547,0.124565631
38,2.6083389347035684e-07,4.6758490791661837e-07,2.6083389347035684e-07,0.2533083737448359,159.4189375935843,0.756795943,0.124851726
39,2.7766238754009403e-07,5.050693181571908e-07,2.7766238754009403e-07,0.25627713209705055,161.19062462072594,0.778022528,0.124729402
43,1.0584324389428883e-06,1.933302626249736e-06,1.0584324389428883e-06,0.4159691260733881,185.3652861682339,1.17811167,0.125076652
46,2.4849639014773917e-06,4.754909101419195e-06,2.4849639014773917e-06,0.540117203249569,190.62555084406677,1.87515175,0.125288263
44,4.743819012860503e-06,9.102230141394305e-06,4.743819012860503e-06,0.6829226584850872,194.775456009663,2.47045732,0.125340268
42,4.3805979752872797e-07,8.296742062599952e-07,4.3805979752872797e-07,0.3017396676468636,178.12784940327504,1.03866899,0.124933086
42,4.989052022784139e-07,9.518589115878148e-07,4.989052022784139e-07,0.3140319437478672,179.03735432715624,1.11089504,0.125033528
44,7.321560325835057e-07,1.3504845492977196e-06,7.321560325835057e-07,0.36568763771340773,182.44356435893954,1.20036936,0.125218391
43,3.765482692929315e-07,7.296728039862775e-07,3.765482692929315e-07,0.2787758772260384,174.5743292738009,0.984246016,0.125077441
41,3.6294069582288793e-07,7.030052245434908e-07,3.6294069582288793e-07,0.27231265173307945,171.59486835514005,0.956246495,0.125204593
39,2.231386696029953e-07,3.850491832567087e-07,2.231386696029953e-07,0.24439703215053632,152.79366838369498,0.673091412,0.124985278
38,2.1827504590271747e-07,3.6825718103264664e-07,2.1827504590271747e-07,0.2443759840260664,147.64888814186767,0.650409281,0.124687716
40,2.539154834883592e-07,4.4612753463171155e-07,2.539154834883592e-07,0.25200658930363345,154.65671943074565,0.720690966,0.124858223
39,2.3697912059283868e-07,4.117936127353926e-07,2.3697912059283868e-07,0.24868733686660777,152.9049478268805,0.699705839,0.124945141
39,2.1813286970634044e-07,3.6553025383482666e-07,2.1813286970634044e-07,0.2440570869122636,145.1886589708153,0.652737379,0.124760263
42,0.0005443755910540929,0.0022902798277758983,0.0005443755910540929,0.6887787829672399,173.1883761018806,64.7540054,0.125612244
60,1.4981276280190038e-05,2.9021615488568852e-05,1.4981276280190038e-05,1.117169171861283,212.083041117495,6.39217567,0.125711918
53,1.5922488220554734e-05,3.173719825399418e-05,1.5922488220554734e-05,1.0389708150839998,205.01478751497308,4.17669058,0.12547107
59,9.664533802399868e-06,1.7901989246484205e-05,9.664533802399868e-06,0.964623169122169,210.78314520646995,2.7670393,0.125985384
58,9.584405456794134e-06,1.749619792577874e-05,9.584405456794134e-06,1.0008527986781217,213.33301431316912,2.6659863,0.126315936
59,1.5799934323031865e-05,3.025500455231862e-05,1.5799934323031865e-05,1.1900194055039865,215.42480100194214,6.03131723,0.125899225
35,2.008023026080338e-07,2.705056445367785e-07,2.008023026080338e-07,0.2273449813072575,102.05656298192653,0.496983349,0.124785163
36,2.0412397667817508e-07,2.721343350673766e-07,2.0412397667817508e-07,0.228073498474016,100.17464688147447,0.502632976,0.124939919
34,1.9792010934748533e-07,2.681371616807995e-07,1.9792010934748533e-07,0.2256911894508803,102.50210664751306,0.497210264,0.124880157
35,1.9649964729573405e-07,2.682726328947214e-07,1.9649964729573405e-07,0.22408051897703216,103.40214279133049,0.505273044,0.124744184
38,1.8443986607064312e-07,2.8012712645957007e-07,1.8443986607064312e-07,0.22925667917091838,125.61205761220906,0.545037448,0.124710836
38,1.9046586677629338e-07,2.884736162792828e-07,1.9046586677629338e-07,0.22887042715888886,123.21703079291194,0.550568759,0.124740362
37,1.8498445192956332e-07,2.699631259450001e-07,1.8498445192956332e-07,0.2222546772890886,114.58291299623043,0.52892673,0.124903113
37,1.9097167259540426e-07,2.832825908756558e-07,1.9097167259540426e-07,0.22479298045311474,116.99176939353055,0.538844824,0.124851227
37,1.9022518366106326e-07,2.845214886923878e-07,1.9022518366106326e-07,0.22672687653282395,119.69688770768212,0.541108131,0.124790393
37,1.8694519311319811e-07,2.6915238779691906e-07,1.8694519311319811e-07,0.22105798687017514,111.45686774331219,0.522300124,0.124982208
35,1.9019272826391946e-07,2.6880580796074857e-07,1.9019272826391946e-07,0.22296166530056996,109.19840184130999,0.509955823,0.125019595
34,1.9497014356443665e-07,2.7787643963143405e-07,1.9497014356443665e-07,0.2228229265213414,109.13423504531946,0.517816126,0.124972351
38,1.8730083987099227e-07,2.622301705143786e-07,1.8730083987099227e-07,0.22001315392217488,107.1108724985105,0.511099875,0.124783412
36,1.9441421362358408e-07,2.6926232480405685e-07,1.9441421362358408e-07,0.22153587522499296,104.22368945263047,0.508840442,0.125132948
38,1.9281866699392154e-07,2.6964251542782797e-07,1.9281866699392154e-07,0.22053194572205595,105.57881369598293,0.510874093,0.124998555
39,2.0427077063871782e-07,3.3008093096884194e-07,2.0427077063871782e-07,0.23983512294282452,138.11695592321524,0.610823452,0.125609487
38,1.951426154803904e-07,3.0923155338825364e-07,1.951426154803904e-07,0.23389964874718308,133.09628213455963,0.585760415,0.125406206
38,1.9838481556141476e-07,3.1870331543856404e-07,1.9838481556141476e-07,0.23539703830899347,135.68754383920768,0.602510989,0.125523433
39,1.8961908400156917e-07,2.940535992528677e-07,1.8961908400156917e-07,0.2325289972726512,129.58894459579707,0.569645047,0.124697842
39,1.8895192407180555e-07,2.894060622059224e-07,1.8895192407180555e-07,0.23143389505420578,127.09506976904234,0.554870784,0.124563791
39,2.140617732860474e-07,3.516999447028061e-07,2.140617732860474e-07,0.2423097167255746,140.53718315206117,0.628245234,0.124860562
50,2.1764284523687426e-06,3.7694243210519188e-06,2.1764284523687426e-06,0.5771509695491829,150.7475055077244,1.85376573,0.128303021
58,4.069991928019856e-06,7.090863140930452e-06,4.069991928019856e-06,0.8587584475065965,167.8904928876886,2.47062278,0.126078412
73,1.4331585150302208e-05,2.5324262198533e-05,1.4331585150302208e-05,1.702167450894786,217.78107524060016,4.03204679,0.120083012
52,1.901758854741229e-06,3.267319201806047e-06,1.901758854741229e-06,0.5143577734912642,143.10619364574336,1.85535872,0.127652958
47,1.9694478005672375e-06,3.3720317636329456e-06,1.9694478005672375e-06,0.5026168892128234,138.63596401842892,1.8005693,0.126151994
48,2.2185817709975685e-06,3.854618351270896e-06,2.2185817709975685e-06,0.5046149539425497,135.9523471167061,1.81927323,0.125974461
47,2.719447137167586e-06,4.757638552129548e-06,2.719447137167586e-06,0.5310784611526992,133.9477194115918,1.77634084,0.126139462
47,3.462643938714736e-06,6.021666376616614e-06,3.462643938714736e-06,0.575601751685498,131.40040272129133,1.97366977,0.126158431
50,5.2346764017260685e-06,9.024595898387963e-06,5.2346764017260685e-06,0.6675672322839036,129.7116554719552,2.24447322,0.125738114
37,2.451869816477187e-07,3.260228435812589e-07,2.451869816477187e-07,0.24468121656386727,98.16389689871151,0.526885748,0.125495255
38,2.3737814510689833e-07,3.139448692907801e-07,2.3737814510689833e-07,0.24165533271095946,97.82594732518812,0.518980205,0.125081584
37,2.536019859964799e-07,3.3933581934599866e-07,2.536019859964799e-07,0.24630519557410446,97.88261894583059,0.537585676,0.125609651
36,2.453170644283971e-07,3.2609413254978964e-07,2.453170644283971e-07,0.24294500283531587,97.30785230667242,0.528495789,0.125473589
36,2.498390539491218e-07,3.3413409385860486e-07,2.498390539491218e-07,0.24223134433976395,96.59944740826398,0.538043857,0.125537381
36,2.589224770504188e-07,3.4799105776072305e-07,2.589224770504188e-07,0.24955158306758402,98.99446109130129,0.543788493,0.125395998
37,2.8073655689181437e-07,3.8696168278300634e-07,2.8073655689181437e-07,0.2549482727261442,100.41188601441293,0.577996075,0.12563853
38,2.8803232202455413e-07,4.0007947605793607e-07,2.8803232202455413e-07,0.25541643092797217,100.62365378308554,0.599947333,0.125749275
38,2.9612609970849947e-07,4.16458455131572e-07,2.9612609970849947e-07,0.25699711119239865,101.30237126559823,0.621044934,0.125505358
38,2.6993801510124653e-07,3.6861408298578616e-07,2.6993801510124653e-07,0.2497697750473684,98.74011967639673,0.564473391,0.12531288
35,2.2800614988173376e-07,2.9928207967520203e-07,2.2800614988173376e-07,0.23728829063139956,97.06083784154822,0.513980985,0.125084475
35,2.3658977827004524e-07,3.123672470235588e-07,2.3658977827004524e-07,0.24064412372878144,97.35691679329388,0.52007556,0.12507388
37,2.3102006794773653e-07,3.046966870033089e-07,2.3102006794773653e-07,0.23667030959874855,96.69741296190686,0.51794219,0.125502974
35,2.3078094730089196e-07,3.040180922481127e-07,2.3078094730089196e-07,0.2371261660391223,96.77869310159997,0.516212761,0.125227526
63,0.00021425473650945836,0.0006900369690146453,0.00021425473650945836,1.4168471681856547,142.14058890085033,42.938118,0.125381812
46,1.0422641241724256e-05,1.7908598546134286e-05,1.0422641241724256e-05,0.8655465575469778,130.65134947825595,3.76234198,0.125556171
44,6.2339870167569225e-06,1.0722374111072995e-05,6.2339870167569225e-06,0.7097198594622005,128.52449076967278,2.33036065,0.125727475
42,7.279863740928935e-06,1.2200740837288935e-05,7.279863740928935e-06,0.7796327485558984,125.76046516233413,2.77139592,0.125294968
39,4.3225975394212096e-07,6.683538415376724e-07,4.3225975394212096e-07,0.28070797400903535,106.35791407601046,0.86120683,0.125160769
38,6.968681438621882e-07,1.0657512470059702e-06,6.968681438621882e-07,0.3423092768948914,109.84926940841076,1.00885928,0.125215322
39,4.9704216169363e-07,7.697422039069443e-07,4.9704216169363e-07,0.2969573786698649,107.36059170880185,0.922871113,0.125210658
42,1.4091280131681154e-06,2.2174165364456126e-06,1.4091280131681154e-06,0.43406164460740077,113.75522956684618,1.16917324,0.125348434
40,4.693007344047641e-06,7.677695172364905e-06,4.693007344047641e-06,0.6661334715883446,120.96997076705802,2.24330235,0.125365555
39,3.0090296198393777e-07,4.307561041624356e-07,3.0090296198393777e-07,0.256116942948787,102.17279531765423,0.64656502,0.125412837
36,3.802705799089097e-07,5.753929949371324e-07,3.802705799089097e-07,0.2668516181945155,102.94210881158287,0.775013506,0.125125721
39,3.4244500208927005e-07,5.103251578069437e-07,3.4244500208927005e-07,0.25973307949932783,102.62802041280474,0.712276697,0.124872513
38,4.1392794714626816e-07,6.382839732175143e-07,4.1392794714626816e-07,0.2740772541310224,104.98086549042948,0.815359771,0.125034332
37,3.1792586663072215e-07,4.615951599345707e-07,3.1792586663072215e-07,0.25720114847885345,101.53322521072421,0.676371157,0.125229716
37,2.095555354994229e-07,2.787484994146361e-07,2.095555354994229e-07,0.2289774342389716,98.98275511885664,0.500433564,0.125028327
37,2.1449440703055733e-07,2.8453898304119105e-07,2.1449440703055733e-07,0.23070947951452603,98.15477241439984,0.506184876,0.125231996
37,2.174467458918821e-07,2.8805310326890683e-07,2.174467458918821e-07,0.23070762782020862,97.37297668837343,0.506679714,0.125044569
36,2.2186299050463038e-07,2.9258320939553324e-07,2.2186299050463038e-07,0.233935986772766,97.31688705073047,0.508913457,0.124898285
35,2.2520829185204342e-07,2.972548681959101e-07,2.2520829185204342e-07,0.23390472757471018,96.45941605812185,0.512774706,0.125122175
168,2.099443241819718e-05,3.147968763057282e-05,2.099443241819718e-05,3.878255373965767,627.5283658024632,2.82808399,0.127874464
62,1.2410506696864279e-05,2.1331396104411213e-05,1.2410506696864279e-05,1.3296868774475272,231.8537468332496,2.67648435,0.127453431
92,1.569230004529004e-05,2.659087177652623e-05,1.569230004529004e-05,2.1349906853563283,288.801174985512,4.04456711,0.126634419
76,0.00021312912478612208,0.0008810631880316739,0.00021312912478612208,2.536638934736464,255.44621004219331,42.2803459,0.123334371
48,9.226768838002972e-06,1.7986049196507023e-05,9.226768838002972e-06,0.8635125246315005,200.57701662011124,3.43554425,0.125266567
43,3.319816752883364e-07,6.300555454849428e-07,3.319816752883364e-07,0.26630879399940516,167.8926196209501,0.899800837,0.125095516
39,3.0980775281150515e-07,5.751345799847201e-07,3.0980775281150515e-07,0.26057669606154227,163.6666426085184,0.843010366,0.124718316
38,2.9456515819023813e-07,5.432156083972247e-07,2.9456515819023813e-07,0.2579941917859182,161.6779297580716,0.822223425,0.12467809
39,2.666996099808811e-07,4.778955987533742e-07,2.666996099808811e-07,0.2539890080466889,157.75564334140333,0.75171423,0.124750607
39,2.914448911801816e-07,5.263401031086671e-07,2.914448911801816e-07,0.259435569477658,158.11194819181145,0.787626565,0.124786206
45,1.2629491946324252e-06,2.330567795080489e-06,1.2629491946324252e-06,0.43765219929836335,185.81177818955828,1.29633844,0.125310481
46,3.676410585359087e-06,7.0132716947139745e-06,3.676410585359087e-06,0.6236287807984654,192.10133471020885,2.13768983,0.125437692
46,2.0066313107116253e-06,3.7806311048723597e-06,2.0066313107116253e-06,0.5072269868069016,188.43438739051004,1.61402071,0.125250831
49,8.106398082891681e-06,1.577115384389235e-05,8.106398082891681e-06,0.8213667501308086,199.22786612681827,3.14005256,0.125419185
42,4.0748177368610666e-07,7.844259449796419e-07,4.0748177368610666e-07,0.28918251969039566,175.72953372586085,1.03377521,0.124950588
44,5.861173371333187e-07,1.1035970620485175e-06,5.861173371333187e-07,0.3362117392334644,179.72148165374418,1.20089233,0.125060976
42,4.425683395505862e-07,8.568759843294729e-07,4.425683395505862e-07,0.297269661933937,175.9365295078633,1.08958757,0.125046715
44,9.087538344933977e-07,1.6723406890549716e-06,9.087538344933977e-07,0.39317274962478005,182.79992319856146,1.30059457,0.125239521
42,3.738268214947313e-07,7.27656580625255e-07,3.738268214947313e-07,0.27498278213262506,171.7834539420697,1.00115216,0.125256389
42,3.61704775583546e-07,6.913386761747473e-07,3.61704775583546e-07,0.2719405557855454,167.7157660941669,0.9386518,0.124962993
42,3.7990465648860324e-07,7.387944291568549e-07,3.7990465648860324e-07,0.2742537533216125,170.0980638793337,0.992655277,0.125095204
42,3.9570241701813874e-07,7.735988141525398e-07,3.9570241701813874e-07,0.280741105131016,173.1239291417861,1.02007759,0.125037178
39,2.2768573501483044e-07,3.8918147545860746e-07,2.2768573501483044e-07,0.24567380888788284,148.74257547950702,0.675055623,0.124891035
38,2.648846107699974e-07,4.70486672428533e-07,2.648846107699974e-07,0.25424516465201896,155.72944832522185,0.755393863,0.124624856
41,2.535226506005822e-07,4.453990811125757e-07,2.535226506005822e-07,0.2502082818457047,152.2966139202504,0.729979575,0.124710716
40,2.3525445295000997e-07,4.0535732498238977e-07,2.3525445295000997e-07,0.24734304209198046,149.72155440183522,0.688644469,0.124945208
38,2.2330455450413744e-07,3.717564983553064e-07,2.2330455450413744e-07,0.24464817534025957,142.6505389275864,0.651467502,0.124723718
41,0.0002205895524690452,0.0009234424355421337,0.0002205895524690452,0.5578969966260361,172.19612672759956,45.4082718,0.125789225
73,0.0003332942288719983,0.001357593177186602,0.0003332942288719983,1.6817660084545016,219.51602814292255,59.7175484,0.125736892
61,1.2698140190433799e-05,2.2557884266252995e-05,1.2698140190433799e-05,1.1937398706572686,219.21083585315444,3.55363107,0.126511738
62,1.697375466021482e-05,3.039039726822349e-05,1.697375466021482e-05,1.3581968794243549,222.68011493105485,4.96991539,0.126123518
37,1.9804664490919196e-07,2.6767398970092906e-07,1.9804664490919196e-07,0.2248079682031177,101.88657739136679,0.497810334,0.125014722
37,2.0069440143047465e-07,2.6965133694452624e-07,2.0069440143047465e-07,0.2249818430830434,100.38858337587116,0.498280734,0.125013262
37,1.9462131611216277e-07,2.652810233668009e-07,1.9462131611216277e-07,0.2223757591665344,102.5924937155268,0.5038414,0.124918029
35,1.9635022833297632e-07,2.6828873235022444e-07,1.9635022833297632e-07,0.22126494357775708,101.72438658675149,0.505704165,0.124935411
36,1.9466911244563856e-07,2.945082988121923e-07,1.9466911244563856e-07,0.2298026072648276,122.42982783979842,0.554317534,0.124931298
38,1.9507804583947326e-07,2.997448530465907e-07,1.9507804583947326e-07,0.23095874093044313,125.81966994457422,0.56335628,0.124868251
36,1.8837210857296544e-07,2.7440230653714766e-07,1.8837210857296544e-07,0.22153150866552238,113.13237585524607,0.529066861,0.124852501
36,1.9171696597572732e-07,2.826941254013794e-07,1.9171696597572732e-07,0.22319165490267923,115.04368830261521,0.536784053,0.124677241
35,1.9487804756789882e-07,2.917239728102462e-07,1.9487804756789882e-07,0.2271582914492378,118.74194310542443,0.549215317,0.124765106
38,1.9037892280875232e-07,2.7501371199699726e-07,1.9037892280875232e-07,0.22013295175211334,110.6404992570492,0.52673614,0.124905303
38,1.9061442839955813e-07,2.6853533936696117e-07,1.9061442839955813e-07,0.22008613569222668,107.047153784706,0.514823556,0.124974228
36,1.91617909388308e-07,2.725985680019194e-07,1.91617909388308e-07,0.21949248801625287,107.96952482529926,0.519281089,0.124947771
37,1.944742262139636e-07,2.794209964219106e-07,1.944742262139636e-07,0.22056569471913234,109.25308468868559,0.525706351,0.124938935
36,1.9768353648968957e-07,2.7356998955086067e-07,1.9768353648968957e-07,0.22056964618361286,103.10202351598679,0.510295868,0.125107154
37,1.9497665012507523e-07,2.7229437878705117e-07,1.9497665012507523e-07,0.21944045781449925,104.4943312771364,0.513225317,0.125033051
39,2.0894494565112366e-07,3.381830340203946e-07,2.0894494565112366e-07,0.23934811133967662,136.43544486620195,0.615827858,0.125340134
38,1.9697629953023275e-07,3.102584347942666e-07,1.9697629953023275e-07,0.23398271485609579,131.04432279983354,0.587902784,0.12502858
38,1.988385637260316e-07,3.1772398572394976e-07,1.988385637260316e-07,0.23466407992057728,133.32962072694392,0.604045808,0.125426456
39,1.9664532332167636e-07,3.0572769462763016e-07,1.9664532332167636e-07,0.2324317926367834,127.84724001049375,0.574834466,0.124665596
38,2.220954738731069e-07,3.6687779258264463e-07,2.220954738731069e-07,0.24352935488498342,140.47771290788373,0.640768766,0.124553725
39,2.0663076092710752e-07,3.3575764697687814e-07,2.0663076092710752e-07,0.23848869783318788,136.91681875460878,0.62299341,0.124804311
51,2.755541487624294e-06,4.759777488508933e-06,2.755541487624294e-06,0.6466877820511984,151.07071287817539,1.96134567,0.127919808
58,4.565774271449299e-06,8.02136074955526e-06,4.565774271449299e-06,0.8752672082133922,165.69387720505858,2.60265064,0.125585794
50,2.215887132399981e-06,3.7731428971389384e-06,2.215887132399981e-06,0.5485454171543649,141.42255743569729,1.71660089,0.126703143
48,2.2143553239296646e-06,3.781836064457294e-06,2.2143553239296646e-06,0.5247709211161188,137.42755854222963,1.78819752,0.126667514
47,2.3716190031605834e-06,4.088028918866748e-06,2.3716190031605834e-06,0.5228858623529272,134.8916124968507,1.84931254,0.12615566
47,2.9514862964164936e-06,5.1271084258764e-06,2.9514862964164936e-06,0.5488544673026057,132.67179941357227,1.85999835,0.126038477
50,3.6276590436938566e-06,6.21119103359321e-06,3.6276590436938566e-06,0.5932639612231057,129.88310406054453,1.89790201,0.126256436
49,4.612455461739414e-06,7.908780037996607e-06,4.612455461739414e-06,0.6376179986820929,128.1330450044887,2.09612966,0.125998989
37,2.432629946753898e-07,3.222712525155518e-07,2.432629946753898e-07,0.2422271346323365,97.21917014908757,0.525817633,0.125331938
38,2.5756653663055386e-07,3.4669060715119186e-07,2.5756653663055386e-07,0.2457645232212842,97.36415727830752,0.546482682,0.125756934
36,2.494539563854028e-07,3.3191540560442215e-07,2.494539563854028e-07,0.24236211364733926,96.3875606420391,0.530565381,0.125628278
37,2.4697218040092183e-07,3.310872775726945e-07,2.4697218040092183e-07,0.23867018330516954,95.66828100385379,0.542804241,0.125457928
37,2.582926982092334e-07,3.4733343795228876e-07,2.582926982092334e-07,0.24356797943704253,96.28510006310837,0.548768044,0.125623882
36,2.635150003721624e-07,3.57063469654487e-07,2.635150003721624e-07,0.24849692795672662,98.33793903893412,0.55863601,0.125221953
38,2.8017604181925243e-07,3.8755354558387855e-07,2.8017604181925243e-07,0.25044650299642823,98.63836691274223,0.587029517,0.125265643
37,3.015746795429006e-07,4.2764644988135894e-07,3.015746795429006e-07,0.2551213267676914,100.22468235463548,0.64088124,0.125375256
38,2.884768331931157e-07,4.0614835306644495e-07,2.884768331931157e-07,0.2508230690615264,99.12098843194556,0.630643249,0.125493109
38,2.6640574865044856e-07,3.633974131353095e-07,2.6640574865044856e-07,0.24675540695780263,97.5194292144962,0.570065022,0.125009492
38,2.3504818757846513e-07,3.1057913076630037e-07,2.3504818757846513e-07,0.23783358259580759,96.5232314945117,0.518624008,0.125213191
36,2.346397372731789e-07,3.107288807948976e-07,2.346397372731789e-07,0.2355758893888397,95.59022105518055,0.521090865,0.125118002
36,2.2915719126480529e-07,3.0324004847122414e-07,2.2915719126480529e-07,0.23316986864295242,95.75279130862081,0.516722202,0.12476448
47,2.0171069971038072e-05,3.6926376947375486e-05,2.0171069971038072e-05,1.0959651043752532,133.3716817073326,5.3240881,0.125324771
56,0.00021122408301676334,0.0007232906969638516,0.00021122408301676334,1.4107916468676596,137.39574016417362,47.0902061,0.125446826
48,1.1570968197487875e-05,1.9955195114426112e-05,1.1570968197487875e-05,0.8982394310269436,130.13612427730962,4.23208141,0.125728935
49,7.2061199297397114e-06,1.2324250289862782e-05,7.2061199297397114e-06,0.7499228518097037,127.82913489241004,2.84801197,0.125930205
37,4.851252876964849e-07,7.545353261418436e-07,4.851252876964849e-07,0.29047124369164473,105.26934879977429,0.950709224,0.125175506
39,5.741750415629309e-07,8.936374857274432e-07,5.741750415629309e-07,0.31154831512529724,107.49566990107905,0.993140399,0.125218838
39,1.0213535611697205e-06,1.5937254575013118e-06,1.0213535611697205e-06,0.38721315261444,110.64148327243788,1.15713978,0.125197664
38,2.507601557544776e-06,3.994259812719521e-06,2.507601557544776e-06,0.5339952730121825,115.71010646982677,1.56631613,0.125253692
42,5.6622909752224384e-06,9.27839961138281e-06,5.6622909752224384e-06,0.7171121692592788,122.22097035177019,2.36451674,0.125191763
36,3.9937565965284826e-07,6.134637608583796e-07,3.9937565965284826e-07,0.2680336488656055,102.40687255837994,0.812357187,0.125153333
37,3.4657155167144077e-07,5.168105930886258e-07,3.4657155167144077e-07,0.25896088196977546,101.30432394064016,0.740431845,0.125178441
37,3.2531013283732044e-07,4.7311281592894736e-07,3.2531013283732044e-07,0.25717228651741975,100.73442205737865,0.682524204,0.125138655
36,4.397395491283313e-07,6.805468297713262e-07,4.397395491283313e-07,0.27757934613272706,103.06478071710872,0.862696826,0.125011519
36,2.0865555855648211e-07,2.7739848184621374e-07,2.0865555855648211e-07,0.22745274483427858,98.51715055949673,0.501635194,0.125239611
36,2.107031208376983e-07,2.8009816495699205e-07,2.107031208376983e-07,0.22744813145286177,97.8164112761842,0.501813173,0.12521714
35,2.0521900677579123e-07,2.7441831338805095e-07,2.0521900677579123e-07,0.2256015044935025,98.79537053949593,0.504552245,0.124953218
36,2.1431688614225628e-07,2.8492080524647615e-07,2.1431688614225628e-07,0.22709687842925697,96.68912207585119,0.506070256,0.125193238
35,2.1902941229980748e-07,2.899486267897737e-07,2.1902941229980748e-07,0.2302658070740616,96.38031846947882,0.509537637,0.12517032
36,2.259712555060466e-07,2.9970940874254624e-07,2.259712555060466e-07,0.23174137876738646,96.08845661058504,0.508009911,0.125211418
134,1.748040591909231e-05,2.6462672770284356e-05,1.748040591909231e-05,3.045325823150912,498.24810639066686,3.25027275,0.127198085
71,1.5220432899936718e-05,2.5675800829364778e-05,1.5220432899936718e-05,1.5210104078631967,239.06645006903344,3.59321976,0.128549665
151,0.00020564403873191633,0.0003984748368445593,0.00020564403873191633,6.466018325495238,485.60227905315935,13.7600002,0.124744155
108,1.757645357298228e-05,2.8747264495017344e-05,1.757645357298228e-05,2.1738594842593235,283.40859215704836,4.35909033,0.127816051
56,1.8577996193410246e-05,3.7790746646067174e-05,1.8577996193410246e-05,1.1065509616984932,207.52755602686457,5.3635807,0.125550464
39,3.41823472778498e-07,6.449771696733558e-07,3.41823472778498e-07,0.26758689072999975,165.5176092838033,0.899663746,0.124812648
40,3.1295363264392503e-07,5.868083017081292e-07,3.1295363264392503e-07,0.2598166827443526,162.96180056118482,0.867046297,0.124655031
41,3.1210515229176664e-07,5.804057449555063e-07,3.1210515229176664e-07,0.25904332314599754,160.62784088003,0.840805709,0.124780431
38,2.966907343454462e-07,5.35610151628909e-07,2.966907343454462e-07,0.25897862326307636,156.79631887942708,0.799552023,0.124696255
39,2.6728448531406114e-07,4.7460957145029443e-07,2.6728448531406114e-07,0.25390044203402395,154.35592203709754,0.76339972,0.124530815
45,1.5908795646362434e-06,2.954759226484824e-06,1.5908795646362434e-06,0.4718779934276009,186.19896201541573,1.43871105,0.12522395
46,3.265616980463686e-06,6.226549942016741e-06,3.265616980463686e-06,0.5959188003771061,190.8553543379138,2.10039258,0.125380337
50,5.417444713249742e-06,1.0349080639462828e-05,5.417444713249742e-06,0.720545742204641,195.9802762702688,2.53578591,0.125617996
51,9.555536214193977e-06,1.8640693713287194e-05,9.555536214193977e-06,0.8812818100448522,201.3434471921754,3.43872786,0.125581577
44,6.458551945788637e-07,1.2127262878299964e-06,6.458551945788637e-07,0.3489497194231272,179.5707009274352,1.29883885,0.125108421
44,4.954960116913933e-07,9.674905650519035e-07,4.954960116913933e-07,0.3074776668107505,176.6941739068739,1.17358732,0.12513271
44,4.1845825859019576e-07,8.170248717286195e-07,4.1845825859019576e-07,0.2889319549431445,174.0200171569324,1.08449996,0.125031173
43,1.2891047020781542e-06,2.379060137529373e-06,1.2891047020781542e-06,0.4425213137692055,184.02090924682722,1.46665859,0.125219822
44,8.607833520544688e-07,1.589980638168691e-06,8.607833520544688e-07,0.3870379313908925,181.49552150340944,1.41414273,0.125204608
42,3.6839728101549025e-07,7.15192315266731e-07,3.6839728101549025e-07,0.269466825702305,166.52709998894397,0.981870532,0.124972574
40,3.495198224198693e-07,6.612558756957524e-07,3.495198224198693e-07,0.26909131370400075,163.9001718390472,0.931946874,0.124725893
41,3.974495146347673e-07,7.750221048712672e-07,3.974495146347673e-07,0.2799966997131373,169.86515793144693,1.05250823,0.12497206
43,4.2397301237174134e-07,8.35176572671838e-07,4.2397301237174134e-07,0.2868976078728091,172.12312135113297,1.10247135,0.125063717
40,2.300865378289113e-07,3.8726643395374664e-07,2.300865378289113e-07,0.24673516206411816,144.69041039123428,0.663714468,0.124771692
38,2.4816744726368573e-07,4.3103990367402085e-07,2.4816744726368573e-07,0.25012906872525403,150.67154545979378,0.715495944,0.124716274
40,2.6633651781843543e-07,4.708013681921297e-07,2.6633651781843543e-07,0.252979818864494,152.38677381471308,0.757331252,0.124858253
39,2.676722706384042e-07,4.6325392778474175e-07,2.676722706384042e-07,0.255184994629473,149.21091157160228,0.727841437,0.125007212
39,2.41135969963926e-07,4.1268088172348883e-07,2.41135969963926e-07,0.2490549039302314,147.44337171716768,0.692569673,0.12469729
55,0.0036422298454446647,0.012931156473553907,0.0036422298454446647,1.7037023861954816,172.47189088349458,99.7532959,0.125662684
66,1.6757049336316403e-05,2.8231973824066343e-05,1.6757049336316403e-05,1.5177740512334272,232.5398728738242,3.89304137,0.126472116
65,1.8639049045558378e-05,3.2002628185904366e-05,1.8639049045558378e-05,1.4942890193212897,227.02822772918316,4.59996033,0.125968203
35,2.0136637519302596e-07,2.7270254435892774e-07,2.0136637519302596e-07,0.22389262858317852,100.74432031865847,0.50225538,0.125099078
34,2.0912093325913563e-07,2.8131713899205216e-07,2.0912093325913563e-07,0.22607620185212995,98.93111529607327,0.504904568,0.124952212
36,2.004564396465294e-07,2.745340822355912e-07,2.004564396465294e-07,0.22126190894493128,101.20127905213357,0.509497523,0.124661304
36,1.9412153032005125e-07,2.9575607104665355e-07,1.9412153032005125e-07,0.2279300347251773,122.0197911181791,0.559001148,0.125106737
37,1.9576603393503599e-07,3.0135118296037224e-07,1.9576603393503599e-07,0.22992416822402664,124.53387994963538,0.570328057,0.124982469
35,1.939438038866539e-07,2.8340973380010945e-07,1.939438038866539e-07,0.22207870198813404,112.45522497047938,0.535577536,0.124883674
36,1.9299295012463173e-07,2.872191948213612e-07,1.9299295012463173e-07,0.22378115102189622,116.23831149349216,0.544186592,0.124702141
37,1.912491394560792e-07,2.8893751145659254e-07,1.912491394560792e-07,0.2245361035253969,119.20115166176693,0.555049241,0.125087127
35,1.9639169134688664e-07,2.857278369671846e-07,1.9639169134688664e-07,0.2225001047722102,111.5875570396942,0.535568357,0.12508969
38,1.9212340586125997e-07,2.788433625798644e-07,1.9212340586125997e-07,0.21700345787515954,109.37779594467386,0.532231331,0.124974847
37,1.9349891001791877e-07,2.739183411848211e-07,1.9349891001791877e-07,0.2188541436986182,106.19423999850271,0.518524289,0.124932677
36,1.9394360604494109e-07,2.7593722302175843e-07,1.9394360604494109e-07,0.21864450097284033,107.04971224000218,0.523933291,0.124909505
37,1.9491045198067363e-07,2.71116028643744e-07,1.9491045198067363e-07,0.2181006518322778,103.00442967961202,0.514177024,0.125002936
35,1.9755845063417414e-07,2.7828444376277424e-07,1.9755845063417414e-07,0.21872400484267102,104.66322642075232,0.516701162,0.124653533
38,2.108511476308264e-07,3.391149263301796e-07,2.108511476308264e-07,0.23780278280468953,133.3245323726004,0.617904961,0.125209123
37,2.017449790455114e-07,3.183440348224615e-07,2.017449790455114e-07,0.23385471406716032,129.87262416198953,0.59687072,0.125035167
37,2.0876311433756877e-07,3.3305788827556243e-07,2.0876311433756877e-07,0.23774726232263468,132.02327370394357,0.614174187,0.125060052
36,2.041444281973771e-07,3.187295256372359e-07,2.041444281973771e-07,0.23370182993683458,126.61298704620552,0.586885273,0.124822453
37,2.2282583727422051e-07,3.657221314068206e-07,2.2282583727422051e-07,0.24468275711660356,138.92225969480714,0.644004166,0.124644861
37,2.1895499307889314e-07,3.5529105053320136e-07,2.1895499307889314e-07,0.24255018024304859,135.94024880502377,0.631127775,0.124784328
55,3.1410402537674448e-06,5.437592136679514e-06,3.1410402537674448e-06,0.6701937760716459,148.99530029563812,2.10308146,0.128192544
63,8.358353254614468e-06,1.4906372897187842e-05,8.358353254614468e-06,1.1760562241180463,183.3181910755334,3.32903743,0.123914368
51,2.614441571321216e-06,4.411194406523627e-06,2.614441571321216e-06,0.5806900996539744,138.26659239912564,1.78303647,0.12888445
49,2.6443363077581626e-06,4.496678414847672e-06,2.6443363077581626e-06,0.5488955350250504,133.6048025165791,1.9019835,0.126758754
49,3.206246208861178e-06,5.4701136590335925e-06,3.206246208861178e-06,0.5730519157021733,130.93409452519805,1.88077343,0.126377687
49,3.843940211444197e-06,6.545309224556824e-06,3.843940211444197e-06,0.6097322849057157,129.24397904761565,1.91799343,0.126528203
52,5.423253420865163e-06,9.2763798896036e-06,5.423253420865163e-06,0.6745356138066657,127.10180779698152,2.24988508,0.126189351
36,2.406217727376586e-07,3.1908333226218125e-07,2.406217727376586e-07,0.23883749320566727,95.94135129994517,0.52214545,0.125449255
37,2.4045702977761436e-07,3.202672633986287e-07,2.4045702977761436e-07,0.23698667254846084,95.59948025217096,0.533744991,0.125568464
36,2.483658710497259e-07,3.3363224839939325e-07,2.483658710497259e-07,0.23824812597174017,95.47337672448477,0.548106432,0.125316292
37,2.447390151029227e-07,3.2683101203887044e-07,2.447390151029227e-07,0.2361606520778538,94.57014744733308,0.535884321,0.125463158
37,2.4883492669318054e-07,3.3633617695107957e-07,2.4883492669318054e-07,0.23450869960696075,94.30934231607623,0.549926817,0.125496089
36,2.61819689070357e-07,3.531907751644113e-07,2.61819689070357e-07,0.24378758724042543,95.91080864043545,0.557635725,0.125695005
37,2.5895539614891815e-07,3.514606176797481e-07,2.5895539614891815e-07,0.2433219391421981,96.767855111456,0.564245641,0.125745639
38,2.809784135960418e-07,3.908217278802502e-07,2.809784135960418e-07,0.24770155242099473,97.82156461737179,0.603055775,0.124871157
37,3.090475217382907e-07,4.446182563703993e-07,3.090475217382907e-07,0.25258610210443694,99.2251333555155,0.657418728,0.125172213
36,2.9202391029312786e-07,4.125046320514647e-07,2.9202391029312786e-07,0.24962088718681272,98.2246373167233,0.633132577,0.125061274
38,2.725041454422186e-07,3.7405178556835726e-07,2.725041454422186e-07,0.24559267351059555,96.82434794455135,0.584662259,0.125241458
35,2.3444248966869652e-07,3.1164208519502404e-07,2.3444248966869652e-07,0.2333731297496642,95.07642494759556,0.524449706,0.124990679
38,2.3583597672838178e-07,3.128511803850796e-07,2.3583597672838178e-07,0.23505346656460993,95.36965894486926,0.524721801,0.125422925
35,2.3196423776111338e-07,3.0830832433307437e-07,2.3196423776111338e-07,0.23214471846128007,94.9725272489037,0.517818987,0.124798782
36,2.2443285534099488e-07,2.982478457790749e-07,2.2443285534099488e-07,0.23016135030883414,95.69062591370964,0.511930227,0.125077963
36,2.2735340476609426e-07,3.0264546425845885e-07,2.2735340476609426e-07,0.229542135298501,94.93254904448646,0.515302837,0.124997094
55,4.826695527263017e-05,0.00010100313843976195,4.826695527263017e-05,1.447293667756262,141.97908301832672,14.3330765,0.125469163
46,8.74679928988586e-06,1.4548901476129319e-05,8.74679928988586e-06,0.8488121064037831,125.7012336159857,3.0707078,0.12535347
47,1.0228272421848698e-05,1.756417205586428e-05,1.0228272421848698e-05,0.8535735718318465,128.34760149244036,3.70141506,0.125979409
34,3.8864097797742336e-05,0.00013829441792692073,3.8864097797742336e-05,0.38540770665961405,93.85964662283232,20.8191776,0.125798926
51,7.229761217870445e-06,1.2308974336514376e-05,7.229761217870445e-06,0.7498735625249555,126.66073350278536,2.79878569,0.126166046
37,4.696608754213546e-07,7.358977123451752e-07,4.696608754213546e-07,0.2835901157198749,104.12930811016682,0.945690036,0.125118434
40,5.178701923084654e-07,8.152280225716521e-07,5.178701923084654e-07,0.2947356776040913,104.50555534219063,1.03662455,0.125216782
41,6.881359274994914e-07,1.0756548496584886e-06,6.881359274994914e-07,0.3326277793194895,108.00265918349186,1.13170707,0.125221625
40,1.0997574159654645e-06,1.7167674840533913e-06,1.0997574159654645e-06,0.3963672928236192,109.9846439446343,1.23012233,0.125288114
40,1.6175985020795004e-06,2.551425395855303e-06,1.6175985020795004e-06,0.4536131856175871,111.95473316619353,1.33293366,0.125334293
41,3.379791665575625e-06,5.3803062946960046e-06,3.379791665575625e-06,0.5969189569756665,116.38821695790267,1.77984095,0.125239342
43,5.257629794967496e-06,8.452244201026938e-06,5.257629794967496e-06,0.7073484133518441,120.32732741109619,2.17457199,0.125186369
38,3.6201663937211237e-07,5.461261796237065e-07,3.6201663937211237e-07,0.2592718574668177,100.80490595096988,0.770098567,0.125304908
37,4.0435436637813536e-07,6.205176722226667e-07,4.0435436637813536e-07,0.26662554137779054,101.01045423759975,0.830058932,0.125158489
37,3.3362533960578974e-07,4.883090667005167e-07,3.3362533960578974e-07,0.2565524597152198,99.72941104935356,0.705235541,0.125250995
39,4.3657899486666803e-07,6.791265301589614e-07,4.3657899486666803e-07,0.27380397770095294,102.0661556609865,0.906308711,0.125313625
36,2.1227490665421015e-07,2.8511621594826697e-07,2.1227490665421015e-07,0.22510659358190874,97.67093963201101,0.507482111,0.124599397
36,2.1427509872309036e-07,2.8772506538254945e-07,2.1427509872309036e-07,0.22438273305761935,96.32857169121891,0.510249615,0.124685422
33,2.2289250045160416e-07,2.972387114791339e-07,2.2289250045160416e-07,0.22817266140285627,95.49178335177156,0.512435138,0.125121608
36,2.219544013077691e-07,2.9549720846868594e-07,2.219544013077691e-07,0.2284153339321268,95.7283833925414,0.507548213,0.125359461
174,2.5226335913395097e-05,3.7187446693882785e-05,2.5226335913395097e-05,4.053326064388603,617.218168120756,3.88455367,0.128660068
107,1.882017606349903e-05,2.855343351878902e-05,1.882017606349903e-05,2.596381243205989,321.3524610245666,3.38330746,0.129477039
217,0.00025202280005487957,0.0003951394644458811,0.00025202280005487957,9.488041869515154,443.2843407579549,9.032691,0.123462982
59,1.8365609528946956e-05,3.695825636239232e-05,1.8365609528946956e-05,1.1718118130199435,211.77570438592556,5.43160391,0.125662297
40,3.327413190104733e-07,6.248538186016421e-07,3.327413190104733e-07,0.26302386379786097,162.12560917239028,0.880706429,0.124876611
40,3.1800321650408655e-07,5.855212118485326e-07,3.1800321650408655e-07,0.2622167360876654,158.33863364922664,0.853545725,0.12486279
39,2.830643195098573e-07,5.055878730721313e-07,2.830643195098573e-07,0.25695538155564207,154.42736759875132,0.783668637,0.124685258
39,3.0200253959200443e-07,5.407345350581685e-07,3.0200253959200443e-07,0.2603567748496137,154.22078509871005,0.811137617,0.124793589
47,2.393426664687541e-06,4.501130088613809e-06,2.393426664687541e-06,0.5383686714584468,188.4956353057343,1.74056125,0.125288889
47,4.278401480005472e-06,8.122643635740094e-06,4.278401480005472e-06,0.6622865311062068,192.72606407997225,2.33141184,0.12554276
51,7.410245250221998e-06,1.429448303418573e-05,7.410245250221998e-06,0.8031237365669691,198.25002898568397,2.90419626,0.125638008
53,1.0386674751920597e-05,2.015453015994664e-05,1.0386674751920597e-05,0.9457223300744594,204.70188152245228,3.78042054,0.125772879
42,6.369203211874468e-07,1.2062975238029557e-06,6.369203211874468e-07,0.344463940599887,178.19353139550037,1.29968846,0.125179127
46,5.324960224593452e-07,1.0566536388211126e-06,5.324960224593452e-07,0.3139770509181048,175.99081307564504,1.2961508,0.125241131
42,4.7040191271234923e-07,9.213470801514597e-07,4.7040191271234923e-07,0.29919834798131834,173.8173239737036,1.14171576,0.125244051
47,1.7295105588796137e-06,3.226071801620763e-06,1.7295105588796137e-06,0.4838434549629485,185.68026682298185,1.50019753,0.125339046
46,9.883032347963425e-07,1.838140674743993e-06,9.883032347963425e-07,0.40340010953752403,181.4261947251704,1.52369332,0.12523897
43,3.8278018624463866e-07,7.430225824346866e-07,3.8278018624463866e-07,0.27413424295437455,166.76623746489526,1.00105488,0.12492203
41,3.5821012536204513e-07,6.883857531087936e-07,3.5821012536204513e-07,0.2668674225024426,163.26164352275944,0.973751247,0.124910206
39,3.423973208504956e-07,6.432135277023006e-07,3.423973208504956e-07,0.264995459310279,160.15179120631944,0.903973162,0.124830954
42,4.255712429329593e-07,8.346964247506035e-07,4.255712429329593e-07,0.2860677472764986,169.94683981416028,1.09874177,0.125043541
44,4.6124026055249694e-07,9.198823812221963e-07,4.6124026055249694e-07,0.29373168621670903,171.98309331183052,1.19861352,0.12514542
39,2.3626096280133686e-07,3.9806894862101614e-07,2.3626096280133686e-07,0.24738279271173566,143.4262163910811,0.679792941,0.124774292
39,2.5287866677386106e-07,4.326589952922027e-07,2.5287866677386106e-07,0.2521597624899594,147.35184643298857,0.7090047,0.124582879
40,2.7669791287216937e-07,4.844687972592526e-07,2.7669791287216937e-07,0.2554471955861197,149.93726681959447,0.752493918,0.125208423
39,2.670843882276665e-07,4.5724360192065924e-07,2.670843882276665e-07,0.2553653979959249,146.32565004460466,0.72952348,0.124849312
49,0.0013079846808091823,0.005864363952277862,0.0013079846808091823,0.798853421775373,171.41306668206505,106.373085,0.125791579
181,2.8415785836139577e-05,4.056561828649639e-05,2.8415785836139577e-05,4.3015763066138275,607.7725680268564,4.10496902,0.126456708
36,2.0021162687755563e-07,2.706662365237008e-07,2.0021162687755563e-07,0.22227634207595356,99.91334167153728,0.505873621,0.125136271
36,2.027030040414466e-07,2.731328461776586e-07,2.027030040414466e-07,0.222302305903078,98.70587145009222,0.504767001,0.125375897
36,1.9996598634436705e-07,2.769536614838655e-07,1.9996598634436705e-07,0.2191579758600903,101.82244785979795,0.513234079,0.124818608
35,2.0147198664101695e-07,2.7613037591431734e-07,2.0147198664101695e-07,0.21992913428088398,100.2308695196681,0.512148619,0.124808244
35,2.0432876316693118e-07,2.7833022797088405e-07,2.0432876316693118e-07,0.22175604871355303,99.68050152397133,0.508109152,0.125118449
37,1.948813791041514e-07,2.9778861769379445e-07,1.948813791041514e-07,0.22780956009382072,122.29885984674056,0.568664312,0.12503773
36,1.9376668013393263e-07,2.8823727621024725e-07,1.9376668013393263e-07,0.22115159611798485,114.46963324417902,0.548336029,0.124874495
36,1.9771747316476844e-07,2.9113063973266807e-07,1.9771747316476844e-07,0.22049555640488444,111.92391449193039,0.54513973,0.125038311
37,1.9152519705873047e-07,2.882378742982622e-07,1.9152519705873047e-07,0.22278205374925591,117.57087155159783,0.552461743,0.125076637
37,1.9854185958889222e-07,3.0311157795718267e-07,1.9854185958889222e-07,0.22619655247095583,119.93466282257013,0.563392758,0.125236124
37,1.94821065369509e-07,2.851203564110823e-07,1.94821065369509e-07,0.21767899777229074,110.36224943736303,0.538820982,0.125075266
37,1.9443450261623947e-07,2.799408113764161e-07,1.9443450261623947e-07,0.21631670518087812,107.2160216985933,0.531789184,0.12481612
36,1.9514657810976168e-07,2.774548038015396e-07,1.9514657810976168e-07,0.21632429209766088,105.37300828971,0.524210095,0.124918409
35,1.998126443637624e-07,2.8064019980416496e-07,1.998126443637624e-07,0.21801503698156713,103.32079914988185,0.519138515,0.124930844
36,1.9768461927754147e-07,2.802579300516025e-07,1.9768461927754147e-07,0.21700546459357714,104.6745390322373,0.524176061,0.124971353
38,2.224920401034166e-07,3.585713154356267e-07,2.224920401034166e-07,0.2431496424896978,134.6010032871967,0.630718589,0.124857984
37,2.0443048663936588e-07,3.232175033443795e-07,2.0443048663936588e-07,0.2344650577296575,129.1324195122761,0.604752243,0.124821588
39,2.1305753360576983e-07,3.406486072769143e-07,2.1305753360576983e-07,0.23722122129384043,130.82603053567357,0.619926989,0.124831736
37,2.0282139828905627e-07,3.149398161108712e-07,2.0282139828905627e-07,0.23221687763314838,125.38079725991419,0.581747293,0.124864765
38,2.3671987436209246e-07,3.916440010302248e-07,2.3671987436209246e-07,0.2489342332851687,140.7435947236107,0.667016149,0.124857321
38,2.2462126421521764e-07,3.671391510602495e-07,2.2462126421521764e-07,0.24443678241035274,137.02051943524847,0.642275631,0.124734268
54,3.7503499578909624e-06,6.538359275568493e-06,3.7503499578909624e-06,0.73286384176908,151.8458105613256,2.37002468,0.127674639
68,9.822506982143451e-06,1.750733119498453e-05,9.822506982143451e-06,1.254664868679005,183.5160616866355,3.7250371,0.119896315
54,3.3294483120373073e-06,5.662644384818737e-06,3.3294483120373073e-06,0.6438674027405603,139.70669302160664,2.07908344,0.130319566
47,2.9244568174515982e-06,4.950695759263969e-06,2.9244568174515982e-06,0.5737172859110896,133.39193890020465,1.8355366,0.127874076
48,3.4578612769763796e-06,5.821875914820854e-06,3.4578612769763796e-06,0.6030965708308889,131.01267188154637,1.89241052,0.126743019
48,4.234099823504105e-06,7.156169894217645e-06,4.234099823504105e-06,0.6379209549258626,128.28981536077495,1.97690618,0.126448721
50,5.008393763571279e-06,8.460848311396127e-06,5.008393763571279e-06,0.6662889370529478,126.71237537157299,2.14563775,0.126361966
36,2.4013891481592816e-07,3.204839937403125e-07,2.4013891481592816e-07,0.23432374104127374,94.64697882105914,0.53195262,0.125372276
38,2.50603816346325e-07,3.3968458851413603e-07,2.50603816346325e-07,0.23535675303132986,94.62018392629518,0.557314157,0.125359386
38,2.398465884981552e-07,3.2188337607732515e-07,2.398465884981552e-07,0.23208994009375164,94.29443732241091,0.539267004,0.12536405
37,2.4897900971143324e-07,3.3731983739998087e-07,2.4897900971143324e-07,0.23260264436303704,93.7722674327861,0.549452484,0.125523612
36,2.6227865572132493e-07,3.5642710394884985e-07,2.6227865572132493e-07,0.24076670655127658,95.05444829179233,0.565803051,0.125488862
38,2.618320180501211e-07,3.581251791381024e-07,2.618320180501211e-07,0.24044411329997728,95.77166010638149,0.577039421,0.125650674
38,2.745235771327016e-07,3.82828524416241e-07,2.745235771327016e-07,0.24324439405108436,96.78539789055887,0.610858202,0.125136018
39,2.9153395339498556e-07,4.154123895809393e-07,2.9153395339498556e-07,0.24652251307386225,97.97463857530202,0.642692864,0.125316069
38,3.1801180324175453e-07,4.615240826937127e-07,3.1801180324175453e-07,0.25112845131214007,98.25078715787383,0.677391231,0.12518397
37,2.868839981259816e-07,4.0211316147251015e-07,2.868839981259816e-07,0.2459829316332044,96.81005769796798,0.621090412,0.125065088
38,2.678867013208061e-07,3.7021287052968455e-07,2.678867013208061e-07,0.24045098166837528,95.67811440475501,0.596406221,0.125492275
37,2.3459126435656065e-07,3.1343885929471963e-07,2.3459126435656065e-07,0.2307979353700699,94.31847850141138,0.52321583,0.125467137
35,2.3080414898884197e-07,3.076444377634596e-07,2.3080414898884197e-07,0.22878535554138724,94.14623666691885,0.523379147,0.125329107
35,2.2545629708562052e-07,3.010512738426491e-07,2.2545629708562052e-07,0.2277456436066855,94.93444985587114,0.51420778,0.125061676
38,2.2505912922248233e-07,3.0184506097863793e-07,2.2505912922248233e-07,0.22540094593821908,94.32128516492581,0.521212995,0.125146791
49,2.0154218675747178e-05,3.6274687522893724e-05,2.0154218675747178e-05,1.1523285600501725,134.63338291329603,5.47584534,0.125566944
53,9.272763063701408e-06,1.5872069373636423e-05,9.272763063701408e-06,0.8270209892341842,128.2955082871684,3.66954851,0.125864118
59,2.8851934695534766e-05,6.677493481428575e-05,2.8851934695534766e-05,1.1657418553471817,138.29230174041513,14.7900724,0.125939012
50,6.611996770098288e-06,1.1214888050140407e-05,6.611996770098288e-06,0.7308004431515408,126.25005938640282,2.88176417,0.126030937
39,5.436709886587166e-07,8.581355996675791e-07,5.436709886587166e-07,0.2960931998881716,103.35592910432572,1.0756247,0.125190973
40,7.076180290638531e-07,1.1206173544481196e-06,7.076180290638531e-07,0.33080337086639205,106.06425000469255,1.22474694,0.125432998
41,6.052768007587377e-07,9.569408730902575e-07,6.052768007587377e-07,0.31108742515247934,103.80736671104125,1.18255246,0.125183865
38,4.845097858155701e-07,7.539080276731909e-07,4.845097858155701e-07,0.286210256155814,102.35090699784635,0.983371913,0.125420466
39,9.93760780406047e-07,1.5619523498401793e-06,9.93760780406047e-07,0.3775331881809511,108.35106938420584,1.2928834,0.125517488
40,1.969962504159709e-06,3.0916170920679205e-06,1.969962504159709e-06,0.48803561307059057,111.65336868958781,1.37727976,0.125552341
43,4.321164912098339e-06,6.839200899646344e-06,4.321164912098339e-06,0.6612059179892802,116.89550648823446,2.05862665,0.12547268
38,3.634890868041459e-07,5.505856702981293e-07,3.634890868041459e-07,0.2566503411353242,99.48378897906338,0.776311219,0.125081807
38,4.0813311178959755e-07,6.279018829218238e-07,4.0813311178959755e-07,0.2666684226342536,100.68853826244775,0.842162907,0.125184283
39,3.323370047034661e-07,4.891495981420142e-07,3.323370047034661e-07,0.25325619670015626,98.72084289132464,0.704785287,0.125092909
36,4.6130121154274174e-07,7.113574065126052e-07,4.6130121154274174e-07,0.2786898621083197,100.32414463817035,0.915120602,0.125375956
36,2.10609896434524e-07,2.8428619299809414e-07,2.10609896434524e-07,0.22372267249640546,97.89599116073978,0.508076906,0.124812946
37,2.0914278343323844e-07,2.8183230453070275e-07,2.0914278343323844e-07,0.2222375025224405,97.11086704621468,0.508053839,0.124800369
35,2.1435671700064213e-07,2.8711162006886455e-07,2.1435671700064213e-07,0.22388800489626529,96.05996183052481,0.508718848,0.125076219
35,2.1529893833530428e-07,2.899337369185172e-07,2.1529893833530428e-07,0.22243476422236877,95.63617266093321,0.509599507,0.125010937
33,2.274175494354123e-07,3.047001351980916e-07,2.274175494354123e-07,0.22727128077632797,94.874456539134,0.517544389,0.125193104
96,1.449098048323526e-05,2.2899087298896165e-05,1.449098048323526e-05,1.8606406978591068,277.6243750858921,3.19730926,0.127379775
151,0.00013387794277380495,0.00020076377778964258,0.00013387794277380495,6.756335401036196,380.9042342154693,7.45603943,0.128637493
122,2.261133767498652e-05,3.5354649020150036e-05,2.261133767498652e-05,2.8407607504083052,390.0575322005777,3.6634984,0.132037193
166,0.00015028343980063197,0.0002397011108724327,0.00015028343980063197,7.141980089245897,395.93488011953093,9.44949055,0.124808066
65,1.7331814265192823e-05,3.489162070927424e-05,1.7331814265192823e-05,1.1948850959977426,214.7676131354633,5.72047997,0.126094162
41,3.233671433063411e-07,5.943060648528127e-07,3.233671433063411e-07,0.26384096968157267,157.63175898628322,0.85302639,0.124700166
40,3.0017227965651436e-07,5.354941650413724e-07,3.0017227965651436e-07,0.2613420349163119,153.39512158770953,0.810875833,0.124752559
48,2.4676282225247335e-06,4.625772368979534e-06,2.4676282225247335e-06,0.5471597773762811,188.29569573745962,1.82847571,0.12551035
50,6.40444632477152e-06,1.2254933555543747e-05,6.40444632477152e-06,0.77084795667705,197.2866843169806,2.79058599,0.125737324
49,3.775775757569655e-06,7.137085193586461e-06,3.775775757569655e-06,0.6359386166665267,191.72597497423126,2.12783933,0.125627846
59,9.791416324516296e-06,1.856906152837652e-05,9.791416324516296e-06,0.9865580375954743,207.7887342689133,3.89058971,0.126438528
44,6.815218083805256e-07,1.299296132179464e-06,6.815218083805256e-07,0.34987848221415846,178.10527748947504,1.41900527,0.125264332
44,5.246733920989455e-07,1.0366707229614818e-06,5.246733920989455e-07,0.31333486969981483,174.5176557621152,1.31924748,0.125201941
46,6.163004444462934e-07,1.2090675028110273e-06,6.163004444462934e-07,0.33370243959946483,176.27132058517807,1.44618249,0.125239715
47,1.6385184054462708e-06,3.0340913153617778e-06,1.6385184054462708e-06,0.47758911080869315,184.55275134985573,1.61274171,0.125544474
45,1.0051457195181083e-06,1.8688934750574652e-06,1.0051457195181083e-06,0.4060821830863021,180.4647667135838,1.56470096,0.125355437
42,4.1332137361069895e-07,8.110707160086405e-07,4.1332137361069895e-07,0.28171945858885666,167.74217037435253,1.07495058,0.125082016
41,3.8679144946087317e-07,7.452808879675305e-07,3.8679144946087317e-07,0.2762906564460547,164.52473174219787,1.01580238,0.125007227
40,3.8123763547660393e-07,7.278657270100626e-07,3.8123763547660393e-07,0.27391736150715595,162.3325286521228,0.994463146,0.125045851
40,3.649370367919953e-07,6.905653360320945e-07,3.649370367919953e-07,0.2701743706760893,160.54596939853448,0.939339042,0.124795198
39,3.490604154482887e-07,6.475178861875925e-07,3.490604154482887e-07,0.2688174061194148,157.4066820430262,0.898964763,0.124577023
42,4.483925236829636e-07,8.878716646191958e-07,4.483925236829636e-07,0.2895513857837688,168.86086966947414,1.15891027,0.125344545
43,4.764411770632614e-07,9.47397132596042e-07,4.764411770632614e-07,0.29782130831320125,170.27370042443383,1.24774647,0.125020102
44,5.295927301191836e-07,1.058174826916272e-06,5.295927301191836e-07,0.31245159355308705,172.9502778836919,1.39140725,0.125150532
39,2.427368737126528e-07,4.083443224910876e-07,2.427368737126528e-07,0.24980909193018533,142.97960954882404,0.684000373,0.124796577
40,2.9527959835042505e-07,5.186213087480448e-07,2.9527959835042505e-07,0.2610019091410642,150.4684007041653,0.780974865,0.124982007
40,2.869020030545705e-07,4.991136406349362e-07,2.869020030545705e-07,0.2586837285801776,147.45951202758266,0.769527912,0.124954663
40,2.702793030321996e-07,4.603285349592318e-07,2.702793030321996e-07,0.25535699160127234,143.67100623115692,0.730509877,0.124697171
39,2.5659711438629644e-07,4.3407225997750907e-07,2.5659711438629644e-07,0.2521891818311519,143.8051805685548,0.712591171,0.124384508
45,0.001413494639227031,0.006549046747659251,0.001413494639227031,0.7913093453035073,172.50767627788625,110.830704,0.126478925
127,2.148847151151608e-05,3.439769674998869e-05,2.148847151151608e-05,2.503266745052115,371.86066158933465,3.52298856,0.127616301
36,2.0391040813335046e-07,2.7716959039619567e-07,2.0391040813335046e-07,0.22024805463304484,98.722268763923,0.50671804,0.125231922
37,1.9906239437720769e-07,2.780044051076644e-07,1.9906239437720769e-07,0.21618723023683736,101.59776468763812,0.518398762,0.125059381
35,2.0282637559491918e-07,2.792515062867325e-07,2.0282637559491918e-07,0.21818866974808165,99.70116652298611,0.513818681,0.125132814
38,2.00816592327844e-07,2.75393731156142e-07,2.00816592327844e-07,0.21739675646926002,99.04961292538913,0.513428748,0.124905407
36,2.0179323001823453e-07,3.112290887538139e-07,2.0179323001823453e-07,0.22961720978711103,122.89495029418921,0.576651692,0.124882177
34,2.0029239046215607e-07,2.986734203110928e-07,2.0029239046215607e-07,0.22282361584113092,114.0632496763402,0.551544428,0.125042886
35,1.9874979026637792e-07,2.9521950762329484e-07,1.9874979026637792e-07,0.21914855350232462,111.88256470835545,0.549801409,0.125079155
35,1.9929640980071413e-07,3.001544869812749e-07,1.9929640980071413e-07,0.22467169518022553,117.03223780616679,0.558806658,0.125287727
36,2.0616548470733808e-07,3.1687244235041665e-07,2.0616548470733808e-07,0.22955140501892504,121.01159289112562,0.574646711,0.125044972
36,1.9996116284294168e-07,3.055389102931066e-07,1.9996116284294168e-07,0.22459143152724578,118.42477296279917,0.572947204,0.125161976
36,1.9734918348704866e-07,2.8870662896354386e-07,1.9734918348704866e-07,0.21706118518320577,109.0210712676091,0.543109357,0.125008121
37,1.9673267258529666e-07,2.8289603216249806e-07,1.9673267258529666e-07,0.21611325416478502,106.44106782206234,0.53335166,0.124826729
36,2.018450950700145e-07,2.9319030712222494e-07,2.018450950700145e-07,0.21611995041643872,106.69383610156098,0.541648328,0.125085607
34,1.9998371141673474e-07,2.829396504122408e-07,1.9998371141673474e-07,0.21629328308145626,103.1681248225639,0.526374817,0.125027284
37,1.954387642226125e-07,2.8000040734156107e-07,1.954387642226125e-07,0.21377764155251155,104.6876048305633,0.531835079,0.12494047
38,2.2657190333680748e-07,3.661597187171975e-07,2.2657190333680748e-07,0.24462271865694246,134.02711965506865,0.641148329,0.124794185
37,2.0683754334816543e-07,3.2591062028613145e-07,2.0683754334816543e-07,0.23278143710904572,126.56412420679398,0.600436449,0.124922089
37,2.172941342517167e-07,3.451904461516449e-07,2.172941342517167e-07,0.2374906411840585,128.31108238013792,0.61757046,0.125004649
36,2.2878034699770187e-07,3.654364486953602e-07,2.2878034699770187e-07,0.24386574940202835,130.66028512522615,0.634947479,0.125152081
39,2.4204335024041335e-07,4.0088212613311653e-07,2.4204335024041335e-07,0.24911190958421775,139.49214249107786,0.675786316,0.124832697
38,2.352871071379551e-07,3.844720568780302e-07,2.352871071379551e-07,0.24807625944968423,136.81206423257868,0.666999638,0.124780558
57,5.5692664489186754e-06,9.907887819686138e-06,5.5692664489186754e-06,0.8827773543423373,158.02903456403234,2.92496276,0.129978046
74,1.3993830272786524e-05,2.4015832855795624e-05,1.3993830272786524e-05,1.623509766411729,193.37950081983152,4.24414682,0.12234547
56,4.7547526192333414e-06,8.300647044534555e-06,4.7547526192333414e-06,0.7877053036742382,148.79931386381884,2.76043057,0.129864827
52,3.2635191985874387e-06,5.471091814123076e-06,3.2635191985874387e-06,0.6171276001916152,135.16179863497157,1.85837448,0.128209323
53,3.6420851716479996e-06,6.085747847376757e-06,3.6420851716479996e-06,0.632321804136248,132.07108855410462,1.87261546,0.12709415
47,4.02833216438276e-06,6.709827610008377e-06,4.02833216438276e-06,0.6478236719831872,129.78012922258014,1.90670276,0.127076894
50,4.591173443656664e-06,7.670306680610485e-06,4.591173443656664e-06,0.6629727494032018,127.75713363727148,2.02843285,0.126313031
37,2.3630770774087693e-07,3.161886543121123e-07,2.3630770774087693e-07,0.23109649693235362,94.35263822732387,0.532164276,0.125513345
37,2.591516591428273e-07,3.5373552813923953e-07,2.591516591428273e-07,0.2356644381634112,94.18602292316575,0.568898678,0.125489116
36,2.4388140094166414e-07,3.2923125844519184e-07,2.4388140094166414e-07,0.23054533150686385,93.56672902967897,0.542051196,0.125402018
38,2.4255821075826446e-07,3.3145116586992937e-07,2.4255821075826446e-07,0.22701202184788136,93.38455705152536,0.556985319,0.12535429
38,2.512007875832555e-07,3.4339920101176204e-07,2.512007875832555e-07,0.2309181865275334,93.6753745905798,0.565224707,0.125627384
37,2.6085513114996606e-07,3.5725967876852655e-07,2.6085513114996606e-07,0.2376250586680412,94.8222099744855,0.577028036,0.125374168
39,2.639873642727707e-07,3.642396204591507e-07,2.639873642727707e-07,0.23801842897338124,95.13810613112726,0.590445757,0.125536829
36,2.811248667285275e-07,3.9195222132577805e-07,2.811248667285275e-07,0.242034267771261,95.36100452959637,0.608864605,0.125403598
38,2.9748155511556035e-07,4.2453753118638336e-07,2.9748155511556035e-07,0.24569583668822298,96.6762357531025,0.650809228,0.125307366
37,3.1604474460629376e-07,4.561759577841156e-07,3.1604474460629376e-07,0.2502370597381561,97.31055091298374,0.670771658,0.125277579
38,3.3331626568894253e-07,4.894580108799325e-07,3.3331626568894253e-07,0.25180339279202396,97.48105781797025,0.705889046,0.125164032
35,2.312946853999575e-07,3.1090551527171457e-07,2.312946853999575e-07,0.22684240684118584,93.88787888435384,0.527820289,0.125399053
36,2.3093021563786896e-07,3.1175593775250234e-07,2.3093021563786896e-07,0.22495463888104897,93.61513754886894,0.530171812,0.125329018
37,2.2193272744085677e-07,2.9862927882884413e-07,2.2193272744085677e-07,0.22331417856842817,94.45597216732969,0.520649552,0.125161499
37,2.2356280490523002e-07,3.015334954877557e-07,2.2356280490523002e-07,0.22252563907184694,93.80986057801162,0.522915542,0.125248015
50,1.4658005386820282e-05,2.488069847693184e-05,1.4658005386820282e-05,1.0807825915562201,133.40792376787482,4.56575203,0.125518203
51,1.036038597939694e-05,1.814646529898743e-05,1.036038597939694e-05,0.8618970530397723,129.08438676895832,4.6540246,0.126067966
37,6.038790142853733e-06,1.6968125187575564e-05,6.038790142853733e-06,0.31388129751376864,90.36044621171072,6.7005105,0.125911593
50,5.786084154418623e-06,9.758938820413803e-06,5.786084154418623e-06,0.7129856287868098,127.85708890753705,2.68153453,0.126539633
54,9.545030683973418e-06,1.6784136192859362e-05,9.545030683973418e-06,0.8294962406526926,128.29704851185693,4.698452,0.126550093
41,5.583014379586697e-07,8.838491231228221e-07,5.583014379586697e-07,0.2980983967977825,102.20716590021125,1.10669935,0.125292614
41,7.954639543794148e-07,1.2600019446533312e-06,7.954639543794148e-07,0.3456314305380248,105.61259816772848,1.33570158,0.125495896
39,6.95511297328506e-07,1.0970274160076275e-06,6.95511297328506e-07,0.32534412440114174,102.76298960843505,1.27035236,0.125233606
38,5.007732111873109e-07,7.796870859888987e-07,5.007732111873109e-07,0.2855000446636699,100.41420239952669,1.0079937,0.1253272
41,1.231706321739949e-06,1.9308832478994134e-06,1.231706321739949e-06,0.4067571068056005,107.87096943274605,1.42976546,0.125726342
41,2.187910852625798e-06,3.435255082202104e-06,2.187910852625798e-06,0.5051897384953014,110.94787185468033,1.47365844,0.125697762
43,2.6508527938421105e-06,4.160270998242253e-06,2.6508527938421105e-06,0.5439141978207992,111.93293976213046,1.55548835,0.125633478
45,5.630330352436332e-06,8.78741369471074e-06,5.630330352436332e-06,0.7465818962420598,118.41582793759413,2.05604053,0.125559822
52,1.0816905974032404e-05,1.782907661831495e-05,1.0816905974032404e-05,0.9704885826077825,128.73605291380062,3.80077767,0.125609681
39,3.5711072458682965e-07,5.346925010285005e-07,3.5711072458682965e-07,0.25552216811862544,98.41800750263117,0.746363819,0.125017777
37,4.1194704188240355e-07,6.292750177791749e-07,4.1194704188240355e-07,0.26549885654981514,98.89452545351331,0.823088765,0.124934092
40,4.237113475270266e-07,6.525453377439973e-07,4.237113475270266e-07,0.26771616734836534,99.7195712748202,0.857326388,0.125088006
36,2.0878857164587153e-07,2.839898880605991e-07,2.0878857164587153e-07,0.2196305594451599,96.94734351974901,0.511457384,0.124930575
35,2.101363522664404e-07,2.8380335987159187e-07,2.101363522664404e-07,0.22056961354865326,96.33075865474665,0.513258874,0.125066608
37,2.1066423115256742e-07,2.8455594502963626e-07,2.1066423115256742e-07,0.2199882489871284,95.92492220234031,0.514870346,0.125218779
36,2.172518887687291e-07,2.954465677706187e-07,2.172518887687291e-07,0.2195757591253231,95.03880186904765,0.51968658,0.124880716
35,2.2051250465522018e-07,2.9638198753131843e-07,2.2051250465522018e-07,0.22330158653930382,94.77466081506536,0.518481374,0.125116348
117,2.168540262957714e-05,3.508839976893233e-05,2.168540262957714e-05,2.5110481926348442,368.47306763302345,3.73814368,0.130646601
134,9.018206671582001e-05,0.00015375470263173213,9.018206671582001e-05,4.352569114891048,390.2555483905017,6.4632144,0.130187377
118,2.258555554269362e-05,3.8180205629916154e-05,2.258555554269362e-05,2.320130572226811,352.17350266659537,3.81151295,0.129558846
153,0.00017074352235931992,0.00029610378260324754,0.00017074352235931992,7.0910388392222705,391.17193743185265,17.8307648,0.123272695
39,3.2997473329912984e-07,6.044115291932131e-07,3.2997473329912984e-07,0.2646987242347457,155.4757341390394,0.862749636,0.124731772
40,3.1673511510351026e-07,5.674362329953016e-07,3.1673511510351026e-07,0.2640077758481299,151.52255074036233,0.839802146,0.124634065
48,2.3338390648401024e-06,4.35243694421878e-06,2.3338390648401024e-06,0.5391196630263801,187.41971212417968,1.7325083,0.12552838
56,5.1234325676982025e-06,9.546942079080305e-06,5.1234325676982025e-06,0.746569388151674,198.22834699543515,2.39695692,0.126232609
53,3.202163281175002e-06,5.981919741185041e-06,3.202163281175002e-06,0.6086112081581004,190.83854393072457,1.94333422,0.125788465
66,1.1106129843434773e-05,2.1926073246600652e-05,1.1106129843434773e-05,1.0603992098480504,215.83565777081577,4.51561642,0.12681815
61,5.822607073810335e-06,1.0715486599109312e-05,5.822607073810335e-06,0.8242988874039446,202.91926142558498,2.67420769,0.126667038
45,8.452186516618764e-07,1.610364863101709e-06,8.452186516618764e-07,0.37808869940264683,178.33148592186322,1.55523884,0.125276342
46,6.990255647921531e-07,1.362763741811972e-06,6.990255647921531e-07,0.35033809582607195,176.37462305763856,1.55974221,0.125268787
44,5.489239146291722e-07,1.1039963914068652e-06,5.489239146291722e-07,0.31594916888927266,173.16403095454112,1.45125186,0.125146434
49,1.6179665520813486e-06,3.0080479205789805e-06,1.6179665520813486e-06,0.4757474710398047,184.37730682808316,1.6469717,0.125518411
45,1.3493880197613327e-06,2.4925182463356493e-06,1.3493880197613327e-06,0.4486300215418076,182.1743272424166,1.6395793,0.125362009
43,4.1618044023461004e-07,8.153288446340168e-07,4.1618044023461004e-07,0.2826667996832091,166.58849691598627,1.10760939,0.12515156
42,4.3323593377854403e-07,8.395764501958551e-07,4.3323593377854403e-07,0.2877959913754447,164.45113509706744,1.11530471,0.125023872
41,4.052790489843322e-07,7.815222452197567e-07,4.052790489843322e-07,0.2774421181981965,162.0073644627802,1.03656971,0.125020891
39,3.8786412698097815e-07,7.372583407326067e-07,3.8786412698097815e-07,0.27640932206720187,160.33908624930905,1.00595379,0.125009611
40,3.8408847211691676e-07,7.208100889990902e-07,3.8408847211691676e-07,0.2755957018642734,157.6034992948741,0.980886459,0.124654241
41,3.523040346527095e-07,6.506918422797528e-07,3.523040346527095e-07,0.26984866476960023,155.741568481141,0.892057717,0.124725655
43,4.732919736852711e-07,9.418545360376833e-07,4.732919736852711e-07,0.2944246532291454,167.36320373779577,1.25329423,0.125003815
44,4.783082084307574e-07,9.590610313195756e-07,4.783082084307574e-07,0.2977580099735426,169.7266561049316,1.33762562,0.125075206
40,2.525059163773379e-07,4.2349532994992775e-07,2.525059163773379e-07,0.2511859218730472,140.56056735075907,0.705479681,0.124541759
39,3.003131458348982e-07,5.214443829995696e-07,3.003131458348982e-07,0.262425279983399,146.34194272242183,0.778849721,0.124890752
40,2.838177183488487e-07,4.858072340507641e-07,2.838177183488487e-07,0.25924601175971973,144.1084344839239,0.75857228,0.124887571
38,2.695034063128633e-07,4.520225018878455e-07,2.695034063128633e-07,0.25604077897784133,140.82566652943095,0.719170392,0.124905087
122,3.293627534126856e-05,6.929173741483911e-05,3.293627534126856e-05,2.2581912445182097,351.9919755710563,7.68016815,0.127727911
37,2.0288923582898608e-07,2.7557452504646736e-07,2.0288923582898608e-07,0.21860336214981116,98.03547501438517,0.509782672,0.124890074
36,2.022590992168094e-07,2.817137472796525e-07,2.022590992168094e-07,0.21678598435304158,100.97855563839465,0.519137263,0.125036851
35,2.0132476013953728e-07,2.837650829374384e-07,2.0132476013953728e-07,0.21484461086915616,101.44216700837282,0.523322284,0.124911487
34,2.017387793753986e-07,2.798559458416573e-07,2.017387793753986e-07,0.216375497146735,99.81882062134463,0.518440545,0.125318274
38,2.0658488989459518e-07,2.8607108785126975e-07,2.0658488989459518e-07,0.21640116597851897,98.659299757435,0.517893434,0.125352591
36,2.0788023029277397e-07,2.842701239457705e-07,2.0788023029277397e-07,0.21837118449670967,97.58457039451798,0.515802503,0.125242427
37,2.0925615419542006e-07,3.273195269787389e-07,2.0925615419542006e-07,0.23143559406391945,123.94260984805504,0.587642372,0.124927923
36,1.9982445175030742e-07,2.9993335251181473e-07,1.9982445175030742e-07,0.22180861975313063,114.7177697755021,0.559535921,0.125223622
35,2.0136868112692864e-07,3.0078933304996266e-07,2.0136868112692864e-07,0.21872864090302796,111.8222432211148,0.55950129,0.125070691
35,2.019529479387261e-07,2.96783692919474e-07,2.019529479387261e-07,0.21873108831272642,109.64814124151381,0.549686491,0.125043556
36,2.0784623591248549e-07,3.203337424637929e-07,2.0784623591248549e-07,0.2289351649613926,120.23905085922355,0.581974804,0.124748982
36,2.031087337477717e-07,3.085256359127373e-07,2.031087337477717e-07,0.22364669010440374,116.35401316056237,0.568752706,0.125192553
35,2.076430988903699e-07,3.1886758789016416e-07,2.076430988903699e-07,0.22627933797677263,118.3673200001796,0.586455882,0.124765255
37,2.0316329326484487e-07,2.9839960843406826e-07,2.0316329326484487e-07,0.21678276252089923,108.51059566834527,0.547957659,0.125173062
36,2.0072843774627308e-07,2.8846762241674036e-07,2.0072843774627308e-07,0.2157107158146428,105.27670459475648,0.53799361,0.124978095
37,2.017515432997854e-07,2.9478873247095383e-07,2.017515432997854e-07,0.21493180493107825,106.82512745296772,0.5479635,0.12520878
37,1.9892615025577055e-07,2.836367316791547e-07,1.9892615025577055e-07,0.21356336707715354,103.09078841699146,0.533315361,0.124822535
39,2.3354694403418286e-07,3.7976465839267025e-07,2.3354694403418286e-07,0.24531314955051384,134.4989262703597,0.656447947,0.12496113
37,2.1699837233941144e-07,3.4347663818964304e-07,2.1699837233941144e-07,0.23628683212893795,127.30292612165344,0.607104182,0.124995917
38,2.3487907956088972e-07,3.7949567148493774e-07,2.3487907956088972e-07,0.24556862117608716,132.29454931112366,0.656186759,0.125262514
36,2.2505813068135486e-07,3.6034881641335797e-07,2.2505813068135486e-07,0.23939846363235298,128.32152757354226,0.636087596,0.125001252
39,2.5084526819605455e-07,4.1394080672357247e-07,2.5084526819605455e-07,0.252436626579966,138.29928751233146,0.691693425,0.124887101
38,2.5048973256237127e-07,4.108867069771466e-07,2.5048973256237127e-07,0.25034088649847813,135.80609910975357,0.675872862,0.125045687
69,1.046938480826757e-05,1.7887922365041546e-05,1.046938480826757e-05,1.3476883170721898,178.55746422602516,3.87342858,0.122054003
52,4.179449243715203e-06,7.142891529993535e-06,4.179449243715203e-06,0.7173361795233041,141.23784345219397,2.30931878,0.128161654
52,4.392923709522581e-06,7.507838614369797e-06,4.392923709522581e-06,0.7095045871968282,137.76400757704505,2.39172101,0.127109632
52,4.387934462618627e-06,7.366053438525016e-06,4.387934462618627e-06,0.6881350604277972,132.79998558945732,2.2584343,0.126910239
50,4.994766282542454e-06,8.435969301811133e-06,4.994766282542454e-06,0.6946202080782985,130.66462781927342,2.4584167,0.126535997
37,2.3715066064526352e-07,3.2018084520766944e-07,2.3715066064526352e-07,0.22745465445464208,93.53230538806324,0.536279976,0.125670955
38,2.639426981820472e-07,3.6555375587865714e-07,2.639426981820472e-07,0.23408196437620649,94.09083208554877,0.586327553,0.1256015
36,2.569394915389563e-07,3.5179536282941813e-07,2.569394915389563e-07,0.2329728679790376,93.68765950236397,0.569242179,0.125685304
38,2.4237701185406034e-07,3.306528543051249e-07,2.4237701185406034e-07,0.2259736286636969,93.13343916167965,0.551215291,0.125432208
37,2.4720943167603966e-07,3.403783647820319e-07,2.4720943167603966e-07,0.22619653846984675,92.93639333007896,0.565458536,0.125328377
35,2.5782721631669486e-07,3.5656792218577074e-07,2.5782721631669486e-07,0.22879714823781594,92.77590577347935,0.578624725,0.125488043
36,2.648219179952456e-07,3.6655179356129946e-07,2.648219179952456e-07,0.23242799931460154,93.31528099369798,0.586681128,0.125665888
37,2.7197029246986974e-07,3.782918272586513e-07,2.7197029246986974e-07,0.2373773899723272,94.3655553360488,0.604914129,0.125478104
37,2.8561769069378264e-07,4.022870099443382e-07,2.8561769069378264e-07,0.2414698283404901,95.40307130585482,0.623831332,0.125263959
36,2.851714894535734e-07,4.007706236077283e-07,2.851714894535734e-07,0.238887195842323,94.06271431127098,0.62542069,0.125493854
39,3.209734564462282e-07,4.635422688044275e-07,3.209734564462282e-07,0.24961395659326344,96.30606313861992,0.680599153,0.125086665
37,2.9613682310417263e-07,4.2097938017088607e-07,2.9613682310417263e-07,0.24372564408612937,95.68823117201156,0.640905738,0.125096709
37,3.44859600292701e-07,5.063934765776465e-07,3.44859600292701e-07,0.2529680956673092,96.48311544565381,0.722334623,0.12532106
36,3.704184940709709e-07,5.531358819864733e-07,3.704184940709709e-07,0.2586352208187696,97.74766797270031,0.742319286,0.125244647
34,2.33795080503094e-07,3.1595362315093204e-07,2.33795080503094e-07,0.22532784645646659,93.19388457211309,0.534683764,0.125484914
35,2.2971954547216866e-07,3.1264959264741856e-07,2.2971954547216866e-07,0.22125577635708854,93.27579646283526,0.532145441,0.125332624
34,2.3177718061770327e-07,3.1698465259826457e-07,2.3177718061770327e-07,0.2205226626072659,92.88117214481606,0.54080224,0.125179261
35,2.255063155782786e-07,3.056055056006129e-07,2.255063155782786e-07,0.22225270180108295,93.88635221047755,0.524110913,0.125409767
35,2.254423891761467e-07,3.064790143258948e-07,2.254423891761467e-07,0.22048662969848049,93.46267786919033,0.527213335,0.125369966
58,1.3635767487144783e-05,2.499072880511599e-05,1.3635767487144783e-05,0.9582741109584524,133.0836612528945,7.35637093,0.126480281
36,4.952529962943425e-06,1.3716525327163726e-05,4.952529962943425e-06,0.3026698674189397,89.3431531407549,6.03133011,0.125805765
54,6.559858530859697e-06,1.1085493132840075e-05,6.559858530859697e-06,0.761412666832588,130.10045828268804,3.0680542,0.126985893
39,5.949385058994865e-07,9.340730903002975e-07,5.949385058994865e-07,0.305992421620156,101.53119153619193,1.14019442,0.125293434
41,8.600519775298522e-07,1.3704059960671788e-06,8.600519775298522e-07,0.3502676771109352,103.73241007570094,1.39406359,0.125442043
41,1.2440716432744112e-06,1.963279520998397e-06,1.2440716432744112e-06,0.4052068378994458,106.24618518390915,1.52309763,0.125624835
40,7.141958571395234e-07,1.1289040888257137e-06,7.141958571395234e-07,0.32549200721102284,101.35957239106385,1.29547989,0.125286087
38,5.273200412325392e-07,8.167495465797733e-07,5.273200412325392e-07,0.2923216226453844,100.1698639175733,1.01700711,0.125357091
37,4.6495962244721445e-07,7.136666130122721e-07,4.6495962244721445e-07,0.27709768516704314,98.8444304721071,0.926999569,0.125176325
37,5.363989179586186e-07,8.254905478481601e-07,5.363989179586186e-07,0.29120750255577527,98.43789715294758,1.0279249,0.125445411
43,1.9842360528673015e-06,3.1274679007939826e-06,1.9842360528673015e-06,0.48372616210854397,108.55625288839151,1.57415962,0.125692815
47,4.991010070104462e-06,8.027026975152407e-06,4.991010070104462e-06,0.6861133479839446,113.56238492986479,2.3623054,0.125918046
48,7.3039506569107345e-06,1.1237115235501531e-05,7.3039506569107345e-06,0.8560763695120576,122.1291791624717,2.30753994,0.125848129
53,1.545099080170677e-05,2.608794595086644e-05,1.545099080170677e-05,1.1856715893016736,144.15047749316324,4.8492341,0.125987679
38,3.823649003301549e-07,5.736917237219191e-07,3.823649003301549e-07,0.2603124561756843,97.72069881245545,0.772556961,0.125291005
38,4.2644005493181135e-07,6.517480033466976e-07,4.2644005493181135e-07,0.267162166441851,97.89718330632547,0.837434173,0.125142217
36,2.0876958023358738e-07,2.8553929975755413e-07,2.0876958023358738e-07,0.21779519067589004,96.9132390721102,0.514372289,0.125117451
35,2.1164734084213416e-07,2.877001413987106e-07,2.1164734084213416e-07,0.21879874306036515,95.78861443198805,0.516814232,0.125066876
34,2.1530629277013152e-07,2.928590399059301e-07,2.1530629277013152e-07,0.21816392323326922,94.70770876533827,0.522611976,0.124786131
35,2.2174716103323898e-07,3.021691722311629e-07,2.2174716103323898e-07,0.21941374109281914,94.13792049455601,0.52064389,0.125303715
36,2.1287407551729666e-07,2.9119094719908355e-07,2.1287407551729666e-07,0.21617866223415327,95.07975821240288,0.520673513,0.125063479
62,5.7019115320182005e-06,1.0212006138675578e-05,5.7019115320182005e-06,0.9300619034869286,213.3568156913411,2.40587378,0.12812075
133,3.292729215025493e-05,5.3839899815011914e-05,3.292729215025493e-05,3.1000793009480976,381.66931977702836,4.06838417,0.130600974
62,6.143051194584561e-06,1.0781804137350804e-05,6.143051194584561e-06,0.9808585773188119,212.5619926731098,2.44716072,0.12867856
139,0.00010629078767451714,0.00018416883480383556,0.00010629078767451714,5.297330879102094,429.65564691998657,7.15890551,0.12604858
38,3.469262305728706e-07,6.296455597116416e-07,3.469262305728706e-07,0.26982906973433635,153.1534131406891,0.873742402,0.124978535
39,3.1458129661291663e-07,5.559057902890302e-07,3.1458129661291663e-07,0.26490054969975074,149.00975594622244,0.822498679,0.124696665
50,2.2382256519173663e-06,4.158207386885282e-06,2.2382256519173663e-06,0.5360799821764628,186.8593521417904,1.78371561,0.125724792
56,4.020420176379541e-06,7.452015665537817e-06,4.020420176379541e-06,0.6822218525431121,195.35703430488402,2.09379339,0.126100183
54,2.7468106503660796e-06,5.042297955942902e-06,2.7468106503660796e-06,0.594437402329359,191.29853689131426,1.77505744,0.125973493
61,4.869223491850022e-06,8.986815347632899e-06,4.869223491850022e-06,0.7783555023934469,202.1614230090354,2.32931828,0.126744941
46,1.1302621786653925e-06,2.101832890005009e-06,1.1302621786653925e-06,0.4213284151522497,179.87853934662317,1.63601065,0.125366345
45,7.555333412303564e-07,1.4964058284062365e-06,7.555333412303564e-07,0.35531227056912795,175.34211233170166,1.67540526,0.125251204
47,6.202219402290442e-07,1.2452408330742348e-06,6.202219402290442e-07,0.32992407567106136,173.04404461789906,1.5860641,0.125126854
44,5.400025724676486e-07,1.0995673785952698e-06,5.400025724676486e-07,0.31032875542303073,171.10525106409733,1.44593012,0.12511538
50,1.734613561177612e-06,3.204892796537444e-06,1.734613561177612e-06,0.49069021181893074,184.9119166446033,1.7218194,0.12568821
50,1.4751000186096781e-06,2.703427390244867e-06,1.4751000186096781e-06,0.47016068084256746,183.48690668551723,1.79308116,0.125879019
42,4.448044563731536e-07,8.645549168957651e-07,4.448044563731536e-07,0.2873537583576316,162.8189754699546,1.13606811,0.125074387
43,4.625943184766149e-07,9.078037754549069e-07,4.625943184766149e-07,0.2932090258758693,165.429779448023,1.2062124,0.125157773
40,4.1069405128326027e-07,7.853115257904646e-07,4.1069405128326027e-07,0.2797359899894942,160.02853299243694,1.05356789,0.125002086
39,3.9465386748518434e-07,7.341162389372124e-07,3.9465386748518434e-07,0.27848233584625387,155.66795394629406,0.978652596,0.124685407
39,3.667860395720422e-07,6.718387691994979e-07,3.667860395720422e-07,0.2739570303327735,153.6207190363813,0.939153075,0.124964871
43,4.775859925381146e-07,9.414323217296066e-07,4.775859925381146e-07,0.29851369088235746,167.43643908850214,1.31500196,0.125133172
46,5.16638101768477e-07,1.04562396631418e-06,5.16638101768477e-07,0.30632692591704513,170.03140816201412,1.43225348,0.125115067
38,3.046666616883381e-07,5.292548754435152e-07,3.046666616883381e-07,0.26307000290157234,145.87717790683894,0.797477901,0.12477804
39,2.8762560500854067e-07,4.905230093834304e-07,2.8762560500854067e-07,0.25914768871483107,142.30513117671416,0.759302974,0.124752149
37,2.650543713274953e-07,4.4069598916168576e-07,2.650543713274953e-07,0.2545063602303104,138.4259661221017,0.713353217,0.124782763
36,2.0034845739671633e-07,2.8107335139830273e-07,2.0034845739671633e-07,0.21425064662862797,100.53233294524821,0.524020851,0.125134245
36,1.9958758195222622e-07,2.7876969218598016e-07,1.9958758195222622e-07,0.21347644634630264,99.65426225766451,0.521017671,0.125210464
38,2.0186198258445916e-07,2.872722048304913e-07,2.0186198258445916e-07,0.2141090734451526,102.43270488513576,0.53199923,0.124823496
37,2.0419845898472695e-07,2.8906582625108633e-07,2.0419845898472695e-07,0.21379060688984375,101.10377555303998,0.53151083,0.12515375
36,2.037163686001549e-07,2.8316094933069093e-07,2.037163686001549e-07,0.2144598941004501,98.73806062294487,0.520476699,0.125119314
36,2.0713165898608178e-07,2.86847631763669e-07,2.0713165898608178e-07,0.21502577585381558,97.51410143233483,0.522051632,0.124963857
36,2.0829320875530464e-07,2.8614791338456805e-07,2.0829320875530464e-07,0.2154527804341126,96.6341904572236,0.520355463,0.125246406
37,2.107912967242291e-07,3.3025828729965117e-07,2.107912967242291e-07,0.23347128504687212,125.02101997320783,0.606874764,0.124962971
37,2.0282890688506727e-07,3.064957238637552e-07,2.0282890688506727e-07,0.22031482959379767,114.02556069688545,0.567585289,0.125186086
37,2.0333442831641853e-07,3.031433390282588e-07,2.0333442831641853e-07,0.21815456055440532,110.93111345001287,0.562081993,0.124820128
35,2.074077950762808e-07,3.0778581649806686e-07,2.074077950762808e-07,0.2174550507908872,108.93851875261049,0.555979133,0.124820597
35,2.1576288130497656e-07,3.3573323107026225e-07,2.1576288130497656e-07,0.23242917853652756,121.91748670955786,0.598409951,0.124767728
36,2.0727318390365197e-07,3.161755112267179e-07,2.0727318390365197e-07,0.22535377589890582,116.82060663945448,0.582534075,0.125100255
37,2.0837632342711223e-07,3.240717967704784e-07,2.0837632342711223e-07,0.22796825357021222,120.63180857119588,0.602312267,0.124871589
37,2.087675243125983e-07,3.21586842806819e-07,2.087675243125983e-07,0.22463010140959677,117.3250292808936,0.592136383,0.125008687
36,2.0702813223984497e-07,3.0572931421404705e-07,2.0702813223984497e-07,0.2157001437737757,107.55889884023,0.55701828,0.125201747
36,2.0278004935565718e-07,2.917299247589521e-07,2.0278004935565718e-07,0.21458702485840142,104.27706222661195,0.541427195,0.125027835
37,1.999307317496781e-07,2.9115423641713744e-07,1.999307317496781e-07,0.21316517203198646,105.78079776072802,0.545587003,0.125239745
39,2.3863261124145543e-07,3.862434025822381e-07,2.3863261124145543e-07,0.24717800523126598,132.9982719465594,0.664249241,0.125098929
36,2.1993622298565482e-07,3.462811171952848e-07,2.1993622298565482e-07,0.23633314787030002,124.90119102491308,0.619496703,0.12497963
37,2.3504028056278473e-07,3.7761912455536664e-07,2.3504028056278473e-07,0.24343265597983252,129.26121261532586,0.653889179,0.125014216
36,2.335088080890917e-07,3.7167408297303506e-07,2.335088080890917e-07,0.24176130338913512,126.58038279785767,0.643121898,0.124897689
39,2.567857172005949e-07,4.2378780482834733e-07,2.567857172005949e-07,0.25183922089715643,136.36106991013713,0.694767773,0.124771804
64,1.2283611637424011e-05,2.1064378260821568e-05,1.2283611637424011e-05,1.4243184533575726,178.28711396115798,3.89504528,0.119063295
54,6.338732437379023e-06,1.0950357648057114e-05,6.338732437379023e-06,0.9326345349690538,152.45410613118543,3.00802588,0.127061412
51,5.151781461153989e-06,8.83480242999081e-06,5.151781461153989e-06,0.7697205734557829,139.71483451412354,2.65107107,0.127387837
56,5.973760357946261e-06,1.0317543363630499e-05,5.973760357946261e-06,0.8040454571605048,140.58454845474472,2.84934902,0.127257094
51,5.800900324703179e-06,9.845944351951626e-06,5.800900324703179e-06,0.7737654453705147,137.1717737618321,2.68260884,0.127453625
38,2.337723101520986e-07,3.188747682830651e-07,2.337723101520986e-07,0.22253355005567088,93.09771665497465,0.543290973,0.125493303
36,2.6882362165765464e-07,3.7345802999934457e-07,2.6882362165765464e-07,0.2352601758156772,93.92539381451269,0.593399644,0.125510797
37,2.4106055872723366e-07,3.312636436673959e-07,2.4106055872723366e-07,0.22317016086650146,92.69485288304698,0.555280387,0.125400707
36,2.4532723905634297e-07,3.381456028242781e-07,2.4532723905634297e-07,0.22343331173699235,92.55280615567851,0.562538564,0.125551179
36,2.4893241179230483e-07,3.447785338617011e-07,2.4893241179230483e-07,0.2236722251705152,92.35325491258894,0.574732721,0.125537068
36,2.599997445952118e-07,3.6263001840284365e-07,2.599997445952118e-07,0.2270524221888221,92.69952870600082,0.59012264,0.125810802
37,2.651519187763798e-07,3.718966820437934e-07,2.651519187763798e-07,0.22941028969927074,93.19360564687832,0.596469104,0.125724882
36,2.831570282326966e-07,3.9747600153988364e-07,2.831570282326966e-07,0.23683118158091818,93.63474130790716,0.612526953,0.12551406
37,2.9844887331450753e-07,4.240564540634382e-07,2.9844887331450753e-07,0.24124414053871895,94.46487565779661,0.641665578,0.125258446
38,2.8437875582464157e-07,4.0342929524575067e-07,2.8437875582464157e-07,0.2354456379116393,93.84379626426602,0.630246043,0.125296846
38,3.1196586525761034e-07,4.4943929109646117e-07,3.1196586525761034e-07,0.2457277369100069,95.53260085406299,0.669893324,0.125216439
39,3.405267006251821e-07,4.975563969935645e-07,3.405267006251821e-07,0.2503585527320794,95.57313311946331,0.703997493,0.125204101
37,3.5633137559006213e-07,5.270632932803633e-07,3.5633137559006213e-07,0.25450151862180254,96.39533218375863,0.733741879,0.125325128
36,2.3542921394872633e-07,3.2399200383741393e-07,2.3542921394872633e-07,0.21959364129990344,92.53582354037563,0.549563825,0.125292718
35,2.2733844329772339e-07,3.1147388622652804e-07,2.2733844329772339e-07,0.21809669822289499,93.06814338475702,0.537755013,0.125094295
35,2.325675000550673e-07,3.189984362455903e-07,2.325675000550673e-07,0.21893582506781326,92.49519736381139,0.543711722,0.125030369
36,2.193835186701236e-07,2.9924761798644533e-07,2.193835186701236e-07,0.21731973654619163,93.82826971680282,0.524539232,0.125311375
36,2.233126516190833e-07,3.063113887618136e-07,2.233126516190833e-07,0.2166121228590176,93.37898549628623,0.52978909,0.125224531
58,1.4182115955259133e-05,2.4207559198789694e-05,1.4182115955259133e-05,1.0398557419550014,136.29783905352465,5.98026991,0.126548305
56,6.901798040706724e-06,1.1626622969899345e-05,6.901798040706724e-06,0.7891690208361908,131.47490959362227,3.00074434,0.127139643
57,6.313469017245622e-06,1.0662047481840749e-05,6.313469017245622e-06,0.7917388045535219,135.38172117674495,2.9867003,0.128033042
56,8.564672120658305e-06,1.4387925122530155e-05,8.564672120658305e-06,0.879564429617064,135.2151275132676,3.58195543,0.127407998
38,6.163089307355823e-07,9.638161438260587e-07,6.163089307355823e-07,0.3075047271343784,99.98660261984821,1.13607967,0.125394642
39,9.905084492089951e-07,1.5788786914933157e-06,9.905084492089951e-07,0.368572186684487,103.37490094132644,1.47391486,0.125461981
41,1.6343941176218174e-06,2.5540555377987286e-06,1.6343941176218174e-06,0.44989623464019235,106.04063804621836,1.47019482,0.125738382
40,7.893224039519629e-07,1.24191653950019e-06,7.893224039519629e-07,0.3378070979954551,101.25384769183674,1.37919366,0.12546362
39,7.913690622374719e-07,1.2542609418748996e-06,7.913690622374719e-07,0.33179979847515984,99.24951399438979,1.30592346,0.125757322
38,4.6908783759218944e-07,7.211116319498071e-07,4.6908783759218944e-07,0.2756105501523178,97.79015079611597,0.918665409,0.125407636
38,5.365380633814841e-07,8.241734608151478e-07,5.365380633814841e-07,0.28972593020982956,97.65162792535511,0.985526681,0.125374958
38,6.688275596358575e-07,1.0466126763614746e-06,6.688275596358575e-07,0.3122913049482631,98.43194431042859,1.15018404,0.125581861
48,8.411345936536776e-06,1.3019873498754666e-05,8.411345936536776e-06,0.9118418959498837,123.9245288797777,2.42343473,0.12653175
47,4.7067607995215e-06,7.708285793230403e-06,4.7067607995215e-06,0.6535356315820285,110.82056384238203,2.26661229,0.125990823
86,2.8001503553321363e-05,4.255126859450466e-05,2.8001503553321363e-05,1.9259363383924213,169.31945693486836,4.84356117,0.127373546
39,3.864073850703766e-07,5.815150008978636e-07,3.864073850703766e-07,0.25907635315274796,96.81284880880604,0.774506509,0.125327319
39,4.2528741933860806e-07,6.425779590091635e-07,4.2528741933860806e-07,0.26720791186332504,96.88306759610496,0.839649618,0.12533918
34,2.1114833508131638e-07,2.8752612805070574e-07,2.1114833508131638e-07,0.21835694459738167,96.14521736826157,0.514526606,0.125265136
34,2.141515125781403e-07,2.921724057344812e-07,2.141515125781403e-07,0.21850215261286143,95.69964051039301,0.518458307,0.125107303
34,2.1743665413115305e-07,2.98207507651379e-07,2.1743665413115305e-07,0.21604236293933163,94.15084336387639,0.526246428,0.125142947
34,2.1433190150112862e-07,2.9560049768275464e-07,2.1433190150112862e-07,0.21377962753386529,94.5928946674219,0.52690649,0.125241429
36,2.2044854069380349e-07,3.031430133075233e-07,2.2044854069380349e-07,0.2153035862732069,93.64180372830619,0.52900219,0.125184134
36,2.1188958489440358e-07,2.9100449121353477e-07,2.1188958489440358e-07,0.21483331508232217,95.30417770798691,0.522283435,0.125265747
63,3.946388154875238e-06,7.141062737265038e-06,3.946388154875238e-06,0.7651367533314247,201.88185343944616,2.17838812,0.127634138
76,1.9332830255887557e-05,3.4097564797555014e-05,1.9332830255887557e-05,1.8083542991500834,230.38428588475142,3.58557606,0.130645335
65,5.634987515078594e-06,9.875790457960908e-06,5.634987515078594e-06,0.9605082094760822,209.0740286843424,2.30297732,0.129544094
111,0.00012608335740393078,0.0002377169647252249,0.00012608335740393078,5.612917515205417,346.52783394507946,20.0027161,0.117617272
39,3.365634590111379e-07,6.058703583946223e-07,3.365634590111379e-07,0.267194416035879,150.87900075453948,0.878309906,0.124922678
39,3.219522435251371e-07,5.680141016052511e-07,3.219522435251371e-07,0.26547875822571476,147.70729488353237,0.835624933,0.124753721
53,1.9974363012127675e-06,3.6500076014829576e-06,1.9974363012127675e-06,0.5282368883219188,187.22705162662805,1.83838212,0.125940397
58,3.4754686735884742e-06,6.319021322037965e-06,3.4754686735884742e-06,0.6717465299674993,195.34664704668364,1.88070714,0.126095727
57,2.581220119065997e-06,4.642207019953167e-06,2.581220119065997e-06,0.6083934693196724,192.22316464395,1.89476573,0.1265205
48,1.0586221740244376e-06,1.961459911371307e-06,1.0586221740244376e-06,0.41306652623489065,179.15318698739037,1.62735462,0.125593141
47,9.074132443587401e-07,1.729686842166804e-06,9.074132443587401e-07,0.38855460308523304,176.49759554657064,1.72526824,0.125720128
48,7.930574034233203e-07,1.5453590731318033e-06,7.930574034233203e-07,0.3659471126582559,174.19854633550173,1.67084026,0.125495479
48,6.597110468404501e-07,1.3247547934984111e-06,6.597110468404501e-07,0.3373849210088544,172.27013785059552,1.64038587,0.125357047
44,6.152264732218735e-07,1.2419372873962193e-06,6.152264732218735e-07,0.3265909999387168,170.27304598824534,1.59288669,0.125394955
43,5.730367508795158e-07,1.1521207180607582e-06,5.730367508795158e-07,0.31476819287695085,168.0007949168693,1.44381654,0.125252992
53,1.4851835648985828e-06,2.71513201166033e-06,1.4851835648985828e-06,0.47843619628494055,183.8322835063793,1.82738626,0.125857085
51,1.2964740754912226e-06,2.379051771442054e-06,1.2964740754912226e-06,0.4494963154752443,181.2308049148497,1.78237164,0.125794187
42,4.5139243590956247e-07,8.765882538806758e-07,4.5139243590956247e-07,0.2888029646487514,161.57347877828994,1.14279902,0.125164285
43,4.898936497800815e-07,9.596266689503272e-07,4.898936497800815e-07,0.2988392714330154,164.36423987984872,1.29616237,0.12516959
41,4.2595594787267073e-07,8.117515282819017e-07,4.2595594787267073e-07,0.2832863947062154,158.36713215666964,1.07405329,0.125062674
39,4.0855150639263985e-07,7.6255706095643e-07,4.0855150639263985e-07,0.28170275656591204,154.92502575967927,1.01159465,0.124863461
39,3.8452979228803467e-07,7.014368623406605e-07,3.8452979228803467e-07,0.2769212974159528,151.7145694298779,0.938386261,0.124958158
39,3.4829450125891703e-07,6.255243968498286e-07,3.4829450125891703e-07,0.2704369967686987,149.4990218900606,0.875012338,0.124928586
44,5.02145047317622e-07,9.875868833866371e-07,5.02145047317622e-07,0.3049991894649576,166.373817427188,1.35584056,0.125141695
40,3.0929329324592677e-07,5.387269820985875e-07,3.0929329324592677e-07,0.26254324353462555,145.09902948098787,0.806849122,0.124704003
40,3.0614122933209274e-07,5.251335564881179e-07,3.0614122933209274e-07,0.2638294650935603,142.67788168923968,0.787915289,0.124774449
39,2.86016139103456e-07,4.829059918678493e-07,2.86016139103456e-07,0.25816416993749586,139.67645652887714,0.749933779,0.124738157
35,2.063622595459209e-07,2.897403019316368e-07,2.063622595459209e-07,0.21463122418226216,99.65886124466223,0.526406825,0.125180483
36,2.066675309001668e-07,2.8791955438952734e-07,2.066675309001668e-07,0.21405435396419395,98.32427867685162,0.525126755,0.12501964
37,2.0760563409166827e-07,2.9744176452111425e-07,2.0760563409166827e-07,0.21421629227953015,102.4547823741719,0.539031863,0.125003025
38,2.063182929854033e-07,2.937594897693869e-07,2.063182929854033e-07,0.21248191013471593,100.54119985694157,0.534826756,0.125254691
39,2.062456802098615e-07,2.925725668785392e-07,2.062456802098615e-07,0.21186613840385093,99.59839881028711,0.534662306,0.125035375
37,2.0633580675105777e-07,2.865234534842188e-07,2.0633580675105777e-07,0.2133335196379525,97.46211968806858,0.524436414,0.125069931
37,2.0622655843272443e-07,2.8906375639045804e-07,2.0622655843272443e-07,0.21121390388975556,97.5504180792615,0.52608037,0.12508215
36,2.1060509694383585e-07,2.9076370276041877e-07,2.1060509694383585e-07,0.21441084935162583,96.11925412620656,0.52223599,0.125353783
36,2.0772312141055126e-07,2.881337581109951e-07,2.0772312141055126e-07,0.21258005858024825,96.32795500651281,0.526043832,0.125217333
36,2.052482059296122e-07,3.102762649971503e-07,2.052482059296122e-07,0.2204286080419157,113.4664134747954,0.573539913,0.125130802
36,2.0566247777574802e-07,3.1041733412259533e-07,2.0566247777574802e-07,0.21938642601005331,112.68722218453989,0.57154882,0.125143185
36,2.112525269487443e-07,3.1585204293127726e-07,2.112525269487443e-07,0.22018903431963077,110.7528156580504,0.567268014,0.124872446
37,2.0821795399374785e-07,3.1101564973314273e-07,2.0821795399374785e-07,0.21686028354122674,109.40535944947642,0.569406033,0.12469352
35,2.2171505949880171e-07,3.478162181771153e-07,2.2171505949880171e-07,0.23483555099644526,123.19069216704516,0.618361533,0.125061736
37,2.1204400428758656e-07,3.3053037798863534e-07,2.1204400428758656e-07,0.22855018220506676,120.39314557097872,0.607893467,0.12507166
36,2.1089591021876606e-07,3.2278807934749226e-07,2.1089591021876606e-07,0.22422794154993356,115.95729471525985,0.585319698,0.125167534
36,2.1695951775604708e-07,3.350453025132218e-07,2.1695951775604708e-07,0.2283564062973573,117.9926123244351,0.602262318,0.125066906
36,2.0859156575059274e-07,3.075251834539913e-07,2.0859156575059274e-07,0.21483619474739962,106.63224280890508,0.555642664,0.125159204
37,2.0567183739464928e-07,2.9811200996399935e-07,2.0567183739464928e-07,0.21371041992416923,104.23232224567482,0.54810816,0.125152662
38,2.4854649873215044e-07,4.043500443717876e-07,2.4854649873215044e-07,0.24892293777699995,132.65387173714439,0.675515771,0.124736704
37,2.469556386143572e-07,3.987316330176611e-07,2.469556386143572e-07,0.24788307531366977,130.56682883893666,0.670192778,0.125445068
37,2.4085118421901265e-07,3.8611855136747154e-07,2.4085118421901265e-07,0.2440254980312963,127.7810633743943,0.660281181,0.125117078
36,2.2592495789536754e-07,3.579351289017516e-07,2.2592495789536754e-07,0.23619902391468603,124.2463769914026,0.626528621,0.125186607
35,2.386640276393962e-07,3.791106514171822e-07,2.386640276393962e-07,0.24038743083431088,124.37342396080017,0.635369539,0.124891058
38,2.760286609160674e-07,4.5777059298175696e-07,2.760286609160674e-07,0.25668499198179073,136.49570750307728,0.719015896,0.12477003
66,1.5351466517800786e-05,2.69138091697966e-05,1.5351466517800786e-05,1.549889146911567,184.92200066597067,4.59606838,0.119420141
65,1.3001973094467194e-05,2.3030301967691677e-05,1.3001973094467194e-05,1.3335591973017376,173.19496532267772,4.43584156,0.121804476
67,1.651487254082202e-05,2.9518039422886855e-05,1.651487254082202e-05,1.4719102535593125,179.24505599100831,5.37147665,0.122455537
57,7.858164936110583e-06,1.3387492702247737e-05,7.858164936110583e-06,0.943993425248462,147.318272581222,3.31554818,0.129307941
36,2.40289807667069e-07,3.3503352423209473e-07,2.40289807667069e-07,0.2178585709276196,92.30834267870135,0.565167606,0.125542074
35,2.464849129995678e-07,3.4311279680563166e-07,2.464849129995678e-07,0.22059961918928464,92.0883270843853,0.573026538,0.125732705
37,2.553447022268807e-07,3.5698999430009154e-07,2.553447022268807e-07,0.22331667423663504,92.3482079180987,0.586357772,0.125698686
36,2.662414825796595e-07,3.757542889787913e-07,2.662414825796595e-07,0.22532410947510162,92.44317709334068,0.607842624,0.125728622
36,2.73202517435614e-07,3.877207097326929e-07,2.73202517435614e-07,0.2276290501568127,92.73816426360604,0.608391106,0.125528976
36,2.855131615195898e-07,4.0414880954538863e-07,2.855131615195898e-07,0.23375608350598515,92.94984772695118,0.619054854,0.125074193
37,3.0528714744590205e-07,4.373241711079587e-07,3.0528714744590205e-07,0.24237373473435955,94.57795952092404,0.656795204,0.125311852
39,3.0009342018640977e-07,4.284195235964716e-07,3.0009342018640977e-07,0.23957093313079672,94.09994681579475,0.657079399,0.125320256
37,2.9931499290000957e-07,4.2803828435390136e-07,2.9931499290000957e-07,0.23695798897027334,93.31447813968941,0.640984356,0.125275388
38,3.24324231488715e-07,4.702818863792264e-07,3.24324231488715e-07,0.24558964191153515,94.64038912413353,0.680795789,0.125243187
38,3.6090510191369967e-07,5.310638981124762e-07,3.6090510191369967e-07,0.2538985813389246,95.29237715249738,0.738069236,0.125233606
36,2.3898172839178917e-07,3.3156492280313996e-07,2.3898172839178917e-07,0.2173882353692327,92.08547703727552,0.554655671,0.125333086
35,2.30386080569417e-07,3.188540618358598e-07,2.30386080569417e-07,0.21604511377038657,92.82096176435002,0.539238036,0.125004321
36,2.2961878483488189e-07,3.190107369648329e-07,2.2961878483488189e-07,0.21452964042678152,92.59435165249651,0.544999123,0.125009254
36,2.2650007906850982e-07,3.15236268053593e-07,2.2650007906850982e-07,0.21318712210907373,92.9137023625325,0.541862428,0.125126109
57,1.2177529450938816e-05,2.017762765061507e-05,1.2177529450938816e-05,1.0157556033427457,137.23972341966453,4.18059158,0.127461269
60,1.0323958839106816e-05,1.8176490328348003e-05,1.0323958839106816e-05,1.0098648555344272,148.46278638081236,4.65451193,0.128260851
59,1.072972309949164e-05,1.871153354892906e-05,1.072972309949164e-05,1.0812452350928317,154.19677129781908,4.33890772,0.129011869
60,1.1162810333138255e-05,1.857148934774566e-05,1.1162810333138255e-05,1.066881108649895,147.90141386965394,4.43259954,0.128033087
41,9.625096328378559e-07,1.5206574201203837e-06,9.625096328378559e-07,0.3631692333544433,102.2023692401513,1.4124893,0.125660524
44,1.8982736246711209e-06,3.0088688690863653e-06,1.8982736246711209e-06,0.4697388702371085,106.21938098171626,1.62803185,0.125823036
44,1.4718159308826812e-06,2.3300998255291686e-06,1.4718159308826812e-06,0.42285224183864306,103.16496602441767,1.66187429,0.125936285
43,9.17869787219071e-07,1.460438037420875e-06,9.17869787219071e-07,0.35019112220075377,100.51193256231338,1.46090341,0.125777438
38,7.254834870108851e-07,1.1421779115498697e-06,7.254834870108851e-07,0.3191017064126596,98.3576277626367,1.214059,0.12564455
42,8.904089346242886e-07,1.4088548111529003e-06,8.904089346242886e-07,0.34171437586509734,98.38407023765413,1.34026933,0.125762179
44,1.0285605594288915e-06,1.6296015672295503e-06,1.0285605594288915e-06,0.3640556472809889,99.70516967956112,1.57449317,0.125958219
39,4.77846175747024e-07,7.259208729008651e-07,4.77846175747024e-07,0.27719688905839257,96.53203365125576,0.887360275,0.125344604
38,5.708715713050795e-07,8.752898849153495e-07,5.708715713050795e-07,0.29445180498779705,96.5870518517302,0.990795851,0.125452772
37,6.525193499307643e-07,1.0140909822325695e-06,6.525193499307643e-07,0.3077494527295616,97.34764033863759,1.10471332,0.125586748
48,8.965719280332506e-06,1.4419212721683347e-05,8.965719280332506e-06,0.8694436838607793,115.41547224592614,2.58775377,0.126390919
53,9.40202474294033e-06,1.4409637115730685e-05,9.40202474294033e-06,0.9975773879285894,131.17811627301555,2.68106055,0.127182543
46,3.905257823990241e-06,6.4141321396491745e-06,3.905257823990241e-06,0.602994141299558,108.08949784622216,2.1208787,0.125967294
63,1.3634195298149572e-05,2.144230851091824e-05,1.3634195298149572e-05,1.2733376391664422,158.21368418899098,4.48613262,0.12739107
104,1.411696622420993e-05,2.1701256290906166e-05,1.411696622420993e-05,1.743808593008263,219.49339475432436,4.66328335,0.127519995
38,3.8151324068875757e-07,5.692945162952426e-07,3.8151324068875757e-07,0.25684830430812516,95.76468398858545,0.764290035,0.125231698
39,4.226826024755601e-07,6.388681783052605e-07,4.226826024755601e-07,0.2643947082556421,95.99624578471304,0.822689712,0.125305116
34,2.1688698558754647e-07,3.00147829431552e-07,2.1688698558754647e-07,0.21243959804159537,93.88019912363042,0.533897877,0.125276163
35,2.1307178093560262e-07,2.94436613591686e-07,2.1307178093560262e-07,0.21307172541514588,94.72010048157264,0.529274881,0.125240803
33,2.1969772061679674e-07,3.0561687980539325e-07,2.1969772061679674e-07,0.21239229468873214,94.0741536007742,0.535052717,0.125257283
35,2.230669697322514e-07,3.0962956081831365e-07,2.230669697322514e-07,0.21277859618121844,93.27897361402131,0.539253473,0.125220686
34,2.188084430711183e-07,3.039089608067196e-07,2.188084430711183e-07,0.214650046297537,95.17693695794168,0.526395023,0.125364959
60,3.8111175522848216e-06,6.858719927286828e-06,3.8111175522848216e-06,0.7676723487991906,200.89376762677674,2.11524272,0.129030392
87,5.2421428241063235e-05,9.245764647929977e-05,5.2421428241063235e-05,3.1477130676774494,266.2314696978765,5.38932943,0.126092225
66,6.728234844980816e-06,1.1743289303212462e-05,6.728234844980816e-06,1.0851433144126266,209.0836800444985,2.39996958,0.129705787
39,3.476847461032491e-07,6.180020715337429e-07,3.476847461032491e-07,0.27091416269623214,147.5074922476588,0.870571434,0.124883749
40,3.3171432859973625e-07,5.804888565086097e-07,3.3171432859973625e-07,0.2679275961829346,144.82682925232677,0.839577198,0.124826975
57,2.121886811004789e-06,3.843662259087987e-06,2.121886811004789e-06,0.5697410354675424,189.56944810351143,2.14367151,0.127011046
60,2.99595328157817e-06,5.4666544683655795e-06,2.99595328157817e-06,0.6715248526910155,194.72465039472232,2.2413466,0.127807707
49,1.0892646073459818e-06,2.019356474339099e-06,1.0892646073459818e-06,0.42062122433689286,178.41139958607397,1.73857558,0.125823751
45,8.516974994563341e-07,1.6570669150329002e-06,8.516974994563341e-07,0.37234978681309094,172.37058023966227,1.72194541,0.125462905
49,9.750972280287262e-07,1.8377818566307999e-06,9.750972280287262e-07,0.398780869142957,175.42530502362257,1.75195861,0.125746399
46,7.251662831090366e-07,1.4179201075663726e-06,7.251662831090366e-07,0.3519096150494914,170.85752862217623,1.6223855,0.125524476
44,6.585703709005214e-07,1.3262698261679915e-06,6.585703709005214e-07,0.33125773395885727,168.78809051585353,1.58836257,0.125686571
43,5.824176037117781e-07,1.1588292672141469e-06,5.824176037117781e-07,0.3189883747960583,166.7027512375428,1.4975661,0.125118613
55,1.4533973558711655e-06,2.639726336381345e-06,1.4533973558711655e-06,0.4804264989808367,182.9172080589034,1.81766415,0.126125038
50,1.2778737980942078e-06,2.3574481893998956e-06,1.2778737980942078e-06,0.4484776823656728,180.0729399051451,1.77203643,0.1259927
41,4.5744089048392e-07,8.855298406377983e-07,4.5744089048392e-07,0.2901226249060308,160.6300300585976,1.16142452,0.12502782
42,5.03400779465593e-07,9.738988164420174e-07,5.03400779465593e-07,0.3028317327125872,161.6444471450075,1.29620063,0.125004932
44,5.398020009596487e-07,1.052766592745712e-06,5.398020009596487e-07,0.3131671065899944,163.97983777086142,1.38139427,0.12503162
41,4.362994634174078e-07,8.343689471858631e-07,4.362994634174078e-07,0.287237902618983,158.69807838881985,1.13476551,0.125040188
39,4.119287259004172e-07,7.682231130201729e-07,4.119287259004172e-07,0.2811328131786435,153.96552850515658,1.02719605,0.124798454
40,4.5540132151119305e-07,8.663631465106466e-07,4.5540132151119305e-07,0.2895429064368179,155.86380582548549,1.12286103,0.124979652
39,3.9925485172772116e-07,7.358916439182483e-07,3.9925485172772116e-07,0.27868639780037174,151.89334769446702,0.981915355,0.124895655
38,3.736938615098477e-07,6.746206121716683e-07,3.736938615098477e-07,0.2754273791953571,149.05636947934335,0.920201004,0.124863096
38,3.2271933139966967e-07,5.546225497024598e-07,3.2271933139966967e-07,0.26810813137357953,142.86013955116388,0.803834736,0.124768808
39,3.0954147480931574e-07,5.270837695236745e-07,3.0954147480931574e-07,0.26406819914103263,140.4399902076013,0.782652259,0.124914773
37,2.9967398179902516e-07,5.008963309326996e-07,2.9967398179902516e-07,0.26325282645019416,137.79918680277052,0.753561318,0.125044271
38,2.0883352065545258e-07,2.9440582619094113e-07,2.0883352065545258e-07,0.2124858805041948,98.51014252444234,0.529141247,0.125014335
37,2.0588973751584822e-07,2.966049634905007e-07,2.0588973751584822e-07,0.21233368409318573,102.41209228385888,0.542464793,0.12516582
36,2.0714392618432873e-07,2.950349895032433e-07,2.0714392618432873e-07,0.212393999890875,100.2951064785273,0.538767159,0.125021502
35,2.108385704918045e-07,3.024122655677763e-07,2.108385704918045e-07,0.21372599286522576,101.49102251358369,0.543094277,0.124971025
38,2.1044850972098595e-07,2.99527820866397e-07,2.1044850972098595e-07,0.2114179964368537,98.67769580955594,0.537440896,0.124990657
37,2.0964483557372557e-07,2.935402329778714e-07,2.0964483557372557e-07,0.2114167030533276,96.56174448316531,0.531111896,0.125133231
37,2.1427982216079541e-07,3.0310265329689044e-07,2.1427982216079541e-07,0.21204877750945506,97.3789339759546,0.536877811,0.125141054
37,2.0908564531126116e-07,2.9092746296503795e-07,2.0908564531126116e-07,0.2115506146085789,95.89194095610652,0.528564095,0.125262931
36,2.1584741802199906e-07,3.272349952091677e-07,2.1584741802199906e-07,0.22380126376772536,113.3874579974781,0.585983336,0.125235334
35,2.1395294089833888e-07,3.233405863998227e-07,2.1395294089833888e-07,0.2210216564088285,111.58201018203894,0.57729882,0.125028953
36,2.1566819192293411e-07,3.245413405851846e-07,2.1566819192293411e-07,0.2183563739802807,109.58406993684562,0.577854693,0.124887049
35,2.132805138532626e-07,3.1615577197946295e-07,2.132805138532626e-07,0.21698893807665517,107.32785208397739,0.566922903,0.125220701
36,2.2139468285507456e-07,3.477715111171118e-07,2.2139468285507456e-07,0.23245579127173976,121.4541888550954,0.616204023,0.125269577
36,2.1494562893124883e-07,3.3083349714163845e-07,2.1494562893124883e-07,0.22548648399971166,116.0292824123058,0.595982552,0.125168651
37,2.2110297174265296e-07,3.4594855515619785e-07,2.2110297174265296e-07,0.2286972548635002,118.73376826058484,0.616286635,0.12503463
35,2.107888772870936e-07,3.087394588743499e-07,2.107888772870936e-07,0.21497828440093675,105.15285554108294,0.552076697,0.125180468
38,2.0680337711271832e-07,3.0010813141591944e-07,2.0680337711271832e-07,0.21218676062149355,103.2239169792604,0.550841331,0.125036255
38,2.6282280975924983e-07,4.315186797897029e-07,2.6282280975924983e-07,0.2522423883570376,133.65379909628336,0.701277852,0.124560043
38,2.563402934326217e-07,4.129471942315245e-07,2.563402934326217e-07,0.24954382608851833,129.65899073323598,0.671974301,0.12567094
38,2.5589628630379703e-07,4.1303105458805426e-07,2.5589628630379703e-07,0.24693021138102217,127.6408434513536,0.677991629,0.125118643
36,2.3262119910493056e-07,3.693597915185351e-07,2.3262119910493056e-07,0.23747461600946582,123.37937080689045,0.63880372,0.124967389
37,2.4948412161638646e-07,3.9907325436413855e-07,2.4948412161638646e-07,0.24301953277967386,124.63073490294312,0.667042553,0.124739245
37,2.864247211633432e-07,4.7376755746313683e-07,2.864247211633432e-07,0.25949010807788453,135.67341040084278,0.728624761,0.124727383
87,2.7816552101639938e-05,4.896093561612199e-05,2.7816552101639938e-05,2.043465984490337,199.41363345164953,7.01758146,0.120215356
74,1.9435422629480396e-05,3.3454398588002524e-05,1.9435422629480396e-05,1.6744083532126284,185.15067862703282,5.785326,0.127844959
34,2.48148691552574e-07,3.450737526401643e-07,2.48148691552574e-07,0.21897096076137307,91.75037480510188,0.563798249,0.125370532
36,2.4484362512193837e-07,3.442094004562054e-07,2.4484362512193837e-07,0.21602231824340692,91.820570550636,0.577064037,0.125671104
36,2.5013239069824517e-07,3.5201990019910765e-07,2.5013239069824517e-07,0.21834991408958299,91.94474588153835,0.586605608,0.125632375
35,2.588258533898359e-07,3.6539111748923855e-07,2.588258533898359e-07,0.22086590525791938,91.89840466650473,0.595658302,0.125379816
37,2.610588903102096e-07,3.717850682125486e-07,2.610588903102096e-07,0.2211090734463605,92.26370380814161,0.604126692,0.125281334
36,2.823993831836076e-07,4.0308407064381087e-07,2.823993831836076e-07,0.22891588344770633,92.4958019276568,0.629277229,0.12515986
37,2.9535757893924484e-07,4.233956540872328e-07,2.9535757893924484e-07,0.2340062685093377,92.81196328979426,0.644006133,0.125312686
37,3.139827663740739e-07,4.5374611496414095e-07,3.139827663740739e-07,0.2409784323483775,93.8829068649442,0.671229541,0.125269726
36,3.1137249763913154e-07,4.4811933166731625e-07,3.1137249763913154e-07,0.23944646645632403,93.36388785231979,0.659645319,0.125303477
38,3.349395118357254e-07,4.897019990587664e-07,3.349395118357254e-07,0.2456770767102393,94.34283980814932,0.700503349,0.125151202
38,3.615234023735899e-07,5.326976542224389e-07,3.615234023735899e-07,0.2523173846081374,94.56693610350128,0.731089354,0.125246063
35,2.3356546406030578e-07,3.263190164880223e-07,2.3356546406030578e-07,0.21305868174927287,92.17795251511808,0.556479275,0.125304028
35,2.363204247404772e-07,3.331832019391855e-07,2.363204247404772e-07,0.2113673412048492,91.77730047691976,0.570009768,0.125331998
35,2.2896501421681352e-07,3.1857691989709485e-07,2.2896501421681352e-07,0.21367842880533847,92.50337437579267,0.544422984,0.125174329
37,2.245671667717071e-07,3.1593264612032687e-07,2.245671667717071e-07,0.20916141860156276,92.8985624972854,0.547503591,0.125264511
35,2.21904228448928e-07,3.0971444799300766e-07,2.21904228448928e-07,0.210339704695766,93.20501446972261,0.54134655,0.125308961
70,1.379827953964443e-05,2.3557377776592745e-05,1.379827953964443e-05,1.3174720044864232,168.46359740306275,4.90107489,0.127230436
82,2.2526046981551198e-05,3.712292415414753e-05,2.2526046981551198e-05,1.9682568733354344,199.0957542747405,5.79931974,0.119331934
67,1.4443488725713479e-05,2.3853721731471455e-05,1.4443488725713479e-05,1.3289063698177628,164.23039558094683,4.72300434,0.126978695
109,1.5488913049989915e-05,2.2824142078996236e-05,1.5488913049989915e-05,2.0685115696307714,251.08956661263397,4.89654732,0.129868686
45,1.2603863708286662e-06,1.9864854288758986e-06,1.2603863708286662e-06,0.3969415335977685,101.3191235800148,1.62951636,0.126010135
47,2.274555415060006e-06,3.629581305941906e-06,2.274555415060006e-06,0.49377621009315364,104.83976620091134,1.73628747,0.12601456
46,1.5658927143377012e-06,2.4609362782801436e-06,1.5658927143377012e-06,0.429852994683787,101.75977393281082,1.71135354,0.126149774
40,8.118628880617753e-07,1.2809227400302096e-06,8.118628880617753e-07,0.32927919210948736,97.12246897104097,1.24057329,0.125674099
44,1.0058504665944158e-06,1.5981033261311747e-06,1.0058504665944158e-06,0.3546742085728403,97.74262981643491,1.37105381,0.125599399
45,1.2144161524177163e-06,1.929443782301146e-06,1.2144161524177163e-06,0.3792970776809113,98.19957925826286,1.46674967,0.125870049
46,1.2150476872619476e-06,1.9198728847478563e-06,1.2150476872619476e-06,0.386245083520229,99.71334665309159,1.57751465,0.125985444
37,5.081715410723367e-07,7.732355905718282e-07,5.081715410723367e-07,0.28227602163143095,96.0228257921972,0.915352702,0.125463754
38,6.359071445209462e-07,9.845011055150296e-07,6.359071445209462e-07,0.30329519520888826,96.11657422337971,1.07160699,0.125514761
41,7.653694435206789e-07,1.200040745998137e-06,7.653694435206789e-07,0.32185491541413147,96.38120823622853,1.15653205,0.125537664
50,9.105816237435441e-06,1.4172829771709496e-05,9.105816237435441e-06,0.9367400795163947,122.50971518757584,2.60347557,0.126826108
48,5.657097388319567e-06,9.238651976136057e-06,5.657097388319567e-06,0.6963954653233941,109.4840861434679,2.25274706,0.126304626
78,2.1486087542795357e-05,3.0257136249803386e-05,2.1486087542795357e-05,1.8070940587394964,162.08921752966532,3.71513748,0.129962429
55,9.662781308156454e-06,1.4808270680527847e-05,9.662781308156454e-06,1.0259161352997825,135.08233539170882,2.61681676,0.126416951
37,3.986792766215981e-07,5.962606353450415e-07,3.986792766215981e-07,0.25879983999150313,94.75306426674017,0.787212312,0.125415847
39,4.419345929221146e-07,6.668675602859768e-07,4.419345929221146e-07,0.26748622828677115,94.98124443382254,0.83260709,0.125492036
36,2.1867348001191694e-07,3.0573390056497387e-07,2.1867348001191694e-07,0.21002139479249235,93.76098107685718,0.537618637,0.125211194
36,2.1648070613351596e-07,3.017692998089792e-07,2.1648070613351596e-07,0.21157448958590963,94.73280910055028,0.531953156,0.125364408
35,2.2246968609808266e-07,3.1354295893726755e-07,2.2246968609808266e-07,0.209023548797758,93.77994067802102,0.541139483,0.125113219
35,2.1675956312588465e-07,3.0470258844054923e-07,2.1675956312588465e-07,0.2088514295034346,94.55652677165702,0.540167451,0.125320673
35,2.2481285948681528e-07,3.1660157986365213e-07,2.2481285948681528e-07,0.20875880705564667,93.03672113872345,0.548847079,0.125226945
37,2.1258831935657844e-07,2.9701698508631887e-07,2.1258831935657844e-07,0.21081934050676593,95.40263454515552,0.532946825,0.125362828
112,9.123194730303261e-05,0.0001652224962783971,9.123194730303261e-05,4.680314597462192,312.9263769159925,15.7158403,0.118771769
68,7.345554340026079e-06,1.2720213298691479e-05,7.345554340026079e-06,1.1824520338496771,210.8886488060642,2.4484899,0.129264772
38,3.648612896753258e-07,6.44029450336884e-07,3.648612896753258e-07,0.27467969714173146,145.4962564092794,0.879331946,0.124725536
39,3.842098495574408e-07,6.940505726650544e-07,3.842098495574408e-07,0.2763539473417112,148.52766437367933,0.930108249,0.124794945
41,3.3954148737347575e-07,5.929300372980355e-07,3.3954148737347575e-07,0.2688458614418027,142.98606543571802,0.833084702,0.124723226
54,2.1729498853204343e-06,3.91880146529911e-06,2.1729498853204343e-06,0.5794008164811012,188.40672192204173,2.08905888,0.127101243
64,5.1085791644431286e-06,9.058045871391423e-06,5.1085791644431286e-06,0.9092360211094934,201.6625268651233,2.30640483,0.128890559
47,9.450508931300801e-07,1.7956948446518807e-06,9.450508931300801e-07,0.39120490705949973,172.87424460471735,1.80318427,0.125709116
50,1.1211543050831809e-06,2.0753718780839637e-06,1.1211543050831809e-06,0.4272999416637004,176.87175467430282,1.76029921,0.125894368
45,8.17375506200351e-07,1.5781977864673426e-06,8.17375506200351e-07,0.36839646948878774,169.5354608314501,1.78089738,0.125514418
45,6.9436541304179e-07,1.3747929582617548e-06,6.9436541304179e-07,0.33965875127800577,167.22984077924747,1.58858311,0.125525504
44,6.265430358462092e-07,1.2268932067831467e-06,6.265430358462092e-07,0.3281160820553655,164.62605196012817,1.47240579,0.125218913
56,2.0447005948974567e-06,3.7046277107810067e-06,2.0447005948974567e-06,0.5644475219620563,187.63193010420764,2.03807831,0.126865104
54,1.4988575274343337e-06,2.726184328675048e-06,1.4988575274343337e-06,0.48694009682737005,181.9582180639469,1.78575706,0.126660392
51,1.4322324839759177e-06,2.6189452844873798e-06,1.4322324839759177e-06,0.47161433943900133,179.65198518139326,1.80305207,0.126155198
43,5.004303427096232e-07,9.734256036903031e-07,5.004303427096232e-07,0.3000685078405924,159.89523266503116,1.26828527,0.125001341
44,5.649702440956301e-07,1.0979836886288674e-06,5.649702440956301e-07,0.3170092101357706,162.12765465410092,1.40563285,0.125000045
42,4.875151974112388e-07,9.32543106556617e-07,4.875151974112388e-07,0.29947485349326647,158.02353406638372,1.22222519,0.125346929
40,4.4963918462329025e-07,8.445379537344336e-07,4.4963918462329025e-07,0.2886026139811833,153.6261098576146,1.07481229,0.124931403
40,4.87423823976824e-07,9.281574493763451e-07,4.87423823976824e-07,0.29864091483532296,155.61927677343533,1.22295308,0.125148997
38,4.1440360657806913e-07,7.597129744461027e-07,4.1440360657806913e-07,0.2835155864533412,149.93552600530248,0.99370265,0.125044659
38,4.521273326354983e-07,8.38096150581038e-07,4.521273326354983e-07,0.2906557645184525,151.7305012542271,1.07611561,0.12509805
41,3.3292900368291225e-07,5.752163098966491e-07,3.3292900368291225e-07,0.26833485237867605,141.89013234511,0.827529967,0.12484993
39,3.240229329810987e-07,5.496632803638271e-07,3.240229329810987e-07,0.2673048652524184,139.31984130914992,0.781544983,0.124869265
40,3.052022365544805e-07,5.114912831702037e-07,3.052022365544805e-07,0.2631901259173463,136.9489097824968,0.754066825,0.124804027
35,2.1075223069889495e-07,3.0121916590550234e-07,2.1075223069889495e-07,0.21228935925419037,99.62451220226704,0.544048786,0.124889761
36,2.1018156142164023e-07,3.023818195053044e-07,2.1018156142164023e-07,0.21282341876550862,101.30150962477516,0.549416423,0.124826692
36,2.1717348589505659e-07,3.10760563988456e-07,2.1717348589505659e-07,0.21210351966918026,98.64178218110234,0.54569459,0.125060156
36,2.1891897622224752e-07,3.117293078661227e-07,2.1891897622224752e-07,0.21258497231737639,97.89608153300996,0.540403664,0.125213519
35,2.1462472421650862e-07,3.027774931035491e-07,2.1462472421650862e-07,0.2115079388900647,96.80721092563623,0.538062155,0.125132009
37,2.1169138274654823e-07,2.9781371164457763e-07,2.1169138274654823e-07,0.20959251831916723,95.95936035300993,0.5364452,0.125141069
35,2.1533640202706587e-07,3.0616847374206324e-07,2.1533640202706587e-07,0.21043536128196447,97.06012508848195,0.541562259,0.125229731
37,2.2267621080835684e-07,3.4070288729402426e-07,2.2267621080835684e-07,0.22537204388913137,114.08968138589022,0.596260011,0.125258967
37,2.1968944043084464e-07,3.3388504075283557e-07,2.1968944043084464e-07,0.22202839079039108,112.03355272645585,0.588693082,0.125078559
35,2.2072074864402233e-07,3.3134994845514435e-07,2.2072074864402233e-07,0.21998957735333136,108.97058951407584,0.582298815,0.12507154
36,2.1971695141621353e-07,3.281029766011958e-07,2.1971695141621353e-07,0.21822319859353345,107.43900484509706,0.575480878,0.125055641
36,2.184333908285971e-07,3.2363185649142417e-07,2.184333908285971e-07,0.21630586062612628,105.77789861272866,0.566076398,0.125033692
37,2.2725408371818316e-07,3.58099432214185e-07,2.2725408371818316e-07,0.233812187889392,121.68715457145173,0.628492951,0.125141263
34,2.2994180500686583e-07,3.608044183298355e-07,2.2994180500686583e-07,0.23227532795266265,119.11850933532533,0.62680316,0.125056863
37,2.272185634004266e-07,3.535212453334923e-07,2.272185634004266e-07,0.2283081660774305,116.4719707268071,0.615867376,0.125107571
36,2.1517015196625538e-07,3.1681025389363925e-07,2.1517015196625538e-07,0.21525396149968287,105.10310812795039,0.558759332,0.125046909
37,2.1538967211190547e-07,3.1426247013823606e-07,2.1538967211190547e-07,0.21422420043469717,103.23146307861603,0.558955014,0.12499392
37,2.771059999084728e-07,4.5186363407305243e-07,2.771059999084728e-07,0.25657239795298387,132.11294703232974,0.70297128,0.124977857
38,2.705508307634976e-07,4.394130368252887e-07,2.705508307634976e-07,0.2532599250218185,130.2716012485112,0.700394988,0.125367686
37,2.698887462283326e-07,4.3723974167405927e-07,2.698887462283326e-07,0.2507810054218341,127.74595552968817,0.693960071,0.125007957
38,2.4194802726205146e-07,3.854334024532136e-07,2.4194802726205146e-07,0.2384578870996798,123.08449099696274,0.644568384,0.12497893
37,2.728937432095242e-07,4.413741520639087e-07,2.728937432095242e-07,0.2502601519498124,126.88249611638669,0.692292094,0.124799944
39,2.619916795082007e-07,4.2270142178942106e-07,2.619916795082007e-07,0.2447241619327826,124.74586008701667,0.681217968,0.124939948
39,2.4375548925122044e-07,3.897399995403107e-07,2.4375548925122044e-07,0.23731701788576862,122.45208034214464,0.649631977,0.125080332
39,2.897266141210106e-07,4.815384497656514e-07,2.897266141210106e-07,0.25810366891828007,134.6727293082267,0.733993351,0.124955177
35,2.454117790812182e-07,3.4502463766765576e-07,2.454117790812182e-07,0.21504060710028877,91.65378729200121,0.572595716,0.125421956
35,2.4746844764749725e-07,3.497231925485923e-07,2.4746844764749725e-07,0.21436145492881303,91.39944401930582,0.580279231,0.125691131
34,2.575505592898457e-07,3.6532380948607313e-07,2.575505592898457e-07,0.2173372613743413,91.56050819677156,0.594684899,0.125620052
36,2.6210062139244214e-07,3.757075245952358e-07,2.6210062139244214e-07,0.2180135365747452,91.78472400758861,0.614236116,0.125095516
35,2.7599691910533774e-07,3.9509303595744467e-07,2.7599691910533774e-07,0.223998899842361,91.94874811984212,0.622951746,0.125222534
37,2.8927904484500243e-07,4.13993753156644e-07,2.8927904484500243e-07,0.2296470359814709,92.26706094422347,0.634746611,0.125196531
36,3.0468378073546844e-07,4.3959969840800006e-07,3.0468378073546844e-07,0.2343460108160346,92.37402064097623,0.662050307,0.12533392
38,3.1342124733695583e-07,4.5606875435590494e-07,3.1342124733695583e-07,0.23683771733570905,92.98533380125805,0.674531817,0.125387579
36,3.4239854817334606e-07,4.99293139392104e-07,3.4239854817334606e-07,0.2460474674003602,93.63001690697186,0.705060363,0.125255808
38,3.530860432218768e-07,5.209970060467608e-07,3.530860432218768e-07,0.24780236952323853,93.97317045388913,0.723009288,0.12520279
36,2.300428202555671e-07,3.2428490538026495e-07,2.300428202555671e-07,0.20913625930568736,92.03868883246925,0.562150478,0.125464574
36,2.3643364018400277e-07,3.353570394195954e-07,2.3643364018400277e-07,0.20903889607643653,91.53035275356777,0.572666705,0.125177339
38,2.424803955876291e-07,3.455673018643956e-07,2.424803955876291e-07,0.20963730235093303,91.6185051094702,0.583108187,0.125185728
36,2.3025344218088196e-07,3.250468615092319e-07,2.3025344218088196e-07,0.2095379025760578,92.4001069971388,0.555785477,0.125368729
35,2.2504178233547085e-07,3.177335083051798e-07,2.2504178233547085e-07,0.2078606419717962,92.85761225180218,0.550436676,0.125355273
90,2.4489687392506948e-05,4.0790631172189974e-05,2.4489687392506948e-05,2.0028215837331844,201.59483854780473,5.64866161,0.124291666
91,1.9909116434933555e-05,3.0684061005086446e-05,1.9909116434933555e-05,1.9421599802358505,205.28025071281488,5.10929632,0.129885435
47,2.9011834616617774e-06,4.617589333237009e-06,2.9011834616617774e-06,0.538626708934974,104.42048273473188,1.81559801,0.126433372
47,2.1239486328923453e-06,3.318439125146096e-06,2.1239486328923453e-06,0.4779772950996222,101.8726490117835,1.70376945,0.126605898
47,1.464721141919956e-06,2.3032674284716085e-06,1.464721141919956e-06,0.41163758575994414,99.52635642434274,1.59619164,0.126118928
44,9.715647788367869e-07,1.5324694515379957e-06,9.715647788367869e-07,0.3501668197326153,96.3480795988357,1.30373704,0.125932932
44,1.3173181948619378e-06,2.078205131851161e-06,1.3173181948619378e-06,0.39142778245273263,96.87237606459065,1.46676147,0.126162514
47,1.5053532734568157e-06,2.401498806598032e-06,1.5053532734568157e-06,0.40734449770251724,98.09166154763057,1.62148297,0.126216501
39,5.146277952103377e-07,7.844783445219589e-07,5.146277952103377e-07,0.28250165510445624,95.5522022664166,0.942771316,0.125561893
38,5.612739158477176e-07,8.587805622992559e-07,5.612739158477176e-07,0.29139791561772577,95.56526889336419,0.990431547,0.125389338
40,7.398032325676684e-07,1.1504086206254343e-06,7.398032325676684e-07,0.31720500304672045,95.3784505720788,1.0976789,0.125426009
43,9.583672656554993e-07,1.5004836394156525e-06,9.583672656554993e-07,0.3496776137149743,95.54035325067363,1.27619159,0.125666052
52,9.054465749853313e-06,1.3843246177363667e-05,9.054465749853313e-06,0.9746043124524477,127.23668686109701,2.65944457,0.127314493
49,4.47047512582724e-06,7.07018169369395e-06,4.47047512582724e-06,0.6461808801934478,107.02060547067818,1.97947419,0.127174124
52,7.719598422666563e-06,1.2048530036003642e-05,7.719598422666563e-06,0.8387313229597319,113.59854746872287,2.34246039,0.127868235
79,1.3541284282615585e-05,1.9432015980899607e-05,1.3541284282615585e-05,1.5356232811573785,175.84492916246154,3.22231483,0.12908116
89,2.794129898351466e-05,4.026784619198596e-05,2.794129898351466e-05,2.1160310044719286,172.18443230529792,4.15199709,0.13465029
37,4.0267081898199525e-07,5.986090613937886e-07,4.0267081898199525e-07,0.2597560115520202,94.15444847141754,0.785537362,0.125384584
37,4.87749057100288e-07,7.324717654959422e-07,4.87749057100288e-07,0.2777552100501391,94.84369129760147,0.866168559,0.12560077
35,2.2516325138606706e-07,3.186702819662214e-07,2.2516325138606706e-07,0.207522767302161,93.3633751141004,0.547308743,0.125137165
34,2.2087724491225825e-07,3.1198470134380795e-07,2.2087724491225825e-07,0.2084777327095315,94.19969569123737,0.545200527,0.125106245
35,2.1458259457543627e-07,3.018999881787842e-07,2.1458259457543627e-07,0.20919141520626555,95.0463724081369,0.542253196,0.125250086
34,2.2878524637007167e-07,3.2619289369055827e-07,2.2878524637007167e-07,0.2064754667468739,93.00466353618661,0.555911064,0.125264719
80,3.3356497916145554e-05,5.703198638683485e-05,3.3356497916145554e-05,2.699821628028477,253.77774845104207,4.17309618,0.126854867
39,3.847748933906067e-07,6.846156276343534e-07,3.847748933906067e-07,0.2785236865622437,145.93024842722906,0.922090709,0.124780983
39,3.7598107677576137e-07,6.616838453978156e-07,3.7598107677576137e-07,0.2764833218839602,143.67916877751244,0.874370098,0.124725364
39,4.0604977241651334e-07,7.364294378270598e-07,4.0604977241651334e-07,0.28178551063186696,148.5798133112543,0.979583979,0.125046313
40,3.584445713150071e-07,6.196275990189935e-07,3.584445713150071e-07,0.27291068690285963,140.2425564529942,0.852400124,0.124875449
64,3.548718436848822e-06,6.44009551305283e-06,3.548718436848822e-06,0.7397219679855612,194.28870937845684,2.09583688,0.12851651
69,1.2545040420267855e-05,2.1741787817140277e-05,1.2545040420267855e-05,1.5121189909161645,214.93285172777058,3.02197433,0.131041542
51,1.2078035065803308e-06,2.255172887615909e-06,1.2078035065803308e-06,0.4360928671330491,175.5698200152088,1.89312112,0.125972301
49,9.581927332301943e-07,1.802617169094622e-06,9.581927332301943e-07,0.39647170903059475,172.09164395725375,1.83136702,0.125843003
49,1.012042205754508e-06,1.917849447580284e-06,1.012042205754508e-06,0.4004298803367333,170.01362602878353,1.8776089,0.125913009
48,8.572466116453799e-07,1.6536208102498246e-06,8.572466116453799e-07,0.3696998097421534,167.49629335756327,1.7191695,0.125426605
46,7.249059843745292e-07,1.4094040153909663e-06,7.249059843745292e-07,0.3447035188598671,164.88941574145267,1.63204706,0.12543954
44,6.42854678134568e-07,1.2494271976030186e-06,6.42854678134568e-07,0.32995005917509534,162.20637240973926,1.47222829,0.125372306
59,2.5145946352394157e-06,4.576032853386113e-06,2.5145946352394157e-06,0.6161533638988499,187.83955753915674,1.97746289,0.1275561
55,1.9427621405652265e-06,3.5542681636442014e-06,1.9427621405652265e-06,0.5439669244129569,183.49752401283328,2.06586742,0.127117187
54,1.5789274495757213e-06,2.898819640713862e-06,1.5789274495757213e-06,0.49014422528039725,178.02846465336893,1.85522878,0.126368627
56,1.8112786619455432e-06,3.330786896311078e-06,1.8112786619455432e-06,0.5284378607106538,181.66106249893173,2.04389572,0.126856253
43,5.463843797176759e-07,1.0572269912303805e-06,5.463843797176759e-07,0.31020177580054575,159.73261869610377,1.334589,0.125033736
43,5.743614973460585e-07,1.102234280722034e-06,5.743614973460585e-07,0.3186760072106432,159.9818920841879,1.37974107,0.12515384
42,5.273259450234752e-07,9.96560121717756e-07,5.273259450234752e-07,0.31005880647181944,157.00075524795128,1.29990005,0.125075877
40,4.7569960189802125e-07,8.95013308926212e-07,4.7569960189802125e-07,0.2940500151481663,152.78515853133501,1.15977108,0.125072852
41,5.093858879818679e-07,9.658889626199975e-07,5.093858879818679e-07,0.3042202117472985,155.00442180841435,1.26874518,0.124905303
39,4.408460269092327e-07,8.086400493863825e-07,4.408460269092327e-07,0.2895910092414943,149.58270344473124,1.05108237,0.124972619
39,3.464517560742627e-07,5.911253819446546e-07,3.464517560742627e-07,0.27078838644254144,139.08876137816856,0.812956393,0.124923401
40,3.1669051791092457e-07,5.308965957479695e-07,3.1669051791092457e-07,0.2647045335509691,135.83974140681337,0.778537631,0.124564387
36,2.1536158420259254e-07,3.1093732552370924e-07,2.1536158420259254e-07,0.21205367295743652,100.27452560181275,0.550230205,0.124926254
36,2.1636939133652512e-07,3.1463539072883836e-07,2.1636939133652512e-07,0.21376380870629988,102.08523718789172,0.556627274,0.125016958
37,2.1890954422016505e-07,3.1548733094430836e-07,2.1890954422016505e-07,0.21209755521129262,99.32959097190334,0.553207994,0.125169724
35,2.2082646399420676e-07,3.15877924065499e-07,2.2082646399420676e-07,0.21206351135804644,97.62649144655728,0.550219417,0.125205919
36,2.1917132727176758e-07,3.120295482700523e-07,2.1917132727176758e-07,0.21030466285299276,96.78229838983759,0.549117804,0.125193194
34,2.185508176522882e-07,3.0926022748730656e-07,2.185508176522882e-07,0.2110261021525666,96.10492750513716,0.543582737,0.125197068
35,2.1856631626218206e-07,3.1023043624240536e-07,2.1856631626218206e-07,0.209393055611104,95.63011776955508,0.544881284,0.125170037
37,2.2482244481484193e-07,3.478298493761387e-07,2.2482244481484193e-07,0.22619691401647257,115.09023026130801,0.610668302,0.125355437
36,2.2494332277751042e-07,3.447441793374436e-07,2.2494332277751042e-07,0.2261020057859651,113.40033865407221,0.603203893,0.125224724
37,2.1861583466753987e-07,3.337023549954137e-07,2.1861583466753987e-07,0.2206812422344663,111.49731897721331,0.591880083,0.125123098
36,2.207079166887606e-07,3.3460896479328765e-07,2.207079166887606e-07,0.21972281758957352,109.63762523776407,0.590876341,0.125131443
36,2.2125739759505745e-07,3.297458017840134e-07,2.2125739759505745e-07,0.21795706218598282,106.27810057236037,0.576393664,0.125004366
36,2.2910049449889137e-07,3.4476596388173954e-07,2.2910049449889137e-07,0.22158440108442998,108.19971512691498,0.587136507,0.125053123
35,2.2610706943176434e-07,3.329593437354006e-07,2.2610706943176434e-07,0.21871954998688098,104.47059488903993,0.571670234,0.125201732
35,2.3025964757111894e-07,3.634508097199462e-07,2.3025964757111894e-07,0.23201456750830224,119.44431894286636,0.633783758,0.125099882
37,2.3227049616238013e-07,3.6396096962145956e-07,2.3227049616238013e-07,0.22895407144880237,116.66707354888035,0.626045108,0.125208348
36,2.403978627058442e-07,3.7905542511371304e-07,2.403978627058442e-07,0.2337684393727752,118.8703132320563,0.635466039,0.125151619
36,2.1662498055003853e-07,3.173664662556371e-07,2.1662498055003853e-07,0.21376985839443624,102.77522081635033,0.562288046,0.125303179
37,2.8809975056847503e-07,4.7243514659669684e-07,2.8809975056847503e-07,0.2572537056271076,131.5573282923202,0.717677832,0.125052556
38,2.928030818883857e-07,4.810121410150516e-07,2.928030818883857e-07,0.25742790228563406,130.39322043553008,0.732407272,0.124949969
39,2.89672055375855e-07,4.732990066313482e-07,2.89672055375855e-07,0.25460983781699414,127.7971263678448,0.719650328,0.124692172
38,2.7870107218875245e-07,4.536276753319814e-07,2.7870107218875245e-07,0.2507740318534748,126.48957812983824,0.709439039,0.124609575
38,2.666428360351366e-07,4.3074564208427023e-07,2.666428360351366e-07,0.24554106579107368,124.32237225918581,0.692088783,0.125191465
38,2.5103234648608296e-07,4.009268270733021e-07,2.5103234648608296e-07,0.23858406279925265,121.15640794237152,0.666127682,0.125425026
37,2.4221871924638496e-07,3.847373728128557e-07,2.4221871924638496e-07,0.23560045760978995,120.25269697130254,0.652175307,0.125316128
38,3.0874673173435926e-07,5.104260057530557e-07,3.0874673173435926e-07,0.26464154415754004,133.86573794530216,0.745667934,0.12491373
37,2.516235514488618e-07,3.6035206465015363e-07,2.516235514488618e-07,0.2112569574862069,91.33882795827101,0.597625256,0.125474334
37,2.491993695020725e-07,3.572279341504366e-07,2.491993695020725e-07,0.20944213250124846,91.39967725201637,0.589479268,0.125245199
38,2.5955991004416315e-07,3.7346333274182756e-07,2.5955991004416315e-07,0.21367649967823127,91.38332846360984,0.607814193,0.125479385
36,2.7362667223090255e-07,3.9362469951855696e-07,2.7362667223090255e-07,0.22065105770375015,91.59249692982452,0.628824949,0.125099644
36,2.652153495350239e-07,3.8200187806324513e-07,2.652153495350239e-07,0.21663426435507774,91.3928065248393,0.617093027,0.125497758
37,2.839568906564302e-07,4.0946146899535026e-07,2.839568906564302e-07,0.2251665987995939,91.97678602022748,0.640415609,0.125222206
38,3.215807081957737e-07,4.703192125898343e-07,3.215807081957737e-07,0.23582941512426359,92.45991691445394,0.682717502,0.125167042
35,3.030654065597789e-07,4.3916582881874627e-07,3.030654065597789e-07,0.23032218487595713,91.90568194963339,0.657737076,0.12524429
37,3.4766992025915546e-07,5.092483354630935e-07,3.4766992025915546e-07,0.24480679712783882,93.03430791644818,0.714691818,0.12524949
39,3.748053201407764e-07,5.545699218683815e-07,3.748053201407764e-07,0.2515934122572128,93.32383746297052,0.742564261,0.125275329
34,2.3470307391452504e-07,3.314540570416784e-07,2.3470307391452504e-07,0.20882732160848527,91.87916597066278,0.566431701,0.125311077
35,2.3980078747684706e-07,3.4345335423081585e-07,2.3980078747684706e-07,0.20603859513026943,91.67672879557658,0.574447513,0.125288904
36,2.3004535899065963e-07,3.268026776794545e-07,2.3004535899065963e-07,0.20607546573574034,92.20116596239566,0.562309623,0.12537095
34,2.2644901819410123e-07,3.2225065110421904e-07,2.2644901819410123e-07,0.2050372717333415,92.55064137461835,0.558447778,0.125355527
130,2.793385605661695e-05,4.3793523439671265e-05,2.793385605661695e-05,2.6103893737521684,261.8461412924592,5.96297503,0.124787882
49,2.378678295156009e-06,3.711105683442474e-06,2.378678295156009e-06,0.49804214762733046,101.33156740759514,1.66601658,0.12666516
51,3.328368663899178e-06,5.183606782727624e-06,3.328368663899178e-06,0.575350311932434,104.12572045345766,1.82954216,0.127121508
48,1.8548360547912774e-06,2.9315641165674366e-06,1.8548360547912774e-06,0.44552756335605875,99.49367936742954,1.64571559,0.126440957
43,1.2378821713240594e-06,1.939342629367708e-06,1.2378821713240594e-06,0.3835513529106312,95.93770932098546,1.4069984,0.126042455
48,1.728964484086089e-06,2.7130193025263823e-06,1.728964484086089e-06,0.43177414638228856,96.82319359908165,1.60260773,0.126309797
46,2.0230297167684077e-06,3.21046939146175e-06,2.0230297167684077e-06,0.45097776436901243,97.53809711047892,1.69032979,0.126691014
48,2.324401370068157e-06,3.71883210875553e-06,2.324401370068157e-06,0.4761833268403281,98.62985119451129,1.79466164,0.126583755
38,5.886722159408502e-07,9.028687869272171e-07,5.886722159408502e-07,0.2922788417057694,94.37524305846166,0.968608916,0.12571165
42,6.662167594999402e-07,1.0334145415001567e-06,6.662167594999402e-07,0.30468411636806253,94.80809666133888,1.03750217,0.125479028
43,8.760744700223863e-07,1.3668906233236212e-06,8.760744700223863e-07,0.3368244486992369,94.90982377507027,1.1754818,0.125803709
44,1.2575469378433508e-06,1.961597681568077e-06,1.2575469378433508e-06,0.38540664166062366,95.174233711877,1.35475707,0.125637665
56,9.855727492867848e-06,1.5038528749284966e-05,9.855727492867848e-06,1.012136519730893,128.29195232970164,3.01620793,0.129001915
78,1.4556341793631844e-05,2.185177694908939e-05,1.4556341793631844e-05,1.4115927496265974,163.0471820557883,3.43895793,0.130352676
50,5.073104408718311e-06,7.836077684742337e-06,5.073104408718311e-06,0.7037709081656995,109.04227442773532,2.13399029,0.127869859
59,1.0160940375702374e-05,1.575033508977699e-05,1.0160940375702374e-05,1.0098061589045422,125.89388089363295,3.04638457,0.129496232
122,5.3577840297994034e-05,7.609758366849059e-05,5.3577840297994034e-05,3.527511549269123,243.81388126055518,5.48117065,0.126224518
39,4.1212008324601055e-07,6.157372845160607e-07,4.1212008324601055e-07,0.26058926400896487,94.0940656941631,0.80508101,0.125357345
38,4.7307644838626643e-07,7.114444031525349e-07,4.7307644838626643e-07,0.2728266085654876,94.17798673739156,0.848501921,0.125470757
34,2.2722908446429345e-07,3.241922779323624e-07,2.2722908446429345e-07,0.20583228564600164,93.36337075711087,0.556353927,0.125205621
35,2.2329774063123264e-07,3.172285965552621e-07,2.2329774063123264e-07,0.20792953260184863,94.2075855464478,0.549983323,0.125178203
33,2.301724544689863e-07,3.2923505040889816e-07,2.301724544689863e-07,0.20667961570980703,93.62380946953097,0.558247685,0.125109345
34,2.243447879675843e-07,3.187049397464161e-07,2.243447879675843e-07,0.20982051712520963,94.84490039533183,0.548213363,0.125213161
33,2.3832423345934312e-07,3.4140139248816033e-07,2.3832423345934312e-07,0.20693026648838525,92.65894580237547,0.562047362,0.125270948
101,5.312674743701815e-05,9.4196740461766e-05,5.312674743701815e-05,3.7328819205770256,289.06174734134817,13.8913231,0.124199919
39,4.0608977485882304e-07,7.303160923438171e-07,4.0608977485882304e-07,0.2820123178059663,146.16216639432827,0.952855289,0.124981299
38,3.908600150211088e-07,6.905568341089448e-07,3.908600150211088e-07,0.2797518992180365,143.29824915995042,0.917782128,0.124765866
37,4.3663583384116136e-07,7.875179589938832e-07,4.3663583384116136e-07,0.28959189947003006,147.23099135970165,0.994295239,0.124968216
39,3.916100239031713e-07,6.85310656008812e-07,3.916100239031713e-07,0.2798246414629798,141.3061309174294,0.911373317,0.124871373
40,3.6843561133386047e-07,6.345635779874643e-07,3.6843561133386047e-07,0.27469078685920534,138.9985554022581,0.85454917,0.125169173
66,5.8037192490320245e-06,1.0290938309198151e-05,5.8037192490320245e-06,1.0199287414006908,201.04322121950506,2.61935186,0.130384758
79,2.633542061969771e-05,4.405516221688214e-05,2.633542061969771e-05,2.5246499020007795,248.42386385650482,5.58592129,0.125991523
54,1.3274907132705032e-06,2.4681034597221893e-06,1.3274907132705032e-06,0.4545087551478589,174.96588810613812,1.96306765,0.126209497
51,1.2646477675826054e-06,2.3287257318005576e-06,1.2646477675826054e-06,0.44263558185917307,172.4396651137909,1.97089565,0.125954583
50,1.1116592091448228e-06,2.0536446187441815e-06,1.1116592091448228e-06,0.4172872192069442,169.66243968591783,1.82316804,0.126337528
51,1.1064056188082077e-06,2.0774030343111105e-06,1.1064056188082077e-06,0.4102009711228504,167.49423797699984,1.83621693,0.126003712
47,9.775065964279091e-07,1.8529170299828948e-06,9.775065964279091e-07,0.38609877596012665,165.07137121120923,1.76806557,0.125679821
47,7.628015887016791e-07,1.4744955482124305e-06,7.628015887016791e-07,0.35082036910595427,163.46688699778912,1.56024027,0.125720799
46,7.426206866810412e-07,1.4291949563864763e-06,7.426206866810412e-07,0.34710856924676114,162.52623269830332,1.51637197,0.12554054
45,7.094838486511728e-07,1.3703261616733831e-06,7.094838486511728e-07,0.340599424250841,160.92189784772225,1.52659559,0.125362366
63,4.758902025768317e-06,8.651554707331311e-06,4.758902025768317e-06,0.8623307398249135,195.17201525674164,2.45300531,0.129457146
56,2.0457124880905763e-06,3.7500261336682136e-06,2.0457124880905763e-06,0.549006725638478,179.18137536240377,2.00336576,0.127037048
60,2.970642778186566e-06,5.4676752938499715e-06,2.970642778186566e-06,0.6569901292568853,185.77452758391195,2.05500889,0.128277093
43,6.287311043988621e-07,1.2019129172695655e-06,6.287311043988621e-07,0.3286202307921462,158.93195058993516,1.45497739,0.125319675
41,5.673090287516529e-07,1.0839795104949297e-06,5.673090287516529e-07,0.3160376936306555,156.44096414302655,1.36439109,0.124946661
40,5.130188221121794e-07,9.62032049606434e-07,5.130188221121794e-07,0.30339897596891935,152.477261062229,1.21526897,0.125076637
43,5.80947844339942e-07,1.1012239578778852e-06,5.80947844339942e-07,0.3172354993322781,154.61295686278996,1.35444427,0.124982148
39,4.857150876260233e-07,8.950393103990931e-07,4.857150876260233e-07,0.29785844039057485,149.1529871273642,1.12277889,0.124966346
40,3.365730092504596e-07,5.683136704736794e-07,3.365730092504596e-07,0.26963375655996824,136.7067924494771,0.795906901,0.124889128
39,3.1842831410231893e-07,5.296926117005742e-07,3.1842831410231893e-07,0.26456356423602695,133.76118578792287,0.761778772,0.124736384
35,2.212586048012137e-07,3.1977736094515565e-07,2.212586048012137e-07,0.21513077758985916,100.6325969373559,0.559974909,0.125095353
35,2.2007432052723138e-07,3.217801271264076e-07,2.2007432052723138e-07,0.21434863708580923,101.95855951874348,0.564330161,0.12513572
36,2.2651243078310412e-07,3.2742019104757594e-07,2.2651243078310412e-07,0.2145657089074294,99.09648474501458,0.560012281,0.125285819
36,2.201659540717637e-07,3.180457308533509e-07,2.201659540717637e-07,0.21106265893499507,98.22624764159639,0.562423229,0.125199392
34,2.2529495324768302e-07,3.2391189433264157e-07,2.2529495324768302e-07,0.21200432363986338,97.13447965672013,0.560741246,0.125187516
36,2.2307106669809562e-07,3.2056571322484175e-07,2.2307106669809562e-07,0.2101484535560918,96.70937460623837,0.55772537,0.125189841
35,2.2029532394452862e-07,3.1423305610594735e-07,2.2029532394452862e-07,0.20897441989982055,95.92540743920905,0.553399265,0.125176847
34,2.214511129519302e-07,3.166569287993239e-07,2.214511129519302e-07,0.20868250628896995,95.64869998810276,0.551336884,0.125237614
33,2.2778098771727361e-07,3.2702303153730975e-07,2.2778098771727361e-07,0.20838626681362174,94.7228072086166,0.556248605,0.125374958
36,2.3552592019925525e-07,3.634974345117026e-07,2.3552592019925525e-07,0.22836074524074718,114.20902591041482,0.61264652,0.125198722
37,2.3207136883877038e-07,3.554559626716367e-07,2.3207136883877038e-07,0.22495572723425633,111.68328945923095,0.601966202,0.125149861
36,2.3127742140120042e-07,3.5142615843391174e-07,2.3127742140120042e-07,0.22404992940097446,109.92660961244182,0.598664522,0.12527822
36,2.2576443547717768e-07,3.3660932153032523e-07,2.2576443547717768e-07,0.2190534512931052,105.67565739582928,0.580888987,0.125114992
37,2.313332109937389e-07,3.4968976033027983e-07,2.313332109937389e-07,0.2225181218565286,107.78098890583757,0.59181565,0.124976128
36,2.2196396892405016e-07,3.272575139640943e-07,2.2196396892405016e-07,0.21648811790232764,103.55875907368092,0.570439398,0.125064462
37,2.4191322626001696e-07,3.812850424740294e-07,2.4191322626001696e-07,0.23142169025173467,117.07914208310173,0.63599658,0.124934927
37,2.539129336748293e-07,4.0540585814370024e-07,2.539129336748293e-07,0.23711915736423347,119.81886179545708,0.665388346,0.124803424
34,2.2583511315597966e-07,3.3083989130684424e-07,2.2583511315597966e-07,0.21718607268164994,101.99665736140496,0.571274281,0.124912038
38,3.105009340501996e-07,5.105487694577756e-07,3.105009340501996e-07,0.2625187308011039,130.82511718217725,0.74918735,0.124819711
36,3.263108461729707e-07,5.427160828878355e-07,3.263108461729707e-07,0.266200292087688,133.05295370679266,0.766136229,0.124751315
39,3.1031217783384426e-07,5.103627429893028e-07,3.1031217783384426e-07,0.25975593265589064,128.86082822757595,0.745739281,0.124475427
38,3.065307980695035e-07,5.022899738618435e-07,3.065307980695035e-07,0.2581721841541569,127.12375902952006,0.729558945,0.124595441
37,2.8934085251397556e-07,4.680532589158918e-07,2.8934085251397556e-07,0.25339351601814214,124.87055728622192,0.714828432,0.12475501
38,2.656017199075397e-07,4.283984257015707e-07,2.656017199075397e-07,0.24310683487459547,122.62779921767985,0.684347987,0.125075996
38,2.6144009578614855e-07,3.782007613886636e-07,2.6144009578614855e-07,0.2114016249427697,91.18899756375183,0.609712839,0.125275359
37,2.563352589786588e-07,3.715897753673681e-07,2.563352589786588e-07,0.20882868763892531,91.15813461074802,0.605783165,0.125120029
36,2.551844461195081e-07,3.689481494648095e-07,2.551844461195081e-07,0.20810266888331516,91.15451169492223,0.601341009,0.125223741
35,2.466374552539667e-07,3.56142448461981e-07,2.466374552539667e-07,0.206358274982695,91.48095867664125,0.592013538,0.125488728
38,2.662343535895522e-07,3.866004149325343e-07,2.662343535895522e-07,0.21316888138836848,91.33245194181316,0.622411788,0.125416502
34,2.8384689351626123e-07,4.099108453594337e-07,2.8384689351626123e-07,0.22128397301219951,91.21187116057483,0.636195123,0.12541905
35,2.9386446514386527e-07,4.250345825500406e-07,2.9386446514386527e-07,0.22570249669331535,91.44599117346208,0.644613028,0.12529099
37,3.1832527135945677e-07,4.6263060697907875e-07,3.1832527135945677e-07,0.23406617380170458,91.79754584830276,0.674056232,0.12511526
39,3.440279580578186e-07,5.036447200393133e-07,3.440279580578186e-07,0.24033582943833806,91.9741030450659,0.701481283,0.125098437
37,3.5667816760799846e-07,5.235217847371605e-07,3.5667816760799846e-07,0.24459396380835666,92.55756974387106,0.707888246,0.125141367
36,3.0316059093193883e-07,4.4102186827746164e-07,3.0316059093193883e-07,0.22770567012218654,91.61751929535576,0.657717943,0.125208184
38,3.7825035316834277e-07,5.612882709203242e-07,3.7825035316834277e-07,0.25122424741150756,93.08478637723594,0.747897208,0.125225946
35,2.4698059619621126e-07,3.5326237004683975e-07,2.4698059619621126e-07,0.20788593750863205,91.60834268693931,0.569652736,0.125325471
39,2.3967886993580773e-07,3.465953186945752e-07,2.3967886993580773e-07,0.20340291461777202,91.86079229015384,0.579852402,0.125420719
35,2.3236341447416e-07,3.341117212912409e-07,2.3236341447416e-07,0.2038967533170553,92.2058487939761,0.568237662,0.125341997
51,2.8340693398725498e-06,4.489807476927641e-06,2.8340693398725498e-06,0.520615878119291,100.82024840068709,1.84815919,0.126679927
50,4.351995552846168e-06,6.9150845590080736e-06,4.351995552846168e-06,0.6358577167209517,105.86329050078454,2.30754137,0.127344966
46,1.6487295297190103e-06,2.558123776360853e-06,1.6487295297190103e-06,0.4267747594194725,95.68764303505712,1.50744951,0.126023144
47,2.115559927238012e-06,3.2935655889185024e-06,2.115559927238012e-06,0.4649787872337236,95.78369515995414,1.60545683,0.126290396
47,2.4647414344527044e-06,3.857829118285244e-06,2.4647414344527044e-06,0.48977000021306405,96.54153586317432,1.70267367,0.126670301
51,2.991047280308124e-06,4.7561759169851025e-06,2.991047280308124e-06,0.5208571097851724,98.09034519864112,1.84268439,0.126984611
51,4.004078327748768e-06,6.43790948424179e-06,4.004078327748768e-06,0.589360593498604,100.87434118518739,2.19377589,0.126942009
41,5.226347886392484e-07,7.887949423978296e-07,5.226347886392484e-07,0.2824149340594989,94.07050389325715,0.896192074,0.125680313
41,6.182288589149358e-07,9.413184304953306e-07,6.182288589149358e-07,0.29876553713959497,94.15640587941726,0.964737177,0.125696898
44,8.04113339610675e-07,1.2500763728409785e-06,8.04113339610675e-07,0.3263269425394176,94.418197799417,1.14258087,0.125888735
44,1.155432738960449e-06,1.7886289520466242e-06,1.155432738960449e-06,0.37447330110655047,93.85448188921947,1.27496409,0.125953555
46,1.714254387790165e-06,2.6586439825904094e-06,1.714254387790165e-06,0.42979399013079583,94.6184980944836,1.43012035,0.125894606
76,2.2809231180793768e-05,3.6699177146387134e-05,2.2809231180793768e-05,1.5708132740591079,162.95847971023096,4.46892548,0.129419938
61,5.230310743443346e-05,0.00011435200790973686,5.230310743443346e-05,1.397890437009479,111.78540941392565,12.2637005,0.125553995
53,6.422775204199761e-06,9.989174481968723e-06,6.422775204199761e-06,0.7916859845537612,112.60054385522331,2.52186775,0.128018737
65,1.6598266421536145e-05,2.630361181578685e-05,1.6598266421536145e-05,1.2866776041694976,136.88000910734092,4.60594654,0.127116412
38,4.40445310629137e-07,6.574931555495371e-07,4.40445310629137e-07,0.2661218572693048,93.43738551060495,0.822995305,0.125349998
39,3.998572731413863e-07,5.995225385608037e-07,3.998572731413863e-07,0.25420225995333506,93.27651642799528,0.783034563,0.125305474
33,2.3035130715047866e-07,3.3039827944741387e-07,2.3035130715047866e-07,0.20512815216164987,93.27064493336819,0.562126517,0.125168413
36,2.279801141120375e-07,3.276518834393763e-07,2.279801141120375e-07,0.20677678069334848,94.46028702593198,0.556381047,0.125307605
34,2.2933443487170812e-07,3.307969873911162e-07,2.2933443487170812e-07,0.20533683170896916,93.98806847771792,0.56597501,0.125244901
34,2.377913686854563e-07,3.4260424297890316e-07,2.377913686854563e-07,0.20525556503513076,93.21611560893722,0.570394158,0.125058934
35,2.3748096567546405e-07,3.4295474626960126e-07,2.3748096567546405e-07,0.20339910462831223,92.51110089335324,0.57179141,0.125226825
35,2.3496145131122537e-07,3.4068714852747076e-07,2.3496145131122537e-07,0.20225789294474675,92.86132100915516,0.573973715,0.125145003
39,4.320413852836568e-07,7.720806639217606e-07,4.320413852836568e-07,0.289424940063779,144.75478298661704,1.00716496,0.124935009
40,4.298440468050558e-07,7.611765871914736e-07,4.298440468050558e-07,0.2877008166023849,142.91043419185775,0.969839811,0.124947637
39,4.6998101910922524e-07,8.571976942798926e-07,4.6998101910922524e-07,0.2946335658066219,147.44697711982417,1.08124661,0.124990612
40,3.958858065306145e-07,6.892161667594111e-07,3.958858065306145e-07,0.279884895774167,139.79000937379965,0.917054951,0.125179186
40,3.749828600314706e-07,6.365127814715979e-07,3.749828600314706e-07,0.277612953533949,137.11938779231875,0.8337394,0.125071317
68,7.708575370081054e-06,1.3472242908844725e-05,7.708575370081054e-06,1.1839982565792648,204.20621971213063,2.88596034,0.131014049
91,4.75914301614287e-05,9.927193063677973e-05,4.75914301614287e-05,3.3909242954973244,279.6272058137732,14.3779726,0.122499242
54,2.328689640032941e-06,4.284601007578684e-06,2.328689640032941e-06,0.5670853946006281,177.27350933418413,2.10143137,0.126857191
52,1.6581219635334309e-06,3.0620791539156836e-06,1.6581219635334309e-06,0.4815739928102321,171.95676395818663,1.96954644,0.126451284
49,1.3953409089623213e-06,2.5778870332411073e-06,1.3953409089623213e-06,0.4465801157036102,167.70826769388574,1.87587392,0.126359016
50,1.3193639694042e-06,2.455083364393591e-06,1.3193639694042e-06,0.4302316424132099,165.11461027854338,1.93960893,0.126052514
52,1.6303410040971758e-06,3.0142955979697385e-06,1.6303410040971758e-06,0.4767473357172464,169.95471287926236,2.00469518,0.126800567
46,9.939777610249187e-07,1.875653908691947e-06,9.939777610249187e-07,0.38560270300121796,163.52908816967218,1.75572729,0.125807971
47,8.701346478133851e-07,1.6498061996002723e-06,8.701346478133851e-07,0.36711833195727417,160.55104181488693,1.60808718,0.12542738
45,7.866362698693656e-07,1.4952817643186572e-06,7.866362698693656e-07,0.3558616943319868,159.8966494363901,1.55401862,0.125444978
67,6.2426325789864185e-06,1.1159268148276554e-05,6.2426325789864185e-06,1.0276197410294448,198.06758067088006,2.75340319,0.129118532
59,3.947380708646969e-06,7.272600704222013e-06,3.947380708646969e-06,0.7308279322273434,185.39999456191978,2.20375752,0.128731757
45,7.266931118729334e-07,1.3828610355142283e-06,7.266931118729334e-07,0.3447386015636313,158.34509828312508,1.54531169,0.12543422
45,6.609506753601561e-07,1.2578954409663647e-06,6.609506753601561e-07,0.3345156153016205,156.63577186616317,1.50273323,0.125204712
41,5.353834610781831e-07,1.0036518386946176e-06,5.353834610781831e-07,0.30789949425685115,151.79502958191182,1.27115965,0.125096127
41,6.159659055462004e-07,1.159905578771434e-06,6.159659055462004e-07,0.3260182583364919,153.81608479068217,1.36519492,0.125079602
40,5.258280361580167e-07,9.6624142522128e-07,5.258280361580167e-07,0.30746503157544397,148.62963407692754,1.19018531,0.125105441
39,3.4852112529551064e-07,5.872559533350249e-07,3.4852112529551064e-07,0.27012258942252626,134.23815007914908,0.822400689,0.124844112
36,2.298872576087505e-07,3.3463955868781486e-07,2.298872576087505e-07,0.21687875715728855,100.41467463063621,0.565462768,0.125207186
37,2.2637130560197383e-07,3.285165006802928e-07,2.2637130560197383e-07,0.21478002717936992,99.66847598835577,0.568340361,0.125192583
37,2.2293634828542652e-07,3.2446839374942086e-07,2.2293634828542652e-07,0.2125168077904301,99.10853812776082,0.569646478,0.125167832
36,2.2540524045297217e-07,3.273922021645467e-07,2.2540524045297217e-07,0.21113573648148212,97.77327133365033,0.570051491,0.1253784
35,2.2888762438405465e-07,3.295883393785388e-07,2.2888762438405465e-07,0.21150581856241027,96.60464750013952,0.564651132,0.125360698
35,2.233374392762486e-07,3.2093726790006536e-07,2.233374392762486e-07,0.20898230819891944,96.03526153607248,0.56062144,0.125274464
35,2.263280142535617e-07,3.2648257599994147e-07,2.263280142535617e-07,0.20701087084068234,95.39586615498183,0.562656105,0.12523365
34,2.2888715439568097e-07,3.2928817933975425e-07,2.2888715439568097e-07,0.20725612662982681,94.64243186196495,0.567243218,0.125247568
36,2.377230087379908e-07,3.681543514394551e-07,2.377230087379908e-07,0.22875688708359074,113.73262785103569,0.619814157,0.124962121
37,2.4403518311140696e-07,3.83178603369037e-07,2.4403518311140696e-07,0.2308709703738106,115.47665762185412,0.635197461,0.125141829
37,2.392032601833376e-07,3.711173232581881e-07,2.392032601833376e-07,0.22705008458742335,112.21908742886171,0.619510949,0.12544778
36,2.3997302188307907e-07,3.6731271160300033e-07,2.3997302188307907e-07,0.22740001804521262,110.2740683048092,0.610902548,0.125093371
35,2.34315538726757e-07,3.5064420876900616e-07,2.34315538726757e-07,0.2236142465895341,106.10686474279011,0.595676243,0.124963701
37,2.3282679773758954e-07,3.4543346374138084e-07,2.3282679773758954e-07,0.22043299280229806,104.01174704918208,0.578413665,0.125093341
37,2.42812116593025e-07,3.6891882207515756e-07,2.42812116593025e-07,0.22782339605805854,108.53049796429643,0.614457846,0.124825224
36,2.4980796158450377e-07,3.936560345489117e-07,2.4980796158450377e-07,0.23532886817501597,117.25798526228292,0.645794272,0.124800079
37,2.6479630638596934e-07,4.2447273382566337e-07,2.6479630638596934e-07,0.24096137707796417,120.51869912086043,0.683297276,0.125030577
36,2.3597314516459223e-07,3.504078958204583e-07,2.3597314516459223e-07,0.22107438510668545,103.5656566664165,0.582324147,0.125123218
35,2.3405190716665928e-07,3.4461081766789476e-07,2.3405190716665928e-07,0.22083296883727835,102.34998116732427,0.579471111,0.124990538
36,2.2995587891459937e-07,3.3743612567076725e-07,2.2995587891459937e-07,0.2168462259778838,101.1721391721402,0.570758104,0.125009
39,3.288449244687774e-07,5.453465191137015e-07,3.288449244687774e-07,0.2665919374425669,131.42303729982922,0.764624655,0.124570906
38,3.661178391378889e-07,6.139598776881683e-07,3.661178391378889e-07,0.2756586215850039,133.33244247670584,0.829162598,0.124685138
38,3.3976882293203815e-07,5.615783809351916e-07,3.3976882293203815e-07,0.26913475132312636,130.20036712942778,0.788381219,0.124427363
38,3.0839764563666635e-07,5.036911641063995e-07,3.0839764563666635e-07,0.25747812977282847,125.5963696785602,0.740897417,0.12480744
37,3.337092371351815e-07,5.478333769220181e-07,3.337092371351815e-07,0.2668808113956755,128.26602293140607,0.78108865,0.124730654
38,2.920011180895656e-07,4.749875127436222e-07,2.920011180895656e-07,0.25083965971222405,123.77708012865361,0.719798565,0.124820232
36,2.7109616359796396e-07,3.9558207689669487e-07,2.7109616359796396e-07,0.21254322990428767,90.99726091365045,0.627986729,0.125229537
36,2.6281905137662417e-07,3.81741542869823e-07,2.6281905137662417e-07,0.20942662482927918,90.98871939365945,0.615098834,0.125223666
36,2.484797967076157e-07,3.6158871619897566e-07,2.484797967076157e-07,0.20439494274465084,91.41296625861041,0.601969898,0.12533015
35,2.5047337116540086e-07,3.6098699745077973e-07,2.5047337116540086e-07,0.20657027662143843,91.35688515898022,0.588386357,0.125350893
37,2.804653158736547e-07,4.095139976470496e-07,2.804653158736547e-07,0.2169935940994605,91.24650210740862,0.649586797,0.125094712
36,2.9278150179876165e-07,4.258192426240009e-07,2.9278150179876165e-07,0.22267950691734195,91.336881295101,0.647117436,0.125073805
38,3.026546780310691e-07,4.428827979897112e-07,3.026546780310691e-07,0.22597687907281291,91.54860075575725,0.665152192,0.125096872
40,3.2032663639736564e-07,4.718612140146754e-07,3.2032663639736564e-07,0.2309002036086412,91.84225375525153,0.695735753,0.125091687
40,3.538439133961221e-07,5.218074634363815e-07,3.538439133961221e-07,0.24069941389197544,91.90447460487357,0.716100335,0.125254601
39,3.873351955978483e-07,5.74242307540359e-07,3.873351955978483e-07,0.24964940039211864,92.13986514377379,0.744698703,0.12531741
40,3.7618827951265905e-07,5.584387287144979e-07,3.7618827951265905e-07,0.2489428836908056,92.82238774109722,0.754347026,0.125255838
37,2.3815942288337196e-07,3.441956738932663e-07,2.3815942288337196e-07,0.2028136684333956,92.02513439939803,0.576559544,0.125309125
36,2.425829860989655e-07,3.526728718901824e-07,2.425829860989655e-07,0.20227291993958546,91.80827197434998,0.588518083,0.125292704
50,4.039021365836888e-06,6.467489736224647e-06,4.039021365836888e-06,0.5966163403697698,102.45631711029527,2.20126843,0.127036154
52,6.243722871852443e-06,9.859469610397747e-06,6.243722871852443e-06,0.7641406426347551,110.33457414365044,2.57316613,0.127041817
47,2.2401121639793735e-06,3.469867304361726e-06,2.2401121639793735e-06,0.4732235258015887,94.70332330574749,1.53727627,0.126271978
49,2.9709844700730136e-06,4.588998981069704e-06,2.9709844700730136e-06,0.5295982730556908,95.41698585694063,1.66155386,0.126619443
50,3.7037396438483888e-06,5.739726252802441e-06,3.7037396438483888e-06,0.5739383450856457,96.35765630956124,1.80187583,0.127047554
49,4.539500289752164e-06,7.141750599355714e-06,4.539500289752164e-06,0.6189254086251739,98.72952949691764,2.15619206,0.127176642
55,7.2095452558092245e-06,1.1472106618257691e-05,7.2095452558092245e-06,0.7806217374449966,107.11180804731778,2.80026484,0.127131015
51,6.387733279849074e-06,1.0042244417450023e-05,6.387733279849074e-06,0.7311857352901945,102.48961352701316,2.7565043,0.128086239
40,5.159682274141253e-07,7.744797034293504e-07,5.159682274141253e-07,0.28033632114386603,93.44717817145126,0.879034042,0.12546356
42,6.797585672216877e-07,1.0443703026708534e-06,6.797585672216877e-07,0.30797267710154236,93.8611769292165,1.05682302,0.125622034
41,5.670988461872574e-07,8.591760617383875e-07,5.670988461872574e-07,0.28881338917223365,93.37640032386919,0.948074639,0.125545904
43,7.281009438404728e-07,1.1098266797859103e-06,7.281009438404728e-07,0.31601455502423803,93.1501107769508,1.07827973,0.125600919
42,9.713532882266528e-07,1.4958342757947073e-06,9.713532882266528e-07,0.3516762408708594,93.51098168080298,1.16269958,0.125905663
45,1.5609320306863206e-06,2.4269003296158703e-06,1.5609320306863206e-06,0.4135656907901387,93.74825903346743,1.33416855,0.126004159
45,1.8764838286650197e-06,2.930524262080062e-06,1.8764838286650197e-06,0.4410254482967679,93.13599632913494,1.37687111,0.125816882
45,2.2383881994975384e-06,3.5050901166541045e-06,2.2383881994975384e-06,0.46760623039465865,93.73502457167575,1.51164412,0.126341417
100,4.143255067697402e-05,6.721378734495599e-05,4.143255067697402e-05,2.1917973163701645,184.63462518926374,6.42170191,0.124640256
80,3.315729468039776e-05,5.276377712553796e-05,3.315729468039776e-05,1.930653862939134,168.18263138948285,5.38225555,0.122671202
66,2.096579096018313e-05,3.244151134078488e-05,2.096579096018313e-05,1.5764771603065273,140.77567407588452,4.05308294,0.122842282
43,4.521903804497893e-07,6.775327741540742e-07,4.521903804497893e-07,0.26657931738022206,93.06439055726783,0.823980391,0.125386551
43,4.183999254127332e-07,6.24810253239294e-07,4.183999254127332e-07,0.2576990732854402,92.57993206421227,0.808030188,0.125295356
35,2.296721332150252e-07,3.3405986785405714e-07,2.296721332150252e-07,0.2035064338840427,94.06554638595541,0.573871374,0.125184357
35,2.423904571524887e-07,3.5449922813538716e-07,2.423904571524887e-07,0.20468860510773693,93.26025100949629,0.579639375,0.125216708
36,2.3325679874378063e-07,3.3843980274496715e-07,2.3325679874378063e-07,0.20193529281942366,93.16519917074746,0.579667032,0.125252619
35,2.3766865320388853e-07,3.4571362097971795e-07,2.3766865320388853e-07,0.2013450239785463,92.47280543430311,0.579829454,0.125251353
36,2.3673147179691945e-07,3.4515635312550795e-07,2.3673147179691945e-07,0.20128719233728795,93.01619035959858,0.580614448,0.125259072
40,4.7094509857624046e-07,8.477254839626158e-07,4.7094509857624046e-07,0.2961723919032848,145.14809611368972,1.09333766,0.125028715
38,4.7278444923275366e-07,8.395228926165934e-07,4.7278444923275366e-07,0.29751018865967355,142.53819439974407,1.07062769,0.125185058
39,5.191893834014491e-07,9.466018129797865e-07,5.191893834014491e-07,0.30568515723951306,146.9502651498313,1.18413103,0.125058711
41,4.1720421327603707e-07,7.295284385518078e-07,4.1720421327603707e-07,0.2840855325384058,139.44099432763642,0.933511138,0.125051081
40,3.9554819831565386e-07,6.749698092665816e-07,3.9554819831565386e-07,0.2813643162249024,136.13592400842626,0.8840065,0.124903403
90,4.817413937495905e-05,9.637888393198614e-05,4.817413937495905e-05,3.251595354834025,268.194486178683,14.3570108,0.120063685
56,2.5392044987065832e-06,4.679220325862349e-06,2.5392044987065832e-06,0.584407807517144,177.11909377346998,2.10045481,0.126938328
62,4.76279940126779e-06,8.700774156584539e-06,4.76279940126779e-06,0.8317283792722648,186.47074894079063,2.38794613,0.128598362
56,2.6168712246660175e-06,4.79784242081751e-06,2.6168712246660175e-06,0.5873492243373428,174.92926656242568,2.07484341,0.127594814
51,1.405503030116437e-06,2.5915972561623933e-06,1.405503030116437e-06,0.4483738974511397,166.27069190531134,1.92498648,0.126254931
56,2.592390024364079e-06,4.764485338968784e-06,2.592390024364079e-06,0.5709654523262876,172.24607171129048,1.94679654,0.127654821
48,1.1268008038226325e-06,2.10410434969869e-06,1.1268008038226325e-06,0.40222510518814814,162.6204622941562,1.81198323,0.125715643
51,1.6362261215731807e-06,3.0337581920298516e-06,1.6362261215731807e-06,0.4604206973665167,164.11546978635462,1.90236974,0.126342714
48,1.1331460468720206e-06,2.1084633622385246e-06,1.1331460468720206e-06,0.40266114000384295,160.9293828773172,1.64998019,0.125688031
48,9.308795104451255e-07,1.7469276230407064e-06,9.308795104451255e-07,0.37409616625178926,158.94904095085894,1.63083398,0.125497028
44,8.24475730817171e-07,1.542112980053826e-06,8.24475730817171e-07,0.36278224749790594,157.55476182755947,1.61568177,0.125371173
72,9.220626239440968e-06,1.60880511353851e-05,9.220626239440968e-06,1.3606893672605538,208.3809520775501,3.10223961,0.129681051
68,8.755035269917815e-06,1.5291554506911037e-05,8.755035269917815e-06,1.312236303057635,204.66325288434902,2.89185405,0.129865959
44,7.756670320062565e-07,1.4539385491278822e-06,7.756670320062565e-07,0.3548537013215952,155.80484796462798,1.54155302,0.125354901
41,5.590951442393636e-07,1.0417768147329006e-06,5.590951442393636e-07,0.3142942688912891,150.984699245572,1.28505969,0.125025272
44,7.417712630050158e-07,1.400580430507527e-06,7.417712630050158e-07,0.34428068666061745,154.0562554957259,1.54370689,0.125359476
44,6.473219021761953e-07,1.2098764186625067e-06,6.473219021761953e-07,0.3315270618248444,151.98957939525195,1.4209559,0.125060067
40,5.96701998106546e-07,1.1084206326458609e-06,5.96701998106546e-07,0.31978470419908706,148.79360594450804,1.34519506,0.125120372
40,3.933021597433617e-07,6.660031590048984e-07,3.933021597433617e-07,0.2806878086636318,134.08545262703598,0.853613317,0.124876507
34,2.3476259751519296e-07,3.4323944375997314e-07,2.3476259751519296e-07,0.21797804590684178,99.74278655300012,0.582236111,0.125180185
37,2.367883756280465e-07,3.470567470777452e-07,2.367883756280465e-07,0.21604685379935287,98.86308383925112,0.57646215,0.125158891
34,2.3742448336489123e-07,3.4550901888034534e-07,2.3742448336489123e-07,0.21487293363890683,97.50847485305526,0.579625428,0.125257105
35,2.3777050237807364e-07,3.466660175777417e-07,2.3777050237807364e-07,0.21306256978401586,96.88475099460054,0.577859879,0.125337094
35,2.3045767641826527e-07,3.349558279460265e-07,2.3045767641826527e-07,0.20946404390001597,96.30837231193378,0.571146548,0.125402212
34,2.362111217338443e-07,3.428247519594536e-07,2.362111217338443e-07,0.20910194464290874,95.27382143301354,0.571608067,0.125334635
34,2.32845582815543e-07,3.3928504144260365e-07,2.32845582815543e-07,0.20597143685760363,94.78790803491194,0.577515423,0.125285432
37,2.507021924552361e-07,3.9256465810230593e-07,2.507021924552361e-07,0.2321215698215173,114.45853046371666,0.631317794,0.125465319
38,2.6213217011486843e-07,4.1419956702561894e-07,2.6213217011486843e-07,0.23667756558334874,115.83265348544441,0.664529145,0.125361592
36,2.4712256664915154e-07,3.8217711276016766e-07,2.4712256664915154e-07,0.23109760022029224,112.19172319638118,0.623546362,0.125248387
37,2.556760893515648e-07,3.935229138160486e-07,2.556760893515648e-07,0.23356820013888285,110.74769145840744,0.655267596,0.124955513
37,2.3678447245224458e-07,3.54828542513436e-07,2.3678447245224458e-07,0.22388398726726938,105.792386702251,0.606257379,0.12507157
37,2.467595924417287e-07,3.7360114396604814e-07,2.467595924417287e-07,0.22938633352165091,108.05041348545734,0.626918912,0.125148147
37,2.61280662789687e-07,4.004429322595354e-07,2.61280662789687e-07,0.23601199473533055,109.23649804802668,0.704014897,0.125112608
37,2.6887195937409794e-07,4.2875944846742713e-07,2.6887195937409794e-07,0.24036291457144138,118.15001470347819,0.670420349,0.12497551
37,2.796416845653529e-07,4.503068573298362e-07,2.796416845653529e-07,0.24572110142529013,120.89400077584193,0.694790721,0.125139326
36,2.4666478077866457e-07,3.6684138653214074e-07,2.4666478077866457e-07,0.226542865377999,104.16387999321144,0.602991164,0.125101715
35,2.4388356196094356e-07,3.606706116852563e-07,2.4388356196094356e-07,0.2247134450248263,102.41656067707142,0.599874496,0.125029907
35,2.450568778732327e-07,3.618468484953481e-07,2.450568778732327e-07,0.22276925229156994,101.13595425579638,0.602973223,0.125170127
39,3.770019984962238e-07,6.299912782592807e-07,3.770019984962238e-07,0.2771333253374847,131.77156241791468,0.826063871,0.124560945
38,3.279292635974432e-07,5.38463051315157e-07,3.279292635974432e-07,0.2633623410278519,126.4718568281254,0.756650746,0.124911651
38,3.6793767555056076e-07,6.083194107094699e-07,3.6793767555056076e-07,0.27506013914105903,129.41909928018106,0.816538632,0.12477459
37,3.001321113838658e-07,4.853798872393936e-07,3.001321113838658e-07,0.25273610472909414,122.37690034586574,0.72312516,0.125048086
37,3.2016340618971457e-07,5.208588853530244e-07,3.2016340618971457e-07,0.2594205335676435,123.82722775461227,0.747131169,0.124768719
38,2.7717128379670673e-07,4.0637824398971167e-07,2.7717128379670673e-07,0.2131938663006369,91.11087645618336,0.640581667,0.125359178
37,2.6636568977937593e-07,3.908095976995144e-07,2.6636568977937593e-07,0.20867462638328044,91.07918683920859,0.628454745,0.125293925
36,2.6561176073845427e-07,3.9054118981922816e-07,2.6561176073845427e-07,0.20667626207562026,91.17628319124798,0.62224704,0.125300705
34,2.552607943050782e-07,3.722981575634805e-07,2.552607943050782e-07,0.20514735803493248,91.40636340973842,0.60228318,0.125288963
36,2.652853360879323e-07,3.9036699100623296e-07,2.652853360879323e-07,0.20532548065036726,91.24230683463544,0.621520102,0.125351399
39,2.9049597817497417e-07,4.2724704005897665e-07,2.9049597817497417e-07,0.2183959812918006,91.27362509711715,0.660815239,0.125141427
38,3.11767976207353e-07,4.58893182324947e-07,3.11767976207353e-07,0.22481498717832288,91.22523385337226,0.679018736,0.125275791
39,3.192661593814451e-07,4.7157318530152673e-07,3.192661593814451e-07,0.2277323804687725,91.39824226956414,0.693107903,0.125369355
38,3.362421164326025e-07,4.979704867857837e-07,3.362421164326025e-07,0.2331113239158351,91.5995632445224,0.708950698,0.12523672
38,3.5199710627508693e-07,5.212214394218516e-07,3.5199710627508693e-07,0.23876985036349962,91.66788078424955,0.722947717,0.125211656
39,3.9395191300438277e-07,5.864856142611251e-07,3.9395191300438277e-07,0.24854836218785875,91.81728490474106,0.767673969,0.125174537
39,4.294836133884732e-07,6.396817965026453e-07,4.294836133884732e-07,0.2591399488347764,92.08003577054029,0.786555409,0.125235841
35,2.4153955228524914e-07,3.512698568783195e-07,2.4153955228524914e-07,0.20220103401360442,92.13447412943795,0.585124969,0.125325471
33,2.467571056982411e-07,3.5917035021376587e-07,2.467571056982411e-07,0.2021424063501343,91.79601928882246,0.590648353,0.125425875
60,1.1670136950234197e-05,1.828016907789743e-05,1.1670136950234197e-05,1.05653316656445,118.64880528225551,3.1081233,0.126567185
48,2.8288716567610564e-06,4.382923112205144e-06,2.8288716567610564e-06,0.5162494233186552,94.19561976580978,1.65773523,0.126458004
48,4.188416510094372e-06,6.500702794390485e-06,4.188416510094372e-06,0.5973149162116349,94.83372876515223,1.82475984,0.126839623
51,5.3012512053958866e-06,8.20554398423878e-06,5.3012512053958866e-06,0.6614904115695043,97.36728297804531,2.06312299,0.127473399
54,8.249917731752473e-06,1.2785962835105902e-05,8.249917731752473e-06,0.8117377261367785,102.05156254866735,2.85519576,0.128649548
57,8.797566693416298e-06,1.368756858932131e-05,8.797566693416298e-06,0.8810159263338198,107.46095803195875,2.87843466,0.127676949
62,1.4908861585365853e-05,2.3171469458540827e-05,1.4908861585365853e-05,1.200628896765208,119.79673007629654,3.48787212,0.125753984
42,8.795801324245555e-07,1.3428079648825486e-06,8.795801324245555e-07,0.3400528883511891,92.9994254296327,1.12165701,0.125714421
41,5.466769326937882e-07,8.260237155037169e-07,5.466769326937882e-07,0.28338498434397175,93.04454935358503,0.927080572,0.125459671
40,6.39556143192908e-07,9.707879557666077e-07,6.39556143192908e-07,0.3002866635166297,92.57474129761133,0.993629515,0.125607997
43,8.732039989446947e-07,1.3241278980751995e-06,8.732039989446947e-07,0.3398718522661225,92.49065800112791,1.14784384,0.12584874
43,1.321590201788126e-06,2.0347600452421136e-06,1.321590201788126e-06,0.3920649232839416,92.75510911354078,1.25476289,0.125945166
46,2.4376637856836515e-06,3.8419089453492784e-06,2.4376637856836515e-06,0.47987069207098876,93.29789971627926,1.56477273,0.125996143
45,2.4400581566509643e-06,3.875996248207384e-06,2.4400581566509643e-06,0.477685819971395,92.5240676244942,1.68265426,0.125976533
48,3.119075114704372e-06,4.859650702460879e-06,3.119075114704372e-06,0.5315683379615473,93.60210301818938,1.68056333,0.126601949
62,2.4250060440236295e-05,3.739724588691536e-05,2.4250060440236295e-05,1.6343789195069942,137.2065373439511,4.09025764,0.122305937
40,4.821477614523265e-07,7.204535483278294e-07,4.821477614523265e-07,0.272106474634896,92.39220991870938,0.851147711,0.125353649
39,4.730140313697894e-07,7.062716373172233e-07,4.730140313697894e-07,0.26828396746559924,92.02050980068387,0.842165709,0.12544328
34,2.3714119959241971e-07,3.4765431672907123e-07,2.3714119959241971e-07,0.2041132073708145,94.04568096744082,0.582965195,0.125247523
36,2.4300881534671747e-07,3.553331554614102e-07,2.4300881534671747e-07,0.20367311524739898,93.11374056927774,0.585482121,0.125356466
34,2.403366173544404e-07,3.5289179216661786e-07,2.403366173544404e-07,0.20340450056294618,93.75507656560737,0.58898145,0.12522383
34,2.459166374199533e-07,3.5796910412338094e-07,2.459166374199533e-07,0.20311039336176437,92.427530457542,0.592288077,0.125353128
36,2.5112334120140663e-07,3.700649278794413e-07,2.5112334120140663e-07,0.20265408278846853,92.84824619638158,0.597885489,0.125309467
39,5.022472516684835e-07,9.080026047473964e-07,5.022472516684835e-07,0.3018877600064182,144.5143995798566,1.15588534,0.124944098
39,4.775284976299942e-07,8.407837992211786e-07,4.775284976299942e-07,0.2982634014060875,140.2689191382282,1.05158305,0.125149533
39,5.133365505149758e-07,9.194771461334682e-07,5.133365505149758e-07,0.30487262350454,142.55251902084336,1.16329575,0.125178799
41,5.668425514797597e-07,1.0355708022403967e-06,5.668425514797597e-07,0.314397752014637,146.58071144210282,1.27242148,0.125131413
41,4.424098178025116e-07,7.674575956299881e-07,4.424098178025116e-07,0.28988056257188294,138.321500693003,0.957714677,0.124951623
40,4.385600268813709e-07,7.583036027429511e-07,4.385600268813709e-07,0.28859543616344335,136.91428098612496,0.934736907,0.124778725
40,4.1857256406627965e-07,7.070454686473226e-07,4.1857256406627965e-07,0.28775327279149965,134.83570731801674,0.894138455,0.124738142
85,3.5142281778999666e-05,6.323151496202179e-05,3.5142281778999666e-05,2.940123804141378,257.6249786079117,10.9039745,0.122454412
61,4.356347849395736e-06,7.987776821414377e-06,4.356347849395736e-06,0.752935377942906,181.9965892873259,2.2928009,0.128140926
66,9.841305705178748e-06,1.709383249888652e-05,9.841305705178748e-06,1.3846503496913065,204.87809680863464,3.06596804,0.128845587
52,1.9823350846386945e-06,3.6431779503873193e-06,1.9823350846386945e-06,0.5070446246607008,167.6552086446507,1.98290122,0.126744345
57,3.5181704675421817e-06,6.4157376309358695e-06,3.5181704675421817e-06,0.6507470585797185,172.94866573023273,1.97941089,0.127732739
61,5.215933180211923e-06,9.439184168860108e-06,5.215933180211923e-06,0.8327741971054727,182.21337350640366,2.38093209,0.129424751
50,1.7836031472477866e-06,3.2547718340317466e-06,1.7836031472477866e-06,0.48247795088040546,163.8826147654017,1.78411484,0.126385793
50,1.602269294714921e-06,2.947105965889997e-06,1.602269294714921e-06,0.45550289846543784,161.42775030065843,1.81044662,0.126374111
53,2.954674765101764e-06,5.397320388691728e-06,2.954674765101764e-06,0.5909426300029283,167.96460160373167,1.90921116,0.127014875
49,1.2482206742024824e-06,2.2952718618816323e-06,1.2482206742024824e-06,0.41808249748184456,159.6735063725997,1.70499802,0.126027182
48,1.1067341505816335e-06,2.0613022136495073e-06,1.1067341505816335e-06,0.3963608773366672,157.8070034980161,1.72491872,0.125589728
95,4.949273453630502e-05,9.500932437595765e-05,4.949273453630502e-05,3.4324531879571314,265.17060670664483,16.2325096,0.125509843
44,9.203459955402932e-07,1.7172497204107612e-06,9.203459955402932e-07,0.3731523101525202,154.88473115689627,1.6680752,0.125492841
44,8.225926252393285e-07,1.5321793576289608e-06,8.225926252393285e-07,0.3581427109392203,152.51820343973867,1.54886949,0.125375241
42,6.629248532502962e-07,1.2304374068539412e-06,6.629248532502962e-07,0.332930747935921,150.068623024958,1.38698184,0.125116453
45,8.372819320138118e-07,1.5621539619712597e-06,8.372819320138118e-07,0.35796979850409727,150.99264947446287,1.52002561,0.125250399
41,6.367758842969622e-07,1.174932358568953e-06,6.367758842969622e-07,0.3276655201742837,148.43323981377696,1.41270614,0.12527968
37,4.086165161774253e-07,6.883181084695613e-07,4.086165161774253e-07,0.2839696687003931,132.5634868223434,0.884280264,0.124665596
36,2.498865896692818e-07,3.694282343339469e-07,2.498865896692818e-07,0.2227773873052766,100.4738237526011,0.608625829,0.125206441
37,2.422884268769522e-07,3.556938278934113e-07,2.422884268769522e-07,0.21784094250218056,98.93619909266614,0.585303068,0.125096187
34,2.467214396945873e-07,3.623868606169523e-07,2.467214396945873e-07,0.2194886668341681,98.74682724421496,0.590424657,0.125055194
36,2.4465625333413674e-07,3.600392402133218e-07,2.4465625333413674e-07,0.21631145790586784,98.07501123844803,0.591880679,0.125074729
36,2.410970601750216e-07,3.5436251110865157e-07,2.410970601750216e-07,0.21151159033203973,96.64255982024325,0.583722949,0.125251189
36,2.2904615922627754e-07,3.3515252164416153e-07,2.2904615922627754e-07,0.20633944007686494,95.78235149971374,0.579364657,0.125263005
34,2.3738704672225725e-07,3.47914195973523e-07,2.3738704672225725e-07,0.20673609486474895,94.89084328886108,0.587464273,0.12528047
38,2.63359909269954e-07,4.123648069234868e-07,2.63359909269954e-07,0.23639119057983324,113.40882427238898,0.668910027,0.125288844
37,2.678281001286159e-07,4.2546687882751997e-07,2.678281001286159e-07,0.23826882256049797,116.11737101956373,0.682042718,0.125029653
39,2.6523643573005753e-07,4.118027105892065e-07,2.6523643573005753e-07,0.23679277685771835,111.5049600394242,0.708570242,0.125163198
37,2.4976314451730854e-07,3.750039462263465e-07,2.4976314451730854e-07,0.23068054901214316,106.4818121097288,0.647782564,0.125389487
36,2.6544859135708925e-07,4.0268233392791427e-07,2.6544859135708925e-07,0.23645514047164648,107.68539784681629,0.687761128,0.125302911
37,2.819742563812701e-07,4.3565920631226897e-07,2.819742563812701e-07,0.2423571609903579,110.09027734070555,0.74761337,0.124932244
38,2.790185538929725e-07,4.498965566630764e-07,2.790185538929725e-07,0.24386185358437495,120.10031479910093,0.696000576,0.124899715
37,2.867945990039656e-07,4.60007598160276e-07,2.867945990039656e-07,0.24431378501516318,118.13992316577003,0.71030581,0.124750927
36,2.5162369754872794e-07,3.7576575402283276e-07,2.5162369754872794e-07,0.22813090037695397,103.60319188503587,0.646378338,0.124939039
36,2.578936665489746e-07,3.864871152397024e-07,2.578936665489746e-07,0.23283668319327364,105.28411764114293,0.662727654,0.125294819
36,2.5322622786847026e-07,3.7491265119018944e-07,2.5322622786847026e-07,0.2279260031973533,102.4522795563743,0.615527689,0.12500526
38,3.98710697174208e-07,6.661116127609747e-07,3.98710697174208e-07,0.2818531794020753,130.92178260359188,0.853841126,0.124808528
38,3.6316511320659583e-07,5.991493561727922e-07,3.6316511320659583e-07,0.27214267420744065,127.39768930163406,0.810744107,0.124950588
37,3.5347589771759843e-07,5.788722111561377e-07,3.5347589771759843e-07,0.26824593226678567,125.17269281691809,0.778345764,0.124969907
37,4.00434788615654e-07,6.631155138687155e-07,4.00434788615654e-07,0.2822424813729862,128.7052223810272,0.8534078,0.124876007
38,3.043275047222794e-07,4.958311669906925e-07,3.043275047222794e-07,0.25148861216859736,121.45976218368868,0.72886616,0.124781922
37,3.401259098287202e-07,5.548277589819765e-07,3.401259098287202e-07,0.26300684923150786,123.24306990971571,0.768002093,0.124881253
37,2.8956033322047134e-07,4.2783234365749404e-07,2.8956033322047134e-07,0.21521926089010074,91.09614747103885,0.652173698,0.125378802
35,2.8776982717546547e-07,4.22084035779581e-07,2.8776982717546547e-07,0.2145122126354865,90.96059282665615,0.647202134,0.125322729
36,2.7526127448194137e-07,4.079984915209949e-07,2.7526127448194137e-07,0.20751379371867326,91.20319283559057,0.642416954,0.125266016
36,2.5720788215226e-07,3.766824792256555e-07,2.5720788215226e-07,0.20340246081598698,91.50131788227937,0.609514534,0.125391871
36,2.54478928596247e-07,3.752322179662984e-07,2.54478928596247e-07,0.20116815686279,91.75872423318692,0.612304211,0.125376016
36,2.700000455964592e-07,3.9842020757729075e-07,2.700000455964592e-07,0.20566945404853512,91.18040827278372,0.623787105,0.125337139
37,3.1671258643232196e-07,4.675459202287021e-07,3.1671258643232196e-07,0.22544759022798164,91.18745041424505,0.684717596,0.125153184
39,3.390145328042749e-07,5.03101798245749e-07,3.390145328042749e-07,0.23190971875909475,91.29860636403127,0.715238392,0.125186279
39,3.6180821273274566e-07,5.364058182667013e-07,3.6180821273274566e-07,0.2393778760079384,91.45881570220675,0.736766696,0.12510784
39,4.2004404228438485e-07,6.256058028199374e-07,4.2004404228438485e-07,0.25498340201124187,91.86221917469726,0.792707205,0.125357047
39,3.871935060042751e-07,5.761413836005474e-07,3.871935060042751e-07,0.24653011499694097,91.5932184238752,0.776463747,0.125071779
33,2.4802321224683056e-07,3.631528600802049e-07,2.4802321224683056e-07,0.2023476414491675,92.00747624038098,0.597005069,0.125366971
47,4.038226885610205e-06,6.307999464276001e-06,4.038226885610205e-06,0.5837966638331783,93.59012577510504,1.99421227,0.126927108
53,5.394375827234435e-06,8.427175006974779e-06,5.394375827234435e-06,0.6579223792554628,96.01698656026647,2.11043262,0.126865283
50,7.738119639582344e-06,1.1961549429618815e-05,7.738119639582344e-06,0.7796509854539542,99.01443967727452,2.41252947,0.1276692
59,1.4902949887577955e-05,2.2832411195757617e-05,1.4902949887577955e-05,1.07325774666129,106.91695210288606,3.3089757,0.128744483
62,1.7449003002522583e-05,2.6616996826636474e-05,1.7449003002522583e-05,1.2532418049276501,114.77568643608866,3.23135042,0.127968043
69,2.73871868554176e-05,4.2167797632123895e-05,2.73871868554176e-05,1.6952802963709208,135.85061188600142,4.12340212,0.123741172
74,3.871785965802186e-05,5.9766348313253094e-05,3.871785965802186e-05,1.9469896443714223,137.32126115675257,6.11038208,0.121675335
41,6.867802748477517e-07,1.0431230604427274e-06,6.867802748477517e-07,0.30817609797968715,92.205105270309,1.00647092,0.125744924
40,5.411726998508752e-07,8.114147154611385e-07,5.411726998508752e-07,0.28335811398240246,92.30830112981373,0.909687579,0.125465363
44,1.090943076087964e-06,1.6680539339488559e-06,1.090943076087964e-06,0.3668135811547742,92.22760768018232,1.16486168,0.1258751
44,9.995167961955503e-07,1.5198175085263537e-06,9.995167961955503e-07,0.3552251812402735,91.7674911626112,1.12068415,0.12566717
46,1.9788654718353973e-06,3.1492192747554955e-06,1.9788654718353973e-06,0.44171330190553576,92.08825655320129,1.55654478,0.126060277
48,3.15379367877153e-06,4.978840544989827e-06,3.15379367877153e-06,0.5281504063895667,92.77417615664997,1.86735284,0.126405582
44,3.070675650752982e-06,4.8922871670604336e-06,3.070675650752982e-06,0.5190679558982088,92.44715147386404,1.89715683,0.125991836
47,2.727777776599916e-06,4.3781601013533735e-06,2.727777776599916e-06,0.4911563381479147,92.00330652504697,1.83341467,0.125997528
51,4.067319848657567e-06,6.418320651131395e-06,4.067319848657567e-06,0.5789947558315394,92.90509187592436,2.09827209,0.127260402
42,5.548001758919e-07,8.316320852731965e-07,5.548001758919e-07,0.284486796124845,92.05618736799029,0.903547525,0.125557363
39,4.981784825880682e-07,7.459563575810144e-07,4.981784825880682e-07,0.271964834462609,91.77245835363364,0.86865747,0.125535369
35,2.47518594343049e-07,3.6487138226713873e-07,2.47518594343049e-07,0.20687906388075344,94.36683075574666,0.594671667,0.125241011
35,2.4520323541344274e-07,3.6169898836521085e-07,2.4520323541344274e-07,0.20506450724682498,94.07945006754373,0.601174772,0.125275254
34,2.5914791758742905e-07,3.8420037495505553e-07,2.5914791758742905e-07,0.2054261110022161,93.04453024220064,0.600302696,0.125364453
34,2.5195770739546463e-07,3.7044300230415027e-07,2.5195770739546463e-07,0.20176365060794407,92.33972326196924,0.601037323,0.125243962
32,2.656590500193133e-07,3.934476326808001e-07,2.656590500193133e-07,0.20458064954467295,92.40485464988559,0.613819063,0.125133455
33,2.533657886577223e-07,3.750454063899262e-07,2.533657886577223e-07,0.2034149832469286,93.10112370805217,0.60984391,0.125206262
41,5.66680400466615e-07,1.028575886507721e-06,5.66680400466615e-07,0.3143905416182766,144.61032554215117,1.24425662,0.125141501
40,5.031371781749946e-07,8.899899375541033e-07,5.031371781749946e-07,0.3028655079009497,140.30036034193867,1.10011327,0.125242293
40,5.78634607351685e-07,1.0350586432298048e-06,5.78634607351685e-07,0.3172148134418292,141.96741950439474,1.22885656,0.125111505
42,6.568958207303082e-07,1.2044366344361012e-06,6.568958207303082e-07,0.3307318041226665,146.17773476446345,1.44472063,0.125190333
39,4.686532955416917e-07,8.116125031493684e-07,4.686532955416917e-07,0.2964253580095469,137.76383513177703,0.994172633,0.1248307
38,4.720687333252565e-07,8.07017884948908e-07,4.720687333252565e-07,0.29819205000452104,135.14799114876374,0.973581076,0.124680802
38,4.267230384240372e-07,7.192861615501801e-07,4.267230384240372e-07,0.2878838108923414,132.6756188451343,0.90847975,0.124742404
68,8.542782914350985e-06,1.507330872902574e-05,8.542782914350985e-06,1.2300999510326722,198.5715698756188,2.91646934,0.128414541
60,4.773467457215293e-06,8.625834138834972e-06,4.773467457215293e-06,0.7727257007143892,176.79159877479236,2.30690241,0.129278988
62,6.562550895417395e-06,1.1699513934682483e-05,6.562550895417395e-06,1.003253294021783,186.75906154278982,2.65640855,0.129588932
51,2.289080663245337e-06,4.1860255803697674e-06,2.289080663245337e-06,0.5306184384357369,164.22159612664365,1.9230001,0.126833275
50,1.7797869209994666e-06,3.2613023824900733e-06,1.7797869209994666e-06,0.47386280435725664,159.87315698184594,1.84298837,0.126603603
53,2.803098391010205e-06,5.081563878574124e-06,2.803098391010205e-06,0.5777579551981639,164.92905139439745,1.95099926,0.127168581
58,4.49743722879416e-06,8.083986626793352e-06,4.49743722879416e-06,0.7429542393099249,173.1101292184369,2.14525437,0.12944679
47,1.1594758212676319e-06,2.164941065465869e-06,1.1594758212676319e-06,0.40060979833339405,156.02132888262332,1.73202324,0.125607565
49,1.538858037170781e-06,2.8194458554000266e-06,1.538858037170781e-06,0.44849404342678606,157.87987269189694,1.81785643,0.126070693
80,2.4966442364508117e-05,4.191457229636945e-05,2.4966442364508117e-05,2.6736585434160767,247.66005139614333,9.43118286,0.123206452
45,1.041316010907095e-06,1.9322780046904207e-06,1.041316010907095e-06,0.3862078520878817,153.89612573046648,1.73656595,0.125565097
46,1.0439702902629354e-06,1.927332049062977e-06,1.0439702902629354e-06,0.38742252814556605,152.5351059027306,1.7119931,0.125612587
42,7.528414955269897e-07,1.4000434277512875e-06,7.528414955269897e-07,0.34612557523471105,148.51993659903692,1.49655855,0.125317395
45,9.697849657437879e-07,1.7694919914690822e-06,9.697849657437879e-07,0.38025816414643376,150.53391409191576,1.60110366,0.125585437
42,7.992161653003882e-07,1.4740615894661215e-06,7.992161653003882e-07,0.3533863006741651,147.21245881337612,1.51621079,0.125230715
36,2.521569119571395e-07,3.734419158088293e-07,2.521569119571395e-07,0.22377582639127383,100.40408716055722,0.621797144,0.12526612
36,2.671524024463221e-07,3.940140674926046e-07,2.671524024463221e-07,0.2341720710422969,102.27347327314128,0.650638759,0.125084102
35,2.784534745462999e-07,4.1386105307942473e-07,2.784534745462999e-07,0.23606808430749704,101.75798149946979,0.681550443,0.125414759
36,2.582391286523063e-07,3.812054658659395e-07,2.582391286523063e-07,0.22381382967315178,99.29042893656417,0.62184608,0.125106096
37,2.4912890704177065e-07,3.6665806889851774e-07,2.4912890704177065e-07,0.21703125244273358,97.69689987802761,0.593964815,0.124982946
36,2.6064965045337983e-07,3.8619984654046713e-07,2.6064965045337983e-07,0.2227832873502017,98.50339978227808,0.628812492,0.125025451
36,2.4227141584086486e-07,3.562012135675587e-07,2.4227141584086486e-07,0.2118184142590647,96.53236309841634,0.590897679,0.125255823
34,2.433019359505306e-07,3.5608343852058547e-07,2.433019359505306e-07,0.21163247573455946,95.51008368130735,0.5932073,0.125309363
37,2.7846944445290706e-07,4.405742088889248e-07,2.7846944445290706e-07,0.24162151782707375,115.45655688953734,0.706800997,0.125097752
37,2.830511060615924e-07,4.4364425901667587e-07,2.830511060615924e-07,0.24376515885177552,113.48747681657767,0.713918209,0.125074998
36,2.999001768226308e-07,4.819943007202068e-07,2.999001768226308e-07,0.24788824211773058,116.74992589591939,0.736389875,0.124932714
37,2.8047665547328985e-07,4.274820714452957e-07,2.8047665547328985e-07,0.24213583484559784,107.76342304920419,0.705982089,0.125195786
37,3.044483489896508e-07,4.779796394496365e-07,3.044483489896508e-07,0.2499550067482641,111.80595530763088,0.832511306,0.124853648
37,3.043992673932122e-07,4.719873876494499e-07,3.043992673932122e-07,0.24912836121660584,109.62458407827049,0.829489648,0.125134066
37,3.0600078905600906e-07,4.939407378217001e-07,3.0600078905600906e-07,0.25220601541104615,120.07617688740216,0.708645105,0.12478783
37,3.093879733135772e-07,4.992550882107394e-07,3.093879733135772e-07,0.251926235666366,118.8913304656209,0.758649707,0.124926388
36,2.6607894580086864e-07,3.9802666104786296e-07,2.6607894580086864e-07,0.23474174403641918,104.22554982954662,0.673748791,0.125092432
36,2.873633676346592e-07,4.3542021664802124e-07,2.873633676346592e-07,0.24288083143699873,106.22614930643923,0.749842942,0.125397831
37,4.3808158803387386e-07,7.319187096033483e-07,4.3808158803387386e-07,0.2910596597553724,131.08768564151066,0.902133226,0.124810576
38,4.0074295825345567e-07,6.621501711091549e-07,4.0074295825345567e-07,0.28015893782396184,126.76649136891022,0.830355406,0.124820299
37,3.6953009888262166e-07,6.069148604818173e-07,3.6953009888262166e-07,0.27049068690410827,124.42228497657895,0.804751873,0.124884449
37,4.4707281313372753e-07,7.443693676004804e-07,4.4707281313372753e-07,0.292188411796118,128.98189620520967,0.91609323,0.124819554
39,3.289380299048069e-07,5.372345245482334e-07,3.289380299048069e-07,0.2577112670746375,121.74368890600424,0.753767848,0.124956019
35,3.1151162108197634e-07,4.5900195162680343e-07,3.1151162108197634e-07,0.22206353082251307,90.86575065882542,0.67354095,0.125184804
38,2.8661500943476455e-07,4.25750102060221e-07,2.8661500943476455e-07,0.2120782703926725,91.16523672611225,0.656121373,0.12530154
37,2.7466639630447336e-07,4.08517609805131e-07,2.7466639630447336e-07,0.20702976732085812,91.2775741050638,0.65201205,0.125190616
34,2.6954167910866667e-07,3.981917681649471e-07,2.6954167910866667e-07,0.2055281560418081,91.34086924055134,0.62820971,0.125271991
35,2.547517275188118e-07,3.7502691542628254e-07,2.547517275188118e-07,0.20145277447180385,92.0574277501514,0.604956269,0.125266597
36,2.5935467576407567e-07,3.8478337330507415e-07,2.5935467576407567e-07,0.20126555014039063,91.86406266051297,0.619245052,0.125170693
36,2.769392416328413e-07,4.1225233062183583e-07,2.769392416328413e-07,0.20637211968697622,91.25134122673653,0.641639769,0.125121906
37,3.3120505084697313e-07,4.936308206890842e-07,3.3120505084697313e-07,0.22659433738180182,91.13211535513399,0.709582388,0.124941491
40,3.615657696900726e-07,5.404882748669569e-07,3.615657696900726e-07,0.23601588997434722,91.2690507001599,0.746823847,0.125127584
40,3.960108790254574e-07,5.929426575725173e-07,3.960108790254574e-07,0.24477024607548564,91.48529647166318,0.777424216,0.125142857
39,4.543468260105254e-07,6.769673320402161e-07,4.543468260105254e-07,0.26221064021166957,91.40283974411867,0.826840639,0.125219613
49,6.231079818587291e-06,9.938232825469977e-06,6.231079818587291e-06,0.6820862445240515,93.89681548087489,2.64686322,0.127815634
51,7.74078338335013e-06,1.2307395007070914e-05,7.74078338335013e-06,0.7461109954715074,95.43375897413704,2.83748937,0.127533317
55,1.0927583798962772e-05,1.719804713774352e-05,1.0927583798962772e-05,0.8781978085168587,98.67986119550594,2.97840309,0.128308907
54,1.376297226846739e-05,2.142726088019205e-05,1.376297226846739e-05,1.0039278042480648,102.66586920411434,2.98506212,0.12894696
62,2.74428912899628e-05,4.2013186890891664e-05,2.74428912899628e-05,1.5020328557103226,116.35377531702319,3.65183783,0.128224358
75,5.4931885106995854e-05,8.593983505804915e-05,5.4931885106995854e-05,2.1550407749999385,139.26744499307065,7.64820671,0.124480337
43,6.619715276371329e-07,1.000017597962043e-06,6.619715276371329e-07,0.3040248269563076,91.97228269545496,1.00886643,0.125687301
46,1.7363180866456271e-06,2.7328441939711407e-06,1.7363180866456271e-06,0.42533195110299116,91.58737085467901,1.46583045,0.125973955
45,1.3056377100790263e-06,2.019350308620785e-06,1.3056377100790263e-06,0.3862892649125841,91.49456265826264,1.27382231,0.125831157
48,4.06669663289087e-06,6.474434325348885e-06,4.06669663289087e-06,0.5768468697582679,92.24345859432748,2.22963381,0.12696822
51,3.875951429246433e-06,6.215338468439831e-06,3.875951429246433e-06,0.5607170079466756,91.77557556874827,2.21267128,0.126012176
47,2.5730173373624978e-06,4.1342519920072285e-06,2.5730173373624978e-06,0.480037310000664,91.28258277209449,1.82600689,0.126139373
51,7.687859103423227e-06,1.2546289965981193e-05,7.687859103423227e-06,0.7249147076724082,93.43211076888181,3.14142227,0.127927825
42,5.68728897402916e-07,8.506085927934176e-07,5.68728897402916e-07,0.2873471301168724,91.70461572749059,0.929576993,0.125549734
41,5.540632059273812e-07,8.305124377027304e-07,5.540632059273812e-07,0.28305526058939023,91.5940458713207,0.909655213,0.125455111
35,2.527573090758036e-07,3.7300697978881164e-07,2.527573090758036e-07,0.21018636612949954,94.82321572588086,0.602619469,0.125274137
34,2.628770994508787e-07,3.882799383283408e-07,2.628770994508787e-07,0.20811067266509722,93.64971178544293,0.610793233,0.125282526
35,2.587287963643717e-07,3.845659999535103e-07,2.587287963643717e-07,0.20909098325042927,94.4298384649455,0.612440526,0.12521179
35,2.5467531405451705e-07,3.784050369033246e-07,2.5467531405451705e-07,0.20048869735591712,92.4307817831647,0.611792207,0.125167981
36,2.6107120422331237e-07,3.8980071445408505e-07,2.6107120422331237e-07,0.2028081799672721,92.97362811854265,0.622316599,0.125165969
35,2.6006999290345164e-07,3.876019516221208e-07,2.6006999290345164e-07,0.20513984204924385,93.52878972377266,0.619072914,0.125192955
40,6.053881542822793e-07,1.0970615200468318e-06,6.053881542822793e-07,0.3224962429047054,143.83498139829265,1.33379734,0.125161126
39,5.377320278606411e-07,9.485570525252744e-07,5.377320278606411e-07,0.31077854366560587,140.285475110825,1.15237892,0.125262663
40,6.418471182651718e-07,1.1577744542719999e-06,6.418471182651718e-07,0.3279730459305397,142.03721820314502,1.35226381,0.125175372
39,5.905708266806496e-07,1.0416719653083416e-06,5.905708266806496e-07,0.32045062032324134,139.67563002769833,1.23038614,0.125084251
40,7.224150671267411e-07,1.3203310477189687e-06,7.224150671267411e-07,0.341813727991432,145.06967772890778,1.43330848,0.125273496
39,5.226004015290654e-07,9.067749840824232e-07,5.226004015290654e-07,0.3071974931031125,137.37550813142073,1.0862627,0.124855235
40,4.858375754206936e-07,8.283110199472482e-07,4.858375754206936e-07,0.3014699867272987,134.57165947136636,0.978960395,0.12484245
39,4.852000072141574e-07,8.207378271198302e-07,4.852000072141574e-07,0.30037211673896835,133.16195231406755,0.972843468,0.124887779
66,8.610649077407742e-06,1.4936818870956209e-05,8.610649077407742e-06,1.2294806938138212,192.899405910496,2.81720948,0.131124794
83,2.642387000320638e-05,4.458117101031767e-05,2.642387000320638e-05,2.541749105857534,238.54730845920105,9.18270397,0.125694022
52,2.640695233083603e-06,4.772652806655689e-06,2.640695233083603e-06,0.5594083092371036,161.6572573156517,1.95325279,0.126896009
57,4.507262580322982e-06,8.089139937295472e-06,4.507262580322982e-06,0.7287000640111375,170.02579518675887,2.11448932,0.127577841
62,8.445034316062636e-06,1.4612952729613468e-05,8.445034316062636e-06,1.209387799377122,191.1068636373908,2.76791954,0.131520525
63,6.426417101101629e-06,1.1409492051095434e-05,6.426417101101629e-06,0.9292344613506197,177.69288790744992,2.41669011,0.127802774
47,1.3314686549434489e-06,2.451927907264946e-06,1.3314686549434489e-06,0.42076298361643644,155.48914521375437,1.79896486,0.126037821
50,1.99968117918069e-06,3.6245341377455714e-06,1.99968117918069e-06,0.49369922003596256,157.38887813869636,1.87673223,0.126497477
50,1.2911371997242527e-06,2.368675471959622e-06,1.2911371997242527e-06,0.41573788575544357,153.84086658141393,1.80226707,0.126004919
51,1.2890626879380512e-06,2.3392527358707456e-06,1.2890626879380512e-06,0.4172093695636076,151.26230994461372,1.72120917,0.125995293
45,9.563778979983342e-07,1.7505099302690793e-06,9.563778979983342e-07,0.3765248301991895,148.70647496488664,1.61939216,0.125514492
48,1.2429339861980617e-06,2.2438740565254545e-06,1.2429339861980617e-06,0.4121262830068959,149.97763152616545,1.65765893,0.126009583
43,8.684500557340033e-07,1.5978581564185122e-06,8.684500557340033e-07,0.3618325502680718,145.99397058872947,1.61218202,0.125364378
37,2.706092759519011e-07,4.021177458617658e-07,2.706092759519011e-07,0.23101177588868133,100.76831405028777,0.653502107,0.125348911
37,2.7542085708718224e-07,4.1068039637854874e-07,2.7542085708718224e-07,0.23687865775520597,103.14607006929543,0.692050874,0.125201121
36,2.9574886552248385e-07,4.415329930633377e-07,2.9574886552248385e-07,0.24429371448702553,103.19954606157316,0.719432175,0.12555629
37,2.8978249364085775e-07,4.30507321418867e-07,2.8978249364085775e-07,0.2393480250432087,101.53260250868493,0.714654088,0.125454277
35,2.7728655660914577e-07,4.090693101244063e-07,2.7728655660914577e-07,0.23272052506228708,99.72506258021888,0.652815878,0.124975301
36,2.541110879016691e-07,3.7495256850445053e-07,2.541110879016691e-07,0.2195154821403422,97.86354671271755,0.612781525,0.125001386
36,2.515318779621887e-07,3.707317006828868e-07,2.515318779621887e-07,0.2159081687205493,96.92823330729796,0.601531267,0.125079036
36,2.7649079716528015e-07,4.0922317982538003e-07,2.7649079716528015e-07,0.2302519069131897,99.21050004339683,0.658816278,0.125100031
36,2.759634866599071e-07,4.1117556855783136e-07,2.759634866599071e-07,0.2268148098498341,98.52681032622387,0.663727105,0.125256434
37,2.427211351070058e-07,3.58633394871522e-07,2.427211351070058e-07,0.21067324985325864,96.18621974151736,0.599776864,0.125354171
38,3.032636537053809e-07,4.814963453462367e-07,3.032636537053809e-07,0.25036304897658973,115.73327357426398,0.766422212,0.124812432
37,3.1123478892704624e-07,4.902363782221017e-07,3.1123478892704624e-07,0.25218380775199056,113.61781064824395,0.812053621,0.124760345
38,3.2212869487375224e-07,5.188066729197112e-07,3.2212869487375224e-07,0.2549175071873815,117.21344812844825,0.817326546,0.124662012
37,3.0776201459911805e-07,4.7148451880997596e-07,3.0776201459911805e-07,0.25090010501702154,108.09844580875753,0.819835067,0.125252396
36,3.136738727687086e-07,4.911304705069582e-07,3.136738727687086e-07,0.2538246518735429,112.05473864166512,0.841908813,0.124878831
36,3.3928025207554747e-07,5.249959620083231e-07,3.3928025207554747e-07,0.262194013326181,110.1324454493404,0.827244461,0.125121281
37,3.385386890719468e-07,5.489290026000224e-07,3.385386890719468e-07,0.26026242982430786,120.22454299878802,0.772836924,0.124856189
37,2.8752377760687667e-07,4.322216262050602e-07,2.8752377760687667e-07,0.2434242075563339,105.18844855409154,0.694356799,0.125259191
36,3.1050286291839297e-07,4.7258745328637305e-07,3.1050286291839297e-07,0.2524647714416314,106.81226537762946,0.819549561,0.125105605
37,4.845373235456927e-07,8.144334318614417e-07,4.845373235456927e-07,0.29985000010515744,131.04554836394684,0.95371598,0.124857619
38,4.227684918543338e-07,6.970397613003231e-07,4.227684918543338e-07,0.2856270277215504,126.55904194253459,0.865252554,0.124811038
38,3.698874171305961e-07,6.053903242061693e-07,3.698874171305961e-07,0.26993597673743813,122.96472527237798,0.795862794,0.124942206
37,4.0865418202403114e-07,6.728898500377525e-07,4.0865418202403114e-07,0.2805588415411174,124.9447740427707,0.856465995,0.124843247
38,4.7238406921112523e-07,7.861973463190108e-07,4.7238406921112523e-07,0.2979895077300638,129.13996866192227,0.938626885,0.124804951
38,3.669501559520613e-07,5.981928170683104e-07,3.669501559520613e-07,0.2687446470021959,121.59923670685004,0.791131973,0.124855459
38,3.0968811472425007e-07,4.624094390830098e-07,3.0968811472425007e-07,0.21863789536573314,91.10444525880995,0.682305872,0.125015512
36,2.9214021675752736e-07,4.3617292536863333e-07,2.9214021675752736e-07,0.2123638530509646,91.14713951914491,0.671518207,0.125090346
36,2.9130363711222856e-07,4.351165386877857e-07,2.9130363711222856e-07,0.21111379570177302,91.15120267955241,0.666650712,0.125122756
34,2.70441276127656e-07,4.0043268165817825e-07,2.70441276127656e-07,0.2062283984618248,91.25566355104522,0.634499133,0.125047833
35,2.620225156784441e-07,3.910572130733378e-07,2.620225156784441e-07,0.2013999090577331,92.1999859465269,0.624099612,0.125098407
34,2.802512456639891e-07,4.145318803596978e-07,2.802512456639891e-07,0.2081739336242529,91.48887140988793,0.635139525,0.124967515
34,2.9211607952068387e-07,4.347992981515222e-07,2.9211607952068387e-07,0.21115004152678,91.13219460495844,0.654640496,0.125019327
37,3.351058331435667e-07,5.001814014432732e-07,3.351058331435667e-07,0.22701857427398542,91.01467355401475,0.718685031,0.124977775
39,3.5416435866623866e-07,5.294911869143584e-07,3.5416435866623866e-07,0.23141281807939454,91.04982528527297,0.716303349,0.124979675
40,3.903310600255208e-07,5.835036517266575e-07,3.903310600255208e-07,0.24289018821480157,91.20313042016708,0.749080837,0.125239745
40,4.5436570422052444e-07,6.799659935460399e-07,4.5436570422052444e-07,0.25869295312041135,91.40665410316784,0.835399926,0.125554666
52,1.0905760858874206e-05,1.7765886836971995e-05,1.0905760858874206e-05,0.8412120504418862,95.69938671063359,3.53270531,0.128165856
55,1.7157818622942764e-05,2.7441975329723388e-05,1.7157818622942764e-05,1.046703497506672,100.05589424467246,3.75566363,0.129201159
54,1.361751510350446e-05,2.2297496976649416e-05,1.361751510350446e-05,0.9189359429978743,97.00213368810589,3.78037858,0.127910957
64,3.9669269009308674e-05,6.090385360031482e-05,3.9669269009308674e-05,1.7885823253572366,120.33019335773255,4.41307163,0.12869443
86,8.801252741660821e-05,0.00013842714157513169,8.801252741660821e-05,2.6806580532886586,151.49784442851288,8.54872704,0.123169474
42,6.61302584724891e-07,9.918081704992448e-07,6.61302584724891e-07,0.30529794908978036,91.69258183462836,0.989312589,0.125637472
44,1.0795225523671749e-06,1.6449263818848998e-06,1.0795225523671749e-06,0.3635840355425252,91.29588820339737,1.12480009,0.12586312
45,2.1423032634098207e-06,3.4230123213770027e-06,2.1423032634098207e-06,0.4508333115499849,91.06652864433156,1.67814684,0.126023561
50,5.772567738391604e-06,9.354787511849867e-06,5.772567738391604e-06,0.6485731660098792,91.94412253325153,2.77638531,0.126799241
49,3.863260807678738e-06,6.211057866454229e-06,3.863260807678738e-06,0.556625716687704,91.2103035841124,2.25166726,0.126391187
48,2.8446639785624545e-06,4.562024016718693e-06,2.8446639785624545e-06,0.5001245352771067,90.73799192034082,1.94398546,0.126497611
53,1.0807984003177365e-05,1.784001759713069e-05,1.0807984003177365e-05,0.8226848145195095,94.73746717526551,3.61495519,0.128144428
51,1.550030404264194e-05,2.605202646580995e-05,1.550030404264194e-05,0.9357143499998365,94.93672286580461,4.30576754,0.127919897
40,5.793551821366867e-07,8.706113112484531e-07,5.793551821366867e-07,0.2877130106206128,91.40506230097375,0.923803806,0.125511453
39,5.0866436546891e-07,7.609828745224841e-07,5.0866436546891e-07,0.27295605737243145,91.23564908618717,0.874969602,0.125582531
35,2.595726238167047e-07,3.842007774116481e-07,2.595726238167047e-07,0.21296960313562815,95.59043598021006,0.60967344,0.125298426
35,2.6529224578691447e-07,3.952521142850009e-07,2.6529224578691447e-07,0.20844661733963404,94.04918372270932,0.624965787,0.125192478
37,2.590326902622861e-07,3.8700825159700426e-07,2.590326902622861e-07,0.20959590071527537,94.93665745328457,0.624053717,0.125157759
34,2.6868903284391993e-07,4.013782468585579e-07,2.6868903284391993e-07,0.20674715037151362,93.17213853452085,0.634433925,0.125085667
32,2.753731621838357e-07,4.1050134082155633e-07,2.753731621838357e-07,0.20707901221243194,92.51424605716721,0.62958014,0.125064611
34,2.7848877013261824e-07,4.1629494042519816e-07,2.7848877013261824e-07,0.21030246916134182,93.41618202278867,0.637435853,0.125024274
39,7.118770048168806e-07,1.2881252445721645e-06,7.118770048168806e-07,0.33911355313878505,141.94317044030785,1.45515287,0.125296175
42,7.150730172209172e-07,1.2807215740576937e-06,7.150730172209172e-07,0.33927492950212035,140.21912103749645,1.43000233,0.125285953
42,7.407703260535989e-07,1.3526545639784497e-06,7.407703260535989e-07,0.3428838795413438,143.55642474771903,1.43391013,0.125356793
41,5.927949288111474e-07,1.046112860384304e-06,5.927949288111474e-07,0.32018296965540355,138.46512763468596,1.22157621,0.125129089
39,5.314604984893753e-07,9.17647621598179e-07,5.314604984893753e-07,0.31036605167702447,136.67714398049472,1.10274458,0.125022769
39,5.535036606344773e-07,9.515497704795484e-07,5.535036606344773e-07,0.31402013511520904,135.25888658125746,1.10132253,0.125097051
40,5.294069312427248e-07,8.963722851338243e-07,5.294069312427248e-07,0.3103351719934345,133.13425846088307,1.03493297,0.124993429
82,3.181047901510275e-05,5.474285014250144e-05,3.181047901510275e-05,2.664405524184538,236.9901672794463,11.3501921,0.127136916
55,4.601935808567213e-06,8.221411090452342e-06,4.601935808567213e-06,0.7292901842701066,167.16300667459677,2.37124586,0.12722978
51,2.8064093150352306e-06,5.041330335774122e-06,2.8064093150352306e-06,0.5698896426754263,159.62996833967966,2.00512815,0.126791567
61,7.471458547650446e-06,1.308634754162455e-05,7.471458547650446e-06,1.0401448422410942,180.5579053020581,2.75776863,0.12908265
81,2.7069445809428664e-05,4.600532033276379e-05,2.7069445809428664e-05,2.4501123955565225,229.0144575256495,9.16640568,0.124821149
71,1.8744454202569336e-05,2.9898912890771488e-05,1.8744454202569336e-05,2.2272268773781163,224.83321003075662,4.45997143,0.12507385
49,1.645175819196651e-06,2.9781640064263496e-06,1.645175819196651e-06,0.45738656981947023,154.39530701578803,1.76977086,0.126363263
50,2.2029030497979623e-06,3.961240622639813e-06,2.2029030497979623e-06,0.5151178706770752,155.72145633668407,1.94191301,0.12653698
49,1.7495638692994578e-06,3.156540001452937e-06,1.7495638692994578e-06,0.4681460366906606,152.30462764217566,1.8645761,0.126335397
45,1.1383774686111887e-06,2.0681885405307427e-06,1.1383774686111887e-06,0.399302453001926,148.07843081249345,1.7482667,0.125618473
49,1.7235494252413207e-06,3.084014157305974e-06,1.7235494252413207e-06,0.4629396186709973,149.72418134045705,1.75052977,0.126274839
44,9.045390971641229e-07,1.645246305830853e-06,9.045390971641229e-07,0.3687441139977608,145.5205820672829,1.63092208,0.125491813
36,3.210078428337013e-07,4.851996879644919e-07,3.210078428337013e-07,0.2531454189797613,104.49380590188632,0.790363669,0.124932051
36,3.102224472496074e-07,4.645448573990983e-07,3.102224472496074e-07,0.24838610626552501,102.83788050791328,0.770648718,0.12553288
37,3.160580757919021e-07,4.792434898270723e-07,3.160580757919021e-07,0.25224049844256724,105.49597893633077,0.781586766,0.12504667
36,3.001805484671776e-07,4.46799057113976e-07,3.001805484671776e-07,0.2420862831303041,101.30408491327556,0.718713999,0.12515296
37,2.6127819927409213e-07,3.87656319337105e-07,2.6127819927409213e-07,0.219876125335647,97.42475538597424,0.61884135,0.125188753
34,2.599921135775431e-07,3.8484384906243727e-07,2.599921135775431e-07,0.21719257388247465,96.32587395584869,0.613188684,0.125183314
37,2.9911341571207946e-07,4.45482200822536e-07,2.9911341571207946e-07,0.24040576184055187,100.65715307609679,0.707317293,0.125294268
35,2.9417603745614543e-07,4.3942205871872186e-07,2.9417603745614543e-07,0.2353944958355723,99.5199125780985,0.670962274,0.125241488
35,2.7933143933627894e-07,4.143582136654532e-07,2.7933143933627894e-07,0.22715172434258296,98.07776647848956,0.639531672,0.125360399
38,3.3841560583373747e-07,5.416376300147871e-07,3.3841560583373747e-07,0.2595827368874475,115.45739774541313,0.821081102,0.124943428
38,3.5325268716593394e-07,5.618136558475394e-07,3.5325268716593394e-07,0.26518817382028387,113.56717402145527,0.961683035,0.12526378
38,3.5564593489295527e-07,5.742624433531859e-07,3.5564593489295527e-07,0.26392703434925674,118.40967226384545,0.818992436,0.124883883
39,3.5245138639398854e-07,5.654306207251177e-07,3.5245138639398854e-07,0.26362599116314944,116.027873067357,0.866759598,0.124970146
35,3.5569748079597905e-07,5.553159512789289e-07,3.5569748079597905e-07,0.2647123314779029,108.80970440965845,0.927089036,0.124936543
37,3.636420539970537e-07,5.733051250722656e-07,3.636420539970537e-07,0.26773448025483737,112.51103734925175,0.939519227,0.124942586
36,4.0601812681419375e-07,6.516420334697358e-07,4.0601812681419375e-07,0.2769116855142512,111.48170218059387,1.13485825,0.12489263
37,3.689556232932121e-07,5.987653647718574e-07,3.689556232932121e-07,0.26818075576772443,119.84875279206906,0.81278348,0.124954194
36,3.3366216340589316e-07,5.079552896480438e-07,3.3366216340589316e-07,0.25992791612839283,107.20337741789918,0.7891289,0.125121549
39,5.335346050532913e-07,9.048411630316148e-07,5.335346050532913e-07,0.3096646882788091,131.6003884865253,1.04101062,0.125037268
38,5.568060589960616e-07,9.339708051210566e-07,5.568060589960616e-07,0.31343701882913255,130.2249385346035,1.00263858,0.124992087
38,4.675648253562537e-07,7.712855822215195e-07,4.675648253562537e-07,0.29710680184422916,127.28491514122963,0.927753687,0.124860771
38,4.0339252116108116e-07,6.600713774566098e-07,4.0339252116108116e-07,0.27813501553110465,122.65380478630259,0.824390233,0.124988094
38,4.618900475346949e-07,7.600751432310873e-07,4.618900475346949e-07,0.2923204495125571,124.80024211763705,0.910133958,0.124982223
39,5.492695400683323e-07,9.146136899630804e-07,5.492695400683323e-07,0.31158726695263406,128.75342704381515,1.00292611,0.124928191
37,3.2783980346493493e-07,4.928367326311607e-07,3.2783980346493493e-07,0.22162464816527325,91.18907917179914,0.70744741,0.125023201
36,3.230735297670818e-07,4.853309234387195e-07,3.230735297670818e-07,0.21962905005231,91.06354931905553,0.702839077,0.125009492
36,3.136273144691318e-07,4.711125144986292e-07,3.136273144691318e-07,0.21577117803747362,91.23461394870687,0.6873734,0.125079647
35,2.851925638181176e-07,4.261489880758454e-07,2.851925638181176e-07,0.2076592925083885,91.55507692649057,0.660093129,0.124839604
34,2.720701357237933e-07,4.070637291389432e-07,2.720701357237933e-07,0.20394539525826932,92.32847939016928,0.637124062,0.125069723
35,2.922383018393394e-07,4.381447617702447e-07,2.922383018393394e-07,0.20953644345954958,91.85792164580953,0.658059776,0.124958269
36,3.071962020050429e-07,4.6141639272415065e-07,3.071962020050429e-07,0.21301666631657157,91.38964003217122,0.68098402,0.124940671
37,3.839555800145015e-07,5.745987994504587e-07,3.839555800145015e-07,0.23860379690069658,90.94296421788766,0.765614152,0.125240833
38,3.9607733173092245e-07,5.91984667491906e-07,3.9607733173092245e-07,0.243313638109646,90.96109582532557,0.766052306,0.12522535
39,4.2879114706498023e-07,6.4342309437086e-07,4.2879114706498023e-07,0.2520361555213748,91.18312269175922,0.818992734,0.125482783
39,5.059191190731342e-07,7.576439459993949e-07,5.059191190731342e-07,0.2701184740372093,91.0843466165328,0.86636585,0.125547171
58,2.4285034482191674e-05,3.867034837007809e-05,2.4285034482191674e-05,1.2578834899250813,104.16862132249614,4.07576227,0.130618155
58,3.9530111246201435e-05,6.333653881681391e-05,3.9530111246201435e-05,1.555390040559063,107.3365258718344,4.70996904,0.128802583
56,2.616769244761197e-05,4.3595033649925794e-05,2.616769244761197e-05,1.18843647191091,99.15086104426292,4.96216679,0.128783852
80,6.699184712918227e-05,0.00010400039229088635,6.699184712918227e-05,2.3706379576207977,136.7426306585029,7.9027853,0.125280052
65,4.9119471423882124e-05,7.56552957735071e-05,4.9119471423882124e-05,1.9510279318749855,121.95412324039984,4.78859806,0.125496656
44,7.489053085034242e-07,1.126945546996841e-06,7.489053085034242e-07,0.318822441664844,91.28909744932942,1.04521441,0.12570481
44,1.5725166015342605e-06,2.4528731983054395e-06,1.5725166015342605e-06,0.4105767204335008,90.88616177834456,1.40649652,0.125982389
46,2.5254680746067803e-06,4.034018363381595e-06,2.5254680746067803e-06,0.4780006795097767,90.843577175115,1.83974123,0.125942558
49,5.9422348968319515e-06,9.692281312590027e-06,5.9422348968319515e-06,0.6488048116406308,91.38465543510227,2.83726621,0.126623333
48,4.506646600246941e-06,7.276832035540604e-06,4.506646600246941e-06,0.5918844720178021,90.76440359635323,2.48813558,0.127068982
47,3.4781505319022716e-06,5.594896605655926e-06,3.4781505319022716e-06,0.5376245450713134,90.4332373060307,2.19779253,0.126450241
55,9.506383736744856e-06,1.5876653607850163e-05,9.506383736744856e-06,0.7683868692204109,92.55767876773105,3.63808012,0.128203243
57,2.1647487492344084e-05,3.685928284271332e-05,2.1647487492344084e-05,1.0680461799442065,96.34539467493072,4.95952511,0.129565701
56,3.4617267696723584e-05,5.8343844646534335e-05,3.4617267696723584e-05,1.3376091909854433,101.06649958860656,5.52834606,0.129619464
41,6.702505168453842e-07,1.007266239789414e-06,6.702505168453842e-07,0.30389891964560045,90.99428881908953,0.987462223,0.125674561
43,8.812213656737833e-07,1.329399541451758e-06,8.812213656737833e-07,0.33828858793712063,90.97248680151584,1.03726208,0.125754237
40,5.900550401762483e-07,8.867416173186729e-07,5.900550401762483e-07,0.2877932390684222,90.9292052277222,0.939428627,0.125695601
34,2.6406215736257403e-07,3.9275800207827964e-07,2.6406215736257403e-07,0.2137117892139767,95.33114513001769,0.618534684,0.125068605
34,2.769889425878637e-07,4.1649122690833187e-07,2.769889425878637e-07,0.21261487802443538,94.50622061900916,0.633813143,0.125257
35,2.6987790645661196e-07,4.0479910136800473e-07,2.6987790645661196e-07,0.21330829891507544,95.2030088494097,0.635823131,0.125042379
36,2.827082660782161e-07,4.2423043316347743e-07,2.827082660782161e-07,0.209539382066773,93.04817106657849,0.644103706,0.124981798
36,2.8851988722159245e-07,4.3405159474738086e-07,2.8851988722159245e-07,0.20834657886672608,92.46365259368184,0.648267806,0.124929562
35,2.8078928167681067e-07,4.2292637229452014e-07,2.8078928167681067e-07,0.2108929761790015,93.5254254689999,0.646386862,0.125074923
43,8.102006707712422e-07,1.463287194198542e-06,8.102006707712422e-07,0.3556668567816228,141.84165507363974,1.56399679,0.125378728
41,7.891817284290384e-07,1.4114110270307226e-06,7.891817284290384e-07,0.3521344568958701,138.992904882077,1.41753292,0.125259355
41,6.896655955752881e-07,1.2145306098402575e-06,6.896655955752881e-07,0.3363637521053163,137.70252439256157,1.33787966,0.125241265
43,9.473175904260784e-07,1.7229446782146573e-06,9.473175904260784e-07,0.3732247824106166,143.78553093493713,1.6763165,0.125531733
41,5.691641609292905e-07,9.752138480117024e-07,5.691641609292905e-07,0.3168615007169255,134.31171458358423,1.12907004,0.125043735
41,6.339227621100435e-07,1.1023278879776e-06,6.339227621100435e-07,0.32706215968056374,135.43990587435852,1.20541644,0.125053659
55,5.546225889182288e-06,9.81825996418157e-06,5.546225889182288e-06,0.8232850582105498,170.32424053618018,2.34261751,0.128074542
55,4.646706174709397e-06,8.256905584840897e-06,4.646706174709397e-06,0.7269538878881945,165.00421824020808,2.07455754,0.127254888
67,1.2083161706415183e-05,2.0301768956069833e-05,1.2083161706415183e-05,1.4923668696603303,194.41906019169159,3.2282331,0.130845457
52,3.429716020933299e-06,6.11283330280062e-06,3.429716020933299e-06,0.6257335400799935,159.70103591540794,2.06169224,0.126696214
53,2.4539391466450904e-06,4.390659422575167e-06,2.4539391466450904e-06,0.541615549174227,155.91102387448498,1.93870568,0.126617849
49,2.028316920510832e-06,3.6337747832211247e-06,2.028316920510832e-06,0.4954969785790668,152.1558044307049,1.86307573,0.126606137
49,1.4252202726293247e-06,2.555910312349353e-06,1.4252202726293247e-06,0.4316693916993268,147.83548083182086,1.77493942,0.126028657
51,2.145620861000553e-06,3.802580516464909e-06,2.145620861000553e-06,0.511144078083941,150.85065632826434,1.74056876,0.126623183
45,1.2367255002345812e-06,2.232465843274215e-06,1.2367255002345812e-06,0.4106301494125928,145.7945174036352,1.82859385,0.125890583
44,1.1080536083235724e-06,1.98698430455145e-06,1.1080536083235724e-06,0.3953883548551066,143.92621823016043,1.72628021,0.125644311
38,3.4465697591589636e-07,5.210470413103864e-07,3.4465697591589636e-07,0.2607153773136438,105.0083070785728,0.83913815,0.124795653
37,3.385571958094778e-07,5.070334985165953e-07,3.385571958094778e-07,0.2560670677889418,102.81067900358066,0.822012246,0.125558749
37,3.7189944188917667e-07,5.67160007331606e-07,3.7189944188917667e-07,0.2705229026664509,106.46343903633083,0.983196378,0.125193343
37,3.284150733779121e-07,4.93749253744665e-07,3.284150733779121e-07,0.2522748615821165,102.26503002856253,0.840855777,0.12555407
36,2.65810195813752e-07,3.957531782147505e-07,2.65810195813752e-07,0.21799766815203878,96.46344747205283,0.630250216,0.12525107
38,3.178981478385083e-07,4.7505120159632334e-07,3.178981478385083e-07,0.24644369076136619,100.8614873745105,0.725892305,0.125261426
37,3.1032751563522176e-07,4.6402201364020417e-07,3.1032751563522176e-07,0.2394266070416468,99.28731409491387,0.734022081,0.125215456
35,2.977187975128391e-07,4.461057775002274e-07,2.977187975128391e-07,0.23316231761807069,98.3475112581482,0.707533538,0.125424907
36,2.7993044635801274e-07,4.185031845723608e-07,2.7993044635801274e-07,0.22477136849792556,97.48269522348924,0.662059367,0.125458941
37,3.9288258046299016e-07,6.310702439546754e-07,3.9288258046299016e-07,0.27455551809585976,115.29107530258098,1.0183624,0.124900684
37,4.507746452726675e-07,7.384625000518651e-07,4.507746452726675e-07,0.28602950021024187,113.59107935306523,1.20286107,0.124806941
38,3.888719613956873e-07,6.323457877457088e-07,3.888719613956873e-07,0.2716707129852862,117.93047752889936,0.958080351,0.124871492
38,4.1026123284684463e-07,6.597721444518655e-07,4.1026123284684463e-07,0.2786525348887282,117.06376441759035,0.943572223,0.124634176
37,3.9661978412106766e-07,6.185850920861211e-07,3.9661978412106766e-07,0.2768051815715452,109.92755715849208,1.08537436,0.124960944
37,4.7010902025655724e-07,7.651371461446542e-07,4.7010902025655724e-07,0.2903772370922594,112.25968737320093,1.26138866,0.124917291
37,5.030496165279289e-07,8.06042765981479e-07,5.030496165279289e-07,0.2982205549861866,110.7838823812584,1.20408249,0.124981105
38,3.958444939170651e-07,6.433466670798087e-07,3.958444939170651e-07,0.2746880513148903,119.91475986455853,0.820581734,0.125051528
38,4.075631178759038e-07,6.316267103319903e-07,4.075631178759038e-07,0.2781104400964794,108.11082264861602,1.03071868,0.125398785
40,6.109030255539073e-07,1.043392931499073e-06,6.109030255539073e-07,0.3224524864008949,132.28511760401045,1.15477109,0.125062808
38,5.644494780388035e-07,9.412161813201287e-07,5.644494780388035e-07,0.3162424273392924,128.95612497109454,1.05912435,0.12515825
39,6.221449325443463e-07,1.0553965118992972e-06,6.221449325443463e-07,0.32553671082972796,130.63656160715547,1.1567018,0.125258818
39,5.217320001425485e-07,8.626998511993498e-07,5.217320001425485e-07,0.3048668816407434,126.24359719319655,0.973216653,0.125015572
38,4.358103097154368e-07,7.140511285471463e-07,4.358103097154368e-07,0.28446709383656704,122.46598912878628,0.874426901,0.125063479
39,5.043110968297126e-07,8.271822540351803e-07,5.043110968297126e-07,0.3025497102129723,124.65003167505796,0.948373258,0.12511085
38,6.277114234358826e-07,1.0470677652733322e-06,6.277114234358826e-07,0.32714234595359626,128.44160228300453,1.11765623,0.12525025
37,3.5931125868265246e-07,5.402937704913208e-07,3.5931125868265246e-07,0.23044020417351485,91.09203409979453,0.743536055,0.125161722
35,3.4189813861105357e-07,5.128147692980952e-07,3.4189813861105357e-07,0.22481228119779437,91.08773813010941,0.722749352,0.125022948
35,3.232159321885496e-07,4.859617538010733e-07,3.232159321885496e-07,0.21837258515092384,91.1242211979072,0.698032141,0.12498185
35,2.9852786193942093e-07,4.511561423767963e-07,2.9852786193942093e-07,0.2091361654061957,91.803488910849,0.669916034,0.124840245
34,2.920456627635179e-07,4.3844681276556785e-07,2.920456627635179e-07,0.21118333296810515,91.97489975118913,0.672696531,0.12488132
35,3.0604885815735384e-07,4.6181351740192214e-07,3.0604885815735384e-07,0.21253061423473738,91.69670761117744,0.689024627,0.124858446
35,3.317059937980209e-07,5.01409806538621e-07,3.317059937980209e-07,0.21925788186377412,91.58117684494687,0.717319608,0.124903649
37,3.9267336127474106e-07,5.903884192106769e-07,3.9267336127474106e-07,0.2410286924673944,90.94672337001649,0.789166987,0.125347093
39,4.3239632528840735e-07,6.487837846701322e-07,4.3239632528840735e-07,0.25250883859300166,91.06403259739157,0.835812271,0.125408426
40,5.361582963116593e-07,8.047898972238074e-07,5.361582963116593e-07,0.27556340168102894,90.97125840879272,0.892471194,0.125605181
76,6.951201728616048e-05,0.00010572632442892995,6.951201728616048e-05,2.3323495812115467,125.84675140625762,6.15441751,0.126371309
69,6.909724650497888e-05,0.00010696035809372571,6.909724650497888e-05,2.165299907526295,118.19514888108162,5.4504571,0.128782719
44,1.7093621192133805e-06,2.6750642180712304e-06,1.7093621192133805e-06,0.4213598121261062,90.62849993335786,1.47396982,0.126040772
46,2.7487102743549206e-06,4.400556391108084e-06,2.7487102743549206e-06,0.49324728868749185,90.437362804101,1.94616079,0.126036763
47,4.563914360471912e-06,7.413975011650109e-06,4.563914360471912e-06,0.5918270111702197,90.13672929840284,2.55995393,0.126774803
51,6.886996068167133e-06,1.1393431753768311e-05,6.886996068167133e-06,0.6844472788693915,91.21132121874881,3.14636993,0.127230197
55,1.1906969330489393e-05,2.0111721916616677e-05,1.1906969330489393e-05,0.8346707650558626,92.76084495228841,4.06114292,0.12884751
56,3.210108650844602e-05,5.473444625161641e-05,3.210108650844602e-05,1.2788177536815943,99.7642210242003,5.61696529,0.128465265
59,2.6930926538818703e-05,4.634150725129593e-05,2.6930926538818703e-05,1.15335006434957,96.15407669641816,5.51001024,0.130362198
57,5.8632791073133564e-05,9.750901333861053e-05,5.8632791073133564e-05,1.7586132874995282,107.79644129874669,5.97674513,0.128627867
43,9.700512958265928e-07,1.4702628384425593e-06,9.700512958265928e-07,0.3479321616557427,90.71160773248022,1.09384525,0.125769705
44,1.3704532127751801e-06,2.1088441570371437e-06,1.3704532127751801e-06,0.3921527559511373,90.61134737205548,1.30991554,0.126079962
45,1.696028921736848e-06,2.637119090829638e-06,1.696028921736848e-06,0.4193886677702851,90.05963720568832,1.44931734,0.125991881
42,7.14900483403145e-07,1.0698468085593014e-06,7.14900483403145e-07,0.31082155073995127,90.65883512265624,0.997178137,0.125883341
35,2.740453013232843e-07,4.084023963161828e-07,2.740453013232843e-07,0.2187400858349366,95.87904715984442,0.643012941,0.125188604
35,2.8789078998045066e-07,4.326582073305856e-07,2.8789078998045066e-07,0.2149429450072654,94.25023890468061,0.652050972,0.125062615
34,2.8692813534867804e-07,4.3449690442015616e-07,2.8692813534867804e-07,0.21653578328245265,94.85043458638286,0.661181986,0.125145674
36,2.793802453575712e-07,4.203123194354308e-07,2.793802453575712e-07,0.2178448413899094,95.5740551633355,0.652491271,0.125143394
35,2.8786651475916154e-07,4.3485076822539074e-07,2.8786651475916154e-07,0.2118054033149786,93.3629340075664,0.670921922,0.125161797
37,2.90794308995991e-07,4.420425658053035e-07,2.90794308995991e-07,0.20853770271633404,92.89820501763849,0.673732638,0.124973938
37,2.9286543307772486e-07,4.4558377767583445e-07,2.9286543307772486e-07,0.21430915650261356,94.09596996824641,0.671403527,0.1251681
44,9.794306454968956e-07,1.777461411791857e-06,9.794306454968956e-07,0.3760250912012722,141.45448831870948,1.66197443,0.125511408
44,9.172429645808703e-07,1.6382224304145984e-06,9.172429645808703e-07,0.368081920388957,139.1010130154212,1.56253529,0.125439182
41,8.00108227587013e-07,1.3979718222448296e-06,8.00108227587013e-07,0.3560073751368024,137.39257540468046,1.42606211,0.125298828
41,8.005083674112772e-07,1.4136045299279218e-06,8.005083674112772e-07,0.35063118807485166,136.7666839905337,1.38278174,0.125282288
41,6.668682528198499e-07,1.152774619878856e-06,6.668682528198499e-07,0.33425065923156816,134.9709020613576,1.23181856,0.125086352
63,9.573641602051496e-06,1.6385832194931486e-05,9.573641602051496e-06,1.2229159032896084,183.51340959897456,3.01983595,0.129225329
60,5.908417092078789e-06,1.0303786827209747e-05,5.908417092078789e-06,0.8576200141168306,167.49710270414926,2.32053542,0.129364952
63,1.1884737591697303e-05,2.0027680821885654e-05,1.1884737591697303e-05,1.4157406598178548,188.76530589789894,3.23253798,0.128035545
77,2.3892954368936195e-05,3.7265029996618955e-05,2.3892954368936195e-05,2.4514966695612985,222.2284795769915,5.20801067,0.123205006
55,4.066210413469343e-06,7.1431929177658305e-06,4.066210413469343e-06,0.6915755975469794,160.01232678229636,2.05178189,0.130123273
51,3.156941983783449e-06,5.5915484709028656e-06,3.156941983783449e-06,0.6018754133508631,155.66069709490122,1.9775728,0.126953423
49,1.7040226169048163e-06,3.0321268071499135e-06,1.7040226169048163e-06,0.46173822500019573,147.27893184929894,1.89757609,0.126251802
47,1.985583152419088e-06,3.516980253303563e-06,1.985583152419088e-06,0.48956557880799767,147.9691575543199,1.90441811,0.126318946
51,2.915985682295781e-06,5.125287237822047e-06,2.915985682295781e-06,0.5790410572408019,152.11878065148497,1.81305158,0.126970008
54,3.535363486457006e-06,6.22263928878938e-06,3.535363486457006e-06,0.6356442496333791,155.41548638450962,1.9229269,0.127111897
47,1.439391588951416e-06,2.5450732736361695e-06,1.439391588951416e-06,0.4386855276915103,145.27553504492337,1.65575933,0.126032755
45,1.4073864921446306e-06,2.515930666655542e-06,1.4073864921446306e-06,0.43007642784802524,143.55036709470534,1.80135572,0.125884101
38,3.717030432999792e-07,5.593714596643833e-07,3.717030432999792e-07,0.2695904283047152,105.12997914820079,0.841758788,0.124928303
37,3.910342492650741e-07,5.949065148497917e-07,3.910342492650741e-07,0.2715258444987803,104.39941322293141,0.978442729,0.125463605
39,4.4875301090540406e-07,7.103079483785756e-07,4.4875301090540406e-07,0.28462062962617557,107.50625112205059,1.17055845,0.125076443
38,3.5190311781939167e-07,5.306371846859034e-07,3.5190311781939167e-07,0.2586612317135721,102.55377392453394,0.895426989,0.125540867
36,2.738914103502173e-07,4.086914515235849e-07,2.738914103502173e-07,0.22246648094127036,97.07364847299041,0.650726855,0.125470594
37,3.436669986231607e-07,5.150568736964218e-07,3.436669986231607e-07,0.2537639647061507,101.04830748513182,0.837761581,0.125203267
37,3.2540021550877783e-07,4.89360906991093e-07,3.2540021550877783e-07,0.24362013837843735,99.78529297409054,0.77434516,0.124983296
35,3.149733412744777e-07,4.7533257503571057e-07,3.149733412744777e-07,0.23825185245735,98.82416330220836,0.742363513,0.125234738
36,3.0314206897508086e-07,4.560065190980435e-07,3.0314206897508086e-07,0.23253096007204885,97.9467128125723,0.691809356,0.125459567
35,2.944464125053616e-07,4.418991683059232e-07,2.944464125053616e-07,0.22610226148974671,96.68112303129102,0.673009813,0.125456095
37,4.4838671784393133e-07,7.168456675712199e-07,4.4838671784393133e-07,0.28884678350219123,115.49724129440858,1.02511811,0.124801815
37,5.250592790980071e-07,8.690776658038263e-07,5.250592790980071e-07,0.300520102043248,114.27297409855808,1.32270563,0.124756791
38,4.095100923941541e-07,6.612679982098972e-07,4.095100923941541e-07,0.2787209264156126,118.68061649500879,0.870454907,0.124784298
36,4.3693595424763986e-07,7.013552563900757e-07,4.3693595424763986e-07,0.2859564688846787,118.01648784699098,0.858197153,0.124889225
36,5.05235927894147e-07,8.125365484079229e-07,5.05235927894147e-07,0.3009085136837055,116.82238535204047,1.11445093,0.124999061
37,5.011735670968756e-07,7.966136093565397e-07,5.011735670968756e-07,0.2982638464535162,109.45307375817566,1.2022469,0.12513952
38,5.896298159874822e-07,9.713481506681164e-07,5.896298159874822e-07,0.31286842545194743,113.17536087558915,1.39593422,0.124956138
39,6.796672939146643e-07,1.1045807578483746e-06,6.796672939146643e-07,0.32934224618240726,111.9750754216057,1.42464924,0.125112131
38,4.410437215800066e-07,7.196589998260074e-07,4.410437215800066e-07,0.2861170990413894,121.43257427073053,0.864847958,0.124964245
38,4.504748663614139e-07,7.329736643087084e-07,4.504748663614139e-07,0.2868189367921928,120.41747492353964,0.86909467,0.124987528
40,6.677527771595183e-07,1.1429971286834517e-06,6.677527771595183e-07,0.3331951614283921,133.04083325958538,1.23265982,0.125055715
40,7.025673674230301e-07,1.1875608551404483e-06,7.025673674230301e-07,0.3381519584109832,129.3390027980459,1.17813373,0.125246495
41,7.04307067365435e-07,1.1992896848553093e-06,7.04307067365435e-07,0.3400856073926912,131.949229830219,1.27663851,0.125371426
39,5.9364707208187e-07,9.840211504350447e-07,5.9364707208187e-07,0.3184755344642688,126.42934166675643,1.06064069,0.12517269
39,4.896329349482613e-07,8.03361021707941e-07,4.896329349482613e-07,0.2950565377823436,122.34769085826291,0.91254586,0.124939956
38,5.219345112380918e-07,8.563822814263037e-07,5.219345112380918e-07,0.30476494593301084,124.01503052533945,0.949564815,0.125040233
39,6.300680006869016e-07,1.041008016053395e-06,6.300680006869016e-07,0.32398505322743715,124.72721211743855,1.05839705,0.125259325
38,6.640885000484066e-07,1.112437048513825e-06,6.640885000484066e-07,0.3312762695612099,127.19046398200199,1.13331068,0.125292823
37,3.564556941425126e-07,5.396738983840955e-07,3.564556941425126e-07,0.2273210783090207,91.16324879648582,0.744263291,0.125111178
36,3.9222086819486e-07,5.925514547643881e-07,3.9222086819486e-07,0.2384257453118494,91.09415063641384,0.795708835,0.125299826
35,3.526471469609203e-07,5.315162331885702e-07,3.526471469609203e-07,0.22634711105841607,91.11695437808632,0.742627442,0.125031799
35,3.0876583718932856e-07,4.6636953202872385e-07,3.0876583718932856e-07,0.21446826878394035,91.95981890244728,0.698565185,0.124839075
36,3.0084357891861506e-07,4.5630084738087004e-07,3.0084357891861506e-07,0.21177308962218522,92.39694755432758,0.687949121,0.124983795
36,3.368572119000773e-07,5.094679772218341e-07,3.368572119000773e-07,0.2207360706737775,91.8764043433291,0.740136027,0.12496198
34,3.5169863618936897e-07,5.330195392625562e-07,3.5169863618936897e-07,0.22556771156003644,91.55235406517404,0.764860272,0.124930725
38,4.334505551318808e-07,6.520301778762273e-07,4.334505551318808e-07,0.2512962574378222,90.87871772753087,0.819802225,0.125380456
40,4.994356859041405e-07,7.510639459242796e-07,4.994356859041405e-07,0.26660488190775833,90.79805418180145,0.878846347,0.125405282
40,6.553495628057586e-07,9.880683477608505e-07,6.553495628057586e-07,0.29775042407624763,90.67379412406251,0.999895573,0.125614896
85,0.00012641002306530878,0.00019206665513207734,0.00012641002306530878,3.341866354518395,145.3286084358048,9.8798008,0.123366013
84,0.00010167136878700066,0.00015561538895176346,0.00010167136878700066,2.829373109469973,134.30916176230434,6.28912926,0.1234295
44,2.1717001105822925e-06,3.4362505164355673e-06,2.1717001105822925e-06,0.4539411571944376,90.19455450930539,1.69309998,0.126207739
46,3.1147185139825245e-06,4.956953721694356e-06,3.1147185139825245e-06,0.5175332430726821,89.93441762760068,2.05623937,0.126307055
47,5.447235441185916e-06,8.938527847060904e-06,5.447235441185916e-06,0.6277634524722925,90.26360949739455,2.82396269,0.127190307
52,9.503127189032161e-06,1.606313148533511e-05,9.503127189032161e-06,0.7587032399879757,91.25325746640812,3.7208302,0.127794698
52,1.3640015047828355e-05,2.3246637791428534e-05,1.3640015047828355e-05,0.8703139011947542,92.64655557329485,4.29196215,0.12808533
66,8.78040237963181e-05,0.00014476642925038638,8.78040237963181e-05,2.1764253595315046,113.61240203529431,6.64496422,0.126269966
75,0.00010411977270670916,0.0001636618979362418,0.00010411977270670916,2.6485743665434422,126.35945302156637,6.38900948,0.121076778
57,4.436455569928033e-05,7.576875117731609e-05,4.436455569928033e-05,1.4670990591059068,101.03013245583222,6.24144506,0.129743889
53,1.7171807434798996e-05,2.9389199589843347e-05,1.7171807434798996e-05,0.9518819655329318,93.15152414103332,4.68440199,0.128040329
43,8.983294587912036e-07,1.3537756335345969e-06,8.983294587912036e-07,0.3380854408297314,90.4048002009213,1.05525208,0.125876069
46,1.4075619274603024e-06,2.1615092474976693e-06,1.4075619274603024e-06,0.3950960257049514,90.25928025150061,1.30364335,0.125864685
45,2.3133793455029932e-06,3.6212083695789148e-06,2.3133793455029932e-06,0.4678830938187801,89.89554481829313,1.70739698,0.126225606
42,7.293828304708748e-07,1.0952146349778102e-06,7.293828304708748e-07,0.3129139876668772,90.49824574986614,1.01435494,0.125711694
35,2.919678259167317e-07,4.4259753927991016e-07,2.919678259167317e-07,0.21864499111869287,95.0551006707821,0.677256942,0.125149533
33,3.113415629250082e-07,4.668466231704602e-07,3.113415629250082e-07,0.2295803086875047,96.01256249042736,0.688490808,0.125265986
36,2.9870812110612033e-07,4.545716308016909e-07,2.9870812110612033e-07,0.2129644158570714,93.34393504733677,0.683929026,0.125042945
37,3.231173537088797e-07,4.906345865779009e-07,3.231173537088797e-07,0.21746529416066013,92.71824142318908,0.70102483,0.125148997
37,3.0147363154471524e-07,4.5749428584266335e-07,3.0147363154471524e-07,0.21939709914607128,94.46494813664128,0.686312914,0.124983445
37,3.146050645968864e-07,4.803765494370694e-07,3.146050645968864e-07,0.22066840100545368,94.02658531180545,0.726172745,0.125120714
44,1.0736580344770492e-06,1.9047666828799762e-06,1.0736580344770492e-06,0.38957520896215964,140.61980761523245,1.54872704,0.125673622
42,1.0736893700582384e-06,1.9032237665748373e-06,1.0736893700582384e-06,0.38940620027056955,138.0891847157322,1.61323392,0.125604317
42,9.967514932732508e-07,1.7610213502565361e-06,9.967514932732508e-07,0.37778074314263516,136.4352219392924,1.55387545,0.125442281
40,8.268105081618896e-07,1.4302216934314683e-06,8.268105081618896e-07,0.3590554598017463,134.59543823488525,1.39696896,0.125265151
40,7.4540224797103e-07,1.2805750921076991e-06,7.4540224797103e-07,0.3456293057802101,132.94545131439884,1.31970525,0.125188217
65,9.900468017429761e-06,1.679524325179986e-05,9.900468017429761e-06,1.2544555399181536,181.2289092075778,2.99496365,0.129273623
89,3.46605549632296e-05,5.578559044519881e-05,3.46605549632296e-05,3.0174630792938366,238.50115580933823,9.95879078,0.117592514
53,5.323825053553911e-06,9.261344875179297e-06,5.323825053553911e-06,0.7915771612243674,162.23575521336508,2.23407745,0.129382253
62,9.232455156181188e-06,1.573543259408325e-05,9.232455156181188e-06,1.175193514101696,177.27762022619658,2.99061489,0.129274487
51,2.09763038852098e-06,3.7037442168072403e-06,2.09763038852098e-06,0.4988293804895013,146.30243658975982,1.93678641,0.126341462
51,2.7575377303976173e-06,4.86084921926389e-06,2.7575377303976173e-06,0.5653120243244938,150.1824975838298,1.97356188,0.127295941
52,4.266040888942379e-06,7.4267779566811744e-06,4.266040888942379e-06,0.6942851240002276,155.3267011217323,1.98337996,0.127383962
61,7.348225563263597e-06,1.2612498016042443e-05,7.348225563263597e-06,0.9711437733923777,168.06646805661723,2.65504265,0.128615454
44,1.4464991651791293e-06,2.5603380164413043e-06,1.4464991651791293e-06,0.4357216440458395,142.26952826011436,1.82216322,0.12589559
49,1.8842841046697227e-06,3.3218023607146665e-06,1.8842841046697227e-06,0.4782547468258407,143.52994859782623,1.90938354,0.126310095
38,4.539212393846389e-07,7.058948736303536e-07,4.539212393846389e-07,0.2868264311507395,106.09371887480519,1.18035877,0.125167981
38,4.660544304733141e-07,7.207436676006727e-07,4.660544304733141e-07,0.28615370613428454,104.64017710031754,1.04487157,0.125064701
38,5.372260240945479e-07,8.395370824262562e-07,5.372260240945479e-07,0.3025255380673473,105.69330927933436,1.20973694,0.125268534
38,4.738178334522957e-07,7.364529774396962e-07,4.738178334522957e-07,0.29212756517542593,107.20105311225993,1.22670984,0.124963351
37,5.910060023336968e-07,9.373976400258534e-07,5.910060023336968e-07,0.3160534575178772,109.19361864564944,1.30734169,0.125003844
36,4.112305257954573e-07,6.244023577470373e-07,4.112305257954573e-07,0.27362401834811967,103.04473349930589,0.946375787,0.125378996
37,3.716711758914316e-07,5.59208054591423e-07,3.716711758914316e-07,0.2630223914649581,101.88627659277705,0.913503051,0.125495762
37,3.7418778779545225e-07,5.621916715739721e-07,3.7418778779545225e-07,0.26113762004239527,100.967798333857,0.890598953,0.125253171
36,3.5527604166241346e-07,5.333196789039656e-07,3.5527604166241346e-07,0.25403443112271906,100.00122522735566,0.821672261,0.124963559
36,3.502183265930009e-07,5.270091844407652e-07,3.502183265930009e-07,0.2510492033616036,99.32241653337262,0.809435546,0.125013545
36,3.382491303984806e-07,5.119156431525541e-07,3.382491303984806e-07,0.24144122265661802,98.09872375122346,0.748929441,0.125070393
34,3.2239964681923715e-07,4.831904367385973e-07,3.2239964681923715e-07,0.2365456793275215,97.30220682399782,0.691686332,0.12531741
37,5.336169215977041e-07,8.667218650005665e-07,5.336169215977041e-07,0.3038699938800067,115.22696430272069,1.14819956,0.125114605
38,5.019346635309173e-07,8.153967535891783e-07,5.019346635309173e-07,0.2964415327715657,118.60059636720358,0.98483789,0.12508963
39,4.920898914639253e-07,7.984354728089678e-07,4.920898914639253e-07,0.2958806777036872,120.25738589073816,0.891564965,0.125266314
37,5.496780229138844e-07,8.832195170153986e-07,5.496780229138844e-07,0.3085125077361916,116.97498437767581,1.07556236,0.124765813
40,6.73857267657619e-07,1.07455917091961e-06,6.73857267657619e-07,0.3301927368568804,111.1852794183206,1.36251652,0.125052303
38,6.631022761569231e-07,1.0796507445175495e-06,6.631022761569231e-07,0.32683931653494375,113.93682031355281,1.47191882,0.125285789
39,8.594434767085339e-07,1.4410049565475221e-06,8.594434767085339e-07,0.35095240093422675,113.4866000763825,1.59122407,0.125235587
42,9.4880209056378e-07,1.5266292501019933e-06,9.4880209056378e-07,0.3707763146008119,112.84716971020904,1.58178711,0.125322163
39,5.238351502026111e-07,8.538750726527805e-07,5.238351502026111e-07,0.30212996446585116,121.40074072813289,0.941429079,0.125166908
40,7.485261896852241e-07,1.264686880946598e-06,7.485261896852241e-07,0.34553405266136394,128.95674927845508,1.22896147,0.125350073
42,8.398946413054309e-07,1.4441435556392018e-06,8.398946413054309e-07,0.35833652477458006,132.32372136162448,1.38408828,0.125507578
42,8.576001829917603e-07,1.4714055048146001e-06,8.576001829917603e-07,0.359133933944119,130.26165745822703,1.35717273,0.125515267
40,5.919284773608066e-07,9.731727902316896e-07,5.919284773608066e-07,0.31580844250689555,123.30985832921577,1.00322819,0.125285238
38,7.304415346301793e-07,1.2265692637296274e-06,7.304415346301793e-07,0.34089742185708727,126.2734180558075,1.15364385,0.125337467
38,7.941089077649479e-07,1.3358543322756604e-06,7.941089077649479e-07,0.34634706685728567,124.60467092800589,1.18245697,0.125628665
35,3.9501528799237655e-07,5.938519965103656e-07,3.9501528799237655e-07,0.23966843124929504,90.99535434194489,0.775706232,0.125191092
37,4.319876896737278e-07,6.541054410324559e-07,4.319876896737278e-07,0.24817999222109374,91.11664160746712,0.830408454,0.125310421
35,3.8046687048890413e-07,5.773042995212209e-07,3.8046687048890413e-07,0.2341555764222958,91.4247388322557,0.79176718,0.125154212
36,3.3864530470628767e-07,5.129509310772476e-07,3.3864530470628767e-07,0.22299443531587052,92.09470646008712,0.720062137,0.124887615
36,3.311533031997133e-07,5.030639342579778e-07,3.311533031997133e-07,0.22193714902638487,92.52256867833255,0.740385234,0.125050902
36,3.5500815465054166e-07,5.412289488584482e-07,3.5500815465054166e-07,0.22756350869140843,92.18088201648558,0.769242942,0.125053778
35,3.7804864542597444e-07,5.740554721400359e-07,3.7804864542597444e-07,0.23394078207734484,91.9004954345069,0.80019784,0.125212789
36,3.940132576924542e-07,5.958897570093645e-07,3.940132576924542e-07,0.2395659189951705,91.4900936893323,0.796399474,0.125286758
37,5.116226937760287e-07,7.675996205810551e-07,5.116226937760287e-07,0.2689675561194044,90.62736903101651,0.880809605,0.125479057
40,5.714937858318083e-07,8.608731006555179e-07,5.714937858318083e-07,0.28171034035059683,90.70169423401434,0.913876534,0.125524655
43,8.022776733422835e-07,1.210650812679352e-06,8.022776733422835e-07,0.3223003551097323,90.44873541965943,1.03240108,0.125460327
47,3.2767460380468407e-06,5.186111233008216e-06,3.2767460380468407e-06,0.5272278509184686,89.67571707940519,2.09639311,0.126463175
48,6.381052177314117e-06,1.0594224512031306e-05,6.381052177314117e-06,0.6625090220585904,90.16320483475432,3.0641892,0.127035171
54,9.251173788231683e-06,1.5651427137998196e-05,9.251173788231683e-06,0.7520698482858859,91.19009183468422,3.6674757,0.127381966
54,1.789440335534941e-05,3.096308957364481e-05,1.789440335534941e-05,0.9573394049933989,93.18422256606371,4.8426671,0.127675623
77,0.00012377213346674576,0.00019728809154437963,0.00012377213346674576,2.8055293593771093,123.26215995502177,6.98287439,0.123555236
58,4.268567311640261e-05,7.3260173358791e-05,4.268567311640261e-05,1.406139193864933,98.6588120851284,6.26175308,0.129225209
85,0.00018929612920743667,0.00029139840299872164,0.00018929612920743667,3.569608220728612,129.86691360293875,7.79015827,0.124625817
46,1.337112493472934e-06,2.0522930798175734e-06,1.337112493472934e-06,0.3864940975784635,90.25237870206826,1.2624321,0.125825286
45,1.8573287414416226e-06,2.870547058865102e-06,1.8573287414416226e-06,0.4350336147714639,89.75888972717486,1.48648822,0.125960663
46,2.688498043959154e-06,4.218914726032867e-06,2.688498043959154e-06,0.4938791037910477,89.61287971061154,1.87036037,0.126485303
48,2.735610159897567e-06,4.261270613550271e-06,2.735610159897567e-06,0.5000053348752869,89.40459310526069,1.83123004,0.126340464
44,1.21083506624964e-06,1.850514565247414e-06,1.21083506624964e-06,0.37430014564616393,90.12626635292058,1.19112134,0.125848621
37,3.0911258018459064e-07,4.698156767869655e-07,3.0911258018459064e-07,0.22590832173488787,95.87973090663522,0.703858793,0.125255316
37,3.179636576491757e-07,4.83734060809914e-07,3.179636576491757e-07,0.22609029410213377,95.10415043198417,0.724730253,0.124910131
36,3.2349532910355417e-07,4.919883938195513e-07,3.2349532910355417e-07,0.2318749504882117,96.41807160428957,0.731835008,0.125271231
37,3.239221552991219e-07,4.962030088046959e-07,3.239221552991219e-07,0.22052229948584468,93.48703366305307,0.735526443,0.125067055
36,3.3520575239891143e-07,5.124390715665026e-07,3.3520575239891143e-07,0.22370258510838098,93.00009905469682,0.751195967,0.125118911
36,3.190849641897269e-07,4.861482131942903e-07,3.190849641897269e-07,0.22509440523035618,94.55108166964985,0.734387219,0.125066638
37,3.458364134473453e-07,5.28358929043964e-07,3.458364134473453e-07,0.23078294913127273,94.11359488568777,0.74922049,0.125236079
44,1.270422520820037e-06,2.2378540435369444e-06,1.270422520820037e-06,0.41311567821444556,140.42509462318841,1.57623303,0.125801757
46,1.3238563125313612e-06,2.3523027598483605e-06,1.3238563125313612e-06,0.41591490288996713,139.44360848603435,1.72521818,0.12579143
45,1.2318060908438556e-06,2.1686325974392034e-06,1.2318060908438556e-06,0.40694123975028484,137.3072463576263,1.63611114,0.1257139
41,1.0712382989460407e-06,1.880284237260179e-06,1.0712382989460407e-06,0.38693254457313725,134.87934278078276,1.567801,0.125597447
43,9.360419470283032e-07,1.6226642158981692e-06,9.360419470283032e-07,0.37148084392434105,133.65081259609173,1.4603461,0.125491306
85,2.7475733093753207e-05,4.3842868429822863e-05,2.7475733093753207e-05,2.538159027263876,220.52217086604884,7.55802059,0.123064645
50,2.44766802126528e-06,4.307079754532027e-06,2.44766802126528e-06,0.5348483361949069,146.8891892358486,1.9871316,0.126652837
53,3.937652544899162e-06,6.842399348762715e-06,3.937652544899162e-06,0.6706430352998373,152.5673583889749,2.08906746,0.128559545
56,6.159813047523619e-06,1.0564898487032441e-05,6.159813047523619e-06,0.8738776482501288,162.49517834113163,2.34730196,0.12806882
61,8.482725216539115e-06,1.4449307089488714e-05,8.482725216539115e-06,1.0793237822992148,171.44262072018634,2.76749611,0.13049686
79,2.2290017809071023e-05,3.48252642418015e-05,2.2290017809071023e-05,2.2738274101317515,210.31974993720814,4.55744267,0.125584915
51,1.9969328826203474e-06,3.48161551591558e-06,1.9969328826203474e-06,0.49067350279701955,141.92005284830836,1.85878801,0.126533926
51,2.570743444320734e-06,4.479346604884233e-06,2.570743444320734e-06,0.5457266150420499,144.95479098319655,1.93770635,0.127082601
40,6.346507734670605e-07,1.00314856730031e-06,6.346507734670605e-07,0.32153719854111357,107.97473041527836,1.38989723,0.124984071
39,5.032650575132334e-07,7.670881084787057e-07,5.032650575132334e-07,0.2963604434831396,104.76813067587831,1.12166011,0.125259876
39,6.683723820945172e-07,1.0387524104847507e-06,6.683723820945172e-07,0.32742081874474505,106.71476772473152,1.32337379,0.125378489
39,8.019427913092179e-07,1.263584349841183e-06,8.019427913092179e-07,0.3518761626837344,110.55137397144829,1.40445328,0.125084832
38,4.438380208280163e-07,6.699216506436431e-07,4.438380208280163e-07,0.28066112062195747,102.91990308844322,0.921100497,0.125397995
38,4.4633468516921945e-07,6.727548637215989e-07,4.4633468516921945e-07,0.27969543383093354,101.938418753413,0.930973113,0.125252828
36,4.1640389990093363e-07,6.278513049307404e-07,4.1640389990093363e-07,0.2700887299767937,100.57653176225169,0.905297101,0.125222549
37,3.6756440698115684e-07,5.544332740184002e-07,3.6756440698115684e-07,0.2545377871913505,99.4130453921192,0.785567701,0.125118181
36,3.3820924844658354e-07,5.134949418975862e-07,3.3820924844658354e-07,0.24054879511346036,97.3849330977158,0.752363741,0.125033915
38,3.868592341907335e-07,5.833077702750283e-07,3.868592341907335e-07,0.25643923584493006,98.24285388863072,0.767936289,0.125073448
37,6.507523076066935e-07,1.0420553651367976e-06,6.507523076066935e-07,0.32752822488084804,115.57922328944751,1.3439641,0.125207439
38,5.211741068799193e-07,8.378342709871259e-07,5.211741068799193e-07,0.30195060915834687,118.62519558443091,0.888998508,0.125025675
40,5.454277942942889e-07,8.842102829644421e-07,5.454277942942889e-07,0.3070259346759376,120.04286011737919,0.923442245,0.125249639
37,6.551303265093319e-07,1.0724596106652996e-06,6.551303265093319e-07,0.32392974702646066,116.5183892813162,1.26922297,0.125143111
37,5.985270177525026e-07,9.573399109010447e-07,5.985270177525026e-07,0.31755793124830417,117.78343185059069,0.977559507,0.125216499
41,8.907430901804677e-07,1.470199354743989e-06,8.907430901804677e-07,0.35839148771994667,114.72637339148612,1.78070736,0.125253662
43,1.338098770327961e-06,2.167570823341139e-06,1.338098770327961e-06,0.4154013851686502,112.47092196283728,1.71139264,0.125524133
43,1.3651062537362285e-06,2.215913331569365e-06,1.3651062537362285e-06,0.4197897533094892,114.05088239209387,1.86552203,0.12542665
39,6.340783123442285e-07,1.038686817403637e-06,6.340783123442285e-07,0.323741473849787,122.51298158873942,1.02591252,0.125445575
42,8.734211716445773e-07,1.4827707274290855e-06,8.734211716445773e-07,0.3627422750215346,128.1726871459049,1.32543409,0.12557061
43,9.230914527343443e-07,1.5966351933645462e-06,9.230914527343443e-07,0.36865796984523086,131.99828300226872,1.43885064,0.125641674
42,9.19474431763714e-07,1.5741816211634153e-06,9.19474431763714e-07,0.36928619128086193,129.8657909766778,1.41809833,0.125557616
39,8.653591496035942e-07,1.4566928528883687e-06,8.653591496035942e-07,0.3600955981241204,126.62204698182525,1.27802372,0.125627756
40,8.104146299857375e-07,1.3614996676621104e-06,8.104146299857375e-07,0.34894610862260966,123.95280689583657,1.18263721,0.125592068
39,9.56269370421503e-07,1.6204636621923649e-06,9.56269370421503e-07,0.371894029207141,125.92692484259618,1.33383167,0.125574529
41,1.0813835260251275e-06,1.8324051155291957e-06,1.0813835260251275e-06,0.3857076840578929,124.27633005507283,1.3550142,0.125564784
38,4.5658276832757486e-07,6.876751482926892e-07,4.5658276832757486e-07,0.25538481796134993,91.1051963617983,0.864257693,0.125305429
35,4.1914942485457304e-07,6.331692664250114e-07,4.1914942485457304e-07,0.24668793992143895,91.12404619885659,0.824810863,0.12525408
39,5.117229281469792e-07,7.733291180153817e-07,5.117229281469792e-07,0.2672018496582785,90.97058167568146,0.907287419,0.125504166
38,3.705187400519461e-07,5.653449983365893e-07,3.705187400519461e-07,0.23359955620561537,92.64333681648783,0.802114844,0.125102714
38,3.632687083967872e-07,5.54147694746002e-07,3.632687083967872e-07,0.2325987104171176,93.02918943360226,0.794865012,0.125175506
36,3.8575940171604865e-07,5.882912407260027e-07,3.8575940171604865e-07,0.2369240497717019,91.96740938915205,0.823082805,0.125258312
37,4.386810333719187e-07,6.606752213798335e-07,4.386810333719187e-07,0.25304174290414183,91.39795459868272,0.824085653,0.125465289
38,4.5401336690095317e-07,6.897980853737636e-07,4.5401336690095317e-07,0.2527723565093297,91.59865900150609,0.833212435,0.125379622
40,6.354553601200594e-07,9.642794283692532e-07,6.354553601200594e-07,0.29197848701123497,90.62147179240837,0.960371315,0.125716045
42,1.1591893167171996e-06,1.7630969469947689e-06,1.1591893167171996e-06,0.3685270702129223,90.01021283783405,1.15124738,0.125864118
48,4.527719320798117e-06,7.263026506701328e-06,4.527719320798117e-06,0.589897694223073,89.55308105013418,2.45445633,0.127188712
50,8.109572288689616e-06,1.3533770901513172e-05,8.109572288689616e-06,0.7246033725715165,90.54665114911401,3.38794065,0.126736909
53,1.847532942106107e-05,3.1883050481729765e-05,1.847532942106107e-05,0.9714259746090638,92.76450856039757,4.83050966,0.127164006
53,2.4368125209213116e-05,4.220940112788154e-05,2.4368125209213116e-05,1.0849465970856917,94.32541762426833,5.35929251,0.128597438
61,6.581459071329312e-05,0.0001130595586755588,6.581459071329312e-05,1.704395538377887,101.9298861442325,7.07180262,0.12759091
89,0.0002569546717534508,0.00037725367279991547,0.0002569546717534508,4.643808255078245,144.67964399954278,8.21151066,0.121514089
95,0.0003070001188033598,0.0004506163944485207,0.0003070001188033598,4.80860737129089,140.60051214179236,8.58054829,0.122571386
45,1.7322709699204592e-06,2.6679249869314937e-06,1.7322709699204592e-06,0.42566679981290156,89.81471202744106,1.4075135,0.125952169
49,3.985724521397418e-06,6.3145987017027145e-06,3.985724521397418e-06,0.5661383302711421,89.13475479658388,2.27882242,0.126744002
50,4.616254935412586e-06,7.424328780149448e-06,4.616254935412586e-06,0.5948142639134938,89.35368024779093,2.57057333,0.127430409
47,2.5341215532620302e-06,3.929222710615764e-06,2.5341215532620302e-06,0.48526703454065023,89.20831672428969,1.75875401,0.126318559
38,3.366253758081212e-07,5.112291504616458e-07,3.366253758081212e-07,0.23400896197229826,95.79488693790292,0.745334387,0.125083491
38,3.393180156389652e-07,5.196689221536406e-07,3.393180156389652e-07,0.23162967302389115,95.2159825417505,0.761709273,0.124963954
37,3.649005029200443e-07,5.517012929201038e-07,3.649005029200443e-07,0.24589867816379699,96.90713391807093,0.763448834,0.125064522
36,3.556365685712079e-07,5.441944820642344e-07,3.556365685712079e-07,0.23084587367501705,93.42020989802184,0.782669485,0.125215262
40,3.675887250303079e-07,5.619479768261584e-07,3.675887250303079e-07,0.2383767347330525,94.72837414416591,0.792583525,0.12537013
37,3.718041086885332e-07,5.690491733798077e-07,3.718041086885332e-07,0.2373203232211261,93.85634353457979,0.807977915,0.125304624
48,1.7696971193846002e-06,3.100381626697262e-06,1.7696971193846002e-06,0.4661351776213143,139.5040773201341,1.73637128,0.126130417
49,1.3987993910729986e-06,2.4579725540107376e-06,1.3987993910729986e-06,0.4226458411206352,137.54844555318215,1.67839825,0.125877038
43,1.3155522846790996e-06,2.2941181918842997e-06,1.3155522846790996e-06,0.4139208237157358,135.26780023057307,1.6582396,0.125947416
43,1.2547928846874503e-06,2.1885630147475167e-06,1.2547928846874503e-06,0.40715547890105397,133.54898509357673,1.64167702,0.125864163
54,4.229732161292405e-06,7.300514253065084e-06,4.229732161292405e-06,0.6915263256044197,151.39003908350395,2.05977511,0.128749833
59,7.101816247693997e-06,1.20126632201904e-05,7.101816247693997e-06,0.9358983542836286,161.13092212714997,2.66422677,0.129950687
66,1.5676182928262724e-05,2.5870216164501292e-05,1.5676182928262724e-05,1.6007038811895242,185.6032434199359,3.23798513,0.128878444
80,3.304030230733294e-05,5.4611711534859464e-05,3.304030230733294e-05,2.718819435969135,223.75202885219906,7.98809004,0.122587912
51,2.9276139994686428e-06,5.074241699206714e-06,2.9276139994686428e-06,0.5750091599132857,144.06630606824422,1.97104394,0.12736547
51,2.3807066311497583e-06,4.123039058537251e-06,2.3807066311497583e-06,0.526584773284139,141.39606422197602,1.89011264,0.126632884
52,3.7853292403383725e-06,6.52934348510832e-06,3.7853292403383725e-06,0.6603747658085805,148.5602473020191,2.11474967,0.128523424
40,8.412303452627738e-07,1.3586985581782952e-06,8.412303452627738e-07,0.34997698461620774,109.71143608937948,1.50103068,0.125056297
38,7.905031153852327e-07,1.2617351486668118e-06,7.905031153852327e-07,0.34528774891585773,107.91913028835565,1.44389808,0.125177488
38,6.142031296880182e-07,9.472334991082457e-07,6.142031296880182e-07,0.31576296814928073,104.9460896852108,1.20672822,0.125421494
41,9.440377258476547e-07,1.505443972373419e-06,9.440377258476547e-07,0.3620250495743581,107.58972450412715,1.47706771,0.125513032
37,5.607637345728309e-07,8.507227706419907e-07,5.607637345728309e-07,0.30566018359936725,103.77891075494084,0.961909354,0.125393927
38,5.000912919559642e-07,7.546631686587388e-07,5.000912919559642e-07,0.2912337089726412,101.83177486560207,1.00124145,0.125374809
38,5.872460524335058e-07,8.923123217696794e-07,5.872460524335058e-07,0.30979410225591547,103.47236587054283,1.05224085,0.125402108
35,4.565654374150937e-07,6.86221417405723e-07,4.565654374150937e-07,0.28112446613470626,100.72946900384464,0.90132159,0.125263482
38,3.976262797135612e-07,6.002824606711718e-07,3.976262797135612e-07,0.26252003703648524,99.50243453259546,0.836978018,0.125261799
39,4.6069970479228796e-07,6.944301293914976e-07,4.6069970479228796e-07,0.27581058321179874,98.92861038255997,0.887289464,0.125337645
39,4.112396243461476e-07,6.237368794663429e-07,4.112396243461476e-07,0.2597299754298854,97.65038332915314,0.856366634,0.125077635
38,6.443281627886863e-07,1.040876425359614e-06,6.443281627886863e-07,0.3254694581097149,119.40805270198459,1.00685453,0.125307724
39,6.422611154196012e-07,1.0495765143524053e-06,6.422611154196012e-07,0.32571076633925233,121.37175054504853,1.04460788,0.125274599
39,6.933363176316589e-07,1.1021990242518693e-06,6.933363176316589e-07,0.33443100487870914,116.33270694263241,1.14635038,0.125585631
40,8.695928738855689e-07,1.4142149334188716e-06,8.695928738855689e-07,0.358285741759168,115.36668032499627,1.53955221,0.125376642
39,6.760170592499025e-07,1.087660592127415e-06,6.760170592499025e-07,0.3286757148083807,117.50036627553783,1.01637876,0.125373095
40,1.0101626260893887e-06,1.6208202901012172e-06,1.0101626260893887e-06,0.38002958176508606,114.96775821037414,1.60664785,0.12528199
43,1.7396144827667711e-06,2.8368902762369534e-06,1.7396144827667711e-06,0.45431942220494764,112.49284045198893,1.86260545,0.125332206
42,2.2324947883023115e-06,3.668896712878895e-06,2.2324947883023115e-06,0.4932593868988666,114.03835914216833,1.94075048,0.125498191
41,1.4756234950374656e-06,2.3733778485109783e-06,1.4756234950374656e-06,0.4338446937028349,114.66893327364534,1.53813994,0.125403568
39,7.887746998376729e-07,1.3078671717004054e-06,7.887746998376729e-07,0.34663036330742514,122.47012885782843,1.13921034,0.125422925
42,1.0027518905898472e-06,1.7141792891655665e-06,1.0027518905898472e-06,0.3793420943526358,128.45215588346628,1.4402895,0.125628948
44,9.953347878274035e-07,1.7015898140491356e-06,9.953347878274035e-07,0.3767410401573616,127.43318892083889,1.40250921,0.12570025
41,1.1119587478193863e-06,1.9095980490442354e-06,1.1119587478193863e-06,0.3949446391257634,131.049222941438,1.54711556,0.12580274
39,9.995828348903563e-07,1.6869191327554054e-06,9.995828348903563e-07,0.3739244190867892,123.22247483295949,1.28868842,0.125605613
41,1.1080442313827632e-06,1.8756569727336314e-06,1.1080442313827632e-06,0.3918993952528127,125.93776534632323,1.45816076,0.125576317
41,1.2311240256516036e-06,2.0935549034536596e-06,1.2311240256516036e-06,0.4024922638520705,124.16109193453461,1.45329595,0.125803247
39,4.909911395806153e-07,7.40997331107284e-07,4.909911395806153e-07,0.2629511011855598,91.29902890864714,0.855822563,0.125633031
41,5.483830722700021e-07,8.332013934536039e-07,5.483830722700021e-07,0.27391455867230013,91.07032778709137,0.918087602,0.125664204
42,6.620931407069882e-07,1.0005816498465025e-06,6.620931407069882e-07,0.2993534064206691,90.70216532806374,0.970968246,0.12574181
38,4.1477122356142936e-07,6.295978258927897e-07,4.1477122356142936e-07,0.24625013549767075,92.39366038948079,0.832391441,0.125399604
37,4.2339614711825754e-07,6.443804914367832e-07,4.2339614711825754e-07,0.24921194905822355,92.93513841212815,0.85128057,0.125337273
39,4.5815757150416835e-07,6.909068961975933e-07,4.5815757150416835e-07,0.2571303827155065,92.15481698941231,0.834618449,0.125580892
40,4.97887702269305e-07,7.554150798517404e-07,4.97887702269305e-07,0.26451478071412243,91.62652805396785,0.897796571,0.125499889
38,5.285397750542134e-07,7.980699655455604e-07,5.285397750542134e-07,0.273378528772829,91.51841116604669,0.9196226,0.12558119
39,5.249108085096136e-07,7.96703890686687e-07,5.249108085096136e-07,0.2693672936142182,91.19923791669417,0.915397525,0.125682786
44,1.0309642974205126e-06,1.5612127807931866e-06,1.0309642974205126e-06,0.35401700399203667,90.3794149738352,1.13943493,0.12599732
46,1.760645207698107e-06,2.7074518281031014e-06,1.760645207698107e-06,0.42662090519131746,89.72479921767365,1.40038776,0.126331806
52,7.8647867803843e-06,1.3031662420464292e-05,7.8647867803843e-06,0.7159907828761224,89.96338399895147,3.29584146,0.126919314
55,3.204669579107147e-05,5.557356851168358e-05,3.204669579107147e-05,1.213317981868247,95.45747700620728,5.78784275,0.127326712
56,1.590138360777131e-05,2.7187519302051816e-05,1.590138360777131e-05,0.9269381397457945,91.96713599302178,4.48407793,0.125891998
70,0.000116495134670829,0.00019423398946836915,0.000116495134670829,2.314354035501329,108.99847111729879,7.87189436,0.126451567
86,0.0002960558423840521,0.0004428706381563902,0.0002960558423840521,4.4619572147563655,133.32778068279654,8.57401276,0.120997578
47,2.0015478485493146e-06,3.0938105226857216e-06,2.0015478485493146e-06,0.4456050186053075,89.4078815907659,1.52011669,0.126273036
49,4.526582398540322e-06,7.211901640241067e-06,4.526582398540322e-06,0.591592376496233,89.1016772514962,2.46586633,0.126951158
51,8.679618049510433e-06,1.4421215539958494e-05,8.679618049510433e-06,0.7448839721082302,90.1896105057888,3.51314712,0.126776651
48,2.749425405614178e-06,4.27085996536545e-06,2.749425405614178e-06,0.5011411606805828,89.02216985222258,1.79247952,0.126635343
39,3.7354418267771723e-07,5.683904123981361e-07,3.7354418267771723e-07,0.2465270504924723,96.7217646661974,0.803375423,0.125330731
38,3.790349207892361e-07,5.755441188730553e-07,3.790349207892361e-07,0.24690477827217647,95.98471194932233,0.794200182,0.1252992
39,3.8164918524952785e-07,5.830715519259811e-07,3.8164918524952785e-07,0.24408265302740823,95.37972571553088,0.804685295,0.125218347
40,4.1986826677758167e-07,6.419076433665233e-07,4.1986826677758167e-07,0.2502825536388196,93.57923355786464,0.864559531,0.125448614
40,4.2476078302050755e-07,6.501657408330574e-07,4.2476078302050755e-07,0.25367060160622307,94.63572047898272,0.881363571,0.125466481
40,4.2108842218204613e-07,6.43502115675102e-07,4.2108842218204613e-07,0.2529284133648194,93.97677546942957,0.894674182,0.125452101
49,1.8903224999171227e-06,3.290829840980955e-06,1.8903224999171227e-06,0.4774402375810118,139.13212882884196,1.79873109,0.126283541
47,1.7147437109784205e-06,2.9822639537089422e-06,1.7147437109784205e-06,0.4603968373989767,136.9815161019058,1.76088846,0.126099601
46,1.6012972067702372e-06,2.7845206810481044e-06,1.6012972067702372e-06,0.4430591289046296,134.98128865064226,1.71449339,0.126027822
42,1.4074077892339402e-06,2.443274020770568e-06,1.4074077892339402e-06,0.42266956607893286,131.77236873031075,1.67547631,0.126008049
43,1.5319747335199226e-06,2.6571478194709786e-06,1.5319747335199226e-06,0.4369114940033538,133.47920119727286,1.70583689,0.126008123
55,5.50965310825178e-06,9.375166055176863e-06,5.50965310825178e-06,0.8126009690178153,155.77246054137484,2.26742935,0.130130991
67,1.6108006247754703e-05,2.6152770975427034e-05,1.6108006247754703e-05,1.7046775551802027,188.14625147483792,3.33961415,0.125824213
61,8.506324482819342e-06,1.4364867761770606e-05,8.506324482819342e-06,1.0008888366080446,160.54734228162584,2.62882447,0.129058704
53,4.221347181534149e-06,7.217856374482062e-06,4.221347181534149e-06,0.6814506923624042,146.5739940014243,2.07302976,0.128115401
52,2.875224336812404e-06,4.964143112740577e-06,2.875224336812404e-06,0.5662628503471168,141.1680033514903,1.95429826,0.126846015
54,4.99249183359208e-06,8.524176599317337e-06,4.99249183359208e-06,0.7261697140881234,145.7979992309202,2.27516723,0.126929581
57,8.265711377924e-06,1.3950542564684075e-05,8.265711377924e-06,0.9848723313696603,157.84638644138684,2.57290983,0.12895979
41,1.2526890997364317e-06,2.0777073974513848e-06,1.2526890997364317e-06,0.3974696556264037,110.67999425185606,1.72624862,0.125352055
41,1.998541002833072e-06,3.2649199432903768e-06,1.998541002833072e-06,0.4701551260569838,110.41229488988849,1.86674905,0.125518009
37,8.045019683263832e-07,1.2543502531113063e-06,8.045019683263832e-07,0.345432156952813,105.71789151195132,1.36367798,0.125373915
40,1.1874534696267785e-06,1.8901978637864526e-06,1.1874534696267785e-06,0.395789231938603,107.99217107349956,1.72793436,0.125629708
38,8.353349238902753e-07,1.3054254056487275e-06,8.353349238902753e-07,0.34841642796394795,105.43853044705362,1.41060853,0.125389263
35,6.035707104210868e-07,9.105595413306017e-07,6.035707104210868e-07,0.31234969297031534,101.84535750299823,0.976244926,0.125353783
37,7.523494460384599e-07,1.1597349023987497e-06,7.523494460384599e-07,0.3361175287634366,103.57412714628238,1.19679189,0.125457078
36,4.846287289691674e-07,7.296460572712268e-07,4.846287289691674e-07,0.28606556866493554,100.27523315171511,0.950546622,0.125248611
39,4.932337691719655e-07,7.417585166672914e-07,4.932337691719655e-07,0.28418658120455453,98.70256038193547,0.900850713,0.125602245
38,5.713208843465814e-07,8.621163741281224e-07,5.713208843465814e-07,0.3025736765972652,100.089173791706,0.986810148,0.125528246
40,4.2292830180145884e-07,6.400667109740065e-07,4.2292830180145884e-07,0.26298959767334334,97.66493985960749,0.808980525,0.125091165
39,6.946609208061689e-07,1.1320797939982273e-06,6.946609208061689e-07,0.33173995757020835,119.74428330093296,1.06035638,0.125471637
37,7.620292320077908e-07,1.214619215696913e-06,7.620292320077908e-07,0.3438494235017329,116.14587102106556,1.10104144,0.12552011
40,9.067398597853141e-07,1.4425235473027663e-06,9.067398597853141e-07,0.3666675499240169,115.51656894896664,1.26073003,0.125672713
39,7.834641507163842e-07,1.2826208137802199e-06,7.834641507163842e-07,0.34354571085293784,118.78095003028744,1.11364293,0.125515938
40,8.364125152751285e-07,1.3636172574376987e-06,8.364125152751285e-07,0.34989075732601643,117.41372119825826,1.09303641,0.125482351
44,3.249781283410333e-06,5.437888149180033e-06,3.249781283410333e-06,0.5587190529916592,113.49538950003226,2.30263567,0.125257984
42,2.5760526555051066e-06,4.240716610936778e-06,2.5760526555051066e-06,0.5200321119748704,114.15892328522736,1.82415831,0.125507101
40,1.1317829810636944e-06,1.8026133778690677e-06,1.1317829810636944e-06,0.39393431513219024,114.78955633412177,1.25921142,0.125563845
41,1.6725764611076117e-06,2.678389100940492e-06,1.6725764611076117e-06,0.45243581180908093,113.69413434860715,1.45343232,0.125536859
41,9.665237379453908e-07,1.6249359029109684e-06,9.665237379453908e-07,0.3686637445784941,121.89333032776945,1.25517011,0.125543073
39,9.283212342289237e-07,1.5392023134869023e-06,9.283212342289237e-07,0.36470189925705315,120.62083473884105,1.14131618,0.125611082
43,1.1961841466084009e-06,2.054080263837732e-06,1.1961841466084009e-06,0.40047077792318503,129.4222494790823,1.57847703,0.125813976
44,1.2618616306282582e-06,2.161483213208751e-06,1.2618616306282582e-06,0.40567331527478573,127.35054506168353,1.56016409,0.125773877
43,1.3238630005293066e-06,2.2554490070300756e-06,1.3238630005293066e-06,0.407576453415792,122.7418635838987,1.42412984,0.125803873
41,1.3832814288855646e-06,2.3474497552167404e-06,1.3832814288855646e-06,0.4211300603877241,126.10944116746455,1.56933475,0.125981838
45,1.4682377181306743e-06,2.4945764121248766e-06,1.4682377181306743e-06,0.4254207951072827,123.53406834351166,1.54348004,0.125641018
47,1.506511056260874e-06,2.5650592247191108e-06,1.506511056260874e-06,0.4289586675987104,125.32175790000078,1.57349288,0.125997037
44,1.7627151811122109e-06,2.974912627753949e-06,1.7627151811122109e-06,0.4559691297692514,123.83335642030441,1.60595095,0.126009777
42,8.435737213301055e-07,1.2693907911585225e-06,8.435737213301055e-07,0.32826680204323144,90.41854551181636,1.04880226,0.125926346
40,6.474167063962349e-07,9.807014100007964e-07,6.474167063962349e-07,0.294133809159409,90.7502334327419,1.00167823,0.125840992
41,4.7446671890113135e-07,7.253008061005617e-07,4.7446671890113135e-07,0.2601099868849416,92.81395274816424,0.901408732,0.125581071
40,4.690068935503887e-07,7.120725717523133e-07,4.690068935503887e-07,0.2629336584705538,93.19853295851388,0.913209438,0.125492007
39,5.278960918618685e-07,7.999527271293252e-07,5.278960918618685e-07,0.2740188142126018,92.22502608058457,0.923720717,0.12569797
40,5.772176442377073e-07,8.779215613653633e-07,5.772176442377073e-07,0.28160502897223394,91.81053433472539,0.949875653,0.125521615
39,6.469124160096934e-07,9.803032875848529e-07,6.469124160096934e-07,0.2947499513689659,91.02776902207339,0.992166698,0.125764266
40,6.530994843229927e-07,9.902792177845608e-07,6.530994843229927e-07,0.2966714482639206,91.32783114834096,0.991415858,0.125698507
45,1.2820078389749428e-06,1.9463348688100957e-06,1.2820078389749428e-06,0.38367655205343176,90.20782648437743,1.18774426,0.12614809
45,1.6983690236911656e-06,2.5938818849659028e-06,1.6983690236911656e-06,0.42322610587863657,89.62471113485786,1.34227228,0.126317963
48,2.4968153660364288e-06,3.875903161588445e-06,2.4968153660364288e-06,0.4823484247705998,89.17302770949702,1.72083569,0.126527131
59,4.8765376326853535e-05,8.430567351902766e-05,4.8765376326853535e-05,1.4561857641752844,97.81397841654817,6.56540871,0.126432389
56,3.076771431863871e-05,5.301917757471421e-05,3.076771431863871e-05,1.2100019118539977,95.0838924802398,5.60300589,0.126200542
87,0.00029049490772827127,0.00044006726899759046,0.00029049490772827127,4.3551107855765645,132.4359017043003,9.82214737,0.118154764
48,3.157769023089126e-06,4.942775693454629e-06,3.157769023089126e-06,0.5243227601587234,89.0390938522155,1.98770273,0.126979798
50,4.451853727735599e-06,7.0716173775543755e-06,4.451853727735599e-06,0.5909397520475511,89.06479377870433,2.42006755,0.127146885
50,1.2146456622404557e-05,2.0377998099337522e-05,1.2146456622404557e-05,0.8413486130068415,91.023663667813,3.91497493,0.128008395
49,8.671864682754347e-06,1.4292299289246011e-05,8.671864682754347e-06,0.7507534092145198,89.69096297854487,3.39546514,0.127980188
53,1.8151631204120387e-05,3.098060558759914e-05,1.8151631204120387e-05,0.9772696221930363,92.29479131841823,4.61461544,0.127484724
40,4.203916482461906e-07,6.41657895492097e-07,4.203916482461906e-07,0.25872476155559265,96.79267620688506,0.867756307,0.125464007
40,4.260504225780496e-07,6.480975030348849e-07,4.260504225780496e-07,0.25879567697578626,95.96869289157415,0.832725585,0.125652626
42,4.1532750784585775e-07,6.333738825936687e-07,4.1532750784585775e-07,0.2540486338240747,95.3765515722746,0.850601435,0.125604242
41,5.119616855756624e-07,7.806219594093529e-07,5.119616855756624e-07,0.273188877040163,93.69398821196091,0.896034539,0.125552148
41,4.738626221307453e-07,7.215251487955002e-07,4.738626221307453e-07,0.2668132779572082,94.8166847690258,0.87375164,0.125598162
40,5.458389958160628e-07,8.285095243196721e-07,5.458389958160628e-07,0.28284466807246833,94.19566666159187,0.95528996,0.125524893
49,2.670699741754019e-06,4.586336971278545e-06,2.670699741754019e-06,0.5482200227047602,138.694943043309,1.86986077,0.126594007
48,2.1992381942748265e-06,3.7901559860748328e-06,2.1992381942748265e-06,0.5065144394095796,136.26596383903484,1.76732481,0.126701385
45,1.7949471093535857e-06,3.0887266153221964e-06,1.7949471093535857e-06,0.4618571845974544,131.549256065014,1.76417148,0.126239583
43,1.486599154220499e-06,2.5626968770705236e-06,1.486599154220499e-06,0.4304928166475514,130.00872551068568,1.67827666,0.126125991
46,2.0282051959139035e-06,3.4756454758443696e-06,2.0282051959139035e-06,0.4895151704747164,133.48389097206936,1.77977383,0.126534373
74,2.146575440559188e-05,3.347540861987754e-05,2.146575440559188e-05,2.2291707877505824,206.88495877978434,5.53918171,0.121292211
74,1.6871464723725005e-05,2.7222176785756682e-05,1.6871464723725005e-05,1.7504531004910968,188.60349142093528,4.04208422,0.125257075
61,9.65536487338109e-06,1.6408896508578796e-05,9.65536487338109e-06,1.0373494206906746,157.95408927671605,2.67326307,0.128244549
54,5.916729866952208e-06,1.0168161372104855e-05,5.916729866952208e-06,0.7719841658247023,145.08544172715563,2.39241219,0.127424926
58,1.0121997473503819e-05,1.707777529317721e-05,1.0121997473503819e-05,1.0518342935485716,156.4012711067718,2.7498951,0.126659438
46,3.7121766812380012e-06,6.137450875629417e-06,3.7121766812380012e-06,0.5861742248263931,112.13527591471343,2.05513382,0.125591785
45,4.134938366745121e-06,6.978982390303348e-06,4.134938366745121e-06,0.6043111183551312,113.76054072567854,2.3571589,0.125340655
43,1.206328643829158e-06,1.917350652993292e-06,1.206328643829158e-06,0.39595715079165034,107.5889990063946,1.59320116,0.125438005
48,8.912825067906925e-06,1.5582275564101774e-05,8.912825067906925e-06,0.7866222361664683,113.4785436995323,3.60787964,0.125620976
40,1.2269011974605467e-06,1.9371189957316307e-06,1.2269011974605467e-06,0.3975554940513793,106.27980670163312,1.4954288,0.125370041
40,1.0324220681520385e-06,1.6268399476575589e-06,1.0324220681520385e-06,0.3741781713062624,105.16529910232502,1.48901951,0.125444129
40,7.279487681490662e-07,1.1075179547326959e-06,7.279487681490662e-07,0.3311837129257303,102.08134989010594,1.02943313,0.125467941
40,1.068978144990474e-06,1.6656447435875431e-06,1.068978144990474e-06,0.378022288559252,103.86566526001937,1.32040977,0.125628203
40,7.534708472208146e-07,1.151579117397443e-06,7.534708472208146e-07,0.3330992197461126,101.19280480248541,1.07695889,0.125660002
38,6.722816289511046e-07,1.0214654774720554e-06,6.722816289511046e-07,0.3171587317638912,99.17555822439749,0.997822285,0.125775442
41,5.651404850825064e-07,8.538670943205194e-07,5.651404850825064e-07,0.2957667479740256,98.12955127708544,0.956693769,0.125599325
40,8.34486503119748e-07,1.2844386029952114e-06,8.34486503119748e-07,0.3425825608609129,100.52072725046534,1.07092154,0.125672311
39,4.821993879343273e-07,7.297671598311489e-07,4.821993879343273e-07,0.2754668806260959,96.93825551386895,0.845644593,0.125255197
38,8.615660401526751e-07,1.3837871797802988e-06,8.615660401526751e-07,0.35662114828944613,115.88769743550648,1.10038257,0.1256264
38,8.989664930570208e-07,1.4701923967616119e-06,8.989664930570208e-07,0.3582401378760451,117.03684584963334,1.13074052,0.125589937
41,1.0672960564714156e-06,1.778549255333287e-06,1.0672960564714156e-06,0.3784860164278229,119.30491032917554,1.24114287,0.12559171
39,1.2608695209946268e-06,2.1141614253998463e-06,1.2608695209946268e-06,0.39774314044611936,117.18108684281168,1.3223598,0.125764504
43,3.0870601278703216e-06,5.116197525547426e-06,3.0870601278703216e-06,0.55180417530031,113.79718883490922,2.03211498,0.125591144
40,1.2126055803271698e-06,1.925906103373576e-06,1.2126055803271698e-06,0.4041065065964006,113.8737598319564,1.18743503,0.125540763
40,1.0166553438821923e-06,1.6390745456078734e-06,1.0166553438821923e-06,0.3754905843451118,115.17050348263656,1.17165303,0.125822693
40,1.440561974857159e-06,2.288387978311355e-06,1.440561974857159e-06,0.42919918298829307,113.2300459627535,1.24247181,0.12558493
40,1.217548595765072e-06,2.065225679705192e-06,1.217548595765072e-06,0.39565202299918795,121.05428282780464,1.35908413,0.12570861
46,1.4388293384572458e-06,2.4698501978960917e-06,1.4388293384572458e-06,0.4258045221104524,128.7977493528455,1.6164391,0.126012757
45,1.437916126667851e-06,2.435494945580916e-06,1.437916126667851e-06,0.42202600225243464,122.1237610690235,1.44228375,0.125817537
47,1.7032526934407054e-06,2.8881395441717497e-06,1.7032526934407054e-06,0.45343577371937777,127.09036583714567,1.63140285,0.12649402
47,1.6966299876434454e-06,2.876939955366995e-06,1.6966299876434454e-06,0.4454676375157846,122.64937488679817,1.55287349,0.125980258
47,1.9298960248151704e-06,3.260648999202719e-06,1.9298960248151704e-06,0.47351832301355923,125.63539815714631,1.71579504,0.126172274
47,2.247557537138824e-06,3.7501439988328206e-06,2.247557537138824e-06,0.5034954790079235,124.45701522146331,1.73488069,0.126388595
42,9.9149154291913e-07,1.4938870235148637e-06,9.9149154291913e-07,0.3500358253217031,90.33162914428637,1.07659829,0.125979945
46,1.3725295259583234e-06,2.0948557123846338e-06,1.3725295259583234e-06,0.391252530987537,90.10474772881375,1.22553599,0.12616995
43,7.3077097022331e-07,1.1052938956258583e-06,7.3077097022331e-07,0.3098176906005675,90.82060243095421,1.0155071,0.125860751
43,5.524567235680137e-07,8.368267954747355e-07,5.524567235680137e-07,0.2795299099868124,92.2730146015383,0.953582823,0.125588328
38,5.223811580077738e-07,7.888276595543256e-07,5.223811580077738e-07,0.2760394098862717,92.94079975269744,0.884791732,0.125472605
40,6.378562214275359e-07,9.643514809236886e-07,6.378562214275359e-07,0.29603195840607455,91.59472887097067,1.00712252,0.125748023
44,7.461602349999408e-07,1.1259549766556882e-06,7.461602349999408e-07,0.31488945342211777,91.23157589406821,1.01655316,0.125804171
43,9.113025353748943e-07,1.369117415007591e-06,9.113025353748943e-07,0.3396488873778095,90.61767595091244,1.04359257,0.125909761
45,1.0807841359667609e-06,1.6225200011589082e-06,1.0807841359667609e-06,0.3643641276293069,90.53557447086284,1.15432394,0.126082823
46,1.0916552464180327e-06,1.6418982882916807e-06,1.0916552464180327e-06,0.3647942441431744,90.65516808427499,1.17203355,0.126206711
47,2.4160627361016503e-06,3.73990083340787e-06,2.4160627361016503e-06,0.4763314946818866,89.27147111314173,1.68329418,0.126562864
50,2.7651292165535743e-06,4.308534047849964e-06,2.7651292165535743e-06,0.5001663819960439,89.18129258273324,1.81156576,0.126463383
52,4.702207401994795e-06,7.5275451488395005e-06,4.702207401994795e-06,0.5973979287015426,88.9220532943529,2.50090885,0.127092227
76,0.0001518617674839909,0.00024882055023385026,0.0001518617674839909,2.7301614800436718,114.65963854642398,8.30827141,0.124263197
62,6.473835500594283e-05,0.00011044675797286631,6.473835500594283e-05,1.7016711126928241,101.33502695985545,6.86698151,0.126772672
90,0.00035918804343787957,0.0005407538592022173,0.00035918804343787957,5.055486148629158,139.8805682020562,13.0830975,0.122038633
52,7.782246136582727e-06,1.2732117934945676e-05,7.782246136582727e-06,0.7197339102339905,89.72617407034447,3.17313933,0.127833292
56,1.948754805186453e-05,3.314573834396334e-05,1.948754805186453e-05,1.0039496490575555,92.60122078732837,4.61976957,0.128010437
55,2.1240848581585496e-05,3.6158633461089385e-05,2.1240848581585496e-05,1.037243280584772,92.393843166373,4.75602484,0.131085008
59,4.9563986859291916e-05,8.485091357661714e-05,4.9563986859291916e-05,1.4799250216147448,97.78588306483813,6.40475368,0.127946422
41,5.013525839421574e-07,7.633287280731464e-07,5.013525839421574e-07,0.2748672811110047,95.7775207054473,0.884049416,0.125552833
40,5.201792939424139e-07,7.886891962125533e-07,5.201792939424139e-07,0.28251119417711595,96.62734968858396,0.891797602,0.125451759
42,6.746781735121397e-07,1.0284003962120654e-06,6.746781735121397e-07,0.30485916584411227,93.26582109089358,1.01435471,0.125748366
40,6.593064819055215e-07,1.0041028555660096e-06,6.593064819055215e-07,0.3005214256778224,92.69693411021309,1.01304746,0.125687629
41,5.871258837538803e-07,8.885891840385149e-07,5.871258837538803e-07,0.29245868982246803,94.83735908669793,0.933938324,0.125706434
50,3.3575342226528484e-06,5.727936061684971e-06,3.3575342226528484e-06,0.6026938065805142,139.01370950677617,1.90884709,0.126815543
50,3.475152659407762e-06,5.917792670246698e-06,3.475152659407762e-06,0.6040041709814539,135.7195993483993,2.01255035,0.127021432
52,5.402582603551464e-06,9.234952370864996e-06,5.402582603551464e-06,0.7376941939656411,140.56223897182923,2.34595299,0.128271982
46,2.2343407785002825e-06,3.816666685464259e-06,2.2343407785002825e-06,0.5040998008392,131.86092931893424,1.83089352,0.126396492
47,1.987174659179199e-06,3.4036005603875208e-06,1.987174659179199e-06,0.47725628021451505,129.6597159869697,1.76102746,0.126564264
79,3.782604204593692e-05,6.944142377661643e-05,3.782604204593692e-05,2.5547671465138073,211.28833680945468,12.7820635,0.121814981
66,1.5058008466852654e-05,2.443929799198754e-05,1.5058008466852654e-05,1.561855479698304,178.87024282702592,3.52130222,0.12559323
52,6.397207141974596e-06,1.0962537611370582e-05,6.397207141974596e-06,0.816093969116791,144.8467998519975,2.45821214,0.128729522
56,8.841832848767523e-06,1.4951712191148223e-05,8.841832848767523e-06,0.9750269054014009,152.21217492716093,2.57050562,0.127549961
65,1.380548075624624e-05,2.2564955423217744e-05,1.380548075624624e-05,1.4393836215624576,173.6972993039657,3.52673793,0.126134261
49,1.4042499300132027e-05,2.6725530618607198e-05,1.4042499300132027e-05,0.8726012912599764,115.43619399827432,6.47289085,0.125470877
47,6.788008271681976e-06,1.2158765283734244e-05,6.788008271681976e-06,0.7036247671335478,115.06318021869521,3.38194609,0.125466287
44,2.8336469371081417e-06,4.632331156649486e-06,2.8336469371081417e-06,0.5292932825289843,108.64415060708967,2.56721473,0.125597358
55,5.0758413393835566e-05,0.00010174828998306473,5.0758413393835566e-05,1.3524377129621714,118.8421582729962,13.8085575,0.125551701
41,1.8414884415942148e-06,2.931965770889103e-06,1.8414884415942148e-06,0.45535860568065045,106.35947975553103,1.64336753,0.12545988
43,1.0613714171499715e-06,1.6528519001364353e-06,1.0613714171499715e-06,0.3743776117661637,103.01026283480857,1.24861419,0.12572968
44,1.6334071893668386e-06,2.595283286391746e-06,1.6334071893668386e-06,0.43369808369604096,104.96617176333459,1.48593068,0.125647828
42,1.1455757877108597e-06,1.7945980257830693e-06,1.1455757877108597e-06,0.3824853393087181,102.73487242843777,1.24659407,0.125718057
43,1.2883306809206864e-06,2.019584005239169e-06,1.2883306809206864e-06,0.39631618625533227,101.49269466381821,1.28010774,0.125701457
39,8.464844000028165e-07,1.2970380268059727e-06,8.464844000028165e-07,0.341199084207489,98.56048497277921,1.0322969,0.125718981
42,9.984162907130635e-07,1.547166363594392e-06,9.984162907130635e-07,0.36188877728173074,99.96876423529216,1.14497113,0.125716895
38,6.635054496951766e-07,1.0059634174622455e-06,6.635054496951766e-07,0.31246914733134384,97.15751683426416,0.944221377,0.125601843
40,1.163626119303921e-06,1.920598664310172e-06,1.163626119303921e-06,0.3875270159137018,116.4303706409993,1.27670574,0.125797451
40,1.2934530777087327e-06,2.18410867545623e-06,1.2934530777087327e-06,0.4033834553692915,119.37234521082696,1.37543166,0.125581056
44,1.6616979069173824e-06,2.8340023510657904e-06,1.6616979069173824e-06,0.4346946252756236,119.23198357070285,1.54219007,0.125522166
44,1.7624919031804214e-06,2.9814350754659086e-06,1.7624919031804214e-06,0.4456064183031531,117.74585244426872,1.51591682,0.125579968
42,2.485323886736871e-06,4.034709075000941e-06,2.485323886736871e-06,0.5151236358079703,113.16577309577535,1.73166502,0.125671029
40,1.2743564734434967e-06,2.08495201085662e-06,1.2743564734434967e-06,0.4015885662149113,114.29711520189126,1.31752312,0.125844866
41,1.575654443636743e-06,2.5156001129185828e-06,1.575654443636743e-06,0.44116778776669535,112.72253109602785,1.2759248,0.125736848
45,1.597772540428434e-06,2.7218176707822754e-06,1.597772540428434e-06,0.43229383666785814,120.84206492294676,1.50661409,0.125731587
47,2.281581096162909e-06,3.838031988613531e-06,2.281581096162909e-06,0.5076703565982345,127.89999276183207,1.71466815,0.126624525
48,2.196614479642772e-06,3.6922227332022657e-06,2.196614479642772e-06,0.49209095910764694,122.24988034051123,1.69081199,0.126246765
45,1.98954395459312e-06,3.3689322838103094e-06,1.98954395459312e-06,0.47061173037154025,121.15177334703053,1.66591775,0.126126394
48,3.1275277958776213e-06,5.3336448334414435e-06,3.1275277958776213e-06,0.5644785050864982,127.13439079359765,2.09222436,0.126985267
49,4.261752374621521e-06,7.358061517865143e-06,4.261752374621521e-06,0.6241925530279921,125.98643300164409,2.37774324,0.126560941
48,2.7565418871787047e-06,4.656714849997621e-06,2.7565418871787047e-06,0.5336190043702653,123.29529325941273,1.92541635,0.12630859
44,1.1610833623514145e-06,1.7501176227116048e-06,1.1610833623514145e-06,0.37191279243736797,90.24960097513971,1.12498879,0.126039281
47,1.9914901525903373e-06,3.0463456075007607e-06,1.9914901525903373e-06,0.45040301802468924,89.53093689177871,1.44237435,0.126454011
41,6.47552320014786e-07,9.829212338938815e-07,6.47552320014786e-07,0.2983982246505545,92.07497307608683,0.989275515,0.125649676
43,8.071277882035749e-07,1.218421385536547e-06,8.071277882035749e-07,0.32420574181462086,91.58551724130395,1.06304336,0.125865191
45,1.0389887981636283e-06,1.5619042357034406e-06,1.0389887981636283e-06,0.35888059985502435,91.12550355890245,1.12331843,0.126061067
47,1.4726091976058436e-06,2.2293010204722487e-06,1.4726091976058436e-06,0.40440849327072825,90.03847906803115,1.20658374,0.126309067
49,1.6682967834984813e-06,2.5374475004100906e-06,1.6682967834984813e-06,0.4228509406427777,90.07492856381506,1.26470649,0.1265167
47,1.6623348062405637e-06,2.538924315084145e-06,1.6623348062405637e-06,0.4200699323812438,90.4187731578867,1.26548851,0.126538351
49,1.8871693101944266e-06,2.8693182380867574e-06,1.8871693101944266e-06,0.4426810923442879,90.02906020529375,1.36165297,0.126616225
46,2.7008909499508673e-06,4.195230024235078e-06,2.7008909499508673e-06,0.49929532063575605,89.02405760733805,1.797804,0.126651824
50,4.4452124257607464e-06,7.076259162741572e-06,4.4452124257607464e-06,0.5897003043947937,89.1163698709343,2.40819502,0.126781121
55,8.390868017186238e-06,1.3948516232873761e-05,8.390868017186238e-06,0.7302272114699689,89.86483688808386,3.3502841,0.127437323
76,0.0002635534946312014,0.00040573764445803694,0.0002635534946312014,3.9432875768735975,126.62074619836363,8.75103092,0.12230017
79,0.00031045253354442486,0.00047180760923103864,0.00031045253354442486,4.349534157509727,129.49555810294922,10.1093836,0.124890633
58,4.002025256639864e-05,6.830757171145595e-05,4.002025256639864e-05,1.34926358345329,96.15155527913615,5.94641685,0.129279435
62,6.255693074648307e-05,0.00010506315646488823,6.255693074648307e-05,1.7011598317898178,100.49840002305034,6.68551302,0.128059462
54,2.0086400541761434e-05,3.416731851156849e-05,2.0086400541761434e-05,1.0119505777067939,92.152242970488,4.73007154,0.127808288
63,6.98185093739604e-05,0.00011666393040766528,6.98185093739604e-05,1.7720446076861929,100.45152148255316,6.75224161,0.129719734
60,5.215555134256945e-05,8.808184682455721e-05,5.215555134256945e-05,1.5289018905609966,97.87472242080256,6.27809238,0.12743631
40,6.305244801273902e-07,9.56701640323746e-07,6.305244801273902e-07,0.3024785694982305,95.98700869566206,0.931530774,0.125527114
40,6.976604598723302e-07,1.059643139755658e-06,6.976604598723302e-07,0.3139885997871268,95.18922892568605,1.02762008,0.125749931
44,8.66150301609668e-07,1.3188567295563887e-06,8.66150301609668e-07,0.33426641411155,92.65075615114873,1.12862241,0.126014382
44,7.490124770191232e-07,1.1401534006633147e-06,7.490124770191232e-07,0.3183497508657432,93.81556166505473,1.06320131,0.125853986
47,9.61767576608756e-07,1.4463002174015454e-06,9.61767576608756e-07,0.3507888205030732,92.18547232782933,1.16841114,0.125989139
41,8.359060828923944e-07,1.2790854616115384e-06,8.359060828923944e-07,0.33128371014433844,94.30249589718862,1.07549298,0.125928193
52,5.016069132103144e-06,8.604835498523083e-06,5.016069132103144e-06,0.6987966513825427,136.68736462770008,2.35156608,0.12751019
54,7.40348054882537e-06,1.263586255684182e-05,7.40348054882537e-06,0.8443929715614322,141.9202053342205,2.5182898,0.129089236
50,4.200948152761688e-06,7.197254778345243e-06,4.200948152761688e-06,0.6395661084314036,134.08668351847888,2.22060061,0.127200216
47,2.5667554722765507e-06,4.357183385892047e-06,2.5667554722765507e-06,0.5264412964871678,130.133159474267,1.7877233,0.12674205
62,1.0521175289991045e-05,1.7412330905340203e-05,1.0521175289991045e-05,1.147065023500011,159.59574567382964,2.63917065,0.127663091
59,1.058824444970325e-05,1.749778451247477e-05,1.058824444970325e-05,1.1275595780914884,156.1651627139197,2.83762598,0.129120886
79,3.0958362928191e-05,5.32258593495332e-05,3.0958362928191e-05,2.2569378086389906,197.30843500717162,6.41992617,0.12128894
51,2.142650880297042e-05,4.197347356241133e-05,2.142650880297042e-05,1.0009904775146483,117.14163386750606,5.76768303,0.125690132
48,5.460723539448037e-06,9.418751754952342e-06,5.460723539448037e-06,0.6663464393341504,113.9935190397684,2.94946551,0.125937209
50,3.385368672597341e-05,6.561715288400478e-05,3.385368672597341e-05,1.1929096128841652,115.94773585261098,9.26039028,0.125821069
56,7.0457257427346e-05,0.0001365050351787492,7.0457257427346e-05,1.565372735257363,120.28541826142725,11.1862154,0.125484735
62,0.00020764483576853155,0.000356913860578457,0.00020764483576853155,2.977919518100674,133.6399832206249,9.06403732,0.125818178
50,4.067768424785088e-06,6.5739757550795215e-06,4.067768424785088e-06,0.6043718729446799,107.97972509988188,2.03051209,0.125465378
46,3.1527170085411797e-06,5.025375041473268e-06,3.1527170085411797e-06,0.5498550356309998,104.48062067127731,1.76827252,0.125887111
51,7.387936249567977e-06,1.2149176052714856e-05,7.387936249567977e-06,0.756012258605124,109.58499458074003,2.81177354,0.125759691
47,2.0536945918682417e-06,3.2610283741807467e-06,2.0536945918682417e-06,0.46626224107378716,103.15861658735763,1.5448705,0.125932515
44,1.5571041261067355e-06,2.44023016938212e-06,1.5571041261067355e-06,0.4243697133827595,100.93333174627156,1.38028491,0.125949278
43,1.7341723454116953e-06,2.730969972926793e-06,1.7341723454116953e-06,0.43871696912074076,100.24625977196148,1.43532288,0.126039878
40,9.268251891394034e-07,1.4256584296343818e-06,9.268251891394034e-07,0.3524473377464222,98.10279449015097,1.07631886,0.125793099
44,1.3755110570415436e-06,2.1707836970372657e-06,1.3755110570415436e-06,0.3981722080834857,98.8706112045468,1.33590209,0.12599425
44,9.808740788885484e-07,1.5156770808659875e-06,9.808740788885484e-07,0.3559386238632242,97.50840888716803,1.14377201,0.125843585
42,8.505262155796149e-07,1.3045520510742386e-06,8.505262155796149e-07,0.338544885314202,96.59243482599719,1.05212915,0.125785589
41,1.6818884341179514e-06,2.8266491914404334e-06,1.6818884341179514e-06,0.4371915751361891,116.12236533967187,1.45606577,0.125761569
46,2.008487976504671e-06,3.4252743639146087e-06,2.008487976504671e-06,0.4641713504474175,119.22511751641068,1.66931093,0.125874758
44,2.025853318639427e-06,3.4474823981134926e-06,2.025853318639427e-06,0.4642350423261853,116.98054439496558,1.64788938,0.125715733
44,2.425201559667369e-06,4.1295921048861375e-06,2.425201559667369e-06,0.4973835402118569,118.07639768961819,1.78571475,0.126185283
43,2.614987559674949e-06,4.247971518749739e-06,2.614987559674949e-06,0.5245439677673671,112.5005609556018,1.76224828,0.125794783
42,1.5428418778446668e-06,2.5468356158463554e-06,1.5428418778446668e-06,0.4284593030086255,113.98310741248963,1.41871881,0.125760421
44,1.6812868115998533e-06,2.6951465128251193e-06,1.6812868115998533e-06,0.44885279853570853,112.31588328722579,1.32957923,0.125924721
44,1.6526626590930163e-06,2.70407197799908e-06,1.6526626590930163e-06,0.43846138671888735,113.45908450421715,1.35228503,0.125747472
45,2.0909563866920568e-06,3.5450121471943878e-06,2.0909563866920568e-06,0.4776514698720073,120.09527267808325,1.71416748,0.12626344
47,3.0028039996300554e-06,5.12181813484159e-06,3.0028039996300554e-06,0.5595804982909216,128.45062628888692,2.03683472,0.126651466
48,3.6430328140864362e-06,6.277032323284968e-06,3.6430328140864362e-06,0.5807810234465305,122.39765032581828,2.32081437,0.126463607
47,2.8831612574457275e-06,4.853868417262504e-06,2.8831612574457275e-06,0.5390017753411277,120.43753690963992,1.82816219,0.12633343
50,5.301647488029509e-06,9.138591960106196e-06,5.301647488029509e-06,0.6942574474036486,130.3074756044451,2.45915222,0.127858281
51,6.085371142282432e-06,1.0564738225616995e-05,6.085371142282432e-06,0.7218273347338838,128.90050088798483,2.61158466,0.127291173
51,6.4972196422480935e-06,1.1279699941194973e-05,6.4972196422480935e-06,0.7407346526798959,127.5214305414778,2.68914437,0.126898557
47,2.237245400173221e-06,3.4379567650902744e-06,2.237245400173221e-06,0.4682108255913887,89.62234381902705,1.56672251,0.126510501
50,3.616082954020019e-06,5.682488775363458e-06,3.616082954020019e-06,0.5514699167172076,89.31593721821051,2.11422729,0.127085418
45,1.0162389880832905e-06,1.5349792913587175e-06,1.0162389880832905e-06,0.3555797976066256,91.72401854505007,1.16404593,0.125996709
49,1.4219393664395995e-06,2.150404500600755e-06,1.4219393664395995e-06,0.4030068139196681,91.20957422773188,1.17549407,0.126159951
49,2.4008941225652207e-06,3.697902126009735e-06,2.4008941225652207e-06,0.4783316513225056,89.58821040726981,1.62431669,0.126116559
51,2.500695252275717e-06,3.846631453631969e-06,2.500695252275717e-06,0.4890316101663916,90.17331327582278,1.62502158,0.126838028
50,2.158680045133082e-06,3.3019309437256173e-06,2.158680045133082e-06,0.46502193105909706,90.49193187497092,1.46626866,0.126347825
50,2.9750742158780287e-06,4.608972196726003e-06,2.9750742158780287e-06,0.5170966478076361,89.84320857730222,1.85971987,0.127015561
50,4.248837861816449e-06,6.770014929682346e-06,4.248837861816449e-06,0.5815336541556531,89.24286390949794,2.3556273,0.127374724
54,9.0733099748661e-06,1.5148069755342918e-05,9.0733099748661e-06,0.7497491527259688,90.12198964376228,3.45281434,0.127183855
102,0.0006140802448137793,0.0008800938911183835,0.0006140802448137793,7.247465222430926,160.41181188679857,13.8006096,0.123865746
58,2.8850014480707706e-05,4.9202168525663206e-05,2.8850014480707706e-05,1.1668965150666955,93.68652568488605,5.25417995,0.12733914
73,0.0002559678857133947,0.0003940130517929603,0.0002559678857133947,3.8672432546524185,124.64943465042863,8.64629841,0.123308271
66,0.00011986061250325087,0.0001951499311810413,0.00011986061250325087,2.436143271845427,109.34836902963036,7.6582675,0.125218853
86,0.000504314819871193,0.0007308748502744744,0.000504314819871193,6.307978280885213,149.30726805570208,9.3430109,0.120366581
42,8.676044132149518e-07,1.32973502636829e-06,8.676044132149518e-07,0.33947079089332344,96.02532303706897,1.05894768,0.125959054
42,9.716208738896173e-07,1.4863307144923837e-06,9.716208738896173e-07,0.35412791471676325,94.93026536972124,1.13016129,0.126191825
45,9.982964843022967e-07,1.5319684950420627e-06,9.982964843022967e-07,0.3527995029631405,93.20114440304526,1.16363406,0.126130596
44,1.3522401529833465e-06,2.0442697623426975e-06,1.3522401529833465e-06,0.39771963621417217,92.06293545412122,1.25435805,0.126288012
48,1.2268714534265816e-06,1.84656736993785e-06,1.2268714534265816e-06,0.38310167568016545,91.79847888537236,1.2207551,0.126134604
44,1.0380356471724484e-06,1.5987316194730155e-06,1.0380356471724484e-06,0.35761266974806194,93.89561913385727,1.17839694,0.126125261
58,8.620440297703076e-06,1.4549034321101775e-05,8.620440297703076e-06,0.9209469456737901,142.83604521469167,2.57287836,0.128556848
61,1.0216904502528211e-05,1.6925155265430126e-05,1.0216904502528211e-05,1.06541653323231,151.2663120863033,2.78769922,0.130714968
54,6.601372987619451e-06,1.1323059734740928e-05,6.601372987619451e-06,0.7800505068291991,136.39552104346396,2.51132822,0.128671333
52,4.88634812262391e-06,8.401732426332266e-06,4.88634812262391e-06,0.6732471923060273,132.32064536243792,2.37768126,0.127657533
76,3.405308739319423e-05,5.920470020785311e-05,3.405308739319423e-05,2.2897657581823,194.13965946580748,6.97880363,0.121417329
70,2.0541365065352113e-05,3.3880706126947056e-05,2.0541365065352113e-05,1.782840149103951,178.84238181663272,4.76646137,0.125675917
49,1.915778796719552e-05,3.706116701931437e-05,1.915778796719552e-05,0.9776342199082106,116.11731278936105,5.53335571,0.125877351
46,4.445251346320803e-06,7.464269633459815e-06,4.445251346320803e-06,0.6283401370284872,112.91405761074272,2.54699016,0.126051515
58,0.00012828965633708312,0.00023951101077617138,0.00012828965633708312,2.07251866753946,122.23889243410214,12.7431917,0.125757307
52,6.29233642977018e-05,0.00011656435008321526,6.29233642977018e-05,1.6286016405226076,121.99489890522052,7.11132526,0.125588343
70,0.0002067383920302561,0.00042854499939548975,0.0002067383920302561,3.0086990516621044,139.74860359877175,34.6891899,0.125814319
52,1.4966886078197081e-05,2.6522169397331345e-05,1.4966886078197081e-05,0.9513347164754513,111.04245171895553,4.51602316,0.126127645
68,0.0003967654392574972,0.0011015572497058543,0.0003967654392574972,2.8295043793581187,125.73188560978471,73.3591537,0.126212105
50,4.915696465418874e-06,7.840202136618505e-06,4.915696465418874e-06,0.6470592006527881,104.5153918587533,1.98522317,0.126322061
47,2.548060508125639e-06,4.046112542537867e-06,2.548060508125639e-06,0.5034063140920428,101.94683751455999,1.69487631,0.126194641
47,2.2145702931754642e-06,3.5112705365529427e-06,2.2145702931754642e-06,0.4736472754327223,99.29997207343017,1.61645687,0.126101807
42,1.370896878353708e-06,2.1383959337352277e-06,1.370896878353708e-06,0.40027489081803475,97.33774583218496,1.32781851,0.125909179
45,1.7598060310556687e-06,2.7672167646755217e-06,1.7598060310556687e-06,0.43679770779978394,97.68767827158003,1.42690837,0.12608248
44,1.4471565390104266e-06,2.261747425340903e-06,1.4471565390104266e-06,0.40507704604032674,96.40256102915517,1.36648726,0.125962928
43,1.3389995641867315e-06,2.0830893561055123e-06,1.3389995641867315e-06,0.3944215355062481,95.43086254385099,1.31523228,0.125941381
46,2.022586955166889e-06,3.423503282662311e-06,2.022586955166889e-06,0.46071817056736125,115.72567344897573,1.55468583,0.125836119
44,2.604813283851191e-06,4.4184576592285735e-06,2.604813283851191e-06,0.5084040089632228,116.56231196478716,1.8088609,0.126393631
48,3.689111393443997e-06,6.242911234090729e-06,3.689111393443997e-06,0.5830730551007061,118.78677462049642,2.06966734,0.126446843
45,2.4429975775708733e-06,3.921544544291296e-06,2.4429975775708733e-06,0.511813060311251,111.48154002770575,1.54120553,0.125986531
43,2.3935826069795166e-06,4.0240112170284165e-06,2.3935826069795166e-06,0.4897227565499982,114.13275292278783,1.64324796,0.126006216
44,2.0734480162039342e-06,3.374233705333441e-06,2.0734480162039342e-06,0.47646127980305586,112.15219635689512,1.48983443,0.126131862
46,5.504080834886891e-06,9.58348797251328e-06,5.504080834886891e-06,0.6765205113801726,123.099193818468,2.5970521,0.12749581
50,7.0932936147225134e-06,1.2375045424761386e-05,7.0932936147225134e-06,0.75169447036427,126.03076230409818,2.78122044,0.127440184
50,4.199057179957901e-06,7.193342574492996e-06,4.199057179957901e-06,0.6105030194270565,120.4197552433733,2.38370061,0.125889778
49,6.488369057038962e-06,1.1368200068909538e-05,6.488369057038962e-06,0.7175887816853845,123.32363285316814,2.72060299,0.127711505
55,6.693560010840703e-06,1.1514470561886056e-05,6.693560010840703e-06,0.769284922471622,132.7290031009195,2.58518672,0.128570855
54,8.97112575243797e-06,1.526823402092269e-05,8.97112575243797e-06,0.8972878139907643,135.0220093655675,2.79965878,0.128135964
53,7.0594454225726175e-06,1.2085545476058582e-05,7.0594454225726175e-06,0.7967727897082746,134.6959662638136,2.57587695,0.12884438
53,7.933799589048669e-06,1.3644846616290206e-05,7.933799589048669e-06,0.8243706988588169,131.42177933379114,2.77260137,0.127266079
55,9.648245875892559e-06,1.6498989118631107e-05,9.648245875892559e-06,0.9085185287471976,132.73946563696398,2.93753505,0.126486704
51,2.7749322071570983e-06,4.290957041058225e-06,2.7749322071570983e-06,0.5044216497782112,89.25327943337255,1.78081846,0.126519755
51,4.461047402033045e-06,7.083288976815836e-06,4.461047402033045e-06,0.5977576820486391,89.48171588812765,2.40037155,0.126894802
49,1.7840728254448814e-06,2.696784653642305e-06,1.7840728254448814e-06,0.43927152307382333,91.11724786633448,1.25916755,0.126134142
49,3.127597995735684e-06,4.841874221877772e-06,3.127597995735684e-06,0.5288146555752896,89.39133740152158,1.90593565,0.126591563
52,3.3691999337331137e-06,5.2485137520454464e-06,3.3691999337331137e-06,0.5460787076777956,90.176631730579,1.97186601,0.127181768
49,2.9144159091151016e-06,4.465405945292783e-06,2.9144159091151016e-06,0.5227848798943677,90.55365116163598,1.71058786,0.126524687
51,4.408722236341989e-06,6.9780235894177125e-06,4.408722236341989e-06,0.5949295012686071,89.99427121196277,2.38282704,0.127236605
53,9.702688191205441e-06,1.620724232197066e-05,9.702688191205441e-06,0.7715687394918296,90.37779797204473,3.55892658,0.128308386
52,1.4504747400573042e-05,2.4548360268192414e-05,1.4504747400573042e-05,0.8963539931744938,91.63084522519476,4.15999556,0.127943382
62,5.324519796909122e-05,8.944263845544041e-05,5.324519796909122e-05,1.5541415330040527,98.25199500040844,6.25134039,0.126417294
68,0.0001483610096675055,0.00023704254552063902,0.0001483610096675055,2.7447250149262046,113.00550824469082,7.87870073,0.123421952
44,1.1941615686044284e-06,1.8444672910659497e-06,1.1941615686044284e-06,0.3776381000678959,94.42935512478986,1.23162639,0.12593469
46,1.3223701545991343e-06,2.0361060551497193e-06,1.3223701545991343e-06,0.39045018618468685,93.01448693934698,1.32282317,0.1260456
46,1.5963023559354882e-06,2.4209917131168678e-06,1.5963023559354882e-06,0.4216208957774689,91.73725643336948,1.3322624,0.126542673
49,2.1227581217998492e-06,3.256174276083727e-06,2.1227581217998492e-06,0.4662505875957523,92.64310760196581,1.41860962,0.126449928
49,1.785037202794902e-06,2.6882137057884e-06,1.785037202794902e-06,0.4427298383920713,91.23184819981637,1.307248,0.126538619
49,1.781096037177832e-06,2.700693585551522e-06,1.781096037177832e-06,0.4381962466090237,91.25029528750719,1.38750184,0.126283392
48,1.5551532711775207e-06,2.4109447720240484e-06,1.5551532711775207e-06,0.4136292892384074,93.36694967437003,1.36605597,0.126097828
60,9.131890492193486e-06,1.5332631500600434e-05,9.131890492193486e-06,0.9565943850790244,143.46102838839857,2.61107898,0.127692759
63,1.45032571478128e-05,2.3908311953512415e-05,1.45032571478128e-05,1.3070324401110367,158.79915134748543,3.75358748,0.130030409
70,2.7770615562637423e-05,4.720669887399276e-05,2.7770615562637423e-05,1.8709830215591479,172.52641885154893,5.85724783,0.127571404
87,4.7822266926609814e-05,8.365160043503069e-05,4.7822266926609814e-05,2.663531770754578,199.37979579888355,7.62954044,0.123016819
49,8.984031386926604e-06,1.6278943509104828e-05,8.984031386926604e-06,0.7772840866766211,113.5683268549671,3.9223516,0.125809968
47,3.51512527815603e-06,5.659162453249587e-06,3.51512527815603e-06,0.5849227714310017,111.40278383081744,1.87797332,0.126046538
47,8.00948515045463e-06,1.4162698924794199e-05,8.00948515045463e-06,0.7584279093567552,112.65657786825014,3.63256788,0.12598981
49,1.9391394887780913e-05,3.6458547649641126e-05,1.9391394887780913e-05,1.015770790691909,114.74323128294037,5.29175949,0.125989795
71,0.00015692201902833917,0.00024202122107835962,0.00015692201902833917,3.724016745987763,160.8161234208404,6.87710524,0.12605083
55,7.400416173474396e-05,0.00014040304104013008,7.400416173474396e-05,1.649710561767467,116.02214197770527,8.28078365,0.126083523
38,0.00015737892277915548,0.0006421981427592191,0.00015737892277915548,0.4091807015110135,77.98147805418519,64.1725922,0.126231283
34,0.00010608990058408697,0.0004948679609667589,0.00010608990058408697,0.349984171962887,79.7137059764164,66.8062515,0.126445979
53,1.2922372265934776e-05,2.1857751481703495e-05,1.2922372265934776e-05,0.9361851719943155,108.74794311147244,3.95339847,0.126238838
49,5.688388610784005e-06,8.979740150679852e-06,5.688388610784005e-06,0.6881143288663016,102.81709904241066,2.08703279,0.126778051
46,2.7669911411034256e-06,4.390942892752817e-06,2.7669911411034256e-06,0.5122098217329432,99.1595940924336,1.75726116,0.126392677
50,6.51752607407698e-06,1.0254720236192376e-05,6.51752607407698e-06,0.7265132481204144,101.8945325155286,2.20298433,0.127162933
48,2.082858638270091e-06,3.2971361551380254e-06,2.082858638270091e-06,0.45945131944597006,97.46549066993168,1.57379436,0.12631239
44,1.8463170402249093e-06,2.890101212614643e-06,1.8463170402249093e-06,0.4404272499596863,95.58813388164066,1.4625926,0.126449227
45,2.2407162881376558e-06,3.539729871768509e-06,2.2407162881376558e-06,0.4717557114176075,96.61310003683465,1.62148333,0.126580521
43,1.7519462372636318e-06,2.7501576647502684e-06,1.7519462372636318e-06,0.42971969846058844,94.71658241031483,1.48846686,0.125841647
44,2.8551211173244003e-06,4.804723211558112e-06,2.8551211173244003e-06,0.5278602957781042,115.79841119696297,1.81396067,0.126496032
52,6.104532131795604e-06,1.045878888381744e-05,6.104532131795604e-06,0.704813051528734,120.45496716702735,2.59852815,0.126351297
48,4.891972423743443e-06,8.218890621285373e-06,4.891972423743443e-06,0.6520477415783926,118.54715384016278,2.25741005,0.126632586
46,2.4425509249621045e-06,3.93879748898095e-06,2.4425509249621045e-06,0.5076427899546734,111.22046069864331,1.50481701,0.126189783
46,2.5628384045640865e-06,4.303537605992339e-06,2.5628384045640865e-06,0.5024867108474255,113.68454205542223,1.65482843,0.12629807
49,3.757415874091078e-06,6.2699019679953306e-06,3.757415874091078e-06,0.588103964902432,115.59834923997573,1.96449602,0.126407653
44,2.6142934544572554e-06,4.314018945341796e-06,2.6142934544572554e-06,0.5117408522299446,112.42864648996515,1.63208055,0.126386598
54,1.0913226376258766e-05,1.8548086514063365e-05,1.0913226376258766e-05,0.9470134899559743,130.46194488036517,3.06689119,0.1301983
58,1.3475344410832318e-05,2.229000890843362e-05,1.3475344410832318e-05,1.1084885969013445,137.49614302984443,3.16534495,0.128402159
55,1.2480682760030944e-05,2.1003983621735422e-05,1.2480682760030944e-05,0.9985335743287174,129.1949153241086,3.15979457,0.129664481
52,9.613987546749746e-06,1.663315157826011e-05,9.613987546749746e-06,0.8490629064887807,124.18145249196249,2.97498631,0.127213627
56,9.500991805630766e-06,1.5998482234262442e-05,9.500991805630766e-06,0.9511722925162697,139.82671633129883,2.71218657,0.129116938
59,1.0791690413593221e-05,1.798633437106314e-05,1.0791690413593221e-05,1.0233187132637753,140.7292436941024,2.8351264,0.12904194
62,1.4561317841044955e-05,2.397107502677173e-05,1.4561317841044955e-05,1.2093508550713765,144.7374522328256,3.26064396,0.126546875
61,1.2382347779113477e-05,2.036104998146617e-05,1.2382347779113477e-05,1.1585934032882261,149.93546411146963,3.13889766,0.127150685
71,2.6056589318846546e-05,4.298646666787224e-05,2.6056589318846546e-05,1.6923324941368196,157.39366156303606,5.13356733,0.124099426
54,8.002643076079533e-06,1.3198210108028357e-05,8.002643076079533e-06,0.7292702253657198,90.62490935201163,3.25388265,0.127557829
53,6.202250779697122e-06,1.0066051688342539e-05,6.202250779697122e-06,0.6663648376406915,90.14426160272609,2.82474756,0.127322555
54,5.6579484670081106e-06,9.092124587939217e-06,5.6579484670081106e-06,0.657770083704127,91.30687866897293,2.69712305,0.127589524
52,5.312962388252863e-06,8.509489284599977e-06,5.312962388252863e-06,0.6405799071523005,90.46093584425947,2.59477854,0.127717286
55,5.389325705529243e-06,8.564751387330507e-06,5.389325705529243e-06,0.652160373401227,92.09164194975556,2.50217652,0.127230242
50,2.839992853449269e-06,4.315252218476466e-06,2.839992853449269e-06,0.5255687486811472,91.19774757893694,1.55170929,0.127032369
50,6.9406527836145705e-06,1.1380450737758037e-05,6.9406527836145705e-06,0.6944894257410431,90.74531652971865,3.04452777,0.127694055
57,2.478169571503467e-05,4.216461641787112e-05,2.478169571503467e-05,1.1066955435528991,93.89252646437481,4.99302101,0.127284721
93,0.0006807435868038228,0.0009575853977809007,0.0006807435868038228,7.844776371978619,164.15068470943717,10.3537073,0.121909522
60,4.941592399624351e-05,8.296390345341405e-05,4.941592399624351e-05,1.5450968778096106,100.2701613002284,6.12737036,0.126810968
46,1.8998807960055055e-06,2.9580391940040602e-06,1.8998807960055055e-06,0.4460307132773022,93.7559368384307,1.54009128,0.126115099
48,2.814635104237808e-06,4.294339463111448e-06,2.814635104237808e-06,0.5202838778591573,91.82005224170922,1.53886187,0.127852365
49,3.0612636564186737e-06,4.718671642439221e-06,3.0612636564186737e-06,0.5345984047715844,92.88920562649132,1.5820353,0.126926944
51,3.1271413679956236e-06,4.841821457990071e-06,3.1271413679956236e-06,0.5355644281109373,93.69889200279515,1.70169151,0.126901641
85,5.845671741085308e-05,0.00011235080640736441,5.845671741085308e-05,2.9123868640396466,200.97322292339294,16.5162125,0.117493525
71,2.5886742171685046e-05,4.3375108958667166e-05,2.5886742171685046e-05,1.8473371658085027,170.46570087939833,5.88252497,0.124842741
46,2.9732994521784094e-06,4.766909268706785e-06,2.9732994521784094e-06,0.5465931772718896,110.47213810851794,1.5572176,0.126187101
48,4.469087376735551e-06,7.159148351905579e-06,4.469087376735551e-06,0.6381942962759454,110.42969237457781,2.07618499,0.126370817
49,5.414388378366263e-06,8.785350789450894e-06,5.414388378366263e-06,0.6849491159184666,110.71706099508803,2.51767612,0.126418456
50,2.4089618090730364e-05,4.51568113183775e-05,2.4089618090730364e-05,1.1083639861549845,115.5786483444596,5.61878681,0.126080468
60,6.163995005999159e-05,0.00010088168840241648,6.163995005999159e-05,2.0713974614627326,133.74630374390543,5.65410852,0.126627773
72,0.0003844091058977469,0.0006000160264600027,0.0003844091058977469,4.768206512644105,147.3598232099439,9.27325726,0.126075014
160,0.0003510310427212746,0.0006395009733187115,0.0003510310427212746,7.866852851157874,385.53530591238945,32.6036377,0.126341224
35,8.457419091798159e-05,0.0003380721585026341,8.457419091798159e-05,0.3762421176049046,77.2138284141457,41.0111847,0.126393944
54,5.9790137373553635e-05,0.0001108212965198896,5.9790137373553635e-05,1.5868245701003827,114.4535233352421,7.43602705,0.126168892
50,2.3675617781669465e-05,4.126083295300448e-05,2.3675617781669465e-05,1.1809376127224966,109.99639359166585,5.13169527,0.126927882
48,4.241525523405188e-06,6.6446959733167605e-06,4.241525523405188e-06,0.6137260471891981,99.60172182931763,1.96218276,0.126823083
54,1.1886873432563757e-05,1.843681544478893e-05,1.1886873432563757e-05,0.9718781785016587,107.30073760156156,2.94677258,0.12742494
46,3.1050577354749443e-06,4.925185469173002e-06,3.1050577354749443e-06,0.5311085929366083,97.5637768466204,1.86042809,0.126772374
46,2.764307786387292e-06,4.379261802808481e-06,2.764307786387292e-06,0.5069410865004594,95.43841129884044,1.77558327,0.126985222
51,3.4578826830379826e-06,5.479205645437414e-06,3.4578826830379826e-06,0.5534879182157111,96.8573770423158,1.91429067,0.127217591
46,2.7626676958472757e-06,4.356106851051386e-06,2.7626676958472757e-06,0.5072764303130541,94.755846431825,1.75010324,0.126488939
53,9.545863635594325e-06,1.6439548662809978e-05,9.545863635594325e-06,0.8399057997220463,122.54360883074006,2.96211028,0.127230123
52,8.688782767610139e-06,1.474240678107281e-05,8.688782767610139e-06,0.8131326953793454,120.6608260790082,2.76206946,0.127394691
45,3.1015144982981435e-06,5.051310158110545e-06,3.1015144982981435e-06,0.5462036959586513,111.15360384180953,1.70201004,0.126420394
46,3.954314010405229e-06,6.542130280203906e-06,3.954314010405229e-06,0.6014711198724092,114.17066782491968,1.94145358,0.12678957
49,5.599746200334343e-06,9.250646524415689e-06,5.599746200334343e-06,0.6944349956722269,116.94985511051779,2.15563321,0.127375126
48,3.825646494056349e-06,6.3144331086641165e-06,3.825646494056349e-06,0.5878708147854947,112.74798115856677,1.87183547,0.127177492
63,2.602332357856101e-05,4.275563207089069e-05,2.602332357856101e-05,1.5740189469333354,148.7512499453133,4.56635189,0.128791735
70,4.3893870529205506e-05,7.348616523739466e-05,4.3893870529205506e-05,2.2108880202828076,165.3042394707161,6.24864388,0.125516757
61,1.9049888738638123e-05,3.1143934795486064e-05,1.9049888738638123e-05,1.3080623412257066,138.8078779573954,3.53756142,0.12860994
55,1.495792374195906e-05,2.4759201109461344e-05,1.495792374195906e-05,1.1100728567404665,131.10125369260084,3.21946597,0.128579512
65,1.5360690536155484e-05,2.534482116147527e-05,1.5360690536155484e-05,1.324110271691231,154.8317802413125,3.89400554,0.12758626
72,2.508587030115359e-05,4.1393450616540435e-05,2.508587030115359e-05,1.800111848568376,167.08772733763305,5.88480759,0.12447118
68,2.5233563815591363e-05,4.17816266537047e-05,2.5233563815591363e-05,1.6849040685349177,159.0407575999665,5.11197281,0.123747058
72,3.067986020820759e-05,5.109208636005589e-05,3.067986020820759e-05,1.97600711660624,168.40478374088556,5.89838839,0.120579265
55,1.664620428109854e-05,2.830155526734168e-05,1.664620428109854e-05,0.948846222817438,92.89334346543724,4.38795471,0.128476873
55,1.0671914999920494e-05,1.7904126286807e-05,1.0671914999920494e-05,0.8031780880716524,91.82065267879858,3.65484762,0.127761513
54,1.4018910733762773e-05,2.389625107986437e-05,1.4018910733762773e-05,0.8961703591037169,93.9317829041241,4.17988539,0.127857357
56,1.3251485791339127e-05,2.241518406551184e-05,1.3251485791339127e-05,0.876613995179736,93.19548361235103,3.98645735,0.128342628
54,6.426019697057358e-06,1.0265142794449277e-05,6.426019697057358e-06,0.6980022068159754,92.6153763228984,2.71306443,0.127683818
54,4.713119162322247e-06,7.302678756290412e-06,4.713119162322247e-06,0.6283813850722932,92.66095981461602,2.09077144,0.12808843
50,3.5501496386577897e-06,5.423110299646688e-06,3.5501496386577897e-06,0.5696178178916897,92.18862197613217,1.6160177,0.128324658
65,8.278455836217205e-05,0.00013641130992399558,8.278455836217205e-05,2.019053669399732,106.51568179098467,6.90661526,0.127125099
47,2.9230593490163836e-06,4.605445610441054e-06,2.9230593490163836e-06,0.5176827740531189,94.34617287852457,1.80554521,0.12663652
49,4.524239537875918e-06,6.9257638959216504e-06,4.524239537875918e-06,0.6284984128788954,93.69385800981648,1.80070543,0.12815398
53,5.612266666211085e-06,8.655058042916847e-06,5.612266666211085e-06,0.6806653955116243,95.35132806030038,1.95514989,0.12722601
52,6.394062539348556e-06,9.967581931219107e-06,6.394062539348556e-06,0.7090647858425073,96.08089802244672,2.0983212,0.126950592
46,3.560228195828033e-06,5.686076739327695e-06,3.560228195828033e-06,0.5851406449276563,109.90599613426106,1.68784559,0.126455158
50,5.211036350201187e-06,8.305951006815668e-06,5.211036350201187e-06,0.6809712271123314,110.78544552449492,1.95202684,0.127138034
52,6.165782843344543e-06,9.83050906787223e-06,6.165782843344543e-06,0.730469596418016,111.27993236976918,2.35973144,0.126890466
51,1.2837212598032016e-05,2.239997822196362e-05,1.2837212598032016e-05,0.9346001590012091,113.90493367125438,4.19155979,0.126424596
54,3.67076065450557e-05,6.297390067538712e-05,3.67076065450557e-05,1.5012955706694537,122.73421255918039,5.17759323,0.126754448
143,0.00023574542152227505,0.00031279268267647356,0.00023574542152227505,9.360438749416621,450.4324277205143,11.650877,0.126890376
70,0.00014034922542281475,0.0002273177710588812,0.00014034922542281475,3.413317175351912,159.5175239367441,6.86992025,0.126219466
40,0.00013669031290247115,0.0005310617262174566,0.00013669031290247115,0.4532957991672912,77.62458956984453,52.9473152,0.127085179
69,0.0006580074324878454,0.0010243045721896641,0.0006580074324878454,6.247167383980781,154.10432292076564,11.413887,0.127785981
58,0.00010399213271117511,0.00018098598904874868,0.00010399213271117511,2.2276433030192004,121.73111388794223,7.64854956,0.127667889
50,5.476632303948639e-06,8.573458938444877e-06,5.476632303948639e-06,0.6789311149164284,99.73103812054069,2.17929339,0.127313957
54,1.0640816647422064e-05,1.629403175334733e-05,1.0640816647422064e-05,0.9280172806741045,106.03103948687848,2.38813663,0.128437534
51,4.191106354553317e-06,6.632862363849231e-06,4.191106354553317e-06,0.6018397268346676,98.08905164902751,2.03759575,0.127254248
48,3.957855077308634e-06,6.290195693001461e-06,3.957855077308634e-06,0.582204812309846,96.58399451746746,2.00750852,0.127466783
50,5.098680223856096e-06,8.111973453777977e-06,5.098680223856096e-06,0.6434571633223036,98.57670329805066,2.16946125,0.128084019
50,4.318878352435275e-06,6.805421570541892e-06,4.318878352435275e-06,0.6058570207268817,95.89352006081978,2.05373716,0.127582207
58,1.854977251362382e-05,3.024106783029912e-05,1.854977251362382e-05,1.2564452991821415,133.81108139381558,3.38744116,0.128492177
54,1.3009657791807875e-05,2.1751417957394845e-05,1.3009657791807875e-05,0.9938171122610361,124.11694187014005,3.09532213,0.128583908
50,4.2085311870947925e-06,6.818667832121059e-06,4.2085311870947925e-06,0.6135828539610775,111.13518990923518,1.94823003,0.126697898
49,5.015264481788567e-06,8.196859397647736e-06,5.015264481788567e-06,0.659198642195688,113.30895027080828,2.05097389,0.127301827
50,5.725696160332873e-06,9.398960210491036e-06,5.725696160332873e-06,0.6945339108787546,115.13408536855725,2.09977579,0.127255812
51,1.0442352352596316e-05,1.7326787136635694e-05,1.0442352352596316e-05,0.8956671437774605,120.37422863655333,2.83041883,0.128425494
75,3.913062171284096e-05,6.479654489194974e-05,3.913062171284096e-05,2.0153961766088995,158.7988887492916,5.92039824,0.124232821
67,3.4260386322586796e-05,5.602450523504684e-05,3.4260386322586796e-05,1.7934850607934445,151.12766661447694,5.1292367,0.126684755
68,3.072776895993898e-05,5.004758276990998e-05,3.072776895993898e-05,1.6990501113347387,148.58678056172832,4.67580414,0.126403749
53,1.5368038937306598e-05,2.6021180617396182e-05,1.5368038937306598e-05,0.9225756706132314,93.21777365377787,4.19670963,0.12809357
60,4.745891389848243e-05,7.985074962415756e-05,4.745891389848243e-05,1.5158559059000574,99.93106959013002,6.07724428,0.128675431
62,4.837700126753961e-05,8.160238867629973e-05,4.837700126753961e-05,1.5294600409793295,100.58263382772893,6.21292639,0.129665196
55,1.3666635456543033e-05,2.2961015318387376e-05,1.3666635456543033e-05,0.9069349754739728,94.83250185207893,3.95247602,0.127644897
57,2.877622600773941e-05,4.889530169541923e-05,2.877622600773941e-05,1.2279843783838462,98.57675832277847,5.2252264,0.1282655
60,3.5048970276140866e-05,5.962050489372516e-05,3.5048970276140866e-05,1.3114471834475592,98.16533973467867,5.63652897,0.127903551
55,7.918703049586372e-06,1.2620274610686215e-05,7.918703049586372e-06,0.7592168114155028,94.2611383606865,2.89243603,0.128741607
55,6.132102139838663e-06,9.419501886715241e-06,6.132102139838663e-06,0.7048674690800301,94.67682977415053,2.11322522,0.129108816
76,0.00024934581571062155,0.0003824000751549626,0.00024934581571062155,3.934933592442672,128.46573137314928,8.49011707,0.123424307
53,5.8591766855221354e-06,8.957090226169967e-06,5.8591766855221354e-06,0.6997836685957716,95.4632122143043,2.01438069,0.128300786
54,9.107881784605177e-06,1.3854116754125219e-05,9.107881784605177e-06,0.8558080938950614,99.78131724544687,2.5904212,0.126383245
55,8.587265334514975e-06,1.3007264446229725e-05,8.587265334514975e-06,0.847499817947705,99.94899647929748,2.62276769,0.127185926
53,8.392631864165142e-06,1.2966781890517197e-05,8.392631864165142e-06,0.8038432542755257,97.885967400271,2.24993443,0.127300903
51,5.60709697903738e-06,9.06606920982957e-06,5.60709697903738e-06,0.6914350065131136,112.2365028306987,2.15288806,0.127744257
51,6.53733728087388e-06,1.0461055552287607e-05,6.53733728087388e-06,0.747247685024592,112.83209198941438,2.2095809,0.128534421
51,8.185508914735503e-06,1.310758728016346e-05,8.185508914735503e-06,0.8293154191204205,113.01308245842196,2.87561345,0.127140209
54,7.3159626372272545e-06,1.1573916079421494e-05,7.3159626372272545e-06,0.7965547189528812,113.33626837931938,2.5506649,0.128159463
54,1.829023606490654e-05,3.146068127269977e-05,1.829023606490654e-05,1.117958020090452,117.43671125144809,4.45354271,0.126904279
41,0.00025417017850920515,0.0008715372501415936,0.00025417017850920515,0.5981675293150601,77.27318047980326,55.8612061,0.12747629
90,0.00034994951674520794,0.0005133547874987642,0.00034994951674520794,7.066835070765187,228.02146085368346,7.94797039,0.126518816
57,3.0232122233263578e-05,4.973325888708214e-05,3.0232122233263578e-05,1.5165383584081267,126.71439833777967,4.70025158,0.12677981
89,0.00031762731341973934,0.0004695515823945552,0.00031762731341973934,6.555656824336712,218.53509144714047,8.88831329,0.127819896
77,0.00041826999096849886,0.0006371014737156372,0.00041826999096849886,6.172261900051666,175.36729446303747,9.7350359,0.127746701
60,9.593322575796156e-05,0.0001609983760006936,9.593322575796156e-05,2.35006301487903,126.59885368603771,6.9715538,0.128472805
52,5.989254653487842e-06,9.322185126278974e-06,5.989254653487842e-06,0.7096978377108168,100.37644870406665,2.16526961,0.128249735
58,2.3331061823721948e-05,3.69722201103091e-05,2.3331061823721948e-05,1.3461297813395927,116.5457815411583,4.2347064,0.128458068
55,1.1946550347153499e-05,1.829565180541389e-05,1.1946550347153499e-05,0.9760477241347792,106.6906435827662,2.50347662,0.12832059
50,5.526182236948537e-06,8.756217210300311e-06,5.526182236948537e-06,0.6666814229197894,98.08545226938674,2.19897413,0.128242627
52,7.778401986590998e-06,1.225691446930767e-05,7.778401986590998e-06,0.7754159901249591,101.24553952286804,2.73253298,0.129811749
51,7.244651089811154e-06,1.1348474214384155e-05,7.244651089811154e-06,0.7607874515997544,101.43844220681628,2.54079866,0.12779884
53,8.758650954714816e-06,1.3510142379439982e-05,8.758650954714816e-06,0.8253369789360938,99.32792871824265,2.38366437,0.128620237
62,2.4105169996769998e-05,3.899807605990221e-05,2.4105169996769998e-05,1.4914581225441557,141.15858413041178,3.89891315,0.128406093
74,7.463497644722069e-05,0.00012032944906453151,7.463497644722069e-05,2.9758620517850995,168.11707205286746,7.98277712,0.122180559
57,1.7472939918207547e-05,2.8339677421877922e-05,1.7472939918207547e-05,1.198165975461243,129.2985569315879,3.14903712,0.128114641
52,7.638002160829482e-06,1.2408892203215304e-05,7.638002160829482e-06,0.7880998915263763,115.9469503259525,2.30413318,0.127733707
50,9.501284404329574e-06,1.5492742349554166e-05,9.501284404329574e-06,0.8674510137220777,118.78797447508146,2.55578232,0.128049657
58,1.9026045206799618e-05,3.058064302847438e-05,1.9026045206799618e-05,1.2656883157867833,130.06547756292449,3.54220986,0.127837196
64,9.100148233521102e-05,0.00014904651479833328,9.100148233521102e-05,2.147063929625595,109.12413401925123,7.07549,0.130091667
75,0.00016717143951135277,0.000265152839290189,0.00016717143951135277,3.0167091816559104,118.57734643987614,8.14958286,0.125433341
62,5.105241994562341e-05,8.449498959866726e-05,5.105241994562341e-05,1.6462781485192415,105.2065887432816,5.89019537,0.127569079
58,1.3248948717095785e-05,2.1616737279271452e-05,1.3248948717095785e-05,0.925570210661256,96.9240640116486,3.62740231,0.129470006
70,0.00012840988294031798,0.00020634874864859965,0.00012840988294031798,2.578881139888837,113.56788359051937,7.59469938,0.129144356
56,8.887922795770827e-06,1.3711880163120995e-05,8.887922795770827e-06,0.8332303435527183,97.37691585859854,2.64952993,0.129431099
64,2.5534986978433203e-05,4.106663163526571e-05,2.5534986978433203e-05,1.282561910752472,103.34911691924029,4.40419149,0.13072437
84,0.00040194399769880864,0.0005987340726015355,0.00040194399769880864,5.365875895997874,141.85828099319517,10.1431408,0.122414283
54,1.0930208907699996e-05,1.667764407721909e-05,1.0930208907699996e-05,0.935423964852984,100.51349221027844,2.72512364,0.128817409
56,1.1442781311398396e-05,1.7270413569087877e-05,1.1442781311398396e-05,0.9821392458955606,104.45069315473354,2.61316013,0.12605992
63,1.548495969550253e-05,2.326915832537209e-05,1.548495969550253e-05,1.1750203571456737,110.54073836955843,3.75938892,0.124978535
67,2.605592649967018e-05,3.963715218993801e-05,2.605592649967018e-05,1.5151728410277094,116.9163489862681,5.12201071,0.122943535
51,8.125419682633619e-06,1.3108631440722935e-05,8.125419682633619e-06,0.8144398349359677,115.14084284508753,2.42055607,0.128315642
58,1.1229031114292636e-05,1.7857640325830745e-05,1.1229031114292636e-05,0.9651698687770547,118.31360703574622,3.46143746,0.128003806
57,1.4009960207573725e-05,2.2314311165025865e-05,1.4009960207573725e-05,1.0688999872108882,121.15726449391421,3.31431818,0.127606228
55,1.1066311190087481e-05,1.7474645521250107e-05,1.1066311190087481e-05,0.9743990179520184,117.40547692231537,3.02729964,0.128732517
61,1.1153984982925755e-05,1.7631082565911252e-05,1.1153984982925755e-05,0.9679710621350911,117.84627332006201,3.2576921,0.127828687
40,4.7881061855333977e-05,0.00016709506043505794,4.7881061855333977e-05,0.4051706265654892,77.96214762916837,24.6753559,0.127687559
60,2.2194311020725157e-05,3.50920387253744e-05,2.2194311020725157e-05,1.3772759663095149,125.9126169375544,3.99452686,0.127848834
68,3.791346027838592e-05,6.176897867161077e-05,3.791346027838592e-05,1.7530655693209976,135.33858525786547,6.51655197,0.128741935
59,1.396337837484707e-05,2.2032105288740625e-05,1.396337837484707e-05,1.094376385255759,120.29076741108736,3.26824379,0.129500553
96,0.00016130077165993692,0.00027172798363424896,0.00016130077165993692,3.471097909376935,165.21093339893685,18.5187397,0.128117695
87,0.00030046948709061734,0.00043026818441272476,0.00030046948709061734,7.363864642583617,235.16590496559596,7.58292627,0.127862006
130,9.423139236537923e-05,0.000130849476659718,9.423139236537923e-05,5.029096989270324,287.4841026482909,9.46401024,0.127280504
63,5.9926440249272796e-05,9.66466008340498e-05,5.9926440249272796e-05,2.122120947087586,131.07797493304292,5.67328644,0.12804848
55,1.1802670554891356e-05,1.821961166592658e-05,1.1802670554891356e-05,0.9656943753301093,105.87459413344082,2.79888606,0.127814412
63,2.1780676271806534e-05,3.331886808839998e-05,2.1780676271806534e-05,1.412382631800287,122.2355582955421,4.73077154,0.126018092
61,1.9816779198499002e-05,3.0426966633562846e-05,1.9816779198499002e-05,1.3194822113747817,116.84870092893294,4.18482637,0.126483217
60,1.5437730286908194e-05,2.355795744955033e-05,1.5437730286908194e-05,1.0941791632238893,106.4307739005376,3.47286463,0.129306108
61,2.1050575205147903e-05,3.198697681647599e-05,2.1050575205147903e-05,1.3278384399614325,114.31513397198646,4.2522974,0.127806664
62,1.9586841068421237e-05,3.0018245108152616e-05,1.9586841068421237e-05,1.303983108278021,115.55373464086502,4.68844366,0.1262739
57,1.4584293087397196e-05,2.1976763285244252e-05,1.4584293087397196e-05,1.0873188110451975,106.23245256184987,3.1594038,0.127466843
70,4.526612439630039e-05,7.296185699295137e-05,4.526612439630039e-05,2.093071849640298,152.41673051398536,5.74683762,0.122678451
71,4.347586852703744e-05,6.844722439897425e-05,4.347586852703744e-05,2.329864143090374,155.68511333279835,6.19251394,0.122199401
54,1.4354159821819467e-05,2.315790614620919e-05,1.4354159821819467e-05,1.0675543208833735,123.1759235347194,3.01839423,0.128290698
58,1.666599235817959e-05,2.6562904773260488e-05,1.666599235817959e-05,1.1746525044842917,125.45176557799498,3.81519365,0.128104016
63,2.7668649739817016e-05,4.3906480984398444e-05,2.7668649739817016e-05,1.610797141185412,140.99737808627486,4.69864416,0.126330122
89,0.0003925063707176048,0.0005833213065214397,0.0003925063707176048,5.475483700107223,145.98678328816925,9.60383701,0.120607138
67,8.723323812000106e-05,0.0001386447198339564,8.723323812000106e-05,2.270256985383809,115.29715694070615,6.28907871,0.126910374
84,0.0003584173019011658,0.000512062774874533,0.0003584173019011658,5.653024079387925,155.0155491255218,11.2506876,0.121516533
68,6.894307170659363e-05,0.00010480561542786074,6.894307170659363e-05,2.28154020019317,122.0297656638917,6.37170839,0.124288492
81,0.000177741961854837,0.0002620655300029274,0.000177741961854837,3.9661276348408583,143.3120394203261,8.94979382,0.123872399
73,3.9131754953811165e-05,6.121299794218173e-05,3.9131754953811165e-05,1.8672289481478315,127.67787402706102,6.13321209,0.12171182
68,3.856093091475183e-05,5.939689184824567e-05,3.856093091475183e-05,1.8948681240246394,125.64281518635804,6.16509438,0.122352593
57,1.5015362167077897e-05,2.3954069951782683e-05,1.5015362167077897e-05,1.1252021394664429,124.13781935920139,3.76034594,0.127600655
66,2.7979601425208146e-05,4.5062475056233605e-05,2.7979601425208146e-05,1.6890620181481533,136.42122446609022,5.58022213,0.125078946
63,2.402777497853485e-05,3.8075084481476845e-05,2.402777497853485e-05,1.5460046728125472,135.1509081159397,4.65202665,0.124270499
61,1.4640162758749216e-05,2.3332862360883853e-05,1.4640162758749216e-05,1.1233934628089712,122.25455676159628,4.16037798,0.129743055
63,2.107848900053273e-05,3.4207698986469115e-05,2.107848900053273e-05,1.3890556452563387,128.9257982003207,5.10078287,0.125617296
65,3.258000621703868e-05,5.726933609090867e-05,3.258000621703868e-05,1.5203326656079532,130.3519654687076,6.8821702,0.129303515
120,0.0004483285091647067,0.0009003265932256496,0.0004483285091647067,4.598282401565525,180.9515878342741,28.652853,0.126142025
50,6.528995194257111e-05,0.0001912661993765282,6.528995194257111e-05,0.8722852184738604,94.19248965991514,23.7620029,0.12298689
125,8.067271369276006e-05,0.00012069685607939385,8.067271369276006e-05,3.879821633892531,228.7764884024921,8.60284519,0.125942484
76,4.91356873648378e-05,7.86922390866688e-05,4.91356873648378e-05,2.3083634419862906,144.52090156366276,6.83144093,0.120478019
67,2.5871466096250168e-05,3.972398998173301e-05,2.5871466096250168e-05,1.5957306731450365,126.7216746375825,5.4413228,0.123229168
65,2.531341881333109e-05,3.8459366938645924e-05,2.531341881333109e-05,1.5076617120530456,119.00602371723444,5.23503637,0.127761275
73,4.0092377353910545e-05,6.439935195583163e-05,4.0092377353910545e-05,2.1183361595875234,150.14475545747644,6.14300776,0.120245613
66,2.8778482069837785e-05,4.5843562130409205e-05,2.8778482069837785e-05,1.7447364031281325,140.95310800041304,5.32652998,0.123796076
80,7.289895894330355e-05,0.00013710866732707954,7.289895894330355e-05,2.3775071342569625,148.42604792795706,10.7404156,0.123462342
83,0.00011390793935374815,0.00022878744658724748,0.00011390793935374815,2.3637675408023098,142.56075020061388,14.257041,0.128866851
