streamline_id,segment_index,x_m,y_m,z_m,tau_Pa,dt_s,time_fraction,weighted_linearized_source
0,194,0.012671622,0.0328780897,0.00030197372,11.1875286,0.00020620714753128786,0.8320416468058339,7.692549961622064e-08
0,232,0.0245329179,0.0460542459,0.00030197372,13.2483883,0.00012861537332064854,0.9198172224521518,8.073318803545238e-08
0,231,0.02450555935,0.0459674578,0.00030197372,16.5967579,0.00012544721158869396,0.9194826979742085,1.5754524049653333e-07
1,229,0.0245144377,0.0460266583,0.00010505836,14.6125469,0.00011635991178737533,0.919249887965817,9.817292731421103e-08
1,227,0.024448896749999997,0.04585322365,0.00010505836,14.565568,0.0001255692900217862,0.918699941606166,1.0489810547839881e-07
1,228,0.02449372225,0.0459521804,0.00010505836,17.0480633,9.649821073736363e-05,0.9189492571553138,1.3084508947300012e-07
2,210,0.02459243685,0.04615001195,0.000204907017,9.91416359,0.0002512045295866798,0.9097035771730816,8.231249950870868e-08
2,209,0.024547088,0.046025210999999996,0.000204907017,12.9944677,0.00015583131574051172,0.9089457228677834,1.1741702204270196e-07
2,208,0.0245125359,0.0459252242,0.000204907017,18.0609283,9.516233582414095e-05,0.9084755982496941,1.9751351202507224e-07
3,201,0.0245874105,0.04608912205,0.000198282534,10.7891054,0.00017938507986543876,0.9033759878865992,7.576897017554356e-08
3,199,0.02449059025,0.045867111550000006,0.000198282534,14.687396,0.00011097552868050548,0.9023606082466605,1.211211473965858e-07
3,200,0.02454237175,0.0459761806,0.000198282534,14.339283,0.00013062283667603688,0.9027884417366938,1.3241898569548598e-07
4,196,0.024646098749999998,0.0461764671,0.000201955263,8.98846436,0.0002813835443030867,0.9000650070341017,6.74671027348828e-08
4,195,0.0245842636,0.046034248550000004,0.000201955263,11.5690527,0.00013922057525411996,0.8990916274864927,7.25857432579726e-08
4,194,0.024533796150000002,0.045919153850000005,0.000201955263,16.1390953,0.00012854162324255576,0.8986100269689701,1.8671139812114813e-07
5,186,0.0247565545,0.046316027600000004,0.000306555856,7.34957838,0.0003339983399179316,0.8997638695247665,4.299553063388598e-08
5,185,0.0246639475,0.046135490749999994,0.000306555856,8.6982832,0.00021612399440717567,0.8985517983338253,4.672843667897619e-08
5,184,0.02458211405,0.04597193005,0.000306555856,11.0806112,0.00019396145467229976,0.8977674900424834,8.833922178550317e-08
6,189,0.0246960502,0.0462343376,8.89372823e-05,8.18517399,0.00026486471449478654,0.8979014890371945,4.748336327913677e-08
6,188,0.0246198205,0.0460716579,8.89372823e-05,9.38325882,0.00020553285612054958,0.896943533360743,5.6102988294158104e-08
6,187,0.0245545488,0.0459302999,8.89372823e-05,14.4706287,0.0001310095376216005,0.8962001675764651,1.356525840921891e-07
7,137,0.01191395985,0.032967664300000005,0.000287601346,6.42498398,0.0004687731813331851,0.7909596435157378,3.98571259715061e-08
7,179,0.024622654549999998,0.0460351836,0.000287601346,8.64034367,0.00023900612138221455,0.8939889034994426,5.057394738031228e-08
7,178,0.0245355135,0.04587131925,0.000287601346,11.9215384,0.00012710427110391016,0.8930767533681225,7.243448343883275e-08
8,177,0.02475600135,0.04624570905,9.80262485e-05,7.26910591,0.0003033067695574046,0.894766477443267,3.770405390750505e-08
8,176,0.02464834975,0.046043176199999994,9.80262485e-05,8.13963699,0.00022227106286434853,0.893579836401752,3.913616561199182e-08
8,175,0.0245542489,0.0458735116,9.80262485e-05,10.9189405,0.00014926034493410438,0.8927102350871461,6.490522849769904e-08
9,174,0.02465471065,0.0460433196,0.000249999983,8.03306198,0.00021152985259280908,0.893081621756348,3.576369310080947e-08
9,175,0.0247678384,0.0462536085,0.000249999983,7.19099808,0.0003310300011672021,0.8943905750209293,3.9803854684765195e-08
9,173,0.0245578168,0.04587153715,0.000249999983,10.6093292,0.00016151282639133676,0.8922451939699495,6.428145051688266e-08
10,170,0.02467291525,0.04604066535,9.34445779e-05,7.69291115,0.00023752335935538812,0.8915880098539073,3.514922106978693e-08
10,171,0.02480602825,0.04627889395,9.34445779e-05,6.9269228,0.00035811662832751844,0.8930552270197164,3.837453934821398e-08
10,169,0.0245643342,0.04585541035,9.34445779e-05,9.18189335,0.00016020445943224396,0.8906148678030775,4.086765200363313e-08
11,167,0.02469443345,0.0461095776,0.000311062759,7.93741894,0.00022421559594269883,0.8903658870843613,3.653410956317965e-08
11,127,0.0119624785,0.0328949969,0.000311062759,6.57152843,0.00040316917523677815,0.7856419129504831,3.673739139572482e-08
11,166,0.0246003736,0.04593575745,0.000311062759,10.3853207,0.00017094713676135687,0.8894507283901372,6.370711382472508e-08
12,127,0.0119090029,0.0329105705,0.000168797938,5.96248388,0.00040292117491240226,0.7853450821450284,2.7215559780033563e-08
12,168,0.02480527385,0.04626747405,0.000168797938,6.86126947,0.0003350859552418199,0.8913436059420059,3.486771921835027e-08
12,167,0.024664303300000003,0.046019352949999995,0.000168797938,7.60952854,0.00026964669791953414,0.8899429435595455,3.858472662724728e-08
13,169,0.025201317850000002,0.0468797013,0.000296067039,4.75618744,0.0007125727980695876,0.8951547791768969,2.4003110780794523e-08
13,168,0.02494080365,0.04645655305,0.000296067039,5.75935316,0.00048285951103531593,0.8921024770678744,2.9313111740546594e-08
13,166,0.02465115305,0.045964550199999996,0.000296067039,7.28819752,0.00023929220993548902,0.8890024465284281,2.9981560225403834e-08
14,164,0.0246576164,0.04597198775,9.49416208e-05,7.27751112,0.00021413119183078522,0.8884720114453729,2.67080958966681e-08
14,165,0.024792728,0.04620469175,9.49416208e-05,6.6030755,0.0003167566619782249,0.8898366946427744,2.9288479462824574e-08
14,123,0.01185343695,0.0329296943,9.49416208e-05,5.68743372,0.0005181389572717931,0.7830766503744442,3.02614568786061e-08
15,163,0.0252663437,0.0469442364,0.000233482438,4.58974075,0.0007378200650814189,0.8950142717327745,2.227274948890432e-08
15,162,0.024984360650000002,0.04648982175,0.000233482438,5.44407463,0.0005079408487048628,0.8917807249970732,2.593015635350712e-08
15,160,0.024670296350000002,0.04596483705,0.000233482438,6.97594738,0.0002413342864533817,0.8884438151867098,2.642505027269031e-08
16,162,0.025266483450000002,0.04693049195,9.49416208e-05,4.60532761,0.0006822928432247596,0.8934972596380008,2.0812418144196453e-08
16,160,0.024796897550000002,0.046163518,9.49416208e-05,6.35401583,0.0002840490456672342,0.8881376690416706,2.333301375135046e-08
16,161,0.02499028855,0.046485805899999996,9.49416208e-05,5.36980915,0.0005183659179697004,0.8904515896902356,2.5366821594071607e-08
17,163,0.0252766078,0.046951742850000006,0.000311062642,4.55355406,0.0007329474933834909,0.8930520470946902,2.1592791456101735e-08
17,160,0.024685027999999998,0.04598174805,0.000311062642,6.9064374,0.00023761845956892373,0.8864171798440936,2.522808739622658e-08
17,161,0.02483613135,0.04623566945,0.000311062642,6.31586361,0.0003294799646366438,0.8878942595157818,2.6567608394818423e-08
18,157,0.02525899095,0.046860512349999994,0.000112398629,4.49223518,0.0006823630310274737,0.892693068038929,1.928041342598322e-08
18,156,0.0249844296,0.046420894549999994,0.000112398629,5.31970596,0.0004358123981241358,0.8895597176562372,2.071960689352497e-08
18,155,0.024782464849999998,0.0460916385,0.000112398629,6.11290359,0.00032380062353672167,0.8875585058637581,2.3611835836109495e-08
19,154,0.024716556100000002,0.045983389,0.000286628492,6.32230806,0.0002400430256078488,0.8861106507373917,1.941578516837209e-08
19,156,0.02516012825,0.046703908599999996,0.000286628492,4.77527237,0.0006701742406507504,0.8910370341792057,2.2853374875147946e-08
19,155,0.0248931982,0.046272147449999995,0.000286628492,5.80392218,0.00039594173430511294,0.8879402460625012,2.4612050471718225e-08
20,153,0.02507625335,0.0465489253,0.000107207168,4.90304136,0.0004918416762706632,0.889114159551218,1.8191526944752802e-08
20,116,0.01210154085,0.03270762415,0.000107207168,6.28957319,0.0002454881311489461,0.77953520446181,1.954094815573991e-08
20,152,0.0248411037,0.046167552449999996,0.000107207168,5.80269051,0.00040118402108996844,0.8868074307145816,2.492093612411635e-08
21,116,0.0119893439,0.03275912255,0.000286628521,5.96440554,0.0003046749870968937,0.7790104759221593,2.059656030303913e-08
21,153,0.02493285855,0.046306517,0.000286628521,5.47269011,0.00040983775530347094,0.8875725735493388,2.1260198390434722e-08
21,152,0.0247114841,0.045956986049999995,0.000286628521,6.01315403,0.00034882231208288996,0.8856414816504482,2.4179223568790157e-08
22,115,0.011966063150000001,0.0327532813,0.00011532614,5.59259462,0.0002881491259217352,0.7770818200882402,1.5978364802832164e-08
22,153,0.02518546025,0.04670434815,0.00011532614,4.62488461,0.0006467916062236976,0.8892151187615863,1.9986202786967703e-08
22,152,0.024910064449999998,0.046262407650000004,0.00011532614,5.5412941,0.00041095563089424257,0.8861253631521581,2.215095970977359e-08
23,150,0.0249806568,0.046347726150000004,0.000305058376,5.2523489,0.0003451324762434038,0.8869929314676794,1.5776083797504693e-08
23,151,0.025239205,0.046758689,0.000305058376,4.38154221,0.000636435333054915,0.8900590481779365,1.6652151401308723e-08
23,149,0.024778896,0.0460286625,0.000305058376,5.64601374,0.0003446462158908191,0.8853302072320799,1.9678458579363336e-08
24,151,0.02525900025,0.046781770900000005,0.000115326169,4.2921257,0.0006195166783542494,0.889733771010266,1.521253110936573e-08
24,149,0.0247728629,0.04600776545,0.000115326169,5.65373611,0.00027986204480281686,0.8846257303087007,1.6046504616650854e-08
24,150,0.0249793315,0.04633668065,0.000115326169,5.13412571,0.00043291634126590707,0.8867269132346765,1.844929596072289e-08
25,114,0.01194546695,0.032737422749999995,0.000286628521,5.35274315,0.0003163809812513926,0.7768674527733801,1.5329103445702627e-08
25,151,0.025213832050000003,0.04669496045,0.000286628521,4.35150576,0.0006056497145733609,0.8889497692365802,1.551417391197403e-08
25,150,0.0249330923,0.0462491326,0.000286628521,5.19795561,0.00042334758970376084,0.8859850887668691,1.8740521768609275e-08
26,149,0.0253370376,0.04685380495,0.000107207212,3.91502309,0.0006243427412253387,0.8902961148295643,1.155149809161094e-08
26,148,0.025049335300000003,0.0464013014,0.000107207212,4.61652613,0.0004309478710386585,0.8872055504941936,1.3241745513266015e-08
26,147,0.0247997753,0.04601534085,0.000107207212,5.06999016,0.00039636234810043095,0.8850723117573709,1.6249888474147968e-08
27,110,0.011732757600000001,0.032830426499999996,0.000286628579,4.22321463,0.0004864805364789615,0.7765956487406049,1.1364796502727765e-08
27,147,0.024826677550000002,0.0460419636,0.000286628579,5.002635,0.0003045415055249648,0.8849835879702069,1.1981893813953502e-08
27,148,0.02504868525,0.046389767900000003,0.000286628579,4.55006266,0.0004433702352390628,0.8871879668180476,1.3028700616831505e-08
28,149,0.025065544949999997,0.0463998504,0.000112398739,4.46938896,0.00037473290703664194,0.8866113112199233,1.0421529238326321e-08
28,148,0.02484813235,0.04606220685,0.000112398739,4.75514078,0.0003466578988535674,0.8847263505242653,1.166669657336249e-08
28,114,0.01209672215,0.032640894850000005,0.000112398739,5.59218264,0.00025032043031063706,0.7771014017131297,1.387614956563249e-08
29,149,0.025203355599999998,0.0465834476,0.000296067097,3.90856552,0.0005707225460587118,0.8890269572376343,1.0505394452565676e-08
29,114,0.012074612549999999,0.032641353100000006,0.000296067097,5.55941296,0.00022420869718339797,0.778297554871989,1.2205750100777065e-08
29,148,0.0248712348,0.046075353400000005,0.000296067097,4.37612009,0.0005155963380765902,0.8861404725664824,1.3437729320367237e-08
30,112,0.0118940058,0.032705029499999996,0.000112398644,4.54943132,0.00028168084447611564,0.7768495567539059,8.273269071139237e-09
30,149,0.0253961682,0.04687322865,0.000112398644,3.57415128,0.0006022871271452006,0.8903507509918667,8.418377625834628e-09
30,148,0.0250785956,0.0463780053,0.000112398644,4.04542303,0.0005070814124283451,0.8872791344410965,1.0376609846234824e-08
31,146,0.02521641925,0.0465742741,0.000281161425,3.78283143,0.000532512289326929,0.8886508048874325,8.863392963420292e-09
31,111,0.0120104584,0.0326464437,0.000281161425,5.14823771,0.0002445995929721857,0.7775118135509047,1.0511176720526681e-08
31,145,0.0248952219,0.0460843239,0.000281161425,4.09520197,0.0005023628771335903,0.8859191115227546,1.0674328719273613e-08
32,107,0.01133554845,0.03299240955,9.3444738e-05,3.45368552,0.0005692247771143359,0.77400745866855,7.1594420378058425e-09
32,145,0.02491761745,0.0460894443,9.3444738e-05,3.79187107,0.000518889135512649,0.8864196156826389,8.700313657231289e-09
32,112,0.012080331350000001,0.032608645049999996,9.3444738e-05,5.20186043,0.0002418751094890941,0.7785692737737846,1.0730908263642276e-08
33,148,0.0255602626,0.0470733233,0.000281161425,3.36088824,0.0005797567037323005,0.8919103045861362,6.705537911412575e-09
33,147,0.02524830865,0.04659025745,0.000281161425,3.55562258,0.0004943598211157137,0.8889022122968132,6.800120356874042e-09
33,146,0.0249456102,0.0461286325,0.000281161425,3.77990866,0.0004718341827627908,0.8863372053611869,7.834731555216148e-09
34,146,0.025266574700000002,0.0466043707,0.000112398877,3.47011924,0.0005348926623411417,0.8887782913193065,6.826448683259698e-09
34,109,0.0116652474,0.0327711869,0.000112398877,3.8622241,0.0004341261077604688,0.7755733942926335,7.702578714541697e-09
34,145,0.02493246085,0.04609763435,0.000112398877,3.64768314,0.0005190936819817249,0.8859786482945632,7.724603143922294e-09
35,147,0.025435838850000003,0.0468605161,0.000296066835,3.29628682,0.0005836289622695965,0.8902924047747907,6.358727782718903e-09
35,146,0.0250979457,0.0463394411,0.000296066835,3.59766722,0.0005410085474619802,0.8872294190248756,7.71574853483335e-09
35,111,0.01200602485,0.03261272235,0.000296066835,4.81857777,0.00024265359406315762,0.7772945010700493,8.50580010368986e-09
36,145,0.025393444100000002,0.046769414100000004,0.000112398535,3.26301384,0.0005627660715024009,0.8900218001749117,5.942784846751519e-09
36,144,0.02505049105,0.046245209849999996,0.000112398535,3.5287087,0.0005419805239667992,0.8870466872371903,7.282462469225775e-09
36,110,0.0119741433,0.0326138176,0.000112398535,4.78058434,0.00029605161355737605,0.7776160850491317,1.0127549722805173e-08
37,147,0.025314629999999998,0.0466293227,0.000286628638,3.2385838,0.0005447379953327523,0.8895267727177195,5.620835419508492e-09
37,114,0.012239736000000001,0.0325290449,0.000286628638,4.74969578,0.00019414326521019558,0.779125570313612,6.5101500337741425e-09
37,111,0.01182232475,0.032667841749999996,0.000286628638,4.29603148,0.00037903782622701414,0.7773211494725432,9.331862008330564e-09
38,108,0.011748268249999999,0.03268254735,0.000107207394,3.90942669,0.0002987812039515686,0.7762618101778861,5.5028489061457505e-09
38,145,0.02506686935,0.0462443251,0.000107207394,3.3448298,0.0005619276550256745,0.8872161884222924,6.403741221166487e-09
38,111,0.01216492335,0.03253570945,0.000107207394,4.95559311,0.00023743627525096072,0.7784907847023426,9.072595611040866e-09
39,147,0.02530834825,0.0465969108,0.000286628783,3.15684772,0.0005387346851873934,0.8893336457149938,5.138233919703279e-09
39,110,0.01175602945,0.0326735768,0.000286628783,3.93017697,0.0003021208903974284,0.7765979956058227,5.6557420144533425e-09
39,113,0.012182407999999999,0.0325278509,0.000286628783,4.96596622,0.00023998701294005784,0.7788580685014771,9.22923963140835e-09
40,146,0.02582044995,0.04735750705,0.000115326111,2.90371847,0.0006197633481301844,0.8943722448176433,4.570273910297639e-09
40,107,0.01152776135,0.0327665135,0.000115326111,3.48427939,0.000414454540765256,0.7755687638746728,5.355743934902418e-09
40,110,0.01196561285,0.032577788450000006,0.000115326111,4.63953447,0.00027411502451316733,0.7781628966620603,8.55113570450004e-09
41,104,0.01107009225,0.0329978764,0.000305058347,2.87104583,0.0007161821570017587,0.772067918818352,5.100457847277687e-09
41,107,0.0116579533,0.032695081050000005,0.000305058347,3.76653171,0.000425062305064823,0.7766111804639262,6.980789470914543e-09
41,110,0.01217472555,0.03251420705,0.000305058347,4.928298,0.00027292338717048865,0.7792895480832078,1.0252538404467638e-08
42,105,0.011261554449999999,0.0328781847,0.000115326227,3.0637784,0.0005122841289942559,0.7739904599742654,4.4559077849860894e-09
42,108,0.011755844599999999,0.03263974935,0.000115326227,4.00556946,0.00037956133488039034,0.7776145359711369,7.533098447928652e-09
42,111,0.012236865699999998,0.0324915182,0.000115326227,4.70804071,0.00024775155500755456,0.779980458881014,8.085168143495454e-09
43,109,0.0120069361,0.03253325075,0.000286628696,4.51144886,0.00014343704188951,0.7784915797651224,4.105022092417084e-09
43,107,0.01171903545,0.03264168465,0.000286628696,3.87651372,0.00037892934369486593,0.7773167887560896,6.799380562990456e-09
43,110,0.0121927969,0.032488266,0.000286628696,4.90573311,0.00020440008802626768,0.7796070070204243,7.570533504579359e-09
44,103,0.01141677985,0.0327636339,0.000107207212,3.19481373,0.0004258882530276728,0.7748586507480301,4.213918182479428e-09
44,102,0.011108986550000002,0.0329166129,0.000107207212,2.82262135,0.0006416086884561952,0.772521815256528,4.336125338126547e-09
44,106,0.0119101359,0.032558087299999997,0.000107207212,4.46138525,0.0003397974407461292,0.7781346547117506,9.396205171244341e-09
45,102,0.0110980687,0.0329135396,0.000286628609,2.78439116,0.0006165243486709986,0.7725094757878436,3.995330763812283e-09
45,104,0.0115799536,0.0326825362,0.000286628609,3.57138371,0.0004718596656860737,0.7764132169502197,6.578619645110619e-09
45,107,0.012117255,0.03249630145,0.000286628609,4.92487431,0.0002994247483153928,0.7793119097836325,1.1223549140737046e-08
46,104,0.011275698,0.032799772899999996,0.000112398775,2.94855809,0.0004675288961859402,0.7750137913829198,3.6139239060497528e-09
46,110,0.0122537706,0.0324533675,0.000112398775,4.59313536,0.00024021587633574944,0.7809698477590377,7.264897401775496e-09
46,107,0.01177390755,0.0325832609,0.000112398775,4.05208302,0.00037268499513721756,0.7786359121992457,7.663855258103906e-09
47,108,0.011885678899999998,0.0325348768,0.000296067068,4.13236332,0.00015205210266776731,0.7787691176747199,3.3213923102875073e-09
47,106,0.01159283475,0.032648287750000005,0.000296067068,3.53980374,0.000420740927276307,0.7775050118638611,5.707700169130822e-09
47,109,0.012117663899999999,0.032477030500000004,0.000296067068,4.8750658,0.0003003215945607672,0.7804325319678483,1.0910338412015007e-08
48,108,0.0119488258,0.03250352105,0.000112398724,4.23517847,0.00014657752830169344,0.7793387638866974,3.453331547661181e-09
48,106,0.01165861215,0.0326070841,0.000112398724,3.68543267,0.000390391368293448,0.7781152019367792,5.995552137670294e-09
48,109,0.012180659449999999,0.032453503450000004,0.000112398724,4.72765923,0.00028985960183109424,0.7809508153202099,9.580635760357713e-09
49,108,0.0119872964,0.032485354699999996,0.000281161396,4.29731321,0.00014347117873401833,0.7796175557484504,3.53509798794589e-09
49,106,0.0116846608,0.0325884726,0.000281161396,3.77339053,0.0004100196620340406,0.7784173871708193,6.771080354026977e-09
49,109,0.01221257305,0.0324407909,0.000281161396,4.62609673,0.0002734361988035882,0.7811417373796048,8.453448297522768e-09
50,102,0.01123373165,0.03275840915,9.34443306e-05,2.84682894,0.0005706108078540807,0.7755012821855986,3.958830720813796e-09
50,104,0.011659373550000001,0.032580219199999996,9.34443306e-05,3.60511112,0.0003349155192950234,0.7783181972460491,4.806218164150773e-09
50,107,0.01212432095,0.032444341099999996,9.34443306e-05,4.81465435,0.0002666438863987923,0.7809415142237448,9.321865331620073e-09
51,102,0.01123744065,0.032751048000000005,0.000281161483,2.84172392,0.0005658089086155561,0.7758520990352744,3.903876664648559e-09
51,104,0.0116989673,0.03256223165,0.000281161483,3.76462913,0.0003754565429874112,0.7790155542989915,6.155992600963769e-09
51,107,0.01222112915,0.03242535705,0.000281161483,4.54380274,0.00028249937477103855,0.7817991151512665,8.264111450494515e-09
52,105,0.01224645785,0.0324027613,0.000112398789,4.69431686,0.000119693547022598,0.781801807082191,3.870807455517401e-09
52,100,0.011434445599999999,0.032644007350000004,0.000112398789,3.15078235,0.0005436821118126683,0.7778000322429596,5.154168441354412e-09
52,103,0.01196450415,0.0324623659,0.000112398789,4.44843626,0.00030234900476125605,0.7807896099151646,8.285689671433745e-09
53,102,0.011195099449999999,0.03273818085,0.000296067155,2.74741507,0.0005726471987418274,0.7757542210254084,3.561173689875397e-09
53,105,0.01174119395,0.0325252991,0.000296067155,3.84843373,0.00038481562056452316,0.7795610599367981,6.751668243260856e-09
53,108,0.01223760195,0.0324051883,0.000296067155,4.50369787,0.0002507785394031245,0.7820425828754176,7.1385617200409215e-09
54,106,0.01214594205,0.03240728375,0.000112398833,4.81842995,0.00012758553555792078,0.7814732149584465,4.4710186279168875e-09
54,107,0.012367066,0.03238808735,0.000112398833,3.85626507,0.0002537887773124426,0.7829073489848827,4.480682449122867e-09
54,104,0.011803592049999999,0.032496832350000004,0.000112398833,4.05018568,0.00046486078166697577,0.7803908621638334,9.544970966746899e-09
55,106,0.01220036205,0.03239039145,0.000286628492,4.72070932,0.00011382282928905635,0.7822312692904935,3.744935475460537e-09
55,102,0.0113747553,0.0326372348,0.000286628492,2.99690747,0.000595949576354917,0.7781416458052066,4.842710128075831e-09
55,104,0.011902585149999999,0.03245785275,0.000286628492,4.22412634,0.00036649572545624737,0.7812638707670312,8.564891197741278e-09
56,99,0.01128966965,0.0326504596,0.000107207532,2.7930603,0.000546158218025571,0.7773243976942052,3.573028661126784e-09
56,104,0.012399190099999999,0.032369740300000005,0.000107207532,3.77765799,0.00021678065703550618,0.7834827284888243,3.5921644187370445e-09
56,102,0.01193698775,0.03243925795,0.000107207532,4.5624671,0.0004307361675181286,0.7816329143615595,1.275993733497629e-08
57,101,0.0117621245,0.03247527035,0.000286628667,3.66953564,0.0002636156488612988,0.7808541763769528,3.994757162357565e-09
57,99,0.0113507072,0.032620811799999996,0.000286628667,2.88074207,0.0005635050959445127,0.7786014178775639,4.0544253593443825e-09
57,103,0.0120980446,0.03239223545,0.000286628667,4.69061565,0.00021871694995179375,0.7827235307243112,7.055744971662952e-09
58,104,0.01226792485,0.032357213999999995,0.000115326082,4.52566528,0.000126882693153523,0.7835487536224331,3.6661182352192916e-09
58,99,0.011437236350000001,0.032571055,0.000115326082,3.00175929,0.0005076297358381705,0.7793746635442729,4.145488962532455e-09
58,102,0.0119721815,0.032409023499999995,0.000115326082,4.39475346,0.00030823655055728534,0.7824623563400334,8.136804326701378e-09
59,98,0.0113842189,0.03258186765,0.000305058347,2.87683654,0.0005108992637206752,0.7790779376477159,3.660547923297549e-09
59,103,0.012211321399999999,0.0323582683,0.000305058347,4.61315012,0.00012201705227910863,0.7833620319548698,3.7395116661782885e-09
59,101,0.0119217532,0.0324147362,0.000305058347,4.16556215,0.0003230394305535156,0.7823162769991041,7.231588566366104e-09
60,106,0.012295926450000001,0.03234151195,0.000115326053,4.40243292,0.00013256246095025648,0.7844109886930091,3.518193311567874e-09
60,101,0.01144479865,0.0325473696,0.000115326053,3.00326729,0.0005351930837217436,0.7802156616304959,4.377299994932114e-09
60,104,0.0119929314,0.032388724349999995,0.000115326053,4.36763239,0.00030434490997208224,0.7832727160411889,7.882379588987654e-09
61,100,0.01190837425,0.032394541400000004,0.000286628754,3.78195381,0.00016475865531399112,0.7826157690088664,2.73962137988685e-09
61,98,0.01154898105,0.032500447700000004,0.000286628754,3.27086854,0.0005270228615759343,0.7811985246182632,5.605478621597346e-09
61,101,0.01216553475,0.0323533509,0.000286628754,4.46404982,0.0003261259516811948,0.7844849792573257,9.033623884720766e-09
62,100,0.011910314200000001,0.0323807448,0.000107207074,3.7289412,0.00014767753380128426,0.7831156208373365,2.351165238318662e-09
62,98,0.01157443365,0.03247616255,0.000107207074,3.26779413,0.0004967521467665963,0.7818423620881643,5.2681838720720585e-09
62,101,0.012139286400000001,0.032343331700000005,0.000107207074,4.44658804,0.0002932805337769098,0.7848006263374527,8.026312584132638e-09
63,100,0.01184498425,0.0323912259,0.000286628783,3.591609,0.0001731346500877244,0.7828794225390563,2.4558119944194047e-09
63,98,0.0114814099,0.03249907865,0.000286628783,3.05206609,0.0005475664726492945,0.7813856611661051,4.706186272961215e-09
63,101,0.01210732665,0.0323455371,0.000286628783,4.41565609,0.0003430540980491546,0.7848515982533056,9.188891093918431e-09
64,103,0.0124340891,0.032306259500000004,0.000115326155,3.80805135,0.0001628224387404074,0.7868296839067873,2.765267998386595e-09
64,98,0.011547029,0.03246221505,0.000115326155,3.07874227,0.00043254080385266307,0.7823763093715458,3.818449265103492e-09
64,101,0.012083988600000001,0.03233514725,0.000115326155,4.28816319,0.00030121389507409166,0.7854219445872912,7.372431300160846e-09
65,100,0.0119533404,0.032346025099999995,0.000305058347,3.73094678,0.0001448559235576133,0.7845796800710695,2.310017454781705e-09
65,98,0.011591575100000001,0.0324404482,0.000305058347,3.28546619,0.0005495579602983089,0.783326307088072,5.925639264592041e-09
65,101,0.0121822958,0.032314695399999996,0.000305058347,4.33771801,0.0002877016712680399,0.7862386398134569,7.295137695358437e-09
66,100,0.01196734325,0.03233129715,0.000112398637,3.70523047,0.0001439442184748429,0.7855033606355482,2.247120046953217e-09
66,98,0.0116225984,0.03241693415,0.000112398637,3.27975225,0.0004978207578966038,0.7842557537372271,5.33907497678086e-09
66,101,0.0121959592,0.0323024541,0.000112398637,4.26370573,0.0002860584783312628,0.7871557109235927,6.879245564963138e-09
67,99,0.01196137305,0.03232524169999999,0.00028116157,3.69207597,0.0001792786759924288,0.7857003190715613,2.7682317764747607e-09
67,98,0.01167912455,0.03239273095,0.00028116157,3.35065079,0.0004539021951025328,0.7846641945165718,5.199206005021933e-09
67,100,0.01224335515,0.0322949644,0.00028116157,4.06285,0.00034647437334576987,0.7877027357221245,7.1821575280759625e-09
68,100,0.012383149449999999,0.03227417545,9.34437921e-05,3.93957281,0.00015431147016272887,0.7882901523921901,2.9093234753079286e-09
68,97,0.0114835589,0.032430475550000004,9.34437921e-05,2.92087626,0.0005562377184512331,0.7839683272652525,4.175893215610517e-09
68,99,0.012085684999999999,0.032300798199999994,9.34437921e-05,4.13048315,0.00039361088082633285,0.78739737286337,8.584461969919767e-09
69,101,0.01233372045,0.032268580049999995,0.00028116157,4.01654339,0.00015906404240791325,0.7884607416475922,3.182928329136598e-09
69,97,0.011470636400000001,0.03242885325,0.00028116157,2.87987709,0.0005370868042904349,0.7842121271087708,3.860439975428167e-09
69,99,0.01198918515,0.032306447599999996,0.00028116157,3.89286518,0.0003292590957528416,0.787078642079021,5.983948185594908e-09
70,94,0.0109458463,0.032557874900000006,0.000112398695,2.17679882,0.0008118620224830274,0.7812282579768183,2.4657911805755245e-09
70,97,0.0116684679,0.0323544592,0.000112398695,3.0549314,0.00029090544064886716,0.7856694075037045,2.507336268996066e-09
70,99,0.0121521987,0.03227197005,0.000112398695,4.06350613,0.0003542095634078563,0.7887576473403441,7.3459378256111646e-09
71,100,0.0124301915,0.032254045849999996,0.000296067126,3.58082747,0.0001937431332603768,0.7898938602500544,2.7226547592815374e-09
71,99,0.0122067514,0.03225991875,0.000296067126,4.05544329,0.00019806921423797972,0.7887704498978909,4.082709606637742e-09
71,97,0.01174653505,0.032337415950000004,0.000296067126,3.48959994,0.0005578816042625788,0.7870458165049086,7.241259457964375e-09
72,101,0.0125561878,0.03225525095,0.000112398608,2.72631121,0.00030060771941174295,0.7916576832669624,1.8253119276072747e-09
72,100,0.012288635150000001,0.032242873650000003,0.000112398608,3.95297456,0.000155966302052254,0.7899128011930837,2.971333670429992e-09
72,98,0.01190927715,0.03228952365,0.000112398608,3.61413169,0.0004294056389828571,0.7885541014802628,6.208746002625515e-09
73,96,0.01155456665,0.0323555097,0.000281161483,2.85709834,0.0003843068599277083,0.7863077730630059,2.6955353317473372e-09
73,94,0.0109927328,0.03250681425,0.000281161483,2.22058249,0.0008366017552746654,0.7829562676200722,2.70150113647198e-09
73,99,0.01217610155,0.03224901855,0.000281161483,3.91570878,0.00037379710330158396,0.7901217773347977,6.91664284215915e-09
74,100,0.0124862762,0.03223031205,9.3444236e-05,3.24768949,0.00024439464525592773,0.7921965515528577,2.5428848427347284e-09
74,99,0.0122439121,0.03222729825,9.3444236e-05,3.86993146,0.00017644636178897093,0.7907767687641549,3.148834059529733e-09
74,97,0.0118940817,0.0322697647,9.3444236e-05,3.44830918,0.0003326254149704013,0.7892380777482829,4.16206038659991e-09
75,93,0.01096975105,0.0324887093,0.000286628609,2.13266897,0.000770516158032374,0.7837513216117843,2.1971993905560223e-09
75,99,0.012294945750000001,0.03222198035,0.000286628609,3.81951857,0.00016905166364055834,0.7913452546609298,2.8975383126290166e-09
75,97,0.01195228615,0.032256413250000004,0.000286628609,3.51781273,0.00031851571555712414,0.7898705460990022,4.237951124359302e-09
76,97,0.0119145983,0.0322466474,0.000115326176,3.31861401,0.00019416797842199577,0.7897655825201718,2.159160458570392e-09
76,96,0.01169115815,0.0322897434,0.000115326176,2.96393442,0.00029868538489161747,0.7886371850934177,2.3455372374752283e-09
76,98,0.0122180819,0.032221159,0.000115326176,3.74375033,0.0003844708727321232,0.7919999156320402,6.195682188804473e-09
77,97,0.01191939785,0.03223772345,0.000305058347,3.32376719,0.00023592542887622102,0.790483233784907,2.636049881367183e-09
77,99,0.0123717198,0.032202936700000004,0.000305058347,3.55890465,0.00019348138349840462,0.7928491405409873,2.6679772045640903e-09
77,98,0.012147154649999999,0.0322109461,0.000305058347,3.66326571,0.00021349025034607548,0.7917243473752564,3.217751972347339e-09
78,95,0.01146999935,0.03231873735,0.000115326249,2.61651015,0.00036738223469927957,0.788444522096678,1.9656108748702535e-09
78,97,0.0118862917,0.03223446755,0.000115326249,3.2839613,0.0002976592877780761,0.7910438616956067,3.2047447083792988e-09
78,99,0.0123541993,0.032198674999999996,0.000115326249,3.45088553,0.00029790175248445045,0.7936472764333455,3.736094525908218e-09
79,98,0.0123274657,0.0321869068,0.000286628754,3.60131025,0.00015673857148925283,0.7934916833709063,2.2415436814587987e-09
79,96,0.01187674375,0.032226806499999996,0.000286628754,3.19592237,0.0002371535561357277,0.7911936053259309,2.348430955455263e-09
79,97,0.0121141914,0.0321980901,0.000286628754,3.535779,0.00023850916415741122,0.7925803626030569,3.2235200153979345e-09
80,97,0.0121439202,0.032184761,0.000107207001,3.51716113,0.00021270262885032774,0.7933817557935633,2.8283916568347123e-09
80,98,0.01240906495,0.03218190185,0.000107207001,3.33071017,0.0002662853319932704,0.794929655353348,2.9943976769502094e-09
80,95,0.011757355149999999,0.0322361067,0.000107207001,3.02471209,0.000374149052504666,0.7915254388007077,3.1274921183602743e-09
81,96,0.01209913475,0.0321840718,0.00028662855,3.42659545,0.000185189041496042,0.7933806221694948,2.2725427979430133e-09
81,97,0.012404773849999998,0.0321832243,0.00028662855,3.20026183,0.0003673499365415706,0.7955157144409707,3.652907320284377e-09
81,95,0.01180064585,0.03222574665,0.00028662855,3.15931249,0.00043981029538015404,0.7923042760157901,4.2034964462084645e-09
82,94,0.011544735649999999,0.032255724050000004,0.000115326038,2.64532328,0.0003382078981970451,0.791156504572185,1.871502596935095e-09
82,98,0.01249802905,0.03217124195,0.000115326038,3.13811231,0.0002234818117624082,0.7964230981822453,2.092103276130184e-09
82,96,0.0120499623,0.032179683449999996,0.000115326038,3.42752242,0.00037982147806403906,0.7944738213661274,4.66479988570176e-09
83,96,0.01195355505,0.0321786888,0.000305058376,3.16514683,0.00020741003424884364,0.7938739224052247,1.993588903689868e-09
83,94,0.01157715125,0.03224236705,0.000305058376,2.72631121,0.000430343495896459,0.7920658295457266,2.6129370371158048e-09
83,97,0.01228080365,0.032164678,0.000305058376,3.41676831,0.0004110218733604332,0.796260996631467,4.999393736915989e-09
84,94,0.01156063285,0.032229090099999996,0.000112398797,2.64692712,0.00039188040076944573,0.7928330065785666,2.1725129155455072e-09
84,96,0.0119491285,0.032165944599999996,0.000112398797,3.13476324,0.00023955476527752815,0.7949203349177977,2.235169661959134e-09
84,97,0.0122007029,0.03214713375,0.000112398797,3.40918493,0.0002512485913944558,0.796378515643313,3.0351408820407577e-09
85,95,0.011973544499999999,0.03215640595,0.0002811616,3.14176512,0.00022455952159073744,0.7953715612094668,2.109683224630705e-09
85,93,0.011571139550000002,0.032219700500000004,0.0002811616,2.67944503,0.0004508595494851189,0.7934158248823943,2.5951870454585418e-09
85,96,0.01224566205,0.03214144145,0.0002811616,3.40649319,0.00029742485482756867,0.7970971254407969,3.584219600208224e-09
86,93,0.011585894950000002,0.0322013069,9.34449054e-05,2.63513088,0.0003916873708862499,0.7941726477581406,2.1417667054125988e-09
86,95,0.01198251685,0.03214289245,9.34449054e-05,3.12770319,0.00024292089626768148,0.7962864800282426,2.2508715514998838e-09
86,96,0.012237907400000001,0.0321281608,9.34449054e-05,3.35493636,0.0002505160507087351,0.7977384886541005,2.8804776687757997e-09
87,91,0.0111250868,0.0322890673,0.000281161076,2.16979599,0.0008133204960882735,0.7920223732739495,2.4456060801955952e-09
87,93,0.01172855215,0.032174846150000005,0.000281161076,2.83365989,0.0003724238215782618,0.7952636282386777,2.546579180750619e-09
87,95,0.01216378205,0.032128896549999994,0.000281161076,3.33132839,0.00026418791502788233,0.7975619784084339,2.972366093199826e-09
88,98,0.0124258576,0.03211352045,0.000112398862,3.2563746,0.00017377749805618116,0.7999060998107748,1.8228975143812062e-09
88,95,0.01169064595,0.03216230495,0.000112398862,2.75279808,0.00039870537881248676,0.7962947658960439,2.493855571788621e-09
88,97,0.0121699199,0.03211406435,0.000112398862,3.2861414,0.0002999024240550739,0.798900799533737,3.235276795953457e-09
89,98,0.012416521100000001,0.03210894015,0.000296067185,3.24467564,0.00017993178876650335,0.8001789903762918,1.866656901928329e-09
89,95,0.011705575499999999,0.03215490095,0.000296067185,2.7613194,0.0003985666966619671,0.7966946718005805,2.5168071615009716e-09
89,97,0.0121673187,0.03210918605,0.000296067185,3.26074028,0.00028142017631388504,0.799138558725562,2.9642393582322564e-09
90,94,0.0119557888,0.03210921775,0.000112398535,2.94834542,0.0002393134346410548,0.7985640896200031,1.8488894575426136e-09
90,91,0.011180881399999999,0.03223222305,0.000112398535,2.12973285,0.0006719575091058427,0.7943890391592114,1.907873660371968e-09
90,95,0.012265094550000001,0.0320988875,0.000112398535,3.24840212,0.0003571494095426553,0.8006265530469724,3.7182524105675835e-09
91,95,0.01183140095,0.032118134199999995,0.000281161687,2.84207511,0.0003447025655918987,0.7985376379770256,2.3785835327144553e-09
91,93,0.01124950635,0.032211642750000005,0.000281161687,2.25794291,0.0007400178703025506,0.795550987986555,2.515264325020868e-09
91,97,0.012265177450000001,0.0320903808,0.000281161687,3.23376322,0.00026144493547943594,0.8008031455811265,2.6842895601486218e-09
92,95,0.0124444184,0.03208247385,9.34441414e-05,3.11242509,0.00020540843332729985,0.8025709891786974,1.8747668692907857e-09
92,92,0.011720620099999999,0.032116763300000004,9.34441414e-05,2.71046329,0.00042359800861223974,0.7990310460715081,2.526097169265173e-09
92,94,0.01218596705,0.0320775397,9.34441414e-05,3.14891195,0.000272346115508347,0.801387441342037,2.5764892574352546e-09
93,95,0.01245386155,0.0320806876,0.000286628987,3.09193921,0.0002208377787635259,0.8028816582171349,1.97503481239291e-09
93,94,0.01219297435,0.032074093799999995,0.000286628987,3.13728142,0.0002597962121084421,0.8016098783962214,2.4299262715075075e-09
93,92,0.011728541450000001,0.032112550000000004,0.000286628987,2.7280581,0.00044677209552107484,0.7993634768815823,2.717877829527057e-09
94,97,0.012477602349999999,0.032071394850000004,0.000115326446,3.05099893,0.0001857729192853569,0.803828148991758,1.5946456689967391e-09
94,94,0.0116766137,0.03210493735,0.000115326446,2.62172723,0.0004529327463482501,0.7999670150175716,2.4380044891829304e-09
94,96,0.0122027062,0.0320641976,0.000115326446,3.12451982,0.0003236000516637917,0.8027605917970102,2.9889430881990406e-09
95,92,0.01176350285,0.0320840776,0.000305058318,2.61045647,0.0002616696447466388,0.8004398116058775,1.3899391487712584e-09
95,94,0.01247139785,0.032066374999999994,0.000305058318,3.03477573,0.00019331299415869139,0.8042470867461453,1.6323630535542506e-09
95,93,0.012122185399999999,0.03206375985,0.000305058318,3.09750557,0.000469803568983278,0.8031371826993154,4.224924642951187e-09
96,92,0.0114488462,0.032117297899999994,0.000115326206,2.28226209,0.0004784058348738729,0.7997031324122856,1.6805306029497225e-09
96,96,0.0125753563,0.032073453099999996,0.000115326206,2.64563394,0.0003751839036308175,0.8060814053352344,2.076695764327943e-09
96,94,0.011982698,0.03205595725,0.000115326206,2.86970377,0.00036538170541175154,0.8028490183202455,2.597413230273309e-09
97,94,0.012622595300000001,0.0320711676,0.000286628638,2.57812238,0.00036354009991153383,0.8069561823850686,1.8583482113041633e-09
97,92,0.0120589677,0.03204212895,0.000286628638,2.89254642,0.0003175392441517443,0.8038292627804742,2.313056024063306e-09
97,90,0.0115128504,0.03209783325,0.000286628638,2.40926218,0.0005811562872622938,0.801099759890168,2.4116996302277196e-09
98,93,0.011981571100000001,0.03203251025,0.000107207612,2.77117753,0.00023114880378150962,0.8040356625592948,1.4756423551330625e-09
98,92,0.0115978336,0.032072847700000004,0.000107207612,2.51120257,0.0006360949469249672,0.802716019674564,2.9987419452879397e-09
98,94,0.012341704700000001,0.03203782625,0.000107207612,2.95666599,0.00045801765791567703,0.8066505138302571,3.5692087366520643e-09
99,95,0.01233133115,0.03202328645,0.000286628783,2.99292445,0.00022103189987607137,0.8064601796181587,1.788278924927833e-09
99,94,0.0120575279,0.03202436865,0.000286628783,2.82797909,0.0003097717557268525,0.8051990668883784,2.1049914014092252e-09
99,92,0.01152923425,0.0320745334,0.000286628783,2.38123941,0.0005543304061898016,0.802544988120397,2.2189891944410615e-09
100,89,0.0114252269,0.0320722647,0.000115326176,2.18816566,0.0005262129107516313,0.8026168157317215,1.6237635571358583e-09
100,93,0.0126276696,0.032047472849999994,0.000115326176,2.5203805,0.00041035725717197477,0.8093805846608674,1.9563712080297908e-09
100,91,0.011990679899999999,0.0320157371,0.000115326176,2.77643561,0.00038041668703361133,0.8058692575694855,2.4427473637878642e-09
101,94,0.0121981972,0.03200092165,0.000305058347,2.83597612,0.0001896515956006381,0.8071176836719386,1.2999732002206637e-09
101,95,0.012505846099999999,0.03202352485,0.000305058347,2.75511932,0.00037703189509693803,0.8092604513361051,2.3642497372812427e-09
101,93,0.0118979765,0.032014139,0.000305058347,2.71006322,0.00042670804235842035,0.80603984566461,2.543353093505974e-09
102,93,0.0127041694,0.0320437234,0.000112398935,2.37812757,0.00039579661252145827,0.8113050761941848,1.5779889420416404e-09
102,91,0.0121099213,0.03199314515,0.000112398935,2.78886914,0.00030657187581721216,0.8079352838037885,1.995813428932464e-09
102,90,0.011693820800000001,0.032020274550000005,0.000112398935,2.52313972,0.0005925561644365997,0.8061981499152506,2.8345061865706384e-09
103,92,0.011960698749999998,0.03198940495,0.000281161221,2.66384435,0.00029535015449951143,0.8075696674686292,1.669615902316852e-09
103,93,0.01224924485,0.03198584915,0.000281161221,2.87928081,0.0002792806476692335,0.8091498495111761,2.005720040301856e-09
103,91,0.01156085125,0.0320253931,0.000281161221,2.35919571,0.0006125766211343325,0.8058985634580272,2.3829038326919075e-09
104,91,0.0123178251,0.0319747664,9.34441123e-05,2.85869312,0.00023201047050425204,0.8104610551346175,1.6298366897291335e-09
104,92,0.012645187799999999,0.0320130866,9.34441123e-05,2.51892567,0.0003638514819415826,0.8125137878702974,1.7315455919734555e-09
104,90,0.01200962205,0.031974997350000006,9.34441123e-05,2.69192743,0.0003792400471952096,0.8091521268727806,2.2141633256480236e-09
105,90,0.012128714450000001,0.0319682024,0.000281161454,2.72060633,0.0002379750126599143,0.8096522154555017,1.4354561546919454e-09
105,91,0.012508056600000001,0.0319973845,0.000281161454,2.64404941,0.00047189912729291993,0.812311834260687,2.607090265036526e-09
105,89,0.0117577985,0.031987950200000004,0.000281161454,2.52414298,0.0005571630405689102,0.8083109906423402,2.6684318561853392e-09
106,90,0.012170773,0.031951580199999996,0.000112398768,2.69794512,0.0002269649960221233,0.811191841117402,1.334233697620772e-09
106,89,0.011874721849999999,0.03196032905,0.000112398768,2.53722167,0.0003868682798856611,0.8099176237827219,1.882518426952599e-09
106,91,0.012533786750000001,0.031983600949999996,0.000112398768,2.60955524,0.0004505726387072507,0.8137214270748653,2.3906380647817214e-09
107,90,0.012166179249999999,0.03194790895,0.000296067097,2.68742347,0.00023250419181193257,0.8115332497855744,1.350455910341713e-09
107,89,0.01186238835,0.0319569949,0.000296067097,2.51916599,0.0003997835541942818,0.8102294834553933,1.903069389969236e-09
107,91,0.01252902205,0.031979385799999996,0.000296067097,2.6161201,0.00044619083032568235,0.8140352630907143,2.385764014301766e-09
108,93,0.0127186696,0.03199236655,0.000112398746,2.45462966,0.00027031425533717915,0.8155058226585613,1.18797773536424e-09
108,90,0.01171999705,0.03195242955,0.000112398746,2.32962322,0.0003987265078556743,0.8103441661026749,1.4919340152089097e-09
108,92,0.012337579849999999,0.0319486205,0.000112398746,2.74090266,0.0004343152399447079,0.8139947623984058,2.6803412115846747e-09
109,91,0.012766420850000001,0.03199621665,0.000281161512,2.37665224,0.00030129972843373894,0.8164288313909063,1.198914352746877e-09
109,90,0.012451022400000001,0.0319473837,0.000281161512,2.71739864,0.0002698875155891325,0.8147476043506963,1.622022791013887e-09
109,89,0.01205882055,0.03193395215,0.000281161512,2.65312338,0.0005010245747854697,0.8132416548054303,2.7972908779887957e-09
110,93,0.01278309385,0.0319888089,9.34444761e-05,2.35218692,0.0002987752489256302,0.8175484137165446,1.1515955312558103e-09
110,92,0.01246696475,0.031938012700000004,9.34444761e-05,2.68504,0.0002745224802896346,0.8158872101461451,1.590144427051142e-09
110,91,0.01207194615,0.031921668,9.34444761e-05,2.63021994,0.0005009914982657523,0.8143608530397516,2.723433517499115e-09
111,87,0.0115685011,0.03193755445,0.000286628172,2.15761209,0.0004776040420550607,0.811527333022601,1.4112805071728089e-09
111,90,0.012634350950000001,0.03195856515,0.000286628172,2.50519323,0.00032831996014641977,0.8171842505536141,1.5363384875060879e-09
111,89,0.012218553100000001,0.03192005495,0.000286628172,2.69355631,0.00045902156493309325,0.8153606531659859,2.6848732889443546e-09
112,90,0.012924003449999999,0.032011941099999996,0.000115326358,2.08108759,0.00037370616720209095,0.8197999840050819,9.88107893832273e-10
112,89,0.0125442217,0.031934347,0.000115326358,2.57957768,0.00031245725004416753,0.8177324612575285,1.5998758499002215e-09
112,88,0.01209673285,0.0319072995,0.000115326358,2.63506055,0.0005611177249501049,0.816003797058752,3.0675651658768845e-09
113,87,0.01192671855,0.0318953749,0.000305058318,2.40634012,0.00031959095842942146,0.8149900712921981,1.3211907353361465e-09
113,88,0.012224615099999999,0.03189730645,0.000305058318,2.60936093,0.00028910961724000765,0.8165867710880457,1.5335520293852417e-09
113,89,0.01254973375,0.031927501750000004,0.000305058318,2.55769372,0.00032636967598708696,0.8183892514067367,1.6278485179116168e-09
114,89,0.0126682781,0.03193862175,0.000115326147,2.41466737,0.0003316786963018312,0.81979237914508,1.3858055605845384e-09
114,87,0.01197437895,0.031885849349999995,0.000115326147,2.44751692,0.00038563547014919166,0.8162337952580084,1.6796657934972978e-09
114,88,0.01232184795,0.03189500235,0.000115326147,2.62072325,0.0003146021529178341,0.8179660733435548,1.6912254949416857e-09
115,85,0.01143191385,0.031903123500000005,0.000286628696,1.95594561,0.0005433116732436468,0.8140325654400842,1.186921536318528e-09
115,87,0.01210981285,0.031875403600000005,0.000286628696,2.49693513,0.00033888494712355847,0.8176674244535913,1.5697033133707404e-09
115,88,0.01247577555,0.03190174325,0.000286628696,2.54731798,0.00037204750623053993,0.8197099463577731,1.8325911171081454e-09
116,89,0.01269925945,0.031925024499999996,0.000107207576,2.35164881,0.0003549868276053857,0.8218953282200038,1.3672693309533123e-09
116,87,0.012001294650000001,0.0318623632,0.000107207576,2.40421724,0.0003424278117303762,0.8181689199319238,1.4117593493061132e-09
116,88,0.0123346625,0.03187523595,0.000107207576,2.58084989,0.0003265421507598513,0.8199543603396344,1.6745207364196233e-09
117,85,0.0114369374,0.031883586199999994,0.000286628434,1.94829881,0.0005738944293698636,0.8155988221564775,1.2387181406869363e-09
117,88,0.0125172809,0.03189117275,0.000286628434,2.51106548,0.00031843922684141176,0.8212139403912032,1.500852355408402e-09
117,87,0.012146691800000001,0.0318624042,0.000286628434,2.50192952,0.0004023551937850041,0.8194751882694981,1.8752065669084207e-09
118,85,0.0114307925,0.03186760095,0.000115326016,1.91932559,0.0005674400433212778,0.8167045015202096,1.1695720006019835e-09
118,88,0.0125266956,0.0318801738,0.000115326016,2.481143,0.00032136875327095304,0.8224188541907793,1.4597706626751822e-09
118,87,0.012156318400000001,0.0318494048,0.000115326016,2.4779532,0.0003993979719699949,0.820671795015962,1.807038215316983e-09
119,87,0.01232516715,0.0318505857,0.000305058347,2.51190281,0.00028411495575600854,0.8218766001326541,1.3404240195801086e-09
119,86,0.01201331055,0.03183782285,0.000305058347,2.3607378,0.00034611001383555044,0.8203354957931667,1.3489704583916657e-09
119,88,0.0127170146,0.0319101829,0.000305058347,2.29936457,0.0004496979536821537,0.8243158644298613,1.6162199657314663e-09
120,85,0.01201961985,0.03182710895,0.000115326264,2.3394556,0.00034335245817542615,0.8212024270825456,1.3014267138974357e-09
120,86,0.012335657650000002,0.0318416804,0.000115326264,2.49631166,0.00029499307499052417,0.8227974434724664,1.3653168978633507e-09
120,87,0.0127186929,0.031899910399999995,0.000115326264,2.29708815,0.0004241294134747975,0.825090695156295,1.5196715699560219e-09
121,85,0.01204794555,0.03181839365,0.00028662855,2.33721709,0.00034085813286731945,0.8221299615213629,1.2881669586852667e-09
121,87,0.012736701900000001,0.0318939388,0.00028662855,2.28986478,0.00038757200021892273,0.8258535272596303,1.3752843052865187e-09
121,86,0.01236861295,0.03183628435,0.00028662855,2.48138881,0.0003032525675858693,0.8237645022185656,1.377876626010422e-09
122,85,0.01205413415,0.0318074189,0.000112398739,2.31579971,0.0003401320686638711,0.8231011756847273,1.2495110370769276e-09
122,87,0.0127597651,0.0318893343,0.000112398739,2.26880574,0.00039528309657398315,0.8269213314713875,1.363320081583275e-09
122,86,0.0123810172,0.03182752245,0.000112398739,2.45202589,0.00031625343629672174,0.8247991031120736,1.3852524949618738e-09
123,87,0.01286435825,0.03190797755,0.000281161192,2.13365412,0.0004174387802916611,0.8281184424822607,1.191763286580377e-09
123,86,0.01245481895,0.03182984145,0.000281161192,2.42281961,0.00034685197970139435,0.8258832269374187,1.4642720412245438e-09
123,85,0.01207625725,0.031801747150000004,0.000281161192,2.33500648,0.00040901737861800985,0.824025975111783,1.5412550329386362e-09
124,84,0.011850058100000001,0.03178512305,9.3444658e-05,2.11135054,0.0003904112095389168,0.8237640152760198,1.079129662617155e-09
124,86,0.01255533655,0.0318320077,9.3444658e-05,2.36761975,0.00033473461935972653,0.8274369757356697,1.3163545002259077e-09
124,85,0.012202530150000002,0.031794481,9.3444658e-05,2.35939074,0.0003543643105282491,0.8256528095324452,1.378695815855797e-09
125,84,0.01186408895,0.0317806676,0.000281161483,2.11671519,0.00039194133277940183,0.8241972655846221,1.0918495902943106e-09
125,86,0.0125888335,0.0318335872,0.000281161483,2.34432673,0.0003338504197995172,0.8279491025707195,1.273525266588359e-09
125,85,0.0122268596,0.0317924432,0.000281161483,2.36436081,0.00037107613013173993,0.8261722474459549,1.4530905257831992e-09
126,82,0.0110188965,0.031793927799999996,0.00011239876,1.54924667,0.0009698108931367422,0.8214599693012878,1.0338752047147006e-09
126,86,0.012778084249999998,0.03186059555,0.00011239876,2.19646645,0.000445933870573786,0.8305277606154409,1.3920159875495958e-09
126,85,0.012303641099999998,0.0317862462,0.00011239876,2.36947227,0.00046437786219715235,0.8281682900823282,1.8305647851225806e-09
127,82,0.0110842455,0.0317847785,0.000296067185,1.57389808,0.000879080584582633,0.8221349311738828,9.838045322574617e-10
127,86,0.0127631086,0.03185231425,0.000296067185,2.21162391,0.00044755534241759865,0.8308766559899284,1.426957071360766e-09
127,85,0.012301474350000001,0.03178023175,0.000296067185,2.36169004,0.0004388319163809363,0.8285127702611371,1.7124298368092436e-09
128,82,0.01118786125,0.0317648593,0.000112398666,1.66787875,0.0009153730119906319,0.8240422672207969,1.2246082115996983e-09
128,84,0.01213822885,0.03175548465,0.000112398666,2.2554903,0.00037844592332629025,0.8285521598905087,1.2817930745724863e-09
128,85,0.0125624668,0.03180418535,0.000112398666,2.27854848,0.0004591421054846564,0.8309651998807053,1.6045616047013774e-09
129,82,0.01135688975,0.03174938075,0.000281161483,1.76976323,0.0007664562856696554,0.8254096367837229,1.2306604770538778e-09
129,84,0.012192816450000001,0.03175128435,0.000281161483,2.25957704,0.00036796777311994054,0.8293996813612479,1.2532630887779306e-09
129,85,0.01258296285,0.03179858995,0.000281161483,2.27133632,0.00039978030585569117,0.831495342793393,1.3835406127162349e-09
130,81,0.01106879905,0.03174278515,9.34440686e-05,1.54563844,0.0009561006907832045,0.8250507880821313,1.0119487522763285e-09
130,85,0.01281018185,0.03183497675,9.34440686e-05,2.13306165,0.00047248412891532894,0.8339368891282555,1.3477193539485127e-09
130,84,0.012349572999999999,0.03175357355,9.34440686e-05,2.28825974,0.0004122175355935424,0.8314723582699413,1.4595354606066294e-09
131,83,0.01214157975,0.03173327815,0.000286628754,2.20814204,0.00039457767098564954,0.8305790999028987,1.251937412226573e-09
131,81,0.0112542133,0.031733795999999995,0.000286628754,1.6960901,0.0009142768493099795,0.8264863814069003,1.2879234617454846e-09
131,84,0.0126060061,0.031792974099999996,0.000286628754,2.23452544,0.0005234505234221473,0.8333055700820252,1.722667573285153e-09
132,81,0.011306372,0.03171474115,0.000115326264,1.69401181,0.0008142572846527436,0.827762370514097,1.1427041800444974e-09
132,83,0.0121502052,0.03172018935,0.000115326264,2.18704867,0.000416076883220078,0.8318326250287185,1.2817188309477928e-09
132,84,0.012570080800000001,0.031770084049999994,0.000115326264,2.23281884,0.0004216687089310163,0.834017438519739,1.3844416292583342e-09
133,83,0.0122197615,0.0317194406,0.000305058289,2.20179963,0.0003920653971502325,0.8327159949766613,1.233000649721593e-09
133,81,0.01131269805,0.031707154599999995,0.000305058289,1.71085143,0.0008888584782635652,0.8285642828196159,1.2859583772701915e-09
133,84,0.012632705250000001,0.031775903,0.000305058289,2.21998358,0.00042265239541899673,0.8349000548972887,1.3632691169292072e-09
134,82,0.011983125,0.03169561735,0.000115326118,2.08507133,0.00045541003830028905,0.8324696014995492,1.211150726038028e-09
134,81,0.011427443,0.03169263715,0.000115326118,1.77966797,0.0008579667552779629,0.8301263803667837,1.4014429364539554e-09
134,83,0.012427029700000002,0.0317348819,0.000115326118,2.24372792,0.00046052067679097246,0.834839118399,1.5348554017845053e-09
135,84,0.01290329825,0.03182055425,0.000286628347,2.03876138,0.000471495165755456,0.8380657299228995,1.1701687988827231e-09
135,82,0.0119582466,0.03168406155,0.000286628347,2.06468225,0.0004971691693936048,0.8332848992866276,1.2828098963397924e-09
135,83,0.0124191614,0.0317237284,0.000286628347,2.22293353,0.00046143015323747385,0.8356495252306192,1.494431996418361e-09
136,84,0.01295015305,0.031822402050000004,0.000107207503,1.98639047,0.0004887990732849393,0.8394229889926033,1.1197360942027604e-09
136,82,0.011978819049999999,0.0316715855,0.000107207503,2.05897856,0.0005059545059849821,0.8345217071015613,1.294403298252354e-09
136,83,0.012450695500000001,0.0317162499,0.000107207503,2.20547509,0.00047270988265990716,0.8369313408062425,1.494250474855442e-09
137,81,0.01134589405,0.03166022895,0.000286628812,1.66234314,0.0008171463725313415,0.8318642551309389,1.0820354956985385e-09
137,84,0.0127909011,0.03177724775,0.000286628812,2.11659789,0.0004914187129634339,0.8390431998326392,1.3686715185915649e-09
137,83,0.0123096369,0.0316929128,0.000286628812,2.18305254,0.0004509108465368903,0.8365428581353064,1.3812076997494928e-09
138,84,0.0130240596,0.031831420949999994,0.000115326366,1.86140811,0.0005676740795361432,0.8414812594300428,1.0646783619190708e-09
138,82,0.0120140621,0.0316554848,0.000115326366,2.05733967,0.0005217494923208025,0.8362790120000206,1.3315334542614082e-09
138,83,0.01248905945,0.03170507585,0.000115326366,2.17152715,0.00046061444779353297,0.8386093213087199,1.3881242533063551e-09
139,82,0.01194251885,0.031641963849999996,0.000305058667,1.99070537,0.000488519153706674,0.8364991919588045,1.126579199952882e-09
139,84,0.01294024475,0.03180034455,0.000305058667,1.93587756,0.0005995614547766175,0.8418516126025022,1.2687732511195089e-09
139,83,0.012394116699999999,0.03168250245,0.000305058667,2.15138698,0.0004619722949739823,0.8388285291551171,1.352852134497477e-09
140,80,0.01134579535,0.03161906075,0.000112398666,1.63686967,0.0008884131342675461,0.8349348723504691,1.1217900689450651e-09
140,83,0.0129425684,0.03179088235,0.000112398666,1.92762327,0.0006008214691555578,0.8428932790257673,1.2548276026642625e-09
140,82,0.012368843899999999,0.031669518,0.000112398666,2.13379025,0.0005216025457542421,0.8398800815645456,1.4893480363927112e-09
141,81,0.0117815514,0.03161607685,0.000281161396,1.85612011,0.0005859118257474252,0.8374290669962704,1.0892983223762096e-09
141,83,0.01290791295,0.0317755081,0.000281161396,1.94903028,0.0006054272356286473,0.843291371812732,1.3081646724362467e-09
141,82,0.01231355915,0.0316570774,0.000281161396,2.12123513,0.0005670433823039387,0.8402642605613633,1.5899546113093532e-09
142,80,0.011482827349999999,0.031596055250000005,9.34444397e-05,1.7080512,0.0008695811717758206,0.837448404106835,1.251704170730837e-09
142,82,0.012667675,0.031702797899999996,9.34444397e-05,2.08807278,0.0005344983573578231,0.8430677784223546,1.4277485111262678e-09
142,81,0.0121142305,0.03162339705,9.34444397e-05,2.05989623,0.0005958655408515577,0.8404106285029508,1.5264910079696512e-09
143,80,0.01151436755,0.03159124405,0.00028116157,1.71295488,0.0008292167089115364,0.8378734363063652,1.2041814774566966e-09
143,82,0.0127222827,0.0317129977,0.00028116157,2.06521344,0.0005901905690791421,0.8437879445013803,1.5239983876593204e-09
143,81,0.01213536835,0.031621016550000006,0.00028116157,2.06390643,0.0006016076312985821,0.8408590199935795,1.5504558292115605e-09
144,80,0.01173106115,0.031578376899999996,0.000112398986,1.80451071,0.0006967845342277105,0.8402141791715902,1.1877242661760252e-09
144,82,0.012809424199999999,0.03171464985,0.000112398986,2.03422856,0.0004973040810283812,0.8453296971292102,1.225755625365127e-09
144,81,0.0122906412,0.0316206012,0.000112398986,2.06317878,0.0005407892943508808,0.842879081397298,1.3921890040409037e-09
145,82,0.013018102350000001,0.0317703467,0.000296067097,1.87137902,0.0005360044655554611,0.8467847736663836,1.0219264506058686e-09
145,80,0.01180639025,0.031577859050000004,0.000296067097,1.87526047,0.0007559965285921799,0.8411546596655863,1.4505759924911337e-09
145,81,0.01243657615,0.031639795750000005,0.000296067097,2.07966495,0.0006088869440671709,0.8441489199769858,1.6063648046804372e-09
146,79,0.01151602625,0.03155203725,0.000112398513,1.66533196,0.0008253341477184782,0.8406518495084843,1.0989024882081334e-09
146,81,0.01279770585,0.0317036435,0.000112398513,1.99222898,0.0006545329216211686,0.8470320616596636,1.5129505700558193e-09
146,80,0.0121564735,0.031590828700000004,0.000112398513,2.02599335,0.0006501497814404805,0.8438312382793317,1.5825961918804246e-09
147,79,0.01167246605,0.031550209950000005,0.000281161512,1.75436974,0.0007818684506326898,0.8420475891102909,1.2220272800615826e-09
147,81,0.0128090428,0.031695432950000005,0.000281161512,2.00009346,0.0005532244227578983,0.8474091528386984,1.2943741667120227e-09
147,80,0.0122631844,0.031594164650000006,0.000281161512,2.02093434,0.0005464771050259323,0.8447119227960108,1.3200367906535919e-09
148,79,0.0116814389,0.0315354783,9.34444906e-05,1.74101245,0.0007809761805829849,0.8431565566978643,1.1922540439841951e-09
148,81,0.0128313312,0.03168897145,9.34444906e-05,1.9767133,0.0005583664225812359,0.848572560892796,1.2599712557678342e-09
148,80,0.012277550500000001,0.03158299625,9.34444906e-05,2.00106525,0.0005589137197817519,0.8458658853041535,1.3096402784817367e-09
149,79,0.01168470505,0.03153170085,0.000286628667,1.7381444,0.0007805638077234719,0.8434622636896514,1.185591279487253e-09
149,81,0.012837280999999999,0.03168704175,0.000286628667,1.97208834,0.0005519343097880567,0.8488691149461471,1.2365082118394489e-09
149,80,0.012283796,0.0315805208,0.000286628667,1.99650621,0.0005652236853689611,0.8461978484562527,1.3151586785944524e-09
150,79,0.011699321700000001,0.0315166004,0.000115326249,1.72757173,0.0007786194799854579,0.8446268268931709,1.1606384594441578e-09
150,81,0.012894922400000002,0.03169080055,0.000115326249,1.91862428,0.0005889113660507206,0.8502981791413496,1.2123360635741748e-09
150,80,0.01231017195,0.03157075865,0.000115326249,1.97842968,0.0005899628358051711,0.8474650322334168,1.3348291352821983e-09
151,81,0.01317088675,0.031773014,0.000305058347,1.70586586,0.0006397541853533481,0.8522216447159061,9.172394924181981e-10
151,79,0.01185435475,0.0315189008,0.000305058347,1.82916367,0.0007619166083910233,0.8459744958735214,1.3541140308506946e-09
151,80,0.01251327245,0.03159997055,0.000305058347,1.99663424,0.0006625803493290599,0.8491528175351729,1.5419867012464834e-09
152,78,0.011285225400000001,0.03147838825,0.000115326242,1.44604564,0.000911017875867414,0.8438395958554772,7.854695317986048e-10
152,80,0.0126538593,0.03161769545,0.000115326242,1.97944987,0.0006521839850574628,0.8506501327335472,1.4779386919049251e-09
152,79,0.0119815818,0.03151808305,0.000115326242,1.88604808,0.000774316965569927,0.8475364137559559,1.512163024016676e-09
153,78,0.0116770668,0.03148408795,0.000286628754,1.67369521,0.0007846744414978536,0.8466148870428822,1.060982585796417e-09
153,80,0.01302890895,0.0317077432,0.000286628754,1.79991353,0.0006417089536208665,0.8531169588503398,1.0852661876877412e-09
153,79,0.012352259349999999,0.03155404705,0.000286628754,1.9564091,0.0007259746535727672,0.8500662257173363,1.5869284547056443e-09
154,78,0.01169108785,0.0314709712,0.000107207852,1.66520643,0.0007827850127598296,0.8476789427482756,1.0419846674286217e-09
154,80,0.0130411154,0.0317000654,0.000107207852,1.78857672,0.0006423654966364508,0.8541449917883004,1.0654461435953799e-09
154,79,0.0123654199,0.031543802499999996,0.000107207852,1.94008267,0.0007254741628470115,0.8511084028328085,1.5454440087611443e-09
155,78,0.01167091355,0.0314642228,0.000286628463,1.64834666,0.0007976713488475092,0.8479504349299963,1.0290599020169295e-09
155,80,0.0130250687,0.031690686950000005,0.000286628463,1.79344666,0.0006449484254022805,0.854423394366054,1.0787195854577412e-09
155,79,0.0123492158,0.03153632395,0.000286628463,1.92908752,0.0007271349920548555,0.8513807768816773,1.5221221142224814e-09
156,78,0.0116271088,0.031445784500000004,0.000115326104,1.60681915,0.0008059304152868615,0.8487643512463213,9.611796780894423e-10
156,80,0.012981474900000001,0.0316641759,0.000115326104,1.81358492,0.0006459007575057563,0.8552458722175534,1.118074250864836e-09
156,79,0.0123060141,0.031515672800000005,0.000115326104,1.90634775,0.0007361641260627577,0.8522167674664806,1.4857839243005665e-09
157,78,0.01162266965,0.0314375442,0.00030505826,1.59614789,0.0008070760083982289,0.8492353421988973,9.430045882361485e-10
157,80,0.01297640195,0.0316561237,0.00030505826,1.81412494,0.0006461829281419986,0.8557074186580077,1.1195850589538793e-09
157,79,0.01230142125,0.0315079708,0.00030505826,1.8972882,0.0007377917816674669,0.8526855821404296,1.4673929086629928e-09
158,80,0.0131118777,0.0316863656,0.000112398935,1.7349807,0.0006559709661774359,0.8573532238815498,9.907408677829692e-10
158,78,0.011766873800000001,0.03143227285,0.000112398935,1.66633749,0.0007988465725854571,0.8510396927969773,1.065568697330326e-09
158,79,0.0124414242,0.0315167159,0.000112398935,1.89262617,0.0007022319399935774,0.854303979128265,1.38612254232369e-09
159,77,0.0116345673,0.0314146094,0.000281161396,1.59048486,0.0008556353697261476,0.8509204572441074,9.888548626331437e-10
159,79,0.013014134949999999,0.03164905495,0.000281161396,1.77572525,0.0006645714560785963,0.8574074850469653,1.078058153427453e-09
159,78,0.012332129300000001,0.0314916987,0.000281161396,1.87089682,0.0007351330927418615,0.8543274825448653,1.40039519368364e-09
160,77,0.0116925519,0.0314035267,9.3444396e-05,1.60929871,0.0008457319837674595,0.8521643440881725,1.0134275441997325e-09
160,79,0.0130662946,0.03165300935,9.3444396e-05,1.7461977,0.0006611687752776185,0.858562999817054,1.018586153074031e-09
160,78,0.01238801285,0.0314876251,9.3444396e-05,1.85552597,0.000727239808763082,0.8555159202899487,1.350620595760198e-09
161,79,0.0130987121,0.03165816885,0.000281161745,1.73217201,0.0006464264949816363,0.8589762372808757,9.714577129451931e-10
161,77,0.01176840115,0.0314043723,0.000281161745,1.63346887,0.0007841628905189781,0.8527509340673126,9.83763236448118e-10
161,78,0.012435326350000001,0.03149084,0.000281161745,1.85362661,0.0007066974735869502,0.8560022297028423,1.3083351845041904e-09
162,79,0.01314706165,0.0316591896,0.000112398651,1.70033038,0.0006603902014208267,0.8603158442899979,9.37355489611917e-10
162,77,0.01181332305,0.0313898344,0.000112398651,1.63441133,0.0007776791278534306,0.8540842691495473,9.77358553013798e-10
162,78,0.0124785034,0.031482057650000006,0.000112398651,1.83460391,0.000703022986437941,0.857297484779603,1.2608553426946112e-09
163,76,0.011665039200000001,0.031372454,0.000296067446,1.56326091,0.0008527174516063642,0.8537285883546367,9.34469480716519e-10
163,78,0.013039934900000001,0.0316209253,0.000296067446,1.74575984,0.0006680526112242387,0.8601292834524117,1.0283856646419162e-09
163,77,0.01236029105,0.0314572863,0.000296067446,1.82152712,0.0007350469014943948,0.8570817440334623,1.2895779884484717e-09
164,76,0.01165426985,0.031356027349999996,0.000112398753,1.54055226,0.0008558048970930745,0.8545188109899203,8.965489634302912e-10
164,78,0.0130193792,0.031601598499999994,0.000112398753,1.74843097,0.0006723876418070016,0.8608745822273111,1.039936562076188e-09
164,77,0.0123441163,0.03144032695,0.000112398753,1.80277169,0.0007280651764205948,0.8578230391988337,1.2372771733001383e-09
165,76,0.0116833402,0.031350621950000004,0.000281161076,1.54739439,0.0008510317065693039,0.8551121076668171,9.037898652543982e-10
165,78,0.0130591309,0.0316087436,0.000281161076,1.72105956,0.0006970852351794363,0.861547765346358,1.027027145109934e-09
165,77,0.01237226605,0.031438246350000004,0.000281161076,1.79522908,0.0007248653886510007,0.8583928021065007,1.2160438238741086e-09
166,76,0.01163528905,0.0313310884,9.3444105e-05,1.50051677,0.0008402438322018432,0.8556517745639874,8.117197746083128e-10
166,78,0.0130064683,0.031579589500000005,9.3444105e-05,1.73810863,0.0007051104235781298,0.8621376604966983,1.0708450271589207e-09
166,77,0.0123166223,0.0314150602,9.3444105e-05,1.77617931,0.0007352865919762901,0.8589626568498511,1.1936775423520624e-09
167,76,0.01166141685,0.03132942505,0.000286628754,1.51440561,0.0008564422944232934,0.856055249675452,8.511657826736632e-10
167,78,0.0130382483,0.0315861236,0.000286628754,1.72256434,0.0007021782708800455,0.8624982704342201,1.0373123980570513e-09
167,77,0.0123502924,0.0314172562,0.000286628754,1.77523887,0.0007306468795260247,0.8593407678077805,1.1842142075521492e-09
168,76,0.01170827725,0.031317275000000006,0.000115326169,1.51081741,0.0007998084391017827,0.8569933689394932,7.890937818345417e-10
168,78,0.01306193555,0.0315802004,0.000115326169,1.70775819,0.0007016438457457934,0.8633938974795013,1.0093404505603161e-09
168,77,0.012375571299999999,0.0314074233,0.000115326169,1.76241171,0.0007288166859053049,0.8602544250087486,1.1551685409398171e-09
169,78,0.013239077750000001,0.03163380545,0.000305058376,1.62784767,0.0006941785468836908,0.8646231781908782,8.616612272673155e-10
169,76,0.011859525499999999,0.03132447785,0.000305058376,1.58475113,0.0007947598511364002,0.8582443211523556,9.08317561038963e-10
169,77,0.0125445733,0.0314337611,0.000305058376,1.77809095,0.000735506237745843,0.8615259460195728,1.1979857556240694e-09
170,78,0.01338496245,0.031677268450000004,0.000115326198,1.56709337,0.0006211082010103729,0.865630265031128,6.857907282676591e-10
170,76,0.01209140665,0.03134236485,0.000115326198,1.66782963,0.0007516451361456056,0.8598685069511633,1.0053334584921968e-09
170,77,0.012749129000000001,0.0314699281,0.000115326198,1.7695297,0.0006744501884368808,0.8628680003390437,1.0823388029538314e-09
171,75,0.011768464950000002,0.0312920883,0.000286628609,1.509354,0.0007923169917545633,0.8587901696912469,7.793705271520242e-10
171,77,0.01312718915,0.0315765459,0.000286628609,1.66720927,0.0007217533434606,0.8651981284532748,9.642456705157866e-10
171,76,0.01243348515,0.0313903596,0.000286628609,1.73989618,0.0007238949155316465,0.8619988954223609,1.1028443814724489e-09
172,77,0.0133020417,0.031626470399999995,0.000107207095,1.58526886,0.0006932161428680979,0.8665830040356984,7.930589395310984e-10
172,75,0.0119180563,0.03129554165,0.000107207095,1.58125007,0.0008170528728565989,0.8602973273608134,9.274578553497415e-10
172,76,0.0126120709,0.0314161051,0.000107207095,1.75458062,0.0007308609515603097,0.8635232451526101,1.1426345017987042e-09
173,77,0.0133089004,0.03162451275,0.000286628609,1.58131957,0.0006932868064954977,0.866828539605595,7.870729521285893e-10
173,75,0.011942140300000001,0.03129286505,0.000286628609,1.57945621,0.0007753950798227747,0.860552566646207,8.771000489145374e-10
173,76,0.01261944835,0.03141299635,0.000286628609,1.75093114,0.0007305279229660002,0.8637726299000452,1.1348164591727726e-09
174,77,0.01334881035,0.031625222450000004,0.000115326191,1.56892717,0.0006565366053443104,0.8675713116426477,7.275216570887916e-10
174,75,0.0120309568,0.03128984105,0.000115326191,1.59787321,0.0007633004264410089,0.8616337824265262,8.947836447493809e-10
174,76,0.01269278815,0.031415991500000004,0.000115326191,1.73885572,0.0006960780326167399,0.8646893339039169,1.058516558577708e-09
175,74,0.0116895251,0.031238625800000003,0.000305058347,1.43086696,0.0008478183980471362,0.8603818404595656,7.075693843105029e-10
175,76,0.013039402200000001,0.03150826135,0.000305058347,1.68199575,0.0007152885060960897,0.8666675446741973,9.819319308043676e-10
175,75,0.012361953049999999,0.031335258899999996,0.000305058347,1.68708837,0.000720052087252706,0.8635351230048874,9.977112905723178e-10
176,74,0.01169804435,0.0312286625,0.00011532622,1.42459214,0.0008473076283937577,0.8608379947649941,6.976405676363463e-10
176,76,0.0130467955,0.0315015949,0.00011532622,1.67485225,0.0007159390194928438,0.8671097015289808,9.70032367478259e-10
176,75,0.0123699633,0.03132707625,0.00011532622,1.67763519,0.0007200077169283256,0.8639827334616651,9.805425672053383e-10
177,76,0.013498607999999999,0.03166105784999999,0.000286628667,1.50165796,0.0006450932208516193,0.8693581446826707,6.246439668405162e-10
177,75,0.01286135285,0.03143333455,0.000286628667,1.6968087,0.0006656318945376383,0.8665477592538205,9.387567063984916e-10
177,74,0.0122009185,0.0312871933,0.000286628667,1.631989,0.0007687128892716337,0.863647895921019,9.616602434590288e-10
178,73,0.01169335705,0.0312036313,0.000112398498,1.39821887,0.0008497031987509905,0.8616441702088243,6.605097590281568e-10
178,74,0.012364555650000001,0.03130417035,0.000112398498,1.65408945,0.0007235236669356649,0.8647874378324796,9.433819891821556e-10
178,75,0.0130413319,0.03147947415,0.000112398498,1.6611954,0.0007201677405300604,0.8679161260093244,9.514771349077492e-10
179,75,0.013291528,0.0315596033,0.000281161512,1.58732057,0.0006549313641736798,0.8691552014410918,7.52242098879482e-10
179,73,0.0119386278,0.0312268883,0.000281161512,1.51147377,0.0008100603890889228,0.8631100656987388,8.00266781119107e-10
179,74,0.01262576975,0.0313551314,0.000281161512,1.6965754,0.000738891526919552,0.8663147049736756,1.041632425176131e-09
180,75,0.0132862558,0.03154497965,9.34441341e-05,1.58412111,0.0006573997684334424,0.8695996527865627,7.503997158732313e-10
180,73,0.011933282949999999,0.031211409699999998,9.34441341e-05,1.49239123,0.0008124534559128229,0.8635494592161937,7.718474455467339e-10
180,74,0.01262024745,0.0313405078,9.34441341e-05,1.68390739,0.0007418311627591169,0.8667570942328091,1.021925426037195e-09
181,75,0.013301540149999999,0.0315464269,0.0002811616,1.57660246,0.0006568745916302912,0.8698057030682,7.389012013763218e-10
181,73,0.01195431595,0.0312094167,0.0002811616,1.49618948,0.0008003051163433403,0.863770877375816,7.662773308846003e-10
181,74,0.012636549300000001,0.03133995085,0.0002811616,1.67980015,0.0007400409460920796,0.866967934029774,1.0118254556315958e-09
182,73,0.01188674895,0.031180786000000002,0.00011239887,1.43619394,0.0007740847118572465,0.863867674551898,6.534557752046666e-10
182,75,0.0132272658,0.03150376305,0.00011239887,1.58810461,0.0007163472218690493,0.8701034142119636,8.240290005199115e-10
182,74,0.01254437955,0.03130033985,0.00011239887,1.65613317,0.0007316901596771314,0.8670185803266554,9.57657247051143e-10
183,72,0.01166243715,0.0311457543,0.000296067126,1.33015919,0.000858468019707341,0.8629708268190447,5.723140751511782e-10
183,73,0.0123306252,0.03124886755,0.000296067126,1.59116316,0.000730298255163257,0.8661132620929133,8.450654054069411e-10
183,74,0.012981702099999999,0.03141316775,0.000296067126,1.64188862,0.0006811796843837158,0.8690443427204736,8.68155952648794e-10
184,72,0.01179799485,0.0311479047,0.000112398957,1.37270355,0.0007881202852310609,0.86388457074655,5.788754517508112e-10
184,73,0.0124429343,0.03125817515,0.000112398957,1.60464799,0.0007169147337786779,0.8669628575556327,8.514084606699791e-10
184,74,0.01312412365,0.0314499773,0.000112398957,1.6109035,0.0007452784154791647,0.8701629322749395,8.957556381005679e-10
185,72,0.011973965449999999,0.0311665675,0.000281161512,1.460536,0.0008112073158912759,0.8650092655202282,7.211450090228239e-10
185,74,0.0132868788,0.031500540650000006,0.000281161512,1.56519747,0.0006646568849814002,0.8708862058582889,7.311298141763416e-10
185,73,0.012640245250000001,0.0312977368,0.000281161512,1.639364,0.0007054805124068411,0.8680352882307846,8.948766470694488e-10
186,72,0.0119718253,0.0311510321,9.34445925e-05,1.44426489,0.0008129211637622667,0.8652902523426429,6.981774784182818e-10
186,74,0.013284349349999999,0.0314862691,9.34445925e-05,1.56049943,0.000667066357507751,0.8711763512912664,7.2702439421982e-10
186,73,0.01263769625,0.0312832147,9.34445925e-05,1.62605238,0.0007077320878165913,0.8683203554913423,8.754881619306069e-10
187,72,0.0119853239,0.03114912285,0.00028662855,1.44585216,0.0008114213167805021,0.8654244791540308,6.992492193656034e-10
187,74,0.013296652150000001,0.0314874146,0.00028662855,1.55423892,0.0006666071603026961,0.8713018531751473,7.175906191259006e-10
187,73,0.01265070685,0.03128275555,0.00028662855,1.62271452,0.0007067756949457504,0.8684491165247072,8.687932216983131e-10
188,71,0.0118438625,0.03111074675,0.000115326293,1.35182166,0.0007848969654046461,0.8648784222311459,5.49941052963399e-10
188,73,0.01319184245,0.0314370636,0.000115326293,1.57667661,0.0007448331710488971,0.8712494303110108,8.379629279890404e-10
188,72,0.01250038995,0.031232330000000003,0.000115326293,1.58556819,0.0007461377090210909,0.8680667134556144,8.540857329789749e-10
189,71,0.0119759827,0.0311244233,0.000305058347,1.41843772,0.0008148756002494087,0.8657342072611534,6.62053439982921e-10
189,73,0.01328731425,0.0314635113,0.000305058347,1.54919314,0.0006708028386689434,0.8716350359254783,7.149214329682261e-10
189,72,0.0126409694,0.031259089749999996,0.000305058347,1.60222948,0.0007110611132880273,0.8687705769366447,8.405505245365807e-10
190,73,0.01342267405,0.031506828949999996,0.000115326235,1.49514353,0.0006738597578971983,0.8724001420851916,6.43822195817473e-10
190,71,0.0120698726,0.03112652245,0.000115326235,1.4388963,0.0007766143948922953,0.8662748018053916,6.593979678764455e-10
190,72,0.01274883655,0.0312773315,0.000115326235,1.59467471,0.000761900476812278,0.8695252746677783,8.876408694648202e-10
191,73,0.013652652500000001,0.03159756775,0.000286628609,1.4199487,0.0006278489076883967,0.8734613522667517,5.117776174171711e-10
191,71,0.0123867206,0.031176942399999998,0.000286628609,1.52300894,0.0007366761197610641,0.8678832366412861,7.450008016745461e-10
191,72,0.01303225195,0.03135107365,0.000286628609,1.57509995,0.0006805451861064848,0.8707846252630015,7.632891205209269e-10
192,73,0.0136748543,0.03159514445,0.00010720687,1.40965629,0.0006280255866783534,0.8737058226923953,5.00586693226702e-10
192,72,0.013055818600000001,0.031345877800000005,0.00010720687,1.56435251,0.0006802041654659182,0.8710304312514394,7.469979988000254e-10
192,71,0.01239978245,0.03116646315,0.00010720687,1.51687932,0.0007630992299748868,0.868132758861983,7.622025355085202e-10
193,73,0.01366941675,0.0315881502,0.000286628667,1.40992224,0.000629028344916461,0.8737273344765262,5.016772181561688e-10
193,72,0.0130500202,0.03133942095,0.000286628667,1.5607338,0.0006814753516632178,0.8710482218198373,7.430787397434869e-10
193,71,0.012393811250000001,0.031160314600000003,0.000286628667,1.51045442,0.000764582319397927,0.8681457306131733,7.537723672490616e-10
194,70,0.0118805766,0.03104849435,0.000115326198,1.30501759,0.0007821623596665681,0.8656745509515329,4.917075432518915e-10
194,72,0.013185375400000001,0.03137387335,0.000115326198,1.53870952,0.0006996595304322174,0.8717930925068008,7.302586657045277e-10
194,71,0.0125270309,0.031176214100000002,0.000115326198,1.53197837,0.0007375464731631397,0.8688144687738221,7.59485311903791e-10
195,70,0.011877868350000001,0.031039901100000003,0.000305058347,1.29745007,0.0007832202783785023,0.8656977160887884,4.836386441331666e-10
195,72,0.013182524599999999,0.0313657373,0.000305058347,1.53376865,0.0007010382817975452,0.8718268537112471,7.244915434081243e-10
195,71,0.01252415965,0.03116804735,0.000305058347,1.5240103,0.0007388519825035459,0.8688427651218054,7.487171234303237e-10
196,70,0.012066571500000001,0.031057742450000002,0.000112398586,1.37836158,0.0008301703559373101,0.8668000041068692,6.175427316650259e-10
196,72,0.01337403995,0.031425379249999996,0.000112398586,1.48619735,0.0006705868950707791,0.8726796499958164,6.28980063014409e-10
196,71,0.0127348914,0.0312085506,0.000112398586,1.54095197,0.000710796956774317,0.8698254009936159,7.452229438945524e-10
197,72,0.01362386115,0.0315249562,0.000281161192,1.41237664,0.0006382016696964834,0.8737595032574117,5.117308718839377e-10
197,70,0.0123342546,0.031102347199999998,0.000281161192,1.45204258,0.0008007191332321267,0.8680932643244043,6.991737103223479e-10
197,71,0.01300139635,0.031280799750000005,0.000281161192,1.52671456,0.0006930107119892937,0.871043029764756,7.061104839516702e-10
198,69,0.0119363945,0.03100906035,9.34438867e-05,1.28627014,0.0007735016667439372,0.8660006438000948,4.650882204508387e-10
198,71,0.01324810785,0.031356118599999996,9.34438867e-05,1.49727857,0.0007331454841433857,0.8722581476275899,7.035611928283782e-10
198,70,0.0125780678,0.03114430605,9.34438867e-05,1.50720406,0.0007366585949375983,0.8691368740249159,7.214550685850683e-10
199,72,0.01350562695,0.0314553119,0.000281161629,1.4357034,0.0006757247422991381,0.8733093742001816,5.698365754815063e-10
199,70,0.0121955876,0.03105361015,0.000281161629,1.39208245,0.0008025511596798725,0.8673833468469547,6.154781774482054e-10
199,71,0.0128611005,0.031218842599999998,0.000281161629,1.5200969,0.0007160653489742051,0.8704322425614204,7.199136930835272e-10
200,69,0.01197321435,0.030992374750000003,0.000112398608,1.2893064,0.0008264467152903077,0.8662195680581636,5.005411633168407e-10
200,71,0.01329878575,0.03135396635,0.000112398608,1.47383821,0.0007173967977194737,0.8724114178392066,6.558124837182e-10
200,70,0.0126369954,0.03113774675,0.000112398608,1.4996084,0.0007359225982161882,0.8693549574236209,7.096129388435694e-10
201,69,0.01210649405,0.031012192350000002,0.000296066835,1.34563422,0.0008299953717615799,0.8668916727524728,5.733994557105148e-10
201,71,0.01340586275,0.03139097615,0.000296066835,1.45551395,0.0006609735262054681,0.8727626939843698,5.814102716162793e-10
201,70,0.0127738952,0.031170731400000002,0.000296066835,1.50301862,0.0007167193549475131,0.8699459634494581,6.959460753089831e-10
202,71,0.01370635255,0.031513798950000005,0.000112398127,1.36494803,0.0006863990501694109,0.8741221420983406,4.954568964799538e-10
202,70,0.01306672625,0.03124977365,0.000112398127,1.48323631,0.0006946894684102132,0.8711948810801673,6.476008219678345e-10
202,69,0.0124034295,0.0310612358,0.000112398127,1.41792464,0.0007990130788794335,0.8682322642174095,6.484540933993517e-10
203,68,0.01193190415,0.030956138850000002,0.000281161483,1.24620771,0.0008072928800956146,0.8657780967179152,4.4036561244310817e-10
203,70,0.013255257199999999,0.0313130943,0.000281161483,1.46327448,0.0007400011243534799,0.8721164385230569,6.616673056194296e-10
203,69,0.01258484325,0.031098054700000002,0.000281161483,1.4664042,0.0007455017284589567,0.8689590026060128,6.709833556996153e-10
204,68,0.0120402938,0.0309607424,9.34449563e-05,1.2804718,0.0008214031930434643,0.866235988284597,4.870686802641147e-10
204,70,0.0133566172,0.0313383229,9.34449563e-05,1.43521893,0.0007184884436770453,0.8724270515781596,6.052687454469403e-10
204,69,0.012699715350000002,0.03111420945,9.34449563e-05,1.47040498,0.0007309618422518595,0.8693581588581536,6.634328718102156e-10
205,68,0.0120669743,0.03096186645,0.000286628463,1.2885536,0.0008180159037355092,0.8663289981782534,4.945438367522002e-10
205,70,0.0133659686,0.0313375164,0.000286628463,1.43471086,0.0006844804325007996,0.8723645603382852,5.75991045030611e-10
205,69,0.012725476199999999,0.0311177531,0.000286628463,1.46886873,0.0007281187420390094,0.8694400051834021,6.587289651176326e-10
206,70,0.01371961925,0.03148255315,0.000115326162,1.3503691,0.0006914510980463265,0.8738713256771713,4.828745572158013e-10
206,69,0.013090286900000001,0.031219095000000002,0.000115326162,1.451671,0.0006774420659102712,0.8709131211690457,5.910624396755585e-10
206,68,0.0124383299,0.03102883605,0.000115326162,1.3926425,0.0007994641734034522,0.8680148508806161,6.138660189904502e-10
207,70,0.013858418,0.031544087449999994,0.000305058347,1.31234193,0.0006832885699889673,0.8744274493333812,4.3701366191777006e-10
207,68,0.0125256288,0.031041326,0.000305058347,1.40740824,0.0007590183273269991,0.8682783593233246,6.020361577076076e-10
207,69,0.01319848795,0.0312524391,0.000305058347,1.4416734,0.0007529538560000704,0.8715020358769365,6.431182768586221e-10
208,70,0.013899264849999999,0.031555078949999996,0.000115326176,1.29888928,0.0006914170536384965,0.8744980000982893,4.2840896177524994e-10
208,68,0.01255524675,0.0310380459,0.000115326176,1.41194725,0.0007835097576958974,0.8683163992729296,6.276513715743018e-10
208,69,0.01323772315,0.0312564224,0.000115326176,1.43243217,0.0007506236302909664,0.8715341002048459,6.285635467984843e-10
209,69,0.01355960685,0.03137918095,0.000286628579,1.38560867,0.0006832163566088124,0.8727550840193112,5.164894011835003e-10
209,67,0.01222392825,0.030948458249999998,0.000286628579,1.30993986,0.000827340607557044,0.8665700019650053,5.261681806531006e-10
209,68,0.01290603635,0.031130369749999998,0.000286628579,1.43844628,0.0007579405452155781,0.8698228916805589,6.42925188281097e-10
210,69,0.01359513775,0.03138156605,0.000107207234,1.37299466,0.0006827005166269075,0.8727165786315252,5.017763537468197e-10
210,67,0.0122636263,0.0309419185,0.000107207234,1.30849731,0.0008235362483989395,0.8665337947010605,5.219764036294197e-10
210,68,0.01294384195,0.031128291949999998,0.000107207234,1.42491508,0.0007554799803853607,0.8697816272868993,6.22466482374335e-10
211,69,0.0135783311,0.03136859835,0.000286628812,1.37597358,0.0006765370674626667,0.8725520606310042,5.005736408214308e-10
211,67,0.01227551655,0.030939259599999998,0.000286628812,1.30691063,0.0008178464076849651,0.8665008443554428,5.164373703873297e-10
211,68,0.0129418797,0.03112190685,0.000286628812,1.42180717,0.000730148062834835,0.8696417632051795,5.975647212640691e-10
212,69,0.0139418682,0.031535431749999995,0.00011532638,1.27834511,0.00069793393482459,0.8740707815409079,4.1173520400156406e-10
212,68,0.01328850865,0.03123292795,0.00011532638,1.40914714,0.0007374088147052845,0.8710623286290698,5.871165788688924e-10
212,67,0.01261618595,0.0310095372,0.00011532638,1.39318335,0.0007817049906746385,0.8678837187562418,6.009387378252483e-10
213,66,0.0120387832,0.0308629591,0.000305058347,1.20678258,0.0008671191732685981,0.8648989029952229,4.284314876505246e-10
213,68,0.01333078745,0.03123910815,0.000305058347,1.4044559,0.0006541804559939197,0.8709304452710016,5.155332094182353e-10
213,67,0.0127100917,0.03102702835,0.000305058347,1.39464903,0.0007433367073152144,0.8681070688002808,5.732956567117033e-10
214,66,0.0122576123,0.0308961235,0.000112398782,1.27116811,0.0008296701027959528,0.8656982997380251,4.8104203371692e-10
214,68,0.013562876750000001,0.03132603875,0.000112398782,1.36760354,0.0006827986052376138,0.8718409083065372,4.958035730490841e-10
214,67,0.01292565885,0.0310801109,0.000112398782,1.39893365,0.00073748623455027,0.8688878636456316,5.741773322349893e-10
215,68,0.0136223617,0.0313460557,0.000281161716,1.3518008,0.0006792188343067568,0.8719646124579572,4.758755124375263e-10
215,66,0.01232494135,0.030903798500000003,0.000281161716,1.28241014,0.000817384464667723,0.8658539923416855,4.869387825394424e-10
215,67,0.01298856875,0.03109348005,0.000281161716,1.39054596,0.000731960662377177,0.8690234924360051,5.59426448653853e-10
216,68,0.0139048444,0.031472818949999995,9.34443669e-05,1.27722335,0.0007062930218640697,0.8730809628591645,4.1554032711889205e-10
216,67,0.01326454475,0.03117914965,9.34443669e-05,1.38419664,0.0007124495567578037,0.8700153355909139,5.368952781752262e-10
216,66,0.0126072918,0.0309613822,9.34443669e-05,1.35018158,0.0007894322781401275,0.8669229862106449,5.51053590088684e-10
217,65,0.012120637100000001,0.030836718149999998,0.000281161687,1.20469487,0.0008636166689711378,0.8644200417112864,4.2443030160356985e-10
217,67,0.01343470295,0.031244079549999998,0.000281161687,1.37704253,0.0006796771861926472,0.8706662284198002,5.040938574255389e-10
217,66,0.01279782175,0.0310131814,0.000281161687,1.36992955,0.0007582644173564715,0.8677138202023885,5.534867860049159e-10
218,65,0.012189004100000001,0.03083226085,0.000112398651,1.21407354,0.0008567348604552981,0.8643291413799113,4.3121644285376567e-10
218,67,0.0135024572,0.031256135549999994,0.000112398651,1.3607893,0.0006892237178950327,0.8706138844217792,4.928296476686425e-10
218,66,0.01286357505,0.031015492999999998,0.000112398651,1.36391747,0.0007530666164428383,0.8676106097951628,5.42299391339633e-10
219,65,0.0122837755,0.0308485366,0.000296067214,1.23586214,0.0008282977214672117,0.8646486573134868,4.4036238823191283e-10
219,67,0.0135921212,0.0312907528,0.000296067214,1.34479237,0.0006875955468149165,0.8709300925599573,4.740925488219739e-10
219,66,0.012952238349999999,0.0310390377,0.000296067214,1.36429036,0.0007525811318989184,0.8679310946127495,5.42405286310107e-10
220,65,0.01220778845,0.03081609865,0.000112398906,1.20654774,0.0008564638045896429,0.8639287890018936,4.229085209767022e-10
220,67,0.0135198622,0.031245235399999998,0.000112398906,1.35061121,0.0006904691638442656,0.8702482104156359,4.824427354237134e-10
220,66,0.0128816725,0.031002183449999998,0.000112398906,1.35282612,0.0007546407835567406,0.8672288099697574,5.299463972338897e-10
221,65,0.0123595409,0.03084477035,0.000281161367,1.24122965,0.0008210744885398414,0.864452201454559,4.4238222538975387e-10
221,67,0.0136605869,0.0313022304,0.000281161367,1.32290959,0.0006850826573022426,0.8707265339641723,4.490998715511438e-10
221,66,0.013024785099999998,0.0310427928,0.000281161367,1.34691298,0.00074758305042208,0.867726227357189,5.179577872072468e-10
222,64,0.0121289324,0.03077409045,9.34442505e-05,1.1656152,0.000869780457026344,0.8628803711293808,3.862009523768091e-10
222,66,0.013445505850000001,0.0311916489,9.34442505e-05,1.35114026,0.0007000457053262497,0.8693186669870465,4.897227988599926e-10
222,65,0.01280416265,0.03095535655,9.34442505e-05,1.32336879,0.0007657403747579106,0.8662437971775857,5.025114381459147e-10
223,64,0.01214076115,0.030772521150000003,0.000286628841,1.16672206,0.0008686448789534209,0.8628263087487931,3.868244735758297e-10
223,66,0.01345626125,0.0311925011,0.000286628841,1.34850645,0.0006997111562568193,0.8692647213952082,4.86557293412817e-10
223,65,0.012815505250000001,0.0309550045,0.000286628841,1.32233047,0.0007649160851932222,0.8661888335311934,5.007585723335312e-10
224,64,0.0122155589,0.030773321200000002,0.000115326227,1.17420006,0.0008236452208829004,0.862690341786819,3.74066415351743e-10
224,66,0.01351188585,0.0312016988,0.000115326227,1.33506429,0.0006972937238533084,0.869123119284382,4.701511303088277e-10
224,65,0.01287363,0.030958212,0.000115326227,1.32068455,0.0007614711768669933,0.8660482335548305,4.965928792968258e-10
225,66,0.0137525699,0.03130838275,0.000305058347,1.28607047,0.0007291258977676257,0.8701750447313424,4.3817814626175943e-10
225,64,0.0124542243,0.03082658445,0.000305058347,1.23870921,0.0008334932076300727,0.8637718581230959,4.4627009856594864e-10
225,65,0.01311249705,0.031032932899999997,0.000305058347,1.3248291,0.0007206696647460906,0.8669547774708906,4.745388219826411e-10
226,66,0.013853281299999999,0.03134793885,0.000115326206,1.26201952,0.0007231192005790595,0.8703234386736134,4.1003724980247523e-10
226,64,0.0125386561,0.0308377165,0.000115326206,1.25358653,0.0008239673325579635,0.8638319611389966,4.5767994491929393e-10
226,65,0.013205951550000001,0.03105747885,0.000115326206,1.32632017,0.0007428196272988146,0.8671213186695991,4.908183497411863e-10
227,66,0.01389105525,0.0313562704,0.000286628463,1.25234592,0.0007154140512669003,0.8701760176037519,3.96174735604829e-10
227,64,0.01258377545,0.03083877545,0.000286628463,1.2581569,0.0008194320472632222,0.8637144058311474,4.602883480322019e-10
227,65,0.01324896095,0.0310629103,0.000286628463,1.32132924,0.0007402856666646311,0.8670004122237347,4.835021571051021e-10
228,63,0.0122622587,0.0307368692,0.00010720703,1.157408,0.0008435447080733857,0.8615303062777852,3.6648992091402796e-10
228,65,0.013584463849999999,0.03119068685,0.00010720703,1.30552852,0.0006897926223722336,0.8681391737154149,4.3414638978509966e-10
228,64,0.0129395444,0.030935890049999998,0.00010720703,1.29224503,0.0007941424737973825,0.8650671067412727,4.843356743117422e-10
229,63,0.01235850485,0.0307561904,0.000286628812,1.17706788,0.0008241474774301826,0.861846303845771,3.771135387469054e-10
229,65,0.01370115435,0.031242861400000002,0.000286628812,1.28075123,0.0007546967124133587,0.8687126112665341,4.477941962661753e-10
229,64,0.01302942075,0.0309621915,0.000286628812,1.29382432,0.000785250252287163,0.8653475735375386,4.807158059567563e-10
230,63,0.0124778743,0.030772726049999997,0.000115326118,1.19992316,0.0008148151336118624,0.8619493921943223,3.9557697941744196e-10
230,65,0.013770591450000001,0.031262449,0.000115326118,1.26140511,0.0007514923115114026,0.8685686895451316,4.2548695241365854e-10
230,64,0.013124803550000001,0.0309808487,0.000115326118,1.29007864,0.0007276998899467378,0.8652058060321997,4.4152708998842235e-10
231,65,0.013920004,0.031328872800000004,0.000305058347,1.24131215,0.000669433470077857,0.8689006671213733,3.60749399363146e-10
231,63,0.0126460283,0.03081331215,0.000305058347,1.24291539,0.0008032739040279772,0.8625751087720676,4.345973660351975e-10
231,64,0.01330212365,0.03104249855,0.000305058347,1.29765332,0.0007415204983658977,0.8658994774506527,4.580916690245118e-10
232,62,0.0122915809,0.0307017397,0.000115326155,1.1358521,0.000844907616026457,0.8602704843381922,3.4644517228439106e-10
232,64,0.0136069758,0.031162366250000004,0.000115326155,1.2846719,0.0006856614506484867,0.8669381239578997,4.106779337902746e-10
232,63,0.0129669574,0.03090552705,0.000115326155,1.2679553,0.0007971502166764519,0.8638549654187592,4.5859037991391113e-10
233,65,0.0140352999,0.03136923815,0.000286628812,1.2151078,0.0006647943795878773,0.8687129015377626,3.3547988228578566e-10
233,64,0.01345737325,0.03108316195,0.000286628812,1.28542292,0.000656790615001802,0.8657153488637057,3.9409257389385425e-10
233,63,0.01283921165,0.0308505092,0.000286628812,1.2478075,0.000789519019115078,0.862753885101761,4.323507992608043e-10
234,62,0.0124158482,0.03071055655,0.000112398833,1.1508677,0.0008279186795061227,0.8600382225023983,3.5348081721529857e-10
234,64,0.01375306725,0.03121220415,0.000112398833,1.2501291,0.0007589766564013973,0.867033869358718,4.18010266546804e-10
234,63,0.013084761350000002,0.03092474865,0.000112398833,1.26405752,0.0007875689681011583,0.8636007131839156,4.4880425470999857e-10
235,62,0.012428574250000001,0.03070587945,0.000281161338,1.14860952,0.0008274219129934474,0.8598022813279957,3.511396587370836e-10
235,63,0.0130677726,0.0309091192,0.000281161338,1.25472558,0.0007201580762254263,0.8630666058047193,4.011361776471168e-10
235,64,0.0136978128,0.0311767962,0.000281161338,1.26057887,0.0007402354564106339,0.8664219368058863,4.182681160225454e-10
236,62,0.0122696054,0.0306470068,9.34449999e-05,1.09763205,0.0008534211022573707,0.8583495945648242,3.149454946797976e-10
236,64,0.0135305808,0.0310818348,9.34449999e-05,1.26597512,0.0006633225153961532,0.8648210977358611,3.797670779901991e-10
236,63,0.01292399505,0.03084352145,9.34449999e-05,1.23418951,0.000758684316981402,0.8618023402558923,4.016664685103854e-10
237,62,0.0125211617,0.0307113547,0.000281161338,1.15346074,0.0008118341181368264,0.8594935033353756,3.490214147257578e-10
237,63,0.0131540992,0.03092157655,0.000281161338,1.25072408,0.000714753190651437,0.8627504898883573,3.94229425974714e-10
237,64,0.01378982885,0.03120344875,0.000281161338,1.23498225,0.0007600447429502038,0.8662138609370366,4.031830417705196e-10
238,62,0.012530920099999999,0.03069422955,0.000112398702,1.13900352,0.0007958681447274637,0.8587490600864154,3.2912892990919156e-10
238,63,0.013156379999999999,0.030903629949999997,0.000112398702,1.23989761,0.0007172158505780721,0.862033894210084,3.8514248092857074e-10
238,64,0.01379193875,0.0311860433,0.000112398702,1.22851133,0.000762631933493196,0.8655267330770984,3.980661198843948e-10
239,62,0.0126034841,0.03071104735,0.000296067214,1.15900815,0.0008140515220563111,0.8589773352991654,3.5518064537369573e-10
239,63,0.01322989725,0.030927163549999998,0.000296067214,1.24249744,0.0006950762234869393,0.8621655370848439,3.756681034309201e-10
239,64,0.0138549153,0.031213653299999998,0.000296067214,1.2227633,0.0007580638880438849,0.8656426530612692,3.9001209109600096e-10
240,61,0.0123211499,0.03061478215,0.000112398462,1.08582222,0.000868233131816244,0.8568337344179993,3.0991959611195884e-10
240,63,0.013597325850000001,0.03107117955,0.000112398462,1.24149179,0.0006985508771540285,0.8635466901443415,3.766062289660772e-10
240,62,0.012979044549999999,0.03081934435,0.000112398462,1.21030319,0.0007589277203954214,0.8603292562013546,3.783399600571298e-10
241,61,0.0125759058,0.0306791123,0.000281161396,1.13043559,0.0008203780815151561,0.857852385218254,3.3147195806910846e-10
241,62,0.0132094948,0.030896922549999997,0.000281161396,1.22817826,0.0007158030746239547,0.861156972871281,3.7331180060054753e-10
241,63,0.0138420146,0.03118485955,0.000281161396,1.21602416,0.00076245341253563,0.8646769272028507,3.8565434881284884e-10
242,63,0.0140123833,0.0312586874,9.34451891e-05,1.1941514,0.000681733647507634,0.8647819528025915,3.260911979039799e-10
242,61,0.01274809985,0.030717716550000003,9.34451891e-05,1.17273903,0.0008140192046801292,0.858146605850709,3.6827677909757663e-10
242,62,0.013399448250000001,0.03096111025,9.34451891e-05,1.22731411,0.0007491514928941423,0.8616205954355597,3.898588790235233e-10
243,63,0.0140287108,0.03126398755,0.000286628696,1.19107497,0.0006811397554878693,0.8646964136599661,3.2323030639097957e-10
243,61,0.01276624295,0.030719653700000002,0.000286628696,1.17230487,0.0008125926564577846,0.85806068676063,3.6721218757255924e-10
243,62,0.01341676715,0.030964748,0.000286628696,1.22514427,0.0007480818860808499,0.8615339528727525,3.87187345296618e-10
244,60,0.01241622635,0.03059571515,0.00011532622,1.08247161,0.0008475919550546396,0.8553787528290095,2.996878567268391e-10
244,62,0.0137297297,0.0310944375,0.00011532622,1.21252203,0.000752739129763928,0.8625683839556569,3.773766704088454e-10
244,61,0.013078402749999999,0.0308134947,0.00011532622,1.19665658,0.0007885554595062228,0.8590571040775131,3.796277860739561e-10
245,60,0.012651602250000001,0.03065718155,0.00030505826,1.12870693,0.0008170011975045741,0.8562619514370972,3.285558311690629e-10
245,61,0.013280191,0.0308819786,0.00030505826,1.20660484,0.0007119163119927616,0.8595921662080263,3.515760599232785e-10
245,62,0.0139052193,0.0311751366,0.00030505826,1.1975857,0.0007584657276162994,0.8631401306622765,3.660140210874102e-10
246,60,0.012690799749999999,0.03065857945,0.000115326133,1.13764989,0.0008184341556325203,0.8559728133631661,3.3722375505085887e-10
246,61,0.0133195054,0.03088743895,0.000115326133,1.2021637,0.0007096684949920668,0.859303694094715,3.4651046294607474e-10
246,62,0.0139424019,0.0311842738,0.000115326133,1.19168067,0.0007571483263608623,0.8628574248704176,3.598612405187961e-10
247,62,0.0140306032,0.031219522450000002,0.000286628871,1.17977464,0.0006869723476331338,0.8626790732504974,3.1657188441865503e-10
247,60,0.0127690192,0.03067266385,0.000286628871,1.14651108,0.0008187967087146341,0.8558893211026924,3.4552668175990197e-10
247,61,0.0134187741,0.030919641249999998,0.000286628871,1.19903135,0.0007545883657945596,0.8594434329272163,3.6549718075891167e-10
248,62,0.01407629995,0.031230725350000002,0.000107207168,1.16966617,0.0006967912373387249,0.8622760586012883,3.1270302285720966e-10
248,60,0.0128148664,0.0306726871,0.000107207168,1.14275157,0.000815745379134421,0.8554174865361373,3.4077528389106313e-10
248,61,0.0134624429,0.03092398215,0.000107207168,1.19188738,0.0007525256883604147,0.8589786480550421,3.5785387780445563e-10
249,62,0.014142788449999999,0.0312632872,0.000286628812,1.16003406,0.0006912556586819314,0.8623926461414306,3.0242374495807245e-10
249,60,0.0129059907,0.0306980675,0.000286628812,1.14766979,0.0007797065450153943,0.8556072331003653,3.300542750733419e-10
249,61,0.0135363927,0.03095158655,0.000286628812,1.19083643,0.0007401953002692058,0.8591159323065624,3.51036306909275e-10
250,59,0.012690569749999998,0.030609644,0.000115326307,1.10424495,0.0008250969799499427,0.8536407251956677,3.101714025089879e-10
250,60,0.01331856055,0.0308402898,0.000115326307,1.17390954,0.0007163363877889144,0.8570537270092917,3.250768279790301e-10
250,61,0.01394152685,0.0311378306,0.000115326307,1.17478812,0.0007645179665834362,0.8606962911048439,3.47741631284725e-10
251,61,0.0141388504,0.0312373815,0.000305058376,1.15368402,0.0006964409088313782,0.8611974840195792,2.995877215088387e-10
251,59,0.01289014005,0.03066813105,0.000305058376,1.13371217,0.0008116215359041934,0.8543137572141639,3.3086570814183676e-10
251,60,0.013531439950000002,0.03092546665,0.000305058376,1.17782712,0.0007439463190491875,0.8578691367114983,3.4108632133821125e-10
252,61,0.01428092785,0.03130682835,0.000112398615,1.12915933,0.0006920093157564064,0.8612803087686786,2.786316269677745e-10
252,59,0.01303173365,0.03070373275,0.000112398615,1.14006317,0.0007661980240808255,0.854274374184925,3.1776414222511423e-10
252,60,0.013666942250000001,0.0309748156,0.000112398615,1.1718992,0.0007667832541591774,0.8579568945304102,3.461385625825041e-10
253,61,0.0143590425,0.0313467896,0.000281161134,1.11577499,0.0006753345210489038,0.8612891990032793,2.6211885827587494e-10
253,59,0.01312042915,0.030729330149999998,0.000281161134,1.14479017,0.0007690099544412026,0.8543744371359656,3.230170619753851e-10
253,60,0.01375547985,0.03101018725,0.000281161134,1.16597652,0.0007605324412783513,0.8580369635829025,3.3800399761730475e-10
254,60,0.014140758199999999,0.031200920200000003,9.34447889e-05,1.14054799,0.0007014087299383614,0.8593188719598588,2.9127407321166946e-10
254,58,0.012892087900000002,0.03062948585,9.34447889e-05,1.11245275,0.00081056362138988,0.8522777786243931,3.1173106298615343e-10
254,59,0.0135318511,0.03088785335,9.34447889e-05,1.1569314,0.0007529749143908529,0.8559231487247531,3.267191759917658e-10
255,60,0.01429761715,0.0312890625,0.000281161279,1.11821818,0.0006945998824195653,0.859961349155378,2.714165859066441e-10
255,58,0.0130462041,0.0306804404,0.000281161279,1.12666512,0.0007789243484629069,0.8528616413443721,3.1149840645398715e-10
255,59,0.013684527049999999,0.030955270899999998,0.000281161279,1.15727162,0.0007694205503415557,0.8565929151496877,3.3415674880815776e-10
256,59,0.01408034885,0.0311431894,0.000112398811,1.13964164,0.0007141298946323961,0.8577637988987796,2.9583219707282777e-10
256,57,0.01284396045,0.0305880662,0.000112398811,1.09207046,0.0008192447366587057,0.8506782369010968,2.9763910252406863e-10
256,58,0.0134757622,0.030838415,0.000112398811,1.14682245,0.0007373116184032323,0.8542776014892582,3.1139734747564413e-10
257,59,0.01407817845,0.03113658355,0.000296067039,1.13755906,0.0007149592930806536,0.8574663310813475,2.94512594770364e-10
257,57,0.01284164375,0.030581613049999998,0.000296067039,1.08865941,0.0008202599183255887,0.85035860174731,2.951518292858258e-10
257,58,0.013473473,0.030831953500000002,0.000296067039,1.14501083,0.0007382419220626068,0.8539694050623508,3.102762482402207e-10
258,59,0.014250624,0.0312227318,0.000112398528,1.11140144,0.0007244196887658931,0.8577041629011778,2.7779175377929063e-10
258,57,0.0130249392,0.0306325443,0.000112398528,1.10277355,0.00077630211795616,0.8505186746083169,2.9063172838431925e-10
258,58,0.0136429807,0.0308956746,0.000112398528,1.13574696,0.0007368525616981563,0.8541419867282625,3.0204583906054356e-10
259,59,0.0143973352,0.03130468165,0.000281161192,1.0909853,0.000681134629978337,0.8580224193839578,2.467064216043639e-10
259,57,0.013150536899999999,0.0306736315,0.000281161192,1.11412299,0.0007886368884313643,0.8508398547614545,3.047021591179486e-10
259,58,0.0137922689,0.0309628267,0.000281161192,1.1350919,0.0007752343255769307,0.854663178940262,3.172154756956703e-10
260,59,0.0141339661,0.03113029895,9.34445052e-05,1.11800516,0.0007160662695053291,0.8556843562729254,2.7964028040984016e-10
260,57,0.01288819545,0.030558166050000002,9.34445052e-05,1.07591796,0.0008204702390012793,0.8483778841965087,2.847216108527692e-10
260,58,0.0135248662,0.0308170514,9.34445052e-05,1.12887442,0.0007570448636450644,0.8521327449346718,3.045791099308764e-10
261,59,0.014365782050000001,0.03126495515,0.000286628812,1.0889852,0.000685206016288762,0.8567574175184776,2.467829173805024e-10
261,57,0.01311538225,0.0306393914,0.000286628812,1.09965372,0.0007950373214101075,0.8494736186065095,2.9506137549987547e-10
261,58,0.0137586724,0.0309260329,0.000286628812,1.12824619,0.0007810521533030964,0.8533535811822699,3.137003016076408e-10
262,56,0.012668977000000001,0.0304611884,0.000115326307,1.02079999,0.0008404148712027225,0.8457952728001121,2.480620611563301e-10
262,58,0.0139457453,0.0310070077,0.000115326307,1.11618674,0.0007633045935430211,0.8535195115522229,2.9659773986333576e-10
262,57,0.013312174,0.0307037281,0.000115326307,1.11496341,0.000782455082148041,0.8497052401529686,3.0301465879874727e-10
263,56,0.01268757275,0.0304575218,0.000305058493,1.02033329,0.0008395658061578447,0.8453251847156493,2.4746309124153214e-10
263,58,0.0139625487,0.0310067283,0.000305058493,1.1117276,0.0007632748419731284,0.8530742794420221,2.9295486266292305e-10
263,57,0.0133299474,0.030701756500000003,0.000305058493,1.11146247,0.0007819997158608341,0.8492466819301613,2.9992146882005965e-10
264,56,0.0126710096,0.0304401498,0.000115326191,1.0109762,0.0008429880111539872,0.8445202651624623,2.4152530815564075e-10
264,58,0.0139506431,0.0309895538,0.000115326191,1.10705996,0.0007746017245100796,0.8523752426205992,2.934771854626911e-10
264,57,0.0133137642,0.0306836581,0.000115326191,1.10583425,0.0007852266890985805,0.8484745064678424,2.9649012471420074e-10
265,58,0.01419784965,0.03111733775,0.000286628812,1.09125888,0.0007453719520735956,0.8531391674004317,2.70179654857533e-10
265,56,0.0129464781,0.03052640055,0.000286628812,1.05663478,0.0008384703516284432,0.845565046457845,2.7521399653963384e-10
265,57,0.0135838147,0.0307928389,0.000286628812,1.1088233,0.0007521484844644384,0.8493692440161014,2.8636880144711267e-10
266,55,0.012702839,0.03042317555,0.000107207401,1.0051043,0.0008428656223580738,0.8429930525837758,2.371989887329886e-10
266,57,0.0139757064,0.03097685895,0.000107207401,1.09614468,0.0007676262928341821,0.8508971130934946,2.8209849925037023e-10
266,56,0.01334397865,0.03066998445,0.000107207401,1.09559238,0.0007859022529700873,0.8469915751593516,2.8836717787462575e-10
267,55,0.01269878585,0.030416286549999998,0.000286628812,1.00156903,0.0008440587285753379,0.842620051742516,2.3497231259010693e-10
267,57,0.01397190385,0.03096966445,0.000286628812,1.09501243,0.0007686610437883852,0.8505515458668478,2.815811704946853e-10
267,56,0.01333998285,0.0306630237,0.000286628812,1.09315276,0.0007870606968823217,0.8466327020318429,2.868170873306882e-10
268,55,0.0126969446,0.0303985486,0.000115326169,0.993059099,0.0008465432445845769,0.8415373822569397,2.2955603136988236e-10
268,56,0.01333796135,0.030645829649999998,0.000115326169,1.08447742,0.0007896930805370799,0.8455887610337472,2.8080580786609843e-10
268,57,0.01397342185,0.030954740949999997,0.000115326169,1.09017813,0.0007796293794396941,0.849588509796253,2.8173690505435814e-10
269,55,0.012695407450000001,0.030389820249999998,0.000305058231,0.98883003,0.0008478186594637825,0.8409941974526586,2.2690151116473045e-10
269,56,0.0133363609,0.0306373183,0.000305058231,1.08024907,0.000791018274296097,0.8450650301551149,2.779148930063334e-10
269,57,0.013971892199999999,0.03094625845,0.000305058231,1.08817351,0.0007808844198457529,0.8490837108056669,2.805959950164806e-10
270,56,0.0140311634,0.03096122385,0.000112398382,1.08159506,0.0007048984391785266,0.8481935799500078,2.486089570857012e-10
270,54,0.012796544,0.03040979895,0.000112398382,1.0054456,0.0009150272791265164,0.8406980853966718,2.5777578942890435e-10
270,55,0.0134461224,0.03066892455,0.000112398382,1.08204675,0.0007419115755800449,0.8445417097268124,2.6199949259244766e-10
271,56,0.01404238075,0.03095941335,0.00028116125,1.07850862,0.0007051018247280495,0.8477288065700989,2.465032831893513e-10
271,54,0.01280893435,0.03040571605,0.00028116125,1.00360858,0.0009148117858912858,0.8402070364354721,2.562688336639574e-10
271,55,0.0134579316,0.030666064450000002,0.00028116125,1.07946706,0.0007419498438723692,0.8440636894480269,2.600954266659313e-10
272,56,0.0141234449,0.0309895752,9.34444033e-05,1.0678072,0.000716164860791916,0.8472407925961447,2.428029392943033e-10
272,54,0.012880373300000001,0.030414430399999998,9.34444033e-05,1.00437033,0.0008749188575473104,0.839480137690563,2.456658968313821e-10
272,55,0.013525079,0.0306809945,9.34444033e-05,1.07944787,0.000767352488649483,0.843494352864784,2.689851058436155e-10
273,56,0.014127809049999999,0.030987151900000003,0.000281161541,1.06616604,0.0007165379766189938,0.8469415868092185,2.417825502601057e-10
273,54,0.01288520685,0.0304110823,0.000281161541,1.00285351,0.0008750588481613685,0.839161643158809,2.445653577262302e-10
273,55,0.01352965785,0.0306781493,0.000281161541,1.07743502,0.0007676697840362581,0.8431856267413281,2.6755541428534237e-10
274,56,0.01448203945,0.031185163199999998,0.000112398455,1.03434646,0.0007411127278316374,0.8480213602604514,2.2780838690033207e-10
274,54,0.013271130150000001,0.03054347915,0.000112398455,1.04038274,0.0007593131037974897,0.8400886618777899,2.3762056496016395e-10
274,55,0.0138767636,0.03083078005,0.000112398455,1.06494558,0.0007602400960823805,0.8441055427099083,2.5562553546349694e-10
275,56,0.01452476255,0.03120725975,0.000296067272,1.02811885,0.0007390680010686911,0.8479248584378041,2.22996636011956e-10
275,54,0.0133186746,0.03055793045,0.000296067272,1.044294,0.0007556229694735466,0.840000479268358,2.3921271379755597e-10
275,55,0.01392208225,0.0308490414,0.000296067272,1.06500721,0.0007572537843250395,0.8440108239502745,2.546670028720219e-10
276,56,0.014510616649999999,0.031182650450000002,0.000112398433,1.02618814,0.0007420266251284047,0.8468154837507735,2.2259759128478213e-10
276,54,0.01330291525,0.0305355191,0.000112398433,1.03540909,0.000759103355615182,0.8388071574845185,2.340769879250202e-10
276,55,0.013906955700000001,0.030825654,0.000112398433,1.05903006,0.0007606215134544513,0.8428608711174523,2.51406555902226e-10
277,53,0.012784126699999999,0.030322738000000002,0.000281161454,0.965512216,0.0008935681072985206,0.8349531845441792,2.2221014285446958e-10
277,55,0.0140498588,0.0308942981,0.000281161454,1.05865145,0.0007133154104479235,0.8431038760215236,2.355111133661645e-10
277,54,0.013442596000000001,0.03058977055,0.000281161454,1.04927218,0.0008107340685496127,0.839289030167293,2.6044341543209387e-10
278,53,0.0128010693,0.03031219915,9.34442432e-05,0.961550713,0.000893933293644938,0.8338712297838685,2.1950592794839652e-10
278,55,0.01406504355,0.03088708875,9.34442432e-05,1.05315208,0.0007141992108081088,0.8420848982401385,2.320534815469737e-10
278,54,0.01345865055,0.03058103005,9.34442432e-05,1.04365516,0.000811401182307898,0.8382397264928202,2.563872705352026e-10
279,53,0.01311342605,0.030428140399999998,0.000286628521,1.00501835,0.0008400213363750066,0.8356035392452242,2.3633522124739063e-10
279,55,0.01436427655,0.0310622761,0.000286628521,1.02970672,0.0007828153991084392,0.8439758151902358,2.3732044672089656e-10
279,54,0.013744285799999999,0.030713244299999998,0.000286628521,1.04959631,0.000769364978896382,0.8397534022360373,2.473888393121111e-10
280,53,0.01295485345,0.03034809325,0.000115326235,0.973538935,0.0008510265663633779,0.8332777318860863,2.1709317036228792e-10
280,55,0.0141798654,0.03093267695,0.000115326235,1.03957689,0.0007238464302140475,0.8414146050144897,2.2598221444016902e-10
280,54,0.01358467295,0.0306182783,0.000115326235,1.04253685,0.0007743881792809093,0.8374834139114589,2.4388600808872814e-10
281,53,0.013231593199999999,0.03045126515,0.000305058231,1.0052582,0.0007590396173615099,0.8343842388261523,2.137083175710317e-10
281,55,0.0144569804,0.0310963029,0.000305058231,1.01804376,0.0007643396808667773,0.8428443709700095,2.23736259729703e-10
281,54,0.0138389482,0.0307380296,0.000305058231,1.04289424,0.0007880976225062715,0.8386790403064931,2.484650690539651e-10
282,52,0.0127981738,0.03026703095,0.000115326126,0.942473829,0.0008953955514673657,0.8306231967592825,2.0671394483867918e-10
282,54,0.01407266035,0.0308508435,0.000115326126,1.04013515,0.0007522912485565122,0.8392273991604933,2.352500498009093e-10
282,53,0.01345336295,0.030536435549999998,0.000115326126,1.02473879,0.0008178540311938612,0.8351049359395938,2.442791753786786e-10
283,55,0.0146100391,0.031171323700000003,0.000286628696,1.0024302,0.0007450692470778157,0.8420739732920017,2.0796389565901966e-10
283,53,0.01341104135,0.030504389649999998,0.000286628696,1.01419365,0.0007746976423297478,0.8337938953172273,2.2413903447891207e-10
283,54,0.014013762150000001,0.0308061661,0.000286628696,1.03757417,0.000758367944410795,0.8379705551396928,2.35358121023135e-10
284,52,0.01295781695,0.03029955925,0.000107207496,0.954728484,0.0008899163273169948,0.8296064143854279,2.1378184264009058e-10
284,54,0.014193377,0.03089301755,0.000107207496,1.02560222,0.0007294236369431057,0.8379745578735218,2.1843151948190332e-10
284,53,0.013598834649999999,0.03057682145,0.000107207496,1.02279568,0.0007798263703704426,0.8339302168909352,2.3156382422125219e-10
285,52,0.0132698934,0.030420841650000002,0.000286628754,0.990248263,0.0007614888913720614,0.8311009004481963,2.0469682940567501e-10
285,54,0.0144907357,0.031072580250000002,0.000286628754,1.00737894,0.0007660480387248798,0.8397577491634938,2.170844447889303e-10
285,53,0.013875245599999999,0.03071147575,0.000286628754,1.03035498,0.0007915733563623029,0.8355002562959664,2.404401290241821e-10
286,52,0.0133524374,0.03043984715,0.000115326169,0.99158895,0.0007572744862090197,0.8303804870445857,2.0441283668618344e-10
286,54,0.014565469250000001,0.0311049018,0.000115326169,0.999042869,0.0007633143753900608,0.839059588776042,2.1084745178725344e-10
286,53,0.013954415000000001,0.030737064799999998,0.000115326169,1.02575231,0.0007872224542783527,0.8347869504289025,2.358456785968321e-10
287,51,0.01297011275,0.030273115250000003,0.000305058522,0.943343937,0.0008929140934352036,0.8272741618413885,2.0672674631113803e-10
287,53,0.014218613500000001,0.0308782086,0.000305058522,1.01591349,0.000731405417075852,0.835886260316387,2.1271900238183662e-10
287,52,0.01361766925,0.030556169350000002,0.000305058522,1.01412642,0.0008017527239194234,0.8317777895014222,2.3191842424866707e-10
288,51,0.0130119282,0.030276023800000003,0.000115326184,0.944305837,0.0008902032605069938,0.8265029787443083,2.0674705175346452e-10
288,53,0.0142282075,0.0308706723,0.000115326184,1.0123868,0.0007323615076029726,0.8349496708600186,2.1073003147377548e-10
288,52,0.01364308595,0.030554453850000003,0.000115326184,1.01016128,0.0007627804854203106,0.8308122496645834,2.180012371205968e-10
289,51,0.012962435849999999,0.0302438736,0.000286628376,0.931820333,0.0008973955066630878,0.825171167813941,2.000526462470699e-10
289,53,0.014228589350000001,0.03085929155,0.000286628376,1.00978827,0.0007337878286571824,0.8340439896471258,2.094773926010072e-10
289,52,0.01361887855,0.030531995,0.000286628376,1.00611734,0.0008287207766664191,0.8298771206488674,2.3394130699179735e-10
290,51,0.01301272725,0.03024983595,0.000112398709,0.933408499,0.0008938223012789755,0.8244199323920549,2.0030423671832818e-10
290,53,0.01422860655,0.03084551265,0.000112398709,1.00672305,0.000735520581494005,0.8329973437243734,2.0801771713645408e-10
290,52,0.01364354555,0.030529024100000003,0.000112398709,1.00128233,0.0007661002166857054,0.8287959750575916,2.1308251798306502e-10
291,51,0.012988355,0.0302309841,0.000281161541,0.926735461,0.0008977356894919483,0.8235253374420173,1.9678637845698398e-10
291,53,0.014235029,0.0308408588,0.000281161541,1.00451851,0.0007361116874161099,0.8323741797252857,2.067838686268879e-10
291,52,0.01363482045,0.03051682935,0.000281161541,0.998764813,0.0008072386834289324,0.8281536628887561,2.2279062974408818e-10
292,51,0.0134040215,0.0303910999,9.34444543e-05,0.970136762,0.0007932170209311363,0.8250306687529594,2.0017691310043456e-10
292,53,0.0145986541,0.03105621225,9.34444543e-05,0.982780695,0.0007701469530008424,0.8338680764111032,2.0225698409233543e-10
292,52,0.014002482399999999,0.0306917066,9.34444543e-05,1.00616086,0.0007601587763640288,0.8294205320742141,2.1461501199543137e-10
293,51,0.01324171245,0.03031338565,0.000281161221,0.951198578,0.0007911206550276599,0.8233584519832965,1.8789416615806398e-10
293,53,0.01444225435,0.03094824685,0.000281161221,0.989108264,0.0007668778720336295,0.8322972985107213,2.054156774825289e-10
293,52,0.0138417231,0.0305999294,0.000281161221,1.00129414,0.0007775325097945811,0.8278587090761748,2.1626821823901103e-10
294,50,0.0130177429,0.03019973725,0.000112399197,0.914203942,0.0009004343313157435,0.8202184766051217,1.892774151596652e-10
294,52,0.01426811935,0.03082012475,0.000112399197,0.993446887,0.0007570004798660925,0.829371114036258,2.0551945581594345e-10
294,51,0.01366251195,0.03048887845,0.000112399197,0.986084878,0.0008104941261993168,0.8249509706427174,2.1506244245774134e-10
295,50,0.013037281099999999,0.0302014556,0.00029606701,0.914260924,0.0008953015625658953,0.8198569159707505,1.8823493284523006e-10
295,52,0.0142845786,0.03082414155,0.00029606701,0.991315722,0.0007565379587172283,0.8290260094417684,2.0404120451456303e-10
295,51,0.01367981825,0.030491492699999997,0.00029606701,0.984298408,0.0008097891627383444,0.8245973258271956,2.1367993314952852e-10
296,50,0.0130459899,0.030188719750000002,0.000112398899,0.909233451,0.0008966603104551578,0.8185610678637997,1.8534763197761868e-10
296,52,0.014292309999999999,0.03081330195,0.000112398899,0.987474978,0.000758021554529931,0.8278113297646618,2.0201265842038813e-10
296,51,0.0136879827,0.03047984375,0.000112398899,0.978722155,0.0008112340338000504,0.8233430341230559,2.1035008031047854e-10
297,50,0.0131362607,0.030217458500000002,0.000281161629,0.918138802,0.000866656010014445,0.8184376333001386,1.8460132803389652e-10
297,51,0.01374990585,0.030501835050000002,0.000281161629,0.976154029,0.0007616451902820086,0.822944443269839,1.9590187116314004e-10
297,52,0.01433434385,0.03083052485,0.000281161629,0.983436286,0.0007559961858637818,0.8274178269279759,1.989481684990939e-10
298,52,0.0148528134,0.0311621921,9.34445125e-05,0.945843637,0.0007878523889294172,0.8301678299708258,1.8389409035983912e-10
298,51,0.01426404665,0.030770903449999998,9.34445125e-05,0.983765662,0.0007417952287783129,0.8254718415214783,1.954116850872021e-10
298,50,0.01366684075,0.03044416105,9.34445125e-05,0.969597578,0.0008165505316476746,0.8210503764411254,2.0571197908965427e-10
299,53,0.014925027300000001,0.031209671850000002,0.000286628434,0.938911438,0.0007600738502140931,0.8302922223041573,1.7343877690151335e-10
299,51,0.013757432350000001,0.03048428335,0.000286628434,0.968547285,0.0007639310761010198,0.8212245487234549,1.9181472002448883e-10
299,52,0.014341493600000001,0.03081378155,0.000286628434,0.97840035,0.000758239817251075,0.8257529089075549,1.9640983825123318e-10
300,52,0.01488387305,0.031163779100000004,0.00011532606,0.939882815,0.0007882107784035617,0.828697361524195,1.804325829580935e-10
300,51,0.0142969233,0.03076985105,0.00011532606,0.977529585,0.0007420594437923581,0.8239547760142156,1.9169257158474553e-10
300,50,0.0137014138,0.0304401992,0.00011532606,0.962399721,0.0008164443037700148,0.8194898784739906,2.0102194236459864e-10
301,49,0.0132884197,0.0302331401,0.000305058318,0.917364061,0.0007999266082406136,0.8152361187531474,1.6994453018377467e-10
301,51,0.0144613339,0.03086231645,0.000305058318,0.967079461,0.000744864250266516,0.8244099560111875,1.8615579936279725e-10
301,50,0.01388045635,0.030522054950000002,0.000305058318,0.966375351,0.0007730548301364435,0.8199082249904119,1.9276856325016542e-10
302,52,0.0149976993,0.031225452199999996,0.000115326133,0.926398754,0.000760000263232266,0.8277391604171512,1.6640684050759463e-10
302,51,0.01442158505,0.03082538025,0.000115326133,0.966206908,0.0007491390639671905,0.8231219875752995,1.8670514252442242e-10
302,50,0.01383866605,0.03048814465,0.000115326133,0.957718432,0.0007781162780970609,0.8185707989662205,1.8873118372530287e-10
303,49,0.0131545686,0.030150575550000003,0.000286628492,0.89334476,0.0008749656608022416,0.812199080928885,1.713112216925215e-10
303,51,0.01435373725,0.0307704629,0.000286628492,0.96706593,0.0007422069407251885,0.8215285705920377,1.8548413824194778e-10
303,50,0.01377264365,0.0304413801,0.000286628492,0.950828671,0.0007852376102409627,0.8169952394298453,1.8627302692464135e-10
304,48,0.0131170475,0.030118408649999998,0.000107207401,0.884442747,0.0009323166333442655,0.8105703762068583,1.7700088442126352e-10
304,50,0.0143551179,0.03075551705,0.000107207401,0.963507652,0.0007440294794550363,0.8201565670032694,1.8384340138425225e-10
304,49,0.0137641332,0.030421377149999998,0.000107207401,0.945289075,0.0008141819791367553,0.8155792623576881,1.8969835652956031e-10
305,48,0.013118221,0.030113034849999998,0.000286628259,0.88255775,0.0009329889972932654,0.8100623235109286,1.7596931960014736e-10
305,50,0.0143560967,0.03075051025,0.000286628259,0.962219238,0.0007446433273132179,0.8196805111066515,1.8323897636980878e-10
305,49,0.013765182349999999,0.03041623065,0.000286628259,0.943326533,0.0008148640604369392,0.8150879588236293,1.8864684661121054e-10
306,48,0.013111563400000002,0.0300923288,0.000115326067,0.875163257,0.0009361034358665115,0.8084397936459253,1.7204270215130716e-10
306,50,0.014349716700000001,0.03072948755,0.000115326067,0.958766341,0.0007472196041399446,0.8181649874144438,1.8184896023340738e-10
306,49,0.01375852805,0.03039550875,0.000115326067,0.937264204,0.0008178335580197564,0.8135217870340371,1.8561359168934565e-10
307,48,0.013042124450000001,0.030054265650000002,0.000305058376,0.862293541,0.0009698618390808331,0.8071539602364515,1.703026759924607e-10
307,50,0.014294385900000001,0.030686927949999998,0.000305058376,0.959482789,0.0007522771616616181,0.8169872543712386,1.835016002985771e-10
307,49,0.01370048475,0.030357149450000002,0.000305058376,0.933775008,0.0008242736981859507,0.8122951364130417,1.8494050656595776e-10
308,48,0.01308599765,0.030054608349999998,0.00011239903,0.8629421,0.0009678875494113024,0.8058745954036458,1.7034866167716418e-10
308,50,0.0143344002,0.030694119649999997,0.00011239903,0.95381397,0.0007516086994213914,0.8157720363139972,1.800240566655395e-10
308,49,0.0137424967,0.030361019099999997,0.00011239903,0.928014159,0.0008229254552213299,0.8110474625927512,1.8115344342200813e-10
309,48,0.01348287985,0.0302225547,0.000281161454,0.906827927,0.0008220062194021541,0.8080175270187095,1.685361758103351e-10
309,50,0.01464209705,0.030883811400000002,0.000281161454,0.945047915,0.0007560887356164382,0.8175676880472516,1.7602357206325636e-10
309,49,0.0140711614,0.0305285156,0.000281161454,0.94643718,0.0007572510639503732,0.8127962750578683,1.770930110820066e-10
310,50,0.01493946695,0.0310791358,9.3444185e-05,0.919842303,0.0007728032573520031,0.81867589392971,1.6555136899122263e-10
310,49,0.01435563715,0.0306822229,9.3444185e-05,0.94778353,0.0007791189706768876,0.8137627749422441,1.8300578196632882e-10
310,48,0.01374321105,0.030336015850000002,9.3444185e-05,0.921216726,0.0008572197391403882,0.8088095036252421,1.844810200463646e-10
311,50,0.01478635895,0.0309625156,0.000281161629,0.93109411,0.0007535025974889922,0.816862751441784,1.6757140354539335e-10
311,48,0.0135957161,0.0302559696,0.000281161629,0.910436928,0.0008555754107799035,0.807050937180303,1.7757635985516819e-10
311,49,0.0142072826,0.03058693275,0.000281161629,0.945101559,0.0007862718409515437,0.812061251074241,1.8308235858963306e-10
312,50,0.01490771165,0.0310291294,0.00011239836,0.919811845,0.0007641443739721622,0.8161311316072007,1.636804628143768e-10
312,48,0.0137134036,0.03029410075,0.00011239836,0.911217034,0.0008636451173690706,0.8061711931926733,1.7972496892193498e-10
312,49,0.0143271801,0.03063839025,0.00011239836,0.942536533,0.0007847209269782862,0.8112173208969343,1.8119986698141815e-10
313,50,0.01493604245,0.031044390999999998,0.000296067301,0.916383326,0.0007737491565714924,0.8158858416819172,1.6384395941668168e-10
313,48,0.01374051065,0.030302220050000002,0.000296067301,0.911632597,0.0008619465526046532,0.8058453700776529,1.7962350820996008e-10
313,49,0.014352986549999999,0.030648578000000003,0.000296067301,0.941358745,0.0007835418504886803,0.8108971745669343,1.802328100893728e-10
314,50,0.015002809950000001,0.03107799495,0.000112398659,0.908624768,0.0007741970190248392,0.8150456756641346,1.5970530356020023e-10
314,49,0.014422521,0.030675977450000003,0.000112398659,0.936530948,0.0007801727992914352,0.8100183559591954,1.7664128533503295e-10
314,48,0.0138137052,0.030324047399999998,0.000112398659,0.912728369,0.0008572996073827939,0.8049522319742752,1.7931782994089043e-10
315,50,0.01501069455,0.031074889,0.000281161483,0.906872809,0.0007747247804147894,0.8143386785691672,1.588671107798457e-10
315,48,0.01383615285,0.03032625,0.000281161483,0.910806119,0.0008201125657991117,0.804199068056078,1.7042949151635834e-10
315,49,0.0144308284,0.0306722382,0.000281161483,0.934575081,0.0007806933949000903,0.8092883277034558,1.756248495737667e-10
316,49,0.0150045543,0.0310534872,9.34447162e-05,0.905377984,0.0007772083126064029,0.8127882624108111,1.585695265495102e-10
316,48,0.0144241825,0.03065133095,9.34447162e-05,0.931634367,0.0007834651903718299,0.8076836476977721,1.7454744196821384e-10
316,47,0.01381550775,0.030298953849999997,9.34447162e-05,0.9053455,0.0008607850525090324,0.8025379385319577,1.7560183572946473e-10
317,49,0.014950633500000001,0.0310084885,0.000286628667,0.909400582,0.0007782542477121434,0.8119046325984561,1.6096397151000248e-10
317,48,0.014375348100000001,0.03061557095,0.000286628667,0.930938423,0.0007690947960204393,0.8067828465361497,1.709519989160064e-10
317,47,0.01377128345,0.030271006750000003,0.000286628667,0.90076369,0.0008656142302000502,0.8017213399418333,1.7385070320241632e-10
318,49,0.01498976025,0.0310203135,0.000115326271,0.904048562,0.0007776792376275487,0.8107066136771891,1.5794868881773643e-10
318,48,0.01441668955,0.0306242844,0.000115326271,0.926899672,0.0007681866407295221,0.8055496497437439,1.6847970614739782e-10
318,47,0.01381477995,0.0302763488,0.000115326271,0.899119377,0.0008639172505135097,0.8004556333309079,1.7253608990469428e-10
319,48,0.01481266645,0.0308813499,0.000305058347,0.914430022,0.000761516478842383,0.8082825733725729,1.6019801354760112e-10
319,46,0.0136005399,0.0301569542,0.000305058347,0.882888198,0.0008869806478066039,0.7977430340072299,1.6748389267978866e-10
319,47,0.0142263472,0.0304989349,0.000305058347,0.921658874,0.0008219170759166399,0.8032138207987788,1.7714575918376708e-10
320,48,0.01481888445,0.0308719147,0.000115326213,0.912099302,0.0007627321784387224,0.8070945910062329,1.5919851476303582e-10
320,46,0.013603054449999999,0.0301442165,0.000115326213,0.879635453,0.000900776928233649,0.7964748055140957,1.6816783761503558e-10
320,47,0.01423289165,0.03048895485,0.000115326213,0.918365359,0.0008232179950366526,0.801987209791841,1.7548215557838382e-10
321,48,0.014825200649999998,0.0308639491,0.00028662855,0.90997088,0.0007637801292287372,0.8060199270432196,1.5827610119173143e-10
321,46,0.01361011625,0.03013499545,0.00028662855,0.876761794,0.0009018821426976378,0.7953280370824061,1.6668806085263835e-10
321,47,0.0142395436,0.0304804407,0.00028662855,0.915432036,0.0008243237506077771,0.8008777866582907,1.7399732349539152e-10
322,48,0.0147341257,0.030782830900000002,0.000107207437,0.911297917,0.0007608250443313736,0.8036411029400236,1.583724984801303e-10
322,47,0.0141692306,0.0304208137,0.000107207437,0.907473803,0.0007752978012709766,0.7984816438533918,1.5930989922894435e-10
322,46,0.0135644763,0.03009487965,0.000107207437,0.867471337,0.0008911912953134983,0.7932240392103579,1.5939945608594387e-10
323,48,0.0148798004,0.0308807008,0.000286628812,0.904173434,0.0007645708200508387,0.8044656315124288,1.553538836517543e-10
323,46,0.0136859631,0.03015033995,0.000286628812,0.875436246,0.0008979391754271754,0.7938222788696464,1.651884375814622e-10
323,47,0.01430433755,0.03049670345,0.000286628812,0.91133827,0.0008009925747914187,0.7992677603275303,1.667565306310803e-10
324,48,0.01492116135,0.0308939535,0.000115326155,0.899528682,0.0007806743242793523,0.8032963789552153,1.561317677152069e-10
324,46,0.013725133649999999,0.03015295605,0.000115326155,0.873043656,0.0008966071630482694,0.7924665376669725,1.6356028443717337e-10
324,47,0.014341610500000001,0.0305023566,0.000115326155,0.908097744,0.0008003163943345768,0.7979487327418563,1.6479946688717135e-10
325,48,0.01497168465,0.030920594949999998,0.000305058376,0.895241201,0.0007782985826865059,0.802805525538264,1.5338427914172368e-10
325,47,0.014401386,0.030528761449999997,0.000305058376,0.906998396,0.0007798725994288717,0.7974503163972902,1.5999189002270283e-10
325,46,0.01379329475,0.03017807475,0.000305058376,0.874503314,0.0008940079563130651,0.7920842769798208,1.6392652800399134e-10
326,48,0.0150869675,0.03098972795,0.000112398753,0.885701299,0.0007236002953542566,0.8021888627867514,1.3797953835541356e-10
326,46,0.0139388768,0.03023890965,0.000112398753,0.880241036,0.0008303818356673512,0.7916374592376013,1.5535601962579543e-10
326,47,0.0145312995,0.030595797100000002,0.000112398753,0.904100835,0.0007990897098801038,0.7971747110563788,1.623282654447417e-10
327,47,0.01484680035,0.03080231975,0.000281161541,0.898037136,0.0007442043330581619,0.7991274000294804,1.4807913559303183e-10
327,45,0.013661156850000002,0.030082621599999998,0.000281161541,0.859530807,0.0009080091876251593,0.7883145740683682,1.5787537180454135e-10
327,46,0.014280296349999999,0.030427961599999997,0.000281161541,0.89718616,0.0008101563594281708,0.7939503828984105,1.607323651782886e-10
328,47,0.014856197849999999,0.03079185635,9.34441414e-05,0.895085692,0.0007454906924808848,0.7976064441226565,1.4683968870788561e-10
328,45,0.01366922815,0.03006919935,9.34441414e-05,0.8557688,0.000909689794749752,0.7866723051542114,1.5604653596401179e-10
328,46,0.014289012149999999,0.0304160919,9.34441414e-05,0.893986583,0.0008148019762189535,0.7923822326687497,1.5988620543306423e-10
329,47,0.014938160749999999,0.030845664449999997,0.000281161338,0.891375363,0.0007069254139878795,0.7977595869283425,1.3747456861982827e-10
329,45,0.01377195495,0.0301174624,0.000281161338,0.860345066,0.0009028984733721344,0.7871228400716425,1.574447109407074e-10
329,46,0.014387922349999999,0.0304722274,0.000281161338,0.895368397,0.0008074647515934068,0.7927942967105004,1.5920129236893424e-10
330,47,0.0149562731,0.030837592650000002,0.000112398709,0.887436032,0.0007080202272695362,0.7959554542655471,1.358235984492641e-10
330,45,0.0137920319,0.0301063247,0.000112398709,0.856369138,0.000904134501257687,0.78520737797127,1.554289311175241e-10
330,46,0.014406989299999999,0.0304627903,0.000112398709,0.891114414,0.0008085914828087348,0.790937785359251,1.5710411281710566e-10
331,47,0.0148982899,0.030789173250000003,0.00029606701,0.88859719,0.0007378604584677721,0.7949192232548785,1.421192485749109e-10
331,45,0.01371909535,0.0300613344,0.00029606701,0.850576162,0.000909510907388748,0.7838844508778731,1.5312129780573645e-10
331,46,0.0143364444,0.03041223905,0.00029606701,0.888543963,0.0008152231947011343,0.7896766710017713,1.5699113390853123e-10
332,45,0.014188418599999999,0.0303045204,0.000112398768,0.877259076,0.0007576962125782992,0.7863707626682424,1.4028432808768104e-10
332,44,0.013592787549999999,0.02997937895,0.000112398768,0.833183944,0.0009191931348867395,0.7809493995788661,1.452179339109058e-10
332,46,0.014736620249999999,0.030657877200000003,0.000112398768,0.889990926,0.000762935750530089,0.791829614974518,1.4765950220421954e-10
333,45,0.014207285850000001,0.03030635785,0.000281161221,0.876398563,0.000757330325050494,0.7856508792561763,1.3979428717514421e-10
333,44,0.01361695165,0.029981859,0.000281161221,0.832498729,0.0009057656968390785,0.780211316032688,1.4273531630303702e-10
333,46,0.01475458595,0.030661050199999998,0.000281161221,0.888269305,0.000762679245566904,0.7911288613708195,1.4673342041528647e-10
334,46,0.0149828745,0.03080751095,9.34444397e-05,0.87955755,0.000711609461902246,0.7915849813574614,1.3281746395082134e-10
334,44,0.01380079285,0.03006023635,9.34444397e-05,0.844955921,0.0009105365875753826,0.7803511480744028,1.5019857067868962e-10
334,45,0.01442473985,0.0304246936,9.34444397e-05,0.880875647,0.0008411854902310475,0.786436779370667,1.5772727719779101e-10
335,46,0.014981799300000001,0.0308018625,0.00028662855,0.878942132,0.0007122070651556175,0.7911211318139477,1.3264306548505923e-10
335,44,0.0137996199,0.03005467635,0.00028662855,0.843720317,0.0009113538878199387,0.7798554952605825,1.49657946473833e-10
335,45,0.0144235939,0.03041911685,0.00028662855,0.879784644,0.0008419255836598806,0.7859584669970819,1.572651872863368e-10
336,46,0.015077090349999999,0.03085601985,0.000115326344,0.87286514,0.0007243186111789988,0.7904472893455929,1.32049118225529e-10
336,44,0.013901948,0.03009193205,0.000115326344,0.845893621,0.0008950934677272062,0.7790482608243573,1.4815652924508285e-10
336,45,0.01451795685,0.030461913950000002,0.000115326344,0.878927469,0.0008366596721483519,0.7851579598299434,1.5581380775164456e-10
337,46,0.01508921245,0.03085452035,0.000305058376,0.870911598,0.0007246710488858916,0.7895754193034351,1.3120507980430076e-10
337,44,0.01393962605,0.0301019922,0.000305058376,0.8460114,0.0008929558543099312,0.7783656829500271,1.4786562000913885e-10
337,45,0.01454256475,0.03046670275,0.000305058376,0.877038002,0.0008037389920523502,0.7842605030287606,1.486943119076228e-10
338,44,0.01407406015,0.0301643396,0.000115326176,0.852080584,0.000810445261664626,0.7782146870418519,1.3718808054414078e-10
338,46,0.0152235939,0.03094876,0.000115326176,0.859322727,0.0007997487686152189,0.7900711718632513,1.3895007335365004e-10
338,45,0.0146499034,0.0305259349,0.000115326176,0.876055837,0.0008086788460889182,0.7841758433763902,1.4909345746132876e-10
339,46,0.015308849499999999,0.03100503795,0.000286628841,0.852418959,0.000797731421865418,0.7897545240569829,1.3520064059622774e-10
339,44,0.01419177095,0.0302211009,0.000286628841,0.859182656,0.0007983315824646759,0.7781218529348582,1.3863385050596777e-10
339,45,0.014750241300000001,0.030582021,0.000286628841,0.874869525,0.0007721562533969518,0.7838434340977637,1.4176699533849784e-10
340,46,0.0153110381,0.03098936845,0.00010720751,0.850675046,0.0007967798880758838,0.7881815197037073,1.341912524722629e-10
340,44,0.01419523315,0.030205711750000003,0.00010720751,0.855546415,0.0008002195743645464,0.7764616796388927,1.3715996498649012e-10
340,45,0.0147535014,0.03056698105,0.00010720751,0.871536374,0.0007740100985562654,0.7822366556960549,1.4044800083335833e-10
341,45,0.01504545285,0.0307732662,0.000286628812,0.866675138,0.0007329006259837033,0.7845828570023035,1.3071870178648455e-10
341,43,0.013863872749999999,0.030011248749999997,0.000286628812,0.829466999,0.0009164848272494321,0.7727641848664722,1.4281221461050067e-10
341,44,0.01448445955,0.030381310699999997,0.000286628812,0.8647421,0.0008473090825973113,0.7791013616288666,1.5008936995839753e-10
342,45,0.0150664058,0.0307710748,0.000115326271,0.863674939,0.0007334912495367898,0.7830967214337269,1.2943499536096606e-10
342,43,0.0138535714,0.02998660315,0.000115326271,0.824018776,0.0008889670227342416,0.7707167839531706,1.3574271938233866e-10
342,44,0.01448470915,0.0303644491,0.000115326271,0.861560464,0.0009099079894680146,0.7775712376703904,1.593594641365924e-10
343,45,0.015145896950000001,0.03082267845,0.000305058347,0.8586815,0.0007290282664261778,0.7830824099607037,1.2637242354372787e-10
343,43,0.0139450757,0.030027453750000002,0.000305058347,0.829409182,0.0008727261906388586,0.7707406508124405,1.3596453223150624e-10
343,44,0.014568768900000001,0.03041000195,0.000305058347,0.862720251,0.0009035534541737016,0.7775712057355323,1.5890362850499926e-10
344,45,0.01517846525,0.03083036745,0.000112398571,0.853909791,0.000779056484746809,0.7818584966943869,1.327484072610093e-10
344,43,0.01396214075,0.03001799525,0.000112398571,0.827484787,0.0008738204803503015,0.7690358916537471,1.3516548658708043e-10
344,44,0.014584965049999999,0.03040196185,0.000112398571,0.860109687,0.0009046770664052385,0.7759255308748113,1.5762446797587307e-10
345,45,0.015334671849999999,0.030946679400000003,0.000281161454,0.84511739,0.0007849001177038856,0.7827020849157836,1.29551642039237e-10
345,43,0.014232506950000001,0.030166303749999998,0.000281161454,0.844817758,0.0008026945026952465,0.7707895884029208,1.3234417674388612e-10
345,44,0.01478635285,0.03052856585,0.000281161454,0.861476958,0.0007736379766745583,0.7767027962562261,1.3545443468153083e-10
346,45,0.015449868499999998,0.0310243042,9.3444105e-05,0.838347197,0.0007826061508860982,0.7822955101879724,1.2601463319542697e-10
346,44,0.0149068143,0.03059666695,9.3444105e-05,0.858264148,0.0007666886304954929,0.7762722643437194,1.3270286286131358e-10
346,43,0.0143403504,0.03021506775,9.3444105e-05,0.848481715,0.0008484842675547602,0.7703715260192898,1.4176948094169527e-10
347,42,0.013655230899999999,0.02981811015,0.00028116157,0.793498695,0.0009344607903373517,0.7625005346311968,1.2704294390888433e-10
347,43,0.01425462215,0.03015571085,0.00028116157,0.841588497,0.0008039386182619101,0.7687013564300659,1.3099622196051235e-10
347,44,0.01480741795,0.03051960375,0.00028116157,0.858309746,0.0007748974026525843,0.7746781817710895,1.341457111455245e-10
348,45,0.01544658795,0.03099347275,0.000112398797,0.836443841,0.0007793951345292005,0.7796907584362712,1.2462286454792904e-10
348,44,0.01490552025,0.030567989650000002,0.000112398797,0.854440033,0.0007700523911695753,0.7736283599738749,1.3146589434095005e-10
348,43,0.0143389939,0.03018632065,0.000112398797,0.843264639,0.0008523087039938613,0.767638632523227,1.3973086518128784e-10
349,45,0.0154452976,0.0309859989,0.000296067185,0.836008608,0.000780190542981611,0.7790955378137302,1.245502429034391e-10
349,44,0.01490411535,0.0305606229,0.000296067185,0.853653073,0.0007709052790308452,0.7730123876246998,1.3123864781228085e-10
349,43,0.014337516849999999,0.030179017199999998,0.000296067185,0.84200424,0.0008532892715626236,0.7670016346925516,1.3924895224486953e-10
350,42,0.01382806475,0.029863571749999998,0.000112398819,0.801246464,0.0009062165086579284,0.7596948440666735,1.2694319973620741e-10
350,44,0.0149968858,0.030611651,0.000112398819,0.850248992,0.0007633668170215894,0.7723826415091198,1.2836719016729915e-10
350,43,0.0144338766,0.0302228117,0.000112398819,0.840996861,0.000853364259723745,0.7663918841791174,1.3874927109658542e-10
351,44,0.0152386655,0.0307891676,0.000281161309,0.843055129,0.0007848832696914679,0.7742994343784053,1.2857819959771783e-10
351,42,0.01406458065,0.029986980400000002,0.000281161309,0.818586349,0.000876773994850417,0.7613330318126956,1.3118419367973238e-10
351,43,0.0146657778,0.03036686035,0.000281161309,0.847988009,0.0008615218264001475,0.7681180198127742,1.4369003508459105e-10
352,44,0.015478153250000001,0.030968810399999998,9.34444106e-05,0.831067801,0.0007827592360389464,0.7753544564876246,1.2270153688312864e-10
352,43,0.014929720649999999,0.0305349901,9.34444106e-05,0.847312331,0.0007993990209984233,0.7691482377502855,1.3300253346455964e-10
352,42,0.0143555375,0.03014519995,9.34444106e-05,0.834137559,0.0008577704788347717,0.7628100880941582,1.3599438728656462e-10
353,44,0.0154864029,0.0309700724,0.000281161338,0.830257297,0.0007827836295729817,0.7749311434952441,1.2233715128221064e-10
353,43,0.01493843365,0.030535649550000002,0.000281161338,0.846429706,0.000799434906639805,0.7687118397386512,1.3258224463180006e-10
353,42,0.014364711,0.030145203699999998,0.000281161338,0.833313525,0.0008577323183534255,0.762360239717674,1.3557499292708776e-10
354,44,0.015524043250000001,0.030979627750000002,0.000112398804,0.826442301,0.0007825000366388821,0.7733262304939419,1.2057074532039702e-10
354,43,0.014978222999999999,0.030542463050000003,0.000112398804,0.842885792,0.0007991178039267027,0.7670584484637073,1.3082834487422615e-10
354,42,0.01440447475,0.0301477825,0.000112398804,0.830263913,0.0008633060876885682,0.7606575590362684,1.3492391961811666e-10
355,44,0.0155494786,0.0309947375,0.000305058347,0.824394941,0.0007813350630653819,0.7730213019072586,1.19475740744014e-10
355,43,0.015005161999999999,0.03055574185,0.000305058347,0.841592491,0.0007978260933416717,0.7667480831748121,1.3000109725228603e-10
355,42,0.01443281445,0.0301590813,0.000305058347,0.829826653,0.0008618549373318656,0.7603424605033428,1.3447897861942423e-10
356,41,0.01403192615,0.029900569449999997,0.00011532622,0.803119838,0.0008201825511189298,0.7541752373123999,1.1571917570274846e-10
356,43,0.01517843595,0.030675530450000002,0.00011532622,0.838363767,0.0007696358571098178,0.7674424012853086,1.2393270865314095e-10
356,42,0.014611673549999999,0.0302646123,0.00011532622,0.837008238,0.0008751120981293358,0.7612342250822737,1.4021724262873665e-10
357,44,0.01554190325,0.0309613673,0.000286628667,0.823658526,0.0007625371666674244,0.7704730456176161,1.1628151018815829e-10
357,43,0.0150048165,0.030529282050000002,0.000286628667,0.838517368,0.0008010674902600638,0.7642930755589475,1.2906745035623444e-10
357,42,0.014432461,0.030132476249999998,0.000286628667,0.824905694,0.0008654701346663281,0.7578008371197174,1.3259407065429802e-10
358,41,0.01418831525,0.02996191475,0.000107207401,0.80876261,0.0008528886468354821,0.75307917008385,1.2295514011034077e-10
358,43,0.0153063494,0.03074653445,0.000107207401,0.831966817,0.0007910371519895871,0.7661527256470789,1.2441154451380792e-10
358,42,0.0147564467,0.0303315297,0.000107207401,0.834902585,0.0008118765621576972,0.7597009322237406,1.2908092936004346e-10
359,41,0.01417902345,0.0299498914,0.000286628812,0.807044625,0.0008545654751237515,0.7523569212768572,1.223931694122681e-10
359,43,0.01529794275,0.03073337115,0.000286628812,0.831409335,0.0007924425599184835,0.765482865140883,1.2437567183405095e-10
359,42,0.014747552550000001,0.030318960550000003,0.000286628812,0.833785772,0.0008133708663085455,0.7590054273594627,1.287867948010868e-10
360,43,0.0155737088,0.030945844950000002,0.000115326191,0.819296122,0.0007648434475355066,0.7669670677448521,1.1474210117565933e-10
360,41,0.0144575364,0.03010543435,0.000115326191,0.818810046,0.0008640522715629002,0.7539221564374556,1.2938890156173873e-10
360,42,0.0150324474,0.0305074798,0.000115326191,0.833750784,0.0008206228664989297,0.7606740832463322,1.299182443491527e-10
361,40,0.0140789994,0.029860986399999997,0.000305058347,0.792817116,0.0008246581816497779,0.7482325896011376,1.1181781159838155e-10
361,42,0.01519742005,0.03062433095,0.000305058347,0.830182314,0.0007757640695460583,0.7616107450822397,1.2120547325005376e-10
361,41,0.0146443532,0.0302198287,0.000305058347,0.827600598,0.0008449731260165672,0.755207305729176,1.307592168686992e-10
362,40,0.01416899495,0.02989965025,0.000115326191,0.796618998,0.0008330918928845303,0.7478944663216982,1.1463714897754154e-10
362,41,0.014720615,0.030256497700000003,0.000115326191,0.8273983,0.0007970183549225099,0.7545073949482553,1.2324577824021673e-10
362,42,0.0152707817,0.03066855485,0.000115326191,0.827142239,0.0008183602066317253,0.761297398721501,1.2642545075424742e-10
363,40,0.01418803725,0.02989743465,0.000286628812,0.795623839,0.0008332365769523403,0.7468031289803609,1.1421642315365647e-10
363,41,0.0147387935,0.0302555794,0.000286628812,0.826157749,0.0007972608882321737,0.7534485672438196,1.2271486727496187e-10
363,42,0.0152880433,0.0306688808,0.000286628812,0.825584114,0.000818616524232091,0.7602720119324134,1.25732870270188e-10
364,40,0.0142220119,0.0299027236,0.000112398855,0.795676649,0.0008323121122369038,0.7457169712206555,1.1411311775773681e-10
364,41,0.01477126125,0.0302630905,0.000112398855,0.825031757,0.0007965533643451159,0.7523910596897073,1.2209251425297875e-10
364,42,0.015318839800000001,0.03067858705,0.000112398855,0.823777616,0.0008179435083150202,0.7592443699405141,1.2478549193556953e-10
365,40,0.014226232200000001,0.02989550215,0.000281161483,0.794331253,0.0008404341570283263,0.7448606867701064,1.1462807516347407e-10
365,41,0.0147776208,0.03025778105,0.000281161483,0.824003696,0.0007972511547855707,0.7515622306504651,1.2173141478959756e-10
365,42,0.01532489015,0.030673723700000002,0.000281161483,0.822927952,0.0008186265518632735,0.7584434521150035,1.2449365444130688e-10
366,40,0.014235372699999999,0.02988228295,9.34446434e-05,0.79144609,0.0008420447551448691,0.7431806002501423,1.1356814489945025e-10
366,41,0.0147862905,0.0302452864,9.34446434e-05,0.821976423,0.0007988557381416206,0.7499370124518838,1.210545545016722e-10
366,42,0.015333151449999999,0.0306618493,9.34446434e-05,0.821385384,0.000820191031249792,0.756873870293309,1.2401275209610723e-10
367,40,0.0142967361,0.029914870849999997,0.000281161396,0.795711219,0.0008696166852145608,0.7435110517905091,1.1924313594442568e-10
367,42,0.015413519899999999,0.030722443,0.000281161396,0.819252074,0.0008133192148467952,0.7573282669325901,1.2199350059903537e-10
367,41,0.014863237250000001,0.0302949054,0.000281161396,0.822710574,0.000817243995451109,0.7504362884433456,1.2418185857747151e-10
368,39,0.0142720351,0.0298761446,0.000112398709,0.789811134,0.0008686643265476531,0.7409788245667092,1.1641424114726542e-10
368,41,0.015389624049999998,0.03067955745,0.000112398709,0.818066418,0.0008189188488165775,0.7549904748653855,1.2228611671425193e-10
368,40,0.0148375793,0.0302534187,0.000112398709,0.819901526,0.0008222878015885204,0.7479990307777198,1.236389027840039e-10
369,42,0.01584212995,0.03107033295,0.000296067097,0.797080874,0.0008039884281608529,0.7601171691209466,1.1082821436410208e-10
369,40,0.014742717150000001,0.03017894085,0.000296067097,0.816058815,0.0008105203647527739,0.7461261600265816,1.201201259339181e-10
369,41,0.01529431065,0.0305946767,0.000296067097,0.819618106,0.0008313618083288929,0.7532387591270681,1.2487026696340502e-10
370,39,0.01411944205,0.0297573749,0.000112398688,0.771872878,0.00087476560862558,0.7366469106391847,1.0922876280396141e-10
370,40,0.014694632,0.030128024500000003,0.000112398688,0.811565638,0.0008579042556411597,0.7440290024490445,1.250000072003764e-10
370,41,0.01526205475,0.0305507155,0.000112398688,0.818448544,0.0008362209564459083,0.7512245138749658,1.2504906850010303e-10
371,42,0.01587280305,0.031071065000000002,0.000281161454,0.794385433,0.0008045995043624228,0.7580983039671771,1.0976196176348651e-10
371,40,0.01477692835,0.03017516155,0.000281161454,0.813779533,0.0008111599148837352,0.743970736623956,1.1918430641260595e-10
371,41,0.0153267705,0.03059323785,0.000281161454,0.816862166,0.0008320821225249566,0.7511531330216097,1.2368938672083882e-10
372,42,0.0158047378,0.030988206150000003,9.34444979e-05,0.798831165,0.0007814423730471968,0.7554885078838883,1.0844993648922364e-10
372,40,0.0146975294,0.030101355150000002,9.34444979e-05,0.807467461,0.0008614739522658457,0.7414135294729517,1.235797981649931e-10
372,41,0.01526481565,0.0305243637,9.34444979e-05,0.815887988,0.0008395739968730249,0.7487033916234204,1.2434575011521324e-10
373,42,0.01580752665,0.03098561055,0.000286628783,0.798550129,0.0007817858830613334,0.7550828174125217,1.0837999509296415e-10
373,40,0.0147006172,0.03009833675,0.000286628783,0.806865692,0.0008618941108036171,0.7409787702987491,1.2335649514276845e-10
373,41,0.0152677456,0.0305215744,0.000286628783,0.815433919,0.0008399777149965963,0.7482838333060937,1.2419237253946984e-10
374,39,0.01440047615,0.02987792435,0.000115326206,0.786821783,0.0008742577712277899,0.7352639481733633,1.158042801366331e-10
374,41,0.0155375572,0.0307254791,0.000115326206,0.809809744,0.0008009614532851509,0.7499362358776,1.1592802790786741e-10
374,40,0.014979947850000001,0.03027982075,0.000115326206,0.812050045,0.0008760814191718523,0.7429287007241393,1.2788332635968922e-10
375,41,0.015708385,0.0308642378,0.000305058347,0.8018682,0.0007865095433104262,0.7511380073713808,1.1043494622287578e-10
375,39,0.014578939400000001,0.029984562649999998,0.000305058347,0.796486437,0.0009051186717810186,0.7367014624545719,1.244821185796527e-10
375,40,0.01516291405,0.030407861799999998,0.000305058347,0.812936008,0.0008578132521611432,0.7442327449856924,1.2563712979139593e-10
376,41,0.015687894549999998,0.03083192555,0.000115326198,0.802310646,0.000776609707780641,0.7496706379320635,1.09229947934744e-10
376,40,0.015154645750000001,0.030387283299999998,0.000115326198,0.811637878,0.0008336849845268525,0.7428247237021809,1.2150389953088695e-10
376,39,0.0145792756,0.0299710855,0.000115326198,0.794743001,0.000906980513557365,0.7354756835837899,1.2389948724125126e-10
377,41,0.01579370115,0.03091416785,0.000286628579,0.797339499,0.0008036327443646358,0.7500128259676293,1.1088920289185162e-10
377,39,0.014691953550000001,0.030033458,0.000286628579,0.798095524,0.0008706651178146745,0.7355440823535846,1.2048959803869714e-10
377,40,0.01525390285,0.03045149145,0.000286628579,0.81081754,0.000830888769361369,0.7428990889868555,1.2072015673217391e-10
378,41,0.01580247655,0.030903560150000002,0.000107207394,0.796315372,0.0008049995691994214,0.7485609878313787,1.106390140277947e-10
378,40,0.01526311785,0.030440284900000003,0.000107207394,0.809551716,0.0008324190492659082,0.7413958037806663,1.203620281409453e-10
378,39,0.014699211850000001,0.03001995105,0.000107207394,0.796374917,0.0008797839958703353,0.7339865629269836,1.2094520364230945e-10
379,38,0.014244562950000001,0.0297148302,0.000286628638,0.763778448,0.0008840082554829837,0.7272166566299383,1.0685839899764922e-10
379,40,0.0153850163,0.0305334637,0.000286628638,0.808137774,0.0008228605546992771,0.7424479674405768,1.1834170721581032e-10
379,39,0.014822527299999999,0.030101086,0.000286628638,0.802061617,0.0008851657671272543,0.7351101151473894,1.2437940555705824e-10
380,38,0.01424529725,0.029695320849999998,0.00011532614,0.760779142,0.0008866676604157158,0.7254220611815699,1.058894857426331e-10
380,40,0.015385627749999999,0.0305143269,0.00011532614,0.806948245,0.0008251791459928835,0.7407844213679617,1.1813804037869065e-10
380,39,0.01482315125,0.0300818216,0.00011532614,0.799778998,0.0008878381443867172,0.7333842046099437,1.2366508287190044e-10
381,38,0.014236301650000002,0.02967998295,0.000305058435,0.758681715,0.0008960949339810334,0.7244554459077263,1.0610991913185977e-10
381,40,0.015366741449999999,0.03048904705,0.000305058435,0.806580186,0.0008279890536744185,0.7397207104643451,1.183740266866478e-10
381,39,0.0148101733,0.030062457549999998,0.000305058435,0.797617316,0.0008695802756422279,0.7322750811542229,1.201172746106295e-10
382,40,0.01562129705,0.03068426625,0.000112398695,0.801737785,0.0007667549715431136,0.7412326845632323,1.0760667327289873e-10
382,38,0.0144922831,0.02982375865,0.000112398695,0.777811706,0.0008956190312623305,0.7261730984002429,1.1450114456950111e-10
382,39,0.015076561799999999,0.03023985495,0.000112398695,0.803760469,0.0008984041380649261,0.7342982045527473,1.2706392149204204e-10
383,40,0.0156909828,0.03073585315,0.000281161396,0.798531771,0.0007873926692151767,0.7414427088874089,1.091485922666419e-10
383,38,0.014550379950000001,0.02985235305,0.000281161396,0.780830324,0.0009236944131118057,0.726194309343864,1.1950662536862068e-10
383,39,0.015141868499999999,0.0302796215,0.000281161396,0.80367732,0.0008938808118544055,0.7343014090613906,1.2638388139841502e-10
384,40,0.0157995983,0.03081503325,9.34445197e-05,0.794172466,0.0007938986090293318,0.7413977076073888,1.0821202333850125e-10
384,38,0.014694227399999999,0.02993092965,9.34445197e-05,0.785734594,0.0009049560698440839,0.7264120454903027,1.1936050302027846e-10
384,39,0.01526451995,0.03035631405,9.34445197e-05,0.803545654,0.0008496134246106325,0.7341588824168065,1.2006460824337183e-10
385,40,0.0157983438,0.03080780335,0.000281161367,0.794084609,0.0007946883968849899,0.7408925509106689,1.082826578574648e-10
385,38,0.014697153599999999,0.029926649299999997,0.000281161367,0.78489393,0.0008924329463929198,0.7258669396465646,1.1732142630219966e-10
385,39,0.0152631672,0.030349160549999997,0.000281161367,0.803029597,0.0008505107285681834,0.7336346580860547,1.199538466702739e-10
386,37,0.0144499643,0.0297356276,0.000112398695,0.766766787,0.000907731990187493,0.7203034002886748,1.1105267806075757e-10
386,39,0.0155960303,0.030603422800000002,0.000112398695,0.798254371,0.0008163885858992722,0.736176109233171,1.1304738492249605e-10
386,38,0.0150360619,0.03014946265,0.000112398695,0.798049748,0.0009103799044462868,0.7286717457460918,1.259631711453505e-10
387,39,0.0156248589,0.0306211831,0.000296067185,0.79769671,0.0007738757351843003,0.735838127076698,1.0692998204987026e-10
387,37,0.014496308749999999,0.02975943215,0.000296067185,0.768806875,0.0009044817473861893,0.7203568356286852,1.115633471111876e-10
387,38,0.015080173950000001,0.03017634525,0.000296067185,0.798096538,0.0009072815345681555,0.7287117290790275,1.255567673384552e-10
388,39,0.01562463215,0.0306020491,0.000112398702,0.797078729,0.0007640800960373782,0.7342601519751476,1.0532491099534784e-10
388,37,0.014500211450000002,0.0297431145,0.000112398702,0.766444087,0.0009067811147520091,0.7187716556659259,1.1079236300954574e-10
388,38,0.015083842,0.03016043365,0.000112398702,0.796585679,0.0009095712266187461,0.7271891141865579,1.2514164805221866e-10
389,39,0.0155984978,0.0305691417,0.000281161367,0.797080338,0.0007878368320691686,0.7331692550916298,1.0860041872948844e-10
389,37,0.01446768595,0.02971105835,0.000281161367,0.762968838,0.0009112522156103802,0.7174273683195042,1.0979229446106327e-10
389,38,0.0150511698,0.03012497905,0.000281161367,0.794940889,0.0009087336505054295,0.7258591914469279,1.2423367853713825e-10
390,39,0.0158756804,0.0308001405,9.3444869e-05,0.789098501,0.0007970841124280413,0.735648127166826,1.0652395863188041e-10
390,37,0.014801165049999999,0.029919577750000002,9.3444869e-05,0.780083299,0.0008391974985653504,0.7202553352108322,1.0825521671091654e-10
390,38,0.015344833950000001,0.03033614905,9.3444869e-05,0.797844887,0.0008534852151218754,0.7282147223959733,1.1799752359063382e-10
391,39,0.01587865595,0.03079746475,0.000286628696,0.788926184,0.0007974455661663907,0.7352751469726383,1.0650086859455761e-10
391,37,0.0148044629,0.02991645595,0.000286628696,0.779600799,0.0008396333442220832,0.7198543381332401,1.0810560432147908e-10
391,38,0.015347967850000001,0.0303332647,0.000286628696,0.797451019,0.0008539085067348258,0.7278283759636367,1.178770048285582e-10
392,36,0.014363476100000001,0.029596984399999998,0.000115326227,0.748070896,0.0009103459235224878,0.7119587238605406,1.0322427691709157e-10
392,38,0.015476258,0.0304195462,0.000115326227,0.795132935,0.0008346784587530604,0.7279816074514955,1.1419433404867356e-10
392,37,0.01492949625,0.029987622999999998,0.000115326227,0.784606516,0.000872514724991257,0.7201477220378101,1.1457368051220303e-10
393,36,0.0144547084,0.02964651305,0.000305058376,0.755612314,0.0009228735098591785,0.7125160892372449,1.0792566660489223e-10
393,38,0.0155748026,0.03049317465,0.000305058376,0.795081854,0.000796253744880318,0.7284502316433666,1.089157816802713e-10
393,37,0.015032895800000001,0.030055306849999998,0.000305058376,0.788352728,0.0008973135116796165,0.720958577259293,1.1957018302138483e-10
394,36,0.014471770299999999,0.029641564949999998,0.000115326213,0.754930079,0.0009290026545363732,0.7114256691043445,1.083407733337549e-10
394,38,0.015591756,0.03049181495,0.000115326213,0.794392288,0.0007967365831819165,0.7274328702680863,1.086911359952109e-10
394,37,0.01505076235,0.030052755,0.000115326213,0.787388384,0.0008979153300771282,0.7199071225545169,1.1920043644240747e-10
395,36,0.0144796721,0.02963243145,0.000286628609,0.753744602,0.0009303150354507284,0.710342525378086,1.0797008931380526e-10
395,38,0.01559885825,0.030483826050000003,0.000286628609,0.793714583,0.0007978159646333706,0.7264273203713963,1.0855262601414332e-10
395,37,0.01505824085,0.0300442418,0.000286628609,0.786228299,0.000899192036054362,0.7188653605996586,1.188292020526314e-10
396,38,0.015835029100000002,0.03067639375,0.000107207408,0.788842499,0.0007736852940286224,0.7283541812825937,1.032934792224826e-10
396,36,0.014747092949999999,0.029796184,0.000107207408,0.768694341,0.0009015089635153754,0.7126373417117282,1.1114645109420446e-10
396,37,0.0153104039,0.030223180500000002,0.000107207408,0.791933179,0.0008768934497378448,0.7209871364260496,1.1849010113516842e-10
397,38,0.01582482875,0.03066022415,0.000286628609,0.788987994,0.0007752922976435099,0.7276978699765986,1.0356673503311937e-10
397,36,0.0147357285,0.02978136015,0.000286628609,0.767359138,0.0009035539679327079,0.7119227360200167,1.1080406145114087e-10
397,37,0.01529959075,0.030207681450000003,0.000286628609,0.791393936,0.0008787899278632722,0.7203038361962735,1.184976154511145e-10
398,38,0.01586952295,0.0306814136,0.000115326198,0.787745595,0.0007737648690391124,0.7268362141280966,1.0286317447897474e-10
398,36,0.0147946668,0.02980239965,0.000115326198,0.768076956,0.0008723890033247326,0.7110178595706138,1.0729118316922302e-10
398,37,0.01534684515,0.0302258683,0.000115326198,0.790596604,0.0008770701328780494,0.7194219740445204,1.179000638379682e-10
399,36,0.0148714762,0.02984517255,0.000305058435,0.770740211,0.0008365509970749053,0.7110384334177382,1.0398526524987691e-10
399,38,0.015929900099999998,0.03072665635,0.000305058435,0.785481572,0.0008093512279321461,0.7270164564480455,1.0664481221691628e-10
399,37,0.0154044097,0.03026076875,0.000305058435,0.790592015,0.0008535133275289867,0.7192396158647058,1.1473109426706376e-10
400,36,0.0149499653,0.029883842,0.000112398673,0.773535907,0.0008323225762182314,0.7106923192071997,1.0461899098928595e-10
400,38,0.01599276535,0.030767368150000002,0.000112398673,0.78362596,0.0008060100673329151,0.7265448825922358,1.0543424442380349e-10
400,37,0.01547512925,0.03030065915,0.000112398673,0.790674865,0.0008366580697722242,0.7187664851224403,1.1250162470751741e-10
401,36,0.01490826155,0.0298424065,0.000281161279,0.769969344,0.0008372861303517204,0.7092410732003808,1.0375664376303964e-10
401,38,0.01596301605,0.0307285134,0.000281161279,0.784176946,0.0008098552084751748,0.7253377056485276,1.0616670746062507e-10
401,37,0.015439391100000002,0.0302603897,0.000281161279,0.789370954,0.0008541985857009415,0.7175038593674364,1.1427831373336925e-10
402,36,0.014916149900000002,0.029827829450000003,9.34442505e-05,0.768289089,0.0008348083439917382,0.7077666465735919,1.0275636085351257e-10
402,38,0.01596885545,0.030713885099999998,9.34442505e-05,0.783854842,0.0008116764795255457,0.7239723632633055,1.0627099310370045e-10
402,37,0.01544551875,0.03024533485,9.34442505e-05,0.788189948,0.0008562591123725066,0.7160860880769079,1.1402730263110228e-10
403,36,0.0149681172,0.0298600262,0.000281161396,0.77098012,0.0008355670704030777,0.7080826369693043,1.0396275213499526e-10
403,38,0.01601683535,0.030753428149999998,0.000281161396,0.782374382,0.0008081141152066152,0.7242389789014373,1.0519099790995417e-10
403,37,0.0154963229,0.03028174025,0.000281161396,0.78880024,0.0008524407739696069,0.7163764456900611,1.137898126278971e-10
404,35,0.01449588875,0.0295015769,0.000112398637,0.737856328,0.0009440327579807782,0.6992137454081268,1.0260940307572578e-10
404,37,0.0155928442,0.03033959775,0.000112398637,0.787463486,0.0008289565466694415,0.7159295922730801,1.1007878097022925e-10
404,36,0.01505973375,0.02990498395,0.000112398637,0.773866892,0.0008800128324764453,0.7078213658408709,1.1075939837681418e-10
405,37,0.01587296465,0.030585276,0.000296067097,0.785809636,0.0008174545359793592,0.7197483736530734,1.0785147698306092e-10
405,35,0.0147763961,0.029689394850000002,0.000296067097,0.757503569,0.0009568953554158566,0.703175127931178,1.1276929248407516e-10
405,36,0.015345007649999999,0.0301240869,0.000296067097,0.783521473,0.0008743762819485175,0.7117405546987781,1.1433076382966282e-10
406,35,0.0147845037,0.029674267400000003,0.000112398622,0.754112661,0.0008687963901487968,0.7013705858693071,1.0098279810718492e-10
406,37,0.015854375,0.030548484100000002,0.000112398622,0.785653412,0.0008214838178460495,0.7180898779910228,1.0831671723770162e-10
406,36,0.0153254536,0.03008858305,0.000112398622,0.78184551,0.0008783592496658746,0.7100099392094188,1.140970789625345e-10
407,37,0.015886316999999997,0.0305677019,0.000281161483,0.785133541,0.0008198055410572943,0.7178354648702558,1.0787538790771233e-10
407,36,0.015359237299999998,0.0301056802,0.000281161483,0.78214258,0.0008765605147758501,0.709754415416816,1.1399657774108996e-10
407,35,0.0147869326,0.02966678515,0.000281161483,0.755704045,0.0009752133528432491,0.701113916525212,1.1408971891997378e-10
408,35,0.01487678335,0.029709816950000002,9.34446653e-05,0.757817864,0.0008648277667358705,0.7004670819585341,1.0204935028381848e-10
408,37,0.0159368357,0.0305944849,9.34446653e-05,0.784267902,0.0008113488394445072,0.7171705647053249,1.0640078901408604e-10
408,36,0.0154139772,0.03013040875,9.34446653e-05,0.782741368,0.0008762416885732746,0.7091399724992828,1.1422388489891235e-10
409,35,0.01489087985,0.0297137294,0.000281161221,0.758109629,0.0008644143745002939,0.7002177488622988,1.0212131341331247e-10
409,37,0.015949528650000003,0.03060011285,0.000281161221,0.783932805,0.0008109642756094452,0.716934600077059,1.0621038974206118e-10
409,36,0.015427388700000001,0.03013519665,0.000281161221,0.782864988,0.0008758463403816341,0.7088976758323751,1.1422766384370497e-10
410,35,0.01495028615,0.0297323419,0.000112398709,0.759257376,0.0008475976151549732,0.6992385653832065,1.0060218072632911e-10
410,37,0.01600304805,0.03062659505,0.000112398709,0.782084584,0.0008233618884895088,0.7161453976718435,1.0705383370684499e-10
410,36,0.01547946735,0.030154001,0.000112398709,0.782547176,0.0008742708911061138,0.7079454845169717,1.1388010196432276e-10
411,37,0.015991812600000002,0.0306085069,0.000305058347,0.782249689,0.000825277547714806,0.7154770540867735,1.0737252758897487e-10
411,35,0.014918854450000001,0.0297024688,0.000305058347,0.757988989,0.0009119851391881112,0.6985061077121871,1.0768871012077345e-10
411,36,0.0154675329,0.030136642999999998,0.000305058347,0.78208065,0.0008763825180575913,0.7072464201968839,1.1394571136574974e-10
412,34,0.014615041700000001,0.029470494950000002,0.000115326191,0.734640837,0.0009699773166005426,0.6927272122311888,1.0402206008412089e-10
412,35,0.01517638565,0.02988428065,0.000115326191,0.769929767,0.0008747062673110745,0.7014749716297141,1.0837711988464439e-10
412,36,0.0157006588,0.0303241108,0.000115326191,0.784365296,0.0008329053840394518,0.7098046889000743,1.0926968671682324e-10
413,35,0.01527016235,0.029943854550000003,0.000286628754,0.772919476,0.0008631310434096535,0.7018966391613448,1.0822661224431513e-10
413,36,0.01579082195,0.030390725450000003,0.000286628754,0.783932209,0.0008354700333987057,0.7102752485570225,1.0942043312924354e-10
413,34,0.01470427635,0.02951825135,0.000286628754,0.741727591,0.0009977064312083899,0.6932406280766696,1.1020479364606929e-10
414,34,0.01495344985,0.02967809235,0.000107207452,0.756106436,0.0009157605975512351,0.6954902261353441,1.0731061073233084e-10
414,36,0.016022842349999997,0.0305887023,0.000107207452,0.781810582,0.0008283045262147666,0.7126859463292623,1.0758080122431823e-10
414,35,0.0155003066,0.03011469635,0.000107207452,0.78043896,0.0008799143372963192,0.7043478503320847,1.1366795998769713e-10
415,34,0.0149525865,0.029670292549999998,0.000286628725,0.755509198,0.0009168728868942325,0.6949794854142513,1.0718017469413525e-10
415,36,0.016022075,0.03058086615,0.000286628725,0.781810999,0.000829249262292193,0.7122172590030144,1.077038845450401e-10
415,35,0.015499470300000002,0.0301068891,0.000286628725,0.78012979,0.000880956027128243,0.7038589577391434,1.136640466103317e-10
416,34,0.01488889845,0.029601358799999998,0.000115326198,0.74957484,0.0009263071084734659,0.6924633096137729,1.0568665205658474e-10
416,36,0.0159357358,0.030476683749999997,0.000115326198,0.782555401,0.0008254640894097525,0.7093941015070806,1.0752680310508774e-10
416,35,0.0154260965,0.030022860499999998,0.000115326198,0.77587229,0.0008479652588873079,0.7010425324806275,1.075802642351027e-10
417,34,0.01489028385,0.0295918658,0.000305058376,0.748768568,0.0009277129553916786,0.6917595141461288,1.0549727316852786e-10
417,35,0.015427386849999999,0.030013522100000002,0.000305058376,0.77531296,0.0008492134332877001,0.7003671516513948,1.0749999572968071e-10
417,36,0.015936969750000002,0.0304674562,0.000305058376,0.782413304,0.0008266212958345915,0.7087457949815303,1.0761762069247705e-10
418,34,0.014981191599999999,0.02964317705,0.00011532614,0.753561974,0.0009296679070297298,0.6921385926315231,1.0781675356381813e-10
418,36,0.0160500575,0.03055980525,0.00011532614,0.781462312,0.0008323923108202266,0.709593012876415,1.0796440129976083e-10
418,35,0.015529042100000001,0.03008387055,0.00011532614,0.778513908,0.0008846009600768718,0.7011311712093933,1.1340896100414e-10
419,36,0.016183507649999998,0.03067632485,0.000286628492,0.778791487,0.0008016860540329424,0.7107199618362617,1.028918537115129e-10
419,34,0.01513919325,0.02974942325,0.000286628492,0.761103988,0.0009210294277369787,0.6937259579299084,1.1013954475146625e-10
419,35,0.0156785636,0.0301992381,0.000286628492,0.780959606,0.00086564935638556,0.7025489268730655,1.1205587255588166e-10
420,33,0.01479245675,0.029471605999999997,0.000112398637,0.737846136,0.0009864254260120873,0.6869523910154289,1.0721463203386419e-10
420,34,0.0153481234,0.0298992144,0.000112398637,0.769566774,0.0008703803904873799,0.6958495873012297,1.0768641692521005e-10
420,35,0.01587487525,0.030361289200000002,0.000112398637,0.782198489,0.0008755245646184623,0.7047993683275333,1.1388895191688756e-10
421,33,0.0149420546,0.029570020750000002,0.000281161425,0.747191966,0.0009314047404293575,0.6884934763216051,1.0523257017600173e-10
421,35,0.01598008255,0.0304486975,0.000281161425,0.781606972,0.0008180761431606993,0.7056013476041383,1.0616804272784438e-10
421,34,0.01547651085,0.02999516855,0.000281161425,0.773895919,0.0008525119121731532,0.6972237339178561,1.0731201223373955e-10
422,34,0.0154656293,0.0299647143,9.34442724e-05,0.772194743,0.0008258414273409425,0.6955818729968217,1.0325312052081835e-10
422,33,0.01494004115,0.02954756745,9.34442724e-05,0.745309055,0.0009347215404931756,0.6870967023665302,1.0479039985965153e-10
422,35,0.01596092525,0.030409645300000003,9.34442724e-05,0.781439424,0.0008224288203973886,0.7040319805372129,1.0666253472817436e-10
423,34,0.015464895400000001,0.02995756825,0.000281161483,0.771852791,0.0008267494615392832,0.6951560160376995,1.0322581131282348e-10
423,33,0.014939292350000001,0.029540418649999997,0.000281161483,0.744722188,0.0009357830222306816,0.6866525906887542,1.0465534352512475e-10
423,35,0.0159602351,0.03040247785,0.000281161483,0.7813977,0.000823294303998152,0.7036239038077449,1.0675721033443337e-10
424,35,0.0160667263,0.030479015800000002,0.000112398789,0.781437278,0.0007873957776538328,0.7037262887197673,1.02118633153661e-10
424,33,0.01502984765,0.02958299405,0.000112398789,0.74915725,0.0009393324496116138,0.6865631899689397,1.069902349322844e-10
424,34,0.0155694727,0.030022157350000002,0.000112398789,0.774867296,0.0008746241160682846,0.695595127631441,1.1052182383288062e-10
425,35,0.016062753300000003,0.0304675093,0.000296067126,0.781381547,0.0007886501785894453,0.7032192495427241,1.0225923246791636e-10
425,33,0.0150254546,0.029571910399999998,0.000296067126,0.748418331,0.0009409306589944113,0.6860085495243418,1.068476467655953e-10
425,34,0.0155652706,0.0300108688,0.000296067126,0.774296463,0.0008760766921011529,0.6950658269710587,1.1045496020047044e-10
426,35,0.016224538900000002,0.03060805145,0.000112398578,0.779864311,0.0007854169826121102,0.7048084584917061,1.0123243410934272e-10
426,33,0.0151975397,0.029684841650000002,0.000112398578,0.75596875,0.000895976960177019,0.6874807495241508,1.0493500777307335e-10
426,34,0.0157264597,0.030132899050000002,0.000112398578,0.777994156,0.0008854516354933796,0.6966633076729007,1.1328569574776925e-10
427,35,0.01627317445,0.03064633815,0.000281161454,0.779180348,0.0007821925217199768,0.7050106951869617,1.0054528627833873e-10
427,33,0.01523836565,0.02970597615,0.000281161454,0.75747174,0.0008936409964629949,0.6874970526621773,1.0530351942948029e-10
427,34,0.01577138345,0.03016253655,0.000281161454,0.77878809,0.0009039038947065407,0.6968859876806159,1.1601048747126205e-10
428,33,0.01529759865,0.0297321342,9.34444834e-05,0.758694112,0.0008493426115740106,0.686994778630872,1.0058168174987577e-10
428,32,0.014748271050000001,0.029313222549999997,9.34444834e-05,0.722575307,0.0010277267719431703,0.6781450589659737,1.0474100649718744e-10
428,34,0.01581564405,0.0301820086,9.34444834e-05,0.779168487,0.0009022245119468348,0.6963955009032803,1.1596935843972449e-10
429,35,0.01635039875,0.03069987335,0.000286628579,0.777639985,0.0007987292713190598,0.7049228284780936,1.0204792850213397e-10
429,32,0.014782649,0.0293321442,0.000286628579,0.725165725,0.0010251191793346401,0.6783771853420258,1.0563243139842713e-10
429,34,0.0158468215,0.0302049434,0.000286628579,0.779467463,0.0008997544302928531,0.696593581560938,1.1578865948617424e-10
430,35,0.01641219385,0.0307434043,0.000115326198,0.776653826,0.0008062064504462733,0.7048492432375006,1.0260236372085583e-10
430,32,0.0148647795,0.0293701701,0.000115326198,0.730418563,0.0010200272205235159,0.6784490071023335,1.0746931312593017e-10
430,34,0.01591763085,0.03024881705,0.000115326198,0.779642522,0.0008670160863692945,0.6964161535836806,1.1165340332660665e-10
431,33,0.0154449362,0.029815932750000003,0.000305058347,0.763992667,0.0008489021411135967,0.6873034407328565,1.0270677470938889e-10
431,32,0.014899943,0.0293855267,0.000305058347,0.732312083,0.0010188886823419814,0.6784105104240868,1.0820814844659893e-10
431,34,0.0159496199,0.030268557350000003,0.000305058347,0.780145049,0.0008651801031781288,0.6963668957407615,1.1163812767197982e-10
432,33,0.01546105465,0.029812414199999998,0.000115326198,0.763751626,0.0008496752405680187,0.6865995470368242,1.0270110459241754e-10
432,32,0.0149169322,0.029380871949999998,0.000115326198,0.732135713,0.0010198516979325791,0.6776779932381193,1.0823077371338188e-10
432,34,0.015964896450000002,0.030266046499999998,0.000115326198,0.780205786,0.0008658795684723962,0.6956912455876278,1.1175579062110731e-10
433,35,0.016678363100000003,0.030992289049999996,0.000286628725,0.7674371,0.0008347870122497116,0.707432977983895,1.0240742623906149e-10
433,32,0.0151961567,0.02957954905,0.000286628725,0.749625683,0.0009299444257678151,0.6813203444164044,1.0612685219948286e-10
433,33,0.0157188936,0.030021807150000003,0.000286628725,0.774263203,0.0008608845662702578,0.6903784331612567,1.0852680708347112e-10
434,35,0.016712719549999998,0.0310099758,0.000107207416,0.767034888,0.0008335832599064956,0.7069791100734669,1.0209527250973254e-10
434,32,0.01523661145,0.0295905266,0.000107207416,0.750689805,0.0009290064305721076,0.6808294290586685,1.0648407189950569e-10
434,33,0.0157573195,0.0300352471,0.000107207416,0.774793088,0.0008599338584316085,0.689901847347743,1.0863585432062302e-10
435,34,0.016316456700000002,0.03057123165,0.000286628667,0.780080974,0.0008212740698609785,0.699405371914818,1.0594676108293174e-10
435,32,0.0152852689,0.0296227597,0.000286628667,0.752900541,0.0009249968771333928,0.6812863060717499,1.069884168529111e-10
435,33,0.01581473925,0.03008134945,0.000286628667,0.776312411,0.0008945873122035787,0.6907329237190839,1.1369710551988287e-10
436,32,0.0153647298,0.02966519535,0.000115326242,0.755433023,0.0008877945708336411,0.681310899871983,1.0375207899521695e-10
436,34,0.016373327950000002,0.0306083579,0.000115326242,0.779882491,0.0008126095973666458,0.6992697761772606,1.04746813661182e-10
436,33,0.01587887575,0.030118484049999998,0.000115326242,0.77712667,0.0008835179534446998,0.6906657326684996,1.126529890787668e-10
437,32,0.01538769015,0.0296734022,0.000305058347,0.756155193,0.000887046085422594,0.681125756837302,1.039702925979706e-10
437,34,0.01639391575,0.03061920315,0.000305058347,0.779776633,0.000811828429032403,0.6990917930952496,1.0460279303512868e-10
437,33,0.0159006594,0.03012806085,0.000305058347,0.777652323,0.0008827473465969421,0.6904847191591125,1.1278962525210234e-10
438,34,0.0164391361,0.030643798450000002,0.00011239868,0.77941215,0.0007965143000254119,0.6987115718244679,1.0248212035719185e-10
438,32,0.015453210549999999,0.029705541199999998,0.00011239868,0.759254575,0.0009118976220325139,0.6812262693381823,1.0823732725263442e-10
438,33,0.015961884500000002,0.0301622851,0.00011239868,0.778435349,0.0008483533952326411,0.6902444510276117,1.087314398791803e-10
439,31,0.0150508969,0.0293694148,0.000281161396,0.73407805,0.0010162355483935032,0.6736944856984166,1.0873110238610405e-10
439,32,0.0155984373,0.02981937215,0.000281161396,0.765667796,0.0008953024715286725,0.6832241636363637,1.0905498297293605e-10
439,33,0.0161110172,0.0302966973,0.000281161396,0.780610025,0.0008785240660729441,0.6925752507568049,1.1356980409293036e-10
440,32,0.0156150595,0.0298120305,9.3444447e-05,0.765526891,0.0008967135329554909,0.6824266481187184,1.0916540903232376e-10
440,31,0.01506559505,0.02935875115,9.3444447e-05,0.733824253,0.0010281756433996928,0.6728592758589871,1.0989200871169028e-10
440,33,0.01612672765,0.03029043135,9.3444447e-05,0.780794442,0.000879801646643466,0.6918135811344605,1.1381809570925517e-10
441,31,0.015155704249999999,0.029421652649999998,0.000281161454,0.738971412,0.0009520343158573803,0.6737784638613666,1.0396690048929784e-10
441,32,0.01568556765,0.02986776365,0.000281161454,0.768710077,0.0009025133681619981,0.6834149213859433,1.1128392948879045e-10
441,33,0.016194127500000002,0.0303506628,0.000281161454,0.781413078,0.0008639214984719173,0.6926393197364606,1.1203675467593026e-10
442,31,0.01520466245,0.0294335913,0.000112398593,0.740357041,0.0009523438957834507,0.6733133221122418,1.0460276495794441e-10
442,32,0.01572945575,0.02988019585,0.000112398593,0.769456446,0.0008912152586718371,0.6828556309803719,1.1022027859809129e-10
442,33,0.0162310824,0.030361259350000003,0.000112398593,0.781638205,0.0008577891768815044,0.6920400442743508,1.1134090815862065e-10
443,34,0.016689456050000002,0.0308456328,0.000296067185,0.77602005,0.0008214533584244661,0.7000295616443264,1.0428349169846443e-10
443,32,0.0156964366,0.02984264495,0.000296067185,0.767772138,0.0009064394224973693,0.6819321987227732,1.1134969964021394e-10
443,33,0.0162044009,0.03032634315,0.000296067185,0.781548798,0.0008674204384568447,0.6912271635148817,1.1255151887576208e-10
444,31,0.0152606517,0.0294494312,0.000112398717,0.741913557,0.0009509858102907218,0.6728850145729369,1.051317524573888e-10
444,32,0.01578260635,0.029899488199999998,0.000112398717,0.770320475,0.0008897122893722806,0.6824392915648821,1.1041597027421628e-10
444,33,0.0162812928,0.030383760099999997,0.000112398717,0.781933486,0.0008561512317167401,0.6916331693077511,1.1125841536181081e-10
445,34,0.01671915315,0.030846691699999998,0.000281161338,0.776638508,0.0008220533458244461,0.6991543161559269,1.0461642903821429e-10
445,32,0.015736351699999998,0.029845486400000003,0.000281161338,0.768125832,0.00089636416562614,0.6810444425913246,1.1026883321359874e-10
445,33,0.016237599749999998,0.030327134800000002,0.000281161338,0.781772792,0.000862454092771736,0.6903165504001131,1.1200647785907522e-10
446,31,0.0152971982,0.029445179699999997,9.34443742e-05,0.741985261,0.0009523606817516417,0.6719025166586591,1.053155757393111e-10
446,32,0.01580752665,0.02988804875,9.34443742e-05,0.76956284,0.0008566713097205062,0.6811323938105378,1.0599450863618843e-10
446,33,0.01629513875,0.03036439885,9.34443742e-05,0.782081366,0.0008590385442571285,0.6903877758249172,1.1169915877963104e-10
447,31,0.01529448995,0.0294365501,0.000286628638,0.741422057,0.0009536685143927009,0.6715612226082128,1.0521407507339085e-10
447,32,0.0158049283,0.029879314849999998,0.000286628638,0.769218802,0.0008578116648875662,0.6808085113405915,1.0598968743263321e-10
447,33,0.0162926782,0.03035555035,0.000286628638,0.782087028,0.0008601396516346342,0.6900808959844581,1.1184487811316181e-10
448,32,0.0159221394,0.02996558325,0.00011532622,0.773630798,0.000830904254414999,0.681854584928877,1.0448845725034765e-10
448,31,0.015426831299999999,0.02952355425,0.00011532622,0.74783355,0.0009294788780509405,0.6728786272942422,1.052994035706847e-10
448,33,0.01639203355,0.0304360483,0.00011532622,0.782751918,0.0008283101591813294,0.6908025194925094,1.0798838618504677e-10
449,30,0.0152095915,0.02933386155,0.000305058347,0.734253049,0.0009964959210499063,0.668501443387266,1.0670094878666139e-10
449,31,0.01574434015,0.0297909435,0.000305058347,0.766097069,0.0009152674832798759,0.6783988262084699,1.1168315674372774e-10
449,32,0.016249631549999997,0.030277919950000003,0.000305058347,0.781992853,0.0008750914448571297,0.6878617593854187,1.1374782526947228e-10
450,30,0.01530115305,0.0293897474,0.000115326184,0.738541067,0.0009612411714700808,0.6692381963049472,1.0478739057831615e-10
450,31,0.0158110997,0.02983324975,0.000115326184,0.767742395,0.0008643843835122027,0.6786001039109152,1.0617318571044289e-10
450,32,0.0163019374,0.03031383735,0.000115326184,0.78241998,0.0008784791392403442,0.6881146679083828,1.1438042622467319e-10
451,30,0.015259858250000001,0.02933886835,0.000286628667,0.735035717,0.0009686515027502725,0.6676964484786975,1.0406101796898169e-10
451,33,0.0167415999,0.0307761617,0.000286628667,0.780187309,0.0008309989015388798,0.6956210768798593,1.0725169080960154e-10
451,32,0.01625684185,0.03025059685,0.000286628667,0.782127142,0.0008886946910161632,0.6866082863956077,1.1557809080042194e-10
452,33,0.01680266205,0.0308250459,0.000107207343,0.779543877,0.0008147459136951055,0.695856373817312,1.0488790420877825e-10
452,30,0.015334129799999999,0.029378140349999998,0.000107207343,0.738520324,0.0009761400004874856,0.6681908594879317,1.0640366158475047e-10
452,32,0.016326023250000002,0.030300395600000002,0.000107207343,0.783116937,0.0008810397389941924,0.6870038892820615,1.1503002151032252e-10
453,31,0.01586527565,0.0298369592,0.000286628609,0.76894182,0.0008490013180994605,0.6775672950165337,1.0478746443566512e-10
453,30,0.01535940635,0.029391340000000002,0.000286628609,0.739633143,0.0009746434215995297,0.6683370940409317,1.0673427391906751e-10
453,32,0.0163487671,0.0303164171,0.000286628609,0.78346926,0.0008795109040991694,0.6871291911314201,1.149897885281388e-10
454,30,0.0155393109,0.0295207417,0.000115326198,0.75110805,0.0009363655169644194,0.6706669288622972,1.0751886139346211e-10
454,31,0.0160348928,0.02997563875,0.000115326198,0.775779068,0.0008509309927035826,0.6799344955996474,1.0792726623505523e-10
454,32,0.01650747005,0.0304620657,0.000115326198,0.784504354,0.0008418800817120722,0.6891034880432336,1.1051886557865077e-10
455,32,0.01666279885,0.03062323855,0.000305058347,0.783876002,0.0008208451422622093,0.6915840279250456,1.0749207804616651e-10
455,30,0.0156535227,0.029610790300000002,0.000305058347,0.758484721,0.0009639348556594207,0.6725884172718383,1.1406438488940475e-10
455,31,0.0161765693,0.03010631075,0.000305058347,0.780641496,0.0009217597841104588,0.6826362426336049,1.1918078280550879e-10
456,32,0.016675061550000002,0.03061319705,0.000112398688,0.784533262,0.0008223881805367116,0.6909558315247146,1.0797305217414202e-10
456,30,0.01564817035,0.0295817992,0.000112398688,0.757383287,0.0009684317472067667,0.6715211881449368,1.1408591405144824e-10
456,31,0.01618025355,0.0300865658,0.000112398688,0.780716777,0.0009574689850183015,0.6819759980202146,1.2383548637263453e-10
457,32,0.01666846495,0.03059374635,0.000281161454,0.784987152,0.0008246203727230002,0.6904165957975457,1.0845886182763388e-10
457,30,0.0156407426,0.0295630638,0.000281161454,0.756621122,0.0009712523166506955,0.670912391115235,1.1406403001496633e-10
457,31,0.01617322115,0.03006746435,0.000281161454,0.780501485,0.0009601938528125491,0.6814052576399473,1.2408236445888136e-10
458,32,0.0166890705,0.0305941524,9.34444397e-05,0.785553098,0.0008150974632499824,0.6899647911091448,1.0744506113185015e-10
458,30,0.0156670166,0.0295634558,9.34444397e-05,0.757033885,0.0009719701159297085,0.6705299322484203,1.1434078146380785e-10
458,31,0.0161979869,0.03006957935,9.34444397e-05,0.781029701,0.0009606814019350639,0.6810440271184397,1.2440488142408914e-10
459,32,0.016686312850000003,0.03058377095,0.000281161425,0.785815954,0.0008163034062581736,0.6896708161062199,1.0771491883060038e-10
459,30,0.015663948849999998,0.029553344449999998,0.000281161425,0.756637394,0.0009735311097232505,0.6701978116596001,1.1433995021638418e-10
459,31,0.016195061650000002,0.03005933295,0.000281161425,0.780934155,0.0009621478303036486,0.6807327696008871,1.2454791850198407e-10
460,29,0.015424463900000001,0.02931575755,0.000112398659,0.737318099,0.0009805005950905027,0.6643217435740774,1.0634734250614612e-10
460,32,0.01688239725,0.03078346515,0.000112398659,0.783306301,0.000821745704289456,0.6926582360731032,1.0737131809120957e-10
460,31,0.016405209,0.03024815955,0.000112398659,0.785559595,0.0009098736996775903,0.6836457322591613,1.1994204441620326e-10
461,32,0.0169696575,0.03088030035,0.000296067126,0.781000197,0.0008234858766535497,0.6941406231108257,1.0662713936138974e-10
461,29,0.01555530305,0.02942023705,0.000296067126,0.746892035,0.0009535365743960886,0.6665175677401116,1.0761232535141514e-10
461,31,0.01650676225,0.0303485226,0.000296067126,0.786574543,0.0008568069237082247,0.6851046748653745,1.133968045794951e-10
462,29,0.01555077265,0.029393865749999998,0.000112398673,0.745465517,0.0009577198019919701,0.6656306661169913,1.0745072339395213e-10
462,32,0.01694898865,0.03083329925,0.000112398673,0.782980204,0.0008286185100687207,0.6930739198884839,1.0813147809934772e-10
462,31,0.01648878025,0.0303066764,0.000112398673,0.786598802,0.0008477219152844885,0.6839707303200678,1.1220546862005494e-10
463,30,0.01599950435,0.0297933398,0.000281161425,0.771129847,0.0008686629727725986,0.6738303113297627,1.0816009527730555e-10
463,32,0.01693661515,0.03080630585,0.000281161425,0.784098029,0.0008315630416043595,0.6924767424141604,1.0899392638423738e-10
463,31,0.016471865600000003,0.030276463400000002,0.000281161425,0.786600769,0.0008646706773278701,0.683335500393946,1.144504252052296e-10
464,32,0.016956093749999998,0.0308064874,9.34444397e-05,0.784966469,0.0008175048715346159,0.6920850879737518,1.0751743789862342e-10
464,29,0.01556384985,0.02936945295,9.34444397e-05,0.744765401,0.0009621044782705824,0.6646376591218116,1.0763209129769935e-10
464,31,0.01650042645,0.0302840257,9.34444397e-05,0.787225366,0.0008511079905951166,0.6830875504174391,1.1293124689847443e-10
465,32,0.016983133749999997,0.030832078300000003,0.000281161454,0.784484684,0.0008151437411234063,0.6924036986610046,1.0700472292399937e-10
465,29,0.015595742499999999,0.029390173999999998,0.000281161454,0.74692452,0.0009595586235471058,0.665023184309001,1.0830817616816014e-10
465,31,0.01652913635,0.0303080948,0.000281161454,0.787713826,0.0008487248725378871,0.6834289653674771,1.1283044613857368e-10
466,29,0.0155649744,0.0293339239,0.000112398651,0.743094921,0.0009680526052797795,0.66344057784851,1.0755253849480226e-10
466,32,0.016963765,0.03078009,0.000112398651,0.786606252,0.0008209308518495832,0.6912219098369241,1.0866457067668887e-10
466,31,0.0165048074,0.030253155150000002,0.000112398651,0.788000941,0.0008689187587278529,0.6821715021343979,1.156454030618017e-10
467,29,0.0155526972,0.029317129400000003,0.000305058347,0.742004693,0.0009784549969692271,0.6630367266769454,1.0821818506482734e-10
467,32,0.0169551354,0.030763694100000002,0.000305058347,0.787099898,0.0008227080197683041,0.6908868027967615,1.0911032161878418e-10
467,31,0.016495646,0.0302372053,0.000305058347,0.788000882,0.0008708393815064284,0.6818144063394193,1.1590103566132934e-10
468,30,0.0161574865,0.02986506935,0.000115326227,0.776546478,0.0008868079005061946,0.6744076559197434,1.1282605939184017e-10
468,31,0.0166275585,0.03036391645,0.000115326227,0.790061057,0.0008582571463603217,0.6838797930316409,1.1514873532376462e-10
468,29,0.01565103375,0.0293856226,0.000115326227,0.749475598,0.0010105870454311583,0.6646204190046405,1.1527264560074753e-10
469,31,0.0167024266,0.030430800299999998,0.000286628696,0.791064918,0.0008118537540498355,0.6846532489645756,1.0934963115984627e-10
469,29,0.01574124395,0.0294497721,0.000286628696,0.753749907,0.0009920223648562639,0.6658200025912825,1.1515313138879353e-10
469,30,0.01624391785,0.0299357679,0.000286628696,0.780071139,0.0008933244414652681,0.6756865369755775,1.1525046732121825e-10
470,31,0.0168140018,0.0305366069,0.000107207357,0.792180777,0.0007892886985872516,0.6861845667065447,1.0677335438992019e-10
470,30,0.016366091550000003,0.03003971465,0.000107207357,0.784496367,0.0008799197402831588,0.6774593281012511,1.1551569953153885e-10
470,29,0.0158636058,0.029540387,0.000107207357,0.76085043,0.0010077565568532632,0.6677322032846654,1.2040535184198312e-10
471,31,0.0168460645,0.030567072350000002,0.000286628667,0.792167187,0.0008307547413561899,0.6868611919444488,1.1237708852683183e-10
471,30,0.01638779605,0.030054695,0.000286628667,0.785327554,0.0008784408684383163,0.6776748536070822,1.1569825081821066e-10
471,29,0.0158865829,0.0295540206,0.000286628667,0.762017488,0.0010062242724224158,0.667961210548397,1.2079097666693205e-10
472,31,0.0169044891,0.03061221355,0.000115326191,0.792613864,0.0008150351024433593,0.6873561177283867,1.1044274591101761e-10
472,30,0.016449883550000002,0.0300969761,0.000115326191,0.787332237,0.000885713286931634,0.6783361751983101,1.175756849432685e-10
472,29,0.01594921665,0.029589296299999998,0.000115326191,0.765168726,0.0010023571994422832,0.6685340416186663,1.2186549956471086e-10
473,31,0.016989266500000003,0.0307028424,0.000305058347,0.791545749,0.0008312984712023463,0.6888893096688135,1.1218075307668534e-10
473,29,0.01605346705,0.029677183349999997,0.000305058347,0.769801378,0.0009237836054193948,0.6699328408126607,1.1441937256465359e-10
473,30,0.016531933999999998,0.03017388655,0.000305058347,0.789607763,0.0008809226614421015,0.6796857767377741,1.179838569823046e-10
474,31,0.01701267345,0.0307123344,0.000115326206,0.791987419,0.0008307638510550775,0.6889073436830763,1.1230141798804036e-10
474,29,0.016079822549999997,0.02968373245,0.000115326206,0.770773768,0.0009236394163457497,0.669949879387304,1.1484702912486655e-10
474,30,0.01655680965,0.030181979749999997,0.000115326206,0.790384352,0.0008805694647318536,0.6797044748443118,1.182940891917526e-10
475,31,0.01702962815,0.030715858550000003,0.000286628696,0.792477787,0.0008307922300419402,0.688859245500767,1.1252013194550865e-10
475,29,0.0160989333,0.0296850847,0.000286628696,0.771377444,0.0009240624313035188,0.669890373693111,1.1517756545144941e-10
475,30,0.0165748354,0.030184472900000002,0.000286628696,0.790964246,0.0008807893999368219,0.6796518603346515,1.1859179266081011e-10
476,29,0.0161009524,0.02966642565,0.000112398673,0.770192683,0.0008803563033312311,0.6691619035919042,1.0921227948693619e-10
476,31,0.01701846065,0.030682400800000002,0.000112398673,0.793738842,0.0008347022483444201,0.6881917688108744,1.136045125960042e-10
476,30,0.0165639557,0.03015251085,0.000112398673,0.790742874,0.0008814937552225931,0.6789362576391019,1.1858467792597593e-10
477,29,0.016112758749999997,0.02966557445,0.000281161425,0.770541489,0.0008809017277246493,0.6690892481774463,1.0943253868419245e-10
477,31,0.0170289418,0.03068290185,0.000281161425,0.794216752,0.0008349269042834569,0.6881315595102481,1.1384601117137231e-10
477,30,0.016575104549999997,0.0301523665,0.000281161425,0.791110277,0.000881879908721672,0.6788707982346867,1.188065821674986e-10
478,30,0.016870553599999998,0.030467174950000002,9.34444979e-05,0.796453416,0.0007995490253394071,0.6840928257584258,1.0997034451891752e-10
478,29,0.016426119,0.029966475450000002,9.34444979e-05,0.786113441,0.0008926368047192372,0.675219719630757,1.1793393928035222e-10
478,28,0.0159208886,0.02945654745,9.34444979e-05,0.760074139,0.0010496454809587061,0.6653135589692832,1.2502073925139437e-10
479,30,0.016874025600000002,0.0304635987,0.000281161425,0.796744883,0.0008000998885070009,0.6840040287858876,1.1017007695080937e-10
479,29,0.01642980895,0.02996267005,0.000281161425,0.786217511,0.000893324888616848,0.6751235650594638,1.1807291495164423e-10
479,28,0.01592481695,0.02945245705,0.000281161425,0.760051191,0.0010505681293223464,0.6652083789892884,1.2511897691723763e-10
480,30,0.0169221796,0.03049258795,0.000112398724,0.798182845,0.0008427893183220828,0.6846352001276022,1.1669485792548337e-10
480,29,0.0164679829,0.02997427525,0.000112398724,0.787535727,0.0008957124875527624,0.6752760331152432,1.190013136056673e-10
480,28,0.0159645928,0.029460781249999998,0.000112398724,0.761798978,0.0010506259711199222,0.6653291548340236,1.2601444129688876e-10
481,30,0.0169747528,0.03054735065,0.000296067126,0.79857111,0.0008371385467223271,0.6855288500038055,1.1608590704359599e-10
481,28,0.016044567349999997,0.0295286924,0.000296067126,0.765722334,0.0009623123636778319,0.66634648211735,1.1726106422058843e-10
481,29,0.01652375425,0.0300261192,0.000296067126,0.789550662,0.0008899657440821018,0.6762310330389244,1.1917119578419083e-10
482,30,0.016999633049999997,0.03055419955,0.000112398673,0.799523234,0.0008221831348382483,0.6854961668047238,1.1443128007875473e-10
482,28,0.0160719836,0.02953201535,0.000112398673,0.766763806,0.0009627674705859298,0.6663769504320068,1.1780866945756264e-10
482,29,0.016551827999999998,0.03003366385,0.000112398673,0.790654838,0.0008986041905384789,0.6763611057654232,1.2084696244574612e-10
483,30,0.016982734200000002,0.030520875000000003,0.000281161425,0.800314963,0.0008259907590589387,0.684915471171554,1.153123206771956e-10
483,28,0.0160579551,0.0295051942,0.000281161425,0.765419066,0.0009667714302750926,0.66580513746306,1.176616170616806e-10
483,29,0.01653628985,0.03000361755,0.000281161425,0.789909422,0.0008937294426596078,0.6757366762548144,1.1984336715351193e-10
484,28,0.01610861535,0.029529796,9.34444324e-05,0.76684469,0.0008949078808611763,0.6659713181309947,1.095416230568407e-10
484,30,0.0170158818,0.0305371191,9.34444324e-05,0.801195443,0.0008249258895493583,0.6851653771007249,1.1555474577050097e-10
484,29,0.0165691357,0.03001547325,9.34444324e-05,0.791347861,0.0009019458168627418,0.6759963831848046,1.2162499099072196e-10
485,28,0.01610835545,0.029523382,0.000286628696,0.767232239,0.0009344549667597552,0.666036639009101,1.1456082853880622e-10
485,30,0.017024586,0.03054132685,0.000286628696,0.80142957,0.0008246501213783389,0.6852262638065828,1.1562046416111485e-10
485,29,0.01657838375,0.0300191753,0.000286628696,0.791725814,0.0009017011590083786,0.6760596900053902,1.2177126688986124e-10
486,28,0.0161529798,0.0295418827,0.000115326206,0.768598676,0.0008946244268105934,0.6662379535111186,1.1028061909036353e-10
486,30,0.01705697835,0.0305560334,0.000115326206,0.802356362,0.0008195229949387089,0.6854297561593918,1.1531165402496872e-10
486,29,0.01661244315,0.03003173975,0.000115326206,0.793247581,0.0009066307094342122,0.6763180973628774,1.23163362494524e-10
487,28,0.016179868950000002,0.029556565,0.000305058376,0.769917965,0.0008932921932978481,0.6665532612323725,1.1069963151711907e-10
487,30,0.01708090395,0.030573556199999997,0.000305058376,0.802780867,0.0008179850169585475,0.6857132012069588,1.1528325916841343e-10
487,29,0.01663785425,0.0300479019,0.000305058376,0.794405997,0.0009051325989910115,0.6766177432533239,1.2351385865525253e-10
488,30,0.01720171325,0.0307072895,0.000115326198,0.803472221,0.0008257308312905433,0.6880278567656377,1.1668418856778049e-10
488,29,0.01676878985,0.03017749545,0.000115326198,0.798624933,0.000858770370367671,0.678845447909926,1.1911387217350517e-10
488,28,0.0163119771,0.029673526050000003,0.000115326198,0.777940929,0.0009363673685323247,0.6692956280956862,1.1980012278482335e-10
489,30,0.017200615250000002,0.030688243,0.000286628696,0.804511249,0.0008281336234060314,0.6877389153118679,1.174900946714943e-10
489,29,0.0167676648,0.0301583819,0.000286628696,0.798802376,0.000861470155563268,0.6785295418384586,1.1957005341499916e-10
489,28,0.01631084085,0.029654337099999997,0.000286628696,0.777527869,0.000939475266455644,0.6689494448896738,1.2000142353370342e-10
490,30,0.01717464625,0.03063101505,0.000107207299,0.805822253,0.000822894207707113,0.6867833530576076,1.173338171358374e-10
490,28,0.01628125735,0.029599218650000002,0.000107207299,0.775439918,0.0009474520778380403,0.667894428329383,1.200234547573277e-10
490,29,0.016741415449999998,0.0301040802,0.000107207299,0.798352778,0.0008756387998289576,0.677632169842617,1.21326778176876e-10
491,30,0.01718318275,0.0306336135,0.000286628667,0.806265712,0.0008228147219688304,0.6868439636809508,1.175212945357341e-10
491,28,0.016290893799999998,0.02960075715,0.000286628667,0.775781929,0.0009475841979729782,0.6679561679448417,1.20203198943557e-10
491,29,0.01675049495,0.03010618315,0.000286628667,0.798719108,0.0008756413671953797,0.6776937969522612,1.2149854274587113e-10
492,30,0.01717042735,0.03059200195,0.00011532622,0.807326674,0.0008182650877371469,0.6861737467306753,1.1734636428682522e-10
492,28,0.01627575325,0.029559149399999998,0.00011532622,0.774162173,0.0009476337711160414,0.6671655183516559,1.1943963453010003e-10
492,29,0.0167369833,0.03006526175,0.00011532622,0.798607171,0.0008911334581449841,0.6770747746391438,1.235957690418396e-10
493,28,0.0163047295,0.0295739956,0.000305058347,0.775562823,0.0009463249185182941,0.6675505946011019,1.199398216125539e-10
493,30,0.017202249750000002,0.03061806225,0.000305058347,0.808272421,0.0008373183630909473,0.6867700455878182,1.2051197271138273e-10
493,29,0.0167647237,0.030082218350000002,0.000305058347,0.799729764,0.0008912321753559947,0.6774600492170074,1.2414474920259382e-10
494,28,0.01636216605,0.02961031255,0.000112398673,0.778610349,0.0009425293686118805,0.6684177741285404,1.209093768189685e-10
494,30,0.017244393,0.03064891695,0.000112398673,0.809412897,0.0008391943703257616,0.6873863899570957,1.2130727768003882e-10
494,29,0.0168137597,0.03011529985,0.000112398673,0.801328301,0.0008670721587008031,0.6780570411447052,1.215239410615776e-10
495,28,0.0164082013,0.0296458462,0.000281161454,0.780941367,0.0009204546422383644,0.6691223262400532,1.191690265258446e-10
495,30,0.01728122865,0.03068393845,0.000281161454,0.810006499,0.0008357148511090975,0.6880120005352142,1.2107725337447743e-10
495,29,0.0168528864,0.03014835435,0.000281161454,0.802657068,0.0008636619319289471,0.6787224883454231,1.2166487380385579e-10
496,30,0.01747070065,0.03091330175,9.34444543e-05,0.808994591,0.0008233014107702826,0.691808471945956,1.188206838226023e-10
496,29,0.01704816335,0.0303609902,9.34444543e-05,0.808964729,0.0008511435853511532,0.6826594974161223,1.2282497346814948e-10
496,28,0.016602841200000003,0.029834819050000003,9.34444543e-05,0.791696548,0.0009346270024022784,0.673201125449623,1.2620643141633214e-10
497,27,0.016266757649999998,0.02946298195,0.000281161425,0.771248698,0.0009494710089642467,0.6655873250186309,1.1829046386713465e-10
497,29,0.0171636082,0.030498970299999997,0.000281161425,0.810999572,0.0008506758863972305,0.6851071805137018,1.2371055041374915e-10
497,28,0.016724750400000002,0.0299655618,0.000281161425,0.797810137,0.0009059967038688901,0.6756546106565609,1.252716081377503e-10
498,27,0.0163263781,0.02949377525,0.000112398688,0.7741521,0.0009467134643201766,0.6664763846163917,1.1931917149372607e-10
498,29,0.01721728875,0.030537088400000002,0.000112398688,0.813008606,0.0008472421990426545,0.6859327937974645,1.2415337565294486e-10
498,28,0.0167814009,0.030000162349999998,0.000112398688,0.800429106,0.00090451123513531,0.6765226276299974,1.2633446788245496e-10
499,27,0.01634349955,0.02950282395,0.000296067155,0.774998069,0.0009458789138035727,0.66673634712939,1.1961572607252885e-10
499,28,0.016797552799999997,0.03001015075,0.000296067155,0.801184833,0.0009036192443328199,0.6767712803420862,1.2657734438595385e-10
499,29,0.01723935175,0.030557338150000002,0.000296067155,0.813587487,0.000873542600678756,0.686472204388617,1.2828847635710308e-10
500,30,0.01763131935,0.031066101999999998,0.000112398644,0.808287978,0.0008172016789536484,0.6945828193687177,1.1762466690475523e-10
500,29,0.01721282305,0.03049786295,0.000112398644,0.814167023,0.0008525110376492555,0.6855113474443845,1.2547462491659836e-10
500,28,0.01677678245,0.0299608996,0.000112398644,0.800130248,0.0009104872115051032,0.6760479185964147,1.2702358965880838e-10
501,30,0.017646862200000002,0.0310750194,0.000281161425,0.808808625,0.0008165025029715141,0.6948088057312672,1.1775715903447863e-10
501,29,0.0172293801,0.0305059394,0.000281161425,0.814991713,0.0008519444371005176,0.6857473738440657,1.2578253319398245e-10
501,28,0.0167944031,0.029968004700000002,0.000281161425,0.800929785,0.0009100974831021606,0.6762926122721516,1.273600926539008e-10
502,30,0.01764676625,0.031049778700000003,9.34445197e-05,0.810957909,0.000819607189286707,0.6945980419186277,1.1917458972212239e-10
502,29,0.01722940055,0.03048046585,9.34445197e-05,0.815718532,0.0008555068238202483,0.6855062251089731,1.2665576504281017e-10
502,28,0.0167904682,0.0299377879,9.34445197e-05,0.800873816,0.0009308694763610448,0.6760161774089861,1.302392129248046e-10
503,30,0.017648330900000002,0.03104519655,0.000286628667,0.811512351,0.0008202185343772348,0.6945766276155064,1.1951454230270034e-10
503,29,0.0172310937,0.03047574685,0.000286628667,0.815960646,0.0008562290882070746,0.6854792045599233,1.2687845202932871e-10
503,28,0.0167922899,0.02993292085,0.000286628667,0.800942957,0.0009317500822325824,0.6759823717995781,1.303969830498274e-10
504,30,0.017628582150000002,0.03099151605,0.00011532622,0.814902723,0.0008264828544450267,0.6939609671596705,1.2198313312497057e-10
504,28,0.0167813916,0.029893304250000002,0.00011532622,0.799859345,0.0008993209032394536,0.6752653687814644,1.25335866997231e-10
504,29,0.01721099205,0.0304236561,0.00011532622,0.816142917,0.0008599983896185518,0.6847989373016052,1.275252652566278e-10
505,30,0.017679860800000002,0.03105217315,0.000305058347,0.813878536,0.0008201069405774674,0.694959617903392,1.2057448294648303e-10
505,28,0.016813165499999998,0.029918171450000003,0.000305058347,0.801837564,0.0009351140947425079,0.6760463660985778,1.31318804215795e-10
505,29,0.017257468749999998,0.0304717999,0.000305058347,0.817957163,0.0008864481473501264,0.6858706121140427,1.3234875217292815e-10
506,27,0.01647041455,0.0295057045,0.000115326213,0.779316366,0.0009275340204783545,0.6678622564231788,1.1932025055353056e-10
506,29,0.017353395950000003,0.0305778934,0.000115326213,0.820029616,0.0008745246500316761,0.687774275262648,1.3158977207108985e-10
506,28,0.0169152515,0.0300190812,0.000115326213,0.806776404,0.0009229526100587568,0.6780865024637115,1.3208410277432716e-10
507,28,0.016997855149999998,0.0300999666,0.000286628696,0.809539437,0.0008459857586288541,0.6793724917603159,1.2235051265128338e-10
507,29,0.01741104945,0.0306363972,0.000286628696,0.821008205,0.0008507093263169945,0.6887920868939164,1.2847752038123872e-10
507,27,0.01656061875,0.0295868572,0.000286628696,0.786325514,0.000975327767661379,0.6700051989746878,1.2897469909072863e-10
508,29,0.0176019501,0.030876698,0.000107207314,0.821662724,0.0008316405658260929,0.6927988969418376,1.2590568383598725e-10
508,27,0.01673990115,0.029765679500000003,0.000107207314,0.79669714,0.0009309020505130886,0.6736528701904029,1.2816557138885726e-10
508,28,0.01717975925,0.03030550665,0.000107207314,0.817560315,0.0008985251024191456,0.6835959559673853,1.3395212866268246e-10
509,29,0.01760941375,0.03087852335,0.000286628667,0.822242618,0.0008316066037713027,0.6929031523474527,1.261743770930981e-10
509,27,0.0167484153,0.02976656795,0.000286628667,0.797109306,0.0009311196039401955,0.6737608340067632,1.2839991769316643e-10
509,28,0.01718773695,0.030306890599999997,0.000286628667,0.817986965,0.0008986105897608197,0.6837026436465117,1.341803287114456e-10
510,29,0.0176194878,0.03086671885,0.000115326206,0.823867202,0.0008428095749176193,0.6930284726437658,1.2865326120520312e-10
510,27,0.01675662865,0.0297490936,0.000115326206,0.797355413,0.0009381872484974254,0.6737464134549472,1.2949744931710148e-10
510,28,0.0171962157,0.0302911308,0.000115326206,0.81870234,0.0009013394408278708,0.6837109751353786,1.3495032506374942e-10
511,27,0.01681419185,0.02980363275,0.000305058347,0.800450265,0.0009151791363800075,0.6748510418857667,1.2783701670627948e-10
511,29,0.01767085215,0.0309279114,0.000305058347,0.82405591,0.0008531413813476286,0.6941720762698256,1.3032248251186538e-10
511,28,0.0172465984,0.0303438762,0.000305058347,0.820692778,0.00089520764310916,0.6847439965598245,1.3503797132790988e-10
512,29,0.0176691739,0.03089774865,0.000112398702,0.826652825,0.0008399971816408105,0.6939092471679753,1.295631870651849e-10
512,27,0.0168153606,0.029777087299999998,0.000112398702,0.800618052,0.0009514342765606665,0.6748398546447201,1.3298703523432109e-10
512,28,0.017252140649999997,0.03032302855,0.000112398702,0.821297407,0.0008870122693836274,0.6846341178595428,1.341053084066631e-10
513,27,0.0168736344,0.02983240875,0.000281161483,0.803380311,0.0009130470660959795,0.675885161639179,1.2898127311766081e-10
513,29,0.0177219333,0.030961011499999996,0.000281161483,0.825659692,0.0008501691608562133,0.695091417325656,1.3064767652406618e-10
513,28,0.0173017876,0.030374981449999998,0.000281161483,0.823085725,0.0008899774778097859,0.6857079746218391,1.354571541366278e-10
514,27,0.0169393439,0.02988485805,9.34445779e-05,0.806978524,0.0008923090437566533,0.6771013852054314,1.2779735866082288e-10
514,29,0.0177850379,0.0310275573,9.34445779e-05,0.826143444,0.0008431348323970424,0.696349676568125,1.298004419352794e-10
514,28,0.01736442,0.0304324459,9.34445779e-05,0.825374961,0.0009022763568202987,0.6870516355034912,1.385079803720626e-10
515,27,0.01694400045,0.0298820613,0.000281161425,0.80706656,0.0008823776669047786,0.6770823149852796,1.2641723487199706e-10
515,29,0.01778681765,0.03102212305,0.000281161425,0.826779664,0.0008438955493885211,0.6963448784911684,1.3022554303775014e-10
515,28,0.0173663618,0.03042683845,0.000281161425,0.825629115,0.0009032089088959169,0.6870405741404169,1.3878238223783123e-10
516,29,0.01787816825,0.03112699835,0.000112398709,0.826541364,0.0008122451262295243,0.6981184497000943,1.2523058620221987e-10
516,26,0.01664191295,0.02949223485,0.000112398709,0.788133025,0.0010067912975109425,0.670365238223862,1.3407929950149477e-10
516,28,0.0174749149,0.03054277595,0.000112398709,0.829379678,0.0008645811224689913,0.6891729669557171,1.3471350312993927e-10
517,29,0.01786758565,0.031101657050000002,0.000296067185,0.827779412,0.0008151703995349505,0.697871508833017,1.2626168468958698e-10
517,26,0.0166273667,0.02946571635,0.000296067185,0.786795735,0.0010110866728008045,0.669976087514798,1.3394917720049601e-10
517,28,0.0174637707,0.0305177774,0.000296067185,0.829800129,0.0008677954555662675,0.6888971248062169,1.3542519330472346e-10
518,29,0.01789033505,0.0311109377,0.000112398622,0.829410434,0.0008145350887149427,0.6982980348116244,1.2693016589524032e-10
518,26,0.01665495525,0.02947074365,0.000112398622,0.788027465,0.0010115444124558187,0.6704379447085458,1.3465680389636615e-10
518,28,0.01748807355,0.03052578495,0.000112398622,0.830979288,0.000867495269461622,0.6893388453090257,1.359715517437574e-10
519,27,0.017045975650000003,0.02992554845,0.000281161396,0.811946273,0.0008798857921683208,0.678974188794849,1.2842122969572868e-10
519,29,0.0178658329,0.0310602635,0.000281161396,0.831406534,0.0008444765957394602,0.697874828269612,1.3257323810448466e-10
519,28,0.01745620275,0.03046735095,0.000281161396,0.83070606,0.0008748909452328025,0.6885916777502524,1.36992111336165e-10
520,29,0.017891415350000002,0.031073016100000003,9.34444251e-05,0.832960784,0.0008434344079880217,0.6983692484962168,1.3317258361612038e-10
520,26,0.01665036845,0.02942323775,9.34444251e-05,0.786122382,0.0010204744551470914,0.6700837962769388,1.3483708317504225e-10
520,28,0.017483554749999998,0.030478664699999998,9.34444251e-05,0.832383335,0.0008742033327105557,0.6891065935504778,1.3773649583109068e-10
521,27,0.01717262625,0.030051653249999997,0.000281161483,0.818674266,0.0008658366605936487,0.6816972100179873,1.2962120575634273e-10
521,28,0.017571196,0.03059310185,0.000281161483,0.834485233,0.0008417275717547533,0.6909381890949011,1.3365331722708922e-10
521,26,0.01674568375,0.029525270649999998,0.000281161483,0.793139279,0.0009961662668951537,0.6721915472203546,1.3527498546352716e-10
522,27,0.01727551595,0.03015349155,0.000112398695,0.824361086,0.0008614029860064031,0.6839630880414687,1.317341531166167e-10
522,26,0.01686062105,0.0296280161,0.000112398695,0.799687684,0.0009514994515443844,0.6745182923720537,1.3252073086620355e-10
522,28,0.01767384725,0.03070820215,0.000112398695,0.837861478,0.0008474214198138174,0.693254583759557,1.3623976108922613e-10
523,27,0.0172751332,0.030146002749999998,0.000305058318,0.82434994,0.000862524765306658,0.6839356889673679,1.3190034222196837e-10
523,26,0.016860257849999997,0.0296204742,0.000305058318,0.799510598,0.0009528251857931976,0.6744813894326402,1.3261507549219773e-10
523,28,0.017673444,0.0307007674,0.000305058318,0.838216424,0.0008484409867728342,0.6932356135018691,1.3658172964897175e-10
524,27,0.01727743165,0.0301267477,0.000115326198,0.824508488,0.0008655511192832931,0.6839243419110624,1.3244155676173496e-10
524,26,0.016862834799999997,0.0296008736,0.000115326198,0.799194098,0.0009564576035969215,0.6744456113657638,1.3295856359802612e-10
524,28,0.01767547425,0.0306818355,0.000115326198,0.839411795,0.0008511411415166599,0.6932452674540098,1.376187165391663e-10
525,27,0.0172904115,0.03012399375,0.000286628696,0.825252533,0.000866469810689596,0.684150033614451,1.3295023077096126e-10
525,26,0.016876709650000002,0.02959728055,0.000286628696,0.799681246,0.0009578245666653386,0.6746686618570512,1.3339806059743995e-10
525,28,0.01768758055,0.0306798322,0.000286628696,0.840679348,0.0008517841130676517,0.6934707066874275,1.383632551933605e-10
526,27,0.0173431039,0.030168018300000002,0.000107207139,0.828176916,0.0008604799438556988,0.685290639499823,1.3347634216550267e-10
526,26,0.0169311101,0.02963664475,0.000107207139,0.802856624,0.0009617926666927632,0.6758856502383842,1.3559439518683216e-10
526,28,0.0177415535,0.0307332687,0.000107207139,0.84307158,0.0008669554884130885,0.6947664060378959,1.4206460401024835e-10
527,28,0.017862114149999997,0.03090491425,0.000286628696,0.844165683,0.0008374874632827862,0.6974136103962232,1.3778436000589725e-10
527,27,0.01746605615,0.0303279683,0.000286628696,0.833683908,0.0008715483759008144,0.6882634668295409,1.3797888256419742e-10
527,26,0.0170528749,0.0297793485,0.000286628696,0.811282098,0.0009488611763612205,0.6787411836737529,1.3813889833774816e-10
528,28,0.01792764475,0.030977237999999997,0.000115326206,0.844537735,0.0008086816349623068,0.6987388234868567,1.332258401238112e-10
528,25,0.0167010156,0.0293222852,0.000115326206,0.784490049,0.0010604026451997862,0.6705553858031358,1.3921875574819546e-10
528,27,0.0175346145,0.03039624355,0.000115326206,0.837572396,0.0008901533662814175,0.6899140966768517,1.4295723066835108e-10
529,26,0.01712345705,0.0298233572,0.000305058347,0.814944983,0.0009210603289680854,0.6801123911145996,1.3596332801793524e-10
529,25,0.01668385325,0.02928487395,0.000305058347,0.782319903,0.001067174413920618,0.6700686457705595,1.389180100721514e-10
529,27,0.01753300055,0.0303773861,0.000305058347,0.837843478,0.0008929995075993191,0.6898501459223976,1.435568466800875e-10
530,28,0.0179578746,0.030988291850000002,0.000115326227,0.846961498,0.000807966686262883,0.6993940207998609,1.342868684228708e-10
530,25,0.0167422518,0.0293324692,0.000115326227,0.786159813,0.0010414345909887201,0.6712620082586244,1.3762570712873242e-10
530,27,0.0175669594,0.0304055959,0.000115326227,0.839700878,0.0008899611665249942,0.690591189784765,1.4404673348315845e-10
531,28,0.01801038905,0.0310507063,0.000286628696,0.847881615,0.0008070982061454112,0.7005785713331866,1.345917967359053e-10
531,25,0.01680425555,0.02938528545,0.000286628696,0.790911138,0.0010342525472964124,0.6726390830410826,1.3923515126575266e-10
531,27,0.017621613100000003,0.03046384455,0.000286628696,0.843117654,0.0008818355113927354,0.6917926015028072,1.4452684922283535e-10
532,26,0.01734684315,0.0300541315,0.000112398789,0.827986002,0.0008643390056063674,0.684989617292515,1.3397915634463394e-10
532,25,0.016941033299999998,0.0295277154,0.000112398789,0.800210774,0.0009740193518078757,0.6755898372832847,1.3592940077886577e-10
532,27,0.0177334305,0.030604423,0.000112398789,0.848372042,0.0008504497820278238,0.6942383504956997,1.4207337825086134e-10
533,26,0.01735529955,0.0300506819,0.000281161425,0.828435361,0.000865227804442636,0.6851490275429464,1.3434137221081664e-10
533,25,0.01695010065,0.02952369675,0.000281161425,0.800411761,0.0009752529069690542,0.6757456320433207,1.3620709237561637e-10
533,27,0.01774130295,0.030601481,0.000281161425,0.849197686,0.0008511278127253315,0.6943991827075082,1.4261328413650793e-10
534,26,0.01734822895,0.03001277895,9.3444527e-05,0.827996373,0.0008709144107934611,0.6849312359199391,1.350033747546774e-10
534,25,0.016935463999999997,0.02947705895,9.3444527e-05,0.798676193,0.0010163839252407484,0.6754782871318534,1.4100585218472465e-10
534,27,0.0177344233,0.0305635873,9.3444527e-05,0.849506378,0.0008563936237155823,0.694226575355247,1.4365565233019661e-10
535,26,0.01733787455,0.029989798550000002,0.000281161454,0.827195644,0.0008758889397405865,0.6846803997367493,1.3537072290864406e-10
535,25,0.01692416615,0.0294539472,0.000281161454,0.797438204,0.0010203173820727593,0.675177399607762,1.4087728641122478e-10
535,27,0.01772763025,0.030544969249999998,0.000281161454,0.849500299,0.0008710856500968743,0.6941312863385156,1.4611687812288487e-10
536,26,0.017379488800000002,0.03001154025,0.000112398644,0.829675376,0.0008724133853781704,0.6855807206894101,1.360811282154203e-10
536,25,0.01696895155,0.0294738002,0.000112398644,0.799862802,0.0010188873402929286,0.6761303523633563,1.4200010679123822e-10
536,27,0.0177635923,0.0305641135,0.000112398644,0.85227257,0.0008572746141454395,0.6948670991380146,1.4524906322465145e-10
537,26,0.017374322749999997,0.0299942838,0.000296067155,0.829247296,0.0008749537415517235,0.6854427519231686,1.3626059499131894e-10
537,25,0.01696355825,0.02945666575,0.000296067155,0.798995137,0.0010219852363761838,0.6759693829179586,1.4195668229917448e-10
537,27,0.017761296599999997,0.0305509297,0.000296067155,0.852554917,0.0008713357997480353,0.6948769484600319,1.4778185194502931e-10
538,26,0.0173971271,0.0299981013,0.000112398753,0.830561399,0.0008752911468300863,0.685929740065153,1.3697917844225835e-10
538,25,0.0169921694,0.02946413305,0.000112398753,0.800042868,0.0010029383056905604,0.676464584756143,1.3987412632987887e-10
538,27,0.017782593149999998,0.03055599055,0.000112398753,0.854453623,0.0008712923293593269,0.6953516532728914,1.4878983682503904e-10
539,26,0.01739264745,0.02997638005,0.000281161425,0.82983917,0.0008665184948553359,0.6857288635494057,1.3524320967323555e-10
539,25,0.0169902509,0.02944600675,0.000281161425,0.799235463,0.0010063881486016637,0.6763650905159322,1.3991925276791915e-10
539,27,0.01777569205,0.03053057195,0.000281161425,0.854442477,0.0008748472193597305,0.6951826384540228,1.493903566969362e-10
540,25,0.0170358047,0.02947374155,9.34444761e-05,0.801252246,0.0009751474918873038,0.677208961170966,1.3663168695059436e-10
540,24,0.016591726850000002,0.028935165149999997,9.34444761e-05,0.763044238,0.0011500975799227013,0.6666847810459049,1.3864629760776042e-10
540,27,0.017810515149999998,0.0305549111,9.34444761e-05,0.85705322,0.0008731797986072209,0.6959630324815904,1.5051245298239294e-10
541,25,0.0170392543,0.0294700321,0.000286628638,0.801192105,0.0009760416416130066,0.6772683716239782,1.367251858700424e-10
541,24,0.01659545955,0.02893116605,0.000286628638,0.762906432,0.0011512978368949634,0.6667384227714418,1.387136632557495e-10
541,27,0.0178134665,0.030551658949999998,0.000286628638,0.857388496,0.0008737694667484721,0.6960292976185086,1.5079529267978277e-10
542,25,0.01720996665,0.02966194695,0.000115326206,0.814564347,0.0009427702785289408,0.6813126962856569,1.389660701824741e-10
542,27,0.0179925682,0.03080111185,0.000115326206,0.863671601,0.0008417674373229066,0.7001675377407179,1.4857314127030363e-10
542,26,0.0176073182,0.030215334150000002,0.000115326206,0.844559252,0.0009082693895748049,0.6910983619789189,1.4964152259289266e-10
543,25,0.0172173558,0.029656769700000002,0.000305058347,0.814615905,0.0009440793575648824,0.6814382037393523,1.391863722448476e-10
543,27,0.017998877,0.03079688085,0.000305058347,0.86459142,0.0008425383957950967,0.7003006306113546,1.4919744097662944e-10
543,26,0.0176141579,0.030210650550000002,0.000305058347,0.84497714,0.000909314669264369,0.69122891153028,1.5004224718217166e-10
544,25,0.0172653524,0.029697055950000002,0.000115326198,0.81795603,0.0009619178120660925,0.682662411151535,1.4361267373364755e-10
544,27,0.01804725545,0.0308510475,0.000115326198,0.86643672,0.0008362245582483045,0.701415479367284,1.4905330258876438e-10
544,26,0.0176647333,0.030261216700000003,0.000115326198,0.848444521,0.0009073822261741925,0.6924216073976306,1.5162142638981245e-10
545,25,0.017219358150000003,0.0296130702,0.000286628725,0.812995613,0.0009521526035757832,0.6813497356276774,1.3951814878879e-10
545,26,0.01761565265,0.0301675834,0.000286628725,0.844914436,0.0009164565035445833,0.6911968808947533,1.5118517303881475e-10
545,27,0.017999844600000002,0.0307544405,0.000286628725,0.867432356,0.000848562426534918,0.7003145176292339,1.5178800109061112e-10
546,23,0.0166315539,0.028848113449999997,0.000107207241,0.759166896,0.0011796845633737026,0.6669990010564519,1.3999854379521163e-10
546,24,0.017079043199999998,0.02939971815,0.000107207241,0.799226522,0.0010207459049105551,0.6779527933005862,1.419085443384209e-10
546,26,0.017856759,0.030502117250000002,0.000107207241,0.862340152,0.0008827684670836358,0.6969441197184237,1.5507039083790237e-10
547,27,0.01820687295,0.031054023650000002,0.000286628638,0.871144176,0.0007763422858268428,0.7048980097876275,1.4070581216931695e-10
547,25,0.01745327655,0.0298949983,0.000286628638,0.830407202,0.0009031099855186743,0.6869135725083053,1.4124933950462183e-10
547,26,0.0178385051,0.03046428875,0.000286628638,0.861725926,0.0009003169905034754,0.6965706892975054,1.5780645423693085e-10
548,25,0.01746888085,0.02988608365,0.000115326162,0.830610335,0.0008954261250700171,0.6871643298636266,1.4015303901141913e-10
548,27,0.01822884475,0.031062237950000002,0.000115326162,0.873222649,0.0008241665395765028,0.7056595746975091,1.5047318412179906e-10
548,26,0.0178509187,0.030453393250000002,0.000115326162,0.862886131,0.0009024782061061999,0.6968313765568811,1.5884168476665682e-10
549,24,0.01715007055,0.02943444905,0.000305058347,0.802265108,0.000977588591212066,0.6792829732640984,1.3750489584653127e-10
549,25,0.01753916965,0.02997142545,0.000305058347,0.837538898,0.0009000813557303367,0.6889180051584365,1.445297213967508e-10
549,26,0.017917699199999998,0.0305423681,0.000305058347,0.866942346,0.000878589975258118,0.6983229799196226,1.5688513369428377e-10
550,27,0.0182827292,0.031107712500000002,0.000112398644,0.875692606,0.0007544591983818629,0.7065512716856003,1.3894908774664568e-10
550,25,0.017553380700000003,0.0299597755,0.000112398644,0.837392271,0.0008792330035799174,0.6890623641578664,1.4110631075885797e-10
550,26,0.017926051300000002,0.030524480149999998,0.000112398644,0.868056536,0.0008815989078599245,0.6984863581574015,1.5804632425531564e-10
551,24,0.017175808549999998,0.02941950505,0.000281161396,0.802094996,0.000991084050473948,0.6797815759271912,1.3931181311262332e-10
551,25,0.017564835,0.02996068355,0.000281161396,0.838532925,0.0009029772846020369,0.6894272664509243,1.455246370416133e-10
551,26,0.017941438599999998,0.0305332225,0.000281161396,0.869300902,0.0008807437250119166,0.6988354559447818,1.5858985565158942e-10
552,24,0.0172979906,0.0295538707,9.34443233e-05,0.813350737,0.0010064742023794537,0.6829069683494974,1.476746492959263e-10
552,25,0.017696475599999997,0.030125649650000003,9.34443233e-05,0.849933565,0.0009292646797456699,0.692820781167358,1.5611651050604885e-10
552,26,0.01807487385,0.03071846345,9.34443233e-05,0.876994193,0.0008557687644694521,0.7019505065634034,1.583283824407897e-10
553,24,0.01730423235,0.0295526944,0.000281161425,0.813394308,0.001007042490606617,0.6830256774141553,1.4778209698860693e-10
553,25,0.01770225635,0.0301248636,0.000281161425,0.850297809,0.0009296363190680442,0.6929393572464878,1.5638471886043462e-10
553,26,0.018080222450000002,0.0307180183,0.000281161425,0.877536237,0.0008559770984849496,0.7020675321296462,1.5866805355832596e-10
554,24,0.017398299649999997,0.02964551655,0.000112398651,0.820733547,0.001004400619690947,0.6852816500603213,1.5152555000285873e-10
554,26,0.0181757463,0.03084042205,0.000112398651,0.881935,0.0008563169875775261,0.7043513450005966,1.611921048249113e-10
554,25,0.017796345999999998,0.0302313799,0.000112398651,0.858854413,0.0009346313184906744,0.69523343597444,1.621449782578752e-10
555,24,0.01740488035,0.0296435906,0.000296067155,0.82080394,0.0010051117847384601,0.6854028214776987,1.5167306506323947e-10
555,26,0.0181813417,0.03083929515,0.000296067155,0.882703483,0.0008566057142123624,0.7044720201645085,1.6167948572959133e-10
555,25,0.0178024182,0.03022987865,0.000296067155,0.85932374,0.0009351247109144049,0.6953552555377001,1.6250378611861187e-10
556,24,0.01745708565,0.0296876291,0.000112398673,0.824094713,0.000999300233802264,0.6866028537146264,1.5266361190273104e-10
556,25,0.01785120835,0.03027648945,0.000112398673,0.863655746,0.0009291259265287072,0.6964791307576418,1.6397858304818066e-10
556,26,0.01823141055,0.030895771449999998,0.000112398673,0.886092067,0.0008705005950919397,0.7057322414477697,1.6625001090709046e-10
557,24,0.01745464465,0.029667655,0.000281161425,0.823115647,0.001003004459849006,0.6864659774398907,1.5267008399227604e-10
557,26,0.01822102255,0.03086227455,0.000281161425,0.886103392,0.0008376747838596176,0.7052686155968252,1.599873337968132e-10
557,25,0.01784873005,0.03025663085,0.000281161425,0.863164246,0.0009323812857690555,0.6963703122468049,1.6426524301515792e-10
558,27,0.01856211205,0.0314288307,9.34444834e-05,0.880295932,0.0007542354478464392,0.713082611351092,1.411644545944756e-10
558,26,0.0182145471,0.0308217229,9.34444834e-05,0.887884676,0.0008432581488654437,0.7050810167104729,1.620511956833674e-10
558,25,0.0178422844,0.03021586405,9.34444834e-05,0.861933947,0.0009390626221050994,0.696134990766073,1.6471663305000008e-10
559,27,0.0185684599,0.031432552249999995,0.000286628579,0.880767405,0.0007538359776500529,0.7132277795999511,1.4132226998056248e-10
559,26,0.01822132245,0.0308251483,0.000286628579,0.888510048,0.0008429257562327792,0.7052332500247577,1.623385898596528e-10
559,25,0.0178495729,0.030218914149999998,0.000286628579,0.862472117,0.0009388228240342008,0.6962939116438778,1.649910860706028e-10
560,24,0.0175666781,0.0297571858,0.000115326242,0.830401659,0.0009590874660329983,0.688848432394886,1.4999764619056015e-10
560,25,0.01794517595,0.03033890295,0.000115326242,0.870702744,0.0009126058661993547,0.6985142938138457,1.6514063200152712e-10
560,26,0.018317072650000002,0.0309595829,0.000115326242,0.89311868,0.0008630569345594241,0.7076553579194989,1.68882924105882e-10
561,24,0.017569107,0.02974478995,0.000305058347,0.829853654,0.0009614851511116592,0.688845068643713,1.5006687765835274e-10
561,25,0.017947281699999998,0.03032681625,0.000305058347,0.870849371,0.0009146569030550879,0.6985264329702692,1.655969680184647e-10
561,26,0.018318844,0.03094780445,0.000305058347,0.894333363,0.0008647846932884652,0.7076799151686652,1.699297194827588e-10
562,24,0.0176056428,0.02977315615,0.000115326206,0.832932651,0.0009579499710944585,0.6896642977275868,1.5122902514248055e-10
562,25,0.0179814147,0.030356937100000002,0.000115326206,0.873474836,0.0009109082612897631,0.6992962511133032,1.6645330029231583e-10
562,26,0.0183507772,0.030979421950000002,0.000115326206,0.896310091,0.0008608453994915556,0.7083988392800531,1.7030897216110465e-10
563,24,0.017687352349999998,0.0298724761,0.000286628667,0.841031253,0.0009359912754909367,0.6915888619589985,1.522281422877805e-10
563,26,0.018413399349999998,0.0310675176,0.000286628667,0.897754073,0.0008124430821930247,0.7096350185183412,1.6153047307911677e-10
563,25,0.01805639825,0.03045685405,0.000286628667,0.881960452,0.0008956815573093395,0.7010516430914275,1.6861311303399284e-10
564,26,0.0184543915,0.0311107626,0.000107207205,0.899909675,0.0007334114373046354,0.7101672260288339,1.468974058656102e-10
564,24,0.01774182825,0.029924967349999998,0.000107207205,0.847376883,0.0009655355709300563,0.6930211109376371,1.607081540911223e-10
564,25,0.01811534075,0.03052468505,0.000107207205,0.887365162,0.0008914350963578714,0.7024279370235639,1.709986934829833e-10
565,26,0.0184772462,0.031141826850000002,0.000286628783,0.900377214,0.0007298967362823711,0.7106884355535131,1.4642706268683857e-10
565,24,0.017767611000000003,0.0299540963,0.000286628783,0.849535942,0.0009613479779029152,0.6936291468564625,1.6126896331718549e-10
565,25,0.01813951045,0.03055493065,0.000286628783,0.889798403,0.0008873904895207163,0.702989420224252,1.7166320522502217e-10
566,26,0.01848652215,0.03112817185,0.000115326213,0.902924836,0.0007315947432213126,0.7108531561830612,1.4804854355953954e-10
566,24,0.017778928399999998,0.0299388133,0.000115326213,0.849631846,0.0009645702810845689,0.6937701827902266,1.6186461087257616e-10
566,25,0.018149758699999997,0.030540518449999998,0.000115326213,0.891006291,0.0008899243046346768,0.7031456836440786,1.7287241995717804e-10
567,26,0.018479003549999998,0.031099470350000002,0.000305058347,0.904428959,0.0007349696363811837,0.7106451254438515,1.4949546699586898e-10
567,24,0.017773089899999997,0.029913309050000003,0.000305058347,0.848470867,0.0009689587484043038,0.6935436852842466,1.6191830206947165e-10
567,25,0.018143107149999997,0.030513384400000003,0.000305058347,0.890361845,0.0008892810693121588,0.7029067638647909,1.723633373102546e-10
568,24,0.01774906925,0.0298411809,0.000112398797,0.842766166,0.0009441143025292281,0.6925744562442915,1.545243963126542e-10
568,26,0.018465291699999997,0.031043763250000002,0.000112398797,0.907236278,0.0008162715928859169,0.710639760016166,1.676234478025843e-10
568,25,0.018113038499999998,0.03042953365,0.000112398797,0.887430906,0.0009017276446560412,0.7020564067971423,1.7301071715750473e-10
569,24,0.017789743849999998,0.02988763525,0.000281161425,0.848099887,0.0009743572691962259,0.69371273899518,1.626015544248248e-10
569,26,0.018505608649999998,0.03110065595,0.000281161425,0.907888889,0.0007983216405449882,0.7114923683235116,1.6430109910696126e-10
569,25,0.018158124749999997,0.0304890415,0.000281161425,0.892080963,0.0008935180111666772,0.7031027654203551,1.742159072855275e-10
570,26,0.0186563935,0.0313485246,9.3444658e-05,0.903296411,0.0007548226370084982,0.7148974306992887,1.5294184158824834e-10
570,24,0.0179502582,0.030112023449999997,9.3444658e-05,0.867826462,0.000984902612940672,0.697896928029543,1.7641300632879763e-10
570,25,0.01831861025,0.0307357097,9.3444658e-05,0.906036913,0.0008646775811523053,0.7069737736897078,1.7684168774332123e-10
571,26,0.0186528517,0.031332525400000005,0.000281161221,0.904797733,0.0007567381495710575,0.7147892775448103,1.5411540914677445e-10
571,24,0.0179466922,0.030095906,0.000281161221,0.867147684,0.0009876912234010671,0.6977497148960429,1.7648669649833737e-10
571,25,0.018315091749999998,0.03071962015,0.000281161221,0.905969322,0.00086704084771252,0.7068482417696835,1.7728403498350081e-10
572,26,0.01869447155,0.03137449825,0.000112398731,0.905402958,0.0007513254759789523,0.7156475941476614,1.5332736095934252e-10
572,24,0.017982805150000003,0.030115445150000003,0.000112398731,0.870799899,0.0010050260258117974,0.6985464933112382,1.819211359574011e-10
572,25,0.01835575235,0.030753782,0.000112398731,0.910597503,0.0008804039867831234,0.7077734379110383,1.8286064650245003e-10
573,26,0.01874954625,0.0314680021,0.000296067068,0.903426945,0.0007403478134717282,0.7168930627658423,1.5007423055178968e-10
573,24,0.01805316375,0.030220008450000002,0.000296067068,0.877681792,0.0009431020094374433,0.7000459785716567,1.7489824847959824e-10
573,25,0.01841336675,0.03084595595,0.000296067068,0.914622009,0.0008677213712363168,0.7091367410446449,1.8268886210773616e-10
574,26,0.0187792536,0.03149646895,0.000112398666,0.902879119,0.0007803838821972936,0.7177007971175973,1.5789468046780108e-10
574,24,0.0180691257,0.030215409550000003,0.000112398666,0.878841043,0.0009444140777057127,0.7002647311524601,1.7585436586174862e-10
574,25,0.01843152755,0.03084901255,0.000112398666,0.917224944,0.0008855091818740366,0.7095329109899801,1.8807151415302866e-10
575,26,0.018806246999999998,0.03153269555,0.000281161512,0.901578128,0.0007664545456268938,0.7182273346588289,1.543891349430807e-10
575,24,0.0181017723,0.030253347950000002,0.000281161512,0.883452475,0.0009389328950261262,0.7010034873300395,1.7767199058148175e-10
575,25,0.0184621159,0.030888279,0.000281161512,0.919248104,0.0008800325437151802,0.7102094788470293,1.8817945665426464e-10
576,23,0.017814819699999998,0.02974884955,9.34441487e-05,0.841325998,0.0010077776543985304,0.6932064100846289,1.640757533716926e-10
576,25,0.01852136015,0.030965426900000002,9.34441487e-05,0.92144829,0.0007946954500280373,0.711127447761061,1.711868223842025e-10
576,24,0.01818135105,0.0303571792,9.34441487e-05,0.893206894,0.0009201218745777283,0.7028223257536683,1.800975231638766e-10
577,26,0.01880044215,0.0314828716,0.000281161512,0.908333719,0.0007819104010852908,0.7180044611814548,1.611629288710161e-10
577,24,0.0180948973,0.0301985163,0.000281161512,0.880649388,0.0009481578676552476,0.7005568140425024,1.7767120577121531e-10
577,25,0.01845490005,0.0308338776,0.000281161512,0.9209674,0.0008881341735149429,0.7098355194778009,1.9100703203781794e-10
578,23,0.017807994950000003,0.0296854824,0.000112398702,0.836173832,0.0010197471398101943,0.6926126716384265,1.6291339114098643e-10
578,25,0.018505771650000002,0.03088847545,0.000112398702,0.924948633,0.0008065982338715974,0.7105153333708835,1.7578826703094385e-10
578,24,0.01816994975,0.0302867107,0.000112398702,0.890394986,0.0009089724982432855,0.7020981605521335,1.7619507131041036e-10
579,23,0.01781831775,0.029693201199999998,0.000305058318,0.837336242,0.0010186599438131404,0.6928190684805394,1.63437046052056e-10
579,25,0.0185147533,0.03089709675,0.000305058318,0.925634861,0.0008055407712823806,0.7106951173244614,1.7595904291644752e-10
579,24,0.01817954985,0.03029492315,0.000305058318,0.891460419,0.0009078957420145103,0.7022910206091959,1.7663533362484359e-10
580,23,0.0178303486,0.029684491450000003,0.00011532622,0.837162971,0.0010208466858942884,0.692908527446626,1.6368238414329506e-10
580,25,0.01852469145,0.0308899181,0.00011532622,0.927485049,0.0008066523278923378,0.7107995172944337,1.7728673943431521e-10
580,24,0.0181904817,0.03028703295,0.00011532622,0.892407119,0.0009094959861462764,0.7023900992441546,1.77524319320872e-10
581,23,0.01783845855,0.029672116050000003,0.000286628609,0.836485207,0.001023617888358035,0.6929078756192891,1.6371791394420489e-10
581,24,0.01819776745,0.0302752983,0.000286628609,0.892664969,0.0009116313373685053,0.7024055324575129,1.7809919178714752e-10
581,25,0.01854798945,0.0309111243,0.000286628609,0.929054379,0.0008897806540683438,0.7116755421283361,1.9657668716315245e-10
582,23,0.017854582549999998,0.02966400795,0.000107207357,0.836539209,0.001025861209803796,0.6930292844785851,1.641085382255794e-10
582,24,0.0182137201,0.0302705932,0.000107207357,0.894197881,0.0009198166826046593,0.7026045411538637,1.8064887713680726e-10
582,25,0.01856380795,0.030909747799999998,0.000107207357,0.93127203,0.0008901783838123588,0.7118712642661815,1.9811199735030474e-10
583,23,0.0179202715,0.029759609149999998,0.000286628754,0.847092807,0.0010124151851236907,0.6947214631105495,1.6832870446402152e-10
583,25,0.018621154100000002,0.03100708965,0.000286628754,0.933552206,0.0008214423414972434,0.7129410285176789,1.8419561599858565e-10
583,24,0.01828063,0.0303781964,0.000286628754,0.903726757,0.0009292389236961639,0.7043921722714557,1.8855124678518328e-10
584,23,0.01792310365,0.029728540249999998,0.000115326191,0.845130026,0.0010185111230389,0.6944598976113356,1.6813743954500832e-10
584,25,0.018619405149999997,0.03097126915,0.000115326191,0.935239375,0.0008264132220487853,0.7126847730516181,1.8634284175528598e-10
584,24,0.01828115155,0.0303447722,0.000115326191,0.902651191,0.0009261916480444914,0.7040911200890767,1.8724530627808578e-10
585,23,0.01793930865,0.0297377864,0.000305058347,0.846532047,0.001017344261282918,0.6947323639108637,1.6880333300000218e-10
585,25,0.01863335725,0.03098201195,0.000305058347,0.936963916,0.0008250280584562516,0.7129220798652169,1.8708779903949475e-10
585,24,0.01829614395,0.030354838850000003,0.000305058347,0.904240787,0.000924862119822281,0.7043460982270698,1.8799128592642003e-10
586,25,0.0187303461,0.031143862799999998,0.00011532622,0.94004482,0.0007535124286726437,0.7148826779657542,1.7260594708971428e-10
586,23,0.0180317862,0.02986532915,0.00011532622,0.860796034,0.0010225120136561898,0.6971122955637455,1.786144881605162e-10
586,24,0.01839785555,0.0305137709,0.00011532622,0.921390414,0.0009570268473125772,0.7070546180140371,2.061096916728557e-10
587,25,0.01874504145,0.0311495559,0.000286628667,0.942097485,0.0007531399392496745,0.7150900586371436,1.736821527784299e-10
587,23,0.0180490827,0.029869116850000002,0.000286628667,0.862131059,0.0010223749659764997,0.6973386661703332,1.7944385447121387e-10
587,24,0.01841369735,0.03051854295,0.000286628667,0.923539102,0.0009565025076141016,0.7072701295820504,2.0747822606377871e-10
588,25,0.018828482350000002,0.03128867595,0.000112398775,0.936685801,0.0007676255623149526,0.7171135336372164,1.7391194888698146e-10
588,23,0.0181297557,0.029980012200000003,0.000112398775,0.875545442,0.0010357907580830679,0.6994217842952395,1.9064625949677123e-10
588,24,0.018494817400000002,0.0306427013,0.000112398775,0.932630479,0.0009372284532870677,0.7091476674031069,2.095202650529426e-10
589,25,0.018822358,0.0312600257,0.000281161396,0.939676583,0.0007712395097959411,0.7168504417952163,1.7645359186331944e-10
589,23,0.0181238167,0.029951044349999997,0.000281161396,0.87325722,0.0010411239363790656,0.6990795937976403,1.900908049577288e-10
589,24,0.018488859750000003,0.0306138238,0.000281161396,0.932527423,0.0009418744997016331,0.7088500518489989,2.104874261906637e-10
590,25,0.01886149585,0.0313066384,9.34442869e-05,0.941318691,0.0007516604403026688,0.7174930172950428,1.729003055775107e-10
590,23,0.01818268185,0.03001939695,9.34442869e-05,0.882206202,0.001040034201480157,0.7003683226917272,1.959445646338664e-10
590,24,0.01853954695,0.030676108799999997,9.34442869e-05,0.937763095,0.0009001904106837477,0.7097005731540416,2.0466807256774245e-10
591,25,0.0189030189,0.03138023425,0.000281161541,0.941150963,0.0007535774350178814,0.7184728309879884,1.7324652549592678e-10
591,23,0.018239032500000002,0.0301076546,0.000281161541,0.889588356,0.0009481435267013166,0.7013915645805096,1.8327305636039369e-10
591,24,0.018579818300000002,0.030742769099999998,0.000281161541,0.942047775,0.0008943838250447816,0.7106619332210617,2.0622135611112183e-10
592,25,0.01888675895,0.03130889965,0.000112398317,0.946234107,0.0007512022156967686,0.717737688925263,1.75586639031974e-10
592,23,0.0182129135,0.03001837805,0.000112398317,0.884382963,0.0010411983831112525,0.700632074303867,1.9765693606148217e-10
592,24,0.0185670545,0.0306769358,0.000112398317,0.942218125,0.0009004057517304841,0.7099575281014665,2.0772458440523308e-10
593,25,0.01889559625,0.0313157113,0.000296067388,0.94718945,0.000750305723109457,0.7178672224016699,1.7592272250244233e-10
593,23,0.018221508749999997,0.0300212605,0.000296067388,0.88521111,0.0010409002159268016,0.7007376079559186,1.981704884138512e-10
593,24,0.0185757084,0.030681839199999998,0.000296067388,0.943690836,0.0009039598252726346,0.7100979451137063,2.095494766123777e-10
594,25,0.0189534975,0.0314034028,0.000112398528,0.949328721,0.0007503623297847919,0.7190801604166244,1.7716134202782165e-10
594,23,0.01829816955,0.03012532365,0.000112398528,0.895129442,0.0009466148614709742,0.7020851603448697,1.865069420069547e-10
594,24,0.01863421125,0.0307635227,0.000112398528,0.949464738,0.0008917481161645403,0.7113142955322059,2.1063553188254848e-10
595,25,0.01899731065,0.03147636355,0.000281161512,0.950564742,0.0007381688950876332,0.7199765830124185,1.7498153299747493e-10
595,23,0.01834469755,0.03019238355,0.000281161512,0.903559983,0.000950388795974464,0.7032245972081195,1.927312643190977e-10
595,24,0.018680548300000002,0.0308368774,0.000281161512,0.953945696,0.0008808789549801443,0.7123388872820758,2.111049344987895e-10
596,25,0.01899528315,0.031441040350000005,9.34446798e-05,0.954055548,0.0007423789602447901,0.7196594441766182,1.779761551495379e-10
596,23,0.0183646055,0.03019382525,9.34446798e-05,0.905711412,0.000950579319528938,0.703376858469763,1.9418610086672776e-10
596,24,0.0186892543,0.0308200447,9.34446798e-05,0.955205917,0.0008320913171040463,0.7119820372283551,2.0022479183545491e-10
597,23,0.01833242645,0.0301232543,0.000286628754,0.895607948,0.0008936413938029058,0.70203655207799,1.7635936036797049e-10
597,25,0.0189731652,0.0313869277,0.000286628754,0.955317914,0.000752183164810919,0.7190663421839182,1.8106183629641575e-10
597,24,0.01865613555,0.030745542600000002,0.000286628754,0.953850091,0.0008947717723670041,0.7112886421820639,2.143681724596986e-10
598,23,0.01836976595,0.03015624175,0.00011532614,0.90087235,0.000888969241511499,0.7026503325990909,1.786313662364938e-10
598,25,0.01898724215,0.03138372955,0.00011532614,0.958579421,0.0007524491020028094,0.7191158812499266,1.8303662608641202e-10
598,24,0.01868149175,0.030760640300000003,0.00011532614,0.956486762,0.0008406795639219119,0.7113390534510786,2.0312818901173773e-10
599,23,0.018358688800000002,0.03011374735,0.000305058347,0.89773339,0.0009190048942903268,0.7022024198624717,1.8269281957871773e-10
599,25,0.0189799303,0.0313493013,0.000305058347,0.960785329,0.0007566744016822688,0.7187592021180025,1.853703939752869e-10
599,24,0.018674508649999998,0.030725876800000003,0.000305058347,0.957238734,0.0008457306558298008,0.710940895973588,2.048426103284209e-10
600,23,0.01837072705,0.030110267,0.000115326227,0.898923755,0.0009198059665875745,0.7022259294398597,1.835986093290476e-10
600,25,0.01898990755,0.03134711085,0.000115326227,0.963087618,0.0007568525054883593,0.7187846331445968,1.8678415005128355e-10
600,24,0.01868545075,0.0307230847,0.000115326227,0.959103763,0.0008462075388592588,0.7109667747738145,2.0618884027399876e-10
601,23,0.018391770350000003,0.030123226349999997,0.000286628609,0.90227282,0.0009180522350596932,0.7024884206316562,1.853576840836861e-10
601,25,0.0190075468,0.03136040735,0.000286628609,0.965314209,0.0007519277849701075,0.7189716376561145,1.868921317440149e-10
601,24,0.018704941500000002,0.03073698095,0.000286628609,0.961654842,0.0008442534021747131,0.7112067366748214,2.0740112111620636e-10
602,22,0.018236169599999998,0.029798245049999998,0.000107207132,0.868429482,0.0010415193483530592,0.6979097941430948,1.8694243081121388e-10
602,24,0.0188770993,0.0310570188,0.000107207132,0.974231541,0.0007567980185059817,0.7151687050364012,1.9350096595365153e-10
602,23,0.018572585699999998,0.03043941035,0.000107207132,0.942453086,0.0009150430260967175,0.7073560546604621,2.112604305509799e-10
603,23,0.0184645783,0.0302148489,0.000286628871,0.915691614,0.0008696165499069408,0.7037868696171533,1.837388437910748e-10
603,25,0.0190672213,0.0314443903,0.000286628871,0.968206823,0.0007408933129122029,0.7200274051347986,1.8585212964030843e-10
603,24,0.0187675571,0.030819511,0.000286628871,0.970199525,0.0008325101068177626,0.7123799677311087,2.101597408275451e-10
604,23,0.0184413493,0.030132589850000002,0.000115326133,0.908751607,0.00091739476567291,0.7028316253256824,1.8934817497079906e-10
604,25,0.019049600700000002,0.0313742766,0.000115326133,0.97252357,0.0007496194698841021,0.719261036427216,1.9063358295883794e-10
604,24,0.018750442200000002,0.0307488581,0.000115326133,0.969852924,0.0008426642111120521,0.7115263553603758,2.1248952775329728e-10
605,23,0.01846321955,0.030152468,0.000305058376,0.91116792,0.0008795490562669168,0.7029972808138142,1.8302741107315373e-10
605,25,0.019064511149999998,0.0313866511,0.000305058376,0.974077821,0.000754495020607868,0.719460920978985,1.9281964658470257e-10
605,24,0.01876500995,0.03075793945,0.000305058376,0.972197533,0.0008413963615698803,0.7116773495753032,2.1375333853800014e-10
606,23,0.01851496565,0.03021821475,0.000112398789,0.922018468,0.0008698118927126681,0.7040235465482938,1.8771705990316963e-10
606,25,0.01910982,0.0314524453,0.000112398789,0.975594401,0.000739298890613679,0.7202260815171269,1.8984257766170183e-10
606,24,0.018813756299999998,0.030825418450000003,0.000112398789,0.978783965,0.0008317106314894866,0.712601356167562,2.1572904148478336e-10
607,22,0.018255117350000002,0.0297011426,0.000281161396,0.859765828,0.0010608058833240285,0.6966512657569018,1.846186087959192e-10
607,23,0.01858789195,0.03034469955,0.000281161396,0.941148937,0.0009308387731388727,0.70625031512881,2.1399357672419577e-10
607,24,0.01889923685,0.0309866043,0.000281161396,0.985591769,0.0008220232162875533,0.7147272304289655,2.1781292133534057e-10
608,22,0.01829107945,0.02972973415,9.34445852e-05,0.865071833,0.0010561021104742111,0.6971649047399671,1.8731281027779191e-10
608,23,0.018621088,0.03037497025,9.34445852e-05,0.946903169,0.0009261565449227129,0.7067135458312859,2.1694838871738196e-10
608,24,0.0189301735,0.031018156550000002,9.34445852e-05,0.988875747,0.0008174919365929391,0.7151418586692895,2.188404879657954e-10
609,22,0.01828218995,0.0297001135,0.000281161483,0.860319793,0.0010345943851425782,0.696581133068559,1.804130470878516e-10
609,23,0.0186081659,0.030336909000000002,0.000281161483,0.943528712,0.0009323783769763084,0.7061931719273147,2.1601868277835175e-10
609,24,0.0189174963,0.03098004125,0.000281161483,0.989750922,0.0008228583124632758,0.7146761508015106,2.2087705387868578e-10
610,22,0.018405973,0.0298897158,0.00011239887,0.888109803,0.0010420253166517567,0.6998017563541494,2.0038661549269595e-10
610,24,0.0190334739,0.03118718135,0.00011239887,0.993184865,0.0007640877230301536,0.7170757533961487,2.0729921943149418e-10
610,23,0.0187331559,0.030548436550000002,0.00011239887,0.968017578,0.0009118587725056629,0.7092002937065891,2.285995072424919e-10
611,22,0.0184128284,0.02988933025,0.000296067039,0.888749063,0.001042220553335405,0.6998135900792238,2.0086811844115774e-10
611,24,0.019039114,0.031187486799999997,0.000296067039,0.994386733,0.0007639955341307516,0.717085344714981,2.080467540098114e-10
611,23,0.01873934545,0.03054843375,0.000296067039,0.968945801,0.0009118607983023859,0.7092114338355427,2.2927489503143448e-10
612,22,0.01842824185,0.02988188155,0.000112398739,0.889583886,0.0010439056435934116,0.6997305159496378,2.0177547757370398e-10
612,24,0.01905262005,0.03118420115,0.000112398739,0.997778475,0.0007700894654198823,0.7170736956648749,2.119158639396976e-10
612,23,0.01875314585,0.03054195925,0.000112398739,0.971023202,0.0009129873485607995,0.7091383478039536,2.3107671316235454e-10
613,22,0.01844663545,0.0298973592,0.000281161512,0.892809927,0.0010412876252954225,0.6999897418256282,2.0352422573869324e-10
613,24,0.01906853545,0.031201034750000002,0.000281161512,0.998549521,0.0007676663317126587,0.7172790552626986,2.1175178177571543e-10
613,23,0.01877012945,0.03055824895,0.000281161512,0.974161029,0.0009103700928024768,0.709369558406633,2.3271346332201423e-10
614,22,0.0184795689,0.029922802,9.34443815e-05,0.898378491,0.001037038606153211,0.7004119240162726,2.0660833183599644e-10
614,24,0.01909697615,0.031229021,9.34443815e-05,1.00034106,0.0007636197105189184,0.7176130106039114,2.1179920661434655e-10
614,23,0.0188005157,0.03058519495,9.34443815e-05,0.97975564,0.0009061658198216389,0.7097466777593666,2.357556922068477e-10
615,22,0.018502029599999997,0.02995672265,0.000286628579,0.902656674,0.0010077964859070477,0.7008124808430466,2.0373973103996393e-10
615,24,0.0190985566,0.03122322075,0.000286628579,1.00165701,0.0007643306691499003,0.7175378167577546,2.1285583817117564e-10
615,23,0.0188103635,0.03059566115,0.000286628579,0.980026841,0.0008593163141981007,0.7096643767042491,2.2375739577960913e-10
616,22,0.0185345747,0.0299820779,0.000115326227,0.908370554,0.0010036305662204175,0.7012145341907913,2.0687508777956998e-10
616,24,0.019128476300000002,0.031254651,0.000115326227,1.00351632,0.0007598521339096044,0.7178982013766678,2.12818458454007e-10
616,23,0.018841310450000003,0.0306242574,0.000115326227,0.985922635,0.0008599981683476698,0.7100720954118387,2.281056331153546e-10
617,24,0.019203714099999998,0.03140193225,0.000305058464,0.998221993,0.000799250065060074,0.7198851838390583,2.2023783976404435e-10
617,22,0.018600860599999998,0.03009436655,0.000305058464,0.92798537,0.0010064161854156644,0.7029865736362766,2.2154738713220654e-10
617,23,0.01890749855,0.03074589465,0.000305058464,0.997091949,0.0008415663576094312,0.7116537844470262,2.3109131535586462e-10
618,22,0.018642194549999998,0.030151668899999998,0.00011532614,0.934682488,0.0009459033298465659,0.7035793203737933,2.1288598455231587e-10
618,24,0.01922485325,0.03142554875,0.00011532614,0.99740541,0.000795691184548717,0.7201396956827237,2.1870546368113964e-10
618,23,0.01893418095,0.03077813145,0.00011532614,1.00114071,0.0008124271577618061,0.7119456814118575,2.258894120100437e-10
619,22,0.018623413499999998,0.03008401115,0.000286628725,0.929447532,0.0010085371927272034,0.7028565241393155,2.2309249263473634e-10
619,24,0.019221856250000002,0.031394138,0.000286628725,1.00262535,0.0007998189749092176,0.7197702954479112,2.2340031471448616e-10
619,23,0.01892769985,0.030736913900000003,0.000286628725,1.00108206,0.0008428248564441639,0.7115348186076614,2.342989916697476e-10
620,22,0.01859972255,0.0299956845,0.000107207619,0.918009639,0.0010244621561323495,0.701576760681935,2.1814189889274549e-10
620,24,0.01919351985,0.031297329799999996,0.000107207619,1.0120393,0.0007644052669180073,0.7184063788137767,2.197395097070055e-10
620,23,0.01890662595,0.030654191,0.000107207619,0.998119235,0.0008703170290925092,0.7105367554706594,2.3974507820464116e-10
621,22,0.018629304149999998,0.0300436653,0.000286628667,0.926055431,0.0010159240395804276,0.7022853545354398,2.222116838847241e-10
621,24,0.019229522899999997,0.0313669527,0.000286628667,1.0087446,0.000803166123401238,0.7194346257741064,2.2857573376174423e-10
621,23,0.0189345386,0.0307030892,0.000286628667,1.0032146,0.000862686384916154,0.7111663585468785,2.413959788835212e-10
622,22,0.01867866145,0.03010593725,0.000115326126,0.93392247,0.0009321191821496215,0.7028511337477285,2.0925875857719487e-10
622,24,0.01926257185,0.03140729015,0.000115326126,1.00824499,0.0007970169129490776,0.7198728360083638,2.2647989056710878e-10
622,23,0.018969440849999998,0.03074251485,0.000115326126,1.00947654,0.000856662965656568,0.711668960056055,2.443451774685764e-10
623,22,0.0186076965,0.02993179765,0.000305058493,0.911170065,0.0010136618775514069,0.700546927134092,2.109292538733177e-10
623,24,0.01920477115,0.0312547246,0.000305058493,1.02128434,0.0007696902117593988,0.7178767744120828,2.2753673473426464e-10
623,23,0.0189145496,0.03059714285,0.000305058493,0.999593735,0.0009141292229683817,0.7099551329664183,2.5295847551977745e-10
624,22,0.018733038549999997,0.0301599698,0.000112399022,0.945834219,0.0009233089612766368,0.7036385464202316,2.155243894429695e-10
624,24,0.01930933445,0.0314617194,0.000112399022,1.00745511,0.0007888795986936069,0.7204467645803905,2.2362592260152436e-10
624,23,0.019019450049999997,0.0307971332,0.000112399022,1.01835859,0.0008444194953644024,0.7123284349705966,2.474332362350191e-10
625,22,0.018689019600000002,0.03004310935,0.000281161425,0.928405046,0.0009384580479899646,0.701930918131926,2.0687307286327662e-10
625,24,0.0192640601,0.0313393809,0.000281161425,1.02124524,0.0007900192235537524,0.718972463723447,2.335182955600885e-10
625,23,0.018976618549999998,0.0306796469,0.000281161425,1.01211929,0.0008661115134539798,0.7108431848473757,2.4903426520677984e-10
626,22,0.018656767,0.02993240675,9.34445925e-05,0.914763629,0.0009823030594067934,0.7004218979069713,2.0689471293548011e-10
626,24,0.0192404706,0.031249692699999998,9.34445925e-05,1.03048348,0.0007695713339877329,0.7177544891932405,2.3386711795902224e-10
626,23,0.018954125250000002,0.03059000525,9.34445925e-05,1.00821877,0.0009151005798874506,0.7098368256483215,2.6001188351405956e-10
627,22,0.0186737524,0.0299556302,0.000281161309,0.91729033,0.0009414252043898207,0.7005878063404467,1.9997587923339136e-10
627,24,0.019239110900000002,0.03123564835,0.000281161309,1.03233397,0.000771431198223879,0.7175809212823626,2.357309535283229e-10
627,23,0.018958936449999998,0.030588636199999998,0.000281161309,1.00746024,0.0008803067928383582,0.7096444210068148,2.4954763720669396e-10
628,22,0.018792953350000002,0.030165186150000002,0.000112398739,0.952501416,0.0008886595226575037,0.7035469319446236,2.1196870467527147e-10
628,24,0.01935115365,0.03145390655,0.000112398739,1.0181998,0.0007731682335892975,0.720187089322981,2.2644537220583327e-10
628,23,0.0190687403,0.0307936091,0.000112398739,1.02789772,0.0008444837229176704,0.7122338080036461,2.546544842128094e-10
629,22,0.01879611515,0.03015759775,0.00029606701,0.952340961,0.000889881514985434,0.7034333968701738,2.1215000308442352e-10
629,24,0.01935333575,0.031446876,0.00029606701,1.0200547,0.0007740127697523206,0.7200926289099177,2.2796598562863252e-10
629,23,0.01907141785,0.0307862833,0.00029606701,1.02862132,0.0008455540560516953,0.7121309578460346,2.555298973894149e-10
630,22,0.018808844499999998,0.030146501,0.000112398455,0.953169167,0.0008916905228824102,0.7032668278424531,2.1314991303830927e-10
630,24,0.019360430499999998,0.0314308945,0.000112398455,1.02542913,0.0007608889770824429,0.7198038138021621,2.2775366822439822e-10
630,23,0.0190826822,0.0307759661,0.000112398455,1.03122294,0.0008469818949668356,0.7119780545638766,2.5795806007556496e-10
631,22,0.0188238919,0.0301583894,0.000281161338,0.956042588,0.0008898118440542288,0.7034330312136842,2.146801650941509e-10
631,24,0.01937325205,0.031443022200000004,0.000281161338,1.02577603,0.0007573908815015889,0.7199123301100371,2.2694240284709325e-10
631,23,0.0190966269,0.03078842725,0.000281161338,1.0339179,0.0008449742022659647,0.7121230498492052,2.594217338213587e-10
632,24,0.01948823685,0.031679673150000004,9.34443815e-05,0.9974944,0.0007347055333849341,0.7225019391638818,2.0199427950661443e-10
632,22,0.01892481185,0.03034750465,9.34443815e-05,0.991209388,0.0009257134870180686,0.7063714386997219,2.4960533403716206e-10
632,23,0.01920726055,0.03101231065,9.34443815e-05,1.04947305,0.0008338680684145779,0.7149465602299953,2.6805249685189446e-10
633,24,0.0194825744,0.0316561833,0.000281161396,1.00257742,0.0007375709753524513,0.7222391098070559,2.0597898135033482e-10
633,22,0.01891988515,0.03032345325,0.000281161396,0.989158928,0.0009296953690025049,0.7060432873907936,2.490861008074978e-10
633,23,0.019202088,0.03098841665,0.000281161396,1.05057025,0.0008374453187546642,0.7146547003118071,2.7006922269989267e-10
634,22,0.0187951401,0.0299847899,0.00011239887,0.934296429,0.000936868856769353,0.7010123920525322,2.105809425690191e-10
634,24,0.019347899600000003,0.0312923435,0.00011239887,1.04796767,0.0007788829266649172,0.7181320553334586,2.492738688433494e-10
634,23,0.0190715464,0.030628421349999997,0.00011239887,1.03306544,0.0008863492021267864,0.7101246351010365,2.7143505275279185e-10
635,22,0.018874313650000002,0.030151032799999998,0.000305058347,0.963164926,0.0009030469546374773,0.703366961357024,2.2290759308090055e-10
635,24,0.019409750599999998,0.031429109149999995,0.000305058347,1.036695,0.0007579549968580286,0.7196471608981018,2.346344353636566e-10
635,23,0.01914068775,0.03078001455,0.000305058347,1.04349279,0.000825652318475712,0.7118550406720058,2.607843036990326e-10
636,24,0.0194800589,0.03157295005,0.000115326227,1.02276015,0.0007363217548753924,0.7211800534474203,2.1863918842029918e-10
636,22,0.018940536299999998,0.03027522845,0.000115326227,0.989689589,0.0009377765909802699,0.7053483669666979,2.516669124861524e-10
636,23,0.0192122506,0.030924939550000002,0.000115326227,1.05523467,0.0008037514734973676,0.7136107931308576,2.6276215155320023e-10
637,24,0.0194813004,0.0315508768,0.000286628841,1.02796423,0.0007388669650307846,0.7209136003718178,2.2284936060221766e-10
637,22,0.0189438704,0.030251939800000002,0.000286628841,0.988026917,0.0009417110587476063,0.7050248197274845,2.5141886200848224e-10
637,23,0.01921458635,0.03090219575,0.000286628841,1.05677462,0.000806931117483518,0.7133190152409944,2.6498881623632485e-10
638,22,0.01893728415,0.0301936781,0.000107207568,0.97828269,0.0009002668233291947,0.7039676336563375,2.331311951427038e-10
638,24,0.0194645673,0.0314764138,0.000107207568,1.04073179,0.0007482023429161779,0.7200630840779648,2.34401235249278e-10
638,23,0.0191994412,0.030826603049999998,0.000107207568,1.05652094,0.0008179354601193792,0.7123736881050108,2.6840208346567323e-10
639,24,0.01948611065,0.0315169785,0.000286628871,1.03662002,0.0007427111106159875,0.7204915609631648,2.298631572377533e-10
639,22,0.01895257925,0.0302158352,0.000286628871,0.986052394,0.000947864379879347,0.704516041740455,2.5150642508819755e-10
639,23,0.01922138315,0.03086711655,0.000286628871,1.05989492,0.000811831357010019,0.7128589643171012,2.690260097718265e-10
640,24,0.019517510199999998,0.0315576522,0.000115326104,1.03527105,0.000728380767408267,0.7208444292774895,2.245255187653393e-10
640,22,0.018989999799999997,0.030260900049999997,0.000115326104,0.996919811,0.0009399737048878952,0.7051183558574479,2.5796898630715037e-10
640,23,0.0192560712,0.03091221025,0.000115326104,1.06604207,0.0008021094052447684,0.7133601803547063,2.7057653093614497e-10
641,24,0.0195290111,0.0315684462,0.000305058114,1.03551567,0.0007266612827915099,0.7209375229988717,2.2415857467336717e-10
641,22,0.0190031426,0.0302709965,0.000305058114,1.00022137,0.0009382216407071099,0.7052488962490998,2.6012184931895015e-10
641,23,0.01926823055,0.0309227826,0.000305058114,1.06848991,0.0008002830444736693,0.7134714239174174,2.718730034611174e-10
642,21,0.01887683385,0.02993307725,0.000115326307,0.939620376,0.000966073705305106,0.7002974948034155,2.209742644924168e-10
642,23,0.0194039056,0.0312305149,0.000115326307,1.07119846,0.0007482116015673295,0.7170148255871404,2.561717905307533e-10
642,22,0.0191446757,0.03058301285,0.000115326307,1.04723668,0.0008789550457679575,0.7093277820626769,2.806950586818084e-10
643,21,0.0188689567,0.029880837549999997,0.00028662855,0.928294003,0.0009487048763349214,0.699401010148349,2.0905104401071256e-10
643,23,0.019390942549999998,0.031170401700000003,0.00028662855,1.07758009,0.0007563452254902088,0.7163008924389543,2.637338874481467e-10
643,22,0.0191326458,0.03052227665,0.00028662855,1.04346108,0.0008887909708503526,0.7085312346378079,2.8069828967238763e-10
644,21,0.0188813461,0.0298721157,0.000112398651,0.928518236,0.0009501620118553587,0.6992676586072093,2.0952851645157694e-10
644,23,0.01940057615,0.03116303405,0.000112398651,1.08057523,0.0007570333279992303,0.7161840419336502,2.662393989059308e-10
644,22,0.0191435898,0.0305142552,0.000112398651,1.04547751,0.0008899233835310399,0.7084083269572515,2.8273180169436406e-10
645,21,0.0188865503,0.02986027855,0.000281161338,0.927295566,0.0009521475910056034,0.6990924944497847,2.091158364681477e-10
645,23,0.019404175699999998,0.03115198945,0.000281161338,1.08250284,0.0007583850605325984,0.7160395628826582,2.681808471746623e-10
645,22,0.0191479856,0.03050279895,0.000281161338,1.04610574,0.0008917108584915972,0.7082506802055135,2.8382290994024504e-10
646,21,0.0188691616,0.02977261135,9.34446216e-05,0.913305044,0.001001212599426693,0.6979522975342755,2.0984048952164893e-10
646,23,0.019414844,0.0311406143,9.34446216e-05,1.08608878,0.0007795493082306948,0.7159721585897932,2.7848537918065013e-10
646,22,0.0191455949,0.03045438045,9.34446216e-05,1.04755986,0.0009753278464333925,0.7079673987221824,3.117676493661674e-10
647,24,0.01964238565,0.03170232475,0.000281161454,1.02811384,0.0007162334861166846,0.7222145788822247,2.1611713354597422e-10
647,23,0.0193905141,0.03106636275,0.000281161454,1.08768404,0.0007406395812685504,0.7148604999633625,2.6578286607418236e-10
647,22,0.01913653035,0.0304174386,0.000281161454,1.04005289,0.0009355623545009587,0.7072558262966602,2.925092565794341e-10
648,21,0.01889229285,0.029754908750000003,0.00011239868,0.913683116,0.0010042519119934522,0.6976815116892067,2.1074501396601777e-10
648,23,0.01942986905,0.03111894615,0.00011239868,1.09177756,0.0007662435745506278,0.7155869066591611,2.7816784592202886e-10
648,22,0.0191658605,0.0304380162,0.00011239868,1.05130136,0.000977916084076985,0.7077207151796987,3.160428171744566e-10
649,21,0.0189080676,0.029776372949999998,0.00029606701,0.919258773,0.0010004250699868573,0.6979951843856828,2.1391032126030646e-10
649,23,0.01942711325,0.0310981069,0.00029606701,1.09315813,0.0007691781227002983,0.715329710444122,2.803217488823648e-10
649,22,0.019172212100000002,0.0304383859,0.00029606701,1.04923475,0.0009194592230583785,0.70743379469583,2.953570810244689e-10
650,24,0.0196523154,0.0316390339,0.000112398826,1.04801345,0.0007082159090484854,0.7213499981685112,2.2668435578649408e-10
650,23,0.01940717735,0.031007446350000002,0.000112398826,1.09802985,0.0007479120998503818,0.7140813899401276,2.7632594074254543e-10
650,22,0.0191572234,0.0303565264,0.000112398826,1.04008806,0.0009456048465064038,0.7064053691481292,2.956780894761972e-10
651,24,0.019675328399999997,0.03167844005,0.000281161658,1.04353476,0.0006997481577932184,0.7217220401453738,2.2104152117588945e-10
651,23,0.01943098845,0.031048422649999997,0.000281161658,1.10032427,0.000741968302306481,0.7145409469881203,2.7589707592273067e-10
651,22,0.0191754093,0.030379931399999997,0.000281161658,1.0490849,0.0009881249444817673,0.7069265739608368,3.172737363212772e-10
652,24,0.019633040749999997,0.03153609575,9.34448399e-05,1.069049,0.0007192935936024065,0.72018156338768,2.4475106416104974e-10
652,22,0.01912882275,0.030213734149999998,9.34448399e-05,1.01807582,0.000937752019340608,0.7043155874558497,2.7453972257147085e-10
652,23,0.01938184165,0.03087844885,9.34448399e-05,1.10127687,0.000827053978472369,0.7128014018702384,3.0835522073012654e-10
653,24,0.019625638600000002,0.031507249,0.000286628579,1.07362533,0.0007229157662636683,0.719858444343606,2.4923889363330257e-10
653,22,0.01912236775,0.03018432855,0.000286628579,1.01407897,0.0009427095290938481,0.7039102017786045,2.7267005237832533e-10
653,23,0.019375105400000002,0.0308491532,0.000286628579,1.10154033,0.0008315358316008748,0.7124415289438114,3.1025464791301186e-10
654,24,0.01963234135,0.0314870914,0.000115326395,1.08043957,0.0007250031763261203,0.7195948917929217,2.5487383621883506e-10
654,22,0.0191324791,0.03016250955,0.000115326395,1.01422012,0.0009462947434748615,0.703598398275443,2.738246360357446e-10
654,23,0.01938351245,0.0308281211,0.000115326395,1.10569882,0.0008344536907683177,0.7121580021584808,3.14975356647054e-10
655,24,0.019669883899999997,0.031566184,0.000305058347,1.07073987,0.000714390544814833,0.7204185627116174,2.4426764893309443e-10
655,22,0.0191668365,0.0302295992,0.000305058347,1.02942562,0.0009676194338368718,0.7046615317467237,2.931162503600552e-10
655,23,0.0194209777,0.030907627200000003,0.000305058347,1.11074042,0.0008218682251285667,0.7130912333866957,3.145980411689909e-10
656,24,0.0196659202,0.031526565549999996,0.000115326198,1.07942116,0.0007190344611144614,0.7199521677418896,2.52042539767466e-10
656,22,0.01917031035,0.03020013495,0.000115326198,1.02548134,0.0009396178854824079,0.7040879847351708,2.8129105220516967e-10
656,23,0.01941861585,0.030867056,0.000115326198,1.11317372,0.000827886702939811,0.7125782339278605,3.190437206236891e-10
657,24,0.019734066,0.0316765774,0.000286628667,1.05831933,0.0006972618999435212,0.7214930620052875,2.3000099550195335e-10
657,23,0.019490199149999998,0.03102983255,0.000286628667,1.12146735,0.0007765963807714991,0.7143433798712192,3.0619263357267034e-10
657,22,0.01923690735,0.030343700199999997,0.000286628667,1.06036699,0.0009936319029693538,0.7063802066798635,3.2971822506014056e-10
658,21,0.0190155916,0.0297110677,0.000107207154,0.923695385,0.0010116003409661462,0.6970220265995024,2.1952705572926342e-10
658,23,0.019526238600000002,0.03108775805,0.000107207154,1.12512052,0.0007674587430012299,0.7149658803462763,3.056343192593177e-10
658,22,0.01927484855,0.03040084245,0.000107207154,1.07313418,0.0009827932021146514,0.7070977745689762,3.3835895857955137e-10
659,24,0.0197298713,0.031618049349999997,0.000286628638,1.0720377,0.0007070827864847808,0.7208284796632302,2.4267173187068473e-10
659,23,0.0194848729,0.030959631300000002,0.000286628638,1.12682462,0.0008074852098356811,0.7135801601525184,3.230757602829111e-10
659,22,0.0192304896,0.0302638598,0.000286628638,1.0511744,0.001008302830960511,0.7053026134310648,3.257397900660617e-10
660,24,0.0197403068,0.03160857225,0.000115326249,1.07706654,0.0007076988945742312,0.720679218580412,2.4640607929310545e-10
660,22,0.01925569585,0.030283063649999997,0.000115326249,1.0532397,0.000920634973600871,0.705138240194611,2.99219216485325e-10
660,23,0.019496842299999997,0.0309493672,0.000115326249,1.13127553,0.0008086810773445996,0.7134261992660537,3.2750273223575646e-10
661,24,0.019709853450000002,0.0315096714,0.000305058347,1.09551466,0.0007191518495538604,0.7196077582147222,2.638303489402659e-10
661,22,0.01922183015,0.030166303749999998,0.000305058347,1.03507864,0.0009770879603947227,0.7037378970379582,3.0101503879791114e-10
661,23,0.01946799175,0.030847608149999997,0.000305058347,1.12947798,0.0008295007351623258,0.7122382292899864,3.3429510072970396e-10
662,24,0.01976125595,0.03160720315,0.000112398899,1.08264029,0.0007068775227788057,0.7205877077471935,2.5006052500467794e-10
662,22,0.0192816565,0.030279397950000002,0.000112398899,1.05928707,0.0009209676417528802,0.7050644872783459,3.046476768968697e-10
662,23,0.019519986599999997,0.030947002549999998,0.000112398899,1.13868153,0.0008083032024482321,0.7133456570479781,3.339894344366638e-10
663,24,0.01973958495,0.03153051155,0.000281161367,1.09737694,0.0007168013350058395,0.719764600830624,2.643452986677328e-10
663,22,0.019264722249999998,0.03020664955,0.000281161367,1.04605663,0.0009177892485880858,0.7040170250996072,2.920770921329244e-10
663,23,0.0195002388,0.0308689475,0.000281161367,1.13782465,0.000820494964617411,0.7124219152924719,3.382429447139705e-10
664,24,0.019751505000000003,0.03152315785,9.34448981e-05,1.09828317,0.0007677066437805782,0.7198855462816779,2.8383748227620487e-10
664,22,0.0192660075,0.030160124400000002,9.34448981e-05,1.04000819,0.0009256484082602831,0.7033763134768443,2.893662557876522e-10
664,23,0.01950254015,0.03083044105,9.34448981e-05,1.14150631,0.0008443428991796109,0.7120233513737488,3.515506824720759e-10
665,24,0.01976117955,0.0315375207,0.000281161483,1.0968945,0.00076538319689535,0.7200230222110131,2.818786353033282e-10
665,22,0.0192710087,0.030158792599999998,0.000281161483,1.04558754,0.0009777663496035147,0.7036065257064569,3.107336540683253e-10
665,23,0.019513038,0.0308463415,0.000281161483,1.14362335,0.0008377458696897648,0.712185281109329,3.507986432460515e-10
666,24,0.0197507637,0.0314638382,0.000112398411,1.11779976,0.0007301223093486036,0.7189843270378449,2.849790150910271e-10
666,22,0.01926572245,0.03008209355,0.000112398411,1.03220105,0.0009915939956785186,0.702563014457126,3.0287495588414126e-10
666,23,0.01950942725,0.0307809273,0.000112398411,1.14663184,0.0008739755112883673,0.7115099906789758,3.6894015017528434e-10
667,24,0.0197564317,0.0314658461,0.000296067155,1.11870611,0.0007295878799673702,0.7189909879571178,2.854814263752787e-10
667,22,0.019272627299999998,0.030083580899999997,0.000296067155,1.03383064,0.0009912477512068123,0.7025814657274667,3.0424249533581116e-10
667,23,0.019515627049999998,0.03078272285,0.000296067155,1.14850509,0.0008735026438084001,0.711522795514304,3.705974168045972e-10
668,24,0.0198447974,0.031669551500000004,0.000112398382,1.07853734,0.0007450121381512991,0.7212768319542027,2.6048816586512586e-10
668,22,0.0193758411,0.0303310957,0.000112398382,1.0870595,0.0009032048471187696,0.7056534229300173,3.2354218390354456e-10
668,23,0.0196026079,0.030992021800000002,0.000112398382,1.16120863,0.0007816228514460337,0.7136524623821475,3.43035892131758e-10
669,24,0.019847229100000002,0.03165735305,0.000281161425,1.08473659,0.0007333382076374741,0.7210684786919282,2.6096850855039773e-10
669,22,0.019377388949999998,0.0303093083,0.000281161425,1.08572352,0.0009067637119873268,0.7053683029298037,3.23588800216093e-10
669,23,0.01960577255,0.03097798115,0.000281161425,1.16345799,0.0008010312472259613,0.7135647195962973,3.53652590744621e-10
670,24,0.0198110435,0.0315195881,9.34443524e-05,1.11445272,0.0007650534889188491,0.7196719322718138,2.958696097195258e-10
670,22,0.0193408448,0.0301500056,9.34443524e-05,1.05630219,0.0009261641356906896,0.7032208305654603,3.0371595132149383e-10
670,23,0.0195689993,0.03082392555,9.34443524e-05,1.16275394,0.0008432260792424681,0.7118461953749671,3.715890820487482e-10
671,22,0.019350026700000002,0.0301626781,0.000286628696,1.05492437,0.000860187988964184,0.703085568063123,2.8094928892044093e-10
671,24,0.0198034672,0.031489674950000004,0.000286628696,1.12431049,0.0007242774801228533,0.7191340165267699,2.8779557837425073e-10
671,23,0.019569766699999998,0.0308139799,0.000286628696,1.16358173,0.000844732923354565,0.7117258248491556,3.730689538816855e-10
672,22,0.01935333015,0.03011868335,0.000115325973,1.04846334,0.0008670135919819328,0.7024996204305577,2.7787365499073164e-10
672,24,0.019802832,0.03144759405,0.000115325973,1.13551164,0.0007295168569608797,0.7186650848342355,2.988570210825137e-10
672,23,0.01957131735,0.030770680850000003,0.000115325973,1.16599548,0.0008514678075853559,0.7112058228644373,3.784480171595634e-10
673,22,0.01936168595,0.03011719415,0.000305058347,1.05022788,0.0008671400058953024,0.7024818848657856,2.7935686431674044e-10
673,24,0.019809469599999997,0.03144683505,0.000305058347,1.13741577,0.000729269852703624,0.7186414473168915,3.0030110353552506e-10
673,23,0.01957874465,0.03076958935,0.000305058347,1.16838253,0.0008513951742197042,0.7111859260472072,3.808060107201977e-10
674,22,0.0193919465,0.030164835049999998,0.000115326191,1.06536913,0.0008593241721563908,0.7031231997744418,2.893063168805014e-10
674,24,0.0198453087,0.03151540925,0.000115326191,1.12431753,0.0007636665412440258,0.7195428406285926,3.034511244394224e-10
674,23,0.019607375349999998,0.030817997649999998,0.000115326191,1.17517197,0.0008428977479444339,0.7117379053241409,3.8378690215437135e-10
675,22,0.019393546499999997,0.03013071605,0.000286628812,1.06012344,0.0008645990861199629,0.7026724105152569,2.866939190080284e-10
675,24,0.01983628425,0.03146239185,0.000286628812,1.14008236,0.0007258852901562988,0.7187552274287987,3.0106830844711227e-10
675,23,0.0196076939,0.03078437505,0.000286628812,1.17684162,0.0008481073811501112,0.7113382423089587,3.8785037079793854e-10
676,22,0.01940997035,0.03012831975,0.000107207437,1.06367767,0.0008647391835046305,0.7026537884977906,2.8970822020060893e-10
676,24,0.01984938885,0.03146140185,0.000107207437,1.14369774,0.0007253314756430924,0.7187226548396607,3.037831854063754e-10
676,23,0.0196223091,0.0307827359,0.000107207437,1.18151605,0.0008478675667943853,0.711314021716161,3.924986714545803e-10
677,22,0.019403344000000003,0.030089107349999998,0.000286628871,1.05784869,0.0008969797527272297,0.7022527640766486,2.9546972898666234e-10
677,24,0.019828085750000002,0.03138610905,0.000286628871,1.15929461,0.0007356923479501848,0.7179252656377402,3.212386656008439e-10
677,23,0.019610391900000003,0.03072967565,0.000286628871,1.17875314,0.0007988952579463386,0.7104117555406765,3.671726323040126e-10
678,22,0.01941523235,0.0300693605,0.000115326118,1.05717444,0.0009000881839056393,0.7020008148927293,2.959123556917256e-10
678,24,0.0198384365,0.03137434365,0.000115326118,1.16420293,0.0007509131909715229,0.7178492390617749,3.3217611431767034e-10
678,23,0.0196203608,0.03071066925,0.000115326118,1.18340743,0.0008015063699793709,0.7101832761584482,3.728675693439504e-10
679,22,0.019422096200000002,0.03006274625,0.000305058347,1.05760705,0.0009010930976476853,0.7019206997401443,2.9661549660159087e-10
679,24,0.019843458199999997,0.03136850615,0.000305058347,1.16727793,0.0007514518706643685,0.7177795626019781,3.351235095962795e-10
679,23,0.019626279400000002,0.03070442565,0.000305058347,1.18585849,0.0008022974719053213,0.7101096174971742,3.7561929118082507e-10
680,22,0.019446738999999998,0.03008078035,0.000112398935,1.06634021,0.0008977662323148847,0.7021840770225226,3.0309616705190986e-10
680,24,0.0198647529,0.03138784505,0.000112398935,1.16722071,0.0007478071489121773,0.7179634908442342,3.3344863641298056e-10
680,23,0.019648921700000002,0.0307233091,0.000112398935,1.19214964,0.0007987908732041749,0.710333868736369,3.8011846568356785e-10
681,22,0.01946613565,0.030112320550000002,0.00028116125,1.07619631,0.0008923219633212643,0.7026171976530287,3.099092914199114e-10
681,24,0.0198830776,0.0314197438,0.00028116125,1.16268754,0.0007426659807835916,0.7182862729227557,3.272124702474336e-10
681,23,0.0196673786,0.030755308449999998,0.00028116125,1.19609916,0.0007934839875321225,0.7107109128386601,3.814548174586459e-10
682,22,0.01947319225,0.0300786225,9.34442796e-05,1.07201493,0.0008977326329766657,0.7021897070396163,3.080751041935421e-10
682,24,0.019885967499999997,0.03138779475,9.34442796e-05,1.17292523,0.0007467497343287845,0.7179425742596657,3.3800967002780586e-10
682,23,0.0196725037,0.0307222912,9.34442796e-05,1.20019293,0.0007982742222028514,0.7103288092033,3.878144032188137e-10
683,22,0.01947508565,0.03006673135,0.000281161483,1.07040262,0.0008996659368143891,0.7020395779843063,3.073112042424778e-10
683,24,0.019886493650000003,0.0313764764,0.000281161483,1.17641807,0.0007482293810799603,0.7178229132422628,3.4179252501702384e-10
683,23,0.019673773050000003,0.03071061615,0.000281161483,1.20145607,0.0007999960585799624,0.7101951124912091,3.89910564136457e-10
684,22,0.0194972679,0.0300679654,0.000112399066,1.07568312,0.0008991141958668784,0.7020809077453948,3.118089589601295e-10
684,24,0.0199045362,0.03137934025,0.000112399066,1.18041158,0.0007469307648957194,0.7178333116736924,3.447758310452548e-10
684,23,0.0196936531,0.030712756350000002,0.000112399066,1.20802212,0.000799089918555424,0.7102228345041083,3.960560784523539e-10
685,22,0.0194702912,0.0299589848,0.000296066981,1.05785143,0.0010208507631148363,0.70111402307931,3.3627412668351664e-10
685,24,0.01990099435,0.0313523747,0.000296066981,1.18744195,0.000750709051356357,0.7175537375798664,3.5291158500295557e-10
685,23,0.019684452550000002,0.0306625301,0.000296066981,1.20921826,0.0008630673280313914,0.7099061832873911,4.290709918480192e-10
686,22,0.0195026705,0.030008284349999997,0.000112398666,1.06653237,0.0009197488760238437,0.7013780089957535,3.106862616656138e-10
686,24,0.0199201433,0.0313705206,0.000112398666,1.18721235,0.0007472967149126081,0.7177388315092232,3.5109654105832197e-10
686,23,0.019704747,0.0306803407,0.000112398666,1.21476424,0.0008594610442641557,0.7101294773002549,4.3333592462543563e-10
687,22,0.019506736650000002,0.029990154300000002,0.0002811616,1.06337726,0.0009226974708104966,0.7011515630940067,3.0885357111054245e-10
687,24,0.0199219119,0.0313533451,0.0002811616,1.19276941,0.000749490201020654,0.717559275603422,3.5722496950199125e-10
687,23,0.01970776915,0.03066256825,0.0002811616,1.2170521,0.0008622815413425079,0.7099295229382336,4.3728352453389665e-10
688,22,0.01949139685,0.0298782373,9.34443015e-05,1.03478932,0.0009391668399189119,0.699656512188465,2.890736227254358e-10
688,24,0.0199043881,0.03125604425,9.34443015e-05,1.21830726,0.0007045071484619312,0.7162686811952829,3.5840627911518385e-10
688,23,0.0196963167,0.03056997525,9.34443015e-05,1.21751332,0.0009281582028659193,0.7091004076680456,4.712386250229008e-10
689,22,0.019492233150000003,0.02986429815,0.000286628579,1.03264284,0.000941534231597479,0.6994726822376102,2.8795608111104177e-10
689,24,0.01990593695,0.03124841025,0.000286628579,1.21973646,0.000718553552297186,0.7162496193035761,3.6687349198558547e-10
689,23,0.01969661005,0.0305561898,0.000286628579,1.21673036,0.0009305208339402993,0.7089393804046983,4.71503624113689e-10
690,22,0.01951565035,0.02987990155,0.000115326067,1.04099298,0.0009441211726449955,0.6997452147908031,2.9599372420856137e-10
690,24,0.019913845700000002,0.0312278131,0.000115326067,1.22653043,0.0007209285819804829,0.7160251567803747,3.744326406008707e-10
690,23,0.019712477,0.030554667100000002,0.000115326067,1.21853662,0.0008800940484772796,0.7086944199937806,4.4799240024723954e-10
691,24,0.01998711375,0.03143473805,0.000305058347,1.18538344,0.0007549924699805714,0.7184745227370962,3.530309644325339e-10
691,22,0.01958232655,0.03007745,0.000305058347,1.10911047,0.0009547283450434768,0.7026396528630015,3.637921723994656e-10
691,23,0.01977772545,0.03075192215,0.000305058347,1.23628569,0.0008026141673278818,0.710799152568719,4.271455525949235e-10
692,22,0.019558877699999998,0.0299463337,0.000115326242,1.07000458,0.0009549454412974751,0.7008108449975673,3.2581690532539355e-10
692,24,0.019970569799999997,0.03134765475,0.000115326242,1.20790279,0.0007676508281731085,0.717584476753817,3.803547206256016e-10
692,23,0.0197574599,0.030637830499999998,0.000115326242,1.2367382,0.000882983065234597,0.709783660133862,4.704473265054269e-10
693,22,0.01958718895,0.0299991565,0.000286629162,1.09237564,0.0009687809820954833,0.7016657658561463,3.522704984736897e-10
693,24,0.0199843263,0.0313598355,0.000286629162,1.20916712,0.0007651288458799237,0.7177144985236656,3.803261646779805e-10
693,23,0.01977932825,0.0306747686,0.000286629162,1.24190366,0.0008147946487555908,0.7099423827563972,4.3971983232254064e-10
694,22,0.0196034936,0.029995097800000002,0.000107206994,1.09610868,0.0009692209659967555,0.7016514495900499,3.5615068974007553e-10
694,24,0.019996919699999997,0.0313571896,0.000107206994,1.21489871,0.0007646838215876289,0.7176882406406693,3.856778559324545e-10
694,23,0.01979361475,0.0306714596,0.000107206994,1.24790561,0.0008148620595962686,0.7099245695674374,4.4633047094282054e-10
695,22,0.01958690675,0.029915153049999997,0.000286628696,1.07130039,0.0009600359197756644,0.7004872143924797,3.2877483216348547e-10
695,24,0.019987600850000002,0.0313129053,0.000286628696,1.22751319,0.0007561617770280761,0.7171670495953363,3.9369886102191054e-10
695,23,0.01978109965,0.030608167899999997,0.000286628696,1.24766278,0.0008870299407092542,0.7094913452381508,4.855683191050485e-10
696,22,0.01959273215,0.0298691364,0.000115326366,1.05923414,0.0009446936540348203,0.6997934064097076,3.124358485267433e-10
696,24,0.019993876100000002,0.0312866559,0.000115326366,1.23863518,0.0007594654996493457,0.7168985964857006,4.065486617261183e-10
696,23,0.019786203250000002,0.03056772235,0.000115326366,1.25008082,0.0009265858357206176,0.7091937292286128,5.102518651277835e-10
697,22,0.01962355615,0.02994774935,0.000305058347,1.09155083,0.000977439186505,0.7010944863737935,3.545937297431962e-10
697,24,0.0200241897,0.03136238455,0.000305058347,1.22369397,0.0007622431305218953,0.717737156860931,3.930772432701272e-10
697,23,0.0198169546,0.0306504797,0.000305058347,1.25989103,0.0008786400165842962,0.7100060997928318,4.956323402501713e-10
698,22,0.019613279999999997,0.0298565589,0.000115326242,1.06111574,0.000946505536942932,0.699678772591855,3.147488442447865e-10
698,24,0.020008917,0.03127612825,0.000115326242,1.24751675,0.0007601031243370381,0.7167942504120254,4.159354336813897e-10
698,23,0.019803890999999997,0.03055613305,0.000115326242,1.25605452,0.0009281797723221061,0.7090884753956601,5.1868297559847e-10
699,22,0.019637390050000002,0.0298964782,0.000286628754,1.0830518,0.0009793924226733023,0.7004421046457111,3.4685494323567706e-10
699,24,0.020035387949999997,0.0313303992,0.000286628754,1.2401576,0.000750905535533691,0.717343515171942,4.034880965042017e-10
699,23,0.019830329350000002,0.030610843550000003,0.000286628754,1.26679909,0.0009169211102787735,0.7097339936702083,5.260018678621621e-10
700,22,0.01964479965,0.029868097,0.000112398375,1.07723355,0.0009843260591746114,0.7000890960136134,3.4286960580521046e-10
700,24,0.02003878825,0.031303560349999995,0.000112398375,1.25036669,0.0007544067786050857,0.7170687221245651,4.157267243169752e-10
700,23,0.01983590985,0.0305830063,0.000112398375,1.26806855,0.0009219165526298614,0.7094272696687044,5.304988043825237e-10
701,22,0.01964606435,0.029837174350000002,0.0002811616,1.06913424,0.0009898447606025323,0.6996856624399641,3.3687519944404943e-10
701,24,0.020037175150000003,0.0312738037,0.0002811616,1.25881171,0.0007587637201936202,0.7167631078549164,4.2687995272982456e-10
701,23,0.0198360104,0.030552391900000003,0.0002811616,1.26733267,0.0009277277457407568,0.7090798516533953,5.328892840403769e-10
702,22,0.01967051535,0.02986023665,9.3444396e-05,1.08305025,0.0009964461056008707,0.7000848954957208,3.528916686141002e-10
702,24,0.020059376,0.03130176385,9.3444396e-05,1.25876188,0.0007534297856655294,0.717037028616836,4.2382754629496867e-10
702,23,0.0198593,0.0305801937,9.3444396e-05,1.27628243,0.0009215876375210071,0.709411888813981,5.409525229941523e-10
703,22,0.0196782481,0.029867921050000003,0.000281161483,1.08714032,0.000994989011373857,0.7001991924391897,3.5648679989116634e-10
703,24,0.02006607035,0.0313097872,0.000281161483,1.25884008,0.0007519003657887968,0.7171151036734424,4.230474761871986e-10
703,23,0.0198663436,0.030588156550000002,0.000281161483,1.27897954,0.0009198311082384533,0.7095067765932297,5.434400582802659e-10
704,22,0.01968199105,0.02979665805,0.000112398862,1.06869721,0.0010080137509409597,0.6992720734945447,3.426274703317926e-10
704,24,0.020066492249999998,0.031252464300000005,0.000112398862,1.27452362,0.0007847183365033831,0.7166429248612555,4.586624864313018e-10
704,23,0.01986725625,0.0305176843,0.000112398862,1.27709568,0.0009331664628428691,0.7087080356339218,5.488241593393168e-10
705,22,0.0196953667,0.0298230108,0.000296067097,1.07931232,0.0010029065724834032,0.6996412838544324,3.514196972949929e-10
705,24,0.0200755782,0.03126773335,0.000296067097,1.27606118,0.0007572754818785082,0.7166751495099288,4.442667376709149e-10
705,23,0.019879854250000002,0.0305443574,0.000296067097,1.28265071,0.000927596558104991,0.7090191800853034,5.528834395768621e-10
706,22,0.0197155224,0.029833164099999997,0.000112398862,1.08727682,0.0010008305628046287,0.6998075568955695,3.5871826591654993e-10
706,24,0.0200921716,0.0312790787,0.000112398862,1.28007364,0.000754606976880858,0.7167772328170103,4.4699971757558346e-10
706,23,0.01989787535,0.03055529765,0.000112398862,1.28931046,0.0009248141551294182,0.7091523223037085,5.600814640383824e-10
707,22,0.01970799545,0.0297661498,0.000281161309,1.06710076,0.0010135096426563406,0.6989080421323435,3.4291354952479487e-10
707,24,0.02008403465,0.031224940899999998,0.000281161309,1.29098415,0.0007875135910437557,0.7163355225523287,4.788382489309156e-10
707,23,0.0198890064,0.03048855905,0.000281161309,1.28302383,0.0009377128070951948,0.708380405645242,5.594139932556407e-10
708,22,0.019710403850000002,0.029702037549999998,9.34447671e-05,1.05926824,0.0010873106061192153,0.698357178231631,3.5963507587834483e-10
708,24,0.02007813195,0.031155078699999998,9.34447671e-05,1.31197703,0.0007728112945224674,0.7154968796103752,4.938138621910987e-10
708,23,0.019892322849999998,0.0304374015,9.34447671e-05,1.27709782,0.0009249055811843121,0.7076947808035754,5.439659056961571e-10
709,22,0.019718904000000002,0.02971494945,0.000286628783,1.05409729,0.0009907811297429278,0.6980972031844633,3.228090489939444e-10
709,24,0.0200767331,0.031136360000000002,0.000286628783,1.3165983,0.0007757694809475922,0.7152993997098299,5.010981632802874e-10
709,23,0.0198918944,0.03041830195,0.000286628783,1.27446628,0.0009283830580315978,0.7074685636993189,5.425564092891722e-10
710,25,0.02020099665,0.03152414505,0.000115326118,1.23044026,0.0007078992012845065,0.719150118659062,3.7127741150706137e-10
710,24,0.0200177282,0.030862255050000002,0.000115326118,1.33102167,0.0007378884822627214,0.712008578711413,4.928824298473066e-10
710,23,0.0198495807,0.03017674855,0.000115326118,1.22399974,0.0009771640451511467,0.7045644961874782,5.042894142991895e-10
711,22,0.01972833745,0.02963015065,0.000305058435,1.04285634,0.0011008755146032594,0.6973990491713856,3.4703692074556493e-10
711,24,0.0200863648,0.03108625115,0.000305058435,1.33322537,0.0007829865128734038,0.7147525617921585,5.256766819029255e-10
711,23,0.019905897800000003,0.0303664524,0.000305058435,1.27280629,0.0009377055859444704,0.7068559913700717,5.458107043523081e-10
712,25,0.02020975575,0.0314934533,0.00011532622,1.24487722,0.0007109706087105389,0.7188039160262986,3.8651967966879517e-10
712,23,0.01984764725,0.03007352355,0.00011532622,1.2018739,0.0010025497648884529,0.7032984973773783,4.891439146440403e-10
712,24,0.0200214088,0.03079599795,0.00011532622,1.33944595,0.0008271313275542417,0.7116367077449633,5.633281240908958e-10
713,25,0.020208844,0.03145723045,0.000286628521,1.25459468,0.0007392189936935061,0.7185455945836609,4.1161022334054707e-10
713,23,0.01986485905,0.03009311855,0.000286628521,1.2126323,0.0009981650964113005,0.7035556209006162,5.005464886544494e-10
713,24,0.02002809665,0.0307817897,0.000286628521,1.34188747,0.00074834405100412,0.7110965837326789,5.125336010409969e-10
714,25,0.0202200031,0.03145144785,0.000107207474,1.26171732,0.0007392283953623409,0.7184580691759843,4.188514124188498e-10
714,23,0.019879898049999997,0.03008600695,0.000107207474,1.21610177,0.0009992842643685765,0.7034714348240044,5.055350339578983e-10
714,24,0.020041015000000002,0.030775369150000002,0.000107207474,1.34798539,0.0007487826791662618,0.7110128654046308,5.20042074547905e-10
715,25,0.020227562650000003,0.0314619364,0.0002866289,1.26035202,0.0007372768705667165,0.7185510281537114,4.1635548693058257e-10
715,23,0.01988809465,0.03009640795,0.0002866289,1.2214731,0.0009969696736063095,0.7036066993318078,5.112511915610232e-10
715,24,0.0200486463,0.0307859564,0.0002866289,1.3513875,0.0007467961697629733,0.7111267924947404,5.227011604214367e-10
716,22,0.0198075939,0.029665716,0.00011532622,1.07520759,0.001093364309954235,0.6979551341780852,3.7865164853026765e-10
716,24,0.02014954295,0.031125999050000002,0.00011532622,1.35222125,0.0007592551533700894,0.7150012831461872,5.324332476035202e-10
716,23,0.0199765386,0.0304078823,0.00011532622,1.30598545,0.0009343224808067656,0.7073592499804409,5.886699345634704e-10
717,22,0.0198135106,0.02965097505,0.000305058173,1.07282567,0.001096105751158762,0.6977609158742325,3.770185035821256e-10
717,24,0.02015283145,0.031112018999999998,0.000305058173,1.35755205,0.0007611409801037534,0.7148466531237335,5.402578602180386e-10
717,23,0.0199811971,0.0303934161,0.000305058173,1.30629921,0.0009368265780708263,0.7071876994922159,5.906836283078644e-10
718,25,0.02025890075,0.03145152705,0.000112398629,1.28073335,0.0007365633928186579,0.7183245626521914,4.3700662319662713e-10
718,23,0.0199336959,0.030101303,0.000112398629,1.23245156,0.0009452361053171038,0.703404574701072,4.982585617346088e-10
718,24,0.020084474249999998,0.03077399545,0.000112398629,1.36821735,0.0007470496774722205,0.7109172964544519,5.431832941213702e-10
719,25,0.0202660821,0.03145257665,0.000281161541,1.28374755,0.0007359264565038885,0.7183028909311673,4.397996481272595e-10
719,23,0.01994269525,0.03010180405,0.000281161541,1.23568726,0.000944925523902472,0.7033979382866733,5.02131166566491e-10
719,24,0.0200924128,0.03077482245,0.000281161541,1.37189877,0.0007465594533417471,0.7109038668249869,5.473352729180614e-10
720,25,0.0203259066,0.03161940725,9.34443306e-05,1.24387228,0.000665918963768856,0.7196246528111696,3.6113109102909733e-10
720,23,0.0199901862,0.03024631085,9.34443306e-05,1.28619337,0.0009084032027416722,0.7051205209681937,5.460629423315563e-10
720,24,0.02014633455,0.0309418682,9.34443306e-05,1.38575256,0.0007773980968084056,0.7129327230120592,5.878437406549047e-10
721,25,0.0203341851,0.0316336807,0.000281161541,1.24228859,0.0006636808081976287,0.7197453048498691,3.5850948569937047e-10
721,23,0.019998446099999997,0.030260830199999998,0.000281161541,1.29158652,0.0009054762266497594,0.7052929234687474,5.513594123227058e-10
721,24,0.02015432435,0.030956457399999998,0.000281161541,1.38779056,0.0007746723298773318,0.7130767281968223,5.884391397333136e-10
722,23,0.01993684935,0.02986802995,0.000112398237,1.1720823,0.000989430884719146,0.7003639499284037,4.4686059632823003e-10
722,25,0.0202675825,0.03133372215,0.000112398237,1.33830762,0.0007402209685891086,0.7169501678573486,5.028254686154388e-10
722,24,0.020092361599999997,0.03059996755,0.000112398237,1.37874448,0.0009116146401546067,0.7095175479067888,6.786647088286493e-10
723,23,0.01995644345,0.02993151265,0.000296067476,1.19751918,0.0009833107202195613,0.7012076839439448,4.744346391912358e-10
723,25,0.0202764161,0.0313495081,0.000296067476,1.33555222,0.0007491614541216375,0.7171366919915001,5.056824250618025e-10
723,24,0.020105610599999997,0.03063829245,0.000296067476,1.3824985,0.0008374871244113094,0.7096155565661272,6.28720846621853e-10
724,23,0.01993150355,0.0297297351,0.000112398302,1.12374008,0.0010033418533592674,0.6984339717185181,3.980518473743501e-10
724,25,0.02024397905,0.031174251799999997,0.000112398302,1.38356543,0.0007681124894897923,0.7153124476147026,5.780116701186176e-10
724,24,0.020079352850000003,0.03044663835,0.000112398302,1.36215258,0.0009138832256786732,0.7076045991210973,6.554721874096357e-10
725,23,0.019943551150000002,0.0297413524,0.000281161541,1.13170171,0.0010009806510763372,0.6985771531043309,4.0583832995560477e-10
725,25,0.020259794749999997,0.0312083643,0.000281161541,1.38356352,0.0007616580280365715,0.7156101981160572,5.731523301870974e-10
725,24,0.0200927099,0.0304698525,0.000281161541,1.37166953,0.0009361392528972661,0.7079689115968834,6.859781611331679e-10
726,23,0.01994739475,0.0296706874,9.34444906e-05,1.10974669,0.0010144902895804653,0.6975903745770181,3.8724987124107726e-10
726,25,0.0202536434,0.03113011175,9.34444906e-05,1.40439129,0.0007519527835145825,0.714662105506518,5.924796197959965e-10
726,24,0.0200938713,0.0303997565,9.34444906e-05,1.36686587,0.000950470823023269,0.7071215994053627,6.890027312536529e-10
727,23,0.0199476248,0.029646077200000003,0.000286628783,1.10119224,0.0010192404938601737,0.697245292066128,3.7990652948832565e-10
727,25,0.0202414207,0.0310629699,0.000286628783,1.41777527,0.0007661013993384478,0.7139830556035853,6.215084028841817e-10
727,24,0.0200885525,0.030352607349999998,0.000286628783,1.35128105,0.0009031961368314067,0.706301486686121,6.320283922351858e-10
728,23,0.01997139305,0.0296710497,0.000115326271,1.11752594,0.0010139399126783588,0.6975224750736873,3.954536537864054e-10
728,25,0.02026463115,0.031102167450000003,0.000115326271,1.41919076,0.0007552852561638749,0.7142607477897113,6.14622628913986e-10
728,24,0.02011143605,0.0303858137,0.000115326271,1.37012827,0.0009147047116982349,0.7066905402798738,6.679631194292654e-10
729,23,0.019975218,0.0296329558,0.000305058347,1.09863603,0.0009861670833372276,0.6968090910403122,3.649614742115704e-10
729,25,0.0202586185,0.03104000355,0.000305058347,1.43242073,0.0007686713782550347,0.7136009935756502,6.436364917405419e-10
729,24,0.0201097289,0.03032837065,0.000305058347,1.35780966,0.0009071240090990196,0.7058987078653748,6.442675149722959e-10
730,26,0.020427725299999998,0.03166375125,0.000115326184,1.27999568,0.0006585346255289195,0.7194691968584235,3.900283041459165e-10
730,24,0.0201083217,0.0302628083,0.000115326184,1.34594345,0.0009194704703215901,0.7050621410734514,6.356318631623767e-10
730,25,0.02025377565,0.0309756063,0.000115326184,1.4423008,0.0007796341194422503,0.7128722344925635,6.667749414420195e-10
731,23,0.0200055912,0.02965273245,0.00028662855,1.11424541,0.0009823027237126042,0.6969688401350432,3.796657682213623e-10
731,25,0.020286910249999998,0.031076237549999997,0.00028662855,1.43950605,0.0007611638860206466,0.7138013898634114,6.47106475600408e-10
731,24,0.020138251599999997,0.030356704249999998,0.00028662855,1.3789351,0.0009195227903165007,0.7061781194803776,6.848576333432696e-10
732,26,0.0204527583,0.031676527149999995,0.00010720727,1.28833663,0.0006551920109201721,0.7193619957587414,3.9588494505737225e-10
732,24,0.02013816685,0.030274493649999998,0.00010720727,1.36291695,0.0009163776024119761,0.7050357843219827,6.584065381495643e-10
732,25,0.02028045245,0.0309881885,0.00010720727,1.45408666,0.0007757366037434284,0.7128023259164242,6.802708109875487e-10
733,23,0.020036726249999998,0.0296890456,0.000286628783,1.13819659,0.0009751657581991868,0.6973510094766963,4.0240364815545827e-10
733,25,0.02031414115,0.0311158048,0.000286628783,1.4427954,0.0007578240899373913,0.7140573944259188,6.48809391032013e-10
733,24,0.02016633095,0.0303940391,0.000286628783,1.39962447,0.0009110143768744093,0.706470979549903,7.103445926885777e-10
734,26,0.020449384100000002,0.03160352075,0.000115326227,1.31877851,0.0006704006898079707,0.7185281953011711,4.3526314490035105e-10
734,24,0.020146085850000002,0.03019687065,0.000115326227,1.34789038,0.0008981491379195649,0.7038144053506836,6.236643366955541e-10
734,25,0.02028166035,0.03090398105,0.000115326227,1.46939075,0.0007998497852976988,0.7118190426094928,7.243888211148318e-10
735,26,0.02042569405,0.0314878849,0.000305058376,1.36173904,0.0006783902348975712,0.7173399998317685,4.861234191025674e-10
735,24,0.0201350395,0.030078276100000002,0.000305058376,1.30197608,0.0009083235073713397,0.7022606978420732,5.669180469834605e-10
735,25,0.0202659974,0.03078500275,0.000305058376,1.47508144,0.0008286633940700434,0.7105521516608388,7.59468196170284e-10
736,24,0.0201271288,0.029939404699999998,0.000112398542,1.25203192,0.0009144123942941073,0.7003154578909747,5.059886364581582e-10
736,26,0.0204147445,0.031392036,0.000112398542,1.39584267,0.0007248048809382517,0.7164409996422917,5.604700165245901e-10
736,25,0.020255127900000003,0.0306545589,0.000112398542,1.47397447,0.0008872527718556285,0.7091907183952955,8.112919278258407e-10
737,24,0.02014341485,0.0299816616,0.000281161279,1.27171326,0.0009062313813588796,0.7007754272461383,5.261223537739604e-10
737,26,0.02043201125,0.0314338515,0.000281161279,1.38558877,0.0007180804899991351,0.7167445760762785,5.428132742177679e-10
737,25,0.020271015349999998,0.0306970943,0.000281161279,1.4848237,0.0008785680343231586,0.7095625732483967,8.216913189380064e-10
738,24,0.0201428877,0.029875036350000002,9.34448981e-05,1.23065114,0.000889735484559608,0.6991250939301916,4.66918264295961e-10
738,26,0.02041468955,0.0313123595,9.34448981e-05,1.43597937,0.0007238938693038412,0.7153842099880623,6.108041440617224e-10
738,25,0.02026366535,0.030578041450000003,9.34448981e-05,1.47458279,0.0009020899620232368,0.7081455928457344,8.259144540909542e-10
739,24,0.02014295105,0.0298440326,0.000281161658,1.2203126,0.000895433673642549,0.6986951889592462,4.578645558028264e-10
739,26,0.02041154075,0.0312826978,0.000281161658,1.44833457,0.000728576710691037,0.7150643778796617,6.311804259712092e-10
739,25,0.0202625664,0.030547353450000002,0.000281161658,1.47203922,0.000908549669060209,0.7077795341633637,8.274204243118965e-10
740,24,0.0201402493,0.02969195975,0.000112398477,1.15739715,0.0008994304225396351,0.6963921229605347,3.907701712557554e-10
740,26,0.0203869743,0.0310996771,0.000112398477,1.49645317,0.0007549709536256319,0.7130483779678632,7.232639934184012e-10
740,25,0.02025147805,0.03037451675,0.000112398477,1.44116819,0.0009112806508652623,0.7055015052789955,7.775046086139197e-10
741,24,0.020146238599999998,0.02968983535,0.000296067214,1.17032528,0.0009730856063670455,0.6966553198549523,4.3747290013100554e-10
741,26,0.02038955595,0.031089755700000003,0.000296067214,1.50142896,0.0007563497840890156,0.7128912565596164,7.320237281225234e-10
741,25,0.02025796285,0.030381316300000002,0.000296067214,1.44102168,0.0008679245698486871,0.7053309283482614,7.402796063852719e-10
742,24,0.0201637242,0.02969019955,0.0001123986,1.17722929,0.0009728252709431645,0.6965050933754949,4.4534524250486757e-10
742,26,0.0204028012,0.03109123185,0.0001123986,1.51049268,0.0007551179117128481,0.7127204544662685,7.444950505456719e-10
742,25,0.0202731164,0.03038225975,0.0001123986,1.44935644,0.0008673122323110493,0.7051734364022635,7.53005110618294e-10
743,27,0.020534915850000002,0.03162377325,0.000281161629,1.36912417,0.0006406750576953244,0.7174785989233456,4.668114457041919e-10
743,25,0.02025614495,0.0302243084,0.000281161629,1.4049139,0.0008738223887784336,0.7031487685400438,6.893159306192109e-10
743,26,0.02037789115,0.03093065415,0.000281161629,1.52725267,0.0007932158453491279,0.7110759047657264,8.090732226362937e-10
744,27,0.02053344345,0.0315714078,9.34442432e-05,1.39378655,0.0006498740234821311,0.7167953940012111,5.002594967612742e-10
744,25,0.02026328535,0.03016679455,9.34442432e-05,1.3928417,0.0008846564541157567,0.7022758367215773,6.795703197496698e-10
744,26,0.020381012,0.030874352,9.34442432e-05,1.54263198,0.0008031917033269212,0.7103016181627182,8.449048494247281e-10
745,27,0.020537114699999998,0.0315728262,0.000286628667,1.39574051,0.0006493980578196581,0.716748764523181,5.02054009127698e-10
745,25,0.02026782745,0.0301680127,0.000286628667,1.39528286,0.0008843163166566369,0.7022395472607378,6.82981204069491e-10
745,26,0.020385004550000002,0.0308757126,0.000286628667,1.54522097,0.0008026616998486029,0.7102598735109787,8.487177364541187e-10
746,27,0.020545560900000003,0.0315559469,0.000115326256,1.40998507,0.0006506385150456534,0.7163536285706295,5.189796262131792e-10
746,25,0.020281924899999998,0.03014925865,0.000115326256,1.39683259,0.0008876654887714727,0.7018077012776135,6.879123907148826e-10
746,26,0.0203962047,0.030857788400000002,0.000115326256,1.5577426,0.0008052132161699376,0.7098528700586431,8.728271257380144e-10
747,27,0.02054962145,0.0315468656,0.000305058289,1.4173007,0.0006513455347633692,0.716139184276122,5.278847805518364e-10
747,25,0.02028889675,0.0301392125,0.000305058289,1.39738965,0.0008894779642068842,0.7015724315715828,6.901634993096295e-10
747,26,0.0204016939,0.0308481632,0.000305058289,1.56407928,0.0008066206135504109,0.7096314959178722,8.853457541831281e-10
748,27,0.02055143845,0.0315126907,0.000115326271,1.43424344,0.0006607878021404529,0.7156456547773226,5.554850030179983e-10
748,25,0.0202993052,0.030118943199999998,0.000115326271,1.38989735,0.0008549206027992635,0.7009721341774032,6.524627668819215e-10
748,26,0.0204067286,0.0308117857,0.000115326271,1.57298088,0.000807894588451965,0.7090437621632413,9.023662215038992e-10
749,27,0.02054793385,0.0314608896,0.000286628638,1.45729995,0.0006670081145668312,0.7149668291824237,5.889177433170754e-10
749,25,0.020305647500000003,0.0300781932,0.000286628638,1.37952137,0.0008620683152544029,0.7003001677053032,6.429136274164425e-10
749,26,0.02040890135,0.0307649225,0.000286628638,1.57939255,0.0008009236071723195,0.7083024986321896,9.058435427373917e-10
750,25,0.0203138571,0.030020588100000002,0.000107207459,1.3629415,0.0008624542768041825,0.6993185898947786,6.19702820918122e-10
750,27,0.02054926195,0.03141292,0.000107207459,1.48145115,0.0006946922651747576,0.71437345001882,6.451846052938902e-10
750,26,0.02041272445,0.03070425245,0.000107207459,1.58354414,0.0008120772832295655,0.7074324450771319,9.259050867840765e-10
751,25,0.020297828150000002,0.029856693,0.00028662855,1.2952646,0.0008829791160885446,0.6971314537401997,5.424027865933738e-10
751,27,0.020516564100000002,0.0312443953,0.00028662855,1.54738891,0.0007225229550124432,0.7127135311953584,7.6727005043843e-10
751,26,0.02039120345,0.030533707700000003,0.00028662855,1.55556786,0.0008370281876409731,0.7054945254569642,9.034061310673994e-10
752,25,0.0203088587,0.02980412355,0.000115326169,1.29031384,0.0009542065542542588,0.6964676475031527,5.792895279155541e-10
752,27,0.0205223644,0.03120929375,0.000115326169,1.56305933,0.0007136394351471031,0.7120187860606584,7.817068066899945e-10
752,26,0.02040229925,0.030503997550000002,0.000115326169,1.55765545,0.000842627669994851,0.704887680031748,9.132121905432103e-10
753,25,0.020341059199999997,0.02997315395,0.000305058347,1.36721551,0.0009131226525198701,0.6983995706089785,6.62459604217507e-10
753,27,0.02056782135,0.03138441965,0.000305058347,1.51180601,0.0006970688260657605,0.7135251746580242,6.890898218082532e-10
753,26,0.0204366427,0.03067396395,0.000305058347,1.60207808,0.0008164744033285168,0.7065590128377085,9.648567395918987e-10
754,25,0.020348673650000003,0.02993640115,0.00011532622,1.35897028,0.0009201328936972779,0.6977416082384772,6.552317446904271e-10
754,27,0.020564436,0.03132735375,0.00011532622,1.54226089,0.0007069081058469858,0.7127854204231897,7.430547764614613e-10
754,26,0.020439608,0.0306259533,0.00011532622,1.60074425,0.0007983000581673529,0.7057202230435456,9.409627010082881e-10
755,25,0.0203452045,0.02980685885,0.000286628841,1.30879128,0.0009532450116487287,0.6959229332094464,6.045896001455016e-10
755,27,0.020550040550000002,0.03121398575,0.000286628841,1.58233774,0.0007105588569632148,0.7114242897574571,8.0825400290366e-10
755,26,0.0204336392,0.030507872800000002,0.000286628841,1.58240449,0.0008402809753937044,0.7043219275661314,9.559357897088438e-10
756,25,0.02035250885,0.0297475243,0.000112398979,1.28924417,0.0009649526309672699,0.6949104735070271,5.843139170931971e-10
756,27,0.0205466747,0.03114259245,0.000112398979,1.60167193,0.0007223040820659747,0.7104913355163275,8.52900664697848e-10
756,26,0.020436903450000002,0.0304416055,0.000112398979,1.56791389,0.0008362597093875494,0.7032705080512363,9.247973800364644e-10
757,25,0.020362636099999998,0.0297546927,0.000281161541,1.2985456,0.00097259642061353,0.6948669754856687,6.021181857886268e-10
757,27,0.0205584802,0.03116772235,0.000281161541,1.60232139,0.0007171932091566512,0.7105323650300122,8.479233268792124e-10
757,26,0.02044742185,0.030459733699999998,0.000281161541,1.58224833,0.0008495720074090287,0.7033614686626394,9.662070703431752e-10
758,25,0.0203691041,0.029654428349999998,9.34448908e-05,1.24965513,0.0009330164253204255,0.6929660750246927,5.132647264735837e-10
758,26,0.0204462437,0.03032930195,9.34448908e-05,1.54888809,0.0008529675460674024,0.701496719110445,9.084872619321617e-10
758,27,0.0205441453,0.0310186073,9.34448908e-05,1.6469301,0.0007150734222819446,0.7086482653665626,9.199699498117543e-10
759,25,0.020376043400000002,0.02966508365,0.000281161163,1.25628471,0.0009310351568005032,0.6930007577692295,5.20583948359087e-10
759,26,0.0204524668,0.03034021425,0.000281161163,1.55636489,0.0008506137022523208,0.7015086545833433,9.195083671677963e-10
759,27,0.0205502538,0.031029524250000003,0.000281161163,1.6497817,0.000712902730912482,0.7086391567808075,9.220743001259146e-10
760,28,0.02068548835,0.031617635850000006,0.000112398797,1.49361241,0.0005694552335417843,0.7133614196002157,5.423436988515152e-10
760,26,0.020464981,0.0302844951,0.000112398797,1.54924989,0.0008613770655906246,0.7004484206672863,9.181069187147381e-10
760,27,0.0205574753,0.03097521605,0.000112398797,1.67197621,0.0007211081412102279,0.7076636174101535,9.718494325778375e-10
761,25,0.0204066914,0.029685669550000002,0.000296067068,1.27396595,0.000927167107156495,0.6927211927261273,5.412087925432521e-10
761,27,0.02057495245,0.031051514699999998,0.000296067068,1.66846466,0.0007075189230339058,0.7082624078718502,9.473851057317895e-10
761,26,0.0204793308,0.03036179395,0.000296067068,1.58137131,0.0008455370350150551,0.7011823643321741,9.599804584036258e-10
762,28,0.020680398699999998,0.031520656349999995,0.00011239876,1.54059303,0.0006543378013531032,0.7123128943149835,6.855110136786794e-10
762,26,0.020472219200000003,0.03015873955,0.00011239876,1.51419973,0.0008770955137783728,0.6984526691076538,8.712882362276798e-10
762,27,0.020554668249999998,0.0308415648,0.00011239876,1.69451451,0.0007302879180682491,0.7057629153847834,1.0256339517734514e-09
763,28,0.02068698965,0.03152099715,0.000281161512,1.54859424,0.0006536699985826304,0.7120968212282789,6.95815102616515e-10
763,26,0.020480938249999997,0.0301596671,0.000281161512,1.51998591,0.0008768024398351157,0.6982576500570643,8.812792368083533e-10
763,27,0.02056213655,0.030842249250000002,0.000281161512,1.70149171,0.0007285616523812938,0.7055521505187317,1.0362291631716957e-09
764,28,0.0207158523,0.031602768249999996,9.34445125e-05,1.54344809,0.0005682851908299292,0.7120637396887892,5.987616936003802e-10
764,26,0.0205095224,0.03028623015,9.34445125e-05,1.58047462,0.000846138325770301,0.6993072633256502,9.589932801176563e-10
764,27,0.0205937885,0.030965954099999998,9.34445125e-05,1.70974529,0.0007052597685507865,0.706371505150113,1.0181416328612798e-09
765,28,0.0207107011,0.0315601109,0.000286628725,1.56020761,0.0006060084875296269,0.7117055236599715,6.600877670755785e-10
765,26,0.0205043191,0.03018929155,0.000286628725,1.54254758,0.0008473738352379033,0.6979824828277047,8.912147969373095e-10
765,27,0.020586470099999997,0.03088326845,0.000286628725,1.71336615,0.0007639193374524174,0.705634927043556,1.1100282344419524e-09
766,28,0.02072010745,0.0315541737,0.000115326067,1.58590281,0.0005726621171762784,0.7110530425875393,6.559256472510942e-10
766,26,0.02052472625,0.030233998800000002,0.000115326067,1.57745612,0.0008565128850417021,0.6981676771070453,9.650548338894979e-10
766,27,0.02060371545,0.0309151104,0.000115326067,1.72618115,0.0007130353778875984,0.705313775998797,1.0601248607714e-09
767,28,0.02072635575,0.03154924415,0.000305058347,1.58822,0.0006056665070169782,0.7109324446440329,6.968556196982055e-10
767,26,0.02052721195,0.0301766433,0.000305058347,1.55270553,0.0008491884342329077,0.6971950152640422,9.113504918646574e-10
767,27,0.0206053192,0.030871457400000003,0.000305058347,1.7336067,0.0007647251184816559,0.7048609679120119,1.1521003812332194e-09
768,28,0.020717468099999997,0.031463382750000005,0.00011532622,1.63091838,0.0006577135715578071,0.7100205253141678,8.211194063694557e-10
768,26,0.02053385135,0.0301104216,0.00011532622,1.52812564,0.0008498214352149045,0.6960326840971885,8.683217467914838e-10
768,27,0.02060305045,0.03078116105,0.00011532622,1.75425172,0.0007370776852000016,0.7034245612509944,1.1516539650607997e-09
769,28,0.020726496349999998,0.03146125375,0.000286628638,1.63726103,0.0006789558659821672,0.7097531383849474,8.578311521067269e-10
769,26,0.020544316649999998,0.03009605595,0.000286628638,1.52926338,0.0008525408895986935,0.6955266083156036,8.731034055716398e-10
769,27,0.02061135605,0.030767269450000002,0.000286628638,1.76468205,0.0007390662094177604,0.7029414065997222,1.1760302554742978e-09
770,26,0.020557798449999998,0.0300659323,0.000107207481,1.52414489,0.0008473817225094023,0.6946543407391889,8.589114894613995e-10
770,28,0.02073554785,0.03144638145,0.000107207481,1.66017878,0.0006799249971215607,0.709132804937634,8.966052823025304e-10
770,27,0.0206224173,0.0307424804,0.000107207481,1.77658141,0.0007624164170560942,0.7023076041691564,1.2385405385615104e-09
771,26,0.02056256775,0.03005333895,0.000286628841,1.5204972,0.0008497225553743146,0.6943415856379466,8.549562996445624e-10
771,28,0.02073757165,0.03143460955,0.000286628841,1.67190289,0.0006812074762391868,0.708857184638232,9.179646377757539e-10
771,27,0.02062594705,0.03073014785,0.000286628841,1.77977574,0.0007645493687405131,0.7020177672110066,1.2488919219489822e-09
772,26,0.02055372205,0.0296974648,0.000115326126,1.33201194,0.0009552962331652852,0.689549044887117,6.395972364735076e-10
772,28,0.020688954699999998,0.031096671700000002,0.000115326126,1.77403903,0.0006725709503987603,0.7049640262183345,1.0877843489863273e-09
772,27,0.020608178300000002,0.03040069435,0.000115326126,1.7101078,0.0008618385937451493,0.6982072456157344,1.2450103626021553e-09
773,29,0.0208129259,0.0316961259,0.000305058347,1.59739709,0.0005861125467295863,0.7101188254733295,6.86426699604772e-10
773,28,0.0206871815,0.03104400915,0.000305058347,1.79081237,0.0006812254240065014,0.7042289171638639,1.134155871003702e-09
773,27,0.0206118729,0.0303618293,0.000305058347,1.69110572,0.0008343924053950097,0.6973832092740339,1.1646111950927669e-09
774,29,0.0208265586,0.0317008514,0.000112398688,1.61225212,0.0005843449541290868,0.7095882351942291,7.041353004931914e-10
774,28,0.0207010182,0.0310423067,0.000112398688,1.80490112,0.0006932720747008879,0.7037119884296552,1.1823910465653414e-09
774,27,0.020627176400000002,0.0303533357,0.000112398688,1.70228004,0.0008357015740080144,0.6967403567639001,1.1903260106088245e-09
775,29,0.02083246135,0.031699793399999995,0.000281161396,1.62210596,0.000583844283280053,0.7092906549738286,7.168507376753788e-10
775,28,0.0207077321,0.031041054999999998,0.000281161396,1.81264603,0.000692944265935496,0.7034173609698179,1.1975108726824318e-09
775,27,0.0206351206,0.03035180925,0.000281161396,1.71084535,0.0008358052524234169,0.6964465546798805,1.2090071905383242e-09
776,29,0.02083805575,0.0316761248,9.34442578e-05,1.65240502,0.0005856009461077842,0.7085375430625568,7.611570120762824e-10
776,27,0.0206482606,0.03032586255,9.34442578e-05,1.71582866,0.0008407006986481912,0.6956319411135518,1.2270357404118075e-09
776,28,0.0207169447,0.0310160145,9.34442578e-05,1.83198988,0.0006963745128980029,0.7026423188924398,1.2434170790413368e-09
777,29,0.02084794455,0.0317023173,0.000281161454,1.64306056,0.0005820038258473965,0.7085907360056083,7.433933921222943e-10
777,28,0.02072467655,0.031043365599999997,0.000281161454,1.83014977,0.0006911963909808038,0.7027305684926011,1.2303615698648513e-09
777,27,0.02065480595,0.0303535666,0.000281161454,1.73405468,0.0008349078260641911,0.6957709464838695,1.2588619301427164e-09
778,29,0.02082136555,0.0315176621,0.000112398557,1.75631559,0.0006235095673284371,0.7063659271559998,9.777683299237094e-10
778,27,0.020661046750000002,0.0301639782,0.000112398557,1.65114915,0.00083651619335188,0.6927751091109208,1.084762424619964e-09
778,28,0.02071552075,0.0308406688,0.000112398557,1.87037599,0.0007249541872401999,0.7000817352003639,1.379767605436833e-09
779,29,0.02082199325,0.0315016564,0.000296067126,1.77173281,0.0006252177992641721,0.7060089586112164,1.0071817284248559e-09
779,27,0.020665436949999998,0.0301469322,0.000296067126,1.64820623,0.0008398444298479745,0.6923676452034878,1.0831194568257407e-09
779,28,0.0207181871,0.0308239367,0.000296067126,1.87455499,0.0007278395022944031,0.6997056099370482,1.3948124573696118e-09
780,29,0.02087306045,0.03168250805,0.000112398542,1.69314849,0.0005975716145968883,0.7069906955393167,8.37188744460348e-10
780,27,0.020691673299999998,0.030329188299999997,0.000112398542,1.76347792,0.0008204108848384175,0.6939634247333138,1.3027564760178208e-09
780,28,0.02075343115,0.0310129169,0.000112398542,1.89152527,0.0006935654833691581,0.7009613379586249,1.3665050106614543e-09
781,29,0.020846207649999997,0.03153145315,0.000281161454,1.7884196,0.0006194261754169779,0.7053698117141708,1.0270555727286863e-09
781,27,0.02069061345,0.030168845299999997,0.000281161454,1.6876514,0.0008547028451731263,0.6918411287456584,1.1855021002641586e-09
781,28,0.0207418725,0.03085422795,0.000281161454,1.90353668,0.0007207940823500018,0.6991170929531688,1.44809253304578e-09
782,29,0.02085438185,0.03151407185,9.34440613e-05,1.81719232,0.0006250426044985581,0.7046063617579208,1.0885487182411913e-09
782,27,0.0207060585,0.03016317355,9.34440613e-05,1.70173299,0.0008587378276034463,0.6911759079191497,1.221954498619902e-09
782,28,0.0207534824,0.030841922350000002,9.34440613e-05,1.93018258,0.0007042697388144926,0.6982913629623321,1.476744983452131e-09
783,27,0.02070737165,0.03009277115,0.000286628987,1.66402853,0.0008536419313473246,0.690091592996119,1.1337645204900593e-09
783,29,0.02084178195,0.031430273349999996,0.000286628987,1.85304415,0.0006540557937540213,0.7037735686157554,1.2096724104323795e-09
783,28,0.0207486404,0.03075504675,0.000286628987,1.94079077,0.0006998163604854472,0.6971638046169889,1.4923726690732922e-09
784,29,0.02086496635,0.0314890025,0.000115326453,1.85884273,0.0006264530598693336,0.7035363390793812,1.1698246702114538e-09
784,27,0.02072552775,0.03013054,0.000115326453,1.70404601,0.0008459284944134349,0.6898885086006994,1.2087808848446333e-09
784,28,0.0207683677,0.03080891535,0.000115326453,1.96670115,0.0007227774838023839,0.6971995975906499,1.6055636189416687e-09
785,29,0.02087904695,0.0315291891,0.000305058318,1.84763598,0.0006206276169260036,0.7035513844918373,1.1375775627394185e-09
785,27,0.02073574995,0.030177797200000002,0.000305058318,1.74121368,0.0008545790506907377,0.690193699383222,1.3049896641539832e-09
785,28,0.0207796171,0.03085708245,0.000305058318,1.97789931,0.0006992883492406832,0.6972705692815446,1.580770032240546e-09
786,29,0.0208992101,0.03157617525,0.000115326089,1.83915496,0.0006374065294889615,0.7035051065017753,1.15191406359687e-09
786,27,0.02074955035,0.0302041741,0.000115326089,1.76886559,0.0008484873952746073,0.6899421247098977,1.3600767813362222e-09
786,28,0.0207936708,0.030887832849999998,0.000115326089,2.00100422,0.0007017234859514949,0.697049323229201,1.6440121129011047e-09
787,29,0.0208976269,0.0315323081,0.000286628871,1.87995422,0.0006179344255251458,0.7025303499053565,1.1947417887260896e-09
787,27,0.0207597995,0.03017101345,0.000286628871,1.7635318,0.0008553419267118916,0.6890979793629611,1.3583823613050114e-09
787,28,0.0208001882,0.03085536605,0.000286628871,2.0179882,0.0007073536282991375,0.6962673158799577,1.7008791013536955e-09
788,27,0.02077035235,0.03001985695,0.000107207816,1.68905556,0.0009168971828010697,0.6868351961382672,1.2750652312363969e-09
788,29,0.02086833495,0.0313207209,0.000107207816,2.03228402,0.0005977152401109556,0.6998042330642469,1.4688265422989418e-09
788,28,0.02079812255,0.0306897303,0.000107207816,1.99729371,0.0006806062743828484,0.6937401944539843,1.5854721744201948e-09
789,30,0.0209543314,0.0317293573,0.000286628871,1.76722991,0.0005977994718241026,0.7033916991918886,9.55524839632886e-10
789,28,0.0207901904,0.03046327085,0.000286628871,1.90935743,0.0007428151028353184,0.6912570885318916,1.5064691057810578e-09
789,29,0.020839314900000003,0.03109042255,0.000286628871,2.07098055,0.0005978742948122126,0.6973247735423073,1.557033389518287e-09
790,27,0.0207918547,0.0300000953,0.000115326286,1.69438708,0.0009129351927776617,0.6856341266204891,1.2819293965714019e-09
790,28,0.02081293705,0.03064560705,0.000115326286,1.99996853,0.0006400020090718587,0.6921358863772674,1.4970379506783015e-09
790,29,0.020879106600000003,0.03127827775,0.000115326286,2.07679486,0.0006439414008175071,0.6986776662876626,1.6915359543180285e-09
791,27,0.02079943285,0.029978911400000002,0.000305058347,1.68830371,0.0009177713388204584,0.6850367468921419,1.2745375578675717e-09
791,28,0.02081780505,0.03061698005,0.000305058347,1.99551284,0.00062769107470064,0.69141685260221,1.4582023409734134e-09
791,29,0.0208793385,0.031241150600000003,0.000305058347,2.10640121,0.0006453873224190529,0.697976830124489,1.77083071373425e-09
792,30,0.020959522600000002,0.03161721865,0.000112399037,1.91012931,0.0006252249809368584,0.7006730649332065,1.2695779029608519e-09
792,28,0.02082428895,0.03036855905,0.000112399037,1.91740322,0.0007255362149124915,0.6882738323503426,1.4906045710707157e-09
792,29,0.02085872835,0.030973229550000002,0.000112399037,2.13164568,0.0005933339629072736,0.69431119791445,1.6888143248163976e-09
793,30,0.0209574513,0.03158081135,0.000281161483,1.94934881,0.0006292578359786539,0.6999821636815531,1.3602569851397633e-09
793,28,0.02083099445,0.0303545874,0.000281161483,1.90425622,0.0006781481534112613,0.6875117046850009,1.3640634272561446e-09
793,29,0.020861499,0.030936810199999998,0.000281161483,2.13964057,0.0005956177592557709,0.693575689365009,1.7149723317670013e-09
794,29,0.0208665617,0.0308461031,9.34446798e-05,2.15063381,0.0005380548886516637,0.6916057188028102,1.5738665148972132e-09
794,30,0.0209456459,0.03145618085,9.34446798e-05,2.04785657,0.0006377266871391864,0.6981050528882421,1.6044364351600156e-09
794,28,0.02084556595,0.030235516849999998,9.34446798e-05,1.88847923,0.0008487715265692639,0.6861221808732084,1.6641116295268622e-09
795,29,0.02086856775,0.03082013035,0.000281161192,2.14280438,0.0005321975760131929,0.6910847978855952,1.5393600647428322e-09
795,28,0.020850039049999998,0.03023584465,0.000281161192,1.88172007,0.0007956783968816516,0.6856590522714221,1.5428991946221796e-09
795,30,0.02094410825,0.0314268684,0.000281161192,2.07724404,0.00064211282523445,0.6976311276742783,1.6878933412792624e-09
796,28,0.02086886575,0.03008945565,0.000112398637,1.81364954,0.0008534497547514566,0.6832123678251518,1.4775126466077195e-09
796,29,0.0208781231,0.0306827612,0.000112398637,2.1107111,0.0005468967022222639,0.6887955446800567,1.5100933931075582e-09
796,30,0.0209299,0.0312526263,0.000112398637,2.23701382,0.000591782078253989,0.6948369488227943,1.9540750775633533e-09
797,28,0.020874192,0.030020554550000002,0.000296067097,1.78316569,0.0009082593910996662,0.682325219735603,1.4924703829218138e-09
797,29,0.0208815299,0.030644163500000002,0.000296067097,2.10780931,0.0005846482163011076,0.6882960997535068,1.6075108704308526e-09
797,30,0.020927976799999998,0.031213345,0.000296067097,2.2774334,0.0005656993014928712,0.6940734587896734,1.9737861860844544e-09
798,28,0.02088976465,0.030032607750000002,0.000112398782,1.79030573,0.0008411897482385748,0.6814050949906217,1.3993696355839974e-09
798,29,0.020892961850000002,0.03061205895,0.000112398782,2.10863447,0.0005476241384174251,0.6870035731083347,1.5075312149142956e-09
798,30,0.020931627600000002,0.031153208550000002,0.000112398782,2.29655695,0.0005538588207800779,0.6926657897107664,1.982858024824057e-09
799,28,0.020898317950000002,0.030009268800000002,0.000281161221,1.77983224,0.0008457817263563633,0.6807192791635763,1.3818290424956724e-09
799,29,0.02089920735,0.03058583755,0.000281161221,2.10898209,0.00054544909145678,0.6862988183368666,1.5023054208003655e-09
799,30,0.020939962950000002,0.0311552938,0.000281161221,2.32063437,0.0006120612581388092,0.6925597505113396,2.2627045870948507e-09
800,29,0.02091292475,0.030599236449999997,9.34447671e-05,2.13352799,0.0004893681303251273,0.6853814437565731,1.396722606820306e-09
800,28,0.02091495785,0.03001962695,9.34447671e-05,1.82469618,0.0009114623552667956,0.6803698559912582,1.6077294226642192e-09
800,30,0.0209486354,0.03113160745,9.34447671e-05,2.34765744,0.0005887321402768651,0.6914106120011397,2.25542837184981e-09
801,28,0.0209195707,0.029995794399999998,0.000286628638,1.80961907,0.0009171096956065852,0.6798871098646736,1.5769051140026346e-09
801,29,0.020917413750000002,0.030598539850000002,0.000286628638,2.15338111,0.0005401076877687786,0.6854200947128054,1.5861174400728536e-09
801,30,0.02094801235,0.0311153261,0.000286628638,2.34720016,0.0005155587903716706,0.6907015951247543,1.9739192029083748e-09
802,29,0.0209295852,0.0305401059,0.000115326206,2.13415098,0.0004986029017265067,0.6838154394971753,1.424363571919808e-09
802,28,0.0209365878,0.029958050700000002,0.000115326206,1.79412532,0.0009312179983001345,0.6787014443287811,1.5593491294087731e-09
802,30,0.0209526876,0.0310363034,0.000115326206,2.3674345,0.000527445409662318,0.6892252621581839,2.0734949882878703e-09
803,30,0.02094621395,0.0308994874,0.000305058347,2.33670044,0.0004065435194774575,0.6868774421078169,1.5352148093619735e-09
803,29,0.02093691285,0.03044391885,0.000305058347,2.08716536,0.0005764690811184994,0.6827053576731847,1.5377592546765928e-09
803,31,0.02099434845,0.0313636055,0.000305058347,2.34010243,0.0004748494854747089,0.6917505050204628,1.8012029910956709e-09
804,30,0.0209589843,0.030922266650000002,0.000115326169,2.38554311,0.00045353720317566624,0.6866723657612377,1.8252612335664199e-09
804,31,0.02101946155,0.031447803600000004,0.000115326169,2.29169226,0.0005317218740679097,0.6921339432829361,1.8912512003826137e-09
804,29,0.02094962825,0.03039225935,0.000115326169,2.10562181,0.0006972794984480294,0.6820138615414136,1.9111116331724594e-09
805,30,0.02095764785,0.030684971249999998,0.000286628725,2.26009321,0.0004198124279340391,0.6834223734765543,1.4307475375679898e-09
805,32,0.0210781973,0.0317049157,0.000286628725,2.01915002,0.0005976094293325593,0.6942061215641782,1.4396187930627568e-09
805,31,0.0209818017,0.03112096155,0.000286628725,2.43786192,0.0004513781678147933,0.6880626079914379,1.9420112657782286e-09
806,29,0.020978628649999997,0.03017634155,0.000107206943,1.95059216,0.0007115183615525995,0.6781292733909796,1.5411477470803917e-09
806,32,0.021055771049999998,0.03156705755,0.000107206943,2.25454473,0.00047452960504525783,0.6916093927972105,1.6050397784509948e-09
806,31,0.020988678599999998,0.031073477100000003,0.000107206943,2.46169329,0.00042419002717728437,0.6867252646565855,1.880505771258919e-09
807,30,0.02097500305,0.0305251116,0.000286628259,2.19995761,0.000482311734567852,0.6808868237462853,1.5128293462172545e-09
807,32,0.02104640565,0.0314942375,0.000286628259,2.34788823,0.0004460694220091054,0.6904716961856212,1.709425290655483e-09
807,31,0.02098846345,0.030991754500000003,0.000286628259,2.46951652,0.00048487546779209115,0.6858790306520486,2.1706304942685116e-09
808,30,0.0209898846,0.0304965945,0.000115326235,2.19845724,0.00047581880156130293,0.6796959549669729,1.4893402423195625e-09
808,32,0.02105992475,0.031482767349999996,0.000115326235,2.34310484,0.0005470026487380679,0.6900190995739385,2.0831152077807725e-09
808,31,0.020997582,0.030940947150000002,0.000115326235,2.49190736,0.00045449758343025403,0.6843807709326255,2.0919622934685597e-09
809,30,0.02099728025,0.03054223025,0.000305058347,2.24299455,0.0004407918852810784,0.6795833815651677,1.46755251971456e-09
809,32,0.021065373,0.031499531149999996,0.000305058347,2.39644909,0.00043466816471336104,0.6891433018648405,1.774071668772249e-09
809,31,0.02100928875,0.0309968386,0.000305058347,2.5266552,0.0004923062633397416,0.6846605535972402,2.364653656761473e-09
810,30,0.02101084685,0.030402532750000003,0.000115326169,2.14112496,0.0004807014562029637,0.6775115327476748,1.3871109745305267e-09
810,31,0.0210074922,0.0307974331,0.000115326169,2.44978523,0.00037758420626903975,0.6814094032195575,1.6491203654978034e-09
810,32,0.0210405234,0.03125428875,0.000115326169,2.54824901,0.0004953581136662095,0.6865230751693083,2.442470002729186e-09
811,30,0.02101906665,0.03054131195,0.000286628754,2.31321073,0.0004924833250227527,0.6785251258217091,1.8028337176866408e-09
811,32,0.02108923905,0.0315317046,0.000286628754,2.38455772,0.00048184103854490744,0.6883525715825609,1.9367386164642203e-09
811,31,0.0210282495,0.03100995905,0.000286628754,2.57786298,0.00046932002891610607,0.6833741648398494,2.3978544769189797e-09
812,29,0.0210575238,0.02993552385,0.000112398273,1.8680563,0.0008837360370598293,0.6721975588796038,1.675712727101897e-09
812,31,0.02102851215,0.03084720205,0.000112398273,2.52805185,0.00036277058538105667,0.6805082724717945,1.7454503839369304e-09
812,32,0.021060473250000003,0.0312825842,0.000112398273,2.59537983,0.0004584376168076376,0.6852498709622961,2.3915945464398926e-09
813,29,0.021066249350000003,0.0299371332,0.000281161396,1.88323987,0.0008981144834067962,0.671795956805741,1.7459423875319205e-09
813,31,0.021036157399999998,0.0308724586,0.000281161396,2.55650425,0.00037104849503261344,0.6803133106173743,1.8478487331409685e-09
813,32,0.02107491345,0.0313373208,0.000281161396,2.58681941,0.0004951995272213521,0.6854383050451299,2.557246350262973e-09
814,31,0.02104614395,0.0307619339,9.34447016e-05,2.52890491,0.000314668224259497,0.6779993623399588,1.515586842067699e-09
814,33,0.021150477199999997,0.03170414825,9.34447016e-05,2.17246342,0.000556704466358361,0.6881669927007992,1.6799078160992607e-09
814,32,0.02106380645,0.0311455857,9.34447016e-05,2.66527843,0.00042468483691106436,0.6823992864344851,2.4043486836995167e-09
815,33,0.0211429065,0.03164918165,0.000281161338,2.2401638,0.0005644155362871286,0.6874326443139717,1.87188156704441e-09
815,31,0.02105161735,0.03069432825,0.000281161338,2.52987599,0.0004103367843694023,0.6774659439342927,1.978712402202882e-09
815,32,0.021063553149999997,0.031104352350000003,0.000281161338,2.66819763,0.00039719982732717513,0.6815827372173688,2.2563374303650617e-09
816,31,0.021067991850000002,0.0306668002,0.000112398913,2.55845547,0.0003929935218724637,0.6760286514100113,1.961747093347685e-09
816,33,0.021127969,0.03152093665,0.000112398913,2.49962282,0.00046085250461049145,0.68468943089085,2.1415308252947662e-09
816,32,0.02107408175,0.03105324785,0.000112398913,2.71899343,0.0003735369378500265,0.6799058829304951,2.248722611554502e-09
817,33,0.021137433150000003,0.0315513294,0.000296067214,2.46416616,0.0004689978984071494,0.684674022158424,2.0856361350218377e-09
817,31,0.021072670850000003,0.03068709935,0.000296067214,2.5963974,0.0004125592468050612,0.676020969826759,2.1548723131078005e-09
817,32,0.0210798113,0.0310808588,0.000296067214,2.73958302,0.0003642958131808565,0.6798038745718975,2.244610049576267e-09
818,34,0.02115512545,0.0316126924,0.000112398498,2.45363498,0.00040290672488900854,0.6840504401027266,1.7682719645360159e-09
818,32,0.021082357500000003,0.030811767099999998,0.000112398498,2.69811368,0.00035726133761580206,0.6762483366969991,2.1003267799213195e-09
818,33,0.02109662255,0.0311818989,0.000112398498,2.79648948,0.00034762768675863454,0.6798620646176559,2.281826498630206e-09
819,32,0.02109075895,0.0306503326,0.000281161279,2.58950448,0.00038287801295859835,0.6742085827182718,1.983559376694564e-09
819,34,0.02114766555,0.03152889385,0.000281161279,2.5399437,0.00044796661806921246,0.6830783329518885,2.1867570664277428e-09
819,33,0.02109501045,0.031049055050000003,0.000281161279,2.80568838,0.00040476471266604494,0.6784187738714851,2.6838713543240004e-09
820,34,0.021158997,0.0315400213,9.34444179e-05,2.59434271,0.0003971186381160091,0.6819624099275802,2.0692035428806324e-09
820,32,0.02110382635,0.03071163225,9.34444179e-05,2.71390438,0.00040697924556696983,0.6740481184661088,2.4360001077237774e-09
820,33,0.021109801749999997,0.031107254350000002,9.34444179e-05,2.86131835,0.00036289802195497544,0.6778270892011383,2.5561692928293244e-09
821,34,0.02116093505,0.0315349177,0.000286628725,2.60358763,0.0004026123742210261,0.6816889942620261,2.1209223725632617e-09
821,32,0.02110706645,0.03070272135,0.000286628725,2.71825171,0.00040033431355337176,0.6736691290838289,2.4080603146902274e-09
821,33,0.02111209185,0.031096768599999998,0.000286628725,2.87207913,0.00036725919883041767,0.6774949220643367,2.6169482903060827e-09
822,32,0.02112200485,0.0306447875,0.000115326242,2.65855813,0.0003647873717907969,0.6719290075371344,2.0493120379636565e-09
822,34,0.021150901899999998,0.0314033898,0.000115326242,2.80489063,0.00034614208947952906,0.6792808978625068,2.2931910794240518e-09
822,33,0.02112013565,0.0310102003,0.000115326242,2.91149402,0.00035877545676058295,0.6756708321286885,2.6660440593680298e-09
823,32,0.02112951965,0.03064819425,0.000305058144,2.68293905,0.00036002598705771587,0.6713626222783722,2.0801891649727096e-09
823,34,0.021153518,0.031378068,0.000305058144,2.85704684,0.0003262327759446055,0.6783658559129504,2.2873790753708533e-09
823,33,0.0211265739,0.031004278,0.000305058144,2.93824887,0.0003448005549270994,0.6749611303291568,2.635347859890901e-09
824,32,0.0211426029,0.030579849149999998,0.000115325951,2.63951397,0.0003863001834929521,0.6701032492920919,2.122666397309886e-09
824,33,0.02113274485,0.03092189505,0.000115325951,2.96194267,0.00030853200203933515,0.6733256181765156,2.4171552313519415e-09
824,34,0.0211488744,0.0312648583,0.000115325951,2.97100019,0.0003178890853935817,0.6766457142790249,2.5139757110781676e-09
825,35,0.0211850349,0.031501837049999995,0.000286628783,2.78887439,0.00030443630812448946,0.6780077877003744,1.9816488782989453e-09
825,34,0.0211488102,0.031145656449999996,0.000286628783,3.02137351,0.0003128155523018139,0.6748256566492019,2.6052372671550107e-09
825,33,0.0211446453,0.03077401405,0.000286628783,2.91078877,0.00039512213184419466,0.6715559412581514,2.933936811045542e-09
826,33,0.021158247249999998,0.03068614285,0.000107207445,2.81086445,0.0003146949579985275,0.6693285940284419,2.098553524906593e-09
826,35,0.02118126395,0.03139336875,0.000107207445,2.92966127,0.0003390217028886067,0.676314334263558,2.5679541527552535e-09
826,34,0.0211543571,0.031016468999999998,0.000107207445,3.05303407,0.0003286222210276777,0.6727670578402898,2.826125713251034e-09
827,35,0.0212087231,0.031567147,0.000286628579,2.74955463,0.0003067119860311719,0.6773572878338793,1.911111250827672e-09
827,33,0.021158211849999997,0.03085103165,0.000286628579,3.01183653,0.00031676877957544325,0.6707542712449449,2.612639658220219e-09
827,34,0.0211669458,0.031197668999999997,0.000286628579,3.08284187,0.00032407127631693395,0.6741466377537711,2.871597875893323e-09
828,34,0.02116877675,0.0309627,0.000115326278,3.11586189,0.0002763630533983633,0.6706384102553089,2.53049819959671e-09
828,33,0.0211805198,0.0306273494,0.000115326278,2.84197855,0.0003932548807334744,0.6677426345823466,2.7128325675501653e-09
828,35,0.0211916072,0.0313374931,0.000115326278,3.01231503,0.0003886031358653292,0.6747102552195258,3.2067001373204335e-09
829,33,0.021181733350000002,0.030708332550000002,0.000305058376,2.93080616,0.00032608775359652863,0.6677892713021988,2.472993752179655e-09
829,35,0.021202197300000003,0.0313980915,0.000305058376,2.97564673,0.0003439444977611782,0.67452348223542,2.7332045920447198e-09
829,34,0.021176024350000003,0.03103131245,0.000305058376,3.14360261,0.0002983632371929828,0.670917430694705,2.807507462916451e-09
830,34,0.0211876789,0.03096666185,0.000112399015,3.19493866,0.0002742422889135464,0.6691232620434191,2.7124494627905366e-09
830,33,0.0212018266,0.03062633985,0.000112399015,2.91730642,0.00040315294695167603,0.6662449298864981,3.0143087145825135e-09
830,35,0.0212087026,0.031337602049999996,0.000112399015,3.08012152,0.0003800470748146294,0.6731120769009541,3.3585009589611075e-09
831,34,0.0211943993,0.03084387725,0.000281161425,3.12606454,0.00022325694209553588,0.6671379556242414,2.064913208503426e-09
831,33,0.021212553600000003,0.0305610765,0.000281161425,2.83866239,0.00035670051459185025,0.6647934145412204,2.4518465239393697e-09
831,35,0.0212063985,0.03121367005,0.000281161425,3.17508841,0.0004423780869995341,0.6717836055622167,4.2922916063864845e-09
832,34,0.02120872775,0.030803673900000002,9.34436612e-05,3.16405869,0.00023162861413669487,0.6658276599052949,2.2234991577374716e-09
832,33,0.02122916655,0.0305294981,9.34436612e-05,2.81473517,0.0003350544571782582,0.6633926082378878,2.2438360856356298e-09
832,35,0.02121384725,0.031163452199999997,9.34436612e-05,3.23947573,0.0004229984202202286,0.6702745328113341,4.365852550722312e-09
833,34,0.021211271150000002,0.030836448099999997,0.000281161774,3.19632268,0.00021091782734826043,0.6656931467708128,2.088908471355741e-09
833,33,0.02123198565,0.03055286035,0.000281161774,2.89969921,0.0003717323272379679,0.6634752272391415,2.7280770318225355e-09
833,35,0.021218759,0.03118584865,0.000281161774,3.24477506,0.00041826209320366584,0.6700914078260172,4.3387467476752034e-09
834,33,0.021252665650000002,0.030503220900000003,0.000112398971,2.81853008,0.0003336116894944795,0.6614799445804445,2.243490744493399e-09
834,36,0.0212860806,0.0316430163,0.000112398971,2.58057952,0.00044746349619754995,0.6730116074751661,2.293758816058055e-09
834,35,0.02122977935,0.03112586775,0.000112398971,3.32177663,0.00042202901290529964,0.6683008078611067,4.705576136127003e-09
835,36,0.02127894295,0.03158939445,0.00029606701,2.74910355,0.0004115871114827177,0.6720605726957101,2.5633515234518044e-09
835,35,0.021231420350000002,0.0311875278,0.00029606701,3.35175037,0.00025413756035449445,0.6677256287213871,2.913037141565528e-09
835,34,0.02123307625,0.030844730299999998,0.00029606701,3.34541678,0.000375233448295944,0.6650489849315968,4.2761267855504745e-09
836,35,0.0212373119,0.0310709942,0.00011239836,3.41067886,0.00022482346177473065,0.665542271178704,2.719048982841084e-09
836,34,0.021244859300000002,0.030797964900000002,0.00011239836,3.3387816,0.00028402476890753624,0.6631719378411077,3.217022906216645e-09
836,36,0.021273117549999998,0.0314704962,0.00011239836,2.95012665,0.00044623939740040606,0.6702470120089423,3.4534029119109378e-09
837,34,0.021257278499999997,0.03069057965,0.000281161367,3.15810037,0.0002571385436981973,0.6613642236384215,2.4541566566240147e-09
837,36,0.0212601637,0.0313698156,0.000281161367,3.29002953,0.00026721200024779816,0.6678977749428258,2.892636195544679e-09
837,35,0.02124564255,0.03101294395,0.000281161367,3.43984056,0.0003522228497638112,0.6650793295280436,4.3729415667369625e-09
838,37,0.0212817695,0.0314591322,9.34441996e-05,3.15961409,0.00027450559124789074,0.6676544165585626,2.6237735303063825e-09
838,34,0.0212927954,0.030498654549999997,9.34441996e-05,2.96692896,0.00038938181643529573,0.6588809102641319,3.0665259545013743e-09
838,36,0.0212593544,0.03107949905,9.34441996e-05,3.4912703,0.0003701854944796256,0.6647568894584491,4.810734614568509e-09
839,37,0.0212817276,0.03143802845,0.000286628783,3.22149134,0.0002582044075595024,0.6671175668042796,2.619767939372154e-09
839,34,0.0212977808,0.0304896757,0.000286628783,2.967206,0.00039479304612018807,0.6585372870755812,3.1100401547494777e-09
839,36,0.02126243895,0.03107004335,0.000286628783,3.51060605,0.0003687121370653897,0.6643913649869168,4.8737406544801355e-09
840,35,0.0212868182,0.0306914458,0.00011532622,3.27969217,0.0002453449060233533,0.6590597028304018,2.630330114745655e-09
840,37,0.02128478795,0.0313813118,0.00011532622,3.37595963,0.00023472501592602246,0.6655335353490174,2.750815086056924e-09
840,36,0.02127324605,0.031025530750000002,0.00011532622,3.56745338,0.0003777937882237615,0.6630526801805893,5.246890016018702e-09
841,36,0.02127458715,0.030983635250000002,0.000305058376,3.61941075,0.0002197153851085666,0.6613905329131382,3.190333813511341e-09
841,35,0.021291420800000002,0.0307139335,0.000305058376,3.38493538,0.00029274057679222243,0.6590670735100664,3.4588825198922713e-09
841,37,0.0212888755,0.031331730099999996,0.000305058376,3.33083534,0.0003719556362479695,0.6653239116346092,4.182237033394139e-09
842,36,0.021288396799999998,0.03086560315,0.000115326191,3.57739878,0.0001993176342085663,0.6592287359598384,2.7920164508129723e-09
842,35,0.021312223749999998,0.0306138061,0.000115326191,3.25174332,0.00030024981633347927,0.657119801595272,3.135311283949351e-09
842,37,0.0212906618,0.0312053692,0.000115326191,3.51222134,0.00039482165825334274,0.663406253750835,5.226323137561956e-09
843,37,0.02131534555,0.03145574595,0.000286628783,3.29278755,0.0002480990217992944,0.6639982115087165,2.6927044427115443e-09
843,36,0.02129718845,0.031094952500000002,0.000286628783,3.65770817,0.00035471950225730744,0.6613716047088555,5.3202456852566285e-09
843,34,0.0213491339,0.0304417834,0.000286628783,3.15626025,0.0005753321721723791,0.655721865924183,5.481260938124737e-09
844,38,0.0213312153,0.03152669405,0.000107206935,3.16569066,0.00026827056982307304,0.663783654985417,2.5794335124159346e-09
844,35,0.02133700995,0.0305954544,0.000107206935,3.39681864,0.0003832358791653608,0.6556107453563041,4.577277679035309e-09
844,37,0.021304435099999998,0.0311592361,0.000107206935,3.64615989,0.00033448094235670976,0.6609409019500985,4.9681311449028434e-09
845,34,0.0213760845,0.0303551843,0.000286628871,2.83836651,0.000360423111108155,0.652382197754857,2.4767396894979927e-09
845,37,0.02131589875,0.03134930875,0.000286628871,3.53617978,0.00022885406413249558,0.6617192456994392,3.093444410291763e-09
845,36,0.0213140203,0.03096682855,0.000286628871,3.75685024,0.0004331909948156873,0.6592935938554358,7.054636292789474e-09
846,37,0.02132907045,0.03136222065,0.000115326227,3.52725124,0.00023511005630429783,0.6606432643379082,3.153393833131824e-09
846,34,0.0214078687,0.030272025600000002,0.000115326227,2.90077066,0.0005836716649644546,0.6512789568238557,4.288520639808243e-09
846,36,0.0213270495,0.0309747085,0.000115326227,3.81879663,0.0004303608820525015,0.658149762277015,7.370387644416789e-09
847,37,0.0213268595,0.03091903035,0.000305058347,3.79454041,0.00015032217693241576,0.6557542648867927,2.5244334353252563e-09
847,38,0.02132509275,0.0311809322,0.000305058347,3.74239755,0.0002988872654427082,0.6589261970030024,4.810093637706301e-09
847,36,0.021354790800000002,0.030656307049999998,0.000305058347,3.59200716,0.0003617784215586458,0.654158975304668,5.1317610453067286e-09
848,37,0.0213385122,0.0309181819,0.000112398389,3.8485074,0.00014319091074278548,0.6545699749154473,2.5115111426906484e-09
848,38,0.0213352796,0.031168374250000002,0.000112398389,3.80875325,0.00028485573888678106,0.6575946929231818,4.83911282750569e-09
848,36,0.02136502975,0.030674275049999998,0.000112398389,3.65296483,0.00032827049883665793,0.6530495136182298,4.904008228356074e-09
849,39,0.0213482464,0.0313918749,0.000281161512,3.52303147,0.00022861934340521147,0.6588080758607019,3.0550944498332435e-09
849,38,0.02133827285,0.031093359950000003,0.000281161512,3.88427687,0.00026213802840147597,0.656379083636542,4.730607861955526e-09
849,36,0.02137597745,0.030633832299999997,0.000281161512,3.6157515,0.000328632357679441,0.6521943755190949,4.757128058833779e-09
850,39,0.021362078399999998,0.03142954785,9.34444906e-05,3.50201106,0.0002114859558905185,0.6578567334642428,2.7745694541120733e-09
850,36,0.021386186600000003,0.0306552509,9.34444906e-05,3.68849564,0.0003009389168598338,0.6511371194826349,4.6316803635700456e-09
850,38,0.02135007925,0.031127140850000002,9.34444906e-05,3.90982318,0.0002798023771835065,0.6556084551485417,5.1523072269216046e-09
851,39,0.021366392300000002,0.0314348806,0.000281161512,3.49268031,0.00021956386168231644,0.6575659825415235,2.8570000275733944e-09
851,36,0.0213878984,0.030673736700000002,0.000281161512,3.73764634,0.00030522919467041804,0.6509829608169211,4.893067527281204e-09
851,38,0.021353367749999998,0.03113469765,0.000281161512,3.92737865,0.00026586665168209573,0.6552314185493969,4.963679916483373e-09
852,34,0.021493221649999998,0.0301920017,0.000112398884,2.88925076,0.0006065073224958313,0.6454285699684154,4.402148680974996e-09
852,38,0.02137071735,0.031262589650000006,0.000112398884,3.81852412,0.00028944727510776884,0.655042162609693,4.956101002982544e-09
852,36,0.021394402700000002,0.0307519352,0.000112398884,3.97613215,0.00031160534813489847,0.6504136691358464,6.042773923240094e-09
853,38,0.021375617,0.031297413600000004,0.000296066981,3.7056613,0.0003074402250310792,0.6551913968774336,4.799881839520029e-09
853,34,0.021487738,0.030242045449999998,0.000296066981,3.02287269,0.000593569187048953,0.645765458112095,4.951431174910484e-09
853,36,0.0213941224,0.0307759065,0.000296066981,4.01602888,0.00028157841531044906,0.6502708584009804,5.6308884620229975e-09
854,36,0.02143637185,0.03055838865,0.000112398491,3.52890635,0.0002501201063690581,0.6467960097444035,3.3596446588989857e-09
854,37,0.02140126375,0.0307863699,0.000112398491,4.00247526,0.00020335108175254367,0.648962063424751,4.024449462986201e-09
854,38,0.02138540615,0.03113658165,0.000112398491,3.98737502,0.00040208003295721055,0.6532449368064674,7.865389229591395e-09
855,39,0.021401454700000003,0.03143844285,0.000281161541,3.48061872,0.00029724920316436345,0.6545702256810151,3.826925768707647e-09
855,35,0.02148226185,0.030377313500000003,0.000281161541,3.38614941,0.000526794980392407,0.6453844341563169,6.231481907599228e-09
855,37,0.02139877345,0.0309076821,0.000281161541,4.17809296,0.0002764518462312741,0.6498104298279203,6.2442117503032684e-09
856,38,0.02139431425,0.031214397399999996,9.34444688e-05,4.11912489,0.0001565745090854674,0.6507923478151115,3.385182013956574e-09
856,37,0.0214061197,0.030953231249999998,9.34444688e-05,4.2405386,0.00028506410962369334,0.6491235913961457,6.7395678087481255e-09
856,35,0.02149265635,0.03039496855,9.34444688e-05,3.52674603,0.0005499748925325934,0.6445563688890658,7.373465712897303e-09
857,34,0.02154781485,0.0301546529,0.000286628434,2.88134742,0.0006189841256201853,0.6417308233429554,4.455039122085469e-09
857,38,0.0213995045,0.031252496850000006,0.000286628434,3.97992992,0.00025412328324964214,0.6514436438884107,4.942612764126734e-09
857,36,0.021431304499999998,0.0307566207,0.000286628434,4.24557209,0.000351706987184898,0.6473730899370899,8.345570483352212e-09
858,35,0.0215516575,0.03020805865,0.000115326176,3.01197386,0.0005709656280900322,0.6411036185611361,4.710288409416326e-09
858,39,0.021410502499999998,0.03128606545,0.000115326176,3.91436052,0.00025504786159722954,0.6506377840117709,4.713373969300476e-09
858,37,0.0214388771,0.03078835555,0.000115326176,4.34133959,0.00033939644705666485,0.6465496134886555,8.625817151777807e-09
859,39,0.02141101475,0.031215639750000003,0.000305058347,4.18831873,0.00017166300337407602,0.6490512801200623,3.906671371689045e-09
859,36,0.021484093699999998,0.0305457292,0.000305058347,3.75977635,0.00031986472787030954,0.6433463175146258,5.2218051499741956e-09
859,38,0.02142207325,0.0309675103,0.000305058347,4.34560299,0.0002416312990173572,0.647219598761198,6.159684183034628e-09
860,35,0.02157647905,0.03018815535,0.000115326184,2.94306874,0.0005372826009041944,0.6392913856272643,4.1277070573377735e-09
860,39,0.02142211515,0.0310944468,0.000115326184,4.28972387,0.00021776611339839833,0.6474025553000406,5.334556270525925e-09
860,37,0.02146776205,0.03068977875,0.000115326184,4.17192507,0.000287805230403258,0.64390977074204,6.47125436645142e-09
861,36,0.021517198549999998,0.03048239465,0.000286628754,3.62742853,0.00029076556859137045,0.640729675959354,4.251112914465261e-09
861,40,0.0214387346,0.0314074671,0.000286628754,3.63303423,0.0002955390188890519,0.649510351668781,4.3414867339556155e-09
861,38,0.02144680265,0.030888440099999998,0.000286628754,4.45415354,0.0002516217174380211,0.6447664523216508,6.920470000537409e-09
862,38,0.021460931750000002,0.030843960150000002,0.000107206659,4.46969891,0.00015106931251186593,0.6426950335153334,4.19972707283592e-09
862,37,0.02149796395,0.03063311335,0.000107206659,4.06674433,0.0002539031002726321,0.6410812077716666,5.277523724448557e-09
862,39,0.021442048249999998,0.031112308649999997,0.000107206659,4.32443142,0.0002995788588178519,0.6458953398289047,7.52303660578731e-09
863,38,0.02149663215,0.0306597864,0.000286628812,4.1425643,0.000232001222677392,0.6409478392130136,5.104394774849485e-09
863,39,0.0214599641,0.0308838319,0.000286628812,4.54713917,0.00018826396081232568,0.6429594798707391,5.517887756379169e-09
863,40,0.0214435486,0.03118595665,0.000286628812,4.17567968,0.0003114399758441082,0.6462872825746969,7.022161238000191e-09
864,40,0.021463559950000002,0.03142085765,0.000115326038,3.56560659,0.00029887425606313773,0.6468571343317208,4.144521065240056e-09
864,38,0.021498631650000002,0.0307153659,0.000115326038,4.30792475,0.00017594272742929267,0.6399463775500144,4.3666024898141056e-09
864,39,0.02146485725,0.03101481315,0.000115326038,4.52346945,0.00034765086572711485,0.6436624444080772,1.0027068389872834e-08
865,39,0.02147010155,0.0309554357,0.000305058202,4.64644527,0.00014637631572670084,0.6412886856533816,4.585173576964244e-09
865,40,0.0214603171,0.03122700375,0.000305058202,4.14296198,0.00029048130941007974,0.6443937759364313,6.392974198037263e-09
865,38,0.021501439599999998,0.0307482798,0.000305058202,4.48618746,0.0002276603946896861,0.6397240009011866,6.401145621081712e-09
866,41,0.02146689315,0.03135300335,0.000115326104,3.94905949,0.00021424175406141847,0.6442714499965839,4.06837666502683e-09
866,40,0.02146819045,0.0310801389,0.000115326104,4.62109041,0.0002118185622131918,0.6419804454573972,6.524346043123921e-09
866,38,0.0215323335,0.0306430487,0.000115326104,4.44566917,0.00036404361011616254,0.638577430709347,9.95401667604399e-09
867,40,0.02149807755,0.03085146935,0.000286629132,4.72970963,0.00016872893473842353,0.6389605505468688,5.582361120610074e-09
867,39,0.02153935655,0.0306361476,0.000286629132,4.28975439,0.00023883467462813515,0.6371554710198144,5.850926605343535e-09
867,41,0.021475504149999998,0.031132650549999998,0.000286629132,4.46283102,0.0002959838645488113,0.642127016423417,8.18962860063193e-09
868,40,0.021481467400000002,0.031226158150000002,0.000112398739,4.3142333,0.00022988576971193578,0.6410935701926707,5.731238463302323e-09
868,39,0.021496454249999998,0.0309596807,0.000112398739,4.81269503,0.0001979271836499165,0.638634951748723,6.908533647083196e-09
868,38,0.0215536198,0.030644519250000002,0.000112398739,4.5874939,0.00038927417482874117,0.6365181290115433,1.172411834804658e-08
869,40,0.0215021782,0.03093914875,0.000281161105,4.83746576,0.00016977974316003866,0.6378771829728508,6.020445821328281e-09
869,41,0.021490537599999998,0.03125758375,0.000281161105,4.0563221,0.0003360046317978711,0.641472001315304,6.929281045356182e-09
869,39,0.02155302375,0.03066584375,0.000281161105,4.6063776,0.0003377151494860189,0.6360607576110247,1.030068944349151e-08
870,40,0.0215248093,0.03085920775,9.34447016e-05,4.89979744,0.00015982011827316933,0.6359317420987921,5.895102086728035e-09
870,41,0.02150139865,0.031152238149999997,9.34447016e-05,4.4154768,0.00031625799300267154,0.6393165190121051,8.468128474924344e-09
870,39,0.02158961815,0.030565667900000003,9.34447016e-05,4.49228191,0.0004144792604004125,0.6342212542737163,1.1703045561500076e-08
871,40,0.02153025105,0.030846320099999998,0.000281161396,4.89273787,0.00016274387175258087,0.6354754379167518,5.976363070927052e-09
871,41,0.0215040315,0.03112433195,0.000281161396,4.59278393,0.00029326537449119214,0.6386146579589078,8.86401010457306e-09
871,39,0.021595475250000003,0.03055698895,0.000281161396,4.46112299,0.0004057216512968612,0.63373336787241,1.1212968541742622e-08
872,40,0.0215279348,0.030934492100000002,0.00011239884,5.0041275,0.0001552199118619407,0.6347491869031804,6.108962075015105e-09
872,39,0.021566139499999998,0.0307280235,0.00011239884,4.76814127,0.00021529278805528039,0.6330869620119531,7.302666815631544e-09
872,41,0.0215125093,0.0312274741,0.00011239884,4.25257921,0.0003072737686331874,0.638039731914555,7.328677350144408e-09
873,40,0.02153201215,0.03095032835,0.000296066806,5.03886175,0.0001724921774337636,0.6343812610605041,6.93482950344114e-09
873,41,0.0215200018,0.031279313399999994,0.000296066806,4.06675673,0.0003408184523567477,0.6380299456561919,7.084405945325628e-09
873,39,0.0215928918,0.030650868999999997,0.000296066806,4.81886387,0.0003840834892885136,0.6325346194061946,1.345928844202804e-08
874,40,0.02154439405,0.0309326332,0.000112398578,5.1156168,0.00014601436981118038,0.6328497919884533,6.149937551556692e-09
874,41,0.02152685915,0.0312096523,0.000112398578,4.37486219,0.0002893551557997813,0.6359477202464174,7.53054711802611e-09
874,39,0.021606544,0.03064549155,0.000112398578,4.89348316,0.0003922749941270699,0.6312865157404229,1.4412118610185002e-08
875,40,0.021552328000000003,0.03091297295,0.000281161367,5.18876028,0.00013310295740829936,0.6320983276067312,5.856545249947064e-09
875,41,0.021531109700000002,0.03116350155,0.000281161367,4.5872407,0.00026390432997925407,0.6349239255658845,7.9470476442264e-09
875,39,0.02161622325,0.030631947299999997,0.000281161367,4.91193104,0.0003991324821990583,0.6306732072048048,1.483496496901592e-08
876,42,0.02153642385,0.03114364295,9.34448253e-05,5.07574892,0.00013222693380238897,0.633153139340071,5.4367919743148715e-09
876,41,0.0215633437,0.0309222117,9.34448253e-05,5.21036339,0.00022760414357718615,0.6317372066597627,1.0143549795173929e-08
876,39,0.021675298,0.030460414499999998,9.34448253e-05,4.39113617,0.0004429210597388225,0.6280729278114611,1.1659766831646052e-08
877,42,0.0215390427,0.031157965750000002,0.000286628783,4.99767923,0.0001405617535502783,0.6327252692490666,5.510266043861273e-09
877,41,0.02156707085,0.03092265685,0.000286628783,5.23179531,0.0002407474730387686,0.6312199087964232,1.0865738185621773e-08
877,39,0.0216806643,0.0304558156,0.000286628783,4.35815525,0.000424100471067483,0.6273424812771575,1.090827838951091e-08
878,43,0.02154763505,0.0313268313,0.000115326373,4.26536655,0.00020486385998687732,0.6330582346268737,4.931625466251426e-09
878,39,0.021706243950000002,0.030417162900000003,0.000115326373,4.13969707,0.00040638968233585747,0.6254556342657779,8.922668852761835e-09
878,41,0.02158309335,0.03089500965,0.000115326373,5.33415699,0.0002670922018892758,0.6297602220987035,1.2795590435432508e-08
879,43,0.02155565845,0.031123885900000002,0.000305058376,5.29069185,0.00010734556006855316,0.6301109619234784,5.014707097894553e-09
879,39,0.02172182685,0.0303966021,0.000305058376,4.02688646,0.0003937326269317496,0.6243362319416601,7.940027628602045e-09
879,42,0.02158672175,0.03090788795,0.000305058376,5.38521338,0.00024586771139642336,0.6289611850332438,1.2129193718788105e-08
880,43,0.02156252695,0.03111891545,0.00011532606,5.34407377,0.00010732056258655369,0.6291905217406267,5.1708681638948085e-09
880,39,0.0217336705,0.030390757150000003,0.00011532606,4.06462288,0.0004165171897204069,0.6235033482970425,8.644129116246394e-09
880,42,0.0215943288,0.030905472150000002,0.00011532606,5.45042419,0.00024120336583962577,0.6280407854503121,1.2348166323360485e-08
881,43,0.021570088350000002,0.03110788855,0.000286628987,5.41368961,0.00010406749724267494,0.628211730190008,5.217909937289024e-09
881,39,0.021741391149999997,0.030397531550000002,0.000286628987,4.05349445,0.00038123591124638836,0.6225450488137567,7.845470756913917e-09
881,42,0.0216035163,0.030896501649999998,0.000286628987,5.52191496,0.00024194640298463282,0.627096731604933,1.2893110995715842e-08
882,42,0.0216299398,0.0308052897,0.000107207561,5.37156916,0.00011649840771332628,0.6243925325296265,5.7025179719898216e-09
882,40,0.0217080321,0.0305388039,0.000107207561,4.67085075,0.000291269699236375,0.6225208181774865,9.272764245590419e-09
882,43,0.021593917150000003,0.03101621845,0.000107207561,5.49727392,0.00023100456580970962,0.6268657459478117,1.2141896188443791e-08
883,45,0.021576202500000002,0.03128492555,0.000286629045,4.49209261,0.0001906778320667513,0.6284552687429329,5.38339695846032e-09
883,40,0.021765669799999998,0.03038076965,0.000286629045,3.96430945,0.0003540129241685569,0.6205993946609821,6.803209270524878e-09
883,43,0.0216213241,0.0308783706,0.000286629045,5.64927673,0.00025465618756780013,0.6253879617599625,1.4557210231145258e-08
884,45,0.02158562185,0.03122669275,0.000115326489,4.75493574,0.00017279548420139225,0.6262942653326161,5.811618280906534e-09
884,40,0.0217872886,0.0303623034,0.000115326489,3.86704564,0.0003314061291237805,0.6186448410912324,5.900023872538635e-09
884,43,0.021639021100000003,0.030846841649999998,0.000115326489,5.77923632,0.0002586304524638844,0.6235140360297032,1.585643477257481e-08
885,42,0.02171270735,0.030591726299999997,0.000305058318,4.72846127,0.00014895952987224124,0.6196551848295033,4.924618325723135e-09
885,44,0.02159768525,0.0311441766,0.000305058318,5.02985096,0.0002117683820431908,0.6250737836116302,8.467525888763055e-09
885,43,0.0216490123,0.0308338031,0.000305058318,5.81937647,0.00029422423260567126,0.6228059878695352,1.8427158701890954e-08
886,40,0.0218305895,0.0303091947,0.00011239892,3.85171628,0.00043536698664656465,0.616489080636631,7.656699563839597e-09
886,43,0.021614077500000002,0.03106991665,0.00011239892,5.55937624,0.0001706297363206546,0.623016239316289,9.2841140772809e-09
886,42,0.021670663700000002,0.0307945749,0.00011239892,5.82109165,0.0002912804878838553,0.6211887205112727,1.8259324738993563e-08
887,44,0.0216113664,0.031138722799999997,0.000281161396,5.25227022,0.00016594512271845142,0.6225214212945943,7.58048399729113e-09
887,40,0.0218175268,0.03036791555,0.000281161396,4.27415228,0.00045657164787701497,0.6163056437766138,1.1061031293927497e-08
887,42,0.0216737753,0.03079870345,0.000281161396,5.77567053,0.00022032384084078404,0.6198522753186001,1.348235675503481e-08
888,42,0.02172260265,0.0306627201,9.3444316e-05,5.2266407,0.0001376921654478319,0.6168701364776049,6.1959223017253504e-09
888,40,0.021834050299999998,0.03036035505,9.3444316e-05,4.11399794,0.0003905679877736462,0.6146575769194093,8.412776264338919e-09
888,43,0.021663309999999998,0.03089646345,9.3444316e-05,5.97997475,0.00027264346941479256,0.6197887803235637,1.8568037082600628e-08
889,42,0.0217204373,0.030684369599999997,0.000281161745,5.37035894,0.00015030409897842257,0.6164691526032511,7.352355365364998e-09
889,40,0.02183887735,0.030362403,0.000281161745,4.18721056,0.00040273023761062954,0.6140546050359854,9.158743716104056e-09
889,43,0.02165936865,0.0309449695,0.000281161745,5.87818527,0.0002966179609590629,0.6196429186195019,1.9161177734914977e-08
890,40,0.02186246495,0.03034707715,0.000112398367,4.19684696,0.00041273406338410303,0.6122380719184756,9.45298728105458e-09
890,43,0.0216519497,0.03101912795,0.000112398367,5.86220598,0.00018742596560085396,0.6180586274278173,1.2006614767910087e-08
890,42,0.0217111688,0.0307669705,0.000112398367,5.92100573,0.000237077381097851,0.6160535793275402,1.566105360662156e-08
891,40,0.0218716236,0.03033516,0.000296067243,4.13206863,0.00041328159017888313,0.6112076851150497,9.02305928935595e-09
891,43,0.0216462603,0.03111368605,0.000296067243,5.23747587,0.000247506966243886,0.6182508713773043,1.1208796686666376e-08
891,42,0.021708442850000002,0.03079371995,0.000296067243,6.06084681,0.00027311766211202837,0.615604982881713,1.9385752662556562e-08
892,40,0.0219132714,0.03027228175,0.000112398731,3.74982977,0.0003665170168991597,0.6086322849184846,5.935557964616404e-09
892,44,0.021658847100000003,0.03113671295,0.000112398731,5.01052427,0.00029967630833768895,0.6171785837178879,1.1841746954732116e-08
892,43,0.0217264192,0.03077516145,0.000112398731,6.11774492,0.0002842703876612312,0.6139769907821835,2.076621792528594e-08
893,40,0.0219285684,0.03025354445,0.000281161279,3.67948985,0.00036067908179610063,0.6078105297634733,5.510304819910124e-09
893,44,0.021666901199999998,0.0310789058,0.000281161279,5.43350315,0.00026040880395767073,0.6159794998121376,1.3205123645442811e-08
893,43,0.021740002600000002,0.030748721200000002,0.000281161279,6.10584593,0.00028663113182126904,0.6131970283718945,2.0813495309278958e-08
894,45,0.02165764195,0.031237226,9.34445852e-05,4.49443817,0.0002242810022627289,0.6155946079515866,6.342530396900938e-09
894,44,0.0216804063,0.0310069267,9.34445852e-05,6.24983025,0.00011273338029814282,0.6131993439753272,8.794843541722712e-09
894,43,0.021743336699999997,0.03077480105,9.34445852e-05,6.24469709,0.0002848506365679701,0.6119953801887118,2.2166366987604493e-08
895,40,0.021942151700000002,0.03026904355,0.000286628871,3.84004927,0.000360252194537784,0.6063397515713413,6.276979826040335e-09
895,44,0.02168209295,0.0310167838,0.000286628871,6.1329565,0.00014035508700865846,0.6132162185539469,1.033170325823447e-08
895,43,0.02174901035,0.03076667995,0.000286628871,6.25248003,0.00028615662221089254,0.611716996753109,2.2353535773697368e-08
896,47,0.0216716481,0.0311778132,0.000115326329,5.14530993,0.0002155191237730241,0.6137619907019934,9.241270099220528e-09
896,46,0.021701838799999998,0.0309590213,0.000115326329,6.50654459,0.00010882474837692627,0.6114622744605753,9.609736932609195e-09
896,44,0.02178999315,0.03067933675,0.000115326329,6.1013236,0.0002824178659760305,0.6097192321729966,2.0461000631963355e-08
897,47,0.0216764659,0.0311734555,0.000305058347,5.17300653,0.00021581244241776368,0.6130282442646521,9.408084303132139e-09
897,46,0.021707760200000002,0.03095441405,0.000305058347,6.55620813,0.00010893221611171325,0.610726215086314,9.847068992494708e-09
897,44,0.0217976598,0.03067479655,0.000305058347,6.1223731,0.0002838422921785811,0.6089818690781624,2.0783489664111856e-08
898,47,0.0216838494,0.031173491850000002,0.000115326249,5.14527082,0.0002154279570866791,0.6120651953455765,9.237254074443822e-09
898,46,0.0217160005,0.0309544653,0.000115326249,6.62218237,0.00010861125760786925,0.6097674624980038,1.012536059691482e-08
898,44,0.021807841,0.0306748971,0.000115326249,6.19532013,0.0002846359342516775,0.6080281551895438,2.161546554445036e-08
899,47,0.0216880739,0.0311949374,0.0002866289,4.90028524,0.000212862000119059,0.6111108209843211,7.854810483900995e-09
899,46,0.02171760705,0.030976749050000002,0.0002866289,6.54019928,0.00010698463476372187,0.6088416040942479,9.598645260074773e-09
899,44,0.0218080478,0.03069688565,0.0002866289,6.35886192,0.0002808365471707348,0.6071293622135371,2.310779315875236e-08
900,47,0.02169793285,0.03117442785,0.00010720767,5.08477497,0.0002144833009159127,0.609544452872989,8.868099269287148e-09
900,46,0.021731838599999997,0.0309556313,0.00010720767,6.71741199,0.00010789319195666932,0.6072574589396098,1.0510393416228207e-08
900,44,0.02182743885,0.03067625035,0.00010720767,6.34395027,0.00028587874805709206,0.6055296542211337,2.3353379809934303e-08
901,45,0.02177039345,0.0308344485,0.000286628667,6.56132841,8.855627878247228e-05,0.6054257097370029,8.024550575717643e-09
901,46,0.0217278246,0.0310000302,0.000286628667,6.27244473,0.000175682046991867,0.6072974465031469,1.3859398743451465e-08
901,44,0.02184545155,0.0306419013,0.000286628667,6.19369602,0.00028207232542658907,0.6044822209417151,2.1403768333406657e-08
902,43,0.021839410099999998,0.03068549935,0.000115326126,6.25454569,0.0001728899937737087,0.6025508944888694,1.3519789399843109e-08
902,45,0.02173311635,0.031034374599999998,0.000115326126,6.05594635,0.00020739039068837461,0.6058746538025339,1.4684476885701813e-08
902,41,0.02199901175,0.03033835165,0.000115326126,4.7168417,0.0004501607696363997,0.5997866882676256,1.4771062796163477e-08
903,45,0.02178844345,0.030834640400000002,0.000305058347,6.71905565,0.00010401719011945467,0.6027918716526673,1.0140562450565343e-08
903,46,0.02173896135,0.031031423250000002,0.000305058347,6.09606647,0.00020557779335260415,0.6049790973939033,1.4855035993439114e-08
903,44,0.02186977675,0.03063361345,0.000305058347,6.29641151,0.0002840063302077545,0.6016851904686249,2.2669765665633577e-08
904,45,0.0217887629,0.0308632655,0.00011239876,6.83742285,0.0001019684591692289,0.6014144010122414,1.0489858045549001e-08
904,46,0.0217418764,0.0310598686,0.00011239876,6.00645876,0.00020155345506038807,0.6035567119173251,1.3915515646281225e-08
904,44,0.02186983175,0.030661141500000003,0.00011239876,6.50580359,0.0002804833614157894,0.6003305786486537,2.4760452323472244e-08
905,47,0.021759104,0.030977948550000002,0.000281161396,6.92142391,8.893012892411836e-05,0.6019379803935004,9.498911437869633e-09
905,42,0.022055469449999997,0.030291778,0.000281161396,4.30427933,0.00040527912630840024,0.595984060253383,1.0033757063610908e-08
905,45,0.0218448453,0.0307365013,0.000281161396,6.81826019,0.00024274859013005256,0.6005189661058355,2.475763758539552e-08
906,46,0.021844171,0.03075772615,9.34446143e-05,6.6542182,0.00010021776900081163,0.5984210852041785,9.483076162279992e-09
906,47,0.02178503945,0.03093731215,9.34446143e-05,6.83100128,0.0001987469464529125,0.6005302500382864,2.0386930148851386e-08
906,45,0.02193641385,0.0305613931,9.34446143e-05,6.0768137,0.00031157508357157655,0.5973575428559726,2.2296699688570564e-08
907,47,0.0218264544,0.030809829,0.000281161134,6.92652082,0.00010569109102799141,0.5983786970767032,1.13149132860162e-08
907,48,0.02177008335,0.0310070263,0.000281161134,6.36084843,0.00020864369896262015,0.6005920197187385,1.718472810004054e-08
907,45,0.021937537,0.03056644185,0.000281161134,6.05129242,0.00028130780344837094,0.5966959747325614,1.9871688908760798e-08
908,47,0.0217669532,0.03105558735,0.000112398404,6.66690063,7.823391664853904e-05,0.5978734255357234,7.44644236742058e-09
908,46,0.02180993185,0.0309077408,0.000112398404,7.07535744,0.00015284839553436188,0.5970453217847652,1.747006775832029e-08
908,45,0.02190800195,0.03066819255,0.000112398404,6.77331448,0.0002911877168659112,0.5954274259271595,2.910000047103779e-08
909,48,0.021752554950000003,0.031150965,0.000296067243,5.88220692,0.00010734316731227512,0.5986684684523855,6.9494913361944575e-09
909,46,0.02182034125,0.03088801075,0.000296067243,7.09095001,0.00018606188841471986,0.5969625264018349,2.1410925275245323e-08
909,45,0.021922295,0.0306430776,0.000296067243,6.58146667,0.00027251064707475365,0.5949923568635114,2.4928720376416404e-08
910,47,0.0218628878,0.030786643699999998,0.000112398746,6.98307991,0.00010077913858498495,0.5941329978764299,1.1062680648427304e-08
910,45,0.021970484399999997,0.03056758365,0.000112398746,6.13511896,0.0002506235767673906,0.5925328615755737,1.8470156939158923e-08
910,48,0.02180233225,0.03097085095,0.000112398746,6.79414701,0.00019946781283699066,0.5962429843196406,2.0123369037240974e-08
911,47,0.02183376345,0.03088255695,0.000281161425,7.17669439,5.97928995634926e-05,0.5936771043637595,7.139980792040956e-09
911,48,0.021798495199999997,0.0309975632,0.000281161425,6.98912191,0.00011918586457367474,0.5949365404934939,1.311815917254138e-08
911,46,0.02191447375,0.03070143795,0.000281161425,7.06996202,0.0002839093497543414,0.593045273246192,3.237422193988182e-08
912,48,0.021804795600000003,0.03100277945,9.34443597e-05,7.02523136,0.00011603938199945874,0.5933457801710385,1.2976079875296554e-08
912,44,0.02207830365,0.0304161813,9.34443597e-05,5.14335489,0.00031260660740214567,0.5881640102053699,1.3389711189233366e-08
912,47,0.0218771435,0.03080597515,9.34443597e-05,7.22619104,0.0002130456400134339,0.5921214420293448,2.598417872420676e-08
913,46,0.0219328124,0.03068337125,0.000286628492,6.54978991,0.00010859695746459967,0.5896281749449913,9.787955229754069e-09
913,44,0.022049714800000002,0.0304705808,0.000286628492,5.50359869,0.0002696542154514411,0.5879095779098111,1.4225467685850924e-08
913,47,0.02185739575,0.0308637237,0.000286628492,7.24148417,0.00021405136884721768,0.5918850779767351,2.6277316705272844e-08
914,46,0.02194164975,0.03069875485,0.000115326198,6.73915386,0.00011779086320496407,0.5875472297276777,1.1590065533824407e-08
914,44,0.022083135349999998,0.0304475734,0.000115326198,5.59295654,0.00035051666633974655,0.5856881767580422,1.9431204125904495e-08
914,47,0.02186002305,0.030898762849999997,0.000115326198,7.32970762,0.0002313583669666883,0.5899796010588596,2.948072681606154e-08
915,47,0.0218736706,0.03085634395,0.000305058347,7.55533743,5.788039987340502e-05,0.5884577017034975,8.096750618174332e-09
915,48,0.02183459045,0.03096462695,0.000305058347,7.33585644,0.00011509011607905976,0.5896677177636886,1.470324717049356e-08
915,46,0.02196155675,0.030678384,0.000305058347,7.18848658,0.00029372664950611617,0.5878491680100482,3.525280261625595e-08
916,43,0.022228384400000002,0.030234657249999998,0.00011532614,4.01062775,0.00042295782685427234,0.5810566106095627,8.425271364254439e-09
916,48,0.02184576635,0.030953829199999998,0.00011532614,7.38153791,9.461998177860458e-05,0.5879482825667735,1.2321411414395037e-08
916,46,0.0219650334,0.0306928074,0.00011532614,7.36642027,0.0002916203473082868,0.5864560212174148,3.773593791842595e-08
917,49,0.021812743500000002,0.031101232399999998,0.000286628725,6.03583956,0.000139468333700345,0.5886704492915691,9.775409167967315e-09
917,47,0.02189852205,0.03083741945,0.000286628725,7.63785601,0.0001307219641378983,0.586473018409482,1.8908344952830562e-08
917,46,0.021998167050000003,0.0306437835,0.000286628725,6.96142864,0.00025528908289257227,0.5851009842474062,2.7758015927858993e-08
918,48,0.0218634121,0.03094514365,0.000107207328,7.46464586,0.00010599128031650271,0.5855774069456764,1.4286263123003902e-08
918,47,0.02191770635,0.03081594595,0.000107207328,7.75988579,0.00011116255725546401,0.5844671191048199,1.6883188107368963e-08
918,46,0.02200646045,0.0306512341,0.000107207328,7.01049519,0.00022176394289248884,0.5833026607143684,2.4639935653381115e-08
919,48,0.02194427885,0.03076873255,0.000286628871,7.4594059,0.00010821551012386498,0.5833445479346008,1.455460726500396e-08
919,46,0.02207232175,0.0305481628,0.000286628871,6.31332779,0.00026880708430747043,0.5816437099574933,2.1636371656939092e-08
919,49,0.02187694515,0.03092586715,0.000286628871,7.49237919,0.0001601665584947364,0.5850209988799714,2.1836257159040617e-08
920,50,0.02196334675,0.03075482695,0.000115326431,7.41465902,9.028471239896484e-05,0.5812143315024935,1.1920257829871765e-08
920,48,0.02208455835,0.03055334465,0.000115326431,6.39612961,0.00027225709170000813,0.579800345038183,2.2810882255234135e-08
920,51,0.02189444005,0.0309113795,0.000115326431,7.55618143,0.00017836984922487155,0.5830750720571171,2.4961146121066755e-08
921,48,0.02199098,0.0307180919,0.000305058347,7.36161709,0.00012864170982701434,0.5801105282741956,1.6613456292403527e-08
921,49,0.021922932,0.0308490908,0.000305058347,7.96374846,0.00011829998777190805,0.5813443332739793,1.9460279392657204e-08
921,46,0.0221511349,0.030462919749999998,0.000305058347,5.86284542,0.0003594405675081806,0.5780953433002809,2.303713425549476e-08
922,52,0.021896352049999998,0.03092981315,0.000115326271,7.71597862,0.00011048561278459645,0.5808424498895799,1.6490240081820403e-08
922,51,0.021954006499999998,0.0308040716,0.000115326271,7.90648508,0.00010503676248373587,0.5796929292370193,1.6899077755647528e-08
922,49,0.0220846739,0.0305867372,0.000115326271,6.71659851,0.0002605630644457368,0.5780519972588247,2.5376284004572333e-08
923,51,0.02202048155,0.03070120605,0.000286628754,7.16741943,9.44081691834522e-05,0.5770275247144329,1.1229551343901641e-08
923,49,0.022129987349999998,0.03053369935,0.000286628754,6.06621695,0.0002102785019702563,0.5755566181914711,1.4968682775565103e-08
923,52,0.02194161805,0.03085179905,0.000286628754,7.97209883,0.000186662305182709,0.5789651261887655,3.080561240199261e-08
924,54,0.0218955027,0.0309632132,0.000112398884,7.79870701,8.321834592012226e-05,0.5778142743130542,1.2835264122098061e-08
924,52,0.021980043499999997,0.0307894284,0.000112398884,8.04804134,0.00013601982751317544,0.5765201516633187,2.3112812702814245e-08
924,49,0.022207906450000002,0.0304408297,0.000112398884,5.77145338,0.0003785719554087976,0.573417484202464,2.3118663186900432e-08
925,54,0.02189001535,0.030999004849999998,0.000281161512,7.52710724,0.00013360548369947958,0.5783693590498944,1.8477099442671253e-08
925,49,0.022215791999999998,0.030444041800000002,0.000281161512,5.6616807,0.0003318938147336611,0.5732411865060877,1.910510658126015e-08
925,52,0.0219964832,0.0307718385,0.000281161512,7.94552708,0.0001188762914092196,0.5762886216564087,1.941843751648351e-08
926,52,0.0220207814,0.030753026750000002,9.34447889e-05,7.66627502,8.146510252547472e-05,0.5733255962819076,1.1919883220109946e-08
926,53,0.021950296100000002,0.030887521799999998,9.34447889e-05,8.16665363,0.00016141186967058764,0.574989876397769,2.8691212259805764e-08
926,50,0.02216375895,0.030544138499999998,9.34447889e-05,6.6792984,0.0003423914734666182,0.5720648162395442,3.2780203569660555e-08
927,54,0.02190549855,0.03099259825,0.000281161279,7.97016239,7.197896952742767e-05,0.5737583089762919,1.1870381137512266e-08
927,49,0.0222939588,0.0303673707,0.000281161279,4.91113853,0.00038331176864338164,0.5680215827251451,1.4243463887717264e-08
927,52,0.0220201882,0.030771611249999997,0.000281161279,8.50573444,0.0002551534480623116,0.5726473638139793,5.1403091022432324e-08
928,49,0.022069525,0.03070526105,0.000112398651,7.46786022,0.00012842599515582248,0.5698687583573987,1.7334072620713762e-08
928,47,0.02223088125,0.03048322165,0.000112398651,5.98306561,0.00031839066566613137,0.5678888835579968,2.172249532571822e-08
928,51,0.0219305558,0.03096325135,0.000112398651,8.07659245,0.00017043774638864111,0.572507498268554,2.9278845214072546e-08
929,55,0.02190831585,0.031027413900000002,0.000296067388,7.12872267,0.00012953104088917196,0.5729871546247837,1.515310652785867e-08
929,49,0.0223016236,0.03039814435,0.000296067388,5.36580372,0.0004258326903942845,0.5672459677802647,2.0780153662140995e-08
929,52,0.0220567146,0.0307377074,0.000296067388,8.03278255,0.00018929194795776278,0.5706571839129049,3.197807201361763e-08
930,53,0.02201297785,0.0308181504,0.000112398855,8.38057041,9.096248732316079e-05,0.5684581405287242,1.7508289888056884e-08
930,54,0.02195758555,0.03091948665,0.000112398855,8.49717903,8.981263578104364e-05,0.5693748927431654,1.803801510208911e-08
930,50,0.0222534742,0.0304864403,0.000112398855,6.1231513,0.0003710044621426379,0.5656896546362113,2.7181499644219723e-08
931,50,0.02225850335,0.030490691799999997,0.000281161483,5.82770205,0.0002760303980209067,0.5652620217529533,1.7368136649370454e-08
931,55,0.02194843625,0.030950758600000003,0.000281161483,8.56220722,9.55793606212966e-05,0.5696414193265006,1.9652126880931044e-08
931,53,0.0220442051,0.030779303100000002,0.000281161483,8.16330433,0.00011870043815297333,0.5681754976880649,2.1073101081163447e-08
932,55,0.021965650849999997,0.0309386961,9.34446725e-05,8.96149349,6.127625093692384e-05,0.5663373558242354,1.449654507120261e-08
932,50,0.02232249365,0.03043561335,9.34446725e-05,5.61022997,0.0004084489671187336,0.5619438640614542,2.286153320319351e-08
932,53,0.0220663892,0.0307730241,9.34446725e-05,8.45795918,0.00019408289588951702,0.5654043897797515,3.842939653391024e-08
933,52,0.02212003715,0.03069645075,0.000286628579,7.49199772,0.00012798939746128482,0.5644506932833372,1.7448403027484487e-08
933,50,0.0222853506,0.0304883616,0.000286628579,5.8682332,0.00031732056626766796,0.5625012422873177,2.039694549977125e-08
933,54,0.0219933707,0.03088966295,0.000286628579,8.99068356,0.00013176988702762128,0.5664608624270876,3.1487421862887413e-08
934,53,0.022050634,0.03081320595,0.000115326176,8.51258564,0.00011146474304160045,0.5642656261302353,2.2512543269632456e-08
934,55,0.02195209825,0.03099208325,0.000115326176,8.94486904,9.958805710847886e-05,0.5657804736519382,2.342628646412949e-08
934,50,0.02229834345,0.03049684315,0.000115326176,6.16376972,0.00039732577227994027,0.561553010347417,2.9709327099762273e-08
935,49,0.022427122100000002,0.030353887,0.000305058376,4.59939528,0.0003827461981491983,0.5561115115764736,1.1623642955619979e-08
935,55,0.0219672481,0.0309732277,0.000305058376,9.31108475,5.902221826168666e-05,0.5624343609026025,1.570895000333199e-08
935,53,0.022072418599999998,0.03080008925,0.000305058376,9.21981049,0.00020494370137241405,0.561544159489986,5.291744860238558e-08
936,56,0.021962286900000003,0.03099178895,0.000115326286,9.33456135,5.590048246913487e-05,0.5620529352510074,1.4994070222270125e-08
936,55,0.02201023045,0.0309006134,0.000115326286,9.66797256,9.614869409950312e-05,0.5614927725615838,2.8731363008851078e-08
936,53,0.022143088249999998,0.0307125673,0.000115326286,7.97757435,0.00020428055481040515,0.5600454256700751,3.378784100374985e-08
937,55,0.02197917645,0.0309786107,0.000286628667,9.65946484,5.707512198118669e-05,0.5595313120917228,1.70095049888338e-08
937,50,0.0223629391,0.0304693375,0.000286628667,5.79606342,0.00041626774768464673,0.5551498195913429,2.5758514584714612e-08
937,53,0.022084359050000002,0.030810127049999997,0.000286628667,9.73904228,0.00020060651681224936,0.5586770168630075,6.131352766721707e-08
938,54,0.02206405435,0.030847938749999998,0.000107207379,9.52438736,7.965098359948792e-05,0.5569947750249333,2.273120559292169e-08
938,55,0.022010923350000003,0.0309330933,0.000107207379,10.0678873,7.550718939004944e-05,0.5577436433771389,2.5562089865633224e-08
938,52,0.02220046615,0.0306771202,0.000107207379,7.69805241,0.00024284335160626292,0.5558082954197576,3.599187667721829e-08
939,55,0.022069285600000002,0.0308503434,0.0002866289,9.68135357,7.724145233078844e-05,0.5554373109204895,2.3180908036804225e-08
939,56,0.02201349565,0.03094039295,0.0002866289,10.1461945,8.522625456557665e-05,0.5562792107901543,2.954863266896507e-08
939,53,0.02221468835,0.03067143915,0.0002866289,7.87248516,0.0002749196428328272,0.5542913283101963,4.365491233696548e-08
940,64,0.02246362805,0.03275052085,0.00011532622,4.22003794,0.0006962603827936192,0.5737602824035619,1.62245407071049e-08
940,57,0.0220122207,0.0309620686,0.00011532622,10.3876858,5.9686599712988156e-05,0.5545624418283189,2.2247646979813374e-08
940,55,0.02212896105,0.030793962100000002,0.00011532622,10.0059299,0.0002133212421361616,0.5536819811616696,7.085878195559662e-08
941,57,0.02198320905,0.031030651200000002,0.000305058347,9.19958878,8.484176500532155e-05,0.5543793405452832,2.1760478427617557e-08
941,55,0.022071618549999998,0.0308722099,0.000305058347,10.7000885,9.467031478922524e-05,0.553132928610095,3.8657029883420516e-08
941,53,0.022220388049999998,0.0306910975,0.000305058347,8.13812733,0.00023502548558851984,0.5517387123275272,4.133371815396989e-08
942,65,0.02244710455,0.032683469349999994,0.000112398498,4.39790344,0.0006971598171965194,0.5706359230049338,1.8446808553161425e-08
942,58,0.022008280300000002,0.0309955422,0.000112398498,9.96160126,7.239688206518752e-05,0.5524339260800097,2.372201746661913e-08
942,56,0.022096146849999998,0.0308561474,0.000112398498,10.6189814,0.00010159344800544175,0.5513746323276174,4.052427321734209e-08
943,60,0.02203260455,0.0309614912,0.000281161338,10.7078085,5.252307550206956e-05,0.5515337399560718,2.1494997697163905e-08
943,57,0.0221798187,0.030766634299999998,0.000281161338,9.09727383,0.00011253100242407109,0.5498999768305805,2.788628299412962e-08
943,59,0.02207994925,0.03088885265,0.000281161338,11.2840185,7.718970132372652e-05,0.5510243994943723,3.711975117869764e-08
944,67,0.02247745915,0.03269333765,9.34444033e-05,4.51234579,0.0006902968026175289,0.5677987793620464,1.976840427701513e-08
944,55,0.022312996,0.03064733,9.34444033e-05,7.58145809,0.0002831836633225387,0.5464408551558938,4.004666423690716e-08
944,58,0.022099165249999997,0.0308832377,9.34444033e-05,11.5004539,0.00012685751380870996,0.5485852621968726,6.467897211899746e-08
945,61,0.02201496435,0.0310292607,0.000281161483,9.10725784,9.546992045462761e-05,0.5478970430584748,2.373889277086974e-08
945,59,0.02211002355,0.03087223135,0.000281161483,11.0964537,7.615462249120015e-05,0.5465271978884123,3.478138581562876e-08
945,57,0.0222370466,0.030730623749999998,0.000281161483,9.04145622,0.0001888872851664867,0.54543287757717,4.5930815708352816e-08
946,59,0.022070881,0.03095382915,0.000112398651,11.2877569,4.905590962330627e-05,0.5432334833250747,2.361550209123275e-08
946,119,0.04036042655,0.060784524300000004,0.000112398651,5.82683659,0.0005726547123820328,1.0,3.6021249051062255e-08
946,57,0.022185962650000002,0.0308129387,0.000112398651,11.1231117,0.0002013439463121098,0.5425381021405652,9.264127085487328e-08
947,59,0.0221672831,0.03082969135,0.000296067301,10.3513165,6.386309269771568e-05,0.5435352519103067,2.3550483337781242e-08
947,57,0.02226521635,0.03073001375,0.000296067301,8.57704639,0.00013199356802299627,0.5426291111557756,2.7288758368081283e-08
947,60,0.02209372725,0.03092659265,0.000296067301,11.0438786,0.00012616413069968565,0.5447279699033328,5.678707207342811e-08
948,59,0.0222500125,0.0307614608,0.000112398659,9.16457653,9.560013916785788e-05,0.5415095776083741,2.4235759758163483e-08
948,70,0.022509393250000002,0.0326636713,0.000112398659,4.74308968,0.0007325245312433933,0.5624794363907117,2.4459012408413973e-08
948,61,0.022121052250000002,0.0309020653,0.000112398659,11.8692322,0.000114712235296768,0.5431271088285419,6.445636647575682e-08
949,60,0.0221387185,0.03088321535,0.000281161483,11.4807129,5.461252418003376e-05,0.5382951599480776,2.7699256866095524e-08
949,61,0.02207630965,0.03097424655,0.000281161483,10.2012186,0.00010769652589545572,0.5392940500052186,3.796990223518183e-08
949,58,0.022246656,0.03077328205,0.000281161483,10.1198149,0.0001637948542975483,0.5375347871124123,5.634160354207227e-08
950,71,0.02264882435,0.0328439623,9.34445852e-05,4.54431057,0.0008203189341395177,0.5613060878937776,2.400974442110529e-08
950,126,0.040399393049999996,0.06084072965,9.34445852e-05,5.90316057,0.0004255905809624754,1.0,2.7866048594661378e-08
950,61,0.0221784748,0.0308590261,9.34445852e-05,11.607584,0.00011003600401740177,0.5382921505561039,5.7731007128366984e-08
951,66,0.022031050150000002,0.03149923685,0.000286628871,7.40057182,0.0001968047122156301,0.541758884092456,2.5839981318755583e-08
951,69,0.02242018565,0.0324220005,0.000286628871,4.84526634,0.0007429077265204488,0.5539835981814478,2.6488336818180024e-08
951,60,0.0221832143,0.03085914905,0.000286628871,11.812089,0.00012840350956294815,0.5367799854686612,7.108814659474244e-08
952,72,0.02255585885,0.032639652500000005,0.000115326162,5.02272749,0.0007959049610957085,0.5555893752626411,3.1700820170382705e-08
952,64,0.022102254449999997,0.0309715653,0.000115326162,10.3434954,9.719977695804409e-05,0.5360356039828209,3.576321266348167e-08
952,61,0.022262761399999997,0.030795320850000002,0.000115326162,10.6741543,0.00014920876187888142,0.5344876104033804,6.048197879300836e-08
953,71,0.02253456695,0.032576568449999996,0.000305058347,5.09727097,0.0008094649295870058,0.5530188305760626,3.3736776853612065e-08
953,68,0.02207045445,0.03158213015,0.000305058347,8.03386211,0.0002112641610235196,0.5388537330415467,3.571455179062147e-08
953,62,0.022196441900000002,0.03087462395,0.000305058347,12.3440857,0.0001875329562300363,0.5334814287200687,1.1890378538118017e-07
954,73,0.022538271749999998,0.03258106115,0.000115326191,5.10215521,0.0008117568861930228,0.5545869487286242,3.3932679700619336e-08
954,63,0.02221587115,0.030856898950000003,0.000115326191,11.4105015,7.00269117985578e-05,0.5343747081633975,3.485562840334757e-08
954,64,0.02215003035,0.0309258131,0.000115326191,12.1154823,8.219229955583171e-05,0.5351101885098437,4.92005748134885e-08
955,66,0.022130994100000002,0.03096016965,0.000286628434,10.9211607,8.584056405736564e-05,0.5337182648657594,3.733541367416632e-08
955,71,0.022088781000000002,0.03160788305,0.000286628434,8.371418,0.00019698522278130022,0.5388552458708589,3.779896712316092e-08
955,63,0.02230162455,0.03079337815,0.000286628434,10.6994371,0.00014434898065766806,0.5321862902282214,5.8942197001948804e-08
956,73,0.022155475799999998,0.0317400154,0.000107207416,8.36593151,0.00024980287433377235,0.5358332562901342,4.783828330113196e-08
956,67,0.022159113549999998,0.0309420824,0.000107207416,11.283824,0.00010644134670739102,0.5290518625572573,5.11931573990429e-08
956,62,0.0225355914,0.03063138295,0.000107207416,7.25791693,0.0004203483695526935,0.5259970978727686,5.198593814481361e-08
957,64,0.0223265197,0.03079380465,0.000286628754,10.3428745,0.00012977092805439215,0.5272190396324337,4.774181422717708e-08
957,67,0.022159537299999997,0.030945368100000002,0.000286628754,11.2199612,0.00010361870521211126,0.528790243463408,4.897302378475873e-08
957,73,0.022159559699999998,0.031740382299999995,0.000286628754,8.48225212,0.00024817674836741385,0.5355629709837069,4.959061034189311e-08
958,72,0.0220920062,0.03149455975,0.000115326249,10.0077868,0.00014356632110429994,0.5288380262449123,4.7725639496254343e-08
958,64,0.0223199585,0.030813544999999998,0.000115326249,10.8099995,0.00012861740847502126,0.5235214634073296,5.4208083077683147e-08
958,73,0.0221553091,0.03167035245,0.000115326249,9.04582214,0.0002582209947218361,0.5310224988705248,6.289413846905202e-08
959,76,0.02222779675,0.03184581735,0.000305058376,7.65514231,0.0003633780987844482,0.5368540325502728,5.2949034945418654e-08
959,68,0.0222024731,0.030918638249999998,0.000305058376,11.8436546,0.00010238604948142843,0.5279967983266546,5.7156480903818426e-08
959,74,0.02208711205,0.03146975115,0.000305058376,9.94492531,0.00018294800742120604,0.5322327000316788,5.9648979977959e-08
960,75,0.02217946015,0.0316786207,0.000112398971,9.15162945,0.00026801122395373936,0.5303282651790858,6.765800784355423e-08
960,74,0.0221112957,0.03149951995,0.000112398971,10.7257233,0.00017404371869228177,0.5281251024861331,7.160861340221623e-08
960,135,0.04053909705,0.060743793850000005,0.000112398971,9.62766075,0.0005345431724892742,0.9999999999999998,1.5773474067788575e-07
961,73,0.02210086495,0.03143265285,0.00028116157,10.9014273,0.00015205820112729608,0.5241541931394476,6.577211490149884e-08
961,137,0.0405447781,0.0608279873,0.00028116157,8.56494236,0.0003383123826852225,0.9999999999999997,6.965184028517012e-08
961,74,0.0221571606,0.0315992348,0.00028116157,10.1857281,0.00022958153670002033,0.5260107205808485,8.05755698038484e-08
962,79,0.02223724685,0.03174295275,9.34443888e-05,8.56004906,0.0002937308818631305,0.5269443539679727,6.041783864107486e-08
962,78,0.02216932645,0.031588850550000006,9.34443888e-05,10.8337193,0.00018322590225094767,0.5246363234732568,7.78136791525888e-08
962,77,0.022117108099999998,0.031438617050000006,9.34443888e-05,11.338829,0.00017663861506941924,0.5231966009383479,8.631066902618441e-08
963,80,0.02261404975,0.03244657815,0.00028116157,6.03831053,0.0008912721038535773,0.5416815726637356,6.267445633803887e-08
963,77,0.0221925555,0.0316384267,0.00028116157,9.98181152,0.00023119837171996395,0.5272159599107723,7.636770944414211e-08
963,76,0.0221321946,0.03148752825,0.00028116157,11.3590183,0.00017090454890415581,0.5254064094804777,8.40300697264169e-08
964,84,0.0222247215,0.0316373333,0.000112398855,9.98837185,0.00017612431049072633,0.5207891853380548,5.849510888661315e-08
964,82,0.0221190471,0.031380631,0.000112398855,12.9283075,0.00012406187774619584,0.5179311405212519,9.115622808885536e-08
964,83,0.0221691923,0.0315143745,0.000112398855,11.6793232,0.00020975404176080555,0.5194847038355971,1.1273469679494082e-07
965,77,0.02210670055,0.03131906315000001,0.000296067155,12.439538,8.741223394258001e-05,0.5207776242133303,5.717316165883037e-08
965,79,0.022195189249999997,0.03157041595,0.000296067155,11.1305943,0.00018560113054358313,0.5234251037269805,8.621657404100058e-08
965,78,0.0221434021,0.03143891135,0.000296067155,12.2342787,0.00017468184647500038,0.5220612446990278,1.0854969754855656e-07
966,88,0.022223206250000002,0.03158532455,0.000112398528,10.4991636,0.0001942504789688898,0.526019267831524,7.58540704071407e-08
966,86,0.022127764299999998,0.031357307,0.000112398528,13.061533,9.945174426198305e-05,0.5233804325626885,7.605315466926554e-08
966,87,0.0221701013,0.03146832625,0.000112398528,12.0007915,0.00018174926603083897,0.5246559822928818,1.0709428972797562e-07
967,89,0.022125416449999998,0.03130255825,0.000281161338,12.2964191,8.587185219465742e-05,0.5187787918755484,5.1805122599190695e-08
967,91,0.022211970749999997,0.031526409049999995,0.000281161338,10.7524223,0.00017354085390962193,0.5211134420765969,6.92752982546162e-08
967,90,0.02216272615,0.03141212275,0.000281161338,12.4269753,0.00017264608032662338,0.5199430998441147,1.0759580962759309e-07
968,2,0.0278515825,0.00104896288,9.56276999e-05,1.82119405,0.0014480982514962193,0.04670900097258326,1.913118107234938e-09
968,4,0.027996808300000002,0.00122657715,9.56276999e-05,1.72851753,0.0017430667919649998,0.10698696196457837,1.9608659032362718e-09
968,3,0.02793460715,0.001113399165,9.56276999e-05,1.80142963,0.0015806510207232976,0.07537521932764056,2.0192716076250145e-09
