streamline_id,start_node_id,end_node_id,n_points,weight,status,transit_s,length_m,floor_segments,min_speed_m_s,max_stress_Pa,SA_dyne_s_cm2,repeated_node_ids,start_x_m,start_y_m,start_z_m,end_x_m,end_y_m,end_z_m,GW_HI2_percent,GW_HI3_percent,GW_HI2_exact_percent,GW_time_fraction_tau_above_fit,GW_transit_above_fit,HO_HI2_percent,HO_HI3_percent,HO_HI2_exact_percent,HO_time_fraction_tau_above_fit,HO_transit_above_fit,TZ_HI2_percent,TZ_HI3_percent,TZ_HI2_exact_percent,TZ_time_fraction_tau_above_fit,TZ_transit_above_fit,TZ_time_fraction_tau_below_50Pa,GW_HI3_no_floor_percent,GW_HI3_midpoint_percent,GW_HI2_reversed_percent,GW_HI3_stride2_percent,GW_HI3_stride4_percent
0,0,1234,267,0.100407518,unverified,0.3844722338746723,0.11481514815345431,0,0.0384808928,16.5967579,3.3893975386825357,0,-0.0276255403,0.00120270997,0.00030197372,0.0341409706,0.0642911047,0.00030197372,5.268566177207527e-05,0.00012654037741707247,5.2867695732216515e-05,0.0,False,1.4346814777525715e-06,2.9871341827047355e-06,1.4434589123266551e-06,0.0,False,1.01906409939773e-05,3.2317423614240056e-05,1.0338803242565459e-05,0.0,False,1.0,0.00012654037741707247,0.00013784220416631732,7.737236664697605e-05,0.00011703651054048829,0.00011614005416818376
1,1,1498,265,0.0998158082,unverified,0.3870525166487495,0.11482994399871138,0,0.0378278084,17.0480633,3.4226865628159864,0,-0.0276262984,0.00120092428,0.00010505836,0.0341326296,0.0642954409,0.00010505836,5.444030013183498e-05,0.0001324202979892649,5.462327959980323e-05,0.0,False,1.4646827212913008e-06,3.0842635691150044e-06,1.473509925775166e-06,0.0,False,1.0381926888064752e-05,3.3528864350703046e-05,1.053070588526134e-05,0.0,False,1.0,0.0001324202979892649,0.00014221910061897774,8.020776410206999e-05,0.0001182480445110232,0.00010718906268236533
2,2,1741,244,0.127923429,unverified,0.3314681038696584,0.1137868246506146,0,0.0615620539,18.0609283,3.069597682836578,0,-0.0275785066,0.00131307903,0.000204907017,0.0341544002,0.064284116,0.000204907017,4.8879680051654343e-05,0.00011529516947235389,4.9046553935150066e-05,0.0,False,1.3412007587075437e-06,2.7579829123065903e-06,1.349474658062613e-06,0.0,False,9.553669296867243e-06,2.9916111057485202e-05,9.699500790489386e-06,0.0,False,1.0,0.00011529516947235389,0.00012512083718731816,7.117977806207704e-05,0.00010001641994846747,8.777471531458586e-05
3,3,1976,236,0.127108514,unverified,0.3053123229456784,0.1130699298667593,0,0.0783801377,14.687396,2.871440382305515,0,-0.0275393762,0.00140379323,0.000198282534,0.0341666862,0.0642777234,0.000198282534,4.457749576555604e-05,0.00010174772884594124,4.470185036992618e-05,0.0,False,1.2507911277752705e-06,2.518500794843955e-06,1.2572360666461967e-06,0.0,False,8.913281517506439e-06,2.703073546434014e-05,9.025629188223606e-06,0.0,False,1.0,0.00010174772884594124,0.00011042759024071141,6.467512063946042e-05,9.207052485998604e-05,0.00010726423644231077
4,4,2205,230,0.126568288,unverified,0.2890789569127884,0.11257638260571087,0,0.0897768959,16.1390953,2.7204246784086648,0,-0.0275019165,0.00148993882,0.000201955263,0.0341778882,0.0642718822,0.000201955263,4.190851904196827e-05,9.480216379949916e-05,4.2033397108039935e-05,0.0,False,1.187947929532594e-06,2.3745583624848497e-06,1.1945252215066045e-06,0.0,False,8.47941029064137e-06,2.549514397895207e-05,8.59694404809304e-06,0.0,False,1.0,9.480216379949916e-05,0.00010121404698176494,6.072510868006146e-05,8.071796221360773e-05,7.918173318515401e-05
5,5,2423,219,0.126262143,unverified,0.27556000209737325,0.11212867959078071,0,0.102538593,11.0806112,2.5786314955871736,0,-0.0274642222,0.00157593819,0.000306555856,0.0342068821,0.0642567948,0.000306555856,3.65318757037426e-05,7.653231572477252e-05,3.667405052908296e-05,0.0,False,1.0909542098156034e-06,2.0659022414459908e-06,1.0982781808256998e-06,0.0,False,7.859163189981206e-06,2.147956573950398e-05,7.992638719596765e-06,0.0,False,1.0,7.653231572477252e-05,8.237334404515367e-05,5.228923563920441e-05,7.092084518786713e-05,6.57308538304018e-05
6,6,2644,222,0.126235366,unverified,0.27648952974100854,0.11212253326848676,0,0.100705326,14.4706287,2.5953083161181096,0,-0.0274609216,0.00158346747,8.89372823e-05,0.0341959745,0.0642624721,8.89372823e-05,3.8348104383501584e-05,8.326618150088522e-05,3.8482478447699586e-05,0.0,False,1.1196669578913696e-06,2.170121677645135e-06,1.1266113886953664e-06,0.0,False,8.055481080351045e-06,2.2960476073014968e-05,8.181063495791577e-06,0.0,False,1.0,8.326618150088522e-05,8.892778208334603e-05,5.5030623137572195e-05,8.322661955515331e-05,8.763218013026287e-05
7,7,2856,213,0.126137972,unverified,0.26202498160727794,0.11156419810935583,0,0.114350565,11.9215384,2.4565153381502913,0,-0.0274095051,0.00169931119,0.000287601346,0.0342182219,0.0642508864,0.000287601346,3.467843112405914e-05,7.078404973407906e-05,3.482791573576434e-05,0.0,False,1.0518740233971896e-06,1.9492581993041062e-06,1.059422764488862e-06,0.0,False,7.655264517252888e-06,2.0156808454334397e-05,7.792967229705421e-06,0.0,False,1.0,7.078404973407906e-05,7.559169703680539e-05,4.899740221218669e-05,6.316738402351768e-05,6.0516739528676396e-05
8,8,3065,210,0.126129285,unverified,0.2556011118325799,0.11131229453665345,0,0.121188618,10.9189405,2.372837908836813,0,-0.0273804925,0.00176447083,9.80262485e-05,0.0342383683,0.0642404035,9.80262485e-05,3.22598994019056e-05,6.441766623506406e-05,3.24167830546673e-05,0.0,False,9.995504266478278e-07,1.8187183074206665e-06,1.0074691203969742e-06,0.0,False,7.310401535603425e-06,1.8669975265532822e-05,7.454320909259013e-06,0.0,False,1.0,6.441766623506406e-05,6.847397553611403e-05,4.551829850832432e-05,6.440092351024342e-05,8.065184391394026e-05
9,9,3272,208,0.12612693,unverified,0.25289673063544194,0.11119527200110173,0,0.123786189,10.6093292,2.349684721972359,0,-0.0273676887,0.00179282099,0.000249999983,0.0342443772,0.0642372817,0.000249999983,3.22362601118018e-05,6.408343368011591e-05,3.239326617940495e-05,0.0,False,9.985221901701148e-07,1.8130781203559788e-06,1.0064158964611625e-06,0.0,False,7.314806399505171e-06,1.8594187258446293e-05,7.458449439902869e-06,0.0,False,1.0,6.408343368011591e-05,6.682387315541579e-05,4.5365562485461525e-05,6.403246825719173e-05,5.187750726748541e-05
10,10,3475,204,0.126118228,unverified,0.24407881578323162,0.11075625545336243,0,0.126118228,9.18189335,2.2552183157643553,0,-0.0273109376,0.00191829621,9.34445779e-05,0.0342657566,0.0642261431,9.34445779e-05,2.98933033307839e-05,5.7478232543828284e-05,3.0057745442402857e-05,0.0,False,9.497435922019238e-07,1.6776533996427696e-06,9.579631117684976e-07,0.0,False,7.01632521100619e-06,1.702641601170641e-05,7.164616560571517e-06,0.0,False,1.0,5.7478232543828284e-05,6.035282143287234e-05,4.1689346099606284e-05,5.690878661942986e-05,5.078104056785467e-05
11,11,3675,201,0.126118705,unverified,0.24500187492924927,0.11076028829317366,0,0.126118705,10.3853207,2.2846159825629853,0,-0.0273143258,0.00191080442,0.000311062759,0.0342471041,0.0642358512,0.000311062759,3.179328553698775e-05,6.263228175082176e-05,3.1956578467476e-05,0.0,False,9.879173383127433e-07,1.7783443049308725e-06,9.960671703238417e-07,0.0,False,7.282640122847658e-06,1.8245769166271798e-05,7.429742906554848e-06,0.0,False,1.0,6.263228175082176e-05,6.518822393711688e-05,4.441617594941727e-05,5.8012039722930125e-05,5.4365889340510874e-05
12,12,3875,201,0.126111731,unverified,0.23923392206279342,0.1104912222560098,0,0.126111731,8.25993061,2.2132755352974924,0,-0.0272777546,0.00199066917,0.000168797938,0.0342714228,0.0642231926,0.000168797938,2.900237540810615e-05,5.48343191276944e-05,2.916912516952651e-05,0.0,False,9.312267558807629e-07,1.624793155887676e-06,9.396019602383916e-07,0.0,False,6.8989838922095246e-06,1.6393416922716932e-05,7.048984695671982e-06,0.0,False,1.0,5.48343191276944e-05,5.7711652461012597e-05,4.03125060100772e-05,5.1774821033843996e-05,5.24208382126631e-05
13,13,4074,200,0.126104251,unverified,0.233454216724893,0.11017439341743002,0,0.126104251,7.28819752,2.14745691235699,0,-0.0272358824,0.00208182447,0.000296067039,0.0342914574,0.0642127618,0.000296067039,2.7129192905618326e-05,4.9899687181546046e-05,2.729839467146712e-05,0.0,False,8.909737929772107e-07,1.5185249293210438e-06,8.994491697025468e-07,0.0,False,6.6445881375616535e-06,1.5187075914473652e-05,6.795496740533741e-06,0.0,False,1.0,4.9899687181546046e-05,5.264476195389359e-05,3.7384988477729987e-05,4.701829196140036e-05,4.4819345625575136e-05
14,14,4271,198,0.126103848,unverified,0.2321100329962014,0.110078023288915,0,0.126103848,7.27751112,2.137243198035383,0,-0.0272175986,0.00212108903,9.49416208e-05,0.0342934318,0.0642117485,9.49416208e-05,2.7285601704673158e-05,5.030794929429334e-05,2.7455857043032663e-05,0.0,False,8.931548819114007e-07,1.5256665910917965e-06,9.016826389713288e-07,0.0,False,6.663575253744584e-06,1.5285879088891342e-05,6.814910738129402e-06,0.0,False,1.0,5.030794929429334e-05,5.254075213934451e-05,3.7551814846087516e-05,4.913830794258041e-05,4.593333205331613e-05
15,15,4464,194,0.126104161,unverified,0.22817671287543426,0.10986416579936203,0,0.126104161,6.97594738,2.088652190667966,0,-0.0271850117,0.00219095219,0.000233482438,0.0343115181,0.0642023236,0.000233482438,2.5675450452717397e-05,4.628881670424463e-05,2.5844430136455474e-05,0.0,False,8.578409618771506e-07,1.4379520935462238e-06,8.663362254460669e-07,0.0,False,6.423926726223319e-06,1.4288762286198881e-05,6.574010190140478e-06,0.0,False,1.0,4.628881670424463e-05,4.83883713500255e-05,3.526707003025814e-05,4.3652968697977195e-05,4.247286565203499e-05
16,16,4656,193,0.126103237,unverified,0.22402061120425426,0.10958211114577215,0,0.126103237,6.80514431,2.050768888295366,0,-0.0271433722,0.00227969186,9.49416208e-05,0.0343188345,0.0641985163,9.49416208e-05,2.5228337826708864e-05,4.527423311024202e-05,2.5395595772623e-05,0.0,False,8.456917831283372e-07,1.4112276637533524e-06,8.541210413593878e-07,0.0,False,6.3514145355474075e-06,1.4029548551148621e-05,6.4995343728020275e-06,0.0,False,1.0,4.527423311024202e-05,4.731403383283577e-05,3.4473946988673507e-05,4.262048652101649e-05,4.235394236256613e-05
17,17,4849,194,0.12610203,unverified,0.22306174199802464,0.10949565670384581,0,0.12610203,6.9064374,2.0481001786424304,0,-0.0271300189,0.00230789161,0.000311062642,0.0343158282,0.0642000809,0.000311062642,2.523860438246493e-05,4.527760324285771e-05,2.540573757665655e-05,0.0,False,8.464450736120579e-07,1.410515381590898e-06,8.54875272930487e-07,0.0,False,6.360562915045955e-06,1.4028816562444804e-05,6.508429521619519e-06,0.0,False,1.0,4.527760324285771e-05,4.743811608037865e-05,3.4499624570257264e-05,4.2661354343599856e-05,4.086312650114491e-05
18,18,5036,188,0.126098111,unverified,0.217774250462627,0.1091848908960042,0,0.126098111,6.50744915,1.9808959177883345,0,-0.0270793196,0.00241477741,0.000112398629,0.0343491249,0.0641827434,0.000112398629,2.3310497726520682e-05,4.06399606332077e-05,2.347822612115274e-05,0.0,False,8.020042993849634e-07,1.3039365133993334e-06,8.104805463392351e-07,0.0,False,6.0661469070725656e-06,1.2850584767184979e-05,6.213575400011556e-06,0.0,False,1.0,4.06399606332077e-05,4.178642839846358e-05,3.162943156200434e-05,4.026097126868069e-05,4.425212807157681e-05
19,19,5222,187,0.12609601,unverified,0.2164094588957291,0.10906743896435706,0,0.12609601,6.5897274,1.9680430405522442,0,-0.0270583294,0.00245844177,0.000286628492,0.0343494751,0.0641825646,0.000286628492,2.318864327463956e-05,4.053412439131017e-05,2.3354246722415685e-05,0.0,False,7.976572644453502e-07,1.2980553878540942e-06,8.060548540513982e-07,0.0,False,6.036577415306637e-06,1.2818745914040654e-05,6.1822796742610656e-06,0.0,False,1.0,4.053412439131017e-05,4.2112248097522885e-05,3.143969958127272e-05,3.7761287105048143e-05,3.72599856499119e-05
20,20,5406,185,0.126092494,unverified,0.21322041345261805,0.1088234453174245,0,0.126092494,6.28957319,1.9358378754066052,0,-0.0270160884,0.00254631275,0.000107207168,0.0343605317,0.0641768128,0.000107207175,2.244069956628068e-05,3.8829367883842466e-05,2.2602457146954756e-05,0.0,False,7.795666688052446e-07,1.256926976098057e-06,7.878230588439185e-07,0.0,False,5.913748932460165e-06,1.2377700082723396e-05,6.056345088881936e-06,0.0,False,1.0,3.8829367883842466e-05,3.950494344411471e-05,3.0365601141474684e-05,3.6553643302868326e-05,3.959091951808285e-05
21,21,5590,185,0.126091406,unverified,0.21223109865405154,0.108744909358988,0,0.126091406,6.40523863,1.9266016031426492,0,-0.0270013344,0.00257676467,0.000286628521,0.0343668461,0.0641735196,0.000286628521,2.244368317208157e-05,3.889139583621449e-05,2.2605926911332385e-05,0.0,False,7.787131862807517e-07,1.256299946876384e-06,7.86990490878704e-07,0.0,False,5.913084140463213e-06,1.2391188179077647e-05,6.055731484337978e-06,0.0,False,1.0,3.889139583621449e-05,3.938513683993275e-05,3.0315703027499263e-05,3.6933236341229336e-05,3.3033020707659796e-05
22,22,5773,184,0.126088738,unverified,0.20933422832861945,0.10848757235875481,0,0.126088738,6.05189943,1.8984227994557537,0,-0.0269565731,0.00266850507,0.00011532614,0.0343710445,0.0641713366,0.00011532614,2.1728636067428335e-05,3.708781118772199e-05,2.1890586869726425e-05,0.0,False,7.628441695282061e-07,1.2144345383665485e-06,7.711150177983254e-07,0.0,False,5.8133003959849635e-06,1.1923514815572795e-05,5.955074767950027e-06,0.0,False,1.0,3.708781118772199e-05,3.8367395900528825e-05,2.9213138642460322e-05,3.590799836063125e-05,4.1237462855694986e-05
23,23,5954,182,0.126087561,unverified,0.207570485143591,0.10836452950303588,0,0.126087561,6.14786053,1.8741231427333436,0,-0.0269300696,0.0027227588,0.000305058376,0.0343888067,0.0641620904,0.000305058376,2.1010852221989667e-05,3.552743868092829e-05,2.1172182961502157e-05,0.0,False,7.451296311012104e-07,1.1760014626036724e-06,7.534054453749323e-07,0.0,False,5.689754316037779e-06,1.1513080039230065e-05,5.831001804874236e-06,0.0,False,1.0,3.552743868092829e-05,3.61795563473714e-05,2.8169488114638993e-05,3.453037323726284e-05,3.240586229440721e-05
24,24,6135,182,0.126085222,unverified,0.20603457981406817,0.1082026433685424,0,0.126085222,6.04692698,1.8592698219164978,0,-0.0268985834,0.00278634322,0.000115326169,0.0343934782,0.0641596541,0.000115326169,2.0662037799017422e-05,3.476017105124001e-05,2.0817262834747785e-05,0.0,False,7.365232031852753e-07,1.1569394110413704e-06,7.445252635341697e-07,0.0,False,5.630101797303308e-06,1.1310033879760436e-05,5.766680480430401e-06,0.0,False,1.0,3.476017105124001e-05,3.5398626438117575e-05,2.7674100922170834e-05,3.3732121081609056e-05,3.0311372192801957e-05
25,25,6317,183,0.126083359,unverified,0.20428836117788352,0.10804912072238988,0,0.126083359,5.80457449,1.8453156742707177,0,-0.0268661752,0.00285179378,0.000286628521,0.0343997218,0.0641564131,0.000286628521,2.0334883072862168e-05,3.3994144149722154e-05,2.048572962691669e-05,0.0,False,7.288290298973029e-07,1.138276478162087e-06,7.366363684305704e-07,0.0,False,5.578836821354158e-06,1.1107093053317471e-05,5.7119020523119865e-06,0.0,False,1.0,3.3994144149722154e-05,3.441619779252703e-05,2.7224157046936506e-05,3.429352442844223e-05,3.0416811350171308e-05
26,26,6496,180,0.126080737,unverified,0.2020157723558456,0.10784898863514521,0,0.126080737,5.88017607,1.810229637102524,0,-0.026822539,0.00293897814,0.000107207212,0.0344217457,0.0641449392,0.000107207205,1.9261478499591174e-05,3.1591347865187234e-05,1.9412959188432535e-05,0.0,False,7.025737407350474e-07,1.0799593056466323e-06,7.104476282701419e-07,0.0,False,5.394216519323454e-06,1.0466227220633613e-05,5.527446507148067e-06,0.0,False,1.0,3.1591347865187234e-05,3.18391736628076e-05,2.5677913710068447e-05,3.198886078300133e-05,3.5540156399702036e-05
27,27,6675,180,0.126079932,unverified,0.2011315957206481,0.10777960517860348,0,0.126079932,5.79191637,1.791298024588319,0,-0.0268073473,0.00296921516,0.000286628579,0.0344281159,0.0641416237,0.000286628579,1.8852093343628503e-05,3.084493332496632e-05,1.900214707688663e-05,0.0,False,6.907613518689348e-07,1.059177977105351e-06,6.985828655155726e-07,0.0,False,5.309448525408826e-06,1.0262323417731169e-05,5.441615931479023e-06,0.0,False,1.0,3.084493332496632e-05,3.122753500683522e-05,2.5096051098300655e-05,3.0145827309307653e-05,3.347990342330188e-05
28,28,6855,181,0.126075998,unverified,0.198801443393397,0.10750904708578221,0,0.126075998,5.59218264,1.764782250922921,0,-0.0267501827,0.00308224605,0.000112398739,0.0344391055,0.0641359016,0.000112398739,1.820065028500529e-05,2.9487482137079624e-05,1.8346002562595373e-05,0.0,False,6.737970349698085e-07,1.0236025619898373e-06,6.814202734189e-07,0.0,False,5.191517642316606e-06,9.892106074840825e-06,5.319744311085798e-06,0.0,False,1.0,2.9487482137079624e-05,2.980437795808286e-05,2.4158373549548517e-05,2.842916691329622e-05,2.73632062376771e-05
29,29,7035,181,0.126074523,unverified,0.19772235472533403,0.10744477495660917,0,0.126074523,5.55941296,1.7488223927871434,0,-0.0267341379,0.0031137222,0.000296067097,0.0344559737,0.0641271248,0.000296067097,1.7609816946788674e-05,2.822074263509656e-05,1.7753514849921388e-05,0.0,False,6.590915079574349e-07,9.913290744707919e-07,6.666416035071882e-07,0.0,False,5.088539102300434e-06,9.545189778242963e-06,5.215424433736706e-06,0.0,False,1.0,2.822074263509656e-05,2.8086456540469703e-05,2.3328078750760695e-05,2.6511588292507205e-05,2.51849377299428e-05
30,30,7214,180,0.126071438,unverified,0.1960814825646715,0.10724843258400044,0,0.126071438,5.43964863,1.731432039107517,0,-0.0266904663,0.00319921831,0.000112398644,0.0344647467,0.0641225576,0.000112398644,1.721827918530331e-05,2.7339395378515725e-05,1.7356965680170195e-05,0.0,False,6.491100043281387e-07,9.694570942449577e-07,6.564337289669363e-07,0.0,False,5.0181908025838e-06,9.303652863710529e-06,5.140992633358675e-06,0.0,False,1.0,2.7339395378515725e-05,2.7663891379097368e-05,2.2766169340872276e-05,2.7671341719902026e-05,3.022753393729109e-05
31,31,7391,178,0.126070961,unverified,0.194938530148577,0.10713600629581829,0,0.126070961,5.33095217,1.7125642319014025,0,-0.0266663078,0.00324593228,0.000281161425,0.0344736353,0.0641179308,0.000281161425,1.6743147294294548e-05,2.645605302437192e-05,1.688063814324817e-05,0.0,False,6.357099722583324e-07,9.447681568073626e-07,6.429971527348345e-07,0.0,False,4.920752248536967e-06,9.056419020940244e-06,5.042608581512495e-06,0.0,False,1.0,2.645605302437192e-05,2.6357774922285918e-05,2.2110308733149075e-05,2.6469340059962733e-05,2.5325095082598894e-05
32,32,7568,178,0.126070872,unverified,0.19310419976411128,0.10694644972823156,0,0.126070872,5.22204161,1.689187602299912,0,-0.0266203713,0.00333475764,9.3444738e-05,0.0344937108,0.0641074777,9.34447307e-05,1.6076952485597908e-05,2.5102875450332837e-05,1.621161466288315e-05,0.0,False,6.180681940181081e-07,9.086241358376026e-07,6.252488456797456e-07,0.0,False,4.794356540780285e-06,8.677295963086768e-06,4.913944273629985e-06,0.0,False,1.0,2.5102875450332837e-05,2.4908934020277722e-05,2.1171117679857986e-05,2.511495188545702e-05,2.2621134049704543e-05
33,33,7746,179,0.126070231,unverified,0.1927323525910815,0.10688686230417375,0,0.126070231,5.18597126,1.6885589740861804,0,-0.026605865,0.00336253201,0.000281161425,0.0344960354,0.0641062707,0.000281161425,1.6048004764834428e-05,2.4959168090311445e-05,1.618140586141089e-05,0.0,False,6.179363023883572e-07,9.064367852966496e-07,6.250647016025727e-07,0.0,False,4.792893412151093e-06,8.639197520545098e-06,4.911531283532045e-06,0.0,False,1.0,2.4959168090311445e-05,2.4985868767237673e-05,2.115073740209619e-05,2.4084269119269667e-05,2.3626617659604517e-05
34,34,7923,178,0.126067325,unverified,0.19105745183001585,0.10664958970966866,0,0.126067325,5.10872173,1.667023556829117,0,-0.02654895,0.00347103062,0.000112398877,0.0345045179,0.0641018525,0.000112398884,1.554907940698367e-05,2.404565172336139e-05,1.5679820474915727e-05,0.0,False,6.035663156515494e-07,8.803214744305946e-07,6.105951636607936e-07,0.0,False,4.687512790189539e-06,8.379192092500134e-06,4.803973882685395e-06,0.0,False,1.0,2.404565172336139e-05,2.3914497923070588e-05,2.0459931712122403e-05,2.416246430382373e-05,2.2358720745761523e-05
35,35,8100,178,0.126066685,unverified,0.19054250000536094,0.10658335907971214,0,0.126066685,5.08359814,1.655006740946419,0,-0.026532514,0.00350230536,0.000296066835,0.0345097966,0.0640991107,0.000296066835,1.5366932388410083e-05,2.3793342907692683e-05,1.5496537634252485e-05,0.0,False,5.973997949360219e-07,8.715357943437438e-07,6.04385101712355e-07,0.0,False,4.642504914453069e-06,8.30518006204221e-06,4.758104324377632e-06,0.0,False,1.0,2.3793342907692683e-05,2.3898472093099666e-05,2.0199130352425496e-05,2.3801340433932124e-05,2.3197031003943867e-05
36,36,8275,176,0.126063585,unverified,0.18915788519054166,0.10640598525988576,0,0.126063585,5.04730463,1.6364899876590377,0,-0.0264874212,0.00358705921,0.000112398535,0.0345257185,0.0640908182,0.000112398535,1.4980917767231341e-05,2.3096255520786926e-05,1.5107508093831444e-05,0.0,False,5.861068211416523e-07,8.511330213526123e-07,5.929705949080826e-07,0.0,False,4.560006142214569e-06,8.104714078881866e-06,4.673251971701528e-06,0.0,False,1.0,2.3096255520786926e-05,2.2966505295612284e-05,1.9647778493130295e-05,2.2816004569883832e-05,2.37847577686377e-05
37,37,8453,179,0.126062438,unverified,0.18836851953324907,0.10631607327876394,0,0.126062438,4.8018322,1.6218384532131807,0,-0.0264646653,0.00362982997,0.000286628638,0.0345337577,0.0640866309,0.000286628638,1.4461915381950086e-05,2.2064135322993192e-05,1.458667542402012e-05,0.0,False,5.721617326097911e-07,8.229155143857095e-07,5.789489870077035e-07,0.0,False,4.4594915286375685e-06,7.808681371339625e-06,4.571357860565263e-06,0.0,False,1.0,2.2064135322993192e-05,2.1993387574147768e-05,1.8922696746853835e-05,2.127854845508578e-05,2.1548110341922642e-05
38,38,8629,177,0.126060739,unverified,0.1872799962771955,0.10613717122606363,0,0.126060739,4.95559311,1.6114164666619313,0,-0.0264185052,0.00371570443,0.000107207394,0.0345436186,0.0640815049,0.000107207394,1.4366949794945827e-05,2.196993241441165e-05,1.4489354251213018e-05,0.0,False,5.684027934216523e-07,8.190033446462061e-07,5.751099652613062e-07,0.0,False,4.427505406328785e-06,7.779999881819768e-06,4.5375775541981965e-06,0.0,False,1.0,2.196993241441165e-05,2.180912986044335e-05,1.8807953295326028e-05,2.163726482374573e-05,2.108125495234234e-05
39,39,8807,179,0.126060382,unverified,0.18672875103380893,0.10606803973500087,0,0.126060382,4.96596622,1.6021887897883054,0,-0.0264024362,0.00374548556,0.000286628783,0.0345499031,0.0640782341,0.000286628783,1.4060257853014071e-05,2.1379285396383365e-05,1.4177053447107381e-05,0.0,False,5.600756921386999e-07,8.020804730737499e-07,5.664933683696493e-07,0.0,False,4.369648077182691e-06,7.608341089339527e-06,4.475412823238366e-06,0.0,False,1.0,2.1379285396383365e-05,2.1196507673782348e-05,1.8390275569121875e-05,2.1101989190930092e-05,2.077754541227381e-05
40,40,8982,176,0.12605907,unverified,0.18550223685296982,0.10588478910727399,0,0.12605907,4.93939829,1.5862638080966214,0,-0.0263538007,0.00383523246,0.000115326111,0.034569107,0.0640682355,0.000115326111,1.3766241709672305e-05,2.084046710732882e-05,1.387871198696633e-05,0.0,False,5.51268155478174e-07,7.866426871958584e-07,5.574924356984573e-07,0.0,False,4.3034628231239725e-06,7.4515527266886045e-06,4.4058155856412195e-06,0.0,False,1.0,2.084046710732882e-05,2.059994390908131e-05,1.7974208213127384e-05,2.0738347421918407e-05,2.106793636529401e-05
41,41,9156,175,0.126057431,unverified,0.1848550682369438,0.10577714074154057,0,0.126057431,4.928298,1.5800889790134138,0,-0.0263248198,0.00388820469,0.000305058347,0.0345752016,0.0640650615,0.000305058347,1.3679290781248297e-05,2.0734640188280275e-05,1.3793092885891041e-05,0.0,False,5.4824140059269e-07,7.822943620140816e-07,5.545532603502287e-07,0.0,False,4.280206046976881e-06,7.418802050093513e-06,4.383443851840439e-06,0.0,False,1.0,2.0734640188280275e-05,2.0269478371945777e-05,1.7856680787071658e-05,2.0301468225491573e-05,2.1162881384863692e-05
42,42,9330,175,0.12605606,unverified,0.18397637632552868,0.10565122461710341,0,0.12605606,4.70804071,1.5639316722012584,0,-0.026290765,0.00395044964,0.000115326227,0.0345875993,0.0640586093,0.000115326227,1.327647877840967e-05,1.998839751699483e-05,1.3387642551984092e-05,0.0,False,5.364571434373461e-07,7.610753188251954e-07,5.426544558593005e-07,0.0,False,4.1920996806689855e-06,7.2004848404313574e-06,4.293288633272046e-06,0.0,False,1.0,1.998839751699483e-05,1.9669474535711314e-05,1.732411392632363e-05,1.9803922915013977e-05,2.06325375083963e-05
43,43,9505,176,0.126054168,unverified,0.18324824595660866,0.10552213362939197,0,0.126054168,4.90573311,1.5565226996799584,0,-0.0262553971,0.00401434815,0.000286628696,0.0345880389,0.0640583783,0.000286628696,1.3082557612323768e-05,1.9671213354176213e-05,1.3190065742229935e-05,0.0,False,5.306556543767389e-07,7.510433411792807e-07,5.366823130117556e-07,0.0,False,4.148005356632571e-06,7.1056898279695555e-06,4.246306990777648e-06,0.0,False,1.0,1.9671213354176213e-05,1.9327751645751323e-05,1.7051124838611504e-05,1.9626402817493735e-05,2.0424613751844208e-05
44,44,9677,173,0.12605235,unverified,0.1822499934532934,0.10533330565173836,0,0.12605235,4.90991354,1.5424895015199707,0,-0.0262081027,0.00409960607,0.000107207212,0.0345959403,0.0640542656,0.000107207226,1.2734878557231794e-05,1.9137524432752934e-05,1.2883608634461501e-05,0.0,False,5.189533879675029e-07,7.349298577697502e-07,5.274123569869223e-07,0.0,False,4.036001814180483e-06,6.947174438158697e-06,4.178283403407351e-06,0.0,False,1.0,1.9137524432752934e-05,1.8882070326218637e-05,1.6639642556031682e-05,1.9033872024813262e-05,1.876328749977701e-05
45,45,9848,172,0.126051843,unverified,0.18191239031306794,0.10527270555765814,0,0.126051843,4.92487431,1.5389416108128207,0,-0.0261915978,0.00412914623,0.000286628609,0.0346014872,0.0640513748,0.000286628579,1.2701757640221983e-05,1.915548730294637e-05,1.2849409289099086e-05,0.0,False,5.173397029664707e-07,7.337689111845812e-07,5.257547913238301e-07,0.0,False,4.023282888715739e-06,6.950052633829939e-06,4.1646300405931615e-06,0.0,False,1.0,1.915548730294637e-05,1.8762309241291283e-05,1.6602800159517025e-05,1.9351807386443115e-05,2.059481473145821e-05
46,46,10021,174,0.1260508,unverified,0.180832435727871,0.1050749973145535,0,0.1260508,4.59313536,1.5126873237025422,0,-0.0261295121,0.00423955033,0.000112398775,0.0346262604,0.0640384778,0.000112398775,1.2179046209039006e-05,1.813909959309292e-05,1.227383067686792e-05,0.0,False,5.026627112328809e-07,7.035827851297642e-07,5.080715550336493e-07,0.0,False,3.941251876149509e-06,6.647087658461583e-06,4.0293864462303626e-06,0.0,False,1.0,1.813909959309292e-05,1.776068487730581e-05,1.5833965517210534e-05,1.8067808030888742e-05,1.840095755929204e-05
47,47,10194,174,0.12605074,unverified,0.1805452771455583,0.10501219305314236,0,0.12605074,4.8750658,1.5094558220975847,0,-0.026112169,0.0042703324,0.000296067068,0.0346304812,0.0640362874,0.000296067068,1.2170208555021096e-05,1.81840201288398e-05,1.226284751650708e-05,0.0,False,5.018836840685325e-07,7.03449954162577e-07,5.071812070701847e-07,0.0,False,3.935719446972195e-06,6.658394995154223e-06,4.022074126200292e-06,0.0,False,1.0,1.81840201288398e-05,1.7773870483450344e-05,1.5798385506345566e-05,1.8409057062603438e-05,1.7954182805338102e-05
48,48,10366,173,0.126049027,unverified,0.17980791171129368,0.10485032407624295,0,0.126049027,4.72765923,1.4975565887828126,0,-0.0260646231,0.0043537356,0.000112398724,0.0346402414,0.0640311986,0.000112398724,1.1894155899374553e-05,1.7683689940100043e-05,1.1983287083473757e-05,0.0,False,4.934997143062416e-07,6.890217900866279e-07,4.986307564016442e-07,0.0,False,3.871000112743541e-06,6.509008883676612e-06,3.954565962616949e-06,0.0,False,1.0,1.7683689940100043e-05,1.731409490677552e-05,1.5428064875509267e-05,1.7752552384574116e-05,1.668597439854126e-05
49,49,10538,173,0.126048595,unverified,0.1793986971201723,0.10475899539853659,0,0.126048595,4.62609673,1.489813036457372,0,-0.0260385778,0.00439942442,0.000281161396,0.034645766,0.0640283301,0.000281161396,1.1724387441628613e-05,1.7388540794525816e-05,1.1812759474538253e-05,0.0,False,4.881730493369585e-07,6.802698049460039e-07,4.932782404680245e-07,0.0,False,3.829495969171989e-06,6.4202676722327695e-06,3.912492777194425e-06,0.0,False,1.0,1.7388540794525816e-05,1.7028455616472698e-05,1.5207402831050835e-05,1.7414877232093033e-05,1.6336312287122923e-05
50,50,10710,173,0.126046807,unverified,0.17866137226518208,0.10459008500054515,0,0.126046807,4.81465435,1.4790373346990897,0,-0.025988657,0.00448607095,9.34443306e-05,0.0346512906,0.0640254542,9.34443233e-05,1.1485355836922017e-05,1.7033292526038035e-05,1.1573804001053836e-05,0.0,False,4.804507158829003e-07,6.679159335534595e-07,4.855836259315694e-07,0.0,False,3.7708480541696e-06,6.310258940949226e-06,3.853908075437722e-06,0.0,False,1.0,1.7033292526038035e-05,1.6658378049085518e-05,1.4881810713922881e-05,1.7247387225494002e-05,1.7828277345067467e-05
51,51,10880,171,0.126046345,unverified,0.17843158132714976,0.10454059053953502,0,0.126046345,4.54380274,1.4719841803094331,0,-0.0259729791,0.00451320317,0.000281161483,0.0346624367,0.0640196502,0.000281161483,1.1338526251249784e-05,1.6728309428012093e-05,1.1426392237414283e-05,0.0,False,4.761131660055775e-07,6.598370699408412e-07,4.812201653525505e-07,0.0,False,3.7383527428593424e-06,6.219530206876564e-06,3.820933236679119e-06,0.0,False,1.0,1.6728309428012093e-05,1.6320137087190754e-05,1.4700286348072708e-05,1.67813696411576e-05,1.7691634227105266e-05
52,52,11048,169,0.126044482,unverified,0.17751156024815873,0.10432880295855243,0,0.126044482,4.77828217,1.456463848120995,0,-0.0259113945,0.00461912015,0.000112398789,0.0346721411,0.0640145987,0.000112398789,1.095622174764207e-05,1.6168073440230515e-05,1.1080676442309178e-05,0.0,False,4.629250676412079e-07,6.416156637730409e-07,4.702685344581314e-07,0.0,False,3.617469611333135e-06,6.046835473329632e-06,3.73966687240613e-06,0.0,False,1.0,1.6168073440230515e-05,1.5925724622374305e-05,1.4220304511835328e-05,1.6226579222144637e-05,1.682149942249895e-05
53,53,11220,173,0.126043886,unverified,0.17749854406273075,0.10427998373572153,0,0.126043886,4.50369787,1.4533892055141795,0,-0.0258935411,0.00464960746,0.000296067155,0.0346696526,0.0640158951,0.000296067155,1.096496390063898e-05,1.615235139545928e-05,1.105229884846216e-05,0.0,False,4.636784033136611e-07,6.410557928967481e-07,4.6879582232917834e-07,0.0,False,3.6405287049801358e-06,6.042182966092156e-06,3.7226894179573857e-06,0.0,False,1.0,1.615235139545928e-05,1.5814296055208348e-05,1.4194743815402222e-05,1.6065173375017243e-05,1.591713403726184e-05
54,54,11390,171,0.126042768,unverified,0.17696308199527494,0.1041193795189283,0,0.126042768,4.81842995,1.4435443560853995,0,-0.0258449595,0.00473241135,0.000112398833,0.0346804634,0.0640102625,0.000112398833,1.0761361290260791e-05,1.5853040374784684e-05,1.0846133573876814e-05,0.0,False,4.5683690434132606e-07,6.309279345245659e-07,4.618324626202966e-07,0.0,False,3.5866591255823933e-06,5.949084957849924e-06,3.666675730972691e-06,0.0,False,1.0,1.5853040374784684e-05,1.5503824273812532e-05,1.394867342187803e-05,1.5780956499501973e-05,1.579280392464781e-05
55,55,11559,170,0.126041681,unverified,0.17659479038517495,0.10404370618977615,0,0.126041681,4.72070932,1.433511483067923,0,-0.0258202329,0.00477407407,0.000286628492,0.0346910469,0.0640047565,0.000286628492,1.054398386976425e-05,1.5478986440778267e-05,1.0627172853322884e-05,0.0,False,4.4999573950215436e-07,6.191955581722271e-07,4.54913366070898e-07,0.0,False,3.5360407433237154e-06,5.833637461253428e-06,3.6147823573262046e-06,0.0,False,1.0,1.5478986440778267e-05,1.5169790532685511e-05,1.3646688613958213e-05,1.5685045088550592e-05,1.548024622892814e-05
56,56,11725,167,0.126040354,unverified,0.17602648030096485,0.10386881478332324,0,0.126040354,4.69111633,1.4226557694437103,0,-0.0257704724,0.00485791406,0.000107207532,0.0347012132,0.0639994591,0.000107207532,1.0455851063103613e-05,1.5555164237443716e-05,1.0567650621226864e-05,0.0,False,4.4443064658820824e-07,6.181758865736206e-07,4.5116123684090764e-07,0.0,False,3.4713558925089592e-06,5.852523146524418e-06,3.58268467828116e-06,0.0,False,1.0,1.5555164237443716e-05,1.4982334422068422e-05,1.3599009482328312e-05,1.541404176426524e-05,1.653779833085399e-05
57,57,11892,168,0.126039803,unverified,0.17572788267534717,0.1038240089683676,0,0.126039803,4.69061565,1.4127811531360326,0,-0.0257531125,0.00488696201,0.000286628667,0.0347100645,0.0639948547,0.000286628667,1.0122772186414443e-05,1.4877353087847865e-05,1.02323473704828e-05,0.0,False,4.3496516642957e-07,5.991928325422343e-07,4.415848820017817e-07,0.0,False,3.402020798453151e-06,5.6455935485618595e-06,3.511481748554154e-06,0.0,False,1.0,1.4877353087847865e-05,1.455998017904237e-05,1.3133541888094529e-05,1.5010894129146447e-05,1.5843341435786396e-05
58,58,12059,168,0.126038074,unverified,0.17529902144764634,0.10366046381036256,0,0.126038074,4.61296511,1.4033220138504277,0,-0.0257005021,0.00497443834,0.000115326082,0.0347193703,0.0639900044,0.000115326089,9.94198990635179e-06,1.4591073954728842e-05,1.0048150151130612e-05,0.0,False,4.289274199103282e-07,5.89906776118748e-07,4.3537709026753843e-07,0.0,False,3.3551594079934336e-06,5.556054076662476e-06,3.461683628305839e-06,0.0,False,1.0,1.4591073954728842e-05,1.4296552654347438e-05,1.2916097025080202e-05,1.4575487721452328e-05,1.5194941421390332e-05
59,59,12225,167,0.126037687,unverified,0.17510931957034145,0.10357900710380392,0,0.126037687,4.61315012,1.3980558355199424,0,-0.0256746318,0.00501745427,0.000305058347,0.0347231627,0.06398803,0.000305058347,9.829209267398803e-06,1.4376339395427148e-05,9.936083704093628e-06,0.0,False,4.2538825858109637e-07,5.838535499133591e-07,4.3189262005160264e-07,0.0,False,3.327552884195912e-06,5.490095104929887e-06,3.434869566048089e-06,0.0,False,1.0,1.4376339395427148e-05,1.413917632871653e-05,1.2779740782915394e-05,1.4438928136214758e-05,1.544909159253072e-05
60,60,12393,169,0.126036853,unverified,0.17481964137055567,0.10345909419422569,0,0.126036853,4.51947165,1.3878187357674294,0,-0.0256324355,0.00508675631,0.000115326053,0.0347344503,0.0639821589,0.000115326045,9.701913839758569e-06,1.4156295984792814e-05,9.77551373697885e-06,0.0,False,4.216684640626801e-07,5.759095168670001e-07,4.261175551323168e-07,0.0,False,3.3167554112346077e-06,5.41979495653397e-06,3.3876100038164952e-06,0.0,False,1.0,1.4156295984792814e-05,1.385070025865239e-05,1.2563494070028703e-05,1.4090285594631183e-05,1.3661573587770508e-05
61,61,12558,166,0.126036733,unverified,0.174472589132224,0.10333681591217396,0,0.126036733,4.46404982,1.3816172064835892,0,-0.02559443,0.00514912233,0.000286628754,0.0347405635,0.0639789701,0.000286628754,9.572058316993959e-06,1.4022306958615363e-05,9.67101289263558e-06,0.0,False,4.161726655161856e-07,5.709825293057792e-07,4.2225032389879113e-07,0.0,False,3.256879731718551e-06,5.376891098898746e-06,3.357132982903575e-06,0.0,False,1.0,1.4022306958615363e-05,1.356900263513724e-05,1.2439626027057148e-05,1.420336057028667e-05,1.345348586246198e-05
62,62,12723,166,0.126035243,unverified,0.17405316110642083,0.10318087098999068,0,0.126035243,4.44658804,1.3690671062928446,0,-0.0255433396,0.00523216091,0.000107207074,0.0347517692,0.0639731437,0.000107207081,9.343461721086408e-06,1.3665165217701596e-05,9.443667805284622e-06,0.0,False,4.0831358386945826e-07,5.59116220054884e-07,4.1449853708795945e-07,0.0,False,3.195777642653938e-06,5.263784774008259e-06,3.2973044319847616e-06,0.0,False,1.0,1.3665165217701596e-05,1.3240228846933162e-05,1.2136401064227707e-05,1.3918634614236691e-05,1.3911671426958138e-05
63,63,12888,166,0.126034722,unverified,0.17394702488756264,0.10312667129574477,0,0.126034722,4.41565609,1.3621522171141276,0,-0.0255255625,0.00526095135,0.000286628783,0.0347504579,0.0639738217,0.000286628783,9.257847597303555e-06,1.3555649462222208e-05,9.356760383474404e-06,0.0,False,4.0504739569335154e-07,5.548523738465366e-07,4.1116327986950073e-07,0.0,False,3.1712389374947413e-06,5.2282286107524045e-06,3.2716603068198764e-06,0.0,False,1.0,1.3555649462222208e-05,1.3126132073136662e-05,1.1987552617571678e-05,1.3822232794940154e-05,1.350386410186642e-05
64,64,13053,166,0.1260335,unverified,0.17360974629476617,0.10297365011086379,0,0.1260335,4.38660479,1.3505361342374544,0,-0.0254717749,0.00534770871,0.000115326155,0.0347693674,0.0639639869,0.000115326162,9.006414470847412e-06,1.3108993019233454e-05,9.097538144286773e-06,0.0,False,3.9705759931090155e-07,5.412841919967281e-07,4.0273315685862096e-07,0.0,False,3.110631007415576e-06,5.087669777413952e-06,3.2040943117844835e-06,0.0,False,1.0,1.3108993019233454e-05,1.2786040637461177e-05,1.169992280945099e-05,1.3358124615105844e-05,1.3583817783129516e-05
65,65,13218,166,0.126032799,unverified,0.17342293722812646,0.10288072965910991,0,0.126032799,4.33771801,1.3431598099043172,0,-0.0254397541,0.00539890071,0.000305058347,0.0347731411,0.06396202,0.000305058347,8.889593381571618e-06,1.2954983206698247e-05,8.978685192918333e-06,0.0,False,3.927008014314675e-07,5.355086504535952e-07,3.9826766698460474e-07,0.0,False,3.0768175551838504e-06,5.037634464282034e-06,3.1683491774752242e-06,0.0,False,1.0,1.2954983206698247e-05,1.2521193567147507e-05,1.1523408315822147e-05,1.3195583242089783e-05,1.3023396817195174e-05
66,66,13382,165,0.126032203,unverified,0.1731221765754016,0.10273758010274475,0,0.126032203,4.26370573,1.3305923367002754,0,-0.025389025,0.00547985826,0.000112398637,0.0347902887,0.0639530867,0.000112398644,8.657944341216148e-06,1.2573768737681589e-05,8.743638208520698e-06,0.0,False,3.8485690735263286e-07,5.233314309436076e-07,3.9024538088519693e-07,0.0,False,3.0159301960720758e-06,4.916111442443295e-06,3.1044333510960957e-06,0.0,False,1.0,1.2573768737681589e-05,1.2158226216254524e-05,1.124731619159345e-05,1.2802774111253721e-05,1.2585995511388089e-05
67,67,13544,163,0.126030922,unverified,0.17302811243020574,0.10265564864007215,0,0.126030922,4.06285,1.325251427664294,0,-0.0253608748,0.00552428188,0.00028116157,0.0347935446,0.0639514029,0.00028116157,8.51704732003643e-06,1.2288346300580234e-05,8.59930983994159e-06,0.0,False,3.805889987386735e-07,5.15494335675351e-07,3.8578200238515336e-07,0.0,False,2.982790732578899e-06,4.8265906054867655e-06,3.068203610578857e-06,0.0,False,1.0,1.2288346300580234e-05,1.1926124552200346e-05,1.1072085748046283e-05,1.1928501214353375e-05,1.2627329237232203e-05
68,68,13706,163,0.126029417,unverified,0.17284387150617198,0.1024989228756247,0,0.126029417,4.13048315,1.3149609978538999,0,-0.0253073499,0.00560874864,9.34437921e-05,0.0347988307,0.0639486462,9.34437994e-05,8.367505490524508e-06,1.2134730128101314e-05,8.448015753129613e-06,0.0,False,3.746536963687572e-07,5.085210407141222e-07,3.79763965793004e-07,0.0,False,2.9357132228769082e-06,4.77436924366029e-06,3.0195922816160125e-06,0.0,False,1.0,1.2134730128101314e-05,1.1733938114399396e-05,1.0863424923401167e-05,1.2322470923470187e-05,1.3935441311233037e-05
69,69,13869,164,0.126028851,unverified,0.17274668760406622,0.10245563529224125,0,0.126028851,4.01654339,1.3083983891267743,0,-0.0252904706,0.00563514978,0.00028116157,0.0348084718,0.0639436245,0.00028116157,8.223413022097015e-06,1.1841178372227845e-05,8.301919247806266e-06,0.0,False,3.702475082232305e-07,5.002800600716873e-07,3.7524510462529465e-07,0.0,False,2.9023909063730886e-06,4.6815151857940946e-06,2.984546590557759e-06,0.0,False,1.0,1.1841178372227845e-05,1.1575420434012346e-05,1.0696206103445582e-05,1.2109744423202384e-05,1.2766514477025734e-05
70,70,14031,163,0.126027241,unverified,0.17252159129054465,0.10226838692637594,0,0.126027241,4.06350613,1.2966631612330646,0,-0.0252242871,0.00573825929,0.000112398695,0.0348211899,0.0639370084,0.000112398695,8.042424557221089e-06,1.1597844177311958e-05,8.11812417012277e-06,0.0,False,3.6343972811222276e-07,4.914170927464551e-07,3.682967054760166e-07,0.0,False,2.84749548312373e-06,4.60147204892139e-06,2.9270093777607564e-06,0.0,False,1.0,1.1597844177311958e-05,1.1236919002910835e-05,1.0467170109141811e-05,1.1802368297472792e-05,1.304856672448392e-05
71,71,14193,163,0.126027048,unverified,0.1724598076626745,0.1022102446048318,0,0.126027048,4.05544329,1.2945229860221776,0,-0.0252051819,0.0057679764,0.000296067126,0.03482344,0.0639358312,0.000296067126,8.03199963087116e-06,1.1611730691943127e-05,8.106883893226794e-06,0.0,False,3.6266975318740277e-07,4.912855804722343e-07,3.6748504480847266e-07,0.0,False,2.840683779360684e-06,4.605287601392418e-06,2.9194170931852533e-06,0.0,False,1.0,1.1611730691943127e-05,1.1189013098270472e-05,1.0458097616787606e-05,1.179661443871284e-05,1.2872054892180456e-05
72,72,14355,163,0.126025811,unverified,0.17227967661076976,0.1020699740041445,0,0.126025811,3.95297456,1.2758955199932873,0,-0.0251528528,0.00584846502,0.000112398608,0.0348383226,0.06392809,0.000112398608,7.668590989466158e-06,1.0977159675209919e-05,7.740035059934906e-06,0.0,False,3.505324963393757e-07,4.71220171462301e-07,3.551604557177255e-07,0.0,False,2.748292012264996e-06,4.399494804110858e-06,2.8239360944235737e-06,0.0,False,1.0,1.0977159675209919e-05,1.0728268830061757e-05,9.948636004197096e-06,1.0967267661618091e-05,1.1748199412084888e-05
73,73,14517,163,0.126025617,unverified,0.17224858008351993,0.10198961463194373,0,0.126025617,3.91570878,1.2775259005878086,0,-0.0251241866,0.0058925557,0.000281161483,0.0348407589,0.0639268234,0.000281161483,7.699987719679015e-06,1.1058843062234513e-05,7.77106194638398e-06,0.0,False,3.51331916804464e-07,4.7357118418079535e-07,3.5594143478424855e-07,0.0,False,2.752076297473114e-06,4.425749209928364e-06,2.827384974389717e-06,0.0,False,1.0,1.1058843062234513e-05,1.069323719082749e-05,1.003662289637286e-05,1.124310676782606e-05,1.2335808240608423e-05
74,74,14679,163,0.12602441,unverified,0.17213523589705287,0.10184433303175501,0,0.12602441,3.86993146,1.2643903479709526,0,-0.0250692982,0.00597614516,9.3444236e-05,0.0348541662,0.0639198422,9.34442287e-05,7.46363028918706e-06,1.0672375792453073e-05,7.5315179156344324e-06,0.0,False,3.4305577073483084e-07,4.6097676303362557e-07,3.474883393267456e-07,0.0,False,2.6876238737111384e-06,4.299275374989758e-06,2.7600535898164146e-06,0.0,False,1.0,1.0672375792453073e-05,1.0406965549849328e-05,9.733639972013663e-06,1.0784561878734158e-05,1.1485816996738783e-05
75,75,14840,162,0.126024157,unverified,0.17206656451750718,0.10180330414915635,0,0.126024157,3.81951857,1.2562247887437739,0,-0.025054343,0.00599885639,0.000286628609,0.0348599292,0.0639168471,0.000286628609,7.334734910267994e-06,1.0457035581750093e-05,7.402556713217846e-06,0.0,False,3.385739462331684e-07,4.537283389963805e-07,3.4300805580939767e-07,0.0,False,2.6542440977697472e-06,4.228127065799291e-06,2.7266220067913916e-06,0.0,False,1.0,1.0457035581750093e-05,1.0238015747082758e-05,9.542656767491318e-06,1.0700689348069061e-05,1.1489431380332164e-05
76,76,15001,162,0.126023397,unverified,0.17207410600052914,0.10164967482756235,0,0.126023397,3.74375033,1.2516283202919376,0,-0.0249980483,0.00608400721,0.000115326176,0.0348661765,0.0639135838,0.000115326184,7.256493215289329e-06,1.0383334241890996e-05,7.322019139205265e-06,0.0,False,3.3532279013557543e-07,4.5051668579751115e-07,3.396321392347071e-07,0.0,False,2.6261543211214876e-06,4.202729859154704e-06,2.696561717857894e-06,0.0,False,1.0,1.0383334241890996e-05,1.0059799944391831e-05,9.478324311890919e-06,1.0395974249096124e-05,1.0934712651508917e-05
77,77,15162,162,0.126022711,unverified,0.17201507743218736,0.10156313276104245,0,0.126022711,3.66326571,1.2424177378434715,0,-0.0249645468,0.00613424322,0.000305058347,0.0348755121,0.0639087334,0.000305058347,7.067658698982069e-06,1.0045212490711722e-05,7.133141498940989e-06,0.0,False,3.290065621822709e-07,4.3989874288881905e-07,3.3332966576239825e-07,0.0,False,2.5775285945444923e-06,4.091486982782471e-06,2.64804901780373e-06,0.0,False,1.0,1.0045212490711722e-05,9.85793832924485e-06,9.23121569067583e-06,1.0226799064867473e-05,1.0922484829920238e-05
78,78,15323,162,0.126022547,unverified,0.17199343157739957,0.10145935609093054,0,0.126022547,3.5001471,1.2342942276638686,0,-0.0249251816,0.00619327324,0.000115326249,0.0348836258,0.0639045164,0.000115326256,6.930946822939834e-06,9.838464613398823e-06,6.99429466241353e-06,0.0,False,3.239924363243087e-07,4.327228075296175e-07,3.2819451509755257e-07,0.0,False,2.5381601043973552e-06,4.0223136876392285e-06,2.6067913432473804e-06,0.0,False,1.0,9.838464613398823e-06,9.64356732383384e-06,9.054426110744395e-06,9.998947394615374e-06,1.0656282873079101e-05
79,79,15483,161,0.126021579,unverified,0.17199056250976918,0.10134930406919145,0,0.126021579,3.60131025,1.226753087105551,0,-0.0248843636,0.00625383575,0.000286628754,0.0348895304,0.0639014393,0.000286628754,6.7984681166501445e-06,9.64330450682739e-06,6.866208310291698e-06,0.0,False,3.1903203375741774e-07,4.259405105418991e-07,3.2354074411437533e-07,0.0,False,2.4970299192872083e-06,3.956728567652324e-06,2.569971393314083e-06,0.0,False,1.0,9.64330450682739e-06,9.50474034499637e-06,8.893552918208458e-06,9.68825101112691e-06,9.688510056674383e-06
80,80,15643,161,0.126021028,unverified,0.1720301102936582,0.10120752684304105,0,0.126021028,3.51716113,1.2184664920390103,0,-0.0248297974,0.00633463403,0.000107207001,0.0348993577,0.0638963208,0.000107207008,6.679671409933459e-06,9.498995534463546e-06,6.744748996638618e-06,0.0,False,3.142422559399172e-07,4.202723014087163e-07,3.186010418460315e-07,0.0,False,2.4580523684069183e-06,3.907319984507886e-06,2.5285522328651257e-06,0.0,False,1.0,9.498995534463546e-06,9.295431070126023e-06,8.753812022535339e-06,9.512407798996762e-06,9.882380160712553e-06
81,81,15801,159,0.12602067,unverified,0.1720534243176577,0.10115912457685354,0,0.12602067,3.42659545,1.2128958159651602,0,-0.0248107743,0.00636261795,0.00028662855,0.0349040963,0.0638938546,0.00028662855,6.59722093540523e-06,9.37376602319027e-06,6.659048841229489e-06,0.0,False,3.1118821575097725e-07,4.1585960337862284e-07,3.1533972976594033e-07,0.0,False,2.4348895469701222e-06,3.86502468786161e-06,2.5022335314459918e-06,0.0,False,1.0,9.37376602319027e-06,9.15817365783256e-06,8.647179795201553e-06,9.454908927425803e-06,9.654737799228533e-06
82,82,15960,160,0.126019269,unverified,0.17213756767263033,0.1010112819880421,0,0.126019269,3.48357201,1.2028410675627528,0,-0.0247531533,0.00644687656,0.000115326038,0.0349159651,0.0638876781,0.000115326045,6.445428010391156e-06,9.18251307914139e-06,6.503334591652004e-06,0.0,False,3.0524232891773635e-07,4.0830786258917066e-07,3.091575207448774e-07,0.0,False,2.3875896599332542e-06,3.7990256502356052e-06,2.4510724064653914e-06,0.0,False,1.0,9.18251307914139e-06,8.965454416676855e-06,8.456915820793494e-06,9.264537977905084e-06,9.140412887896218e-06
83,83,16119,160,0.126019061,unverified,0.17218646527277892,0.10093860085574016,0,0.126019061,3.41676831,1.197862921831311,0,-0.0247248169,0.00648831064,0.000305058376,0.0349207707,0.0638851747,0.000305058376,6.350734225482535e-06,9.025483595924303e-06,6.407469342354249e-06,0.0,False,3.0188201092463746e-07,4.031428090601265e-07,3.057274202782173e-07,0.0,False,2.361262422726546e-06,3.7461515143759864e-06,2.423667192462418e-06,0.0,False,1.0,9.025483595924303e-06,8.83373195105548e-06,8.34362346716974e-06,9.163747884386953e-06,8.700936006793306e-06
84,84,16278,160,0.126016945,unverified,0.172302779071271,0.10078871952087201,0,0.126016945,3.40918493,1.1850709962802886,0,-0.0246646535,0.00657524727,0.000112398797,0.0349353291,0.0638775975,0.000112398789,6.148623652292672e-06,8.727025613502208e-06,6.202017322840928e-06,0.0,False,2.942682167431002e-07,3.9245506422693876e-07,2.9791704994403913e-07,0.0,False,2.3011896528486256e-06,3.6440668843455637e-06,2.3604251439033366e-06,0.0,False,1.0,8.727025613502208e-06,8.602628307963517e-06,8.080679366960166e-06,8.81913606054196e-06,8.703613335981542e-06
85,85,16437,160,0.126016334,unverified,0.17236382710500592,0.10071152690138223,0,0.126016334,3.40649319,1.1823257744594442,0,-0.0246347133,0.00661848485,0.0002811616,0.0349392481,0.063875556,0.0002811616,6.128458197345528e-06,8.731107193709218e-06,6.18111932855889e-06,0.0,False,2.930439797435885e-07,3.9203227010251785e-07,2.966556194977583e-07,0.0,False,2.289765458349699e-06,3.644783504630517e-06,2.3482442827967117e-06,0.0,False,1.0,8.731107193709218e-06,8.526878475987655e-06,8.062114977455012e-06,8.840117441079119e-06,9.01782353693529e-06
86,86,16596,160,0.126015171,unverified,0.17253069041565927,0.10056687705925563,0,0.126015171,3.35493636,1.1738155229170413,0,-0.0245774109,0.00670043658,9.34449054e-05,0.0349483714,0.06387081,9.34448908e-05,5.976770214102341e-06,8.506618730974162e-06,6.027092704849587e-06,0.0,False,2.8729836607202563e-07,3.8419716294831886e-07,2.90777071018541e-07,0.0,False,2.2429678362580013e-06,3.567959801036924e-06,2.2992021613068085e-06,0.0,False,1.0,8.506618730974162e-06,8.324942008906222e-06,7.88415524550007e-06,8.590551138015377e-06,8.903899034956078e-06
87,87,16754,159,0.126014948,unverified,0.1726019253399993,0.10051991164470693,0,0.126014948,3.33132839,1.170620512021989,0,-0.0245594215,0.00672609359,0.000281161076,0.0349512808,0.0638692901,0.000281161076,5.936887559717268e-06,8.462717821029088e-06,5.986526371599197e-06,0.0,False,2.8559528503871874e-07,3.823373314319925e-07,2.890344988874929e-07,0.0,False,2.2289241693542515e-06,3.5524754164443205e-06,2.284495863504806e-06,0.0,False,1.0,8.462717821029088e-06,8.287862441033977e-06,7.833054984058553e-06,8.527101875128332e-06,9.199301818435237e-06
88,88,16914,161,0.126013964,unverified,0.17286128535471407,0.1003513805859278,0,0.126013964,3.2861414,1.158363409139719,0,-0.0244888142,0.00682622194,0.000112398862,0.0349668413,0.0638611913,0.000112398862,5.746506442279346e-06,8.166876809751989e-06,5.782417403764346e-06,0.0,False,2.7877319940987745e-07,3.7153708141940874e-07,2.812424149099539e-07,0.0,False,2.1833113676058257e-06,3.4499560823654555e-06,2.221710160908486e-06,0.0,False,1.0,8.166876809751989e-06,8.023960681640786e-06,7.5821035238268956e-06,8.255576230176892e-06,8.455640565523138e-06
89,89,17074,161,0.126013547,unverified,0.17293955700048455,0.10030119590668381,0,0.126013547,3.26074028,1.1550589509393197,0,-0.0244683623,0.00685503148,0.000296067185,0.0349705964,0.0638592318,0.000296067185,5.689470475430277e-06,8.079850488799243e-06,5.724580643879596e-06,0.0,False,2.7662335240176745e-07,3.684941838768586e-07,2.790440784659804e-07,0.0,False,2.166012635770117e-06,3.4198912593215322e-06,2.2036691134078174e-06,0.0,False,1.0,8.079850488799243e-06,7.947090219959008e-06,7.5118972154793645e-06,8.150558504653698e-06,8.39764089677587e-06
90,90,17231,158,0.126012996,unverified,0.1731664207338062,0.10015697281763945,0,0.126012996,3.24840212,1.1447353579769495,0,-0.024412727,0.00693327142,0.000112398535,0.0349790603,0.0638548285,0.000112398535,5.541225681381164e-06,7.907980098523528e-06,5.5855754040593995e-06,0.0,False,2.701191187844393e-07,3.6176221062108823e-07,2.732510488976609e-07,0.0,False,2.1048490270565096e-06,3.3594668328933637e-06,2.1556001275425037e-06,0.0,False,1.0,7.907980098523528e-06,7.732063442198917e-06,7.347459564650126e-06,8.113350690584584e-06,8.815859454993859e-06
91,91,17390,160,0.126012221,unverified,0.17332596700101213,0.10008705380527282,0,0.126012221,3.23376322,1.1415130876133401,0,-0.0243820362,0.00697597815,0.000281161687,0.0349836834,0.0638524219,0.000281161687,5.4945924910227435e-06,7.821475056513823e-06,5.527496246156028e-06,0.0,False,2.687131842724575e-07,3.587577166612899e-07,2.7100656019395154e-07,0.0,False,2.100842440522117e-06,3.32947964142571e-06,2.1364797840048367e-06,0.0,False,1.0,7.821475056513823e-06,7.655641957656128e-06,7.2805809003428315e-06,7.969800423738707e-06,8.205128422192158e-06
92,92,17546,157,0.126011774,unverified,0.17355313149563742,0.09994196911865298,0,0.126011774,3.14891195,1.1292112610212002,0,-0.0243236776,0.00705718109,9.34441414e-05,0.0349971689,0.0638454035,9.34441414e-05,5.305026836300767e-06,7.56165932750519e-06,5.348221839615259e-06,0.0,False,2.6091888148622603e-07,3.491838230401241e-07,2.639991863821913e-07,0.0,False,2.0308504484278212e-06,3.238296041866599e-06,2.0805845573129903e-06,0.0,False,1.0,7.56165932750519e-06,7.4533069049919585e-06,7.052051726309291e-06,7.587663647229267e-06,8.050210824670256e-06
93,93,17702,157,0.126011521,unverified,0.1736446632758505,0.0999040605166418,0,0.126011521,3.13728142,1.1265165784863695,0,-0.0243077241,0.00707920128,0.000286628987,0.0349994451,0.0638442189,0.000286628987,5.272867894578514e-06,7.525547127346121e-06,5.315817415579838e-06,0.0,False,2.5952343493636284e-07,3.4760162055541154e-07,2.625912076870021e-07,0.0,False,2.0195708858397665e-06,3.225266606813252e-06,2.0690808474558036e-06,0.0,False,1.0,7.525547127346121e-06,7.4083655578781855e-06,7.000044063702152e-06,7.5525565090484545e-06,8.006779820865584e-06
94,94,17860,159,0.126010627,unverified,0.17401683038560997,0.09976131082634696,0,0.126010627,3.12451982,1.1189061891297256,0,-0.0242476687,0.00716174394,0.000115326446,0.0350086987,0.0638393983,0.000115326446,5.160101966633021e-06,7.363931821393646e-06,5.190979707371774e-06,0.0,False,2.552747499407487e-07,3.414844767869314e-07,2.5746711688481375e-07,0.0,False,1.9909220272615356e-06,3.168063083282157e-06,2.0248020569071057e-06,0.0,False,1.0,7.363931821393646e-06,7.243649057647589e-06,6.872428145830556e-06,7.377882849721304e-06,7.450525573357059e-06
95,95,18015,156,0.126010686,unverified,0.1741709066750879,0.09968503156365188,0,0.126010686,3.09750557,1.1141455084857257,0,-0.0242181364,0.00720233377,0.000305058318,0.0350135267,0.0638368875,0.000305058318,5.091785549163819e-06,7.295525673433412e-06,5.1317537185459676e-06,0.0,False,2.52037115984801e-07,3.3859135347017317e-07,2.5492575673206954e-07,0.0,False,1.957821387410303e-06,3.14339010462111e-06,2.0042863485321405e-06,0.0,False,1.0,7.295525673433412e-06,7.14295513800321e-06,6.802880825879196e-06,7.46326722758553e-06,7.220290676447863e-06
96,96,18172,158,0.126009122,unverified,0.17448813130075597,0.09957341249018672,0,0.126009122,3.05337787,1.1075688218628899,0,-0.0241700429,0.00726768142,0.000115326206,0.0350216702,0.0638326406,0.000115326213,4.97999932062282e-06,7.093653147503867e-06,5.009338326163917e-06,0.0,False,2.481571985371941e-07,3.3198960451297384e-07,2.502619878287449e-07,0.0,False,1.9322885593818812e-06,3.073074808068246e-06,1.9647322584353253e-06,0.0,False,1.0,7.093653147503867e-06,6.968336052433289e-06,6.6603785478611e-06,7.197527469603463e-06,7.819289312987217e-06
97,97,18327,156,0.126008287,unverified,0.17473747171700552,0.09946851549407361,0,0.126008287,3.0582459,1.1003069933937017,0,-0.0241267309,0.00732648699,0.000286628638,0.0350293666,0.0638286471,0.000286628638,4.882908008204813e-06,6.996353556497233e-06,4.9197913999413735e-06,0.0,False,2.436075299113538e-07,3.276793190755254e-07,2.463107467910622e-07,0.0,False,1.8888817910133538e-06,3.037534874222788e-06,1.932273114808619e-06,0.0,False,1.0,6.996353556497233e-06,6.862740416568308e-06,6.554122985243376e-06,7.110863067056707e-06,7.162730678119476e-06
98,98,18483,157,0.126006916,unverified,0.1751601182835607,0.09932971564930163,0,0.1260041,2.95666599,1.0919614840706517,0,-0.0240685791,0.00740473764,0.000107207612,0.0350363739,0.0638249964,0.000107207605,4.7891035315676355e-06,6.885004958261496e-06,4.816332769158157e-06,0.0,False,2.397142700732533e-07,3.22850730110353e-07,2.416952943966403e-07,0.0,False,1.861921772314141e-06,2.9969017296105565e-06,1.8923778758113423e-06,0.0,False,1.0,6.885004958261496e-06,6.699979275496908e-06,6.437900132823875e-06,6.839390661153793e-06,6.748657096094845e-06
99,99,18640,158,0.126006559,unverified,0.17526736084455127,0.09928696275913122,0,0.126002058,2.99292445,1.086617715852631,0,-0.0240483508,0.00743186893,0.000286628783,0.0350444429,0.0638207868,0.000286628783,4.685466665429404e-06,6.698736482340353e-06,4.712070840948472e-06,0.0,False,2.3602660858537995e-07,3.165855394045086e-07,2.3797079101272203e-07,0.0,False,1.8335494848639931e-06,2.9310658120308157e-06,1.863443580193388e-06,0.0,False,1.0,6.698736482340353e-06,6.606558576443884e-06,6.306108575264585e-06,6.746754292904384e-06,7.319544224482785e-06
100,100,18794,155,0.126005694,unverified,0.17572186485545518,0.09913928324917579,0,0.126005694,2.94755054,1.079044555294563,0,-0.0239871871,0.00751359109,0.000115326176,0.0350536816,0.0638159811,0.000115326176,4.584996893722552e-06,6.587667473641031e-06,4.617927900887938e-06,0.0,False,2.3131581911649372e-07,3.121591894582542e-07,2.3377979279765247e-07,0.0,False,1.7881549821249848e-06,2.8908774012305435e-06,1.8275772450063375e-06,0.0,False,1.0,6.587667473641031e-06,6.461128005456928e-06,6.198863636361759e-06,6.688299529837298e-06,7.062098114560007e-06
101,101,18950,157,0.126005098,unverified,0.17595556503957305,0.09907105321524098,0,0.125994995,2.83597612,1.0731953150586073,0,-0.0239569489,0.00755365752,0.000305058347,0.0350608155,0.0638122559,0.000305058347,4.52420704259517e-06,6.506223675442774e-06,4.549251027554475e-06,0.0,False,2.28928039746355e-07,3.086688919714957e-07,2.307828438915594e-07,0.0,False,1.7741697912142744e-06,2.860938028746102e-06,1.8025971428034871e-06,0.0,False,1.0,6.506223675442774e-06,6.3810197676942805e-06,6.113116439609919e-06,6.626496830134484e-06,7.019900826224888e-06
102,102,19104,155,0.126004606,unverified,0.17648143176530764,0.09891820192498768,0,0.126004606,2.90615058,1.0649585258633634,0,-0.023893198,0.00763800228,0.000112398935,0.0350687914,0.0638081133,0.000112398928,4.4041807127641775e-06,6.3648482507246764e-06,4.434814208048879e-06,0.0,False,2.2352550194261138e-07,3.029642938697544e-07,2.2584950924401682e-07,0.0,False,1.7241888092196542e-06,2.809330638728717e-06,1.761264768242049e-06,0.0,False,1.0,6.3648482507246764e-06,6.231358091256877e-06,5.9901165791569185e-06,6.506544887587644e-06,6.926779554392024e-06
103,103,19259,156,0.126003876,unverified,0.1767395402235506,0.09884852070363762,0,0.125988826,2.87928081,1.0611618297113012,0,-0.0238612741,0.00767979445,0.000281161221,0.0350750573,0.06380485,0.000281161221,4.374222788802546e-06,6.338467102999068e-06,4.397921062610097e-06,0.0,False,2.2219352198773e-07,3.0145606252037216e-07,2.2397133166867028e-07,0.0,False,1.7174441908265897e-06,2.799131368467352e-06,1.744580692624466e-06,0.0,False,1.0,6.338467102999068e-06,6.188349724428501e-06,5.945271764660862e-06,6.479495733448422e-06,6.7474842394659345e-06
104,104,19412,154,0.126003489,unverified,0.17725224312803012,0.0987080298076573,0,0.126003489,2.85869312,1.051199172679054,0,-0.0238005705,0.00775926001,9.34441123e-05,0.0350865833,0.0637988523,9.34441123e-05,4.221265899878972e-06,6.118826356850308e-06,4.2499312084856305e-06,0.0,False,2.15770412714716e-07,2.933105559560892e-07,2.17975781584145e-07,0.0,False,1.6608682319990717e-06,2.719516923796843e-06,1.695921877323939e-06,0.0,False,1.0,6.118826356850308e-06,6.002019378471453e-06,5.765487457081927e-06,6.235310320204796e-06,6.830694446442933e-06
105,105,19564,153,0.126003027,unverified,0.1774311139524531,0.0986608829660473,0,0.126003027,2.72060633,1.0497031536561556,0,-0.0237814467,0.00778408395,0.000281161454,0.0350870155,0.0637986287,0.000281161454,4.197176255776198e-06,6.08340717047813e-06,4.225649602811154e-06,0.0,False,2.1475985707023556e-07,2.9211519362302437e-07,2.1695393896403097e-07,0.0,False,1.6520158726334e-06,2.7068211166558e-06,1.686844540015457e-06,0.0,False,1.0,6.08340717047813e-06,5.947839946070222e-06,5.742818663247365e-06,6.204182710615864e-06,6.6756827379596534e-06
106,106,19716,153,0.126001433,unverified,0.1781211021423833,0.09849003385471791,0,0.126001433,2.69794512,1.037799196458615,0,-0.0237065051,0.00788101275,0.000112398768,0.0351010822,0.0637912974,0.00011239876,4.045399664245478e-06,5.872709465604097e-06,4.071699831366628e-06,0.0,False,2.0835795066219887e-07,2.839087312290774e-07,2.1040949955887202e-07,0.0,False,1.600255024649925e-06,2.6294707763395097e-06,1.6328569501636997e-06,0.0,False,1.0,5.872709465604097e-06,5.7793007483242125e-06,5.559175693551858e-06,6.001979137737449e-06,6.509009938950531e-06
107,107,19868,153,0.126001284,unverified,0.17833271686008847,0.09844016363072974,0,0.126001284,2.68742347,1.0356222078688395,0,-0.0236848742,0.00790894683,0.000296067097,0.0351041369,0.0637897179,0.000296067097,4.019253098207004e-06,5.843619463565947e-06,4.0448656475985495e-06,0.0,False,2.0714915650984174e-07,2.8267960822399246e-07,2.091529438854421e-07,0.0,False,1.5899482611247343e-06,2.6186483342813005e-06,1.621780314332431e-06,0.0,False,1.0,5.843619463565947e-06,5.737365463603014e-06,5.532077770048688e-06,5.989386775496731e-06,6.526829551818352e-06
108,108,20022,155,0.126000673,unverified,0.1788904535874517,0.09830912944060462,0,0.125970751,2.74090266,1.0281949320091475,0,-0.0236257091,0.00798455346,0.000112398746,0.035113655,0.0637847558,0.000112398746,3.9458940909761955e-06,5.766205007701923e-06,3.965549405505216e-06,0.0,False,2.0383097218142014e-07,2.789541901946162e-07,2.0535791596522614e-07,0.0,False,1.5661565922543242e-06,2.5891740600650306e-06,1.5893046243701953e-06,0.0,False,1.0,5.766205007701923e-06,5.62733571962497e-06,5.442649974600805e-06,5.791501401443406e-06,5.980741139793274e-06
109,109,20174,153,0.126000836,unverified,0.17921418180146542,0.09823367998829668,0,0.126000836,2.71739864,1.0232357054615164,0,-0.0235932991,0.00802596938,0.000281161512,0.0351201594,0.0637813658,0.000281161512,3.885951770242247e-06,5.705467260731751e-06,3.909879136237011e-06,0.0,False,2.0088338267406715e-07,2.762021208606978e-07,2.027829817754059e-07,0.0,False,1.5377992913658219e-06,2.5662182802904077e-06,1.5679208432499653e-06,0.0,False,1.0,5.705467260731751e-06,5.557428644431013e-06,5.377447416463195e-06,5.806754218189848e-06,6.057296025545985e-06
110,110,20328,155,0.125999838,unverified,0.1798546874383125,0.09809644988726078,0,0.125969633,2.68504,1.0139583598264355,0,-0.023531314,0.00810444076,9.34444761e-05,0.0351295918,0.0637764633,9.34444834e-05,3.7797725163965245e-06,5.558067013534211e-06,3.797786886284637e-06,0.0,False,1.9644757904474615e-07,2.702429349595209e-07,1.9786876504117001e-07,0.0,False,1.5055751498589829e-06,2.5113213863734893e-06,1.5270770323163684e-06,0.0,False,1.0,5.558067013534211e-06,5.432216925446041e-06,5.248160219866111e-06,5.653759961405919e-06,6.025796318251356e-06
111,111,20479,152,0.125999629,unverified,0.18003971840158142,0.09805201936381439,0,0.125999629,2.69355631,1.0107281047207421,0,-0.023514431,0.00812575687,0.000286628172,0.0351322778,0.0637750626,0.000286628201,3.7421619671353153e-06,5.510972880509472e-06,3.7644056189769083e-06,0.0,False,1.9460150054795244e-07,2.684851350964792e-07,1.9639040371144775e-07,0.0,False,1.4864748570777945e-06,2.4939684193052796e-06,1.514688479080017e-06,0.0,False,1.0,5.510972880509472e-06,5.3847519957472196e-06,5.210095944494194e-06,5.641897231465477e-06,5.767992115310136e-06
112,112,20629,151,0.125998601,unverified,0.18075069193039373,0.09790706390836632,0,0.125998601,2.63506055,1.0026065377580127,0,-0.0234509092,0.00820566062,0.000115326358,0.0351410285,0.0637705028,0.000115326351,3.6584069709989314e-06,5.418422956999647e-06,3.6794255457176924e-06,0.0,False,1.9066961538789371e-07,2.6431142926332244e-07,1.92374612396879e-07,0.0,False,1.4539479930044534e-06,2.4587996861404774e-06,1.4808353929464267e-06,0.0,False,1.0,5.418422956999647e-06,5.265067804444837e-06,5.107967067401176e-06,5.44674926930073e-06,5.372548626715727e-06
113,113,20779,151,0.125997514,unverified,0.181066984533907,0.0978415688837308,0,0.125997514,2.60936093,0.9982518132492967,0,-0.0234195143,0.00824482832,0.000305058318,0.0351480283,0.0637668595,0.000305058318,3.5998452200490982e-06,5.320970672259471e-06,3.6206536840188952e-06,0.0,False,1.882831147513079e-07,2.6086764373893974e-07,1.8998106936780542e-07,0.0,False,1.4346939350628254e-06,2.4229431469871497e-06,1.461432382566881e-06,0.0,False,1.0,5.320970672259471e-06,5.209474567227996e-06,5.0371208584772705e-06,5.412767294302445e-06,5.666052712227839e-06
114,114,20929,151,0.125996411,unverified,0.18161180675482513,0.09772614457687148,0,0.125996411,2.62072325,0.9910866990480477,0,-0.0233687703,0.0083081387,0.000115326147,0.0351545922,0.0637634397,0.00011532614,3.5143511397078765e-06,5.203816383823433e-06,3.5356451212263325e-06,0.0,False,1.8452433455743218e-07,2.561882297303561e-07,1.8627566798586226e-07,0.0,False,1.4038037844497376e-06,2.3789357733254757e-06,1.4312531179043697e-06,0.0,False,1.0,5.203816383823433e-06,5.1007061425347435e-06,4.936049549091989e-06,5.292302064834591e-06,5.581545313850959e-06
115,115,21078,150,0.125996441,unverified,0.18215104840189897,0.09762609594114097,0,0.125996441,2.54731798,0.9835406732610994,0,-0.0233228132,0.00836490188,0.000286628696,0.0351618864,0.0637596399,0.000286628696,3.440771554205406e-06,5.111093376185489e-06,3.4608347376431446e-06,0.0,False,1.8116242043063288e-07,2.521647147439405e-07,1.8282325770572054e-07,0.0,False,1.37706832566108e-06,2.343618127792937e-06,1.403104288564584e-06,0.0,False,1.0,5.111093376185489e-06,5.004780329441944e-06,4.814476286743312e-06,5.2316695878570365e-06,5.555251411715754e-06
116,116,21228,151,0.125997603,unverified,0.1828916548262576,0.09748754370525967,0,0.125997603,2.58084989,0.9770671999211676,0,-0.0232613944,0.0084406184,0.000107207576,0.0351714864,0.063754648,0.000107207576,3.3675027233311935e-06,5.018908279919063e-06,3.3859869135099025e-06,0.0,False,1.7780780858386412e-07,2.4835672309157586e-07,1.793492899616645e-07,0.0,False,1.3494551281640443e-06,2.308660773063486e-06,1.3737143921160386e-06,0.0,False,1.0,5.018908279919063e-06,4.907411951558962e-06,4.760643024419451e-06,5.103081037991927e-06,5.391028760425149e-06
117,117,21377,150,0.125997409,unverified,0.1831423944024506,0.09743868587540881,0,0.125997409,2.51106548,0.973191535971488,0,-0.0232399963,0.0084668342,0.000286628434,0.0351747721,0.0637529343,0.000286628434,3.33714436858825e-06,4.989526366738432e-06,3.355181238866438e-06,0.0,False,1.7627739308943493e-07,2.4681851143794757e-07,1.777876868596812e-07,0.0,False,1.3369616516397538e-06,2.2970808581293583e-06,1.3606478100789068e-06,0.0,False,1.0,4.989526366738432e-06,4.864821836606285e-06,4.696239520096121e-06,5.167657841702443e-06,5.5876727854536824e-06
118,118,21526,150,0.125995338,unverified,0.18394840764598436,0.09729435579929772,0,0.125995338,2.481143,0.9657561759155711,0,-0.0231752302,0.00854573306,0.000115326016,0.0351850204,0.0637475923,0.000115326016,3.2486247885805143e-06,4.871349784611846e-06,3.265244141124773e-06,0.0,False,1.7229166527818512e-07,2.42047108375113e-07,1.7369999170943784e-07,0.0,False,1.3040466895894566e-06,2.2522003630312927e-06,1.326080098533529e-06,0.0,False,1.0,4.871349784611846e-06,4.76286226094666e-06,4.619126894664038e-06,5.0118252140454105e-06,5.360417235474839e-06
119,119,21675,150,0.125994816,unverified,0.18435802721215966,0.09722306529695979,0,0.125994816,2.51190281,0.960872450275943,0,-0.0231433809,0.00858453102,0.000305058347,0.0351904146,0.0637447983,0.000305058347,3.2013435610934456e-06,4.805571248301565e-06,3.2175761077410003e-06,0.0,False,1.701403951610672e-07,2.394115867115799e-07,1.7152236578379193e-07,0.0,False,1.2866640519302722e-06,2.2272145321386794e-06,1.3082862206465828e-06,0.0,False,1.0,4.805571248301565e-06,4.6980946129743084e-06,4.561587409227923e-06,4.89349215962696e-06,5.341397993939682e-06
120,120,21823,149,0.12599358,unverified,0.18494673587973998,0.09710731704839397,0,0.12599358,2.49631166,0.9542482417521545,0,-0.0230915584,0.00864696316,0.000115326264,0.0351985395,0.0637405664,0.000115326256,3.1373133278209377e-06,4.726762966864678e-06,3.154266455727216e-06,0.0,False,1.6708933715683487e-07,2.359999917762576e-07,1.6854636869923392e-07,0.0,False,1.2612012259423487e-06,2.1968448578937636e-06,1.2838490565062567e-06,0.0,False,1.0,4.726762966864678e-06,4.614448955891699e-06,4.483505220109556e-06,4.8703442003744885e-06,5.302834058384213e-06
121,121,21971,149,0.125993147,unverified,0.18552769478596992,0.09700528359261149,0,0.125993147,2.48138881,0.9484062822998505,0,-0.0230448898,0.00870314427,0.00028662855,0.0352055356,0.063736923,0.00028662855,3.081576849276891e-06,4.658187833427412e-06,3.098082350195258e-06,0.0,False,1.6445701844293403e-07,2.3299298361891495e-07,1.6588445463526495e-07,0.0,False,1.2398173947877709e-06,2.170305571627132e-06,1.2620259267559631e-06,0.0,False,1.0,4.658187833427412e-06,4.542263354244518e-06,4.416500875326879e-06,4.803371444345941e-06,5.2089686142326845e-06
122,122,22119,149,0.12599282,unverified,0.18625851211496922,0.09688772176980476,0,0.12599282,2.45202589,0.9406224511828399,0,-0.0229916722,0.00876668841,0.000112398739,0.0352123529,0.0637333691,0.000112398739,3.0089979528341298e-06,4.5644038828166365e-06,3.0244852388323857e-06,0.0,False,1.6107791925537504e-07,2.2893711783775302e-07,1.624285875322405e-07,0.0,False,1.2127266871932393e-06,2.133982988945612e-06,1.2337234433446045e-06,0.0,False,1.0,4.5644038828166365e-06,4.454990550515601e-06,4.315074812786887e-06,4.715554921689102e-06,5.0969789825524305e-06
123,123,22266,148,0.125992879,unverified,0.1867554926659876,0.09681306685911564,0,0.125992879,2.42281961,0.9349068520254546,0,-0.0229578316,0.00880694669,0.000281161192,0.0352189094,0.0637299567,0.000281161192,2.95230435338943e-06,4.4798139014408334e-06,2.96644354560902e-06,0.0,False,1.5861680784398653e-07,2.254987821306316e-07,1.5985357234185994e-07,0.0,False,1.1938948816907114e-06,2.1013967534624896e-06,1.213141393748778e-06,0.0,False,1.0,4.4798139014408334e-06,4.38266842355734e-06,4.228614389644624e-06,4.628302163468297e-06,4.993202032513554e-06
124,124,22413,148,0.12599282,unverified,0.1876140343622641,0.09667139126314547,0,0.12599282,2.36761975,0.9281205255089191,0,-0.0228933338,0.0088833645,9.3444658e-05,0.035227716,0.0637253746,9.3444658e-05,2.8914128135732903e-06,4.406984941412235e-06,2.9052990019402155e-06,0.0,False,1.5559398826593313e-07,2.2240657806065782e-07,1.5682285133982355e-07,0.0,False,1.16819729697753e-06,2.073167782465687e-06,1.1872478356624742e-06,0.0,False,1.0,4.406984941412235e-06,4.3008894603818925e-06,4.183426609190636e-06,4.563761588943282e-06,4.917913616826527e-06
125,125,22560,148,0.125992388,unverified,0.1878883737602135,0.09662619407437578,0,0.125992388,2.36436081,0.9258104972744691,0,-0.022873031,0.00890723243,0.000281161483,0.0352307335,0.0637238026,0.000281161483,2.8713762055449193e-06,4.384964601700076e-06,2.8851321334535422e-06,0.0,False,1.545927229853233e-07,2.2135582886028089e-07,1.558141952448389e-07,0.0,False,1.1599694992846625e-06,2.0644549354917907e-06,1.1788892696506676e-06,0.0,False,1.0,4.384964601700076e-06,4.271865818516136e-06,4.15833208984342e-06,4.545999018399175e-06,4.89904441980761e-06
126,126,22707,148,0.125991642,unverified,0.18899743154897636,0.0964494096558893,0,0.125991642,2.36947227,0.9155413850697653,0,-0.022793591,0.00900050811,0.00011239876,0.0352418311,0.0637180284,0.00011239876,2.784430366319135e-06,4.276016634363886e-06,2.7971996581872344e-06,0.0,False,1.5040429745829884e-07,2.1654468675445228e-07,1.515519707559928e-07,0.0,False,1.126091320223418e-06,2.0217533278612873e-06,1.1438121322632876e-06,0.0,False,1.0,4.276016634363886e-06,4.161940818243018e-06,4.051281177935368e-06,4.378984867893552e-06,4.615270170836343e-06
127,127,22854,148,0.125991121,unverified,0.1893303627017714,0.09639937390838443,0,0.125991121,2.36169004,0.9120763287040503,0,-0.0227705427,0.00902728643,0.000296067185,0.0352460071,0.0637158528,0.000296067185,2.7540390029846597e-06,4.236548863681702e-06,2.7665632896684666e-06,0.0,False,1.4896945056243354e-07,2.1479749343046768e-07,1.500998799364264e-07,0.0,False,1.1146969357769207e-06,2.006229360667136e-06,1.1321263078291156e-06,0.0,False,1.0,4.236548863681702e-06,4.130240923682287e-06,4.012658676148407e-06,4.3237997773110326e-06,4.558976619416434e-06
128,128,23000,147,0.125990555,unverified,0.19027538182126516,0.09625916320216299,0,0.125990555,2.27854848,0.9041942485345243,0,-0.0227079149,0.0091000488,0.000112398666,0.0352542587,0.0637115613,0.000112398666,2.6871126947062143e-06,4.145156392846398e-06,2.6985871036609146e-06,0.0,False,1.457973445002332e-07,2.1100680569540186e-07,1.468403462149101e-07,0.0,False,1.0891548098700798e-06,1.970581619695916e-06,1.1052262263806419e-06,0.0,False,1.0,4.145156392846398e-06,4.028740127165166e-06,3.934598635864531e-06,4.236989191530861e-06,4.520428794184061e-06
129,129,23146,147,0.125990182,unverified,0.19076569321909614,0.09618366920642002,0,0.125990182,2.27133632,0.8992566618678599,0,-0.02267351,0.00913982466,0.000281161483,0.0352596492,0.0637087524,0.000281161483,2.6449733119528845e-06,4.084211998727503e-06,2.6563666343181138e-06,0.0,False,1.4385634493469773e-07,2.0849574733282566e-07,1.4489820192860017e-07,0.0,False,1.0736643538877068e-06,1.946732451656154e-06,1.0896956516558046e-06,0.0,False,1.0,4.084211998727503e-06,3.981445721142165e-06,3.880488085471862e-06,4.1578321110164e-06,4.4858494618592515e-06
130,130,23291,146,0.125988886,unverified,0.19171361856613778,0.09603995781866845,0,0.125988886,2.28825974,0.8892424464846178,0,-0.022607835,0.00921523292,9.34440686e-05,0.0352705382,0.0637030825,9.34440686e-05,2.567722439089513e-06,3.988459437559213e-06,2.5787022663835458e-06,0.0,False,1.4006578209689624e-07,2.0403657849758468e-07,1.410811271053048e-07,0.0,False,1.043640855425326e-06,1.908491673366482e-06,1.0592181553738603e-06,0.0,False,1.0,3.988459437559213e-06,3.894924053418308e-06,3.7565106412821093e-06,4.122289760013729e-06,4.361882227164632e-06
131,131,23436,146,0.125988781,unverified,0.1919883545507341,0.09599928525384083,0,0.125988781,2.23452544,0.8891997779082199,0,-0.022589976,0.00923573878,0.000286628754,0.035270907,0.0637028888,0.000286628754,2.5688273587518444e-06,3.9950376893190855e-06,2.579677338837147e-06,0.0,False,1.4000480386743619e-07,2.0434646942683592e-07,1.410093471951596e-07,0.0,False,1.042354740421982e-06,1.911169414320472e-06,1.05775652874483e-06,0.0,False,1.0,3.9950376893190855e-06,3.878347108944451e-06,3.78792674793467e-06,4.095130201138577e-06,4.499409664272334e-06
132,132,23581,146,0.125988394,unverified,0.19299986505212172,0.09585324567550559,0,0.125988394,2.23281884,0.8798646376168863,0,-0.0225226022,0.00931242295,0.000115326264,0.0352811776,0.0636975393,0.000115326256,2.491377578238159e-06,3.8847766190111474e-06,2.501696650560294e-06,0.0,False,1.3638352300146608e-07,1.9969191523006553e-07,1.3734821470581797e-07,0.0,False,1.0138093584029024e-06,1.867599450542255e-06,1.0286013937103727e-06,0.0,False,1.0,3.8847766190111474e-06,3.789320895688407e-06,3.6887618404731346e-06,4.012803193689195e-06,4.351372530751444e-06
133,133,23726,146,0.125988603,unverified,0.19351684971060276,0.09577914336121934,0,0.125988603,2.21998358,0.8761233366080768,0,-0.0224894136,0.00935008284,0.000305058289,0.0352859497,0.0636950582,0.000305058289,2.472514885709363e-06,3.8753378565885906e-06,2.482542472858598e-06,0.0,False,1.3522796160319306e-07,1.9887736415816573e-07,1.3616937585787597e-07,0.0,False,1.0042309787471015e-06,1.863351414078829e-06,1.0186653199272834e-06,0.0,False,1.0,3.8753378565885906e-06,3.759483479490747e-06,3.6670626165994113e-06,4.020729253960218e-06,4.400807751830152e-06
134,134,23870,145,0.125988528,unverified,0.19435213857208716,0.09566049457934493,0,0.125988528,2.24372792,0.8688339870170902,0,-0.0224356279,0.00941083301,0.000115326118,0.0352926441,0.0636915788,0.000115326118,2.429202838974436e-06,3.833934092277987e-06,2.4388176186912856e-06,0.0,False,1.3287457898111883e-07,1.9658635695694419e-07,1.3378320410030064e-07,0.0,False,9.853379675817142e-07,1.8462583406667855e-06,9.992468035566346e-07,0.0,False,1.0,3.833934092277987e-06,3.700672058351184e-06,3.5965345289903654e-06,3.955393517438436e-06,4.3710665471477906e-06
135,135,24015,146,0.125987723,unverified,0.19513875097663105,0.09555335602726789,0,0.125987723,2.22293353,0.8630386335943749,0,-0.0223870222,0.00946534518,0.000286628347,0.0352995694,0.0636879653,0.000286628347,2.3787926902884786e-06,3.7595890495413633e-06,2.3878761357529326e-06,0.0,False,1.305292354486449e-07,1.9353685092198407e-07,1.3139466166962185e-07,0.0,False,9.666869528275509e-07,1.816827743169255e-06,9.799256681635435e-07,0.0,False,1.0,3.7595890495413633e-06,3.6492089505386717e-06,3.5483657058912275e-06,3.85809310231401e-06,4.284578042018973e-06
136,136,24159,145,0.125987023,unverified,0.19617499611727462,0.095409131999188,0,0.125987023,2.20547509,0.8532856694713054,0,-0.0223220177,0.00953800511,0.000107207503,0.0353096686,0.0636827126,0.000107207503,2.3118198532862048e-06,3.6723857042925186e-06,2.3203953019206033e-06,0.0,False,1.2721167073352255e-07,1.8955005260518842e-07,1.280364127400228e-07,0.0,False,9.406025768083822e-07,1.7816837530326718e-06,9.532035192763448e-07,0.0,False,1.0,3.6723857042925186e-06,3.564265448582683e-06,3.4434539895742663e-06,3.7447353745842915e-06,4.1061329596580025e-06
137,137,24303,145,0.125986546,unverified,0.1965406222228141,0.09535931069120132,0,0.125986546,2.18305254,0.8500834071588398,0,-0.0222993493,0.0095631294,0.000286628812,0.0353130288,0.0636809617,0.000286628812,2.2908588481540886e-06,3.6457643687649434e-06,2.2992667615824556e-06,0.0,False,1.2615613884960828e-07,1.883216747311284e-07,1.2696716183179435e-07,0.0,False,9.322560028483425e-07,1.7709202092331166e-06,9.446410936105538e-07,0.0,False,1.0,3.6457643687649434e-06,3.539230315973231e-06,3.4167818794916815e-06,3.7145200468003875e-06,4.093755620502779e-06
138,138,24447,145,0.125985935,unverified,0.1976623644226177,0.09520675522737779,0,0.125985935,2.17152715,0.8426422394447994,0,-0.0222309716,0.00963892043,0.000115326366,0.0353218541,0.0636763647,0.000115326358,2.2390710889227755e-06,3.5745444397114405e-06,2.2469817181914623e-06,0.0,False,1.2357115162313539e-07,1.8533137046088934e-07,1.2434129021565266e-07,0.0,False,9.112914029309873e-07,1.742472453694907e-06,9.23035002536846e-07,0.0,False,1.0,3.5745444397114405e-06,3.4677496471363914e-06,3.3723157002412257e-06,3.654575412324719e-06,4.015412429460685e-06
139,139,24591,145,0.125985429,unverified,0.19832778856806083,0.09511856758323978,0,0.125985429,2.15138698,0.8365223698180906,0,-0.0221903119,0.00968356244,0.000305058667,0.0353288502,0.0636727288,0.000305058667,2.194988717423384e-06,3.5111717579228914e-06,2.202637027858462e-06,0.0,False,1.2145409494706692e-07,1.825683500946261e-07,1.222032935217551e-07,0.0,False,8.948789838563202e-07,1.7169175593019976e-06,9.062996700783826e-07,0.0,False,1.0,3.5111717579228914e-06,3.4196554744179e-06,3.3078914153441317e-06,3.545606308515436e-06,3.8789037142945396e-06
140,140,24734,144,0.125985339,unverified,0.19939664654833408,0.09497346455666854,0,0.125985339,2.13379025,0.8289504580764251,0,-0.0221259035,0.0097541241,0.000112398666,0.0353368856,0.0636685491,0.000112398673,2.151145517556546e-06,3.459775136988115e-06,2.1584571174287303e-06,0.0,False,1.1912682650363057e-07,1.8009077144971087e-07,1.1984757805285245e-07,0.0,False,8.762753903929183e-07,1.6958757776898402e-06,8.872461443791845e-07,0.0,False,1.0,3.459775136988115e-06,3.349629526673031e-06,3.253485271658317e-06,3.549878245193917e-06,3.627507271860651e-06
141,141,24877,144,0.125985295,unverified,0.20000164690178646,0.09489400965813928,0,0.125985295,2.12123513,0.823190407287217,0,-0.0220903531,0.00979288016,0.000281161396,0.0353409648,0.0636664256,0.000281161396,2.116611738037073e-06,3.4154512736191065e-06,2.123694123280823e-06,0.0,False,1.1737034428142223e-07,1.779770503173729e-07,1.1807163750977227e-07,0.0,False,8.626568143993513e-07,1.6776893296836985e-06,8.733140771213369e-07,0.0,False,1.0,3.4154512736191065e-06,3.299460971870441e-06,3.1927586751501335e-06,3.5125721875789822e-06,3.6350041163714075e-06
142,142,25020,144,0.125984773,unverified,0.2011547611426299,0.09474066038916508,0,0.125984773,2.08807278,0.8153376172224647,0,-0.0220225062,0.00986634102,9.34444397e-05,0.0353495032,0.0636619776,9.34444397e-05,2.073697583151266e-06,3.370474038644757e-06,2.0804108306135218e-06,0.0,False,1.1501488391715708e-07,1.75608965775362e-07,1.1568508800084596e-07,0.0,False,8.437706528851254e-07,1.6589221943339901e-06,8.539356444546791e-07,0.0,False,1.0,3.370474038644757e-06,3.247972651016897e-06,3.1479526809572087e-06,3.454857889291824e-06,3.284854395219257e-06
143,143,25163,144,0.125984907,unverified,0.20150419292379984,0.09469382532254475,0,0.125984907,2.06521344,0.8131309913621749,0,-0.0220012441,0.00988936052,0.00028116157,0.0353519656,0.0636606961,0.00028116157,2.0617005428435594e-06,3.3569344742702386e-06,2.0683456331270312e-06,0.0,False,1.1435776983297356e-07,1.749430011865694e-07,1.1502278101318666e-07,0.0,False,8.384751076750339e-07,1.6533348962646977e-06,8.485572556668459e-07,0.0,False,1.0,3.3569344742702386e-06,3.2331917787886248e-06,3.1349493780783853e-06,3.4245558525256925e-06,3.230939243144112e-06
144,144,25305,143,0.125983566,unverified,0.20293025730326147,0.09450643421420571,0,0.125983566,2.06317878,0.8006928749964848,0,-0.0219176859,0.00997896772,0.000112398986,0.0353653021,0.0636537597,0.000112398986,1.986948846771692e-06,3.2533466028812566e-06,1.9931361428847603e-06,0.0,False,1.1060974988554367e-07,1.702429356250787e-07,1.1123649760161448e-07,0.0,False,8.094740283380663e-07,1.6109078469463884e-06,8.189687690682426e-07,0.0,False,1.0,3.2533466028812566e-06,3.1399371210433898e-06,3.019430274491296e-06,3.314798138685311e-06,3.2628375845527994e-06
145,145,25447,143,0.125983357,unverified,0.20335137254067986,0.09445058500414652,0,0.125983357,2.07966495,0.8001640650775694,0,-0.0218935646,0.0100047812,0.000296067097,0.035367351,0.0636526942,0.000296067097,1.991443054395293e-06,3.2688783784278747e-06,1.9975240373212273e-06,0.0,False,1.1062854396845638e-07,1.708353282416734e-07,1.1124509571123663e-07,0.0,False,8.088326082929015e-07,1.6171960458635519e-06,8.181617078628374e-07,0.0,False,1.0,3.2688783784278747e-06,3.1298478404573148e-06,3.0538282873627953e-06,3.364105465201692e-06,3.2026929129257837e-06
146,146,25589,143,0.125982672,unverified,0.20448892170779961,0.09430278079037385,0,0.125982672,2.02599335,0.7896285034256045,0,-0.0218277741,0.0100746993,0.000112398513,0.0353736728,0.0636494011,0.000112398506,1.9311004933102233e-06,3.188184457964085e-06,1.936859756650097e-06,0.0,False,1.075712054420186e-07,1.6699705581617994e-07,1.0815986855673896e-07,0.0,False,7.854198055367083e-07,1.5837766258146886e-06,7.943091107923672e-07,0.0,False,1.0,3.188184457964085e-06,3.068084104119149e-06,2.946600090558369e-06,3.293176947575924e-06,3.3033248957835283e-06
147,147,25731,143,0.125982434,unverified,0.20510835709313524,0.09422260272675115,0,0.125982434,2.02093434,0.7862056659982696,0,-0.0217916444,0.0101129143,0.000281161512,0.0353812091,0.0636454821,0.000281161512,1.9137273738084443e-06,3.1625042027074673e-06,1.9192917620581547e-06,0.0,False,1.0666275531343044e-07,1.6598255638294644e-07,1.0723440287626314e-07,0.0,False,7.779938814681603e-07,1.5734202569425213e-06,7.866310978179648e-07,0.0,False,1.0,3.1625042027074673e-06,3.0423065482719383e-06,2.9488436533746193e-06,3.276668690048932e-06,3.455215466746955e-06
148,148,25873,143,0.125982285,unverified,0.20629233326823151,0.0940675988047539,0,0.125982285,2.00106525,0.7767873119431954,0,-0.0217227992,0.0101854401,9.34444906e-05,0.0353903919,0.0636406988,9.34444906e-05,1.8656437400073864e-06,3.0981511425222545e-06,1.870927989944569e-06,0.0,False,1.0415421928408915e-07,1.6299185199928645e-07,1.0470164039659341e-07,0.0,False,7.584852389195649e-07,1.546772479971924e-06,7.667544863561537e-07,0.0,False,1.0,3.0981511425222545e-06,2.980033675176648e-06,2.88437692717869e-06,3.2061595938459163e-06,3.365707825163334e-06
149,149,26015,143,0.125982076,unverified,0.2066189621574807,0.09402510514501618,0,0.125982076,1.99650621,0.774651131675963,0,-0.0217040032,0.01020509,0.000286628667,0.0353928134,0.0636394322,0.000286628667,1.8539770324886366e-06,3.0824404084526175e-06,1.8591828774660252e-06,0.0,False,1.035477121949848e-07,1.6226678360815027e-07,1.040880921686592e-07,0.0,False,7.537430763808047e-07,1.5402591861663673e-06,7.619032056837743e-07,0.0,False,1.0,3.0824404084526175e-06,2.963901736934089e-06,2.868600197608924e-06,3.191118233579471e-06,3.367625286146808e-06
150,150,26157,143,0.125982165,unverified,0.2078647472892352,0.09386479299839556,0,0.125982165,1.97842968,0.7652881289335444,0,-0.0216334444,0.0102788545,0.000115326249,0.0354018956,0.0636347011,0.000115326242,1.8067960632692366e-06,3.017131473979191e-06,1.8117280357954972e-06,0.0,False,1.010938131794431e-07,1.592916433103677e-07,1.0161000793217841e-07,0.0,False,7.346440474892673e-07,1.5131892816738744e-06,7.424281414185639e-07,0.0,False,1.0,3.017131473979191e-06,2.8993381572640983e-06,2.8056914096419503e-06,3.1141014478251166e-06,3.2892086706205885e-06
151,151,26298,142,0.125981659,unverified,0.20846862585480566,0.09378631386966627,0,0.125981659,1.99663424,0.7606804148512597,0,-0.0215985831,0.0103149703,0.000305058347,0.035406407,0.0636323616,0.000305058347,1.7812051006207643e-06,2.980128284583821e-06,1.7860319162531808e-06,0.0,False,9.98142408817738e-08,1.5761061928006378e-07,1.003205914377954e-07,0.0,False,7.248344651108749e-07,1.4977921455701528e-06,7.324621354788412e-07,0.0,False,1.0,2.980128284583821e-06,2.8618481685043405e-06,2.7693668973305366e-06,3.0593413386074657e-06,3.356327853949721e-06
152,152,26439,142,0.125981063,unverified,0.20945499248682284,0.09365775717768579,0,0.125981063,1.97944987,0.7534577615569669,0,-0.021542158,0.0103732748,0.000115326242,0.0354143158,0.0636282414,0.000115326235,1.752815744397139e-06,2.952240732342023e-06,1.7574378694239586e-06,0.0,False,9.814698616000382e-08,1.5598736386611776e-07,9.863470221616724e-08,0.0,False,7.117825243091724e-07,1.4857486276382375e-06,7.191210490689103e-07,0.0,False,1.0,2.952240732342023e-06,2.8261773591925914e-06,2.7313004780501455e-06,3.0394817655307903e-06,3.430113221769346e-06
153,153,26579,141,0.125980839,unverified,0.21034581710170566,0.09353985863098614,0,0.125980839,1.9564091,0.7474905422649207,0,-0.0214912929,0.010425684,0.000286628754,0.0354199335,0.0636253208,0.000286628754,1.7157691214267378e-06,2.8878125105210294e-06,1.7202428955103695e-06,0.0,False,9.641746831262101e-08,1.534017879416537e-07,9.689242211023317e-08,0.0,False,6.985307170930679e-07,1.4592878333076792e-06,7.056642019837223e-07,0.0,False,1.0,2.8878125105210294e-06,2.7713077020419843e-06,2.6781114588014546e-06,2.9628747248938136e-06,3.385325238473835e-06
154,154,26719,141,0.125979841,unverified,0.2115418010312901,0.09338376139936609,0,0.125979841,1.94008267,0.7388236911565403,0,-0.0214230828,0.0104953442,0.000107207852,0.035428822,0.0636206865,0.000107207845,1.6786664882743553e-06,2.839336660840606e-06,1.6829138579139835e-06,0.0,False,9.44039713133126e-08,1.5106794546552123e-07,9.485788605204252e-08,0.0,False,6.829513314765217e-07,1.4388548309659303e-06,6.897631675559396e-07,0.0,False,1.0,2.839336660840606e-06,2.720676198517027e-06,2.628819505531039e-06,2.908638933784399e-06,3.3353645083184893e-06
155,155,26859,141,0.125979796,unverified,0.21197157668159067,0.09332849843634347,0,0.125979796,1.92908752,0.7354080779188945,0,-0.0213994067,0.0105195241,0.000286628463,0.0354318917,0.0636190847,0.000286628463,1.6626152376498779e-06,2.8162007594763427e-06,1.6667852124912516e-06,0.0,False,9.357664990916791e-08,1.5000131734709436e-07,9.402359874860288e-08,0.0,False,6.76642692695203e-07,1.429131597152949e-06,6.83348350048782e-07,0.0,False,1.0,2.8162007594763427e-06,2.699814233012244e-06,2.605101163224278e-06,2.8853102606985626e-06,3.2982047060278318e-06
156,156,26999,141,0.125978678,unverified,0.2132315685936594,0.09316409859276556,0,0.125978678,1.90634775,0.7250985927880876,0,-0.0213276744,0.0105921496,0.000115326104,0.035442058,0.0636138022,0.000115326104,1.6192566802247279e-06,2.7595524382001957e-06,1.6231994131894087e-06,0.0,False,9.123534629301227e-08,1.4718719111231756e-07,9.166089358904807e-08,0.0,False,6.588209743109792e-07,1.4050270083667636e-06,6.652037311761874e-07,0.0,False,1.0,2.7595524382001957e-06,2.6465473240508047e-06,2.5325944796839047e-06,2.8176879772963633e-06,3.207163257770796e-06
157,157,27139,141,0.125978336,unverified,0.21383781828802922,0.09308252663666007,0,0.125978336,1.8972882,0.7204830755297007,0,-0.0212923475,0.0106278099,0.00030505826,0.0354469307,0.0636112615,0.00030505826,1.6002882114292046e-06,2.734017669535009e-06,1.604118332897031e-06,0.0,False,9.021297153729686e-08,1.4595437932025978e-07,9.062766281937012e-08,0.0,False,6.509920316928399e-07,1.3941838515033992e-06,6.572120986698533e-07,0.0,False,1.0,2.734017669535009e-06,2.6220281310336803e-06,2.505844559029803e-06,2.789899736074177e-06,3.173029167136091e-06
158,158,27279,141,0.125977427,unverified,0.21512571776036546,0.09290932996383017,0,0.125977427,1.89262617,0.7114835564133792,0,-0.0212177057,0.0107026845,0.000112398935,0.0354559869,0.0636065453,0.000112398935,1.5636794665233971e-06,2.6810762245865243e-06,1.5673091529082378e-06,0.0,False,8.826072507718509e-08,1.4356076030631422e-07,8.865646236638826e-08,0.0,False,6.358749732041975e-07,1.371872053866029e-06,6.418062158630311e-07,0.0,False,1.0,2.6810762245865243e-06,2.5689259292300423e-06,2.46502377122349e-06,2.7486732614555122e-06,3.1491884225785536e-06
159,159,27418,140,0.125976935,unverified,0.21576977798735442,0.0928213392212713,0,0.125976935,1.87089682,0.7060512990274517,0,-0.021180477,0.0107398285,0.000281161396,0.0354605019,0.0636041984,0.000281161396,1.547419867935229e-06,2.6616566222764905e-06,1.5509630685600276e-06,0.0,False,8.731414983175819e-08,1.4255887040444815e-07,8.770141193691445e-08,0.0,False,6.285435142730169e-07,1.363527464260791e-06,6.343426777768845e-07,0.0,False,1.0,2.6616566222764905e-06,2.546957475945174e-06,2.4458738127906977e-06,2.74513968060239e-06,2.878171851733752e-06
160,160,27557,140,0.125976324,unverified,0.21698441717592068,0.09265491168724076,0,0.125976324,1.85552597,0.696843643788402,0,-0.0211095437,0.0108103175,9.3444396e-05,0.0354693867,0.0635995641,9.34443888e-05,1.5106715834711243e-06,2.6097490549123604e-06,1.5140243955718458e-06,0.0,False,8.533922069522077e-08,1.4011098549165935e-07,8.570821034909781e-08,0.0,False,6.134654067607962e-07,1.3414273025232804e-06,6.189892983757108e-07,0.0,False,1.0,2.6097490549123604e-06,2.4973156482001783e-06,2.3942605555866104e-06,2.696258470594893e-06,2.7960010799647182e-06
161,161,27696,140,0.125975937,unverified,0.21735872489239386,0.09260369631195808,0,0.125975937,1.85362661,0.6932634028140263,0,-0.0210872311,0.01083232,0.000281161745,0.0354731418,0.0635976195,0.000281161745,1.4967663483205913e-06,2.588475442453709e-06,1.500064234519488e-06,0.0,False,8.461819957988842e-08,1.3914131852158407e-07,8.498213350272425e-08,0.0,False,6.080405174182395e-07,1.3323883209088398e-06,6.134882222870459e-07,0.0,False,1.0,2.588475442453709e-06,2.4805097581138483e-06,2.3738364149967572e-06,2.6771873881835e-06,2.7531222023921066e-06
162,162,27835,140,0.125975415,unverified,0.21879110130736257,0.09239884578851253,0,0.125975415,1.83460391,0.6810728761020107,0,-0.020999942,0.0109182922,0.000112398651,0.0354843624,0.0635917783,0.000112398644,1.4446172917069623e-06,2.5102602941914876e-06,1.4477531255407058e-06,0.0,False,8.192117535988663e-08,1.354848344230449e-07,8.227070238811404e-08,0.0,False,5.877819647805084e-07,1.298914685890076e-06,5.930041321346531e-07,0.0,False,1.0,2.5102602941914876e-06,2.415021536393917e-06,2.289032820152595e-06,2.576927198436963e-06,2.6598140365756042e-06
163,163,27973,139,0.125974908,unverified,0.21921049062411907,0.09233749866327132,0,0.125974908,1.82152712,0.6792070430714846,0,-0.0209746417,0.0109429527,0.000296067446,0.0354866832,0.0635905713,0.000296067446,1.447296819594182e-06,2.5226614476234866e-06,1.4503942205260171e-06,0.0,False,8.186167313469359e-08,1.3588931171276793e-07,8.220703337262176e-08,0.0,False,5.869599024030113e-07,1.304056257127312e-06,5.921142210437192e-07,0.0,False,1.0,2.5226614476234866e-06,2.414670450176608e-06,2.3033504125466725e-06,2.573670813332642e-06,2.4559660673024324e-06
164,164,28111,139,0.125974387,unverified,0.22034349033659212,0.09217394925203282,0,0.125974387,1.80277169,0.668727871397705,0,-0.0209058933,0.0110099632,0.000112398753,0.0354958847,0.0635857731,0.000112398753,1.4097546502753849e-06,2.4701999559585677e-06,1.4126968739452068e-06,0.0,False,7.982634275052896e-08,1.3329875056564005e-07,8.015680238773181e-08,0.0,False,5.71731812572249e-07,1.2813762957460946e-06,5.766641193049817e-07,0.0,False,1.0,2.4701999559585677e-06,2.368593738928107e-06,2.237628117629398e-06,2.5173478436058984e-06,2.4197002199825632e-06
165,165,28249,139,0.125974149,unverified,0.22094876617674064,0.09208417188290795,0,0.125974149,1.79522908,0.6639561557138424,0,-0.0208681431,0.0110465791,0.000281161076,0.0355005488,0.0635833442,0.000281161076,1.3919662309246397e-06,2.4420595261995286e-06,1.3948332420698072e-06,0.0,False,7.890079105178649e-08,1.3203897906843985e-07,7.922352997621615e-08,0.0,False,5.647491085329276e-07,1.2693479350838664e-06,5.695651890093423e-07,0.0,False,1.0,2.4420595261995286e-06,2.3419095846632925e-06,2.2122106189269606e-06,2.485407762924665e-06,2.3809464579693795e-06
166,166,28387,139,0.125973493,unverified,0.22208176808814403,0.09191223883456769,0,0.125973493,1.77617931,0.6543502990777393,0,-0.0207961276,0.011115958,9.3444105e-05,0.0355094187,0.0635787323,9.3444105e-05,1.3619808474603975e-06,2.4025445177786442e-06,1.3647030096375251e-06,0.0,False,7.720566530542617e-08,1.3002246019141422e-07,7.75136326016887e-08,0.0,False,5.519423210876436e-07,1.252114887910341e-06,5.565369410819093e-07,0.0,False,1.0,2.4025445177786442e-06,2.3053171304912785e-06,2.1666760991749603e-06,2.447459081219581e-06,2.3636381354475464e-06
167,167,28525,139,0.125973567,unverified,0.22238406549539397,0.09186532380645782,0,0.125973567,1.77523887,0.6515301524071273,0,-0.0207765438,0.0111348247,0.000286628754,0.0355123356,0.0635772198,0.000286628754,1.350199382177563e-06,2.3825628144827523e-06,1.3528868644378197e-06,0.0,False,7.662115967517866e-08,1.291470948510514e-07,7.692560609521514e-08,0.0,False,5.475988481169582e-07,1.2435550964606108e-06,5.521398461501353e-07,0.0,False,1.0,2.3825628144827523e-06,2.2873825772438067e-06,2.1505452048529538e-06,2.4202265923977383e-06,2.3146246153814493e-06
168,168,28663,139,0.125972793,unverified,0.2234910012055426,0.09168998101946595,0,0.125972793,1.76241171,0.6421598234448946,0,-0.0207027253,0.0112053258,0.000115326169,0.0355219916,0.0635721907,0.000115326162,1.321341639857667e-06,2.340337760198844e-06,1.32390594186199e-06,0.0,False,7.502904371058335e-08,1.2714977268168205e-07,7.532086836399871e-08,0.0,False,5.355495399243317e-07,1.2252747391102071e-06,5.399010823071014e-07,0.0,False,1.0,2.340337760198844e-06,2.246985482287135e-06,2.115194012209669e-06,2.373403233744051e-06,2.2919389770182145e-06
169,169,28801,139,0.125972658,unverified,0.22412867634366299,0.09158461732821183,0,0.125972658,1.77809095,0.6366054373835293,0,-0.020658996,0.0112469643,0.000305058376,0.0355273411,0.0635694116,0.000305058376,1.30583848768008e-06,2.320499123022781e-06,1.3083335069200252e-06,0.0,False,7.412346878284692e-08,1.2611401811998415e-07,7.440827809584403e-08,0.0,False,5.286866420282493e-07,1.216548895005537e-06,5.329328603227517e-07,0.0,False,1.0,2.320499123022781e-06,2.222866942826317e-06,2.094978445099399e-06,2.3733765566502897e-06,2.2825773399427354e-06
170,170,28939,139,0.12597245,unverified,0.2248547008511635,0.09146125121973891,0,0.12597245,1.7695297,0.6296932791063632,0,-0.0206074826,0.0112957554,0.000115326198,0.0355340689,0.0635659024,0.000115326191,1.2825878104159241e-06,2.2868963366309908e-06,1.28500110498944e-06,0.0,False,7.286627837137779e-08,1.2445120984152464e-07,7.314363065293488e-08,0.0,False,5.193390944596373e-07,1.20183019943174e-06,5.234722415420115e-07,0.0,False,1.0,2.2868963366309908e-06,2.1955691477620054e-06,2.0597445429724357e-06,2.3381934284110484e-06,2.3082076260150345e-06
171,171,29076,138,0.125972122,unverified,0.22560199162935435,0.09133177088589785,0,0.125956312,1.73989618,0.6230908178527557,0,-0.0205542967,0.0113458093,0.000286628609,0.0355399437,0.0635628402,0.000286628609,1.2624708449676444e-06,2.2546342693527482e-06,1.2648186142580227e-06,0.0,False,7.179049055546007e-08,1.229962393150074e-07,7.206063569337815e-08,0.0,False,5.112614791512664e-07,1.1878685500967976e-06,5.152860465237457e-07,0.0,False,1.0,2.2546342693527482e-06,2.1657342588190608e-06,2.0305849896001247e-06,2.328530638963987e-06,2.4099497230929204e-06
172,172,29213,138,0.125972196,unverified,0.22655907519367674,0.09115983580017198,0,0.12589623,1.75458062,0.6141556837749076,0,-0.0204831883,0.0114125106,0.000107207095,0.0355488956,0.0635581911,0.000107207103,1.239314275777563e-06,2.226010637155907e-06,1.2415637417140439e-06,0.0,False,7.04248182330884e-08,1.2142463468404646e-07,7.068447255189431e-08,0.0,False,5.010163510520041e-07,1.1750990692847838e-06,5.048813912848252e-07,0.0,False,1.0,2.226010637155907e-06,2.1311807994912735e-06,1.995454906697029e-06,2.290740358909352e-06,2.4698960521072843e-06
173,173,29350,138,0.125971988,unverified,0.226867569168165,0.0911002139900274,0,0.125880584,1.75093114,0.6109678271987397,0,-0.0204584114,0.0114355572,0.000286628609,0.0355522111,0.0635564551,0.000286628609,1.2295366531832265e-06,2.210930616993475e-06,1.2317570057440975e-06,0.0,False,6.989775445004117e-08,1.2070890401365967e-07,7.01547814737295e-08,0.0,False,4.97088452378946e-07,1.1684985611168457e-06,5.009121488008916e-07,0.0,False,1.0,2.210930616993475e-06,2.1193758094736505e-06,1.980530709833333e-06,2.271165341765702e-06,2.450949553944935e-06
174,174,29487,138,0.125972286,unverified,0.2278076601776455,0.09091707673833356,0,0.125863597,1.73885572,0.6013074493373899,0,-0.0203836709,0.0115050813,0.000115326191,0.0355616435,0.0635515526,0.000115326184,1.2019544762368384e-06,2.1705610015510753e-06,1.2040743067442116e-06,0.0,False,6.837697978470848e-08,1.1871323004327344e-07,6.862361854068932e-08,0.0,False,4.857943788204721e-07,1.1506939427407236e-06,4.894627566737925e-07,0.0,False,1.0,2.1705610015510753e-06,2.080384194706858e-06,1.9388678252655625e-06,2.2353464182829438e-06,2.438432215870551e-06
175,175,29623,137,0.125971809,unverified,0.2283500057173597,0.09080852729400775,0,0.125845343,1.68708837,0.5947254156792882,0,-0.0203392655,0.0115459971,0.000305058347,0.035567075,0.0635487214,0.000305058347,1.1838424904399296e-06,2.143314512112757e-06,1.1859171614120405e-06,0.0,False,6.738467637110719e-08,1.173780786732561e-07,6.762681505387859e-08,0.0,False,4.784837191326518e-07,1.138665226845229e-06,4.820846914786498e-07,0.0,False,1.0,2.143314512112757e-06,2.057894319588424e-06,1.9098201448254803e-06,2.176238603739822e-06,2.4110806834270414e-06
176,176,29759,137,0.125971481,unverified,0.22895629379017515,0.0906808700003626,0,0.125826806,1.67763519,0.5882532578647062,0,-0.0202870332,0.011594018,0.00011532622,0.0355733261,0.0635454729,0.000115326213,1.1657114476492516e-06,2.1160025754150977e-06,1.167722643535542e-06,0.0,False,6.639178139186994e-08,1.1604344229596261e-07,6.662732399643864e-08,0.0,False,4.71118726075155e-07,1.1265860928054605e-06,4.7461697526412063e-07,0.0,False,1.0,2.1160025754150977e-06,2.0314457131445943e-06,1.8822491396204347e-06,2.14808510153912e-06,2.377482057572038e-06
177,177,29895,137,0.125971496,unverified,0.22953905689568208,0.09054861963119226,0,0.125799626,1.6968087,0.5821588627655373,0,-0.0202331971,0.0116433706,0.000286628667,0.0355790295,0.0635425001,0.000286628667,1.1482884164214309e-06,2.089900260907848e-06,1.1502381445353177e-06,0.0,False,6.543920246451352e-08,1.1475412539062462e-07,6.566846091055572e-08,0.0,False,4.640526664712166e-07,1.114996331863925e-06,4.6745302833775105e-07,0.0,False,1.0,2.089900260907848e-06,2.0040312867103146e-06,1.8560954141543897e-06,2.136889156781763e-06,2.3339288881481765e-06
178,178,30030,136,0.125970945,unverified,0.23018201233985439,0.09039835049331263,0,0.125778228,1.6611954,0.5734593843206678,0,-0.0201718528,0.0116991121,0.000112398498,0.0355874002,0.063538149,0.000112398498,1.1257391219048017e-06,2.0552202938500662e-06,1.1276267931038163e-06,0.0,False,6.420420487817801e-08,1.1306096961469684e-07,6.442691228622915e-08,0.0,False,4.549817671065768e-07,1.0996009932699902e-06,4.5828376150165805e-07,0.0,False,1.0,2.0552202938500662e-06,1.9739218334005608e-06,1.8198540682681653e-06,2.122663780015278e-06,2.275998295887484e-06
179,179,30165,136,0.125971109,unverified,0.23056932887841514,0.0903019713747559,0,0.1257682,1.6965754,0.5695577144369617,0,-0.0201329291,0.01173448,0.000281161512,0.0355912261,0.0635361522,0.000281161512,1.1195016475122933e-06,2.0500602841654463e-06,1.1213528115341458e-06,0.0,False,6.377336362111393e-08,1.126797051397407e-07,6.399174334969133e-08,0.0,False,4.5170441142015086e-07,1.0971541140250894e-06,4.5494058615326254e-07,0.0,False,1.0,2.0500602841654463e-06,1.9623135759936192e-06,1.8125235962415993e-06,2.1160320526135788e-06,2.1669523851391562e-06
180,180,30300,136,0.125970572,unverified,0.2312704403451391,0.09011873424141376,0,0.125735238,1.68390739,0.5604330607314105,0,-0.020058617,0.01180139,9.34441341e-05,0.0355998538,0.0635316595,9.34441414e-05,1.0951525712680276e-06,2.0125788046498998e-06,1.0969270234592218e-06,0.0,False,6.2448730805223e-08,1.1083396149629105e-07,6.265884100188537e-08,0.0,False,4.419797701033777e-07,1.080433800751412e-06,4.4509213764531406e-07,0.0,False,1.0,2.0125788046498998e-06,1.9268987553382033e-06,1.7738683830870227e-06,2.0768189958690966e-06,2.1360175003562755e-06
181,181,30435,136,0.125970542,unverified,0.231475705998487,0.09006163117320856,0,0.125729844,1.67980015,0.5575978157755643,0,-0.0200353023,0.011822328,0.0002811616,0.0356028862,0.0635300875,0.0002811616,1.0874035420837498e-06,2.000349506256269e-06,1.0891507527903982e-06,0.0,False,6.203167308474796e-08,1.1023831500518814e-07,6.22388234677683e-08,0.0,False,4.389313210637426e-07,1.0749767637993346e-06,4.4200065212293603e-07,0.0,False,1.0,2.000349506256269e-06,1.9159316622687924e-06,1.7616904692975208e-06,2.063686384035163e-06,2.11680122665813e-06
182,182,30570,136,0.125970244,unverified,0.23221581728621438,0.08983613470120169,0,0.125689194,1.65613317,0.5463665615581368,0,-0.0199439228,0.0119039454,0.00011239887,0.0356143788,0.0635240972,0.000112398862,1.054999366314896e-06,1.9475212890777445e-06,1.0566575494660477e-06,0.0,False,6.032725270117665e-08,1.0769893064698734e-07,6.052506362143224e-08,0.0,False,4.265236748758828e-07,1.0513749578860866e-06,4.2945462744286157e-07,0.0,False,1.0,1.9475212890777445e-06,1.8716224528672033e-06,1.7103261048009236e-06,2.0011889088175308e-06,2.0926348878063357e-06
183,183,30704,135,0.125970066,unverified,0.23239882177881876,0.0897708617756894,0,0.125682145,1.64188862,0.5438188033371049,0,-0.0199175011,0.0119273979,0.000296067126,0.0356175266,0.0635224655,0.000296067126,1.0448465540249526e-06,1.928752275674993e-06,1.046478899882867e-06,0.0,False,5.983727085225356e-08,1.0686522457100916e-07,6.003262032520987e-08,0.0,False,4.229664653157234e-07,1.0430485563045024e-06,4.258598685652685e-07,0.0,False,1.0,1.928752275674993e-06,1.8522834424175827e-06,1.6949173046651861e-06,1.96487041391338e-06,1.9714908782372584e-06
184,184,30838,135,0.125970185,unverified,0.2328940668112379,0.08959346205886043,0,0.125656053,1.6109035,0.5356188273762892,0,-0.0198456477,0.0119910697,0.000112398957,0.0356259309,0.063518092,0.000112398957,1.022872268086896e-06,1.8944828001964683e-06,1.0244466690671194e-06,0.0,False,5.864697793319526e-08,1.0515454102662305e-07,5.883583994729753e-08,0.0,False,4.142976597709685e-07,1.0275857795482299e-06,4.1709228212197656e-07,0.0,False,1.0,1.8944828001964683e-06,1.8217401703548093e-06,1.6609069736110896e-06,1.920906239131593e-06,1.9139603771299653e-06
185,185,30972,135,0.125969753,unverified,0.23313787763249327,0.089495356497971,0,0.125631794,1.639364,0.5320870518765747,0,-0.0198061131,0.0120257502,0.000281161512,0.0356300324,0.0635159537,0.000281161512,1.0186251010696263e-06,1.8926458297017446e-06,1.0201711329411856e-06,0.0,False,5.8317310506299616e-08,1.0490991634381506e-07,5.850286105304437e-08,0.0,False,4.118122197273618e-07,1.0265753388479917e-06,4.1455672678109885e-07,0.0,False,1.0,1.8926458297017446e-06,1.8130350834302903e-06,1.6553959703190837e-06,1.9388443381280787e-06,1.9210403785447142e-06
186,186,31106,135,0.125970036,unverified,0.23356699527551011,0.08930945779148583,0,0.125609607,1.62605238,0.5238867028718428,0,-0.0197309367,0.0120916935,9.34445925e-05,0.0356390737,0.0635112524,9.34445852e-05,9.952004928055579e-07,1.8555837650694444e-06,9.966953009889243e-07,0.0,False,5.7063385582907666e-08,1.030579579719124e-07,5.724372260943582e-08,0.0,False,4.027196086492434e-07,1.0097947290395089e-06,4.053844370091998e-07,0.0,False,1.0,1.8555837650694444e-06,1.7787772984717646e-06,1.6186382041070914e-06,1.8996844688487761e-06,1.883222694742225e-06
187,187,31240,135,0.125970036,unverified,0.23367286994397374,0.08925897151710674,0,0.125595421,1.62271452,0.5220751504054889,0,-0.0197104272,0.0121095469,0.00028662855,0.0356414355,0.0635100231,0.00028662855,9.893331315739248e-07,1.8458044472163823e-06,9.90814036487548e-07,0.0,False,5.675913149788765e-08,1.0258402789861714e-07,5.693799855912925e-08,0.0,False,4.005209216076118e-07,1.005376128005266e-06,4.031636435737736e-07,0.0,False,1.0,1.8458044472163823e-06,1.7694611809882117e-06,1.609185733945613e-06,1.8895213175753637e-06,1.8753203946114307e-06
188,188,31373,134,0.125970259,unverified,0.23402432729321251,0.0890677807215835,0,0.125550404,1.58556819,0.5142546038503232,0,-0.0196332987,0.0121764103,0.000115326293,0.0356503427,0.0635053813,0.000115326286,9.635923113906954e-07,1.8018868794137064e-06,9.650269071955354e-07,0.0,False,5.544341755240211e-08,1.0047529819699412e-07,5.561744524233598e-08,0.0,False,3.91064851131976e-07,9.855078950597955e-07,3.936373302693797e-07,0.0,False,1.0,1.8018868794137064e-06,1.7312988151934006e-06,1.568418116490187e-06,1.8540669116452867e-06,1.8933444900440283e-06
189,189,31506,134,0.125970915,unverified,0.23418133800619867,0.08897402840704147,0,0.125539899,1.60222948,0.5109737223034689,0,-0.0195953697,0.0122092916,0.000305058347,0.0356551148,0.0635029003,0.000305058347,9.56363583871918e-07,1.7929357337229875e-06,9.57779366111904e-07,0.0,False,5.500594599902568e-08,9.993689728445353e-08,5.5177970159171735e-08,0.0,False,3.878867149334388e-07,9.813219463054054e-07,3.9043104951547744e-07,0.0,False,1.0,1.7929357337229875e-06,1.7191472042236437e-06,1.5563085204118482e-06,1.8496627312159285e-06,1.962715747256863e-06
190,190,31639,134,0.125970766,unverified,0.23439681211577418,0.08882067730850256,0,0.125525206,1.59467471,0.5054501620497596,0,-0.0195337739,0.0122621031,0.000115326235,0.0356618874,0.0634993762,0.000115326235,9.350619651936704e-07,1.7552698410584674e-06,9.364285806108962e-07,0.0,False,5.394760219021239e-08,9.81525582390063e-08,5.4114335797394026e-08,0.0,False,3.8031454223551307e-07,9.642345279798253e-07,3.8278030121844945e-07,0.0,False,1.0,1.7552698410584674e-06,1.6841469990656796e-06,1.5230680154976975e-06,1.801272767444762e-06,1.9271567169006002e-06
191,191,31771,133,0.125971302,unverified,0.23455843902225737,0.08868223984157182,0,0.12550731,1.57509995,0.4994246762949226,0,-0.0194783099,0.012309622,0.000286628609,0.0356686562,0.0634958521,0.000286628609,9.108655608259533e-07,1.7122653792735156e-06,9.121866928219096e-07,0.0,False,5.275113073294857e-08,9.608954976707952e-08,5.2913216904281146e-08,0.0,False,3.718345777686375e-07,9.446170257637811e-07,3.742300385153683e-07,0.0,False,1.0,1.7122653792735156e-06,1.649760641250066e-06,1.4713426062181025e-06,1.7502650001628826e-06,1.8996333942105387e-06
192,192,31903,133,0.125971183,unverified,0.23474156979958594,0.08849777659588823,0,0.125472948,1.56435251,0.4937327176804125,0,-0.0194039997,0.0123727396,0.00010720687,0.035677202,0.0634913892,0.00010720687,8.953696392875713e-07,1.6881397880259966e-06,8.966363809816886e-07,0.0,False,5.190010909089695e-08,9.484502800573879e-08,5.2055587413724174e-08,0.0,False,3.6568408295811837e-07,9.334864464920397e-07,3.679830797107004e-07,0.0,False,1.0,1.6881397880259966e-06,1.6230864269223194e-06,1.4519437779984718e-06,1.726147641073971e-06,1.8789352582398252e-06
193,193,32035,133,0.125971198,unverified,0.23478980749315845,0.08843380983283015,0,0.125467747,1.5607338,0.4907984996686102,0,-0.019378176,0.0123946033,0.000286628667,0.035679996,0.0634899363,0.000286628667,8.846429533982965e-07,1.670286638067961e-06,8.858911531642874e-07,0.0,False,5.134890548721648e-08,9.393756300931055e-08,5.1502435167758035e-08,0.0,False,3.6179058138802643e-07,9.252369970948454e-07,3.640611505812755e-07,0.0,False,1.0,1.670286638067961e-06,1.6076929113497548e-06,1.428726871662512e-06,1.7095131509437581e-06,1.8593055589580478e-06
194,194,32167,133,0.12597163,unverified,0.2348935592924088,0.08824071110044325,0,0.125435278,1.53870952,0.4854796738624559,0,-0.0193001516,0.012460419,0.000115326198,0.0356885009,0.0634855032,0.000115326191,8.714355618834463e-07,1.6502360112101694e-06,8.72641696599936e-07,0.0,False,5.0602495748205564e-08,9.288360654937698e-08,5.075102035037411e-08,0.0,False,3.5637104281443994e-07,9.159335542740874e-07,3.5856600315821423e-07,0.0,False,1.0,1.6502360112101694e-06,1.5863153463564399e-06,1.4148216864232398e-06,1.6845295304210507e-06,1.8598513031773097e-06
195,195,32299,133,0.125971779,unverified,0.2349254255647582,0.0881459582033759,0,0.12543112,1.53376865,0.4827112861172797,0,-0.0192616526,0.0124926316,0.000305058347,0.035693191,0.0634830669,0.000305058347,8.633644761788049e-07,1.6368641487487192e-06,8.645544605509809e-07,0.0,False,5.01696933095661e-08,9.221711762982565e-08,5.0316693337893603e-08,0.0,False,3.532506923656757e-07,9.097622998818882e-07,3.554231476801893e-07,0.0,False,1.0,1.6368641487487192e-06,1.5719421436313316e-06,1.4073238251063399e-06,1.6723218518725697e-06,1.8418668227476805e-06
196,196,32431,133,0.125972837,unverified,0.23494337549168862,0.08794464647050074,0,0.125406429,1.54095197,0.47637453641223804,0,-0.0191805195,0.0125604179,0.000112398586,0.0357020609,0.0634784475,0.000112398578,8.455665215278647e-07,1.6099352695022092e-06,8.467200051610518e-07,0.0,False,4.9184796743493024e-08,9.075597825180318e-08,4.932767891459874e-08,0.0,False,3.462211136120748e-07,8.971520694938268e-07,3.4833073577694766e-07,0.0,False,1.0,1.6099352695022092e-06,1.5445660770731763e-06,1.3774332542447685e-06,1.6476432892339583e-06,1.8127327033129327e-06
197,197,32563,133,0.125972569,unverified,0.2349375657159617,0.08784485622696533,0,0.125387654,1.52671456,0.4717798364001524,0,-0.0191399902,0.0125939297,0.000281161192,0.0357059538,0.0634764284,0.000281161192,8.239670836083889e-07,1.5694809304872977e-06,8.250912903852476e-07,0.0,False,4.814693303670817e-08,8.883071726630013e-08,4.8286759263757484e-08,0.0,False,3.3894759059066264e-07,8.784615490957455e-07,3.4101059170632276e-07,0.0,False,1.0,1.5694809304872977e-06,1.5094010480585822e-06,1.3298968514824493e-06,1.6174228255133802e-06,1.7553367365130917e-06
198,198,32694,132,0.125973076,unverified,0.23488664483476013,0.08765323161271446,0,0.125374079,1.50720406,0.46775864910866705,0,-0.0190629233,0.0126576517,9.34438867e-05,0.0357159525,0.0634712204,9.3443894e-05,8.135921381781501e-07,1.5544379973008189e-06,8.146830531665092e-07,0.0,False,4.7543299165187476e-08,8.800478240359025e-08,4.767915710768144e-08,0.0,False,3.3455527048256806e-07,8.713748045875052e-07,3.365552688670381e-07,0.0,False,1.0,1.5544379973008189e-06,1.4974927204978372e-06,1.3245044390378252e-06,1.5911356451251406e-06,1.6858770632916037e-06
199,199,32826,133,0.125972971,unverified,0.23486055806263775,0.08759408855764714,0,0.125371441,1.5200969,0.4657957855667247,0,-0.0190386921,0.0126775205,0.000281161629,0.0357185006,0.0634698942,0.000281161629,8.068602400234237e-07,1.542653577721684e-06,8.079342042520428e-07,0.0,False,4.719258763407261e-08,8.741863280361881e-08,4.732669222647851e-08,0.0,False,3.320829063063871e-07,8.658857258914977e-07,3.340587952566217e-07,0.0,False,1.0,1.542653577721684e-06,1.4817197747121545e-06,1.313695609773707e-06,1.581573287134218e-06,1.7247681654429595e-06
200,200,32957,132,0.125972912,unverified,0.23471489899273193,0.0873604387795118,0,0.125359505,1.4996084,0.4594785141822132,0,-0.0189438127,0.0127550429,0.000112398608,0.035729643,0.0634640977,0.0001123986,7.871951562594724e-07,1.5113584380969716e-06,7.882255030328313e-07,0.0,False,4.612205719701551e-08,8.575587961169836e-08,4.625107428407288e-08,0.0,False,3.244664765502244e-07,8.511356841714093e-07,3.263635586352128e-07,0.0,False,1.0,1.5113584380969716e-06,1.4541782290141782e-06,1.2808062982707827e-06,1.5460696623914997e-06,1.6246308924634118e-06
201,201,33088,132,0.12597318,unverified,0.23465983629356602,0.08729260805067185,0,0.125356391,1.50301862,0.45790732507889315,0,-0.0189164355,0.012777376,0.000296066835,0.0357323177,0.063462697,0.000296066835,7.821352689330044e-07,1.502819764331367e-06,7.831559693440318e-07,0.0,False,4.585182858841573e-08,8.531850267675819e-08,4.597973491305716e-08,0.0,False,3.2254820173507094e-07,8.471245256235421e-07,3.244283037968075e-07,0.0,False,1.0,1.502819764331367e-06,1.4442817105105265e-06,1.272455369829544e-06,1.5465737526150819e-06,1.5924922855578265e-06
202,202,33218,131,0.125973001,unverified,0.23448508551442052,0.08710940261409822,0,0.125349268,1.48323631,0.45237284101303354,0,-0.0188417416,0.0128376838,0.000112398127,0.0357408114,0.0634582788,0.000112398127,7.584598709536846e-07,1.4582341820949215e-06,7.594484044053933e-07,0.0,False,4.468597019797812e-08,8.318030381482356e-08,4.481028433869757e-08,0.0,False,3.1437531396055763e-07,8.262931511628596e-07,3.162047084853333e-07,0.0,False,1.0,1.4582341820949215e-06,1.4030973636172082e-06,1.2239940337511392e-06,1.4922291526373404e-06,1.5312691112312223e-06
203,203,33348,131,0.125973448,unverified,0.2343677413558576,0.08700817397495397,0,0.125348598,1.4664042,0.45084711936892846,0,-0.018800823,0.0128707206,0.000281161483,0.0357451998,0.0634559914,0.000281161483,7.569260762643842e-07,1.4586908254479965e-06,7.579040511284139e-07,0.0,False,4.454174981576907e-08,8.31013240666835e-08,4.4664484713156205e-08,0.0,False,3.133008936080107e-07,8.263871830911568e-07,3.151055127118473e-07,0.0,False,1.0,1.4586908254479965e-06,1.4027894790024922e-06,1.2282868312045082e-06,1.494506773930987e-06,1.5036140678968364e-06
204,204,33478,131,0.125972703,unverified,0.23411976541025525,0.08681812444232764,0,0.125331447,1.47040498,0.4456293523728101,0,-0.0187227316,0.0129331853,9.34449563e-05,0.035753902,0.0634514615,9.34449636e-05,7.388423032174488e-07,1.4273309873427169e-06,7.397847478279985e-07,0.0,False,4.359606144996958e-08,8.15060051853462e-08,4.3715212001442966e-08,0.0,False,3.066180373254249e-07,8.115642125512583e-07,3.0836680661443384e-07,0.0,False,1.0,1.4273309873427169e-06,1.3752166664701603e-06,1.1982663725701682e-06,1.4608831737104206e-06,1.4594720188066239e-06
205,205,33608,131,0.125972554,unverified,0.23404599887880984,0.08676564752876466,0,0.125329331,1.46886873,0.44441247233004844,0,-0.0187014751,0.0129501428,0.000286628463,0.0357561074,0.0634503141,0.000286628463,7.353868270593096e-07,1.4219371189927398e-06,7.363185531232631e-07,0.0,False,4.340180262522721e-08,8.120877630763001e-08,4.351957729774041e-08,0.0,False,3.0524687948934445e-07,8.089834321158893e-07,3.0697516811955866e-07,0.0,False,1.0,1.4219371189927398e-06,1.3686714872649489e-06,1.1922665961938051e-06,1.4566608370569516e-06,1.459291897212741e-06
206,206,33737,130,0.125972107,unverified,0.23374012721130732,0.08656964957032198,0,0.125313699,1.451671,0.4395755145588843,0,-0.018621562,0.0130136553,0.000115326162,0.0357647277,0.0634458289,0.000115326162,7.159997487819585e-07,1.3858611074944957e-06,7.169056495568494e-07,0.0,False,4.242925010164954e-08,7.944327546514702e-08,4.25441160187764e-08,0.0,False,2.9842602527350867e-07,7.919455483776849e-07,3.001110332606744e-07,0.0,False,1.0,1.3858611074944957e-06,1.3340383808666394e-06,1.1555775756818317e-06,1.4228082626516382e-06,1.4553460117543004e-06
207,207,33866,130,0.12597166,unverified,0.23356991418894824,0.08647432510047275,0,0.125303343,1.4416734,0.4378172876564662,0,-0.018582141,0.0130447298,0.000305058347,0.0357696749,0.0634432584,0.000305058347,7.105408182425179e-07,1.3761549854601707e-06,7.114352400948426e-07,0.0,False,4.214153792912816e-08,7.8955528496656e-08,4.2255009506185046e-08,0.0,False,2.9638737664495575e-07,7.873360853281722e-07,2.980512915346079e-07,0.0,False,1.0,1.3761549854601707e-06,1.3258783606313584e-06,1.1505026661863716e-06,1.4092001410737266e-06,1.4341399819690938e-06
208,208,33995,130,0.125971645,unverified,0.2332794893538873,0.08631854803569391,0,0.125295311,1.43243217,0.4343787829979981,0,-0.0185184199,0.0130949598,0.000115326176,0.035776373,0.0634397641,0.000115326176,7.000436268879704e-07,1.3589530243286965e-06,7.009194895029758e-07,0.0,False,4.156971134928587e-08,7.802749542015718e-08,4.168083912563742e-08,0.0,False,2.923675580417808e-07,7.790709775120291e-07,2.9399719170181724e-07,0.0,False,1.0,1.3589530243286965e-06,1.308919812821475e-06,1.1327374094119621e-06,1.3870283249394094e-06,1.4090446250964378e-06
209,209,34124,130,0.125971124,unverified,0.2330053003615518,0.08617806458739108,0,0.125269905,1.43844628,0.43163338655027383,0,-0.0184608418,0.0131398896,0.000286628579,0.0357815661,0.063437067,0.000286628579,6.947873037987192e-07,1.3520185953679415e-06,6.956499318610842e-07,0.0,False,4.123483684704992e-08,7.75908937962438e-08,4.1344243538582324e-08,0.0,False,2.899926429082791e-07,7.756705914267592e-07,2.9159528133915053e-07,0.0,False,1.0,1.3520185953679415e-06,1.2960771760838312e-06,1.1262659143794264e-06,1.393291904149232e-06,1.4950047260381481e-06
210,210,34252,129,0.125971317,unverified,0.23261050575063547,0.08599133444372505,0,0.125260159,1.42491508,0.4264555310200039,0,-0.0183839258,0.0131997978,0.000107207234,0.0357902236,0.0634325519,0.000107207234,6.75858178204489e-07,1.3181635950433762e-06,6.766948746191012e-07,0.0,False,4.026168191373876e-08,7.58567540856048e-08,4.036816589651775e-08,0.0,False,2.8320536132830135e-07,7.594520327524364e-07,2.847647806767086e-07,0.0,False,1.0,1.3181635950433762e-06,1.2671464709380252e-06,1.0857762104708499e-06,1.344862099249319e-06,1.4158573605273616e-06
211,211,34380,129,0.125971183,unverified,0.23246320512102647,0.08592671850878933,0,0.125250921,1.42180717,0.42500593809377485,0,-0.0183571633,0.0132205104,0.000286628812,0.0357934311,0.063430883,0.000286628812,6.713859651573398e-07,1.3104575238874506e-06,6.722126316024432e-07,0.0,False,4.002256370829049e-08,7.545079328884753e-08,4.012786946621091e-08,0.0,False,2.8153629482706194e-07,7.557400481767585e-07,2.8307919868542035e-07,0.0,False,1.0,1.3104575238874506e-06,1.26076766802462e-06,1.0779802128325532e-06,1.3377427763309155e-06,1.4091192302289207e-06
212,212,34508,129,0.125970289,unverified,0.23199097851200312,0.0857307719920753,0,0.125235707,1.40914714,0.42163192838738317,0,-0.0182762668,0.0132827628,0.00011532638,0.035802383,0.0634262189,0.00011532638,6.614432433449175e-07,1.2931428082526987e-06,6.622537480051698e-07,0.0,False,3.948892415601624e-08,7.454859328308068e-08,3.959239752573741e-08,0.0,False,2.777738864009485e-07,7.473988631060369e-07,2.792871363667941e-07,0.0,False,1.0,1.2931428082526987e-06,1.2444885295417709e-06,1.0671910675926103e-06,1.3242558357061821e-06,1.4300163166668125e-06
213,213,34636,129,0.125970379,unverified,0.23170146198281882,0.08561488577014145,0,0.125222251,1.4044559,0.4192342072781127,0,-0.0182283949,0.0133195641,0.000305058347,0.0358074233,0.0634235889,0.000305058347,6.540570747389934e-07,1.2794051856481156e-06,6.548534016651306e-07,0.0,False,3.910426670398779e-08,7.386153248176718e-08,3.92062172515638e-08,0.0,False,2.7508565426220166e-07,7.408081316601763e-07,2.7657628482888455e-07,0.0,False,1.0,1.2794051856481156e-06,1.230865149746064e-06,1.0544805871548014e-06,1.3137301234504088e-06,1.4291726560212202e-06
214,214,34764,129,0.12597008,unverified,0.23121851635940138,0.08543143974715611,0,0.125211269,1.39893365,0.4156112041957796,0,-0.0181523412,0.0133773871,0.000112398782,0.0358150974,0.0634196028,0.000112398782,6.445714606810247e-07,1.2633541624582366e-06,6.453547946553544e-07,0.0,False,3.857662544428851e-08,7.299957295961432e-08,3.867692840351089e-08,0.0,False,2.713993665315284e-07,7.330257282193917e-07,2.7286518981677354e-07,0.0,False,1.0,1.2633541624582366e-06,1.212025231020717e-06,1.0403405662235347e-06,1.2956869667865072e-06,1.4088096061407477e-06
215,215,34891,128,0.125970483,unverified,0.23093883596628098,0.08533053164240402,0,0.125210255,1.39054596,0.412558838013226,0,-0.0181104746,0.0134092169,0.000281161716,0.0358197242,0.0634171888,0.000281161716,6.32723323260163e-07,1.2417793921849205e-06,6.334966565285032e-07,0.0,False,3.7974707273195836e-08,7.188791897899999e-08,3.8074001754904976e-08,0.0,False,2.672306829847679e-07,7.225768161645008e-07,2.686819786913631e-07,0.0,False,1.0,1.2417793921849205e-06,1.1942666529119393e-06,1.0111356331599075e-06,1.281357054967341e-06,1.3830430706719911e-06
216,216,35018,128,0.125969708,unverified,0.2303910293266463,0.08513899619905628,0,0.125183478,1.38419664,0.40926012870121975,0,-0.0180305969,0.0134693747,9.34443669e-05,0.0358284637,0.063412644,9.34443669e-05,6.231187998405634e-07,1.223618612012896e-06,6.238717286910434e-07,0.0,False,3.74758569222355e-08,7.098425678326922e-08,3.757269376975627e-08,0.0,False,2.637277911996993e-07,7.13809431724461e-07,2.6513962922769086e-07,0.0,False,1.0,1.223618612012896e-06,1.1784215834670523e-06,1.0010127967432905e-06,1.2513076310333575e-06,1.3366846437164998e-06
217,217,35145,128,0.125969544,unverified,0.2302111145011276,0.08507821477527305,0,0.125178948,1.37704253,0.40823132184949035,0,-0.0180055406,0.0134881949,0.000281161687,0.0358307622,0.0634114444,0.000281161687,6.226154316353179e-07,1.2242741404851744e-06,6.233630254290284e-07,0.0,False,3.74100645573413e-08,7.095828046990201e-08,3.7506111791597305e-08,0.0,False,2.6326649857095156e-07,7.140608759850048e-07,2.6466569055310583e-07,0.0,False,1.0,1.2242741404851744e-06,1.1751463873719694e-06,9.996470694046089e-07,1.2639545517521723e-06,1.3329819730672349e-06
218,218,35272,128,0.125968963,unverified,0.2294907404693535,0.08484315898701347,0,0.125172123,1.36391747,0.4032261949795194,0,-0.0179073792,0.0135615114,0.000112398651,0.0358413979,0.0634059086,0.000112398651,6.084074552463585e-07,1.1990486489407692e-06,6.091277415240375e-07,0.0,False,3.665004965182253e-08,6.962937718756373e-08,3.6742822568760465e-08,0.0,False,2.57985446111853e-07,7.017571339690898e-07,2.5933543870106e-07,0.0,False,1.0,1.1990486489407692e-06,1.152142090647521e-06,9.74978259151774e-07,1.235134443261217e-06,1.2947182895778792e-06
219,219,35399,128,0.125968814,unverified,0.2292750975221888,0.08477575906394395,0,0.125172138,1.36429036,0.40098235369114527,0,-0.0178790074,0.013582564,0.000296067214,0.0358440243,0.0634045526,0.000296067214,5.997245649153406e-07,1.1829247115675154e-06,6.004365422416535e-07,0.0,False,3.6210461000236616e-08,6.87999740484654e-08,3.630221798698099e-08,0.0,False,2.549516088659507e-07,6.938884420623402e-07,2.562869956091419e-07,0.0,False,1.0,1.1829247115675154e-06,1.1395819392369501e-06,9.539881687033166e-07,1.2071914037634303e-06,1.2775190992055929e-06
220,220,35526,128,0.125968918,unverified,0.22867757232623856,0.08459167938659623,0,0.125170156,1.35282612,0.3973492253710748,0,-0.0178018641,0.0136397108,0.000112398906,0.0358516313,0.0634005889,0.000112398906,5.906707495573717e-07,1.1676591086333875e-06,5.913693802115778e-07,0.0,False,3.570782394559418e-08,6.795452977959262e-08,3.579784630490268e-08,0.0,False,2.514708910455468e-07,6.863560963989295e-07,2.5278123971063524e-07,0.0,False,1.0,1.1676591086333875e-06,1.1234504174543457e-06,9.366388017214794e-07,1.1932761175387171e-06,1.2741755727606925e-06
221,221,35652,127,0.125968456,unverified,0.22833754913837118,0.084491054800547,0,0.125160515,1.34691298,0.3959859310043298,0,-0.0177594479,0.0136708021,0.000281161367,0.0358572453,0.0633976683,0.000281161367,5.857193632740394e-07,1.1562821924566073e-06,5.864095605015672e-07,0.0,False,3.547691702501093e-08,6.745327986258328e-08,3.5565885285221195e-08,0.0,False,2.4986767110789603e-07,6.809018417397388e-07,2.511614430820656e-07,0.0,False,1.0,1.1562821924566073e-06,1.1130265565833382e-06,9.306494417170041e-07,1.1829756123372133e-06,1.2428121321334405e-06
222,222,35778,127,0.12596862,unverified,0.22766677898763116,0.0842986208193971,0,0.125156358,1.35114026,0.3932193205527929,0,-0.0176787954,0.0137299215,9.34442505e-05,0.0358652994,0.0633934736,9.34442505e-05,5.804441345288071e-07,1.147315628990962e-06,5.811244714035525e-07,0.0,False,3.5170755483662056e-08,6.695481841528647e-08,3.525820248979053e-08,0.0,False,2.477423257158231e-07,6.764674694725841e-07,2.4900948776061973e-07,0.0,False,1.0,1.147315628990962e-06,1.1016418272218987e-06,9.251578226057135e-07,1.170539963228176e-06,1.1913345873723427e-06
223,223,35904,127,0.125968426,unverified,0.22748266100426992,0.0842464565358239,0,0.125155747,1.34850645,0.3922176234336114,0,-0.017656805,0.0137459133,0.000286628841,0.0358675681,0.0633922964,0.000286628841,5.779473394276956e-07,1.14283118362994e-06,5.786247328168239e-07,0.0,False,3.5035094110815586e-08,6.671622244063396e-08,3.5122175282981976e-08,0.0,False,2.468066830506274e-07,6.742590653211757e-07,2.4806866804902935e-07,0.0,False,1.0,1.14283118362994e-06,1.0973875730593158e-06,9.206957688264126e-07,1.1659437321557687e-06,1.186318493799003e-06
224,224,36030,127,0.125967607,unverified,0.22677061366928414,0.08405144978000621,0,0.125139475,1.33506429,0.3883773278118791,0,-0.0175741278,0.0138057796,0.000115326227,0.0358765908,0.0633875951,0.000115326235,5.676143750599564e-07,1.1237950691207434e-06,5.682729095328361e-07,0.0,False,3.448525285512876e-08,6.572191212139541e-08,3.457027871639496e-08,0.0,False,2.4300807058384265e-07,6.648906287110985e-07,2.4423955269040627e-07,0.0,False,1.0,1.1237950691207434e-06,1.0811363522623228e-06,9.029180959972681e-07,1.146033421379688e-06,1.1712672726784988e-06
225,225,36155,126,0.125967741,unverified,0.2264178215025873,0.08395539316920235,0,0.12513721,1.3248291,0.3860830908276909,0,-0.0175334699,0.0138352197,0.000305058347,0.0358807147,0.0633854493,0.000305058347,5.588979683274311e-07,1.1063005692116275e-06,5.595539742391603e-07,0.0,False,3.405547080328949e-08,6.486142088542632e-08,3.414018656099947e-08,0.0,False,2.4004298621475367e-07,6.563219439069499e-07,2.4126979974548757e-07,0.0,False,1.0,1.1063005692116275e-06,1.0651463304735568e-06,8.827906463582844e-07,1.13725304091628e-06,1.1647395993534146e-06
226,226,36280,126,0.125967279,unverified,0.22582514074192148,0.08380009282044568,0,0.125134155,1.32632017,0.38359089803275076,0,-0.0174674913,0.0138824452,0.000115326206,0.0358875543,0.063381888,0.000115326206,5.523544399042697e-07,1.0942375013672386e-06,5.529994438035186e-07,0.0,False,3.370797097954517e-08,6.422177835071556e-08,3.37910728404861e-08,0.0,False,2.3765955124278244e-07,6.503430743149379e-07,2.388612942358243e-07,0.0,False,1.0,1.0942375013672386e-06,1.0532773464323342e-06,8.718017575157199e-07,1.1255778076031064e-06,1.1470004706151719e-06
227,227,36405,126,0.125967532,unverified,0.22528430508674452,0.08366071784100486,0,0.125125661,1.32132924,0.38084516243494315,0,-0.017408086,0.013924933,0.000286628463,0.0358939841,0.0633785427,0.000286628463,5.445535244425935e-07,1.0796184938246853e-06,5.451876960932537e-07,0.0,False,3.3299997572196335e-08,6.34595265238811e-08,3.3381828256992574e-08,0.0,False,2.3484866285871994e-07,6.430992365018742e-07,2.3603206314364868e-07,0.0,False,1.0,1.0796184938246853e-06,1.0409553148302545e-06,8.574485233973996e-07,1.1066104755905428e-06,1.1229200920374377e-06
228,228,36530,126,0.12596713,unverified,0.22453697402376843,0.08347427045100031,0,0.125097573,1.30552852,0.3783271497082501,0,-0.0173285436,0.0139813116,0.00010720703,0.0359018221,0.0633744597,0.00010720703,5.41002610766378e-07,1.0727221578541702e-06,5.416275691087245e-07,0.0,False,3.3090731684463176e-08,6.310328688394554e-08,3.317138329571816e-08,0.0,False,2.3342567650719375e-07,6.396977304999692e-07,2.3459067021786665e-07,0.0,False,1.0,1.0727221578541702e-06,1.0307193848224744e-06,8.56618634096802e-07,1.1070973297607365e-06,1.157638117772246e-06
229,229,36654,125,0.125967056,unverified,0.22427585459454413,0.08340968305980127,0,0.125067919,1.29382432,0.37628871713309503,0,-0.0173009057,0.0140008349,0.000286628812,0.0359050743,0.0633727685,0.000286628812,5.33604980300858e-07,1.0585166759846747e-06,5.34227974223223e-07,0.0,False,3.2715647492106174e-08,6.237549674356339e-08,3.279606556863667e-08,0.0,False,2.308375692766706e-07,6.326521660168967e-07,2.319985315908677e-07,0.0,False,1.0,1.0585166759846747e-06,1.0191899974610042e-06,8.371812078126012e-07,1.0824236029542106e-06,1.11925360834103e-06
230,230,36778,125,0.125967041,unverified,0.22346664956474482,0.0832142865010883,0,0.124997109,1.29007864,0.3730332219427358,0,-0.0172174256,0.014059579,0.000115326118,0.0359131172,0.0633685812,0.000115326118,5.254957981290113e-07,1.0430027238663028e-06,5.261061628228108e-07,0.0,False,3.228475120842086e-08,6.156766031570196e-08,3.236362797138136e-08,0.0,False,2.2789537400449067e-07,6.249340853044759e-07,2.2903344018198203e-07,0.0,False,1.0,1.0430027238663028e-06,1.0045943763871777e-06,8.223944675073437e-07,1.067621198132107e-06,1.1254890251341242e-06
231,231,36902,125,0.125966787,unverified,0.22305603561440773,0.08311933452317415,0,0.124961421,1.29765332,0.3713973477645325,0,-0.0171762593,0.0140883019,0.000305058347,0.0359181575,0.0633659586,0.000305058347,5.217333560618932e-07,1.0371826790841188e-06,5.223387820904524e-07,0.0,False,3.2070498683335355e-08,6.120681858998946e-08,3.214879596792486e-08,0.0,False,2.2643342808177718e-07,6.219517321455597e-07,2.2756251849974812e-07,0.0,False,1.0,1.0371826790841188e-06,9.99812145032195e-07,8.151546973780957e-07,1.0615574656798863e-06,1.1316617837792088e-06
232,232,37026,125,0.1259671,unverified,0.22238929394777215,0.08296394496364619,0,0.124887317,1.2846719,0.36881147084355737,0,-0.0171097182,0.0141347311,0.000115326155,0.0359241888,0.0633628219,0.000115326155,5.153978771598022e-07,1.0239544411070125e-06,5.159944137800118e-07,0.0,False,3.174673773308066e-08,6.056085960829773e-08,3.182402252400998e-08,0.0,False,2.2421863083673322e-07,6.154072201917276e-07,2.2533250683691054e-07,0.0,False,1.0,1.0239544411070125e-06,9.867946602958338e-07,8.053662015040972e-07,1.0446423318102146e-06,1.1183995791778943e-06
233,233,37150,125,0.125966668,unverified,0.22177904840222942,0.082825388959754,0,0.124844164,1.28542292,0.36635115150338077,0,-0.0170496181,0.0141762272,0.000286628812,0.0359308086,0.0633593723,0.000286628812,5.087263861480764e-07,1.0112655027171936e-06,5.093146566819667e-07,0.0,False,3.139509511939686e-08,5.989288122210084e-08,3.147144224114228e-08,0.0,False,2.218183141652589e-07,6.090509770507792e-07,2.229178209133105e-07,0.0,False,1.0,1.0112655027171936e-06,9.75952101808857e-07,7.918762580337414e-07,1.0348893281356446e-06,1.1076979567720233e-06
234,234,37273,124,0.125966758,unverified,0.22107256930864794,0.0826666768337921,0,0.124779351,1.26405752,0.3637778493596914,0,-0.016981367,0.014223258,0.000112398833,0.0359372459,0.063356027,0.000112398833,5.026285727762402e-07,9.98901840472417e-07,5.032149835422902e-07,0.0,False,3.107617079492705e-08,5.9270530130422346e-08,3.11518563203832e-08,0.0,False,2.196469788961473e-07,6.028881644674656e-07,2.2073465201798736e-07,0.0,False,1.0,9.98901840472417e-07,9.62309322546951e-07,7.810301465996568e-07,1.0270274803625837e-06,1.101076910455137e-06
235,235,37396,124,0.125966743,unverified,0.22061473403165893,0.08256703874131376,0,0.124741495,1.26057887,0.3622492049098184,0,-0.0169379897,0.0142529942,0.000281161338,0.0359420404,0.0633535311,0.000281161338,4.990682608842874e-07,9.922001357929744e-07,4.996465065965094e-07,0.0,False,3.088507137907775e-08,5.890940019854289e-08,3.095991157762097e-08,0.0,False,2.1835562310238194e-07,5.995089095213155e-07,2.1943123083214302e-07,0.0,False,1.0,9.922001357929744e-07,9.57363216525117e-07,7.743089631608939e-07,1.0167792198277425e-06,1.0837529797981527e-06
236,236,37520,125,0.125966191,unverified,0.21973362212688072,0.08237708737330501,0,0.124679394,1.26597512,0.3594220357404959,0,-0.0168553181,0.0143092545,9.34449999e-05,0.035950236,0.0633492544,9.34449999e-05,4.924156244636675e-07,9.792856711736124e-07,4.929826888134866e-07,0.0,False,3.053290875653531e-08,5.823044576501562e-08,3.060649029460729e-08,0.0,False,2.1597176492232167e-07,5.930097339107159e-07,2.170290594142685e-07,0.0,False,1.0,9.792856711736124e-07,9.446671885920083e-07,7.635045955949519e-07,1.0016000240076207e-06,1.0695284096585915e-06
237,237,37643,124,0.125966296,unverified,0.21945230016288564,0.08231727024425214,0,0.124660075,1.25072408,0.35835665956534146,0,-0.0168294143,0.0143268835,0.000281161338,0.0359526798,0.0633479878,0.000281161338,4.888530526935932e-07,9.71273144348949e-07,4.894224392461214e-07,0.0,False,3.036183242563012e-08,5.7856127858999216e-08,3.043541576684138e-08,0.0,False,2.1480621405509582e-07,5.890337377331909e-07,2.1586196521643254e-07,0.0,False,1.0,9.71273144348949e-07,9.380285220014731e-07,7.559048949287381e-07,9.964615344065937e-07,1.0558797302596904e-06
238,238,37766,124,0.125966027,unverified,0.21834157329595905,0.08208569270132447,0,0.124584273,1.23989761,0.35470245183136484,0,-0.016727794,0.0143953273,0.000112398702,0.0359632336,0.0633425042,0.000112398702,4.797112044585152e-07,9.534784669633024e-07,4.802717547371285e-07,0.0,False,2.987856645314271e-08,5.692142875902721e-08,2.99513609946706e-08,0.0,False,2.1152841894808328e-07,5.800478216522129e-07,2.1257274907503547e-07,0.0,False,1.0,9.534784669633024e-07,9.218986148839011e-07,7.391509069836194e-07,9.784460238850842e-07,1.0340796965615236e-06
239,239,37889,124,0.125966206,unverified,0.21801512896996197,0.0820184960137696,0,0.124565199,1.24249744,0.35386926349803843,0,-0.0166984685,0.0144150341,0.000296067214,0.0359658413,0.0633411333,0.000296067214,4.783714105833101e-07,9.513852269113215e-07,4.789314843358266e-07,0.0,False,2.9797293863824607e-08,5.678580683311119e-08,2.986996685002349e-08,0.0,False,2.1099166861302167e-07,5.789563421727883e-07,2.1203404997231642e-07,0.0,False,1.0,9.513852269113215e-07,9.19199278774885e-07,7.366304359005113e-07,9.74142270351565e-07,1.031901326755907e-06
240,240,38012,124,0.125966161,unverified,0.21711428720290873,0.08183648379655259,0,0.124508798,1.24149179,0.3520599779664375,0,-0.0166186038,0.0144683057,0.000112398462,0.035973642,0.0633370802,0.000112398455,4.750185783663423e-07,9.438954885826444e-07,4.7557328213243123e-07,0.0,False,2.962496888684532e-08,5.6415971602940407e-08,2.9697039265433087e-08,0.0,False,2.0986516851547943e-07,5.751990473298297e-07,2.108966189387249e-07,0.0,False,1.0,9.438954885826444e-07,9.098475044363945e-07,7.341937889745334e-07,9.730687191533612e-07,1.0191166855398753e-06
241,241,38134,123,0.125966132,unverified,0.21660889338743555,0.0817367284979559,0,0.124475963,1.22817826,0.35023914081612595,0,-0.0165747814,0.0144973844,0.000281161396,0.0359781757,0.0633347183,0.000281161396,4.69105698661367e-07,9.321375403591311e-07,4.696594735736139e-07,0.0,False,2.9320971492904786e-08,5.581022891989433e-08,2.9392856180458825e-08,0.0,False,2.077942713025188e-07,5.69252785203142e-07,2.0882171123607166e-07,0.0,False,1.0,9.321375403591311e-07,9.000128987086855e-07,7.205823467210864e-07,9.507760158629015e-07,1.0003021536798734e-06
242,242,38256,123,0.125966251,unverified,0.2156458661134234,0.08154754786565983,0,0.1244293,1.22731411,0.3478732871226001,0,-0.0164913461,0.0145525103,9.34451891e-05,0.03598658,0.0633303449,9.34451891e-05,4.6445949550456767e-07,9.238363904816447e-07,4.650096257639411e-07,0.0,False,2.905809391803393e-08,5.532850470104537e-08,2.9129324544951206e-08,0.0,False,2.0605696940944548e-07,5.64979449795635e-07,2.0707350589527544e-07,0.0,False,1.0,9.238363904816447e-07,8.910924349110929e-07,7.117382552278852e-07,9.466921950722851e-07,9.749296530670463e-07
243,243,38378,123,0.125966087,unverified,0.2153828304344049,0.08149614600449648,0,0.12441884,1.22514427,0.3472923185231971,0,-0.0164686013,0.0145674124,0.000286628696,0.0359886438,0.063329272,0.000286628696,4.6295667300515987e-07,9.207169972649896e-07,4.635049676977604e-07,0.0,False,2.898055387694024e-08,5.51676696392323e-08,2.9051527783243233e-08,0.0,False,2.055415706528681e-07,5.633979293943575e-07,2.0655364086484875e-07,0.0,False,1.0,9.207169972649896e-07,8.875201729933578e-07,7.08558422806096e-07,9.446387417200797e-07,9.737027893224512e-07
244,244,38500,123,0.125966325,unverified,0.21437742244627225,0.08130315437109331,0,0.124377027,1.21252203,0.3452668743772921,0,-0.0163832195,0.0146233551,0.00011532622,0.035997048,0.063324891,0.00011532622,4.5747879587409445e-07,9.092030666765905e-07,4.580194738630189e-07,0.0,False,2.8698994831322487e-08,5.458042732277637e-08,2.8769032956361946e-08,0.0,False,2.0366909950774377e-07,5.575629779023048e-07,2.046650367200377e-07,0.0,False,1.0,9.092030666765905e-07,8.757907276352072e-07,6.984520802930792e-07,9.291441376170562e-07,9.56825582219871e-07
245,245,38621,122,0.125965923,unverified,0.2137748947027058,0.0811894249888418,0,0.124350645,1.20660484,0.34354325849314327,0,-0.0163325574,0.0146562085,0.00030505826,0.0360021293,0.0633222535,0.00030505826,4.517708622849898e-07,8.981603505111078e-07,4.5230916105850433e-07,0.0,False,2.840001218222125e-08,5.3992766604713435e-08,2.846981688179867e-08,0.0,False,2.0164020695927122e-07,5.519205622372088e-07,2.0263117243324737e-07,0.0,False,1.0,8.981603505111078e-07,8.675261740832798e-07,6.86386271277033e-07,9.182800173916263e-07,9.479383653502981e-07
246,246,38742,122,0.125965714,unverified,0.21305731192064364,0.08105575418104495,0,0.124322399,1.2021637,0.3423734027081046,0,-0.0162729844,0.0146947466,0.000115326133,0.0360078663,0.0633192658,0.000115326133,4.492945294606434e-07,8.931184213454417e-07,4.498299205212276e-07,0.0,False,2.826507858665048e-08,5.372164161439631e-08,2.8334386240154826e-08,0.0,False,2.0076608357979844e-07,5.493413105576906e-07,2.0174820991172732e-07,0.0,False,1.0,8.931184213454417e-07,8.620355173873266e-07,6.829870928629451e-07,9.111427790241122e-07,9.437064204253599e-07
247,247,38863,122,0.125965819,unverified,0.2123141879182884,0.08091863838906778,0,0.124293618,1.19903135,0.3405401421718568,0,-0.0162116066,0.0147343278,0.000286628871,0.0360140763,0.0633160397,0.000286628871,4.436000390789952e-07,8.818012147701973e-07,4.441307579447723e-07,0.0,False,2.7970969194354088e-08,5.312420230987103e-08,2.8039846223763194e-08,0.0,False,1.987870807258227e-07,5.435464132610729e-07,1.9976232082435193e-07,0.0,False,1.0,8.818012147701973e-07,8.520622087140955e-07,6.709989707761867e-07,8.993830139515622e-07,9.310682781790794e-07
248,248,38984,122,0.125965267,unverified,0.21131467482324148,0.08073610168431881,0,0.124253429,1.19188738,0.33868634503646267,0,-0.0161294378,0.014786806,0.000107207168,0.0360222869,0.0633117631,0.000107207168,4.37801630720164e-07,8.695489985639996e-07,4.3832756216842983e-07,0.0,False,2.7677958765938726e-08,5.249829426815271e-08,2.7746214112365142e-08,0.0,False,1.9684639166989017e-07,5.372911625746185e-07,1.9781270601671402e-07,0.0,False,1.0,8.695489985639996e-07,8.404152363261917e-07,6.601900286134144e-07,8.8670014295409e-07,9.186422990041975e-07
249,249,39105,122,0.125965387,unverified,0.21096003298369928,0.08067275015707111,0,0.124241263,1.19083643,0.33814104822505014,0,-0.0161009207,0.0148050189,0.000286628812,0.0360251628,0.0633102655,0.000286628812,4.36163525642509e-07,8.654296083153427e-07,4.366887387306213e-07,0.0,False,2.7603132824410194e-08,5.2309359142256425e-08,2.767139950915793e-08,0.0,False,1.9636239897360133e-07,5.352141690519417e-07,1.9732827356026636e-07,0.0,False,1.0,8.654296083153427e-07,8.370033593605414e-07,6.570737807755389e-07,8.822996312657721e-07,9.21005068424245e-07
250,250,39226,122,0.125965059,unverified,0.20988456113015738,0.08048164616741045,0,0.124210685,1.17478812,0.33705079597337295,0,-0.0160146542,0.0148595879,0.000115326307,0.0360331945,0.0633060783,0.000115326307,4.325515916938025e-07,8.571907885497675e-07,4.3307447609612245e-07,0.0,False,2.742533022742681e-08,5.189755182060213e-08,2.7493242118729645e-08,0.0,False,1.952241042675399e-07,5.310113102647287e-07,1.9618187681053406e-07,0.0,False,1.0,8.571907885497675e-07,8.276798944989922e-07,6.52918626370611e-07,8.830454533469257e-07,9.296852817416477e-07
251,251,39346,121,0.125965208,unverified,0.20924526329944926,0.08036897304459512,0,0.124192834,1.17782712,0.3354970825809024,0,-0.0159635749,0.0148917912,0.000305058376,0.0360382646,0.0633034408,0.000305058376,4.2831355064210827e-07,8.489499379552956e-07,4.2883509655589535e-07,0.0,False,2.7199943255391707e-08,5.145031819500893e-08,2.726780061981735e-08,0.0,False,1.9371477053823951e-07,5.267522252430763e-07,1.9467080038324188e-07,0.0,False,1.0,8.489499379552956e-07,8.199806268688589e-07,6.425506089901777e-07,8.739320491794483e-07,9.226079289467788e-07
252,252,39466,121,0.125964865,unverified,0.2082224080850663,0.08019125618148697,0,0.124149069,1.1718992,0.3338851548873376,0,-0.0158825796,0.0149424635,0.000112398615,0.0360463187,0.0632992536,0.000112398615,4.2392461051019806e-07,8.396203323350632e-07,4.244456212892648e-07,0.0,False,2.6972413162806596e-08,5.0965675410864865e-08,2.7040320072298886e-08,0.0,False,1.9223313604475202e-07,5.219559481582027e-07,1.9318970933829405e-07,0.0,False,1.0,8.396203323350632e-07,8.116677831545613e-07,6.340502156839547e-07,8.613226576500282e-07,9.029938978028695e-07
253,253,39586,121,0.125964597,unverified,0.20765240942202762,0.08009306201545276,0,0.124123327,1.16597652,0.33301223976931793,0,-0.0158379283,0.0149702514,0.000281161134,0.0360503756,0.0632971376,0.000281161134,4.202043460598682e-07,8.31691991658819e-07,4.2072248763713267e-07,0.0,False,2.678978240053428e-08,5.056291675352073e-08,2.6857485317867046e-08,0.0,False,1.910125549137555e-07,5.178782470876921e-07,1.919658130000153e-07,0.0,False,1.0,8.31691991658819e-07,8.048995363339951e-07,6.274902321176377e-07,8.506808694058669e-07,8.917578033709334e-07
254,254,39706,121,0.125964433,unverified,0.2065565069282027,0.07990690743283543,0,0.124087758,1.1569314,0.3316085071283307,0,-0.0157529227,0.0150229177,9.34447889e-05,0.0360574648,0.0632934421,9.34447962e-05,4.162951754463347e-07,8.232158410322444e-07,4.168144939623316e-07,0.0,False,2.6591201321492756e-08,5.011868127825366e-08,2.6658870650422722e-08,0.0,False,1.8975177070032068e-07,5.135008512136009e-07,1.9070210241347933e-07,0.0,False,1.0,8.232158410322444e-07,7.952133256984686e-07,6.190882849582339e-07,8.393009812632059e-07,8.807844706592901e-07
255,255,39825,120,0.125964239,unverified,0.2062085471308551,0.07984880965097971,0,0.124072991,1.15727162,0.3311967722351137,0,-0.0157262255,0.0150393182,0.000281161279,0.0360615589,0.0632913113,0.000281161279,4.1534141492315363e-07,8.208213285588616e-07,4.1586130945954434e-07,0.0,False,2.6545232015384135e-08,5.000387456431633e-08,2.6612978402750397e-08,0.0,False,1.8946947976487062e-07,5.122783909471354e-07,1.9042036254177543e-07,0.0,False,1.0,8.208213285588616e-07,7.934525276193672e-07,6.174076643679155e-07,8.384890894109841e-07,8.760343120355994e-07
256,256,39944,120,0.125964478,unverified,0.2048449386950928,0.0796223414180463,0,0.124018438,1.14682245,0.3296972342427853,0,-0.0156217869,0.015103383,0.000112398811,0.0360712484,0.0632862672,0.000112398811,4.1004820014851244e-07,8.092018967483975e-07,4.1057143817859015e-07,0.0,False,2.6286501683034718e-08,4.940346749953337e-08,2.635494816656454e-08,0.0,False,1.878175192306541e-07,5.062676557983095e-07,1.8877892940104374e-07,0.0,False,1.0,8.092018967483975e-07,7.817506024921627e-07,6.083733270304059e-07,8.33726885765829e-07,8.716382237840865e-07
257,257,40063,120,0.125964224,unverified,0.20445365134884347,0.07955706050369649,0,0.124002606,1.14501083,0.32955963037885777,0,-0.0155915758,0.0151216993,0.000296067039,0.0360744447,0.0632846057,0.000296067039,4.0972543432670994e-07,8.077712383873622e-07,4.1024640987091955e-07,0.0,False,2.6278011014425996e-08,4.93487354349971e-08,2.6346223622660638e-08,0.0,False,1.8779791768919226e-07,5.055543682074513e-07,1.887561321417752e-07,0.0,False,1.0,8.077712383873622e-07,7.797798090757425e-07,6.097441123286531e-07,8.338768074303051e-07,8.66966810061385e-07
258,258,40182,120,0.125964403,unverified,0.20336436313115386,0.07937981221137574,0,0.123960674,1.13574696,0.3278057857473537,0,-0.0155094815,0.0151714711,0.000112398528,0.0360820256,0.0632806644,0.000112398528,4.045478709903061e-07,7.962770061293762e-07,4.050689703890276e-07,0.0,False,2.6021081127838462e-08,4.876701168474272e-08,2.6089245533304568e-08,0.0,False,1.8612542894082586e-07,4.996151747171988e-07,1.8708033909446812e-07,0.0,False,1.0,7.962770061293762e-07,7.695406238612763e-07,5.977355887650049e-07,8.226261871668026e-07,8.639984477678643e-07
259,259,40301,120,0.125964478,unverified,0.20276447649247767,0.07928238606427619,0,0.123935461,1.1350919,0.32662044818314684,0,-0.0154644446,0.0151986256,0.000281161192,0.0360850058,0.0632791147,0.000281161192,4.0101175921440785e-07,7.895218333051645e-07,4.0153259783245955e-07,0.0,False,2.5832011413443038e-08,4.8390312149169145e-08,2.5900272044514994e-08,0.0,False,1.848697372961507e-07,4.960706540718387e-07,1.8582595332071873e-07,0.0,False,1.0,7.895218333051645e-07,7.629980279815209e-07,5.898263175501679e-07,8.098323103472372e-07,8.471597642179713e-07
260,260,40420,120,0.12596409,unverified,0.20161729460448857,0.07909892430994864,0,0.123894267,1.12887442,0.32596980399244746,0,-0.0153786307,0.0152499694,9.34445052e-05,0.0360947475,0.0632740408,9.34445125e-05,3.994948773675324e-07,7.85284008646599e-07,4.000148617556879e-07,0.0,False,2.5765208644007534e-08,4.8178862190139415e-08,2.5833300556436292e-08,0.0,False,1.8454527933576788e-07,4.938811541823591e-07,1.854984325497017e-07,0.0,False,1.0,7.85284008646599e-07,7.581605491823021e-07,5.886518771028151e-07,8.100929643455659e-07,8.437711139225902e-07
261,261,40539,120,0.125964224,unverified,0.20130404302933724,0.07904866843070689,0,0.123883538,1.12824619,0.3249773440486471,0,-0.0153552974,0.01526393,0.000286628812,0.0360956565,0.063273564,0.000286628812,3.958782976253753e-07,7.779752174431603e-07,3.963988668364351e-07,0.0,False,2.5581132665605033e-08,4.7797040939721275e-08,2.5649280346051916e-08,0.0,False,1.8329117790992507e-07,4.900702802246e-07,1.8424469823651138e-07,0.0,False,1.0,7.779752174431603e-07,7.524563486878581e-07,5.797994454899418e-07,7.976994250430814e-07,8.354204782299223e-07
262,262,40657,119,0.125963867,unverified,0.2001180602125566,0.07886178461371743,0,0.123840407,1.11618674,0.3236206413169881,0,-0.0152674746,0.0153159592,0.000115326307,0.0361053944,0.0632684976,0.000115326307,3.924156076969239e-07,7.705441781922018e-07,3.929396520511097e-07,0.0,False,2.5402323331890466e-08,4.7394537790529646e-08,2.547081764881623e-08,0.0,False,1.8218134481277233e-07,4.861756011325645e-07,1.8313785324427375e-07,0.0,False,1.0,7.705441781922018e-07,7.444180574919484e-07,5.7280373804068e-07,7.905459461832379e-07,8.200364190705989e-07
263,263,40775,119,0.125963956,unverified,0.1994135589251319,0.07875126417744897,0,0.123792045,1.1117276,0.3227395529374147,0,-0.0152154788,0.0153466584,0.000305058493,0.0361102968,0.063265942,0.000305058493,3.897329237049183e-07,7.646273948811996e-07,3.902570111446959e-07,0.0,False,2.526938361017635e-08,4.7087859978974485e-08,2.5337897294335868e-08,0.0,False,1.8133382141357047e-07,4.830870989007855e-07,1.8229020376163336e-07,0.0,False,1.0,7.646273948811996e-07,7.392454099279007e-07,5.676202922119267e-07,7.839757927016853e-07,8.133567900462271e-07
264,264,40893,119,0.125963911,unverified,0.1985783437217688,0.07862207121178175,0,0.123763613,1.10705996,0.32169356680522404,0,-0.0151542854,0.0153825702,0.000115326191,0.0361162238,0.0632628649,0.000115326191,3.870662417623146e-07,7.586704870188986e-07,3.8759221182578504e-07,0.0,False,2.513494831652434e-08,4.677772723656684e-08,2.5203883466805854e-08,0.0,False,1.8048675224739772e-07,4.799736769455135e-07,1.8144861801100514e-07,0.0,False,1.0,7.586704870188986e-07,7.336533744533902e-07,5.623952019119445e-07,7.779958010576016e-07,8.06506244880303e-07
265,265,41011,119,0.125963598,unverified,0.19771541118626754,0.07848880500835413,0,0.123682491,1.1088233,0.3216244251793277,0,-0.0150911799,0.0154193342,0.000286628812,0.0361216515,0.0632600337,0.000286628812,3.866144966605045e-07,7.55792733843979e-07,3.8714117921846854e-07,0.0,False,2.513893607968407e-08,4.6673900743215923e-08,2.5208089276222836e-08,0.0,False,1.8061892621066462e-07,4.78528893104619e-07,1.815833876574536e-07,0.0,False,1.0,7.55792733843979e-07,7.302156387685738e-07,5.637986113164224e-07,7.683938146191966e-07,8.021820054622092e-07
266,266,41128,118,0.125963688,unverified,0.19654815950536877,0.07831157632187641,0,0.123587176,1.09614468,0.3195408153873913,0,-0.015006857,0.0154682714,0.000107207401,0.0361298881,0.0632557496,0.000107207401,3.81378274798379e-07,7.456183189880643e-07,3.8191194060993774e-07,0.0,False,2.4854770327307857e-08,4.6099809443131035e-08,2.4924743899243347e-08,0.0,False,1.7876941450947782e-07,4.7314082890788247e-07,1.7974321446105245e-07,0.0,False,1.0,7.456183189880643e-07,7.203671340129509e-07,5.50925112881914e-07,7.62862695655759e-07,8.090289459356271e-07
267,267,41245,118,0.125963449,unverified,0.19614485193882306,0.07825028858448384,0,0.123547837,1.09501243,0.31911081315027684,0,-0.0149775194,0.0154851349,0.000286628812,0.0361326039,0.063254334,0.000286628812,3.804332426480165e-07,7.433857733707706e-07,3.809679058764796e-07,0.0,False,2.4808280480928707e-08,4.5984153264930865e-08,2.4878418322656466e-08,0.0,False,1.784921523138632e-07,4.7197082181284106e-07,1.7946819560360094e-07,0.0,False,1.0,7.433857733707706e-07,7.181515348438103e-07,5.492407881578449e-07,7.605165902761765e-07,8.060318564796577e-07
268,268,41363,119,0.125963703,unverified,0.19491958763711967,0.07806591316317321,0,0.123438157,1.09017813,0.31766117188614373,0,-0.0148890186,0.0155360037,0.000115326169,0.0361400098,0.0632504746,0.000115326169,3.7636607901873096e-07,7.342644971195013e-07,3.7690097473619867e-07,0.0,False,2.4607541366030105e-08,4.550952675532931e-08,2.467797760710235e-08,0.0,False,1.7723447649175024e-07,4.6717936693706594e-07,1.782158411313774e-07,0.0,False,1.0,7.342644971195013e-07,7.104213094078713e-07,5.411067883297223e-07,7.50626619552502e-07,7.924141757710513e-07
269,269,41480,118,0.125963479,unverified,0.19431362871256974,0.07797525313336225,0,0.123389058,1.08817351,0.31703634580424345,0,-0.0148453871,0.0155608226,0.000305058231,0.0361451283,0.0632478073,0.000305058231,3.748491151452492e-07,7.306890545036446e-07,3.7538451849123294e-07,0.0,False,2.453378690187448e-08,4.532481874582169e-08,2.460432776154515e-08,0.0,False,1.7679238632591065e-07,4.653012823203923e-07,1.777753427503236e-07,0.0,False,1.0,7.306890545036446e-07,7.069816156845359e-07,5.380977863773094e-07,7.472423684474362e-07,7.884073975877198e-07
270,270,41597,118,0.125963628,unverified,0.19302395651994153,0.07778412095950227,0,0.123282097,1.08204675,0.315948884574132,0,-0.0147534199,0.0156129729,0.000112398382,0.036152292,0.063244082,0.000112398382,3.7291563203159006e-07,7.260376357116167e-07,3.734595965844237e-07,0.0,False,2.4437017633117282e-08,4.5067359675471666e-08,2.450865608529603e-08,0.0,False,1.7628292283679195e-07,4.628356783792732e-07,1.7727812179136255e-07,0.0,False,1.0,7.260376357116167e-07,7.001776439155075e-07,5.333008142445452e-07,7.454337217539748e-07,7.926730012438995e-07
271,271,41713,117,0.125963718,unverified,0.19238179879213402,0.0776895295854176,0,0.123238027,1.07946706,0.3153718700004366,0,-0.0147076081,0.0156388041,0.00028116125,0.0361575186,0.0632413626,0.00028116125,3.714668878851154e-07,7.224230782434407e-07,3.7201300947492144e-07,0.0,False,2.4370315573784675e-08,4.4884762363580295e-08,2.444223047007678e-08,0.0,False,1.7589895163536816e-07,4.6093850093557585e-07,1.7689770217246004e-07,0.0,False,1.0,7.224230782434407e-07,6.966488684754777e-07,5.304861363881375e-07,7.418622262361297e-07,7.88363019235067e-07
272,272,41829,117,0.125963405,unverified,0.19115878331020825,0.07751070292679418,0,0.123147435,1.07944787,0.31449964872177294,0,-0.0146203358,0.0156876221,9.34444033e-05,0.0361656956,0.0632371008,9.3444396e-05,3.6850966648150526e-07,7.144340101935303e-07,3.6905898767575243e-07,0.0,False,2.4248961542151258e-08,4.450674505690593e-08,2.4321377481467537e-08,0.0,False,1.7520080703022727e-07,4.56769393575649e-07,1.762061309304759e-07,0.0,False,1.0,7.144340101935303e-07,6.893909525458878e-07,5.263828911344916e-07,7.34372497202639e-07,7.783183047861239e-07
273,273,41945,117,0.125963613,unverified,0.19077358748956222,0.07745462893564593,0,0.12311931,1.07743502,0.314152322721527,0,-0.0145929884,0.0157029182,0.000281161541,0.0361682773,0.0632357597,0.000281161541,3.676181264968068e-07,7.122321145150935e-07,3.6816888330892543e-07,0.0,False,2.4207891757480835e-08,4.439466215395608e-08,2.428050836583235e-08,0.0,False,1.7496318881245042e-07,4.5560962564647683e-07,1.759709961550259e-07,0.0,False,1.0,7.122321145150935e-07,6.872896816444539e-07,5.245146329592726e-07,7.32018116494839e-07,7.756580811637854e-07
274,274,42061,117,0.125963226,unverified,0.18926130195439367,0.07723621798118868,0,0.12302132,1.06494558,0.3129383710493908,0,-0.0144857746,0.0157622173,0.000112398455,0.0361780226,0.0632306859,0.000112398455,3.643703832228194e-07,7.036310028527174e-07,3.649261294917658e-07,0.0,False,2.4065384510636606e-08,4.397575789839911e-08,2.413881225906646e-08,0.0,False,1.7415843283601048e-07,4.5110124522539465e-07,1.751760633045078e-07,0.0,False,1.0,7.036310028527174e-07,6.785643949686353e-07,5.181958958494197e-07,7.214412042873722e-07,7.485061890679626e-07
275,275,42177,117,0.125963345,unverified,0.18882511215049838,0.07717345363488153,0,0.122988008,1.06500721,0.3123626119162658,0,-0.0144548398,0.0157792848,0.000296067272,0.0361809023,0.0632291883,0.000296067272,3.6316388522596524e-07,7.010746396549703e-07,3.63719945220109e-07,0.0,False,2.4002536173642476e-08,4.3833545153877734e-08,2.4076113591186e-08,0.0,False,1.7377247157236421e-07,4.4973552486502416e-07,1.747921267905723e-07,0.0,False,1.0,7.010746396549703e-07,6.76906068554304e-07,5.156269266244794e-07,7.178678446413351e-07,7.44178125942999e-07
276,276,42293,117,0.125963196,unverified,0.18763572919283247,0.07700335858437124,0,0.12290661,1.05903006,0.3112098361848378,0,-0.0143706221,0.0158253722,0.000112398433,0.0361888856,0.0632250309,0.000112398433,3.6049815979389293e-07,6.944431854579443e-07,3.6105707002586663e-07,0.0,False,2.387906054670146e-08,4.349686698057985e-08,2.3953137526533336e-08,0.0,False,1.7305874848258477e-07,4.4623229574867194e-07,1.74085242837403e-07,0.0,False,1.0,6.944431854579443e-07,6.707326150694412e-07,5.103470159417832e-07,7.109607524278486e-07,7.370707530069289e-07
277,277,42408,116,0.125963122,unverified,0.18698407162555195,0.07691046072227534,0,0.122866563,1.05865145,0.3101190970517116,0,-0.0143244267,0.0158505086,0.000281161454,0.0361932442,0.0632227585,0.000281161454,3.5885229652808696e-07,6.917517112903364e-07,3.59414096673183e-07,0.0,False,2.377703315437381e-08,4.3310682791249655e-08,2.3851463379494184e-08,0.0,False,1.7243174904165595e-07,4.4474617842718573e-07,1.7346285643979192e-07,0.0,False,1.0,6.917517112903364e-07,6.686786770203095e-07,5.049164553716561e-07,7.087644507156559e-07,7.319389200851637e-07
278,278,42523,116,0.125963241,unverified,0.1857392225213856,0.07673414727127949,0,0.122791968,1.05315208,0.30894772973094803,0,-0.0142364949,0.0158981271,9.34442432e-05,0.036201261,0.0632185861,9.34442432e-05,3.5620820866414307e-07,6.85122666503603e-07,3.5677510005179713e-07,0.0,False,2.3655281295897146e-08,4.2972290380407085e-08,2.3730507639219304e-08,0.0,False,1.71741916984154e-07,4.4123443065085796e-07,1.7278330739099781e-07,0.0,False,1.0,6.85122666503603e-07,6.62319254928825e-07,4.993458424094576e-07,7.019755651605321e-07,7.249089537658499e-07
279,279,42638,116,0.125963092,unverified,0.18539527222936772,0.0766859526249344,0,0.122771218,1.04959631,0.30920243308615736,0,-0.0142125348,0.0159109849,0.000286628521,0.0362032354,0.0632175654,0.000286628521,3.5593425651221355e-07,6.827364464602938e-07,3.5650680630704543e-07,0.0,False,2.3673725165850956e-08,4.29044322362021e-08,2.374956847272436e-08,0.0,False,1.7191750334062878e-07,4.4003688898736344e-07,1.729660134980222e-07,0.0,False,1.0,6.827364464602938e-07,6.593609127821321e-07,5.003174882723431e-07,7.015798129340209e-07,7.207275177320785e-07
280,280,42753,116,0.125963345,unverified,0.1841290365294109,0.07650758969173581,0,0.122694559,1.04253685,0.30767054405828237,0,-0.0141225876,0.0159592517,0.000115326235,0.0362115987,0.0632132068,0.000115326235,3.5266818673830603e-07,6.750304396221378e-07,3.5324139090029794e-07,0.0,False,2.351534679042715e-08,4.250443884824031e-08,2.3591501497695162e-08,0.0,False,1.7096696102148956e-07,4.3593655042042285e-07,1.7202077702223455e-07,0.0,False,1.0,6.750304396221378e-07,6.530722190484198e-07,4.93915029282878e-07,6.912458298578002e-07,7.115004774323408e-07
281,281,42868,116,0.125963062,unverified,0.1835003611025488,0.07641949770050498,0,0.122653879,1.04289424,0.30725978760915384,0,-0.0140782511,0.0159827862,0.000305058231,0.0362154655,0.0632111877,0.000305058231,3.5213543612679585e-07,6.731973638569176e-07,3.52716226167664e-07,0.0,False,2.3495153030730877e-08,4.2414908686689594e-08,2.3572119621888294e-08,0.0,False,1.7091366359717603e-07,4.3497025361568586e-07,1.7197757187640547e-07,0.0,False,1.0,6.731973638569176e-07,6.506213083191859e-07,4.923770688594346e-07,6.896890485205651e-07,7.123567649970096e-07
282,282,42982,115,0.125962853,unverified,0.1824858605754607,0.07627821168223699,0,0.122572623,1.04013515,0.3061097496313385,0,-0.0140065337,0.0160207339,0.000115326126,0.0362221822,0.0632076934,0.000115326126,3.50178700697941e-07,6.691627291536435e-07,3.507647456057489e-07,0.0,False,2.338911520230734e-08,4.21716378319922e-08,2.346704286384411e-08,0.0,False,1.7030902113127112e-07,4.327763286630375e-07,1.7138593429859086e-07,0.0,False,1.0,6.691627291536435e-07,6.464862060894772e-07,4.867848271855105e-07,6.847226349410364e-07,7.09023828398064e-07
283,283,43097,116,0.125963017,unverified,0.18157283011933778,0.07615166375999079,0,0.122481786,1.03757417,0.30540970108231125,0,-0.0139419306,0.0160547979,0.000286628696,0.0362281054,0.0632046163,0.000286628696,3.4862901892803545e-07,6.645703659736934e-07,3.4921764577725086e-07,0.0,False,2.3329436860968022e-08,4.195642582847189e-08,2.340783641264311e-08,0.0,False,1.7001159124468053e-07,4.3035548791968046e-07,1.7109560659379862e-07,0.0,False,1.0,6.645703659736934e-07,6.423964874205016e-07,4.849219839147258e-07,6.805963019943845e-07,7.036007336752403e-07
284,284,43211,115,0.125962585,unverified,0.18035661188899232,0.07598239096880725,0,0.122355014,1.02560222,0.30422615223820415,0,-0.0138554908,0.0160998907,0.000107207496,0.0362355076,0.0632007644,0.000107207488,3.457258197755501e-07,6.570957849229448e-07,3.4632133548146456e-07,0.0,False,2.319918768217262e-08,4.158615696716359e-08,2.32785544423355e-08,0.0,False,1.6926445296897316e-07,4.2638571281056776e-07,1.7036250533862832e-07,0.0,False,1.0,6.570957849229448e-07,6.352495973053296e-07,4.785446532642704e-07,6.720522817884243e-07,6.984303135516477e-07
285,285,43325,115,0.125962734,unverified,0.17992937687991473,0.07592377458083951,0,0.122319803,1.03035498,0.30414469738488276,0,-0.0138254892,0.0161155425,0.000286628754,0.0362382568,0.0631993189,0.000286628754,3.4607120016959785e-07,6.570818798937192e-07,3.46675847150547e-07,0.0,False,2.3227737526777648e-08,4.1594066324565744e-08,2.330807156890168e-08,0.0,False,1.695326430170001e-07,4.263894045916678e-07,1.7064235294463357e-07,0.0,False,1.0,6.570818798937192e-07,6.351199115723632e-07,4.791821803249881e-07,6.730890334952512e-07,7.101221837762966e-07
286,286,43439,115,0.125962406,unverified,0.17865176347094472,0.07574840639412893,0,0.122211367,1.02575231,0.30289645642462404,0,-0.0137347812,0.0161623601,0.000115326169,0.0362467095,0.0631949306,0.000115326162,3.43608957375356e-07,6.509060214381623e-07,3.4421991263678046e-07,0.0,False,2.3114281017077056e-08,4.127168601757607e-08,2.3195557315765054e-08,0.0,False,1.6891604071770474e-07,4.230818061479424e-07,1.7003933723396872e-07,0.0,False,1.0,6.509060214381623e-07,6.295543466855299e-07,4.736788752279431e-07,6.677667798163123e-07,7.077122543476997e-07
287,287,43552,114,0.125962481,unverified,0.1780237587210746,0.0756619282593466,0,0.122151181,1.01591349,0.30228067669062464,0,-0.013690142,0.0161853172,0.000305058522,0.0362505168,0.0631929412,0.000305058522,3.4193269695099547e-07,6.466785844952917e-07,3.425474692680162e-07,0.0,False,2.3038763072957637e-08,4.106183303981203e-08,2.3120543654057175e-08,0.0,False,1.6847030628060904e-07,4.208286008626144e-07,1.6960061889307387e-07,0.0,False,1.0,6.466785844952917e-07,6.252287712528013e-07,4.7017738526344507e-07,6.627875001924203e-07,7.041373248206088e-07
288,288,43665,114,0.125962749,unverified,0.1770091738329639,0.07552305746767463,0,0.122077003,1.0123868,0.30133089880486097,0,-0.0136179011,0.0162222553,0.000115326184,0.0362571627,0.0631894916,0.000115326184,3.4012088135365026e-07,6.41894236339171e-07,3.407400939584466e-07,0.0,False,2.295866098053773e-08,4.081827975727811e-08,2.304107790597931e-08,0.0,False,1.6805413675091334e-07,4.18268810160736e-07,1.6919400481430755e-07,0.0,False,1.0,6.41894236339171e-07,6.211768908096813e-07,4.6625118020814334e-07,6.577352265844528e-07,7.004330790670141e-07
289,289,43778,114,0.125963017,unverified,0.17610052750972063,0.07539864223159186,0,0.122008368,1.00978827,0.3005569568300695,0,-0.013552757,0.0162552781,0.000286628376,0.036262989,0.0631864592,0.000286628376,3.38803861348246e-07,6.383209751357878e-07,3.39431130273811e-07,0.0,False,2.2902105703450516e-08,4.063300041049205e-08,2.2985541568104638e-08,0.0,False,1.6779008025183845e-07,4.163501098470184e-07,1.6894524020068662e-07,0.0,False,1.0,6.383209751357878e-07,6.174200703895128e-07,4.635418900514981e-07,6.534925959410063e-07,6.912315708025888e-07
290,290,43891,114,0.125963703,unverified,0.17506689839180709,0.07525797263130651,0,0.121935882,1.00672305,0.2995645105489853,0,-0.0134787923,0.0162926856,0.000112398709,0.0362698957,0.0631828532,0.000112398717,3.369093087321468e-07,6.333205532407906e-07,3.3754064909007916e-07,0.0,False,2.2817372259549094e-08,4.037897118165967e-08,2.2901508445255026e-08,0.0,False,1.673450849134712e-07,4.1367081087282436e-07,1.6851051087519803e-07,0.0,False,1.0,6.333205532407906e-07,6.134278195387389e-07,4.593159610693532e-07,6.484177238042773e-07,6.877961091349883e-07
291,291,44004,114,0.125963017,unverified,0.17441268828615653,0.07516869359269625,0,0.121888712,1.00451851,0.29900393512208406,0,-0.0134317456,0.0163161904,0.000281161541,0.0362741053,0.0631806627,0.000281161541,3.361204232954911e-07,6.310201400126383e-07,3.3675480810057634e-07,0.0,False,2.2784269671849723e-08,4.026171354247725e-08,2.286868477916078e-08,0.0,False,1.67204808944947e-07,4.1243631789483206e-07,1.6837322271239408e-07,0.0,False,1.0,6.310201400126383e-07,6.109420330003327e-07,4.5765864783522854e-07,6.459719801828938e-07,6.827862717820257e-07
292,292,44117,114,0.125962809,unverified,0.17316228791988503,0.07499898061458807,0,0.121776953,1.00616086,0.2982522430886899,0,-0.0133422893,0.0163608827,9.34444543e-05,0.0362816527,0.0631767362,9.34444615e-05,3.3542198027887957e-07,6.280135000037606e-07,3.3606891398746375e-07,0.0,False,2.2767121957145024e-08,4.0115574098478304e-08,2.285324824836788e-08,0.0,False,1.6727382301824478e-07,4.108324392676631e-07,1.6846337646905808e-07,0.0,False,1.0,6.280135000037606e-07,6.069701958330138e-07,4.5528817303102034e-07,6.438617241319659e-07,6.80434388414427e-07
293,293,44230,114,0.125962585,unverified,0.1727751312308473,0.07494642189851798,0,0.121741958,1.00129414,0.2976647649556077,0,-0.0133142015,0.0163747724,0.000281161221,0.0362845697,0.0631752163,0.000281161221,3.342661137351961e-07,6.253402933046463e-07,3.349127795471683e-07,0.0,False,2.2709252005555794e-08,3.997638950641827e-08,2.2795520533386233e-08,0.0,False,1.6691951185922036e-07,4.0939271606924457e-07,1.6811198975257255e-07,0.0,False,1.0,6.253402933046463e-07,6.054497640598046e-07,4.530143162592658e-07,6.403764813890679e-07,6.780602079196592e-07
294,294,44342,113,0.125962362,unverified,0.17126152083037777,0.07474167847155548,0,0.121623568,0.993446887,0.29631335880400744,0,-0.0132042784,0.0164288897,0.000112399197,0.0362942033,0.0631702021,0.000112399197,3.3195345700430695e-07,6.188285885636e-07,3.326150876227011e-07,0.0,False,2.2612548439476805e-08,3.96506726012166e-08,2.2700656212942662e-08,0.0,False,1.6645289121717188e-07,4.058958698261522e-07,1.6766960408347246e-07,0.0,False,1.0,6.188285885636e-07,5.990893599537171e-07,4.4835637924767383e-07,6.319403898969875e-07,6.645498132374837e-07
295,295,44454,113,0.1259626,unverified,0.1708268245281287,0.0746831072724653,0,0.121591151,0.991315722,0.29593014532332107,0,-0.0131725706,0.0164444726,0.00029606701,0.0362970866,0.0631686971,0.00029606701,3.3129842893822867e-07,6.169290743593638e-07,3.3196252634414003e-07,0.0,False,2.2585969905044286e-08,3.955682246163732e-08,2.267446963230543e-08,0.0,False,1.6633122583858989e-07,4.048765790752846e-07,1.675540095230183e-07,0.0,False,1.0,6.169290743593638e-07,5.972340849333014e-07,4.4693888545219196e-07,6.300671095337972e-07,6.628512374378949e-07
296,296,44566,113,0.125962183,unverified,0.16964444954620211,0.07452310761605167,0,0.121499024,0.987474978,0.2948101261673887,0,-0.0130861932,0.0164863728,0.000112398899,0.0363047309,0.0631647184,0.000112398906,3.294347312304716e-07,6.118181736032148e-07,3.301082688859911e-07,0.0,False,2.2505558343389014e-08,3.92959637626715e-08,2.2595380844462345e-08,0.0,False,1.6594577770201324e-07,4.0212108353917296e-07,1.671883781924742e-07,0.0,False,1.0,6.118181736032148e-07,5.926505344211685e-07,4.4257579063102235e-07,6.242926760034641e-07,6.562916489013909e-07
297,297,44678,113,0.125962541,unverified,0.16899873644609736,0.07443581828195701,0,0.121451385,0.983436286,0.29442795253794596,0,-0.0130388765,0.0165093262,0.000281161629,0.0363088101,0.0631625876,0.000281161629,3.2881855866631975e-07,6.09370643751829e-07,3.294931320467622e-07,0.0,False,2.249115292240103e-08,3.9187862035317246e-08,2.2581074728629715e-08,0.0,False,1.6594911328255948e-07,4.0082217901541767e-07,1.6719361803112385e-07,0.0,False,1.0,6.09370643751829e-07,5.900998114488666e-07,4.413236318361932e-07,6.222427973487323e-07,6.527783290220258e-07
298,298,44789,112,0.125962123,unverified,0.16777136430965628,0.07427051881058203,0,0.121381514,0.983765662,0.2932518273960598,0,-0.0129487058,0.01655256,9.34445125e-05,0.0363168716,0.0631583929,9.34445125e-05,3.2723002796513183e-07,6.050498728865237e-07,3.279213683590322e-07,0.0,False,2.2420887325172203e-08,3.895684951866408e-08,2.2512865908004428e-08,0.0,False,1.656426564870554e-07,3.984740214161042e-07,1.6691528219937033e-07,0.0,False,1.0,6.050498728865237e-07,5.861157757829077e-07,4.3752174117561966e-07,6.200076399362667e-07,6.418301054859357e-07
299,299,44901,113,0.125962093,unverified,0.16744247065712434,0.07422602707581716,0,0.121360578,0.97840035,0.29294123994153054,0,-0.0129241711,0.0165642854,0.000286628434,0.036319159,0.0631572008,0.000286628434,3.2643953576563293e-07,6.026239400047788e-07,3.271272883067511e-07,0.0,False,2.2390676610394426e-08,3.884935175878916e-08,2.2482565520155896e-08,0.0,False,1.6548082693410524e-07,3.971855544122911e-07,1.6675432440485792e-07,0.0,False,1.0,6.026239400047788e-07,5.844902921622903e-07,4.3563602401762287e-07,6.156145216908372e-07,6.420255170909788e-07
300,300,45012,112,0.125962108,unverified,0.1661985380643138,0.07405817338602357,0,0.121299319,0.977529585,0.29178062088413304,0,-0.0128319906,0.0166081302,0.00011532606,0.0363270193,0.0631531179,0.000115326067,3.249955235936149e-07,5.985129162538314e-07,3.2569874660228825e-07,0.0,False,2.232960112451126e-08,3.8631081611972715e-08,2.2423202102493253e-08,0.0,False,1.652471169811475e-07,3.949494017935367e-07,1.6654457845149605e-07,0.0,False,1.0,5.985129162538314e-07,5.801349532302247e-07,4.3223606524644675e-07,6.132819319426603e-07,6.346888936429033e-07
301,301,45123,112,0.125961766,unverified,0.16546174056800786,0.07395974544179496,0,0.121262193,0.967079461,0.2914777917188049,0,-0.0127773602,0.0166338496,0.000305058318,0.0363321528,0.0631504431,0.000305058318,3.249566547761387e-07,5.970046501556916e-07,3.2567155374527274e-07,0.0,False,2.2346807251107433e-08,3.8573760842038624e-08,2.2441993239089708e-08,0.0,False,1.6549949696927652e-07,3.9416021159016e-07,1.6681823638753596e-07,0.0,False,1.0,5.970046501556916e-07,5.784939900972141e-07,4.3123545296369724e-07,6.110204681944489e-07,6.333983869443839e-07
302,302,45234,112,0.125962034,unverified,0.1646029484413776,0.07384404300353702,0,0.121230036,0.966206908,0.2906944635479638,0,-0.012713165,0.0166640691,0.000115326133,0.0363378078,0.0631475002,0.00011532614,3.236628232320439e-07,5.9311248852342e-07,3.2438525473396283e-07,0.0,False,2.229697473604822e-08,3.83853581740044e-08,2.239312180172176e-08,0.0,False,1.652862588040387e-07,3.9206457845600364e-07,1.6662004732407095e-07,0.0,False,1.0,5.9311248852342e-07,5.75060416651949e-07,4.284934136003354e-07,6.070953055905863e-07,6.292023076007594e-07
303,303,45345,112,0.125962064,unverified,0.16372219768878618,0.07372526806670719,0,0.121198185,0.96706593,0.2899756179819318,0,-0.0126469359,0.0166948512,0.000286628492,0.0363434441,0.0631445646,0.000286628492,3.2249872547927873e-07,5.897887736171612e-07,3.2322855703683987e-07,0.0,False,2.225109272480866e-08,3.821330520088053e-08,2.2348250515483962e-08,0.0,False,1.6510837356174534e-07,3.902569722989914e-07,1.6645817329111777e-07,0.0,False,1.0,5.897887736171612e-07,5.716708219083596e-07,4.261176980527907e-07,6.054838956821053e-07,6.248151809688507e-07
304,304,45455,111,0.125963017,unverified,0.16254751148654092,0.07356742941946671,0,0.121177055,0.963507652,0.28898482960214955,0,-0.0125584863,0.0167358611,0.000107207401,0.0363510139,0.0631406233,0.000107207394,3.213699285424671e-07,5.86067545534026e-07,3.2211952433377455e-07,0.0,False,2.22108638653518e-08,3.8025482303226234e-08,2.231053441195185e-08,0.0,False,1.6501596868876525e-07,3.882390199178806e-07,1.663999789806521e-07,0.0,False,1.0,5.86067545534026e-07,5.67369346970231e-07,4.2327411921633366e-07,5.972869827112278e-07,6.19697651475409e-07
305,305,45565,111,0.125963077,unverified,0.16214150246389852,0.0735127362676316,0,0.121166147,0.962219238,0.2886464739961609,0,-0.0125277406,0.0167500023,0.000286628259,0.0363537073,0.0631392226,0.000286628259,3.2095607786288156e-07,5.846853646842569e-07,3.217095481392754e-07,0.0,False,2.2196517549557754e-08,3.795720284162695e-08,2.2296650996175384e-08,0.0,False,1.6498212848430268e-07,3.874910541980438e-07,1.6637230875820167e-07,0.0,False,1.0,5.846853646842569e-07,5.660637237548409e-07,4.221768523972208e-07,5.958432596664727e-07,6.184397953600485e-07
306,306,45675,111,0.125962526,unverified,0.16092770996768962,0.07334905606249978,0,0.121154577,0.958766341,0.2875708420322312,0,-0.012434884,0.0167923998,0.000115326067,0.0363619626,0.0631349236,0.000115326067,3.1956083099178487e-07,5.803213888805484e-07,3.2032398001096054e-07,0.0,False,2.2143520488035773e-08,3.7738832167421585e-08,2.224487027513719e-08,0.0,False,1.6480268571611905e-07,3.8512394403529497e-07,1.662086552810389e-07,0.0,False,1.0,5.803213888805484e-07,5.623636183764354e-07,4.1892285000946735e-07,5.909492454034013e-07,6.122200026106575e-07
307,307,45785,111,0.125962809,unverified,0.1603278451999333,0.07326892689459066,0,0.121163033,0.959482789,0.28718253474671074,0,-0.0123892222,0.0168132465,0.000305058376,0.036366187,0.0631327257,0.000305058376,3.1965032358350103e-07,5.799492844126895e-07,3.2042136401604194e-07,0.0,False,2.2153667260897507e-08,3.771371431679116e-08,2.225613620936898e-08,0.0,False,1.649819330124645e-07,3.849140788611871e-07,1.6640374284587646e-07,0.0,False,1.0,5.799492844126895e-07,5.61733395512383e-07,4.186342535971399e-07,5.912999669991828e-07,6.10644732817524e-07
308,308,45895,111,0.125962019,unverified,0.15908497650094539,0.07310082043086928,0,0.121154211,0.95381397,0.2860773771349893,0,-0.0122928061,0.0168566238,0.00011239903,0.0363744833,0.0631284043,0.00011239903,3.1807503864078995e-07,5.749192426931419e-07,3.1885611603263293e-07,0.0,False,2.209760603741475e-08,3.746927412269361e-08,2.220117748480078e-08,0.0,False,1.6480195979768018e-07,3.8219143945249605e-07,1.662415591408851e-07,0.0,False,1.0,5.749192426931419e-07,5.569872870692855e-07,4.1479396982412364e-07,5.855372969646726e-07,6.059688728057047e-07
309,309,46005,111,0.125962153,unverified,0.15846222854714237,0.07301785737305021,0,0.121162198,0.94643718,0.28535078408792414,0,-0.0122448402,0.0168781858,0.000281161454,0.0363786072,0.0631262586,0.000281161454,3.1741442420710516e-07,5.732049205097352e-07,3.1820493295613924e-07,0.0,False,2.206342987412826e-08,3.7367924783741385e-08,2.2168491355105396e-08,0.0,False,1.6467034733325473e-07,3.8124143239846574e-07,1.6613062225280408e-07,0.0,False,1.0,5.732049205097352e-07,5.566121361077851e-07,4.1250430428277334e-07,5.852245295457702e-07,6.127894657453195e-07
310,310,46114,110,0.125961989,unverified,0.15729382075287565,0.07285983135301506,0,0.121193692,0.94778353,0.28476571798767825,0,-0.0121534476,0.0169187728,9.3444185e-05,0.0363866724,0.0631220639,9.34441778e-05,3.168972070921144e-07,5.700144238059919e-07,3.177089214756474e-07,0.0,False,2.2070269781485476e-08,3.723200864460044e-08,2.2177868643179503e-08,0.0,False,1.649231238823152e-07,3.7953476038358593e-07,1.664190512990644e-07,0.0,False,1.0,5.700144238059919e-07,5.518446338689801e-07,4.115105486686817e-07,5.848304789484403e-07,6.111402734692558e-07
311,311,46223,110,0.125962108,unverified,0.15693065496412206,0.07281073331457531,0,0.121194735,0.945101559,0.284171279083226,0,-0.0121247927,0.0169314537,0.000281161629,0.0363892131,0.0631207377,0.000281161629,3.164837469222359e-07,5.691965959197876e-07,3.17295263328258e-07,0.0,False,2.2042262255149032e-08,3.717374146081784e-08,2.21500164532534e-08,0.0,False,1.647912472530046e-07,3.79069971619926e-07,1.662914971161707e-07,0.0,False,1.0,5.691965959197876e-07,5.514740779535239e-07,4.0982274048015597e-07,5.827721173529051e-07,6.07600180663757e-07
312,312,46332,110,0.125962526,unverified,0.15550952591145376,0.07261925641337443,0,0.12118274,0.942536533,0.28330235953937255,0,-0.0120126205,0.0169807337,0.00011239836,0.0363990776,0.0631156042,0.00011239836,3.1571498539479093e-07,5.652061550389063e-07,3.165521518342609e-07,0.0,False,2.2039387229647633e-08,3.699410533845879e-08,2.2150460670038717e-08,0.0,False,1.650312329901299e-07,3.7692080403659666e-07,1.665797928338615e-07,0.0,False,1.0,5.652061550389063e-07,5.473009604669809e-07,4.078823246350554e-07,5.797754385327535e-07,6.049572175369253e-07
313,313,46441,110,0.125962615,unverified,0.15510138053662342,0.07256405045040945,0,0.121204153,0.941358745,0.2829857801997741,0,-0.0119802291,0.0169948433,0.000296067301,0.0364018232,0.0631141812,0.000296067301,3.153940714825337e-07,5.639305107123791e-07,3.162354324104363e-07,0.0,False,2.2031846541631366e-08,3.6933047260938296e-08,2.2143297994689194e-08,0.0,False,1.6505604474872264e-07,3.7622900043440905e-07,1.6661044376027467e-07,0.0,False,1.0,5.639305107123791e-07,5.460083793710474e-07,4.0698532195562727e-07,5.785042707555918e-07,6.038391780198869e-07
314,314,46550,110,0.1259633,unverified,0.1539979679955907,0.07241478307725674,0,0.121244982,0.936530948,0.28206814836787714,0,-0.0118921818,0.0170331132,0.000112398659,0.0364093333,0.0631102696,0.000112398666,3.1387109604195597e-07,5.590108829164977e-07,3.1472527128527875e-07,0.0,False,2.1981556506686105e-08,3.6698406763006676e-08,2.2094699953840358e-08,0.0,False,1.6489940178074502e-07,3.7355845708054196e-07,1.664787660998952e-07,0.0,False,1.0,5.590108829164977e-07,5.426955672667575e-07,4.0375227198937814e-07,5.717267090326396e-07,5.955328610521927e-07
315,315,46659,110,0.125962839,unverified,0.1534001896134956,0.07233377233622316,0,0.121277511,0.934575081,0.2815701296028969,0,-0.0118438452,0.0170538332,0.000281161483,0.0364135727,0.0631080642,0.000281161483,3.1345523238534315e-07,5.572998484394526e-07,3.143126029453389e-07,0.0,False,2.1971914381239424e-08,3.6614944970545375e-08,2.208532248825672e-08,0.0,False,1.649482435780247e-07,3.7262719697632873e-07,1.6653269839918849e-07,0.0,False,1.0,5.572998484394526e-07,5.413513474174668e-07,4.025008046387727e-07,5.696790359508549e-07,5.935808122512153e-07
316,316,46767,109,0.125963062,unverified,0.152256018582779,0.07217893359335474,0,0.121310048,0.931634367,0.280853566919777,0,-0.011751934,0.0170932319,9.34447162e-05,0.0364213809,0.0631039962,9.34447235e-05,3.1325656419402334e-07,5.552277856686629e-07,3.1414074711844214e-07,0.0,False,2.1985009123813123e-08,3.651602758322154e-08,2.2101531295938642e-08,0.0,False,1.6526772028130865e-07,3.715013416911251e-07,1.6689434730183596e-07,0.0,False,1.0,5.552277856686629e-07,5.377483353821059e-07,4.009398844265042e-07,5.663517106784615e-07,5.91929289054537e-07
317,317,46875,109,0.125962883,unverified,0.1519497765515211,0.07213723672537943,0,0.121332698,0.930938423,0.2806021805562854,0,-0.0117269009,0.0171038508,0.000286628667,0.0364236459,0.063102819,0.000286628667,3.13222727237095e-07,5.547975680944274e-07,3.141083366591398e-07,0.0,False,2.198743967877098e-08,3.64925379920832e-08,2.2104037435306854e-08,0.0,False,1.6535087073239764e-07,3.7126424591581816e-07,1.669796369466727e-07,0.0,False,1.0,5.547975680944274e-07,5.373701107847123e-07,4.0051529782841366e-07,5.660768871020751e-07,5.917944630912553e-07
318,318,46983,109,0.125962287,unverified,0.15080176004023463,0.07198160620173373,0,0.121376202,0.926899672,0.2796362929117721,0,-0.0116328476,0.0171435196,0.000115326271,0.0364316255,0.0630986616,0.000115326278,3.121143419608334e-07,5.508874889884502e-07,3.130223537339384e-07,0.0,False,2.1953996938050407e-08,3.630009459379783e-08,2.2073843414237306e-08,0.0,False,1.6533191776738867e-07,3.691294147880949e-07,1.670090020289766e-07,0.0,False,1.0,5.508874889884502e-07,5.339174335277657e-07,3.9780897089581454e-07,5.616472254608295e-07,5.863021512087895e-07
319,319,47090,108,0.125962526,unverified,0.15023745344751888,0.07190540803807474,0,0.121395797,0.921658874,0.27918927358189927,0,-0.0115865972,0.0171630271,0.000305058347,0.0364359953,0.0630963892,0.000305058347,3.121662091623732e-07,5.501117800089238e-07,3.1309391906363704e-07,0.0,False,2.1966917618917344e-08,3.626480620657757e-08,2.2089176662048125e-08,0.0,False,1.6554224863207273e-07,3.687103992583839e-07,1.672520424592298e-07,0.0,False,1.0,5.501117800089238e-07,5.339492086938788e-07,3.969467136907667e-07,5.616459753305456e-07,5.860241355251172e-07
320,320,47197,108,0.125962615,unverified,0.14933919095160578,0.0717828623455204,0,0.121451207,0.918365359,0.2783652532269342,0,-0.0115116648,0.01719415,0.000115326213,0.0364423953,0.0630930513,0.000115326213,3.116731950331884e-07,5.478176791742629e-07,3.126144216781449e-07,0.0,False,2.1957414902106598e-08,3.615245276705656e-08,2.208131589907047e-08,0.0,False,1.6565710417586248e-07,3.6745875514464974e-07,1.6739292703118052e-07,0.0,False,1.0,5.478176791742629e-07,5.315621409864137e-07,3.951950960761259e-07,5.593004292286621e-07,5.838327031930348e-07
321,321,47305,109,0.12596342,unverified,0.14853350396019963,0.07167286016751268,0,0.121509813,0.915432036,0.2776711056092305,0,-0.0114442063,0.01722214,0.00028662855,0.0364479348,0.0630901754,0.00028662855,3.111732630068897e-07,5.456321534969678e-07,3.1212614056446027e-07,0.0,False,2.1947009538788163e-08,3.6045602258761626e-08,2.207241002892041e-08,0.0,False,1.6574549521245402e-07,3.6626527040440413e-07,1.6750512371628122e-07,0.0,False,1.0,5.456321534969678e-07,5.295361808428238e-07,3.937162718479359e-07,5.570174674888632e-07,5.807393669755026e-07
322,322,47414,110,0.125963464,unverified,0.14746217220768054,0.0715263380489183,0,0.121587224,0.911297917,0.27691874909137126,0,-0.0113539966,0.0172591191,0.000107207437,0.0364557579,0.0630861074,0.000107207437,3.105274966678719e-07,5.42429006122078e-07,3.114924263917697e-07,0.0,False,2.194288729620197e-08,3.5898958171472797e-08,2.2069895991952183e-08,0.0,False,1.659348289123569e-07,3.6452567193289897e-07,1.6771828844627011e-07,0.0,False,1.0,5.42429006122078e-07,5.267903306884728e-07,3.920343685206556e-07,5.527608720203306e-07,5.74617413204146e-07
323,323,47522,109,0.125963524,unverified,0.14709306807605776,0.07147560422523665,0,0.121621117,0.91133827,0.2766828538468209,0,-0.0113226669,0.0172719043,0.000286628812,0.0364584886,0.0630846843,0.000286628812,3.0999262650261403e-07,5.407886531545503e-07,3.109647833189681e-07,0.0,False,2.192587496638729e-08,3.581791153160107e-08,2.205368271086536e-08,0.0,False,1.6588426936454464e-07,3.6362535681555765e-07,1.6767900179573142e-07,0.0,False,1.0,5.407886531545503e-07,5.253673838279753e-07,3.9101016532972475e-07,5.514663761840782e-07,5.734183349550589e-07
324,324,47630,109,0.125963807,unverified,0.14598466187406492,0.07132340530789898,0,0.121743701,0.908097744,0.2758163121557543,0,-0.0112280846,0.0173103008,0.000115326155,0.0364662632,0.0630806386,0.000115326169,3.092219707192665e-07,5.373538127512338e-07,3.1021917828581556e-07,0.0,False,2.1913859334147147e-08,3.565672907443322e-08,2.204477775606568e-08,0.0,False,1.6602596789751576e-07,3.6175272591557015e-07,1.678653584871105e-07,0.0,False,1.0,5.373538127512338e-07,5.222307326940294e-07,3.887289126406982e-07,5.475834540697448e-07,5.677987627765928e-07
325,325,47738,109,0.125963613,unverified,0.1453348622244442,0.0712339633546337,0,0.121821813,0.906998396,0.27526444514998005,0,-0.0111720478,0.0173327886,0.000305058376,0.0364710949,0.0630781204,0.000305058376,3.0865079544989205e-07,5.350885922842592e-07,3.0965900840142795e-07,0.0,False,2.190104014491366e-08,3.554920789124918e-08,2.203336447754559e-08,0.0,False,1.6607031770688247e-07,3.6051493665519015e-07,1.6793018737032205e-07,0.0,False,1.0,5.350885922842592e-07,5.199836054513397e-07,3.8719479748548694e-07,5.454844316074061e-07,5.656508904378411e-07
326,326,47846,109,0.125963971,unverified,0.14431160727968018,0.07109310646971796,0,0.121928364,0.904100835,0.2745284802036524,0,-0.0110833533,0.0173682999,0.000112398753,0.0364787392,0.0630741343,0.000112398746,3.086666770359812e-07,5.332957574460521e-07,3.096954990922161e-07,0.0,False,2.1925927278224727e-08,3.547266469174659e-08,2.206092720830845e-08,0.0,False,1.6647429329026908e-07,3.595479942751115e-07,1.683734839378489e-07,0.0,False,1.0,5.332957574460521e-07,5.182768970873634e-07,3.8603458252115213e-07,5.453716037188893e-07,5.648654973679869e-07
327,327,47953,108,0.12596336,unverified,0.14375156856094184,0.07101577432516033,0,0.121989623,0.898037136,0.2741103710190971,0,-0.0110344319,0.0173876006,0.000281161541,0.0364830606,0.0630718991,0.000281161541,3.085853789302698e-07,5.32431171449169e-07,3.0963133605753014e-07,0.0,False,2.193181680438674e-08,3.5425743488553275e-08,2.206877521932209e-08,0.0,False,1.666405110734605e-07,3.590669414316224e-07,1.6856809683501668e-07,0.0,False,1.0,5.32431171449169e-07,5.176663790144211e-07,3.85384979141107e-07,5.439232918706995e-07,5.6177494563078e-07
328,328,48060,108,0.125963271,unverified,0.14269918035637644,0.07087013234766461,0,0.122138985,0.895085692,0.27314443347588424,0,-0.0109414123,0.0174243022,9.34441414e-05,0.0364908837,0.0630678236,9.34441268e-05,3.0809507679520305e-07,5.298181374512555e-07,3.091680005436331e-07,0.0,False,2.1927150918001242e-08,3.529855467732512e-08,2.206744699128283e-08,0.0,False,1.6683893005198404e-07,3.5763460699744476e-07,1.6881638495918523e-07,0.0,False,1.0,5.298181374512555e-07,5.151726678710817e-07,3.832897092713991e-07,5.409780512225034e-07,5.58752941984955e-07
329,329,48167,108,0.125963181,unverified,0.14237343296624405,0.07082463486329801,0,0.122159369,0.895368397,0.2729539034849132,0,-0.0109122181,0.0174356848,0.000281161338,0.0364933722,0.0630665198,0.000281161338,3.078188257845416e-07,5.285561887077498e-07,3.088953392768753e-07,0.0,False,2.1925245233440505e-08,3.52436589620842e-08,2.2066038628129295e-08,0.0,False,1.6689235648919629e-07,3.5694946592953755e-07,1.688774540799324e-07,0.0,False,1.0,5.285561887077498e-07,5.136026345646552e-07,3.8285909306894146e-07,5.395541784012839e-07,5.578424755006611e-07
330,330,48274,108,0.125963464,unverified,0.14110540980117714,0.0706478140843374,0,0.122240581,0.891114414,0.27202362302105904,0,-0.0107979849,0.017479986,0.000112398709,0.0365030728,0.0630614758,0.000112398717,3.074902429672378e-07,5.25630024073943e-07,3.085947707210643e-07,0.0,False,2.1941524482318374e-08,3.5110396910263906e-08,2.2085755134293502e-08,0.0,False,1.673032587902679e-07,3.553543583172154e-07,1.6934228539254737e-07,0.0,False,1.0,5.25630024073943e-07,5.106878445404414e-07,3.8096248749620525e-07,5.366448927669285e-07,5.551447671139353e-07
331,331,48381,108,0.125963852,unverified,0.14074451199421753,0.07059724628027948,0,0.122286379,0.88859719,0.27165156880709906,0,-0.0107650347,0.0174927358,0.00029606701,0.0365059823,0.0630599558,0.00029606701,3.072933817006372e-07,5.24781933835353e-07,3.084023991087986e-07,0.0,False,2.1936720802749307e-08,3.506487058090867e-08,2.208132325362442e-08,0.0,False,1.6735413197009466e-07,3.548829477706742e-07,1.6940078721579368e-07,0.0,False,1.0,5.24781933835353e-07,5.105249282293911e-07,3.8020921613631466e-07,5.353341833901153e-07,5.529125273216253e-07
332,332,48487,107,0.125963837,unverified,0.13976120028984837,0.0704591452626847,0,0.122368641,0.889990926,0.2709337920718813,0,-0.010675326,0.0175269265,0.000112398768,0.0365135595,0.0630560145,0.000112398768,3.0686401831127127e-07,5.219152309355791e-07,3.080029771658309e-07,0.0,False,2.1944763526183295e-08,3.4940074717455684e-08,2.2093017059365684e-08,0.0,False,1.6763761520491775e-07,3.5332588255264383e-07,1.6973801507952221e-07,0.0,False,1.0,5.219152309355791e-07,5.078029624528109e-07,3.7860850638270866e-07,5.318518644243166e-07,5.528633093995506e-07
333,333,48593,107,0.125964358,unverified,0.13922631173405625,0.07038408310112147,0,0.122414708,0.888269305,0.27050892789971265,0,-0.0106261838,0.0175456554,0.000281161221,0.0365178958,0.063053757,0.000281161221,3.0645703757398357e-07,5.201581108812061e-07,3.0761124131366354e-07,0.0,False,2.1938989044708757e-08,3.485578745395026e-08,2.2089112214929028e-08,0.0,False,1.6772158810710238e-07,3.523595339897855e-07,1.6985021389867666e-07,0.0,False,1.0,5.201581108812061e-07,5.067159843654624e-07,3.774267687770424e-07,5.298009864175198e-07,5.494018796697384e-07
334,334,48699,107,0.125964403,unverified,0.13822485281804991,0.07024204395026724,0,0.122510791,0.880875647,0.2697726479950898,0,-0.0105325794,0.0175808426,9.34444397e-05,0.0365254581,0.063049823,9.34444397e-05,3.068214113702806e-07,5.191067719449263e-07,3.079989079989355e-07,0.0,False,2.1981395270770437e-08,3.4813468858453075e-08,2.2133986981236107e-08,0.0,False,1.6827340119118684e-07,3.51793828213823e-07,1.7043995561951037e-07,0.0,False,1.0,5.191067719449263e-07,5.044629830825517e-07,3.7669612876066043e-07,5.30177866644721e-07,5.500707057679698e-07
335,335,48805,107,0.125964507,unverified,0.13795338074804628,0.070203468750606,0,0.122532278,0.879784644,0.26966819489098803,0,-0.0105071133,0.0175903775,0.00028662855,0.0365278423,0.0630485788,0.00028662855,3.068247674002567e-07,5.185543771550773e-07,3.0801020923068713e-07,0.0,False,2.1991180802639397e-08,3.47905022445178e-08,2.2144690564009327e-08,0.0,False,1.6841060031509384e-07,3.514942262120836e-07,1.70589945403195e-07,0.0,False,1.0,5.185543771550773e-07,5.039133820163427e-07,3.764747650109922e-07,5.294888830412796e-07,5.490813990132509e-07
336,336,48911,107,0.125964835,unverified,0.13693958923072724,0.07005938029657813,0,0.122636378,0.878927469,0.26886087655980023,0,-0.0104114544,0.0176259968,0.000115326344,0.0365357585,0.0630444586,0.000115326351,3.065404626611998e-07,5.16070338585678e-07,3.077569774901834e-07,0.0,False,2.2004602622656308e-08,3.467889417650654e-08,2.2161952531530428e-08,0.0,False,1.687497549369415e-07,3.5013785016956167e-07,1.709853319504741e-07,0.0,False,1.0,5.16070338585678e-07,5.014363664097108e-07,3.7493508049105e-07,5.283432107417745e-07,5.50420740080687e-07
337,337,49017,107,0.125964463,unverified,0.13634665372603186,0.06997467450884172,0,0.122703157,0.877038002,0.2683202334406389,0,-0.0103547834,0.0176468417,0.000305058376,0.0365405045,0.063041985,0.000305058376,3.0640800784314927e-07,5.147536250174159e-07,3.0763729418169963e-07,0.0,False,2.2012036643329693e-08,3.4617951656814587e-08,2.217104773424566e-08,0.0,False,1.689481931025041e-07,3.49416671014827e-07,1.71210676198332e-07,0.0,False,1.0,5.147536250174159e-07,5.002524662946513e-07,3.7408558246440243e-07,5.270707067674394e-07,5.505018387000115e-07
338,338,49122,106,0.125964716,unverified,0.1356580503355555,0.06987561374305376,0,0.122783139,0.876055837,0.26789908457805484,0,-0.0102881929,0.0176713355,0.000115326176,0.0365460962,0.0630390719,0.000115326184,3.0590549743231105e-07,5.120917701433329e-07,3.071517212331827e-07,0.0,False,2.201456436977363e-08,3.450386681215127e-08,2.2175438921173674e-08,0.0,False,1.6913734293050747e-07,3.479674710385991e-07,1.7142916826870134e-07,0.0,False,1.0,5.120917701433329e-07,4.984885211684557e-07,3.7267319321072015e-07,5.232980009677797e-07,5.462002370307947e-07
339,339,49227,106,0.125964329,unverified,0.13495504676277992,0.06977404865614047,0,0.122871742,0.874869525,0.267288587059976,0,-0.0102195246,0.0176962093,0.000286628841,0.0365518145,0.0630360991,0.000286628841,3.057733156855542e-07,5.107958115266189e-07,3.070342985996279e-07,0.0,False,2.2020896659816973e-08,3.4437715255561446e-08,2.218316427173354e-08,0.0,False,1.6934840111322622e-07,3.4724853211832644e-07,1.7165861078465943e-07,0.0,False,1.0,5.107958115266189e-07,4.970550202357965e-07,3.7173801629361203e-07,5.216209747916321e-07,5.444925259830353e-07
340,340,49332,106,0.125964656,unverified,0.13402827836772277,0.06963986495088836,0,0.122989193,0.871536374,0.26660089228156786,0,-0.0101278285,0.0177293308,0.00010720751,0.0365594104,0.0630321428,0.00010720751,3.0576531865619793e-07,5.089680229631613e-07,3.070562032347996e-07,0.0,False,2.2047673646025817e-08,3.4357614934426794e-08,2.221361918943447e-08,0.0,False,1.697876515954296e-07,3.462510502153313e-07,1.721572807157027e-07,0.0,False,1.0,5.089680229631613e-07,4.951799674428944e-07,3.706402929941738e-07,5.197658786612948e-07,5.433919524879675e-07
341,341,49437,106,0.125964656,unverified,0.13370450507635412,0.06959303400274527,0,0.123030931,0.866675138,0.2664787058769214,0,-0.010095967,0.0177407283,0.000286628812,0.0365619026,0.0630308464,0.000286628812,3.0617924375151533e-07,5.091779002183983e-07,3.074961809113798e-07,0.0,False,2.207922798289964e-08,3.437099322339605e-08,2.2248367933579097e-08,0.0,False,1.7011490566074678e-07,3.4637064843163456e-07,1.725343069232247e-07,0.0,False,1.0,5.091779002183983e-07,4.950187362501688e-07,3.7087536151298444e-07,5.192682062603097e-07,5.413336492929198e-07
342,342,49542,106,0.125964433,unverified,0.13274697401225935,0.06945299433403451,0,0.123169102,0.863674939,0.2658884999232128,0,-0.00999975856,0.0177748464,0.000115326271,0.0365699194,0.0630266741,0.000115326278,3.0635676830192386e-07,5.075772128038597e-07,3.0770687918012484e-07,0.0,False,2.2118001227948306e-08,3.4305335755276375e-08,2.2291016546186137e-08,0.0,False,1.7064847090830958e-07,3.4550242964331135e-07,1.731264802567243e-07,0.0,False,1.0,5.075772128038597e-07,4.930800653009741e-07,3.699985914166327e-07,5.18035696424914e-07,5.399313406581759e-07
343,343,49647,106,0.125964865,unverified,0.13228111981342874,0.06938483994854334,0,0.123241343,0.862720251,0.26555059221415495,0,-0.00995244924,0.0177916232,0.000305058347,0.0365741067,0.0630244911,0.000305058347,3.0616104794310996e-07,5.061012015505667e-07,3.07523704934735e-07,0.0,False,2.212611528008844e-08,3.4242334803435556e-08,2.230066763955729e-08,0.0,False,1.7082889705801503e-07,3.4469706718589876e-07,1.7333085767169156e-07,0.0,False,1.0,5.061012015505667e-07,4.923180192777566e-07,3.692032037241206e-07,5.147607639513777e-07,5.345572271399197e-07
344,344,49752,106,0.125965104,unverified,0.1313097881292952,0.06924155772010013,0,0.12338227,0.860109687,0.26490009149589344,0,-0.00985261053,0.0178264063,0.000112398571,0.0365823843,0.0630201846,0.000112398578,3.063033548784884e-07,5.043300254604373e-07,3.076999551501364e-07,0.0,False,2.2165452624937837e-08,3.4168919043974606e-08,2.2343705685452105e-08,0.0,False,1.7138901387300035e-07,3.4373435514746567e-07,1.739510608881736e-07,0.0,False,1.0,5.043300254604373e-07,4.904956801407952e-07,3.682360415057825e-07,5.131068774524757e-07,5.323059882026326e-07
345,345,49856,105,0.125965774,unverified,0.13083219732283308,0.0691705353171308,0,0.123457111,0.861476958,0.26446253366707523,0,-0.00980294216,0.0178436935,0.000281161454,0.0365864411,0.0630180761,0.000281161454,3.0626818035647304e-07,5.03404283464776e-07,3.0768699265189823e-07,0.0,False,2.217444418479749e-08,3.4124880640889015e-08,2.2355268184852106e-08,0.0,False,1.715878355236725e-07,3.4322468231203573e-07,1.7418980918862248e-07,0.0,False,1.0,5.03404283464776e-07,4.896438247591805e-07,3.6752042395697036e-07,5.134262752850852e-07,5.335656548647207e-07
346,346,49960,105,0.125965774,unverified,0.1299309659812111,0.06903588858469926,0,0.123593144,0.858264148,0.2638741744775863,0,-0.00970835146,0.0178761333,9.3444105e-05,0.0365945771,0.0630138367,9.3444105e-05,3.0637640040587975e-07,5.018615911689977e-07,3.0782248425230006e-07,0.0,False,2.2207413929443024e-08,3.40569010422864e-08,2.2391350736167724e-08,0.0,False,1.720701208751287e-07,3.4237918234652057e-07,1.7471821901463177e-07,0.0,False,1.0,5.018615911689977e-07,4.882612004701713e-07,3.6670565712150825e-07,5.126361489156683e-07,5.317598785451865e-07
347,347,50064,105,0.125965863,unverified,0.12965033415547006,0.0689937476831913,0,0.123607628,0.858309746,0.26361370553031116,0,-0.00967869721,0.0178862624,0.00028116157,0.0365969352,0.0630126148,0.00028116157,3.061952685668571e-07,5.009174858491948e-07,3.076500077571065e-07,0.0,False,2.2206639942720607e-08,3.4013467917447956e-08,2.2391593340513907e-08,0.0,False,1.7214084597499056e-07,3.4186006522389933e-07,1.7480429317813538e-07,0.0,False,1.0,5.009174858491948e-07,4.877982769344587e-07,3.660979023020837e-07,5.103925075800568e-07,5.290225682760591e-07
348,348,50168,105,0.125965893,unverified,0.1285621754102138,0.06883006298336514,0,0.123678684,0.854440033,0.26302545178281017,0,-0.00956264697,0.0179255474,0.000112398797,0.0366067179,0.0630075112,0.000112398789,3.065619095714086e-07,4.992691247309859e-07,3.0806776977820796e-07,0.0,False,2.226448138781738e-08,3.3948323181498985e-08,2.245542147524133e-08,0.0,False,1.7287992811587114e-07,3.409652635808712e-07,1.7563599185352934e-07,0.0,False,1.0,4.992691247309859e-07,4.86023401393178e-07,3.6529450325980987e-07,5.097876166602184e-07,5.288795015643578e-07
349,349,50272,105,0.125965759,unverified,0.12825436143077734,0.06878343876348081,0,0.123705938,0.853653073,0.2628065434815901,0,-0.00952914637,0.0179367699,0.000296067185,0.0366094932,0.0630060732,0.000296067185,3.066155134382781e-07,4.98728097046891e-07,3.0813215951538497e-07,0.0,False,2.2277088526020738e-08,3.3925499207466325e-08,2.246925313877961e-08,0.0,False,1.7306093676330257e-07,3.4067009827936817e-07,1.7583691779766335e-07,0.0,False,1.0,4.98728097046891e-07,4.85530064545287e-07,3.6500515748363937e-07,5.091803979579529e-07,5.282112478510884e-07
350,350,50376,105,0.125965968,unverified,0.12742409264327148,0.06865692636875415,0,0.123769253,0.850248992,0.26225562966960136,0,-0.00943809189,0.0179671962,0.000112398819,0.0366170332,0.0630021468,0.000112398811,3.06992869751821e-07,4.975646113372594e-07,3.0854308357168625e-07,0.0,False,2.2325426643950882e-08,3.388399315882182e-08,2.252128514142772e-08,0.0,False,1.7365875617683628e-07,3.400453763002504e-07,1.7649104116896328e-07,0.0,False,1.0,4.975646113372594e-07,4.838015823936817e-07,3.6446533006805124e-07,5.079873959964095e-07,5.269500281971197e-07
351,351,50479,104,0.125965595,unverified,0.12697470156029317,0.0685879390646474,0,0.12381015,0.847988009,0.26218528116479606,0,-0.00938812736,0.0179836135,0.000281161309,0.0366210528,0.0630000532,0.000281161309,3.069497809658802e-07,4.963516896163408e-07,3.0851966415862075e-07,0.0,False,2.2343512036702108e-08,3.383549329737902e-08,2.2541526723740038e-08,0.0,False,1.739157229637461e-07,3.393854164440594e-07,1.7677915742114278e-07,0.0,False,1.0,4.963516896163408e-07,4.835676988206663e-07,3.639512039679902e-07,5.068907566124482e-07,5.228336120312031e-07
352,352,50582,104,0.125965998,unverified,0.12612498353136797,0.06845721151465348,0,0.123880848,0.847312331,0.2614973366595013,0,-0.00929312501,0.0180148277,9.34444106e-05,0.0366289727,0.062995933,9.34444179e-05,3.072071025644208e-07,4.950650976323257e-07,3.088087728418638e-07,0.0,False,2.2383900203698475e-08,3.378094969416352e-08,2.2585296897524765e-08,0.0,False,1.744746231021754e-07,3.386823975016793e-07,1.773933047391101e-07,0.0,False,1.0,4.950650976323257e-07,4.819879906332728e-07,3.632134819015518e-07,5.042992987300452e-07,5.213183624852334e-07
353,353,50685,104,0.125965714,unverified,0.12586354682277512,0.06841641725602374,0,0.123895362,0.846429706,0.2613492862583985,0,-0.00926331617,0.0180244874,0.000281161338,0.0366314538,0.062994644,0.000281161338,3.072508090563169e-07,4.945352638142994e-07,3.088669887456807e-07,0.0,False,2.2396545407804326e-08,3.37591291219078e-08,2.259961005501134e-08,0.0,False,1.7465134110216762e-07,3.383933408197119e-07,1.7759773836949618e-07,0.0,False,1.0,4.945352638142994e-07,4.815353176050165e-07,3.629420058783074e-07,5.038944084875823e-07,5.203291148338368e-07
354,354,50788,104,0.125964805,unverified,0.12484480680155241,0.06825780177852922,0,0.123971686,0.842885792,0.2608178912414003,0,-0.00914669503,0.0180620514,0.000112398804,0.0366411693,0.0629895777,0.000112398819,3.0755710816268827e-07,4.926520615769184e-07,3.0922951590746537e-07,0.0,False,2.245376138217667e-08,3.368638101477124e-08,2.2663332096930254e-08,0.0,False,1.7539191589453667e-07,3.373716517681311e-07,1.7844032879636455e-07,0.0,False,1.0,4.926520615769184e-07,4.797687372940109e-07,3.6204801917678123e-07,5.020279975185652e-07,5.185090993658005e-07
355,355,50891,104,0.125964865,unverified,0.12455090383253292,0.06821177818594394,0,0.123995699,0.841592491,0.2607428129154626,0,-0.00911261514,0.0180729963,0.000305058347,0.0366440788,0.0629880652,0.000305058347,3.078516863791688e-07,4.924236631442255e-07,3.095409167330277e-07,0.0,False,2.248261382319225e-08,3.368415231327868e-08,2.2694093956067847e-08,0.0,False,1.756979717622869e-07,3.3725599438052385e-07,1.7877501471679688e-07,0.0,False,1.0,4.924236631442255e-07,4.794298575219037e-07,3.6204741313972897e-07,5.022089699014784e-07,5.190852587353293e-07
356,356,50993,103,0.125964761,unverified,0.12397132941129713,0.06812041401134497,0,0.124041423,0.838363767,0.26066134906866106,0,-0.00904495455,0.0180943552,0.00011532622,0.0366494842,0.0629852563,0.000115326213,3.0858571498201914e-07,4.923912050447007e-07,3.103101222051989e-07,0.0,False,2.2545546017183995e-08,3.369673505657575e-08,2.276102697791726e-08,0.0,False,1.7635224573558798e-07,3.372554182546124e-07,1.7949008701889752e-07,0.0,False,1.0,4.923912050447007e-07,4.797981161595043e-07,3.623217256531722e-07,5.01410507328246e-07,5.191098039552291e-07
357,357,51096,104,0.125965372,unverified,0.12338848884839292,0.06802747168207723,0,0.124084786,0.838517368,0.2601503977809078,0,-0.00897530839,0.0181163419,0.000286628667,0.0366550833,0.0629823282,0.000286628667,3.0851598773044835e-07,4.908094122057933e-07,3.1027826604642054e-07,0.0,False,2.2565526081790173e-08,3.362737801253113e-08,2.2785396223452876e-08,0.0,False,1.7671407651932288e-07,3.3638754016564347e-07,1.799305724514699e-07,0.0,False,1.0,4.908094122057933e-07,4.779672992211254e-07,3.6132537795288944e-07,5.005865502262037e-07,5.175424577361369e-07
358,358,51198,103,0.125965089,unverified,0.12260732792964674,0.06790275948645648,0,0.124161348,0.834902585,0.25996501945833894,0,-0.00888221059,0.018145293,0.000107207401,0.0366627499,0.0629783496,0.000107207386,3.0942532130151234e-07,4.905463785439665e-07,3.1122162348479027e-07,0.0,False,2.2645190090469488e-08,3.3636989791340496e-08,2.2868433408396574e-08,0.0,False,1.77537316438582e-07,3.362701532762415e-07,1.8079690661947416e-07,0.0,False,1.0,4.905463785439665e-07,4.777350473741064e-07,3.616053353499788e-07,4.992899847205271e-07,5.170990170391145e-07
359,359,51300,103,0.125965029,unverified,0.12233889180556758,0.06785969856966186,0,0.124194197,0.833785772,0.25976925624641023,0,-0.00884988345,0.0181552917,0.000286628812,0.0366654284,0.0629769564,0.000286628812,3.094694692097029e-07,4.90056352166695e-07,3.1127499252716145e-07,0.0,False,2.2656072936811204e-08,3.36153254466125e-08,2.2880285064418724e-08,0.0,False,1.7770045833144723e-07,3.3600080794882254e-07,1.809732402836839e-07,0.0,False,1.0,4.90056352166695e-07,4.774052208046756e-07,3.6133838635114847e-07,4.984122781224255e-07,5.143025352840208e-07
360,360,51402,103,0.125964999,unverified,0.12153906428903655,0.067730381514171,0,0.124272771,0.833750784,0.25940088657791227,0,-0.00875230692,0.0181852728,0.000115326191,0.0366733074,0.0629728511,0.000115326191,3.099236203089303e-07,4.888111911200389e-07,3.117838411853674e-07,0.0,False,2.2715956420236225e-08,3.3571643020615544e-08,2.294632704962549e-08,0.0,False,1.7842577840347303e-07,3.3532973368241576e-07,1.817931120413574e-07,0.0,False,1.0,4.888111911200389e-07,4.7574812427857943e-07,3.6074668933390775e-07,4.983563092410344e-07,5.177829554746518e-07
361,361,51503,102,0.125964746,unverified,0.12114803104599021,0.06766741802504915,0,0.124321915,0.830182314,0.2596141876789921,0,-0.00870426651,0.0181998219,0.000305058347,0.0366777219,0.0629705489,0.000305058347,3.1029482904354406e-07,4.88253831630357e-07,3.1218964360944017e-07,0.0,False,2.276187867197669e-08,3.355943930794008e-08,2.2996130780186518e-08,0.0,False,1.7890915273749277e-07,3.350364684378423e-07,1.8233452900877257e-07,0.0,False,1.0,4.88253831630357e-07,4.759345756209269e-07,3.607087365954525e-07,4.982554835436256e-07,5.175777324411518e-07
362,362,51604,102,0.125965059,unverified,0.12052426389750327,0.06756581525752893,0,0.124411307,0.8273983,0.2592199871484096,0,-0.0086266119,0.0182233434,0.000115326191,0.0366838202,0.0629673749,0.000115326191,3.1076200526585133e-07,4.873619637973808e-07,3.127106938372272e-07,0.0,False,2.2815486982716848e-08,3.353500892880979e-08,2.305568998069762e-08,0.0,False,1.7952573975562742e-07,3.345652049577777e-07,1.8304217056779328e-07,0.0,False,1.0,4.873619637973808e-07,4.751721970472945e-07,3.6049122273805343e-07,4.975931109540299e-07,5.185036221178998e-07
363,363,51705,102,0.125964642,unverified,0.11997115263504705,0.0674752540123677,0,0.124495775,0.826157749,0.25890354047789377,0,-0.0085566109,0.0182441715,0.000286628812,0.0366896391,0.06296435,0.000286628812,3.1113091053756874e-07,4.866666973843137e-07,3.1311346475535777e-07,0.0,False,2.2857561558358968e-08,3.351082991499054e-08,2.3101333312954914e-08,0.0,False,1.800376734254078e-07,3.3419082857534595e-07,1.8361142998652473e-07,0.0,False,1.0,4.866666973843137e-07,4.7456998138172776e-07,3.6020332990963987e-07,4.968448216861594e-07,5.172055590329928e-07
364,364,51806,102,0.125964761,unverified,0.11935013568351469,0.06737247438416004,0,0.124595627,0.825031757,0.2588141121120335,0,-0.00847714394,0.0182677358,0.000112398855,0.0366960056,0.0629610345,0.000112398855,3.119463518007044e-07,4.866433953115997e-07,3.139708029796296e-07,0.0,False,2.29262253051454e-08,3.3523162243304557e-08,2.317451023258406e-08,0.0,False,1.807700644127279e-07,3.3419515775929036e-07,1.8441569742819118e-07,0.0,False,1.0,4.866433953115997e-07,4.740686646221761e-07,3.603782924369083e-07,4.972014880992288e-07,5.187596940066312e-07
365,365,51907,102,0.125964746,unverified,0.11896529650760135,0.06730801788707472,0,0.124662369,0.824003696,0.25871783713462243,0,-0.00842668582,0.0182825644,0.000281161483,0.0367001519,0.0629588813,0.000281161483,3.1235563431555653e-07,4.8634004955881e-07,3.1439119885571954e-07,0.0,False,2.2966521960111034e-08,3.3518640225170654e-08,2.3215692114903466e-08,0.0,False,1.8121505310217934e-07,3.340392385299956e-07,1.8488057361986674e-07,0.0,False,1.0,4.8634004955881e-07,4.7377422029992144e-07,3.603888997200659e-07,4.968096500756873e-07,5.179596579201175e-07
366,366,52008,102,0.125964105,unverified,0.11823667862296787,0.0671855736973075,0,0.124785699,0.821976423,0.2583387916536979,0,-0.00833064876,0.0183104333,9.34446434e-05,0.036707975,0.0629548058,9.3444658e-05,3.1304570332908727e-07,4.856934105450922e-07,3.1512195604779323e-07,0.0,False,2.3034837703817862e-08,3.35032808709873e-08,2.328831415935668e-08,0.0,False,1.819961159489625e-07,3.336999290905573e-07,1.857338908038536e-07,0.0,False,1.0,4.856934105450922e-07,4.731906333364135e-07,3.60256085200911e-07,4.96151077344427e-07,5.165232673899873e-07
367,367,52109,102,0.125964209,unverified,0.11800954052831858,0.06714711118261252,0,0.12482439,0.822710574,0.25834741483176066,0,-0.00830055494,0.0183191672,0.000281161396,0.0367102437,0.0629536286,0.000281161396,3.1353598143187284e-07,4.858907407669367e-07,3.156301837229452e-07,0.0,False,2.307345194111983e-08,3.352280080132838e-08,2.332874759886858e-08,0.0,False,1.823727583310042e-07,3.338222119519772e-07,1.861390283959986e-07,0.0,False,1.0,4.858907407669367e-07,4.7285248096990863e-07,3.605402914876902e-07,4.96651512389904e-07,5.174371534073117e-07
368,368,52209,101,0.125963181,unverified,0.1171315737561721,0.06699821867396506,0,0.124977238,0.819901526,0.25825172947384123,0,-0.0081827268,0.0183527488,0.000112398709,0.0367199183,0.062948592,0.000112398717,3.1466972339563337e-07,4.853731374078875e-07,3.1684218424392654e-07,0.0,False,2.318019128469028e-08,3.352579540493008e-08,2.3443683183287398e-08,0.0,False,1.8351068965991738e-07,3.33568835553311e-07,1.8740367871019911e-07,0.0,False,1.0,4.853731374078875e-07,4.724820081047067e-07,3.606699784697725e-07,4.938697146395376e-07,5.141711632959294e-07
369,369,52309,101,0.125963122,unverified,0.1168857961180517,0.06695578085027465,0,0.125023067,0.819618106,0.25807198213785587,0,-0.00814874005,0.0183623955,0.000296067097,0.036722932,0.0629470199,0.000296067097,3.1446423364124203e-07,4.842829479847797e-07,3.166543829333296e-07,0.0,False,2.3182200967346953e-08,3.347586543617802e-08,2.3447677356576468e-08,0.0,False,1.8362236871364552e-07,3.329654623176118e-07,1.875484560775668e-07,0.0,False,1.0,4.842829479847797e-07,4.7192189862139254e-07,3.6005171415975864e-07,4.929063252614459e-07,5.109871937311352e-07
370,370,52409,101,0.125962868,unverified,0.11621424898770741,0.06683982529708665,0,0.125112608,0.818448544,0.2578905708524334,0,-0.00805629604,0.0183882937,0.000112398688,0.0367304422,0.0629431084,0.000112398688,3.149063605406946e-07,4.831477105474544e-07,3.171439774229542e-07,0.0,False,2.3240759380231808e-08,3.343789933031397e-08,2.3511346298311186e-08,0.0,False,1.843185537152839e-07,3.3235413520519315e-07,1.8832926009571246e-07,0.0,False,1.0,4.831477105474544e-07,4.7110372649980703e-07,3.5967887019714954e-07,4.919041933771842e-07,5.084903858018115e-07
371,371,52509,101,0.125962898,unverified,0.11585020882400547,0.06677677437121111,0,0.12512809,0.816862166,0.25789578462829976,0,-0.00800562091,0.0184023604,0.000281161454,0.0367344953,0.0629409999,0.000281161454,3.157456250769577e-07,4.835143514211973e-07,3.180259157519274e-07,0.0,False,2.3306055095644798e-08,3.347115550351436e-08,2.3581070661399487e-08,0.0,False,1.8496900177270456e-07,3.3257801828115516e-07,1.8905096099292125e-07,0.0,False,1.0,4.835143514211973e-07,4.713604092724889e-07,3.6014429863899977e-07,4.919681846184011e-07,5.096111540275128e-07
372,372,52609,101,0.125963107,unverified,0.11517007860279496,0.06665736192903764,0,0.12514089,0.815887988,0.2577800759497142,0,-0.00790921133,0.0184289142,9.34444979e-05,0.0367424265,0.0629368648,9.34444906e-05,3.161393950555935e-07,4.822507488270583e-07,3.1846789543893804e-07,0.0,False,2.336327007453848e-08,3.34252330678365e-08,2.3643318742075292e-08,0.0,False,1.856718236239367e-07,3.31892844806617e-07,1.8983750241399606e-07,0.0,False,1.0,4.822507488270583e-07,4.703893349206365e-07,3.596208447584387e-07,4.910371367300071e-07,5.069030313581984e-07
373,373,52709,101,0.125962898,unverified,0.11498569063019395,0.06662486668764048,0,0.125138223,0.815433919,0.25773456982821014,0,-0.00788296945,0.0184360351,0.000286628783,0.0367446169,0.0629357323,0.000286628783,3.163545011818264e-07,4.821358402901151e-07,3.186940212357077e-07,0.0,False,2.338281693941659e-08,3.342472746273758e-08,2.366407619398341e-08,0.0,False,1.8588277498636057e-07,3.3183536539503336e-07,1.900656196766894e-07,0.0,False,1.0,4.821358402901151e-07,4.70287816799274e-07,3.596360075702767e-07,4.909809558744593e-07,5.068337248548477e-07
374,374,52808,100,0.125963062,unverified,0.11430002643505512,0.06650312418677314,0,0.125121549,0.812050045,0.25774204123076583,0,-0.00778445229,0.0184627622,0.000115326206,0.0367528349,0.0629314557,0.000115326206,3.175281379717994e-07,4.81946765654713e-07,3.199284059249608e-07,0.0,False,2.348675744035954e-08,3.344712808338913e-08,2.3774090651413954e-08,0.0,False,1.8693875870037073e-07,3.317696348597875e-07,1.9121031537743635e-07,0.0,False,1.0,4.81946765654713e-07,4.701318374973367e-07,3.6002913595138927e-07,4.902386462804633e-07,5.062497204087446e-07
375,375,52907,100,0.12596257,unverified,0.11390002282035193,0.0664316556266553,0,0.125140548,0.812936008,0.2576426651099988,0,-0.00772610307,0.0184782967,0.000305058347,0.0367575288,0.0629290119,0.000305058347,3.177216592959616e-07,4.810618626271579e-07,3.201747295805339e-07,0.0,False,2.352071257389606e-08,3.341366113317054e-08,2.381389011396249e-08,0.0,False,1.873613535473375e-07,3.312871279477946e-07,1.9172285583989898e-07,0.0,False,1.0,4.810618626271579e-07,4.693194732269485e-07,3.5965391505906433e-07,4.895541174929766e-07,5.063339332283678e-07
376,376,53007,101,0.125962302,unverified,0.11344134350832412,0.0663485206880775,0,0.125158504,0.811637878,0.25770790153931694,0,-0.00765751908,0.0184964761,0.000115326198,0.0367626771,0.0629263297,0.000115326184,3.1862781489933765e-07,4.810893863291026e-07,3.2113148738225036e-07,0.0,False,2.3599191113747353e-08,3.3435833185248804e-08,2.3897733927663067e-08,0.0,False,1.881606495844397e-07,3.3132817753520554e-07,1.9260916815833682e-07,0.0,False,1.0,4.810893863291026e-07,4.6936886519163394e-07,3.6004991996592405e-07,4.897697418897135e-07,5.0711901624099e-07
377,377,53106,100,0.125962391,unverified,0.11296913936185733,0.06626302217170882,0,0.12517944,0.81081754,0.257635883799049,0,-0.00758689549,0.0185150877,0.000286628579,0.0367688872,0.0629231036,0.000286628579,3.195314148050918e-07,4.81215129484088e-07,3.220850584481507e-07,0.0,False,2.3673561307934076e-08,3.345885743289747e-08,2.3977181484953218e-08,0.0,False,1.8893512683101582e-07,3.3141969236860913e-07,1.9346578932678324e-07,0.0,False,1.0,4.81215129484088e-07,4.696202740671569e-07,3.603715644850796e-07,4.893374081077851e-07,5.057279233134818e-07
378,378,53205,100,0.125962079,unverified,0.11234876361890249,0.06614961326754874,0,0.125210151,0.809551716,0.2576685887833429,0,-0.00749251107,0.0185395163,0.000107207394,0.0367764309,0.0629191697,0.000107207394,3.207787699764272e-07,4.813150345406866e-07,3.234147322068107e-07,0.0,False,2.3779195014599248e-08,3.349154299237386e-08,2.409160732181252e-08,0.0,False,1.9000660214085734e-07,3.315096903085075e-07,1.9467454572205096e-07,0.0,False,1.0,4.813150345406866e-07,4.696859394073878e-07,3.6089863765725547e-07,4.894343968564354e-07,5.06044539313561e-07
379,379,53304,100,0.125962272,unverified,0.11213915486732368,0.06611034438109381,0,0.125221163,0.808137774,0.2578532503348893,0,-0.00745975086,0.018547995,0.000286628638,0.0367787145,0.0629179925,0.000286628638,3.2168791277187753e-07,4.822026185056214e-07,3.243452761541409e-07,0.0,False,2.3840943529853764e-08,3.354860860307877e-08,2.4155325650677036e-08,0.0,False,1.9056954759599606e-07,3.32022347413194e-07,1.952703556668278e-07,0.0,False,1.0,4.822026185056214e-07,4.700830712408191e-07,3.6169764511360236e-07,4.909151688875619e-07,5.08124810681015e-07
380,380,53403,100,0.12596193,unverified,0.11150742917074756,0.0659922168567615,0,0.125235245,0.806948245,0.2578287741209627,0,-0.00736081973,0.0185731426,0.00011532614,0.0367868505,0.0629137456,0.00011532614,3.2306745387792765e-07,4.825242795394272e-07,3.257909478689171e-07,0.0,False,2.3952485730117182e-08,3.359163457632448e-08,2.4273661926190215e-08,0.0,False,1.9169542644748876e-07,3.3223562182224803e-07,1.9650305272326084e-07,0.0,False,1.0,4.825242795394272e-07,4.702265040964186e-07,3.6232402577476904e-07,4.913446535904813e-07,5.092177361866322e-07
381,381,53502,100,0.125961959,unverified,0.11120471073530129,0.06593481573457292,0,0.125245512,0.806580186,0.2578102156432621,0,-0.00731215253,0.0185854342,0.000305058435,0.0367908031,0.0629116893,0.000305058435,3.235571697468241e-07,4.823088674742103e-07,3.2629146249967056e-07,0.0,False,2.3999120181354886e-08,3.359375883229788e-08,2.4320976814640176e-08,0.0,False,1.9219852935161952e-07,3.3213126106836823e-07,1.9702455922290121e-07,0.0,False,1.0,4.823088674742103e-07,4.702623752234836e-07,3.624099873542593e-07,4.908256796047151e-07,5.079592124510471e-07
382,382,53601,100,0.12596184,unverified,0.11057137238607284,0.06581373329367939,0,0.125254303,0.803760469,0.2580915692609678,0,-0.00720956689,0.0186110064,0.000112398695,0.0367987268,0.0629075617,0.000112398695,3.2500464741209326e-07,4.824734942465688e-07,3.2781299066701003e-07,0.0,False,2.412370957695749e-08,3.363474768829655e-08,2.4452682847829527e-08,0.0,False,1.9345661544748061e-07,3.322633783802422e-07,1.984012177460599e-07,0.0,False,1.0,4.824734942465688e-07,4.7010250028009857e-07,3.630963762878588e-07,4.921107775264608e-07,5.093467971246249e-07
383,383,53700,100,0.125961795,unverified,0.11025901284055117,0.06575385733286006,0,0.12526755,0.80367732,0.258108434123756,0,-0.00715850247,0.0186235886,0.000281161396,0.0368029214,0.0629053786,0.000281161396,3.2549175882808404e-07,4.823369810309212e-07,3.2834540554301636e-07,0.0,False,2.4168466016151335e-08,3.363748988189074e-08,2.450218524215673e-08,0.0,False,1.939395101066769e-07,3.3219823638053874e-07,1.9895679728202497e-07,0.0,False,1.0,4.823369810309212e-07,4.700718252024567e-07,3.631879550851924e-07,4.914199481588731e-07,5.079963378139617e-07
384,384,53798,99,0.125961959,unverified,0.10967230014922716,0.06564011633178451,0,0.125281617,0.803545654,0.2580630841192493,0,-0.0070613604,0.0186473187,9.34445197e-05,0.0368109792,0.0629011914,9.34445197e-05,3.2674101298478665e-07,4.823072760181131e-07,3.296543986433865e-07,0.0,False,2.4276199140445688e-08,3.366660477708411e-08,2.4615727901952174e-08,0.0,False,1.950397445994737e-07,3.322195073846689e-07,2.001489557620943e-07,0.0,False,1.0,4.823072760181131e-07,4.703079732656811e-07,3.636505005872466e-07,4.914971535721498e-07,5.063353205563121e-07
385,385,53896,99,0.125961795,unverified,0.10949299143546297,0.06560470610132021,0,0.125286803,0.803029597,0.2581237740817879,0,-0.00703089172,0.0186546389,0.000281161367,0.0368134454,0.0628999025,0.000281161367,3.2718579788472004e-07,4.823682550005961e-07,3.30118418972877e-07,0.0,False,2.4314030760131273e-08,3.367976855503391e-08,2.4655492060652535e-08,0.0,False,1.9542103775803722e-07,3.322660448319291e-07,2.0056377358585928e-07,0.0,False,1.0,4.823682550005961e-07,4.704416808628179e-07,3.638657237248339e-07,4.915863768529271e-07,5.06491789391887e-07
386,386,53994,99,0.125962153,unverified,0.10878851848060339,0.0654660775202431,0,0.125298694,0.798254371,0.2585308688687315,0,-0.00691174297,0.0186831821,0.000112398695,0.0368228555,0.0628950074,0.000112398695,3.292623629404326e-07,4.832499206273352e-07,3.323317026146991e-07,0.0,False,2.447815962562137e-08,3.376327914769091e-08,2.4833637944474568e-08,0.0,False,1.9703010644010736e-07,3.328073292037313e-07,2.0238938698393226e-07,0.0,False,1.0,4.832499206273352e-07,4.7127709602644826e-07,3.6509130745324916e-07,4.918188940622081e-07,5.058780946348362e-07
387,387,54092,99,0.125961795,unverified,0.10859283125040847,0.06542665820385628,0,0.12530759,0.798096538,0.2583690009910897,0,-0.00687734177,0.0186912343,0.000296067185,0.0368254967,0.0628936365,0.000296067185,3.297369876448061e-07,4.833864298388001e-07,3.3281661307380117e-07,0.0,False,2.4514488414836593e-08,3.377856641724895e-08,2.4870781149630244e-08,0.0,False,1.9740884438794038e-07,3.3289479649562253e-07,2.0278682120794658e-07,0.0,False,1.0,4.833864298388001e-07,4.7124249350094166e-07,3.652983991715874e-07,4.920602668891208e-07,5.058762195358235e-07
388,388,54190,99,0.125961751,unverified,0.10805770226123616,0.06531926543899061,0,0.125333503,0.797078729,0.25877324113912625,0,-0.00678386493,0.0187131129,0.000112398702,0.036833059,0.0628896952,0.000112398688,3.312761486935333e-07,4.838189022375636e-07,3.3444209951905233e-07,0.0,False,2.46418702941704e-08,3.383371597959798e-08,2.500687718537433e-08,0.0,False,1.9865738599341445e-07,3.3317709000349825e-07,2.0417051533821424e-07,0.0,False,1.0,4.838189022375636e-07,4.7166698150591737e-07,3.661572229589125e-07,4.925684208652078e-07,5.063589090718968e-07
389,389,54288,99,0.12596184,unverified,0.10777427808582254,0.06526100658428229,0,0.125347897,0.797080338,0.2586635217761758,0,-0.00673262868,0.0187249724,0.000281161367,0.0368372463,0.0628875121,0.000281161367,3.32058090527522e-07,4.840632189348869e-07,3.352480007612853e-07,0.0,False,2.470306650292638e-08,3.386071840240973e-08,2.5070206022200947e-08,0.0,False,1.992802935672898e-07,3.333324382015875e-07,2.048321093361024e-07,0.0,False,1.0,4.840632189348869e-07,4.7208143157016216e-07,3.665240378635945e-07,4.928195908749437e-07,5.068776504697025e-07
390,390,54385,98,0.1259619,unverified,0.10723001598856778,0.06515007011355926,0,0.125385478,0.797844887,0.25900483743734526,0,-0.00663512805,0.0187471937,9.3444869e-05,0.0368451625,0.062883392,9.3444869e-05,3.336529599340927e-07,4.843928257112578e-07,3.3696064567551696e-07,0.0,False,2.4837198620569897e-08,3.391454494600815e-08,2.5216367794384066e-08,0.0,False,2.0060322610817208e-07,3.3356190476442077e-07,2.063415144449994e-07,0.0,False,1.0,4.843928257112578e-07,4.7255757845078595e-07,3.6736712381714373e-07,4.924818216540412e-07,5.068417447365854e-07
391,391,54482,98,0.125962153,unverified,0.10708608673510088,0.06512018709810358,0,0.125392586,0.797451019,0.25904768326162947,0,-0.00660861749,0.0187532362,0.000286628696,0.0368473344,0.0628822669,0.000286628696,3.339385547433738e-07,4.842738531556775e-07,3.3726317762395467e-07,0.0,False,2.4864852921787298e-08,3.391641341616453e-08,2.5245653435362863e-08,0.0,False,2.0089620842403921e-07,3.335048047921142e-07,2.0666319723978484e-07,0.0,False,1.0,4.842738531556775e-07,4.7270513786712784e-07,3.674293211960196e-07,4.922275090547026e-07,5.064679627341833e-07
392,392,54579,98,0.125961766,unverified,0.10654718759287696,0.06500765374726056,0,0.125409201,0.795132935,0.2592473442359705,0,-0.00650899485,0.0187754873,0.000115326227,0.0368553959,0.0628780723,0.000115326227,3.3557393643187803e-07,4.849115437813498e-07,3.3898069747385836e-07,0.0,False,2.4993770860749006e-08,3.397885231416636e-08,2.538244677047546e-08,0.0,False,2.0217540626628629e-07,3.338986874463655e-07,2.080679795909904e-07,0.0,False,1.0,4.849115437813498e-07,4.7343727743260853e-07,3.6833243780584403e-07,4.931805021719996e-07,5.071070380414755e-07
393,393,54676,98,0.125961721,unverified,0.10628543497322293,0.06495249452551081,0,0.125420451,0.795081854,0.2593835612471311,0,-0.00645998912,0.0187863559,0.000305058376,0.0368594155,0.0628759786,0.000305058376,3.366022755817229e-07,4.85625616728422e-07,3.4004983961050146e-07,0.0,False,2.5068500786530258e-08,3.4030710769238353e-08,2.5461091638130966e-08,0.0,False,2.0289047968126675e-07,3.343175006464915e-07,2.0884591169801456e-07,0.0,False,1.0,4.85625616728422e-07,4.7403385017216157e-07,3.6905887654776863e-07,4.942365606810296e-07,5.08219754410369e-07
394,394,54773,98,0.125961661,unverified,0.10586809623518777,0.06486403474432441,0,0.125463292,0.794392288,0.2596016468505353,0,-0.0063807359,0.0188037399,0.000115326213,0.0368658006,0.0628726482,0.000115326213,3.380028823960725e-07,4.862098354694842e-07,3.415074817767977e-07,0.0,False,2.517888555062769e-08,3.408732606656413e-08,2.557682273745565e-08,0.0,False,2.0397296173608536e-07,3.346774006892222e-07,2.1001791679470792e-07,0.0,False,1.0,4.862098354694842e-07,4.746541412018695e-07,3.698930277768957e-07,4.946742847425286e-07,5.086635727838537e-07
395,395,54870,98,0.125961378,unverified,0.10550386258534887,0.06478543950350418,0,0.125497386,0.793714583,0.2597914016509354,0,-0.00630934257,0.0188191384,0.000286628609,0.0368714631,0.0628697053,0.000286628609,3.3933308359219247e-07,4.86833811577103e-07,3.428923533228672e-07,0.0,False,2.5282436431793452e-08,3.4143624051051924e-08,2.5685437354456595e-08,0.0,False,2.049921437818469e-07,3.350568765278752e-07,2.111278283841827e-07,0.0,False,1.0,4.86833811577103e-07,4.7523978786240176e-07,3.7071766168928647e-07,4.95302791873954e-07,5.095427188605838e-07
396,396,54967,98,0.125961646,unverified,0.10501976153183955,0.06468042593577111,0,0.125502899,0.791933179,0.260297636960641,0,-0.00621400587,0.0188395325,0.000107207408,0.0368787423,0.0628659055,0.000107207416,3.416087415129387e-07,4.882016628507268e-07,3.45266985073827e-07,0.0,False,2.545609810924597e-08,3.42563919884876e-08,2.5868353755035346e-08,0.0,False,2.0664522509760793e-07,3.3587491336640547e-07,2.1293863722302103e-07,0.0,False,1.0,4.882016628507268e-07,4.7607783615240086e-07,3.7234736524203595e-07,4.975119673629659e-07,5.133553507271196e-07
397,397,55064,98,0.125961572,unverified,0.10485376733150593,0.0646439803582408,0,0.125515565,0.791393936,0.2603566089436373,0,-0.00618088618,0.0188464746,0.000286628609,0.0368814059,0.0628645271,0.000286628609,3.4224434471080634e-07,4.88543390031693e-07,3.4592370371855764e-07,0.0,False,2.5504168509242334e-08,3.428486080279366e-08,2.591834788297346e-08,0.0,False,2.0711304188112136e-07,3.360796956868861e-07,2.1343908632879673e-07,0.0,False,1.0,4.88543390031693e-07,4.764204512386082e-07,3.727520630472817e-07,4.978228063048001e-07,5.136482272782025e-07
398,398,55160,97,0.125962302,unverified,0.10436199264077325,0.06453439188248862,0,0.12553373,0.790596604,0.26066448880404414,0,-0.00608097808,0.0188674107,0.000115326198,0.0368895233,0.0628603026,0.000115326198,3.440084238725936e-07,4.891464539008959e-07,3.477554717904086e-07,0.0,False,2.5647179704875807e-08,3.4350441407297465e-08,2.606735697871073e-08,0.0,False,2.0853489130548755e-07,3.3645896586864085e-07,2.1496745174557546e-07,0.0,False,1.0,4.891464539008959e-07,4.775254867880523e-07,3.737276485722264e-07,4.980207592799367e-07,5.130429434904019e-07
399,399,55256,97,0.125961974,unverified,0.10407198389356451,0.06446965580899824,0,0.125542045,0.790592015,0.26092868347979586,0,-0.00602182234,0.0188795179,0.000305058435,0.0368942283,0.0628578439,0.000305058435,3.451576401145909e-07,4.895816855949735e-07,3.489723612231402e-07,0.0,False,2.5739282001860104e-08,3.439841581595819e-08,2.6166068970736073e-08,0.0,False,2.0941822852828554e-07,3.367337663780802e-07,2.1595175831861176e-07,0.0,False,1.0,4.895816855949735e-07,4.781858231917819e-07,3.7444540202801743e-07,4.985074557813188e-07,5.147969917276816e-07
400,400,55352,97,0.125961944,unverified,0.10362160978051732,0.0643675483006732,0,0.125566512,0.790674865,0.2612142923827176,0,-0.00592820207,0.0188985672,0.000112398673,0.0369018316,0.0628538951,0.000112398673,3.469764068214272e-07,4.905984853284863e-07,3.5087613756471913e-07,0.0,False,2.587617372270525e-08,3.4481620206686047e-08,2.6311015544861687e-08,0.0,False,2.1073717931129623e-07,3.373405140068914e-07,2.1739551564029704e-07,0.0,False,1.0,4.905984853284863e-07,4.792661225227346e-07,3.756217516829517e-07,4.996231365640496e-07,5.161779521114035e-07
401,401,55448,97,0.125962019,unverified,0.10337900175932202,0.06431166966517166,0,0.125578895,0.789370954,0.26144840807193614,0,-0.00587664172,0.0189089291,0.000281161279,0.036905773,0.0628518462,0.000281161279,3.481121014562949e-07,4.912116912126241e-07,3.5205484788073987e-07,0.0,False,2.5963193111005895e-08,3.4535887568438874e-08,2.6402048348341045e-08,0.0,False,2.1156120096966927e-07,3.3771155016127744e-07,2.1828411698228902e-07,0.0,False,1.0,4.912116912126241e-07,4.797885689855075e-07,3.7642540719925805e-07,5.000510142229414e-07,5.161643008076782e-07
402,402,55544,97,0.125962004,unverified,0.10292266758907158,0.06420614587456142,0,0.125618652,0.788189948,0.2618800149572619,0,-0.00577853667,0.0189282969,9.34442505e-05,0.036913611,0.0628477633,9.34442505e-05,3.502624030722343e-07,4.923802406607593e-07,3.543084063082624e-07,0.0,False,2.612808759871318e-08,3.4635794169290434e-08,2.6576607866439856e-08,0.0,False,2.1314491660759543e-07,3.384135333108664e-07,2.200251142551734e-07,0.0,False,1.0,4.923802406607593e-07,4.810057148542309e-07,3.778618337438933e-07,5.009907912357438e-07,5.170315412937916e-07
403,403,55640,97,0.125962287,unverified,0.10278037541862066,0.06417310672392965,0,0.125630975,0.78880024,0.26195225452900317,0,-0.00574779371,0.0189343654,0.000281161396,0.0369162634,0.06284637,0.000281161396,3.5071521594069823e-07,4.924865759924118e-07,3.5479816652477804e-07,0.0,False,2.616548236929244e-08,3.4649073144295743e-08,2.6617508823832737e-08,0.0,False,2.1352747693068818e-07,3.384819567453237e-07,2.2046265860461414e-07,0.0,False,1.0,4.924865759924118e-07,4.813978344053987e-07,3.780430357285889e-07,5.009456027984109e-07,5.162189918475228e-07
404,404,55736,97,0.125962213,unverified,0.10223648212098296,0.06404445619737109,0,0.125681922,0.787463486,0.2624543686315568,0,-0.0056274808,0.018957518,0.000112398637,0.0369258039,0.0628414154,0.000112398637,3.5327049867684507e-07,4.938736202922942e-07,3.574680200965045e-07,0.0,False,2.6360051561507106e-08,3.476821737285332e-08,2.682275644040356e-08,0.0,False,2.1538884114570272e-07,3.393158573492535e-07,2.2249620633796804e-07,0.0,False,1.0,4.938736202922942e-07,4.827740764335079e-07,3.7977458559500473e-07,5.019963613475064e-07,5.169469980876844e-07
405,405,55832,97,0.125962451,unverified,0.10208204514175134,0.06400735261679974,0,0.125698045,0.785809636,0.2627551563551778,0,-0.00559278019,0.0189641584,0.000296067097,0.0369282067,0.0628401637,0.000296067097,3.5470638474249165e-07,4.954616868437288e-07,3.5894533568882666e-07,0.0,False,2.6452585752097014e-08,3.486662562972594e-08,2.691898586066008e-08,0.0,False,2.1620578845333118e-07,3.402243785249034e-07,2.233696473860464e-07,0.0,False,1.0,4.954616868437288e-07,4.832311027568178e-07,3.811099496186919e-07,5.050846056212189e-07,5.221738399542555e-07
406,406,55928,97,0.125962377,unverified,0.10166955964027402,0.06390749435804852,0,0.125738323,0.785653412,0.2632150642543868,0,-0.0054984265,0.0189818759,0.000112398622,0.0369357727,0.0628362224,0.000112398622,3.567612108960696e-07,4.965065486678761e-07,3.610972496286704e-07,0.0,False,2.6611303003247822e-08,3.4961101137990356e-08,2.7086695766034556e-08,0.0,False,2.1772383831175507e-07,3.4085769373436697e-07,2.2503866157997333e-07,0.0,False,1.0,4.965065486678761e-07,4.846592357491314e-07,3.8249743244311496e-07,5.056435514180837e-07,5.2185526296425e-07
407,407,56024,97,0.125962317,unverified,0.1014479054707829,0.06385313928313638,0,0.125750467,0.785133541,0.2634982402065899,0,-0.00544671481,0.0189914592,0.000281161483,0.0369398743,0.062834084,0.000281161483,3.5823158901439484e-07,4.977821878924895e-07,3.626304740362812e-07,0.0,False,2.6713573310900485e-08,3.5046192815345805e-08,2.7194721497816675e-08,0.0,False,2.1867143161828361e-07,3.4159335973922163e-07,2.2607907884188634e-07,0.0,False,1.0,4.977821878924895e-07,4.855063153840661e-07,3.8366122904902065e-07,5.073936590066926e-07,5.243101881187086e-07
408,408,56120,97,0.125962377,unverified,0.10103225498538651,0.06374999299490995,0,0.125801563,0.784267902,0.2639204311062647,0,-0.00534835365,0.019009484,9.34446653e-05,0.0369476713,0.0628300309,9.3444658e-05,3.6001033738470893e-07,4.983699167509078e-07,3.6450075086086884e-07,0.0,False,2.6857119577644516e-08,3.5117015409913195e-08,2.7346815471545075e-08,0.0,False,2.2005590699761015e-07,3.4197059870279497e-07,2.276003829090809e-07,0.0,False,1.0,4.983699167509078e-07,4.869355108490437e-07,3.847476720333925e-07,5.071146465254936e-07,5.220004951010727e-07
409,409,56215,96,0.125962168,unverified,0.10090480523638999,0.0637179250071052,0,0.125815153,0.783932805,0.26402952861655693,0,-0.00531751057,0.0190150142,0.000281161221,0.0369502492,0.0628286824,0.000281161221,3.6070211138217727e-07,4.98805233871528e-07,3.652249733693618e-07,0.0,False,2.690822851290414e-08,3.515110013133308e-08,2.7400887935732393e-08,0.0,False,2.2054560713066256e-07,3.4222795983891945e-07,2.2814090139025343e-07,0.0,False,1.0,4.98805233871528e-07,4.874399094177477e-07,3.852368391315266e-07,5.072238708225756e-07,5.216153553545707e-07
410,410,56310,96,0.125962511,unverified,0.10041104984146564,0.06359256578632291,0,0.125833213,0.782547176,0.26464502536582646,0,-0.00519689918,0.0190365594,0.000112398709,0.0369597785,0.0628237277,0.000112398709,3.634420557377376e-07,5.003463516519383e-07,3.6812719273346963e-07,0.0,False,2.7116949626571537e-08,3.5279776399277445e-08,2.7624850651572305e-08,0.0,False,2.2255009688320715e-07,3.431472869874203e-07,2.3040055767119617e-07,0.0,False,1.0,5.003463516519383e-07,4.89393776185199e-07,3.8710714027771577e-07,5.083212315486135e-07,5.215732699775053e-07
411,411,56405,96,0.125962377,unverified,0.10026901436213312,0.06355605554074983,0,0.125854388,0.782249689,0.26493441488254155,0,-0.00516162952,0.0190426707,0.000305058347,0.0369625762,0.0628222674,0.000305058347,3.646285623774454e-07,5.01300035481835e-07,3.6936924547888796e-07,0.0,False,2.7201797449299223e-08,3.534790115206033e-08,2.771469767769226e-08,0.0,False,2.233303690692188e-07,3.437022290302282e-07,2.3126116266168006e-07,0.0,False,1.0,5.01300035481835e-07,4.900301157195942e-07,3.8804078791126904e-07,5.097777990792555e-07,5.238153073980703e-07
412,412,56500,96,0.125962615,unverified,0.09999203538434492,0.06348403424973122,0,0.125897571,0.784365296,0.26540689096990755,0,-0.00509171886,0.0190547835,0.000115326191,0.036968302,0.0628192872,0.000115326191,3.6656105292389894e-07,5.02632807228149e-07,3.714003772654397e-07,0.0,False,2.7344222239342703e-08,3.544926868212177e-08,2.7866074099289467e-08,0.0,False,2.2467126797958183e-07,3.4448501053488404e-07,2.3274862862887788e-07,0.0,False,1.0,5.02632807228149e-07,4.915864490010351e-07,3.894721029582759e-07,5.107129259127377e-07,5.248314528032021e-07
413,413,56595,96,0.125963122,unverified,0.09971464164801723,0.06340968819464271,0,0.125881195,0.783932209,0.2658372278099401,0,-0.00501973927,0.0190671515,0.000286628754,0.0369738415,0.0628164038,0.000286628754,3.686534892715299e-07,5.044578238936617e-07,3.7354097339931254e-07,0.0,False,2.7488823374793963e-08,3.557325259739338e-08,2.801477285984349e-08,0.0,False,2.2598796154115526e-07,3.455387735149774e-07,2.3412832849736672e-07,0.0,False,1.0,5.044578238936617e-07,4.931777774302417e-07,3.9120813688074574e-07,5.125468754518822e-07,5.266127197067293e-07
414,414,56690,96,0.125962988,unverified,0.09933976851491574,0.0633098851846571,0,0.125909135,0.781810582,0.26641401441994556,0,-0.00492358021,0.0190832354,0.000107207452,0.0369815119,0.0628124177,0.000107207466,3.711308876619907e-07,5.060034746205496e-07,3.7613983191999954e-07,0.0,False,2.7673514621737927e-08,3.570003690505448e-08,2.821055010295755e-08,0.0,False,2.2770472286872666e-07,3.4645691076312195e-07,2.3600747209545171e-07,0.0,False,1.0,5.060034746205496e-07,4.944001496235303e-07,3.9300437850132607e-07,5.147495044900689e-07,5.308815402809363e-07
415,415,56785,96,0.125963226,unverified,0.09921265531270711,0.06327563789742391,0,0.125922412,0.781810999,0.26669792334992093,0,-0.00489020441,0.0190888178,0.000286628725,0.0369841903,0.0628110245,0.000286628725,3.7215722491306087e-07,5.067464012512801e-07,3.7721852470521065e-07,0.0,False,2.7748787523717544e-08,3.575451782497934e-08,2.8290571403297907e-08,0.0,False,2.2841563267955038e-07,3.468900609578566e-07,2.3680013676768326e-07,0.0,False,1.0,5.067464012512801e-07,4.951405856072586e-07,3.93778112400708e-07,5.154825020616668e-07,5.314225195056923e-07
416,416,56880,96,0.125963286,unverified,0.09883940212852793,0.06317324286733585,0,0.125956967,0.782555401,0.26729986104078174,0,-0.00478945347,0.0191052202,0.000115326198,0.0369923227,0.0628067851,0.000115326198,3.750203705237067e-07,5.090963260162749e-07,3.801736542201473e-07,0.0,False,2.794938801148996e-08,3.591704298300466e-08,2.8499365111975244e-08,0.0,False,2.3027199603324114e-07,3.482486137189836e-07,2.3879466467611897e-07,0.0,False,1.0,5.090963260162749e-07,4.97450412267797e-07,3.960926159537694e-07,5.175955622513888e-07,5.313093708942912e-07
417,417,56975,96,0.125963569,unverified,0.09865813154517299,0.06312308499542627,0,0.125963569,0.782413304,0.26755667095735647,0,-0.00473989779,0.0191132128,0.000305058376,0.0369962864,0.0628047213,0.000305058376,3.7624724765627675e-07,5.100061973985582e-07,3.8142159721715067e-07,0.0,False,2.803715771790395e-08,3.59836765214254e-08,2.8588729027291906e-08,0.0,False,2.3108615962126842e-07,3.4877886337168016e-07,2.3963952135811473e-07,0.0,False,1.0,5.100061973985582e-07,4.984354442128224e-07,3.970580269527258e-07,5.184352477691456e-07,5.319697724436298e-07
418,418,57070,96,0.125963956,unverified,0.09837011180016751,0.06304224019921026,0,0.125963956,0.781462312,0.2679386709850564,0,-0.00465976493,0.019125944,0.00011532614,0.0370023958,0.0628015473,0.00011532614,3.780950724410267e-07,5.113067279687513e-07,3.833057103224534e-07,0.0,False,2.8170025820253754e-08,3.608212479798124e-08,2.872430956960812e-08,0.0,False,2.3231359939533966e-07,3.4954050881667214e-07,2.4090602400159966e-07,0.0,False,1.0,5.113067279687513e-07,4.995982973672589e-07,3.984556627107499e-07,5.199387635746137e-07,5.346213870422735e-07
419,419,57165,96,0.125964016,unverified,0.09811315918287836,0.06297004026296914,0,0.125964016,0.780959606,0.26838238248938406,0,-0.00458759535,0.0191371534,0.000286628492,0.0370080136,0.0627986193,0.000286628492,3.7988189519751223e-07,5.124188450421792e-07,3.852041598183072e-07,0.0,False,2.8303403822623388e-08,3.6173333059255506e-08,2.8867868734070663e-08,0.0,False,2.3355498154138957e-07,3.5019955005962763e-07,2.4230745870889955e-07,0.0,False,1.0,5.124188450421792e-07,5.007575695045431e-07,3.9976095663819173e-07,5.210525656661559e-07,5.341172321863207e-07
420,420,57259,95,0.125964582,unverified,0.09782636715303758,0.06288793706390047,0,0.125964582,0.782198489,0.26892165707063986,0,-0.00450567948,0.019149797,0.000112398637,0.0370144285,0.0627952814,0.000112398644,3.822658004201214e-07,5.143251944749148e-07,3.8772272728148856e-07,0.0,False,2.8471098365713303e-08,3.630771504864987e-08,2.9047682537098974e-08,0.0,False,2.351107473555082e-07,3.5130292849640843e-07,2.440624400436174e-07,0.0,False,1.0,5.143251944749148e-07,5.02858711208853e-07,4.0165574934407293e-07,5.229592071759307e-07,5.342611730383299e-07
421,421,57353,95,0.125964001,unverified,0.09765025862916582,0.0628362072620176,0,0.125964001,0.781606972,0.26926163829286165,0,-0.00445366511,0.0191575624,0.000281161425,0.0370185375,0.0627931356,0.000281161425,3.8365075946767016e-07,5.154299188161215e-07,3.8915087068012055e-07,0.0,False,2.856884504569403e-08,3.63871277833037e-08,2.9149363292286898e-08,0.0,False,2.3599902307565613e-07,3.5194381542262776e-07,2.450126592556736e-07,0.0,False,1.0,5.154299188161215e-07,5.039266355858065e-07,4.028358095939174e-07,5.243031250973743e-07,5.367704684174222e-07
422,422,57447,95,0.125964016,unverified,0.09732761582810737,0.06273910654218748,0,0.125964016,0.781439424,0.2699783734122472,0,-0.00435476284,0.0191723313,9.34442724e-05,0.0370263234,0.06278909,9.34442724e-05,3.867096442754822e-07,5.176522009953629e-07,3.923673903267754e-07,0.0,False,2.879132818564592e-08,3.654844648326968e-08,2.9385511666315115e-08,0.0,False,2.3812235750458178e-07,3.5323390278055744e-07,2.473897429316582e-07,0.0,False,1.0,5.176522009953629e-07,5.063605920010377e-07,4.051242712380697e-07,5.263454329833381e-07,5.388927857398528e-07
423,423,57541,95,0.125963986,unverified,0.09722546240049346,0.06270858625808858,0,0.125963986,0.7813977,0.2701751432306314,0,-0.00432375213,0.0191768333,0.000281161483,0.037028797,0.0627877936,0.000281161483,3.876020958507202e-07,5.183665497927395e-07,3.9328349836690087e-07,0.0,False,2.885424048459798e-08,3.6599284084739135e-08,2.945040329878981e-08,0.0,False,2.386974224012803e-07,3.536472552891937e-07,2.4799635763248566e-07,0.0,False,1.0,5.183665497927395e-07,5.070777286677992e-07,4.0584588222204523e-07,5.270598273484658e-07,5.395143802418846e-07
424,424,57635,95,0.125964597,unverified,0.09683681937924951,0.06258919424259746,0,0.125964597,0.781437278,0.27108909701492856,0,-0.00420247158,0.0191942211,0.000112398789,0.0370382257,0.0627828911,0.000112398782,3.9121830966966916e-07,5.211069747767411e-07,3.9705870254697585e-07,0.0,False,2.9113449503809256e-08,3.679906943560983e-08,2.9723525564694525e-08,0.0,False,2.4109068522053323e-07,3.5523758430273124e-07,2.5061250127357095e-07,0.0,False,1.0,5.211069747767411e-07,5.097282462844918e-07,4.0868374121905055e-07,5.299781401494968e-07,5.428289359776893e-07
425,425,57729,95,0.125965044,unverified,0.09672627312733072,0.06255462061007856,0,0.125965044,0.781381547,0.27134771484231585,0,-0.00416749483,0.0191992074,0.000296067126,0.0370410308,0.0627814308,0.000296067126,3.92285889204033e-07,5.219471566328107e-07,3.98166175773113e-07,0.0,False,2.918882136014667e-08,3.6859594589815634e-08,2.980234943929387e-08,0.0,False,2.417767408463535e-07,3.5572412568472507e-07,2.5134892137314675e-07,0.0,False,1.0,5.219471566328107e-07,5.105948420101032e-07,4.0953773541658154e-07,5.307128557848282e-07,5.423233481412445e-07
426,426,57823,95,0.125964805,unverified,0.09642755549703955,0.062460093493302726,0,0.125964805,0.779864311,0.2720297975679791,0,-0.00407238537,0.0192122776,0.000112398578,0.0370487012,0.0627774373,0.000112398578,3.9496457803639454e-07,5.241017284868084e-07,4.0091343928356544e-07,0.0,False,2.9376871556202022e-08,3.7016268736903204e-08,2.9996196680295645e-08,0.0,False,2.434547017572279e-07,3.569734892676355e-07,2.5310056846523073e-07,0.0,False,1.0,5.241017284868084e-07,5.122855104100299e-07,4.1179489136035054e-07,5.329105624988245e-07,5.454052697005922e-07
427,427,57917,95,0.125965223,unverified,0.09627331459120737,0.062409230286548954,0,0.125965223,0.779180348,0.27237405363261746,0,-0.00402028253,0.0192194358,0.000281161454,0.0370530039,0.0627751946,0.000281161454,3.964603000216358e-07,5.251938579110393e-07,4.02454020599598e-07,0.0,False,2.9485262301087837e-08,3.7096909558303654e-08,3.010796921323771e-08,0.0,False,2.444739641701242e-07,3.5760771236590944e-07,2.5418870865021346e-07,0.0,False,1.0,5.251938579110393e-07,5.136225777503275e-07,4.129497137584648e-07,5.3342922079764e-07,5.455752568731192e-07
428,428,58011,95,0.125965491,unverified,0.09597395666021616,0.062313325492126266,0,0.125965491,0.779168487,0.2730459381356573,0,-0.00392115396,0.0192325972,9.34444834e-05,0.0370606892,0.0627712011,9.34444834e-05,3.9917452711856593e-07,5.275660147540673e-07,4.05202848725116e-07,0.0,False,2.9671079057122926e-08,3.726186812824796e-08,3.0296569188517805e-08,0.0,False,2.461086432002587e-07,3.5897252666148783e-07,2.558518251958215e-07,0.0,False,1.0,5.275660147540673e-07,5.159592837049054e-07,4.1535006709073534e-07,5.354420162980004e-07,5.47379147759776e-07
429,429,58105,95,0.12596567,unverified,0.09589453635645301,0.06228742554292156,0,0.12596567,0.779467463,0.27323059981318165,0,-0.0038941938,0.0192361418,0.000286628579,0.0370628238,0.0627700835,0.000286628579,4.0002229470439293e-07,5.283498565331083e-07,4.0608883624924407e-07,0.0,False,2.972812127661914e-08,3.731307494765975e-08,3.035694736118688e-08,0.0,False,2.4662911521555596e-07,3.594193251749703e-07,2.5642761330652804e-07,0.0,False,1.0,5.283498565331083e-07,5.167920009620439e-07,4.1608285813833953e-07,5.360977918486407e-07,5.47811187531208e-07
430,430,58198,94,0.12596643,unverified,0.09560036517352383,0.06218985235717688,0,0.12596643,0.779642522,0.2740457001755876,0,-0.00379296346,0.0192492623,0.000115326198,0.037071079,0.062765792,0.000115326198,4.0359943784185213e-07,5.314146522162432e-07,4.0987980356102586e-07,0.0,False,2.997539433859643e-08,3.7522105556726374e-08,3.062337183400558e-08,0.0,False,2.4890505650257354e-07,3.611755540004236e-07,2.5902909456838977e-07,0.0,False,1.0,5.314146522162432e-07,5.197355367906151e-07,4.190238798673382e-07,5.394338255634483e-07,5.52247581959608e-07
431,431,58291,94,0.125966415,unverified,0.09545808992525846,0.06214210011422269,0,0.125966415,0.780145049,0.2744177328512838,0,-0.00374315819,0.0192555133,0.000305058347,0.0370747074,0.0627638921,0.000305058347,4.0494868851888957e-07,5.324853926186576e-07,4.112767119836759e-07,0.0,False,3.007046573052125e-08,3.75997709400665e-08,3.072259495742501e-08,0.0,False,2.4976058763534374e-07,3.6179439086896957e-07,2.5995002678859406e-07,0.0,False,1.0,5.324853926186576e-07,5.209169060755344e-07,4.201708700053954e-07,5.403367407677924e-07,5.529697019254413e-07
432,432,58384,94,0.12596713,unverified,0.09523848196615128,0.06206593576684846,0,0.12596713,0.780205786,0.27504625490727264,0,-0.0036626521,0.01926562,0.000115326198,0.0370809473,0.0627606511,0.000115326191,4.07560702272607e-07,5.346226854212988e-07,4.140026511831273e-07,0.0,False,3.0253564423711285e-08,3.774833086075333e-08,3.091536046294888e-08,0.0,False,2.5146039254882875e-07,3.630212806283688e-07,2.6183205055220125e-07,0.0,False,1.0,5.346226854212988e-07,5.23131322806649e-07,4.2231115789546565e-07,5.422989323363827e-07,5.555675192103763e-07
433,433,58477,94,0.125966907,unverified,0.09504042083485922,0.06199706398692835,0,0.125966907,0.780895948,0.27541412619682343,0,-0.00359014305,0.0192743614,0.000286628725,0.0370866433,0.0627576858,0.000286628725,4.08973462286119e-07,5.355699245761775e-07,4.154648950782026e-07,0.0,False,3.035418838981083e-08,3.782565280933577e-08,3.1020668475979706e-08,0.0,False,2.5234353155394535e-07,3.6357922634855054e-07,2.6276594400132774e-07,0.0,False,1.0,5.355699245761775e-07,5.244402150354056e-07,4.2347107184747657e-07,5.436941218556347e-07,5.559048913225692e-07
434,434,58570,94,0.125967368,unverified,0.09478551705086012,0.06190522367336937,0,0.125967368,0.781087101,0.276155693012209,0,-0.00349333836,0.0192859415,0.000107207416,0.0370943733,0.0627536625,0.000107207408,4.11985864980568e-07,5.382798616696608e-07,4.1856524049709856e-07,0.0,False,3.0558928103509226e-08,3.801023138766402e-08,3.123286004193009e-08,0.0,False,2.541610974189553e-07,3.651289172695324e-07,2.6469596305056157e-07,0.0,False,1.0,5.382798616696608e-07,5.268382280290355e-07,4.2613428361388156e-07,5.466289448384526e-07,5.5930217341643e-07
435,435,58663,94,0.125967383,unverified,0.09469921887396886,0.06187323276403238,0,0.125967383,0.780080974,0.2764418515823696,0,-0.00345972553,0.0192898568,0.000286628667,0.037096791,0.0627523959,0.000286628667,4.131384630162921e-07,5.392796412321359e-07,4.1976023043447833e-07,0.0,False,3.063797348961492e-08,3.807999251729758e-08,3.131547657288496e-08,0.0,False,2.548671334267622e-07,3.657026012381883e-07,2.654578976136589e-07,0.0,False,1.0,5.392796412321359e-07,5.277206239158259e-07,4.271103586822229e-07,5.482295655057159e-07,5.598300013120417e-07
436,436,58755,93,0.125967219,unverified,0.09444508230801181,0.06177747615551129,0,0.125967219,0.779882491,0.2771265432857874,0,-0.00335830171,0.0193013903,0.000115326242,0.0371050835,0.062748082,0.000115326242,4.1619039368100535e-07,5.420319907930365e-07,4.2289719964322174e-07,0.0,False,3.084470099304273e-08,3.826560777828842e-08,3.1529350510889745e-08,0.0,False,2.5671470629772165e-07,3.6727256597090614e-07,2.6741756767717956e-07,0.0,False,1.0,5.420319907930365e-07,5.305632978708142e-07,4.297671579443089e-07,5.511889158476387e-07,5.630749684889963e-07
437,437,58847,93,0.125967681,unverified,0.09432107067465875,0.06173044008172466,0,0.125967681,0.779776633,0.2775456545721853,0,-0.00330842705,0.0193070602,0.000305058347,0.0371089876,0.0627460554,0.000305058347,4.1776868743276037e-07,5.434751043879666e-07,4.245266767372812e-07,0.0,False,3.095172927311968e-08,3.836328461766991e-08,3.164080723783451e-08,0.0,False,2.576599228025028e-07,3.680955604139321e-07,2.684309300997916e-07,0.0,False,1.0,5.434751043879666e-07,5.319313859592848e-07,4.3119790340856964e-07,5.528764148265877e-07,5.64306560882091e-07
438,438,58939,93,0.125967801,unverified,0.09407144637893351,0.061632187058998256,0,0.125967801,0.77941215,0.27842301280460563,0,-0.00320331473,0.0193184204,0.00011239868,0.0371173956,0.0627416745,0.00011239868,4.2108713337126317e-07,5.464809809280902e-07,4.2794425060454e-07,0.0,False,3.117831388224464e-08,3.856699319554617e-08,3.187580885521996e-08,0.0,False,2.5967266142142315e-07,3.6980865196592326e-07,2.7057889933968394e-07,0.0,False,1.0,5.464809809280902e-07,5.349653369470154e-07,4.3416784383457636e-07,5.557359187606227e-07,5.671429436079225e-07
439,439,59031,93,0.125968382,unverified,0.09394886976857691,0.06158319638120427,0,0.125968382,0.780610025,0.27874672774463893,0,-0.00315102609,0.0193240587,0.000281161396,0.0371212065,0.0627396852,0.000281161396,4.2273242320771464e-07,5.481099425822294e-07,4.2963392252707647e-07,0.0,False,3.128541794058126e-08,3.8670383431139586e-08,3.198640403943421e-08,0.0,False,2.6063166616270236e-07,3.707285687397063e-07,2.715942872408819e-07,0.0,False,1.0,5.481099425822294e-07,5.362524000069808e-07,4.355985987405172e-07,5.577977394025268e-07,5.696817788130478e-07
440,440,59123,93,0.125968844,unverified,0.0937262091002481,0.06149111958455787,0,0.125968844,0.780794442,0.27955892116642495,0,-0.00305155548,0.0193343218,9.3444447e-05,0.0371289626,0.0627356544,9.34444397e-05,4.2581769973919597e-07,5.50832413210372e-07,4.327655615824946e-07,0.0,False,3.1497516199784016e-08,3.885549900723247e-08,3.220166807527876e-08,0.0,False,2.6254133936148503e-07,3.722791807986206e-07,2.735679694616985e-07,0.0,False,1.0,5.50832413210372e-07,5.390636968485392e-07,4.383208239982947e-07,5.603162278303217e-07,5.72566332153451e-07
441,441,59215,93,0.125969157,unverified,0.09365613513682136,0.06146225318036273,0,0.125969157,0.781413078,0.27972150426948866,0,-0.00302038179,0.0193374977,0.000281161454,0.0371314995,0.0627343357,0.000281161454,4.2659862157883526e-07,5.514546688207217e-07,4.3358421293005057e-07,0.0,False,3.1551448965607475e-08,3.8899903638045014e-08,3.225885218725383e-08,0.0,False,2.6303228500288047e-07,3.7263615752344525e-07,2.741090537612299e-07,0.0,False,1.0,5.514546688207217e-07,5.396873723169735e-07,4.3896252530229564e-07,5.607501551651714e-07,5.732336462647131e-07
442,442,59307,93,0.125970006,unverified,0.09339618649825514,0.061349950359616594,0,0.125970006,0.781638205,0.28074395824702253,0,-0.00289845932,0.0193495881,0.000112398593,0.0371412188,0.0627292767,0.0001123986,4.303206808032511e-07,5.54672477201497e-07,4.373476525051347e-07,0.0,False,3.180926909381954e-08,3.9123056085917295e-08,3.251902954005138e-08,0.0,False,2.653434872878476e-07,3.7447245177436074e-07,2.7647471490694495e-07,0.0,False,1.0,5.54672477201497e-07,5.429508385711343e-07,4.4228791184054665e-07,5.638712391823944e-07,5.772142092704461e-07
443,443,59399,93,0.125970125,unverified,0.09332154105557246,0.06131763852157194,0,0.125970125,0.781548798,0.28098012528780825,0,-0.00286329072,0.0193529651,0.000296067185,0.037143942,0.0627278537,0.000296067185,4.3159043770815196e-07,5.55990662324718e-07,4.3864690770523336e-07,0.0,False,3.189080243679308e-08,3.9205217789786046e-08,3.260298393173109e-08,0.0,False,2.660656472282486e-07,3.7521323567797954e-07,2.772380202964287e-07,0.0,False,1.0,5.55990662324718e-07,5.440855052203401e-07,4.4341053980655173e-07,5.656056864504428e-07,5.787527937844946e-07
444,444,59491,93,0.125970975,unverified,0.09312188563534016,0.06122989445589457,0,0.125970975,0.781933486,0.28181185813665,0,-0.00276771886,0.0193620641,0.000112398717,0.0371514037,0.0627239645,0.000112398717,4.345447896424675e-07,5.585404146844474e-07,4.4165955525998414e-07,0.0,False,3.20951731013221e-08,3.9382556926399e-08,3.281180106219052e-08,0.0,False,2.6789326153428495e-07,3.7666734156609513e-07,2.791503731868331e-07,0.0,False,1.0,5.585404146844474e-07,5.465064473670161e-07,4.4608299804919885e-07,5.679448250557682e-07,5.829140204277909e-07
445,445,59583,93,0.125970826,unverified,0.09301596902855881,0.06118240581866331,0,0.125970826,0.781772792,0.28220885954974295,0,-0.00271533988,0.019366784,0.000281161338,0.0371555761,0.0627217963,0.000281161338,4.3634046715558423e-07,5.601641675524645e-07,4.435303614061805e-07,0.0,False,3.221601287193956e-08,3.949100338556318e-08,3.293918827654601e-08,0.0,False,2.6898326257499973e-07,3.77587503967809e-07,2.8035470133325156e-07,0.0,False,1.0,5.601641675524645e-07,5.484689295672264e-07,4.4760683922705707e-07,5.692292663293175e-07,5.835042725875642e-07
446,446,59675,93,0.125971586,unverified,0.0928150283718716,0.06109215651970482,0,0.125971586,0.782081366,0.2831246587096205,0,-0.00261574495,0.0193757601,9.34443742e-05,0.0371632762,0.0627177879,9.34443669e-05,4.397328167625116e-07,5.631118504297367e-07,4.4707669198218957e-07,0.0,False,3.244868806759434e-08,3.969467272775201e-08,3.318513176867108e-08,0.0,False,2.710643756318021e-07,3.7926494284781354e-07,2.8265501894127124e-07,0.0,False,1.0,5.631118504297367e-07,5.511796275024471e-07,4.505823386416022e-07,5.727464768747119e-07,5.873615256454379e-07
447,447,59767,93,0.125971645,unverified,0.09276358614001083,0.06106760542248916,0,0.125971645,0.782087028,0.28334139228483723,0,-0.0025886537,0.0193780977,0.000286628638,0.0371653996,0.0627166852,0.000286628638,4.4041866377973654e-07,5.637343651821925e-07,4.4777148353022904e-07,0.0,False,3.249576198335594e-08,3.973773295034017e-08,3.3232931628381495e-08,0.0,False,2.7146914696312295e-07,3.7961880541785735e-07,2.830676745697672e-07,0.0,False,1.0,5.637343651821925e-07,5.519105215067216e-07,4.5125621793182483e-07,5.732552055666955e-07,5.87293986855818e-07
448,448,59858,92,0.125971958,unverified,0.09256998397684783,0.06097504478181441,0,0.125971958,0.782751918,0.2841715671036934,0,-0.00248693605,0.0193866659,0.00011532622,0.0371736437,0.0627123937,0.000115326213,4.432937052729712e-07,5.664587195569206e-07,4.5070278272896726e-07,0.0,False,3.2689110099688086e-08,3.992346743063102e-08,3.3431071784233285e-08,0.0,False,2.7311689141165303e-07,3.811642554689705e-07,2.847739162182803e-07,0.0,False,1.0,5.664587195569206e-07,5.554184238546279e-07,4.540602714373223e-07,5.743051437638504e-07,5.867672036572559e-07
449,449,59949,92,0.125972658,unverified,0.09247570795372563,0.06092958498113637,0,0.125972658,0.781992853,0.28446967326343653,0,-0.00243691704,0.0193908792,0.000305058347,0.0371773764,0.0627104491,0.000305058347,4.451035229067161e-07,5.686800295687836e-07,4.5256583293293294e-07,0.0,False,3.2796061622863495e-08,4.005300624714252e-08,3.354242475636472e-08,0.0,False,2.740211745891312e-07,3.823982035799031e-07,2.857340976107797e-07,0.0,False,1.0,5.686800295687836e-07,5.563426201977295e-07,4.5582347079463846e-07,5.778567645124999e-07,5.902059198607528e-07
450,450,60040,92,0.125972867,unverified,0.09232994170559562,0.06085668038947795,0,0.125972867,0.78241998,0.285047002304922,0,-0.00235602935,0.0193972476,0.000115326184,0.0371835865,0.0627072155,0.000115326191,4.4712211655918537e-07,5.705119266658513e-07,4.545943998360546e-07,0.0,False,3.29334908841932e-08,4.017925371830181e-08,3.368031046419209e-08,0.0,False,2.7521199494780506e-07,3.8343781373828043e-07,2.8692835464971387e-07,0.0,False,1.0,5.705119266658513e-07,5.581286934033525e-07,4.5776961893477973e-07,5.797565317600444e-07,5.91698066923032e-07
451,451,60131,92,0.125973746,unverified,0.09220217678319703,0.06079126785951969,0,0.125973746,0.782127142,0.2856334388873679,0,-0.00228321808,0.0194029529,0.000286628667,0.037189506,0.062704131,0.000286628667,4.4937876110584314e-07,5.727839579041934e-07,4.568932179317007e-07,0.0,False,3.308131695538949e-08,4.032623561676292e-08,3.383169339394366e-08,0.0,False,2.7648912869904477e-07,3.847150090545968e-07,2.8826413699863055e-07,0.0,False,1.0,5.727839579041934e-07,5.604336690468987e-07,4.5995083510940606e-07,5.819088766573401e-07,5.938351789536724e-07
452,452,60222,92,0.125974417,unverified,0.09203584716254558,0.06070467681657722,0,0.125974417,0.783116937,0.28641948865869804,0,-0.00218598987,0.0194101539,0.000107207343,0.0371969789,0.0627002418,0.000107207336,4.523574096017687e-07,5.756277875893477e-07,4.599662340719836e-07,0.0,False,3.327957455829083e-08,4.051572236109331e-08,3.403803660218914e-08,0.0,False,2.782162621160884e-07,3.863194011177405e-07,2.901271891925718e-07,0.0,False,1.0,5.756277875893477e-07,5.632152868717073e-07,4.62761039015015e-07,5.847015866064221e-07,5.96522269318557e-07
453,453,60313,92,0.125974745,unverified,0.09198080522229267,0.06067486293737382,0,0.125974745,0.78346926,0.28670069297673706,0,-0.00215223921,0.0194126014,0.000286628609,0.0371996388,0.0626988634,0.000286628609,4.5335687294654435e-07,5.76600728904186e-07,4.6098603475225786e-07,0.0,False,3.334609390263374e-08,4.0579901784496487e-08,3.410622048798565e-08,0.0,False,2.787937646590218e-07,3.868670928470967e-07,2.907354227268525e-07,0.0,False,1.0,5.76600728904186e-07,5.641606759177815e-07,4.637391743831519e-07,5.857276820709234e-07,5.97382128500563e-07
454,454,60404,92,0.125975728,unverified,0.0918181672514053,0.06058508446833141,0,0.125975728,0.784504354,0.2876049657377017,0,-0.00205041538,0.0194197949,0.000115326198,0.0372077003,0.0626946688,0.000115326184,4.567753999761534e-07,5.803127080322675e-07,4.6443399212367646e-07,0.0,False,3.356442591447951e-08,4.081540948324366e-08,3.432677688727593e-08,0.0,False,2.806261167446579e-07,3.889447279708328e-07,2.9259674313383693e-07,0.0,False,1.0,5.803127080322675e-07,5.679112926834408e-07,4.6724412953492364e-07,5.904252205572483e-07,6.037945426661321e-07
455,455,60494,91,0.125975743,unverified,0.09173724173370708,0.06054100923589829,0,0.125975743,0.783876002,0.28792577461050717,0,-0.00200033025,0.0194231328,0.000305058347,0.0372114033,0.0626927316,0.000305058347,4.5795511401187627e-07,5.814199839323882e-07,4.6569181334134093e-07,0.0,False,3.3642887037652394e-08,4.088935605374746e-08,3.4412140388644315e-08,0.0,False,2.813059716565801e-07,3.895681384156057e-07,2.9338090552433986e-07,0.0,False,1.0,5.814199839323882e-07,5.688595387334641e-07,4.6833053406975977e-07,5.914475772091057e-07,6.054440224155126e-07
456,456,60584,91,0.125976622,unverified,0.09158167354935806,0.060448645677072824,0,0.125976622,0.784533262,0.28853993255378324,0,-0.0018948348,0.019430086,0.000112398688,0.0372196734,0.0626884326,0.000112398695,4.6044918403888186e-07,5.839021074974728e-07,4.683047230790438e-07,0.0,False,3.380620183136981e-08,4.104858406934528e-08,3.4585597399901324e-08,0.0,False,2.8274445705450993e-07,3.9095761115459523e-07,2.949934396334501e-07,0.0,False,1.0,5.839021074974728e-07,5.715891660728649e-07,4.707595641795665e-07,5.93560916571245e-07,6.068040002947315e-07
457,457,60674,91,0.125976443,unverified,0.09150920299530536,0.060402889492829695,0,0.125976443,0.784987152,0.28888119830752645,0,-0.00184234034,0.0194332767,0.000281161454,0.0372237787,0.0626863018,0.000281161454,4.6174143056570647e-07,5.852534311167537e-07,4.6959692583379026e-07,0.0,False,3.38901851710267e-08,4.113485263838134e-08,3.466934041448602e-08,0.0,False,2.834625292861387e-07,3.9171314572423395e-07,2.957132175215941e-07,0.0,False,1.0,5.852534311167537e-07,5.730628837307648e-07,4.720895666062107e-07,5.947292956639061e-07,6.084046657407199e-07
458,458,60764,91,0.125977203,unverified,0.09137081354234533,0.06031571274974984,0,0.125977203,0.785553098,0.2895864231258021,0,-0.00174252526,0.0194393415,9.34444397e-05,0.0372315906,0.0626822263,9.34444397e-05,4.644096263801117e-07,5.88223862881286e-07,4.722777214337836e-07,0.0,False,3.4059332421652353e-08,4.1321340810060143e-08,3.483941543426585e-08,0.0,False,2.8486639372737983e-07,3.933694434714065e-07,2.971248756781637e-07,0.0,False,1.0,5.88223862881286e-07,5.756917497909726e-07,4.749298885112504e-07,5.981728997630983e-07,6.129280935822632e-07
459,459,60854,91,0.125977248,unverified,0.09132906231480525,0.060288433786292346,0,0.125977248,0.785815954,0.2899023208998463,0,-0.00171124015,0.0194411147,0.000281161425,0.0372340567,0.0626809448,0.000281161425,4.6551332179850317e-07,5.894405309496418e-07,4.7337904381040205e-07,0.0,False,3.413000149314606e-08,4.1398574083155986e-08,3.4909826372320324e-08,0.0,False,2.8544960117291864e-07,3.9404840546841493e-07,2.9770024731837647e-07,0.0,False,1.0,5.894405309496418e-07,5.767626652347861e-07,4.761132983578014e-07,5.996812408922133e-07,6.14081539241773e-07
460,460,60944,91,0.125977889,unverified,0.09117840294483552,0.06018207779198,0,0.125977889,0.785559595,0.2907627066197418,0,-0.00158890395,0.0194478333,0.000112398659,0.0372439846,0.0626757741,0.000112398673,4.684561551717452e-07,5.922717107375074e-07,4.7630030280475127e-07,0.0,False,3.432707904251603e-08,4.1592563426754175e-08,3.510447300013731e-08,0.0,False,2.8711089618233666e-07,3.9564527657107267e-07,2.9932384317122006e-07,0.0,False,1.0,5.922717107375074e-07,5.79855186161351e-07,4.791012595583525e-07,6.031188608381107e-07,6.185921055975535e-07
461,461,61034,91,0.12597838,unverified,0.09113441713968472,0.060151490129544745,0,0.12597838,0.786574543,0.29106896381203123,0,-0.00155362498,0.0194497444,0.000296067126,0.0372466817,0.0626743734,0.000296067126,4.6973117105666806e-07,5.939020644845067e-07,4.775897895537493e-07,0.0,False,3.440284675721031e-08,4.1688055031894506e-08,3.518141221822482e-08,0.0,False,2.877283199894918e-07,3.9654483129619813e-07,2.9995636643511214e-07,0.0,False,1.0,5.939020644845067e-07,5.81197867322881e-07,4.805229342968001e-07,6.048823805096129e-07,6.200216107265942e-07
462,462,61124,91,0.125978827,unverified,0.09102507465555289,0.060069293844139504,0,0.125978827,0.786598802,0.29174994943931326,0,-0.00145773671,0.0194544494,0.000112398673,0.0372542441,0.062670432,0.000112398673,4.7213035838234163e-07,5.96449503775011e-07,4.799757550194804e-07,0.0,False,3.455869740445412e-08,4.185207827312087e-08,3.533565713000214e-08,0.0,False,2.890379759900337e-07,3.9796696321703764e-07,3.012514478718619e-07,0.0,False,1.0,5.96449503775011e-07,5.8378722425635e-07,4.830761188460133e-07,6.073027824476275e-07,6.234823961308719e-07
463,463,61214,91,0.125979617,unverified,0.09096827758913861,0.06002436459897626,0,0.125979617,0.786600769,0.29205772778159295,0,-0.0014052086,0.0194570273,0.000281161425,0.0372584015,0.0626682639,0.000281161425,4.732547991943975e-07,5.976128778342393e-07,4.810814387192716e-07,0.0,False,3.463246050552364e-08,4.1927038198102406e-08,3.5407290264139926e-08,0.0,False,2.89667671858424e-07,3.98616015188508e-07,3.018562659026376e-07,0.0,False,1.0,5.976128778342393e-07,5.850633656738036e-07,4.842395532731432e-07,6.080079636103483e-07,6.241029314216384e-07
464,464,61304,91,0.125980154,unverified,0.09085873400562153,0.05993894628667027,0,0.125980154,0.787225366,0.2928245848553528,0,-0.00130530854,0.0194614735,9.34444397e-05,0.0372663178,0.0626641437,9.34444397e-05,4.7608797680520586e-07,6.007896892172994e-07,4.839451420812402e-07,0.0,False,3.4811277905385125e-08,4.2126328909614615e-08,3.558865244881881e-08,0.0,False,2.911479001655427e-07,4.003816120916409e-07,3.0337741357003575e-07,0.0,False,1.0,6.007896892172994e-07,5.881498561971289e-07,4.872712048204556e-07,6.112629721319076e-07,6.277251875873254e-07
465,465,61394,91,0.125980392,unverified,0.09082651422201943,0.059912250304021815,0,0.125980392,0.787713826,0.29292894510606676,0,-0.00127400248,0.0194628257,0.000281161454,0.0372688137,0.0626628473,0.000281161454,4.769229174112942e-07,6.017929354391046e-07,4.847828005033728e-07,0.0,False,3.48604548893855e-08,4.218639534204444e-08,3.5638014752425325e-08,0.0,False,2.9155766576992526e-07,4.009361349469377e-07,3.037919584026541e-07,0.0,False,1.0,6.017929354391046e-07,5.89136258374435e-07,4.880883195467199e-07,6.121256448184518e-07,6.288499260627886e-07
466,466,61484,91,0.125981182,unverified,0.09070650503627967,0.05980818731530751,0,0.125981182,0.788000941,0.29381980696018944,0,-0.00115158269,0.0194677841,0.000112398651,0.037278574,0.062657766,0.000112398644,4.800376975766607e-07,6.05181102790102e-07,4.879371337648582e-07,0.0,False,3.505988698631576e-08,4.240246436001824e-08,3.5840791492455274e-08,0.0,False,2.932105057711293e-07,4.02820994378098e-07,3.0549690751874974e-07,0.0,False,1.0,6.05181102790102e-07,5.927250474037399e-07,4.914084201009476e-07,6.158667983392072e-07,6.312426424021284e-07
467,467,61574,91,0.125981227,unverified,0.09068254717886598,0.05978657475698221,0,0.125981227,0.788000882,0.2940081210088731,0,-0.001125991,0.0194687415,0.000305058347,0.0372807384,0.062656641,0.000305058347,4.805733212952464e-07,6.056567818446249e-07,4.884886363716994e-07,0.0,False,3.509709930622731e-08,4.243610255098562e-08,3.587934655698662e-08,0.0,False,2.935290018886929e-07,4.0308915199016975e-07,3.0583887057695667e-07,0.0,False,1.0,6.056567818446249e-07,5.934613203149579e-07,4.919503350811143e-07,6.161718807479031e-07,6.314951599898192e-07
468,468,61663,90,0.125981957,unverified,0.09060860671899543,0.059718042789280036,0,0.125981957,0.790061057,0.2946962729983085,0,-0.0010449097,0.019471772,0.000115326227,0.0372868851,0.0626534373,0.000115326227,4.832352142586184e-07,6.089139759326203e-07,4.911859306512239e-07,0.0,False,3.525943878471636e-08,4.263041244999079e-08,3.604433944656676e-08,0.0,False,2.948682427114878e-07,4.04883481516094e-07,3.072231773734e-07,0.0,False,1.0,6.089139759326203e-07,5.960893385038016e-07,4.94866618518246e-07,6.194563698160998e-07,6.347050086187617e-07
469,469,61752,90,0.125982106,unverified,0.09054085321865557,0.059656159115094004,0,0.125982106,0.791064918,0.29537296977800287,0,-0.000971913803,0.0194741413,0.000286628696,0.037292283,0.0626506358,0.000286628696,4.849697080619371e-07,6.108332864216202e-07,4.929219886035272e-07,0.0,False,3.5371916254729674e-08,4.2757290517931944e-08,3.615721992641658e-08,0.0,False,2.9574041469826235e-07,4.059544849678936e-07,3.0808621819658247e-07,0.0,False,1.0,6.108332864216202e-07,5.980253486249175e-07,4.969861177289819e-07,6.201389560948347e-07,6.344073349346274e-07
470,470,61841,90,0.125983089,unverified,0.09046041424109391,0.059574050085154,0,0.125983089,0.792180777,0.29616023265043834,0,-0.000874467019,0.0194772147,0.000107207357,0.0372998789,0.0626466721,0.000107207365,4.878221985908411e-07,6.142704842603774e-07,4.957867734051852e-07,0.0,False,3.5546219379866814e-08,4.2968469653326066e-08,3.633262389813651e-08,0.0,False,2.971261441243655e-07,4.0785314808247557e-07,3.0947281554259567e-07,0.0,False,1.0,6.142704842603774e-07,6.006365913997161e-07,5.001854736409706e-07,6.246764120662749e-07,6.397098804563733e-07
471,471,61930,90,0.125983343,unverified,0.09043371916501168,0.059545636006464286,0,0.125983343,0.792167187,0.29629440546712627,0,-0.000840641675,0.0194781777,0.000286628667,0.037302617,0.0626452416,0.000286628667,4.883618451535034e-07,6.149378465320464e-07,4.963118394595168e-07,0.0,False,3.557869145592974e-08,4.300955874266516e-08,3.63637476443527e-08,0.0,False,2.9737634098518846e-07,4.0822171773269157e-07,3.0969892641117726e-07,0.0,False,1.0,6.149378465320464e-07,6.014684355177848e-07,5.007995854534633e-07,6.250146307401664e-07,6.398098309144476e-07
472,472,62019,90,0.125984058,unverified,0.0903592345212473,0.05946012999652091,0,0.125984058,0.792613864,0.29684176356399355,0,-0.000738597533,0.0194808003,0.000115326191,0.037310686,0.0626410469,0.000115326191,4.906810443915348e-07,6.179194449230864e-07,4.985712563616968e-07,0.0,False,3.571556145168149e-08,4.3187964565300986e-08,3.649531308844115e-08,0.0,False,2.9844216009860413e-07,4.0986170200902114e-07,3.1067702460474593e-07,0.0,False,1.0,6.179194449230864e-07,6.042262809572091e-07,5.034773056733067e-07,6.282454745164458e-07,6.447325015766552e-07
473,473,62108,90,0.125984907,unverified,0.09032384383596362,0.059418304534243765,0,0.125984907,0.791545749,0.29715828768340286,0,-0.000688417989,0.0194820892,0.000305058347,0.0373149924,0.0626388118,0.000305058347,4.915677757101094e-07,6.188393887675193e-07,4.995025913551608e-07,0.0,False,3.577438597641657e-08,4.3253677376967776e-08,3.655835673528501e-08,0.0,False,2.9888948600103993e-07,4.1037999616247663e-07,3.111775538455922e-07,0.0,False,1.0,6.188393887675193e-07,6.057073483786962e-07,5.045492378838739e-07,6.285891411541001e-07,6.438732750357576e-07
474,474,62197,90,0.125985101,unverified,0.09027226896418732,0.05935129471613808,0,0.125985101,0.791987419,0.29766092160554036,0,-0.000607296533,0.0194837283,0.000115326206,0.037321344,0.0626355037,0.000115326213,4.933420128423574e-07,6.21118347568717e-07,5.012590764838219e-07,0.0,False,3.588083971843779e-08,4.33910547638033e-08,3.666325270462691e-08,0.0,False,2.997181999424038e-07,4.1163316231234766e-07,3.119867522625487e-07,0.0,False,1.0,6.21118347568717e-07,6.079813989631842e-07,5.067204655205341e-07,6.309357103460035e-07,6.465975881084119e-07
475,475,62286,90,0.12598592,unverified,0.09023107158581502,0.05929119934237193,0,0.12598592,0.792477787,0.29821378868427856,0,-0.000534276594,0.0194851793,0.000286628696,0.0373269543,0.0626325831,0.000286628696,4.950175422116556e-07,6.232163899760227e-07,5.028549993787178e-07,0.0,False,3.598442472210067e-08,4.351818736199292e-08,3.675941790154419e-08,0.0,False,3.005386827217974e-07,4.1278659653348334e-07,3.1270341798778944e-07,0.0,False,1.0,6.232163899760227e-07,6.101721030853022e-07,5.088032894825834e-07,6.326066065167446e-07,6.493253635044139e-07
476,476,62375,90,0.125986189,unverified,0.09018434885477783,0.059223200919775336,0,0.125986189,0.793738842,0.2986811822618182,0,-0.000451400818,0.0194864925,0.000112398673,0.0373335816,0.0626291335,0.000112398673,4.966225086732561e-07,6.252974717173787e-07,5.044287538681104e-07,0.0,False,3.608007802841563e-08,4.3644852924889923e-08,3.6852332359143046e-08,0.0,False,3.012607482279267e-07,4.139313256982483e-07,3.1337860601467944e-07,0.0,False,1.0,6.252974717173787e-07,6.122913233394866e-07,5.108076415415314e-07,6.349097008111874e-07,6.522340277795282e-07
477,477,62464,90,0.125986427,unverified,0.09015748051801886,0.059180219613787735,0,0.125986427,0.794216752,0.2990183488746052,0,-0.000398814474,0.0194872301,0.000281161425,0.0373376645,0.0626270026,0.000281161425,4.977313307286661e-07,6.2671834443426e-07,5.055292084110074e-07,0.0,False,3.61472234245103e-08,4.3730911676109664e-08,3.6918686329210215e-08,0.0,False,3.0178176874007545e-07,4.1471181530625784e-07,3.1388868353579556e-07,0.0,False,1.0,6.2671834443426e-07,6.136606015153307e-07,5.121811002882265e-07,6.365368218377972e-07,6.541612875776392e-07
478,478,62552,89,0.125987068,unverified,0.09010925980544664,0.05909791136178617,0,0.125987068,0.796453416,0.2997847201643381,0,-0.00029882291,0.0194884315,9.34444979e-05,0.0373452082,0.0626230761,9.34444906e-05,5.003197648859327e-07,6.303695615506894e-07,5.081549448661935e-07,0.0,False,3.62955241520739e-08,4.394276875775822e-08,3.7070328710649716e-08,0.0,False,3.028924992215448e-07,4.1670540272358e-07,3.1503914893163436e-07,0.0,False,1.0,6.303695615506894e-07,6.160640135270241e-07,5.155367102736782e-07,6.423458060992995e-07,6.607893853006782e-07
479,479,62640,89,0.125987038,unverified,0.09009663381950479,0.05907231922281614,0,0.125987038,0.796744883,0.29998203232392867,0,-0.000267488853,0.0194886886,0.000281161425,0.0373477563,0.0626217574,0.000281161425,5.009186205103406e-07,6.311381047168495e-07,5.087433772080437e-07,0.0,False,3.6331878990540225e-08,4.398997447650965e-08,3.710581328702406e-08,0.0,False,3.0316651554598716e-07,4.1712780362501307e-07,3.1529799757554725e-07,0.0,False,1.0,6.311381047168495e-07,6.169638682550061e-07,5.163007001176602e-07,6.430181090200638e-07,6.613621333866621e-07
480,480,62728,89,0.125987932,unverified,0.09004960774918955,0.05897224103312497,0,0.125987932,0.798182845,0.30062534953927533,0,-0.000144971607,0.0194896143,0.000112398724,0.0373573154,0.0626167729,0.000112398717,5.031617879624582e-07,6.344643806843434e-07,5.109082197760401e-07,0.0,False,3.645738963340407e-08,4.41816792443154e-08,3.722453101872845e-08,0.0,False,3.040615582415715e-07,4.189404219926946e-07,3.160785504070966e-07,0.0,False,1.0,6.344643806843434e-07,6.201053143064328e-07,5.19404901985076e-07,6.463749635038886e-07,6.65178618663887e-07
481,481,62816,89,0.125987768,unverified,0.09003603210133061,0.05894344228599971,0,0.125987768,0.79857111,0.3006977566022862,0,-0.000109641362,0.0194896981,0.000296067126,0.0373602584,0.0626152456,0.000296067126,5.031903655391837e-07,6.345229332500459e-07,5.109275971823563e-07,0.0,False,3.645959887214299e-08,4.418988069318582e-08,3.7226449059697743e-08,0.0,False,3.040305191505759e-07,4.18977927529011e-07,3.1603645686187553e-07,0.0,False,1.0,6.345229332500459e-07,6.208527898541112e-07,5.196441193899464e-07,6.457045247168614e-07,6.635823914328326e-07
482,482,62904,89,0.125988156,unverified,0.0900030258474547,0.05886524795651046,0,0.125988156,0.799523234,0.3012171550617265,0,-1.3637924e-05,0.0194899216,0.000112398673,0.0373679474,0.0626112372,0.000112398673,5.049072278488862e-07,6.370627069419655e-07,5.126224693097791e-07,0.0,False,3.655537469999503e-08,4.4337836331894485e-08,3.73208483284251e-08,0.0,False,3.046968207930738e-07,4.2036289929874097e-07,3.166706202798914e-07,0.0,False,1.0,6.370627069419655e-07,6.232779425849238e-07,5.220464484619792e-07,6.484673146291828e-07,6.661170385620066e-07
483,483,62992,89,0.125988558,unverified,0.08998901996955616,0.05882290945021503,0,0.125988558,0.800314963,0.3015534238576852,0,3.89534907e-05,0.0194899179,0.000281161425,0.0373719335,0.0626091659,0.000281161425,5.061098112738871e-07,6.38658684759087e-07,5.137977306791728e-07,0.0,False,3.662634261971467e-08,4.443269792010599e-08,3.738922739074727e-08,0.0,False,3.05245523248618e-07,4.212352599702841e-07,3.1718462071740807e-07,0.0,False,1.0,6.38658684759087e-07,6.247705745841289e-07,5.235496551083906e-07,6.501812809007985e-07,6.683310418659607e-07
484,484,63080,89,0.125989318,unverified,0.0899690737188759,0.05874293021160186,0,0.125989318,0.801195443,0.30201828156317473,0,0.000138951771,0.0194895696,9.34444324e-05,0.037379995,0.0626049712,9.34444397e-05,5.076514284935108e-07,6.409867559059147e-07,5.152693899189104e-07,0.0,False,3.671296946308816e-08,4.4566219784459186e-08,3.746940547342383e-08,0.0,False,3.058720747248536e-07,4.225009641753983e-07,3.1772192321184257e-07,0.0,False,1.0,6.409867559059147e-07,6.272642567611196e-07,5.257746906194056e-07,6.523629999653714e-07,6.719201243985362e-07
485,485,63168,89,0.12598978,unverified,0.08996274281575689,0.05872111439509757,0,0.12598978,0.80142957,0.30208689166259217,0,0.000166143116,0.0194894765,0.000286628696,0.0373821706,0.0626038387,0.000286628696,5.077528629990183e-07,6.413060754837424e-07,5.153261923129042e-07,0.0,False,3.6715881683849894e-08,4.4584495624665e-08,3.746839611849025e-08,0.0,False,3.0583703971574146e-07,4.2267439338999685e-07,3.1761715310864553e-07,0.0,False,1.0,6.413060754837424e-07,6.276437498892317e-07,5.261251322410693e-07,6.524334545420721e-07,6.712954813946423e-07
486,486,63256,89,0.125990435,unverified,0.08994223919493231,0.05863909801446038,0,0.125990435,0.802356362,0.30239468959182736,0,0.000268217642,0.0194886755,0.000115326206,0.0373903625,0.062599577,0.000115326213,5.084801681347593e-07,6.430423669513948e-07,5.159726675432567e-07,0.0,False,3.6744108309475e-08,4.468131163505104e-08,3.749027969098809e-08,0.0,False,3.0584609938781884e-07,4.236144228636019e-07,3.1749902659848213e-07,0.0,False,1.0,6.430423669513948e-07,6.297970403737416e-07,5.278702588912542e-07,6.537675954540021e-07,6.722121333807307e-07
487,487,63344,89,0.125990972,unverified,0.08993335147370485,0.058598725309837445,0,0.125990972,0.802780867,0.3025326620341755,0,0.00031841165,0.019488208,0.000305058376,0.0373943299,0.0625975057,0.000305058376,5.089708941491467e-07,6.441494699921912e-07,5.164299429174915e-07,0.0,False,3.676334206442552e-08,4.4739375662790885e-08,3.75068713210862e-08,0.0,False,3.0590714206658566e-07,4.242093573191956e-07,3.175135226055835e-07,0.0,False,1.0,6.441494699921912e-07,6.308861399836114e-07,5.288776292585142e-07,6.547163013007509e-07,6.730070469384528e-07
488,488,63431,88,0.125991553,unverified,0.08992529566758532,0.05853424081618344,0,0.125991553,0.803472221,0.3027898212802746,0,0.000399543904,0.0194872636,0.000115326198,0.0374007002,0.0625941902,0.000115326198,5.105247293433097e-07,6.467649162216818e-07,5.179523995612398e-07,0.0,False,3.683970843701906e-08,4.488046845297094e-08,3.7580266291855216e-08,0.0,False,3.0643567089879164e-07,4.256199977430297e-07,3.1800148291731343e-07,0.0,False,1.0,6.467649162216818e-07,6.330244281292512e-07,5.30953298348464e-07,6.578126377640061e-07,6.77808810546525e-07
489,489,63519,89,0.125991538,unverified,0.08992290580864586,0.058477203461787614,0,0.125991538,0.804511249,0.3032550650684796,0,0.000472569867,0.0194861572,0.000286628696,0.0374062546,0.0625912994,0.000286628696,5.117124541572225e-07,6.484972552134867e-07,5.191295597576227e-07,0.0,False,3.690930161951468e-08,4.4981130601327806e-08,3.7648751447881845e-08,0.0,False,3.0695510225547494e-07,4.265611097774211e-07,3.1852799776498205e-07,0.0,False,1.0,6.484972552134867e-07,6.347400799506666e-07,5.327787308457655e-07,6.592039796307653e-07,6.796372411868882e-07
490,490,63607,89,0.125992119,unverified,0.08992216507687449,0.05840128867327988,0,0.125992119,0.805822253,0.30359937029020945,0,0.000570051256,0.0194845181,0.000107207299,0.037413884,0.0625873283,0.000107207292,5.129469491167965e-07,6.506279894658213e-07,5.203410133011627e-07,0.0,False,3.6971970273555615e-08,4.50988297744997e-08,3.77093403621949e-08,0.0,False,3.0736264293436514e-07,4.2771170607521817e-07,3.189157957075021e-07,0.0,False,1.0,6.506279894658213e-07,6.369757934250666e-07,5.347298338523568e-07,6.610648543603193e-07,6.809680210739366e-07
491,491,63695,89,0.125992104,unverified,0.08992346766632758,0.05837471128622858,0,0.125992104,0.806265712,0.3036615860359613,0,0.000603882596,0.0194838066,0.000286628667,0.0374165662,0.062585935,0.000286628667,5.13134980948645e-07,6.51322916593823e-07,5.204364939736317e-07,0.0,False,3.697355815394409e-08,4.51339738854031e-08,3.7702777838133075e-08,0.0,False,3.0727274363083003e-07,4.280831539554862e-07,3.186867414261468e-07,0.0,False,1.0,6.51322916593823e-07,6.375437276051977e-07,5.353588030718292e-07,6.617819577410973e-07,6.818709550197362e-07
492,492,63783,89,0.125993088,unverified,0.08992939856346133,0.05829458524555577,0,0.125993088,0.807326674,0.30397673995065094,0,0.000705937913,0.0194816645,0.00011532622,0.0374245383,0.0625817776,0.000115326213,5.141870678418348e-07,6.53624233833374e-07,5.213777587088427e-07,0.0,False,3.701595321326514e-08,4.5257410711037186e-08,3.773599935629652e-08,0.0,False,3.074067831308529e-07,4.2932100730673793e-07,3.1866533757803504e-07,0.0,False,1.0,6.53624233833374e-07,6.397385651830012e-07,5.374804950373782e-07,6.643742128221234e-07,6.847295694828517e-07
493,493,63870,88,0.12599282,unverified,0.08993756063280108,0.05824743655735803,0,0.12599282,0.808272421,0.30407506396136125,0,0.000766299781,0.0194801111,0.000305058347,0.0374295115,0.0625791997,0.000305058347,5.146869473112851e-07,6.549242085951075e-07,5.218027960318742e-07,0.0,False,3.7031183396628165e-08,4.532343848854403e-08,3.7744582205853806e-08,0.0,False,3.074078685069942e-07,4.3001560222179464e-07,3.185554168230602e-07,0.0,False,1.0,6.549242085951075e-07,6.410739183207543e-07,5.38552945016605e-07,6.657500994432803e-07,6.859052532137404e-07
494,494,63957,88,0.125992835,unverified,0.08995208424528085,0.05817280720870041,0,0.125992835,0.809412897,0.30443066141739905,0,0.000861804234,0.0194775481,0.000112398673,0.0374370478,0.0625752807,0.000112398673,5.159002774962698e-07,6.573939731712182e-07,5.229181073347691e-07,0.0,False,3.708326112481013e-08,4.545742215729934e-08,3.778836195891439e-08,0.0,False,3.076256913442638e-07,4.313448366836911e-07,3.186292705093227e-07,0.0,False,1.0,6.573939731712182e-07,6.434600320151617e-07,5.407867370373369e-07,6.683146656121097e-07,6.892276878245556e-07
495,495,64044,88,0.125992909,unverified,0.08996326545838731,0.05813209256206175,0,0.125992909,0.810006499,0.304593123781318,0,0.000914373144,0.0194760095,0.000281161454,0.0374411456,0.0625731423,0.000281161454,5.164433605046647e-07,6.585773125213485e-07,5.234222444629065e-07,0.0,False,3.710543461423385e-08,4.5519453947158205e-08,3.780720648029876e-08,0.0,False,3.077136134230562e-07,4.319785461754768e-07,3.1866054714349553e-07,0.0,False,1.0,6.585773125213485e-07,6.447539902797896e-07,5.418490574990566e-07,6.690726243582477e-07,6.901207483422403e-07
496,496,64131,88,0.12599279,unverified,0.08998838154873016,0.0580549697091639,0,0.12599279,0.808994591,0.30488459003242335,0,0.00101431878,0.0194727443,9.34444543e-05,0.0374488086,0.0625691488,9.34444543e-05,5.176832215131811e-07,6.613937145763984e-07,5.245819501832219e-07,0.0,False,3.7151999729950604e-08,4.566250978898929e-08,3.7846500132918753e-08,0.0,False,3.0789511906031163e-07,4.334815378878575e-07,3.1872178600868966e-07,0.0,False,1.0,6.613937145763984e-07,6.470168784896484e-07,5.442403040907729e-07,6.722870868625002e-07,6.944693783300075e-07
497,497,64218,88,0.125993043,unverified,0.08999413908108668,0.05803075146071501,0,0.125993043,0.810999572,0.30497454796276396,0,0.00104563718,0.0194717217,0.000281161425,0.0374514833,0.0625677556,0.000281161425,5.174269462332835e-07,6.610913083341587e-07,5.243425702017578e-07,0.0,False,3.713834182467753e-08,4.565332477267727e-08,3.7834549508743386e-08,0.0,False,3.0771131046744125e-07,4.333275023690716e-07,3.1854879224567774e-07,0.0,False,1.0,6.610913083341587e-07,6.467719671927624e-07,5.442208351370024e-07,6.722374029575798e-07,6.958400701574138e-07
498,498,64305,88,0.125993416,unverified,0.09003477557832555,0.057936990201292636,0,0.125993416,0.813008606,0.30533877560219214,0,0.00116807199,0.019467134,0.000112398688,0.0374611281,0.0625627413,0.000112398688,5.186184678281623e-07,6.638398235910884e-07,5.254219777296079e-07,0.0,False,3.718432989507048e-08,4.579647957053414e-08,3.787042472648178e-08,0.0,False,3.078662892838643e-07,4.347972317347382e-07,3.1854563675093526e-07,0.0,False,1.0,6.638398235910884e-07,6.49353575772269e-07,5.467019640897184e-07,6.752768392872444e-07,7.002570391880936e-07
499,499,64392,88,0.125993773,unverified,0.09004736007505892,0.057909909361131155,0,0.125993773,0.813587487,0.30544207569521176,0,0.00120337622,0.0194657743,0.000296067155,0.037463963,0.0625612661,0.000296067155,5.190797263087693e-07,6.648915613329256e-07,5.258500097149337e-07,0.0,False,3.720138731630622e-08,4.584998752748088e-08,3.788448823851345e-08,0.0,False,3.0792894217581895e-07,4.3535803530379543e-07,3.1855945810114246e-07,0.0,False,1.0,6.648915613329256e-07,6.502324772685137e-07,5.475899530141319e-07,6.76380409965775e-07,7.013320985775768e-07
500,500,64479,88,0.125993937,unverified,0.09008479393091645,0.057836262390968146,0,0.125993937,0.814167023,0.30567787625266507,0,0.00129929499,0.0194617473,0.000112398644,0.0374715105,0.0625573322,0.000112398644,5.197697410201519e-07,6.668077562346761e-07,5.264222123897802e-07,0.0,False,3.722019950439284e-08,4.5948411681374046e-08,3.7893210118184067e-08,0.0,False,3.078719089549066e-07,4.3638043718928036e-07,3.1833511592703584e-07,0.0,False,1.0,6.668077562346761e-07,6.522705101120781e-07,5.493612202282163e-07,6.78400926092299e-07,7.030594884810745e-07
501,501,64566,88,0.125993922,unverified,0.0901074480430344,0.057795911084165985,0,0.125993922,0.814991713,0.30585363570659047,0,0.00135183497,0.0194594171,0.000281161425,0.0374756381,0.0625551865,0.000281161425,5.203661652505413e-07,6.68210681514324e-07,5.269556578891965e-07,0.0,False,3.724147897808207e-08,4.602126978165912e-08,3.7908848407217684e-08,0.0,False,3.079206601965927e-07,4.3712974387220774e-07,3.1828903003827334e-07,0.0,False,1.0,6.68210681514324e-07,6.534504641092113e-07,5.506094057846931e-07,6.798412549710521e-07,7.049967861823857e-07
502,502,64653,88,0.125994191,unverified,0.09014778964929956,0.05772017350189571,0,0.125994191,0.815718532,0.305997578270215,0,0.0014517263,0.0194547866,9.34445197e-05,0.0374835841,0.0625510439,9.34445125e-05,5.211333948001886e-07,6.704754350926341e-07,5.276035606751118e-07,0.0,False,3.725698037027289e-08,4.6132512702746824e-08,3.791375594457249e-08,0.0,False,3.0782283409112023e-07,4.383317547311963e-07,3.180163558109724e-07,0.0,False,1.0,6.704754350926341e-07,6.555991287164579e-07,5.5247433198532e-07,6.824521366379421e-07,7.074485056104192e-07
503,503,64740,88,0.125994116,unverified,0.09015943628936318,0.057699746740847255,0,0.125994116,0.815960646,0.306040836180339,0,0.00147888355,0.0194534212,0.000286628667,0.0374857001,0.0625499487,0.000286628667,5.213354815317612e-07,6.71088717260383e-07,5.277842793088571e-07,0.0,False,3.726077616551288e-08,4.616260269952036e-08,3.7915744009148106e-08,0.0,False,3.0779513194570467e-07,4.3865714942838063e-07,3.179616181257056e-07,0.0,False,1.0,6.71088717260383e-07,6.56223634729877e-07,5.530371274099909e-07,6.830981632999495e-07,7.08062745011937e-07
504,504,64827,88,0.125994742,unverified,0.09020739587717856,0.05762304921895194,0,0.125994742,0.816142917,0.3061299488181769,0,0.00158083299,0.0194483027,0.00011532622,0.037493743,0.0625457615,0.000115326213,5.219810100433171e-07,6.733397973462425e-07,5.283492800833014e-07,0.0,False,3.7266030367063356e-08,4.6268239756814675e-08,3.791419724659959e-08,0.0,False,3.076217136249698e-07,4.398451419832354e-07,3.176864280049112e-07,0.0,False,1.0,6.733397973462425e-07,6.584366236676091e-07,5.549258110756925e-07,6.857163461157085e-07,7.103742605358641e-07
505,505,64914,88,0.125994727,unverified,0.09023065443950794,0.05758520212360873,0,0.125994727,0.817957163,0.3060993948492996,0,0.0016309541,0.0194455609,0.000305058347,0.0374976322,0.0625437349,0.000305058347,5.220230648668825e-07,6.741581320695544e-07,5.28338758171971e-07,0.0,False,3.725048431225481e-08,4.630305639849295e-08,3.789396922013158e-08,0.0,False,3.073677917433911e-07,4.402728832204974e-07,3.1735196775194345e-07,0.0,False,1.0,6.741581320695544e-07,6.591091917162365e-07,5.555287784314421e-07,6.864150255381563e-07,7.111018756576591e-07
506,506,65000,87,0.125995085,unverified,0.09027097024072253,0.05752393399866614,0,0.125995085,0.820029616,0.3061833732713981,0,0.00171196484,0.0194410179,0.000115326213,0.0375040658,0.0625403896,0.000115326213,5.22961417106338e-07,6.767150717126122e-07,5.291834431021868e-07,0.0,False,3.727238153403533e-08,4.6426383529697276e-08,3.790761688423758e-08,0.0,False,3.073319527317924e-07,4.4162527107858524e-07,3.1717026417340414e-07,0.0,False,1.0,6.767150717126122e-07,6.613170565449059e-07,5.574966412308397e-07,6.889928484363108e-07,7.138705407167829e-07
507,507,65086,87,0.125995591,unverified,0.09031272727236918,0.057469401026864986,0,0.125995591,0.821008205,0.3061851236413771,0,0.00178487867,0.0194368269,0.000286628696,0.0375100039,0.0625372976,0.000286628696,5.231808191529696e-07,6.781156869326609e-07,5.293675115752306e-07,0.0,False,3.725943792268511e-08,4.6487235294802356e-08,3.7891796431158895e-08,0.0,False,3.0706388541347485e-07,4.423577294607566e-07,3.168551871201841e-07,0.0,False,1.0,6.781156869326609e-07,6.629445467281807e-07,5.586209268509034e-07,6.902627732099732e-07,7.154778171132408e-07
508,508,65172,87,0.125995174,unverified,0.09036682601081124,0.05739698745166701,0,0.125995174,0.821662724,0.30643246889795134,0,0.00188218791,0.0194308013,0.000107207314,0.0375175215,0.0625333861,0.000107207321,5.240650938769221e-07,6.80509538045711e-07,5.301839222244903e-07,0.0,False,3.7282404827196414e-08,4.6608137973627934e-08,3.7908733524481686e-08,0.0,False,3.070204642637905e-07,4.436294476130861e-07,3.1670800231716454e-07,0.0,False,1.0,6.80509538045711e-07,6.64683729592924e-07,5.607706684356077e-07,6.928389611695515e-07,7.181503465537281e-07
509,509,65258,87,0.125995338,unverified,0.09038702432684555,0.057371900404938864,0,0.125995338,0.822242618,0.3064658066830875,0,0.00191596209,0.0194287114,0.000286628667,0.0375202298,0.0625319779,0.000286628667,5.242651582663685e-07,6.812652826415412e-07,5.303494562223414e-07,0.0,False,3.728211632399367e-08,4.664421294967561e-08,3.790547600231711e-08,0.0,False,3.069288359661713e-07,4.4402837479323404e-07,3.165654470198251e-07,0.0,False,1.0,6.812652826415412e-07,6.653851827032406e-07,5.614102003292679e-07,6.936890431993572e-07,7.190230550861331e-07
510,510,65344,87,0.125995278,unverified,0.0904544996292152,0.057297060443601514,0,0.125995278,0.823867202,0.3064435178004961,0,0.00201781606,0.0194219593,0.000115326206,0.0375283211,0.0625277609,0.000115326213,5.244216572188563e-07,6.829855747579262e-07,5.303662660210394e-07,0.0,False,3.725556677776187e-08,4.6719353644283217e-08,3.786620756020054e-08,0.0,False,3.0646240894560207e-07,4.4492821548869776e-07,3.158954135905648e-07,0.0,False,1.0,6.829855747579262e-07,6.673184863446e-07,5.628481088864981e-07,6.954182181147048e-07,7.200793580803037e-07
511,511,65430,87,0.125995532,unverified,0.09048941116213197,0.05726036924366077,0,0.125995532,0.82405591,0.3064249069626872,0,0.00206789724,0.0194185656,0.000305058347,0.0375323631,0.0625256598,0.000305058347,5.246174299807493e-07,6.840837619365261e-07,5.305061564522477e-07,0.0,False,3.724678548003087e-08,4.676700762755204e-08,3.785202755064978e-08,0.0,False,3.062734199524284e-07,4.4550203950135255e-07,3.1562398566324164e-07,0.0,False,1.0,6.840837619365261e-07,6.681420296587877e-07,5.636735327068649e-07,6.968555084008007e-07,7.208841285109154e-07
512,512,65516,87,0.125995487,unverified,0.0905644712550938,0.057182808133376964,0,0.125995487,0.826652825,0.306417719223343,0,0.00217335648,0.0194110852,0.000112398702,0.0375406556,0.0625213385,0.000112398695,5.250907666642817e-07,6.864183836422775e-07,5.308862113878704e-07,0.0,False,3.723238258258756e-08,4.687083610956314e-08,3.7829654609718295e-08,0.0,False,3.0589393425302544e-07,4.467241836628832e-07,3.151144346913659e-07,0.0,False,1.0,6.864183836422775e-07,6.704617443967237e-07,5.65531481374806e-07,6.994263982968935e-07,7.245883876575485e-07
513,513,65602,87,0.125995293,unverified,0.09060311739425701,0.0571443248096827,0,0.125995293,0.825659692,0.3064798440680471,0,0.00222580577,0.0194072239,0.000281161483,0.0375448763,0.0625191405,0.000281161483,5.253066613723082e-07,6.872957932189118e-07,5.310371464429245e-07,0.0,False,3.7230686677034146e-08,4.69149059541081e-08,3.7821725585821566e-08,0.0,False,3.057582773373355e-07,4.471896766386426e-07,3.1487384672302133e-07,0.0,False,1.0,6.872957932189118e-07,6.711282291050235e-07,5.663335284853349e-07,7.004415478656799e-07,7.255473807679885e-07
514,514,65687,86,0.125995263,unverified,0.09067875980931143,0.057071683957696726,0,0.125995263,0.826143444,0.3062415838531043,0,0.00232551992,0.0193996802,9.34445779e-05,0.0375530273,0.0625149012,9.34445779e-05,5.254804115413174e-07,6.893277875151095e-07,5.311034757412213e-07,0.0,False,3.7193557516889246e-08,4.6997881496752603e-08,3.77750566285569e-08,0.0,False,3.0519388055128635e-07,4.4824514861157397e-07,3.1414461104362816e-07,0.0,False,1.0,6.893277875151095e-07,6.730749349112589e-07,5.675211010437539e-07,7.025317899992328e-07,7.261094063595207e-07
515,515,65773,87,0.125995085,unverified,0.09069947817435269,0.05704884675470217,0,0.125995085,0.826779664,0.30627436275759395,0,0.00235675625,0.0193971973,0.000281161425,0.0375554077,0.0625136644,0.000281161454,5.257033496051975e-07,6.900415468049819e-07,5.313476278129369e-07,0.0,False,3.719528182254983e-08,4.703194799568448e-08,3.777935533260346e-08,0.0,False,3.051348745614027e-07,4.486212418312468e-07,3.141207600259701e-07,0.0,False,1.0,6.900415468049819e-07,6.737881455420659e-07,5.680965372285887e-07,7.030683733398626e-07,7.260324203522667e-07
516,516,65858,86,0.125995412,unverified,0.09079947381711485,0.05696024440256371,0,0.125995412,0.829379678,0.30634015550522037,0,0.00247888546,0.0193874091,0.000112398709,0.0375649929,0.0625086725,0.000112398709,5.265372560260966e-07,6.931692429258063e-07,5.320850776913475e-07,0.0,False,3.7194210248682537e-08,4.7174579234807405e-08,3.776966440188001e-08,0.0,False,3.048301465988679e-07,4.5026013681247197e-07,3.136787640818795e-07,0.0,False,1.0,6.931692429258063e-07,6.765450252356191e-07,5.70671700060005e-07,7.06241865062981e-07,7.311560276619084e-07
517,517,65943,86,0.125995204,unverified,0.09083301952542064,0.05693472345682433,0,0.125995204,0.829800129,0.306209045460298,0,0.0025140876,0.0193844028,0.000296067185,0.0375679992,0.0625071153,0.000296067185,5.264603597937455e-07,6.938598395464713e-07,5.319181694597165e-07,0.0,False,3.716918379617189e-08,4.7199418666778115e-08,3.773602476309553e-08,0.0,False,3.0451055727670293e-07,4.506147248188111e-07,3.132191192597966e-07,0.0,False,1.0,6.938598395464713e-07,6.772022090184807e-07,5.71084564792339e-07,7.069842843604287e-07,7.320674120067109e-07
518,518,66028,86,0.125995442,unverified,0.09091615803847826,0.056865498839086995,0,0.125995442,0.830979288,0.3060805317555523,0,0.0026097435,0.0193762351,0.000112398622,0.0375756696,0.0625031218,0.000112398622,5.266690737579247e-07,6.95815205174835e-07,5.320243416363726e-07,0.0,False,3.713794595221223e-08,4.728187121934517e-08,3.769541480593966e-08,0.0,False,3.040039549703935e-07,4.516319014080147e-07,3.1256034552347676e-07,0.0,False,1.0,6.95815205174835e-07,6.789872064565529e-07,5.725555865257389e-07,7.091125115419038e-07,7.336289131881486e-07
519,519,66113,86,0.125995517,unverified,0.0909687496694516,0.05682823470644287,0,0.125995517,0.831406534,0.3059817562272774,0,0.00266213319,0.0193716343,0.000281161396,0.0375799909,0.0625008717,0.000281161396,5.265811977527366e-07,6.965804105243234e-07,5.318372589955386e-07,0.0,False,3.711108036880933e-08,4.7310856734741366e-08,3.765875604466748e-08,0.0,False,3.0365693174279934e-07,4.520263175205491e-07,3.120629604330897e-07,0.0,False,1.0,6.965804105243234e-07,6.797991109306353e-07,5.731597006433246e-07,7.098996641250823e-07,7.334841630774425e-07
520,520,66198,86,0.125995189,unverified,0.09105752216064324,0.0567574367797896,0,0.125995189,0.832960784,0.3057801244766004,0,0.00276171835,0.0193625446,9.34444251e-05,0.037587937,0.0624967255,9.34444251e-05,5.267126001956503e-07,6.986385106111994e-07,5.318711210060148e-07,0.0,False,3.707012965069774e-08,4.739218941078032e-08,3.760884999604884e-08,0.0,False,3.030712120952285e-07,4.5308965992048687e-07,3.1133455636262204e-07,0.0,False,1.0,6.986385106111994e-07,6.816144834584968e-07,5.746037119893436e-07,7.121887843050746e-07,7.36063569823213e-07
521,521,66284,87,0.125995383,unverified,0.09108640596942673,0.05673527076404548,0,0.125995383,0.834485233,0.30586979303621603,0,0.00279292371,0.0193596967,0.000281161483,0.037590228,0.0624955334,0.000281161483,5.268713167684714e-07,6.992557070517525e-07,5.320200988936507e-07,0.0,False,3.7069603108668546e-08,4.742308960788877e-08,3.760779118486784e-08,0.0,False,3.0298302917767036e-07,4.5341585969927753e-07,3.112320061018204e-07,0.0,False,1.0,6.992557070517525e-07,6.822221769170118e-07,5.752970561848584e-07,7.129537748397622e-07,7.389348524512693e-07
522,522,66369,86,0.125995174,unverified,0.09120398324718544,0.056648949850735375,0,0.125995174,0.837861478,0.3057437417397358,0,0.00291488273,0.0193479769,0.000112398695,0.0375996418,0.0624906383,0.000112398695,5.27368566136275e-07,7.020914294959935e-07,5.323922677845312e-07,0.0,False,3.704121974943e-08,4.754671824006292e-08,3.756749027463705e-08,0.0,False,3.024320969676031e-07,4.548939890562646e-07,3.104891843352941e-07,0.0,False,1.0,7.020914294959935e-07,6.84368780643885e-07,5.775651452972958e-07,7.163926903529061e-07,7.431001465507596e-07
523,523,66454,86,0.125995293,unverified,0.09123095393142794,0.05663100975562986,0,0.125995293,0.838216424,0.30571712636917386,0,0.0029403721,0.0193455014,0.000305058318,0.0376017354,0.0624895431,0.000305058318,5.274106039059422e-07,7.025361154309253e-07,5.323950101675258e-07,0.0,False,3.703361219203529e-08,4.756613026906328e-08,3.755592212371051e-08,0.0,False,3.0231018377072887e-07,4.5512592187252673e-07,3.1030682908072236e-07,0.0,False,1.0,7.025361154309253e-07,6.848695511167063e-07,5.77928475787821e-07,7.168170456525846e-07,7.435775197455989e-07
524,524,66539,86,0.125995338,unverified,0.09131508857086273,0.0565741838213952,0,0.125995338,0.839411795,0.30562345570177374,0,0.00302111125,0.0193374678,0.000115326198,0.0376081578,0.0624862053,0.000115326191,5.276732681050364e-07,7.04237265221131e-07,5.325750067141326e-07,0.0,False,3.701312374573433e-08,4.7639564803089495e-08,3.75277983118764e-08,0.0,False,3.019418798208529e-07,4.560111491366109e-07,3.09815741173997e-07,0.0,False,1.0,7.04237265221131e-07,6.865369936706385e-07,5.792136221912093e-07,7.184105420006983e-07,7.451987406593087e-07
525,525,66624,86,0.125994891,unverified,0.0913865454134682,0.05652304849266641,0,0.125994891,0.840679348,0.3055045892702038,0,0.00309376069,0.0193299819,0.000286628696,0.037613906,0.0624832027,0.000286628696,5.278048087562908e-07,7.0575351094857e-07,5.326466762193066e-07,0.0,False,3.6984723299501795e-08,4.7702399039469635e-08,3.749412826173858e-08,0.0,False,3.015068067302059e-07,4.5679694258083197e-07,3.0929151329367005e-07,0.0,False,1.0,7.0575351094857e-07,6.879125128791232e-07,5.804019788707188e-07,7.20038392322323e-07,7.470634988974534e-07
526,526,66709,86,0.125994816,unverified,0.09149185819740668,0.05645523117294163,0,0.125994816,0.84307158,0.3052143567601522,0,0.00319072651,0.0193198267,0.000107207139,0.037621744,0.0624791235,0.000107207132,5.276443513977659e-07,7.074197678314365e-07,5.323794775876581e-07,0.0,False,3.69260255598395e-08,4.776266373822368e-08,3.742506859892085e-08,0.0,False,3.0077292623891966e-07,4.5765041034124795e-07,3.08390127805517e-07,0.0,False,1.0,7.074197678314365e-07,6.893794557833966e-07,5.815888678078612e-07,7.219351618842848e-07,7.481571019155117e-07
527,527,66794,86,0.125994533,unverified,0.09152724841741959,0.05643166114782515,0,0.125994533,0.844165683,0.3052877667973688,0,0.00322436541,0.0193161629,0.000286628696,0.0376242027,0.0624778494,0.000286628696,5.281542853190791e-07,7.086622781408037e-07,5.328815750148831e-07,0.0,False,3.6940403172927717e-08,4.7824159123518546e-08,3.743850878361051e-08,0.0,False,3.0079891560017025e-07,4.5830516866794686e-07,3.0839297670759504e-07,0.0,False,1.0,7.086622781408037e-07,6.900340238109379e-07,5.82588813830924e-07,7.242845289312919e-07,7.491645812715482e-07
528,528,66879,86,0.125994623,unverified,0.09163814952837628,0.05636118340050932,0,0.125994623,0.844537735,0.30510067135683877,0,0.00332584302,0.0193051063,0.000115326206,0.0376323462,0.06247361,0.000115326213,5.280757089630709e-07,7.103450816195896e-07,5.327029153636547e-07,0.0,False,3.6890061811250726e-08,4.788776798007037e-08,3.737869917372452e-08,0.0,False,3.001396249191453e-07,4.591690068646646e-07,3.0757902563318007e-07,0.0,False,1.0,7.103450816195896e-07,6.916219418444998e-07,5.839943562311578e-07,7.264764579953267e-07,7.517990690811839e-07
529,529,66964,86,0.125994295,unverified,0.09170486680196682,0.056319668145618694,0,0.125994295,0.845961094,0.30484006124038127,0,0.00338583789,0.0192982834,0.000305058347,0.037637163,0.0624711066,0.000305058347,5.280191995420302e-07,7.11482826363554e-07,5.325850391266742e-07,0.0,False,3.685299570719254e-08,4.7927737581525874e-08,3.733576817145594e-08,0.0,False,2.9968990792481465e-07,4.597501673754832e-07,3.0703475501942364e-07,0.0,False,1.0,7.11482826363554e-07,6.925922886345678e-07,5.84587285031562e-07,7.2771332827855e-07,7.530229891707552e-07
530,530,67049,86,0.125994235,unverified,0.09178486839941664,0.05627098007523005,0,0.125994235,0.846961498,0.3047173032686202,0,0.0034563269,0.0192901883,0.000115326227,0.0376429297,0.0624680966,0.000115326242,5.280127579907088e-07,7.1275946632184e-07,5.32510050271955e-07,0.0,False,3.681929811717776e-08,4.797782566838567e-08,3.7295574877590066e-08,0.0,False,2.9923071809164825e-07,4.604073562310936e-07,3.0646956788271064e-07,0.0,False,1.0,7.1275946632184e-07,6.938537482288878e-07,5.85676832507861e-07,7.288580821674733e-07,7.543189645794017e-07
531,531,67133,85,0.125994474,unverified,0.09186216453358445,0.05622108805886483,0,0.125994474,0.847881615,0.3042095503752138,0,0.00352887227,0.0192817524,0.000286628696,0.0376488976,0.0624649934,0.000286628696,5.274062400123798e-07,7.135007582135163e-07,5.318448260094702e-07,0.0,False,3.674029006997867e-08,4.7986864404781866e-08,3.7211447717112534e-08,0.0,False,2.9841113222490923e-07,4.6076698294236044e-07,3.055604957512398e-07,0.0,False,1.0,7.135007582135163e-07,6.947584596177798e-07,5.856807202927712e-07,7.295243787829065e-07,7.541872533412044e-07
532,532,67217,85,0.125994161,unverified,0.09195311004700275,0.056164542301912576,0,0.125994161,0.848372042,0.303914960058666,0,0.00361116091,0.0192718133,0.000112398789,0.0376555473,0.0624615327,0.000112398789,5.272156225302542e-07,7.148495575289292e-07,5.315868307835889e-07,0.0,False,3.6684730930065106e-08,4.8034240719885773e-08,3.714952798433824e-08,0.0,False,2.977317666897377e-07,4.6145556827377727e-07,3.047672726865873e-07,0.0,False,1.0,7.148495575289292e-07,6.959873198664422e-07,5.866139254751438e-07,7.313673753383739e-07,7.565945828616623e-07
533,533,67301,85,0.125994444,unverified,0.09201227412768906,0.056128877068711454,0,0.125994444,0.849197686,0.30367397292830556,0,0.00366337318,0.0192655064,0.000281161425,0.0376597419,0.0624593496,0.000281161425,5.269384921619653e-07,7.15564603786626e-07,5.312552520663956e-07,0.0,False,3.6639399600508825e-08,4.805347061335457e-08,3.7098971826197685e-08,0.0,False,2.9722804695084814e-07,4.618137058361615e-07,3.0418043800985895e-07,0.0,False,1.0,7.15564603786626e-07,6.966421359631062e-07,5.871005261748847e-07,7.320763948280414e-07,7.57317223313959e-07
534,534,67385,85,0.125993952,unverified,0.09213150629686573,0.05606175853195444,0,0.125993952,0.850842953,0.3032684454177412,0,0.00376259466,0.0192530639,9.3444527e-05,0.037667606,0.0624552555,9.34445343e-05,5.266790352346969e-07,7.172314204997731e-07,5.308919641935247e-07,0.0,False,3.656971134410427e-08,4.810818879178067e-08,3.7018983133739825e-08,0.0,False,2.964172317462301e-07,4.6265956860934005e-07,3.0321241956563877e-07,0.0,False,1.0,7.172314204997731e-07,6.980378319509806e-07,5.8825197332194e-07,7.339514603531493e-07,7.592341670444351e-07
535,535,67469,85,0.125993893,unverified,0.09216972828073872,0.05604074584021676,0,0.125993893,0.851850331,0.3030042513301861,0,0.00379368127,0.0192491263,0.000281161454,0.0376702286,0.0624538921,0.000281161454,5.264296587005194e-07,7.176279758508786e-07,5.306088358063536e-07,0.0,False,3.653373505328166e-08,4.81145761858933e-08,3.6979625494288545e-08,0.0,False,2.960490069554706e-07,4.628538517400513e-07,3.0279263260364353e-07,0.0,False,1.0,7.176279758508786e-07,6.983850205545467e-07,5.88302985247986e-07,7.344703530448087e-07,7.596040985302105e-07
536,536,67553,85,0.125993595,unverified,0.09231527865141657,0.05595937300780677,0,0.125993595,0.853574932,0.3024926598048649,0,0.00391518744,0.0192333981,0.000112398644,0.0376799777,0.0624488108,0.000112398644,5.262585548606795e-07,7.198940636736856e-07,5.303032525400816e-07,0.0,False,3.645465305401306e-08,4.819290793444983e-08,3.688713496093422e-08,0.0,False,2.951031946687399e-07,4.640076190723813e-07,3.016379141337761e-07,0.0,False,1.0,7.198940636736856e-07,7.001677507729767e-07,5.898166174872144e-07,7.372515680521933e-07,7.643958340714862e-07
537,537,67637,85,0.125993431,unverified,0.09235930122330646,0.055936184763190344,0,0.125993431,0.854626894,0.30231912112560894,0,0.00395021169,0.0192287527,0.000296067155,0.0376829319,0.0624472797,0.000296067155,5.261597628994174e-07,7.204404439140735e-07,5.301642237434358e-07,0.0,False,3.6430311305311695e-08,4.820980642608602e-08,3.6858617896473215e-08,0.0,False,2.9483283872791817e-07,4.642835764318816e-07,3.01305846841339e-07,0.0,False,1.0,7.204404439140735e-07,7.006985515759063e-07,5.901111506926509e-07,7.377899780519031e-07,7.650687118173933e-07
538,538,67721,85,0.125993535,unverified,0.09247509610295566,0.05587291455397369,0,0.125993535,0.856420159,0.30193871306480236,0,0.00404537143,0.0192160532,0.000112398753,0.0376904979,0.0624433421,0.000112398753,5.259187120744414e-07,7.219635383857799e-07,5.29837674252575e-07,0.0,False,3.6365245725433894e-08,4.826034261891807e-08,3.678509016062675e-08,0.0,False,2.940730906037764e-07,4.6505652159540216e-07,3.004139077043831e-07,0.0,False,1.0,7.219635383857799e-07,7.020787037921489e-07,5.912058865310415e-07,7.395229318057823e-07,7.673542731986906e-07
539,539,67805,85,0.125993073,unverified,0.09253945944201222,0.055838369605570634,0,0.125993073,0.85842973,0.3016909669579527,0,0.00409746543,0.0192088354,0.000281161425,0.0376946069,0.0624412,0.000281161425,5.257954600586579e-07,7.228737840755256e-07,5.296630519054313e-07,0.0,False,3.6327473682212446e-08,4.829053915781996e-08,3.674234030794913e-08,0.0,False,2.936308082969266e-07,4.6551840954898445e-07,2.9989208498955107e-07,0.0,False,1.0,7.228737840755256e-07,7.029002411765845e-07,5.918153344144312e-07,7.404088107886074e-07,7.681714279745221e-07
540,540,67889,85,0.125993237,unverified,0.09265781089827525,0.05577272545474315,0,0.125993237,0.85926187,0.3010549461304359,0,0.0041965181,0.0191951096,9.34444761e-05,0.0377026312,0.062437024,9.34444761e-05,5.250645975501249e-07,7.240300505248386e-07,5.288606988906361e-07,0.0,False,3.622396525449639e-08,4.831260277356792e-08,3.663225708262607e-08,0.0,False,2.925367265005171e-07,4.6608733417842514e-07,2.986885438126083e-07,0.0,False,1.0,7.240300505248386e-07,7.038462575847401e-07,5.924584417541612e-07,7.416498180990856e-07,7.706496765536986e-07
541,541,67973,85,0.125993058,unverified,0.09269196415687188,0.05575503231063341,0,0.125993058,0.8599388,0.3008431200995898,0,0.00422343798,0.0191912744,0.000286628638,0.0377049297,0.0624358281,0.000286628638,5.249037605681537e-07,7.244388323290772e-07,5.28671180648322e-07,0.0,False,3.619659222158293e-08,4.8321806902077647e-08,3.660184135353397e-08,0.0,False,2.922518209213348e-07,4.6628999835449967e-07,2.983560046760379e-07,0.0,False,1.0,7.244388323290772e-07,7.040696338399668e-07,5.92581377718028e-07,7.423128920159886e-07,7.713223986013476e-07
542,542,68057,85,0.125992447,unverified,0.09281631092304762,0.0556884685932636,0,0.125992447,0.863671601,0.3003674861402924,0,0.00432446599,0.019176675,0.000115326206,0.037712913,0.062431667,0.000115326206,5.245190638806747e-07,7.258557726229793e-07,5.282164715023084e-07,0.0,False,3.6118228366911035e-08,4.83672781643723e-08,3.651657615152953e-08,0.0,False,2.91353074234597e-07,4.6700813185022747e-07,2.9733285081639713e-07,0.0,False,1.0,7.258557726229793e-07,7.051424252860705e-07,5.936154556670032e-07,7.436175370541707e-07,7.751933113579447e-07
543,543,68141,85,0.125992656,unverified,0.09287527405393171,0.055655998030893425,0,0.125992656,0.86459142,0.3001543925931378,0,0.004374146,0.0191694945,0.000305058347,0.037716914,0.0624295883,0.000305058347,5.24405604353359e-07,7.266217387758497e-07,5.280607407573251e-07,0.0,False,3.608547702748994e-08,4.83926605167464e-08,3.647970097917042e-08,0.0,False,2.909711887471305e-07,4.673964235360198e-07,2.968845721643062e-07,0.0,False,1.0,7.266217387758497e-07,7.058425719358638e-07,5.941526498834354e-07,7.445111263625349e-07,7.760068357489955e-07
544,544,68225,85,0.125991866,unverified,0.09297714722533748,0.05560384450926094,0,0.125991866,0.86643672,0.299734141991188,0,0.00445438502,0.0191574506,0.000115326198,0.0377233662,0.0624262281,0.000115326198,5.240424626245272e-07,7.277144725836249e-07,5.27628426397193e-07,0.0,False,3.601923627656695e-08,4.842382515559482e-08,3.640620971472702e-08,0.0,False,2.902361552054149e-07,4.679449045150109e-07,2.9603107818528123e-07,0.0,False,1.0,7.277144725836249e-07,7.066615081497349e-07,5.948800886949006e-07,7.452308682190687e-07,7.763368312865526e-07
545,545,68309,85,0.125991836,unverified,0.09306824248940129,0.055557034643227775,0,0.125991836,0.867432356,0.2992463586806797,0,0.0045266063,0.0191465821,0.000286628725,0.0377293378,0.0624231212,0.000286628725,5.235966952179102e-07,7.286655859390798e-07,5.271089271636648e-07,0.0,False,3.594889561064172e-08,4.844387051106517e-08,3.632867028176594e-08,0.0,False,2.8949881066923455e-07,4.684140805306979e-07,2.951824124815009e-07,0.0,False,1.0,7.286655859390798e-07,7.076579560949309e-07,5.953516194313405e-07,7.466187751600157e-07,7.777478813050012e-07
546,546,68392,84,0.1259913,unverified,0.0931865314003164,0.055495084288518036,0,0.1259913,0.8700611,0.29878248007931574,0,0.00462295255,0.0191316623,0.000107207241,0.0377369113,0.0624191798,0.000107207241,5.230993572558128e-07,7.298350584748445e-07,5.265855076466928e-07,0.0,False,3.587036732883179e-08,4.847175720736595e-08,3.6247319190694e-08,0.0,False,2.8865741196457653e-07,4.6899327552523284e-07,2.942893813348906e-07,0.0,False,1.0,7.298350584748445e-07,7.080771319859972e-07,5.960563951799072e-07,7.48312998033137e-07,7.847243781162298e-07
547,547,68476,85,0.125991195,unverified,0.09322834238789743,0.05547373104938617,0,0.125991195,0.871144176,0.29857290561055944,0,0.00465638516,0.0191264302,0.000286628638,0.0377395637,0.0624177977,0.000286628638,5.229642094099501e-07,7.303079029238153e-07,5.264270721834632e-07,0.0,False,3.5843660026083e-08,4.848424147259473e-08,3.6218347249014685e-08,0.0,False,2.8837667011181156e-07,4.692294753410235e-07,2.939765219028503e-07,0.0,False,1.0,7.303079029238153e-07,7.084703676214967e-07,5.963041820784926e-07,7.488277586738727e-07,7.85567562381132e-07
548,548,68559,84,0.12599121,unverified,0.09335614430578268,0.055409566575563694,0,0.12599121,0.873222649,0.29804230621348327,0,0.00475720596,0.0191104654,0.000115326162,0.0377478413,0.062413495,0.000115326162,5.220605377197006e-07,7.308587706739515e-07,5.254159874837828e-07,0.0,False,3.574242663275738e-08,4.848343953332481e-08,3.6106011652672025e-08,0.0,False,2.873175819956695e-07,4.694874442715446e-07,2.927332330364653e-07,0.0,False,1.0,7.308587706739515e-07,7.091188890610265e-07,5.967152931027224e-07,7.494537484162962e-07,7.864939924602995e-07
549,549,68642,84,0.125991017,unverified,0.09341757926709522,0.0553780696308956,0,0.125991017,0.872837603,0.29784082314046867,0,0.00480675278,0.0191024169,0.000305058347,0.0377519391,0.0624113567,0.000305058347,5.219318095644428e-07,7.314741608681534e-07,5.252603261464853e-07,0.0,False,3.5711521357987304e-08,4.850416273300846e-08,3.607266686378776e-08,0.0,False,2.86960447600932e-07,4.6980000213470486e-07,2.9233445498598895e-07,0.0,False,1.0,7.314741608681534e-07,7.097591458841208e-07,5.97189722836942e-07,7.502408174129112e-07,7.874114906607488e-07
550,550,68725,84,0.12599133,unverified,0.09354833077179525,0.05531201549634022,0,0.12599133,0.875692606,0.29719511473440174,0,0.00491109677,0.0190853905,0.000112398644,0.0377603881,0.0624069609,0.000112398644,5.210611610699051e-07,7.321516836437864e-07,5.243348158151878e-07,0.0,False,3.560955291109247e-08,4.850375848124641e-08,3.5965289980822444e-08,0.0,False,2.8594754568361147e-07,4.701178722013238e-07,2.9124651334463316e-07,0.0,False,1.0,7.321516836437864e-07,7.104986233586616e-07,5.975644073295053e-07,7.50991943413938e-07,7.881200916377987e-07
551,551,68808,84,0.125990689,unverified,0.0936145818052394,0.055279412942075105,0,0.125990689,0.876461089,0.2968541586252028,0,0.00496295793,0.0190766547,0.000281161396,0.0377646461,0.0624047406,0.000281161396,5.205912773104021e-07,7.325342378971277e-07,5.238111022549932e-07,0.0,False,3.555343190378892e-08,4.8505325083100276e-08,3.5903426947239755e-08,0.0,False,2.8536754371779303e-07,4.702993035786626e-07,2.905711849136994e-07,0.0,False,1.0,7.325342378971277e-07,7.106469549152457e-07,5.977735312512331e-07,7.514379467020072e-07,7.885378911678749e-07
552,552,68891,84,0.12599051,unverified,0.09373433781920043,0.055217710341685045,0,0.125987366,0.876994193,0.2960746806689463,0,0.00506156823,0.0190600436,9.34443233e-05,0.0377728045,0.06240049,9.34443233e-05,5.198072094258347e-07,7.337472939470158e-07,5.229467373765256e-07,0.0,False,3.5442590514942216e-08,4.852273102655998e-08,3.5783882889243464e-08,0.0,False,2.842355490339285e-07,4.7088751076577916e-07,2.8929126988961675e-07,0.0,False,1.0,7.337472939470158e-07,7.111167856625301e-07,5.982881895048054e-07,7.532329373997483e-07,7.916355249053862e-07
553,553,68974,84,0.125990257,unverified,0.0937730827291924,0.05519862948566137,0,0.125980139,0.877536237,0.29590353861370217,0,0.00509244669,0.0190547146,0.000281161425,0.0377752259,0.0623992272,0.000281161425,5.194923445477575e-07,7.338668189426161e-07,5.226057667438634e-07,0.0,False,3.540976727481175e-08,4.851913218208032e-08,3.574839396234341e-08,0.0,False,2.8390384212452534e-07,4.7093941784171317e-07,2.889181760179209e-07,0.0,False,1.0,7.338668189426161e-07,7.112527583334591e-07,5.984443491280027e-07,7.532790564287831e-07,7.917954316171207e-07
554,554,69057,84,0.125989839,unverified,0.09391593896374832,0.05512416505185555,0,0.125955611,0.881935,0.29509548721544776,0,0.0052131447,0.0190336592,0.000112398651,0.0377848297,0.0623942316,0.000112398644,5.184494429688691e-07,7.347651134420746e-07,5.214888388448022e-07,0.0,False,3.5284339401447784e-08,4.852094860125067e-08,3.561466310425257e-08,0.0,False,2.826413931421498e-07,4.7136273665579004e-07,2.875218987125758e-07,0.0,False,1.0,7.347651134420746e-07,7.116265162811284e-07,5.988350616565399e-07,7.547125286883103e-07,7.954239775095324e-07
555,555,69140,84,0.125990003,unverified,0.09395939779924309,0.055102799308833245,0,0.125944003,0.882703483,0.2947950880447538,0,0.00524794497,0.0190275628,0.000296067155,0.0377877019,0.062392734,0.000296067155,5.1787511110442e-07,7.346525782029159e-07,5.208876738691897e-07,0.0,False,3.523271359997965e-08,4.850031373485124e-08,3.556044581412574e-08,0.0,False,2.821554941853431e-07,4.7128689248629854e-07,2.869956732458974e-07,0.0,False,1.0,7.346525782029159e-07,7.116331725132892e-07,5.986349801848282e-07,7.544588004542654e-07,7.950784689872416e-07
556,556,69223,84,0.125989228,unverified,0.09407653536671422,0.055045280665495626,0,0.125930324,0.886092067,0.2943641501562887,0,0.00534242252,0.0190105122,0.000112398673,0.0377953313,0.0623887628,0.000112398673,5.17348167536301e-07,7.355751626663765e-07,5.202987416900482e-07,0.0,False,3.515751354743216e-08,4.8521365155095844e-08,3.547870937121838e-08,0.0,False,2.813449623447772e-07,4.7174246799862015e-07,2.8608063230102973e-07,0.0,False,1.0,7.355751626663765e-07,7.122602963134183e-07,5.996912160811888e-07,7.558280907539373e-07,7.96758437594665e-07
557,557,69306,84,0.125989363,unverified,0.09413870834800221,0.0550138430235751,0,0.125917643,0.886103392,0.2937758197165467,0,0.00539417798,0.019001171,0.000281161425,0.0377997346,0.0623864792,0.000281161425,5.16515482055928e-07,7.354786196126486e-07,5.194224266841791e-07,0.0,False,3.507753269267277e-08,4.8491232942067505e-08,3.53941550998614e-08,0.0,False,2.806107102317123e-07,4.716645798061315e-07,2.852768146363388e-07,0.0,False,1.0,7.354786196126486e-07,7.121971514514268e-07,5.989765509473557e-07,7.558250031690218e-07,7.973692121537221e-07
558,558,69389,84,0.125988573,unverified,0.09426064199973845,0.054954581829877704,0,0.125891,0.887884676,0.29306920289242916,0,0.00549250469,0.0189829636,9.34444834e-05,0.0378077216,0.0623823218,9.34444906e-05,5.153298632293642e-07,7.355630295519154e-07,5.181637829423333e-07,0.0,False,3.496047487306305e-08,4.846280539340019e-08,3.526949509487188e-08,0.0,False,2.7946868225009705e-07,4.71673229463748e-07,2.8401610009040516e-07,0.0,False,1.0,7.355630295519154e-07,7.123305067103638e-07,5.989823022772264e-07,7.555237923315135e-07,7.984149986980555e-07
559,559,69472,84,0.125988469,unverified,0.09429397571924239,0.05493851924165978,0,0.125886098,0.888510048,0.2929965905882559,0,0.00551923597,0.0189779792,0.000286628579,0.037809819,0.0623812228,0.000286628579,5.151001281953324e-07,7.356341106296692e-07,5.179142727310142e-07,0.0,False,3.493781421892347e-08,4.846128831642324e-08,3.524473158498589e-08,0.0,False,2.7922680400842247e-07,4.717045229263349e-07,2.8374113514816053e-07,0.0,False,1.0,7.356341106296692e-07,7.123517259501141e-07,5.993626394720066e-07,7.557038271565157e-07,7.991959384348965e-07
560,560,69554,83,0.125988111,unverified,0.09441536834050648,0.0548785950309992,0,0.125849292,0.89311868,0.2919560895775959,0,0.00561954873,0.0189590808,0.000115326242,0.0378182009,0.0623768643,0.000115326242,5.135732767936501e-07,7.355669241490791e-07,5.163267283287264e-07,0.0,False,3.479065539924638e-08,4.841244746854229e-08,3.509085492693301e-08,0.0,False,2.778505874101719e-07,4.7161949298423957e-07,2.822569857674021e-07,0.0,False,1.0,7.355669241490791e-07,7.114922360959469e-07,5.986104336718025e-07,7.558201021665266e-07,7.989805128138439e-07
561,561,69636,83,0.125987649,unverified,0.09447603376996781,0.05484937381692734,0,0.125837982,0.894333363,0.2915601296646866,0,0.00566883991,0.0189495888,0.000305058347,0.0378222167,0.0623747706,0.000305058347,5.130052269676395e-07,7.357382485869596e-07,5.157224991219851e-07,0.0,False,3.4730785948794185e-08,4.840162355727294e-08,3.502717537286371e-08,0.0,False,2.772701359223323e-07,4.7168774962803e-07,2.81617189839828e-07,0.0,False,1.0,7.357382485869596e-07,7.11563079626593e-07,5.986152285088578e-07,7.560065286778303e-07,7.996064837594154e-07
562,562,69718,83,0.125987634,unverified,0.09457149809721781,0.05480221073380277,0,0.125810385,0.896310091,0.2909758489041734,0,0.00574851409,0.018934248,0.000115326206,0.037828628,0.0623714365,0.000115326206,5.120700826532549e-07,7.358064671009143e-07,5.147405932315127e-07,0.0,False,3.463810060523207e-08,4.837898293172655e-08,3.492960526256322e-08,0.0,False,2.7636772674792293e-07,4.7169489011198486e-07,2.8063605390120217e-07,0.0,False,1.0,7.358064671009143e-07,7.112657761169763e-07,5.986176895332855e-07,7.561539379009205e-07,8.00093214344301e-07
563,563,69800,83,0.125986919,unverified,0.09465309878507278,0.05476024437408966,0,0.125779673,0.897754073,0.2903627252384288,0,0.00582016213,0.0189200882,0.000286628667,0.037834648,0.0623682998,0.000286628667,5.105907661611996e-07,7.34897877071635e-07,5.132266026172551e-07,0.0,False,3.452203297381239e-08,4.8305962836547834e-08,3.4810240516045846e-08,0.0,False,2.7530527302085247e-07,4.7118737525205613e-07,2.7951863731078955e-07,0.0,False,1.0,7.34897877071635e-07,7.108259600111192e-07,5.978436734229874e-07,7.555241172874266e-07,7.992518749022396e-07
564,564,69883,84,0.12598674,unverified,0.09476470471709049,0.05470445217123815,0,0.125746071,0.899909675,0.289568970865273,0,0.0059157908,0.0189010967,0.000107207205,0.0378426686,0.0623641163,0.000107207197,5.093239628741539e-07,7.34882383612253e-07,5.119028011119641e-07,0.0,False,3.4400137433120045e-08,4.826749927634e-08,3.4682500128726416e-08,0.0,False,2.7415252429690813e-07,4.711369911714085e-07,2.782737295392846e-07,0.0,False,1.0,7.34882383612253e-07,7.107709419740237e-07,5.976115650395581e-07,7.564985719039065e-07,7.995688255372096e-07
565,565,69966,84,0.125986516,unverified,0.09480390739167847,0.054685180789590615,0,0.125723466,0.900377214,0.2893195323355761,0,0.00594896032,0.0188944042,0.000286628783,0.0378452502,0.0623627827,0.000286628783,5.090295562782414e-07,7.350848599533061e-07,5.115982679671635e-07,0.0,False,3.4365410588850306e-08,4.826568775168417e-08,3.4646684557547994e-08,0.0,False,2.7381036612574034e-07,4.712299454292287e-07,2.7791266491341254e-07,0.0,False,1.0,7.350848599533061e-07,7.10756971157884e-07,5.976722089975598e-07,7.571780588876196e-07,8.005344038315609e-07
566,566,70048,83,0.125985637,unverified,0.09492018810590222,0.05462770026052425,0,0.125690907,0.902924836,0.2886652170125221,0,0.00604896527,0.0188739374,0.000115326213,0.0378534012,0.0623585321,0.000115326213,5.07395274534984e-07,7.343541403955413e-07,5.099118881209867e-07,0.0,False,3.423440423214212e-08,4.819366450391919e-08,3.4510763978242895e-08,0.0,False,2.7259803367658366e-07,4.7080501776613616e-07,2.766272194233162e-07,0.0,False,1.0,7.343541403955413e-07,7.101888149733549e-07,5.972282823842536e-07,7.557892201102735e-07,7.990988148023378e-07
567,567,70130,83,0.125985727,unverified,0.0949774224003642,0.05459954786863346,0,0.125683486,0.904428959,0.2881749936612589,0,0.00609814189,0.0188638717,0.000305058347,0.0378574692,0.0623564161,0.000305058347,5.063158555561106e-07,7.337681371332627e-07,5.088024574102156e-07,0.0,False,3.414892415979923e-08,4.81398498162982e-08,3.442239008607687e-08,0.0,False,2.718365645179457e-07,4.7046955159508095e-07,2.75824715721798e-07,0.0,False,1.0,7.337681371332627e-07,7.0974602776893e-07,5.966298214457343e-07,7.547009066593887e-07,7.984581238070699e-07
568,568,70212,83,0.125985444,unverified,0.09509938273037336,0.05454106435930114,0,0.125668138,0.907236278,0.28724907293613244,0,0.00620160019,0.0188420974,0.000112398797,0.037866015,0.0623519681,0.000112398797,5.045266249209854e-07,7.330106905172715e-07,5.069514221359818e-07,0.0,False,3.3999699807074155e-08,4.806057594966497e-08,3.426572558646247e-08,0.0,False,2.7048504635000985e-07,4.700260286837397e-07,2.7436435914050044e-07,0.0,False,1.0,7.330106905172715e-07,7.086112794207705e-07,5.95867329361373e-07,7.535130723813598e-07,7.991870954785885e-07
569,569,70294,83,0.125985831,unverified,0.09515606993086988,0.05451199083872517,0,0.125634953,0.907888889,0.28689686721855506,0,0.00625306182,0.0188312512,0.000281161425,0.037870273,0.0623497516,0.000281161425,5.036505722438761e-07,7.326670652380426e-07,5.060448745677418e-07,0.0,False,3.3928071014045173e-08,4.802243000745888e-08,3.4191372733850053e-08,0.0,False,2.69818198834413e-07,4.698206096816085e-07,2.7365149509261245e-07,0.0,False,1.0,7.326670652380426e-07,7.084303083317811e-07,5.956510820675677e-07,7.530313204457935e-07,7.9662847397298e-07
570,570,70376,83,0.125985026,unverified,0.09526190193439944,0.054456837364822964,0,0.125619859,0.906036913,0.28630229441665034,0,0.00635081576,0.0188101828,9.3444658e-05,0.0378779098,0.062345773,9.3444658e-05,5.021888837723995e-07,7.320334727109735e-07,5.045261370222361e-07,0.0,False,3.380723223287962e-08,4.796416724088355e-08,3.406372475816925e-08,0.0,False,2.686491751006559e-07,4.6945753264007825e-07,2.723601006524596e-07,0.0,False,1.0,7.320334727109735e-07,7.072134731236153e-07,5.95863651025268e-07,7.541287480813394e-07,7.943042340576595e-07
571,571,70458,83,0.125984833,unverified,0.0952946405230093,0.05443973831309469,0,0.12562032,0.905969322,0.2860246595070525,0,0.00638143858,0.0188035425,0.000281161221,0.0378804356,0.062344458,0.000281161221,5.016864161415447e-07,7.318662018456147e-07,5.0400233818358e-07,0.0,False,3.376361818166605e-08,4.79434277183666e-08,3.4017819556087406e-08,0.0,False,2.682463915241971e-07,4.693558345753975e-07,2.719208673987806e-07,0.0,False,1.0,7.318662018456147e-07,7.068285653881162e-07,5.957267925211126e-07,7.540505392209948e-07,7.946491791846748e-07
572,572,70540,83,0.125984058,unverified,0.09541663302088073,0.05437386733541403,0,0.125608966,0.910597503,0.2849368460398534,0,0.00650110515,0.0187772512,0.000112398731,0.0378902256,0.0623393618,0.000112398739,4.99422688729511e-07,7.307951610234273e-07,5.016750929501797e-07,0.0,False,3.357975436277889e-08,4.7835485739613404e-08,3.382722753062652e-08,0.0,False,2.665912415996843e-07,4.687304735299749e-07,2.70164125874856e-07,0.0,False,1.0,7.307951610234273e-07,7.056462621975808e-07,5.94685746825144e-07,7.532311854114916e-07,7.915110449795879e-07
573,573,70622,83,0.125983804,unverified,0.09545089026521489,0.054355022098255115,0,0.125604436,0.914622009,0.2843301722871988,0,0.00653558923,0.0187695622,0.000296067068,0.0378937013,0.062337555,0.000296067068,4.987228743441289e-07,7.30650902107313e-07,5.009697778941663e-07,0.0,False,3.351279166642696e-08,4.780299618812386e-08,3.375944141187827e-08,0.0,False,2.6601961664271683e-07,4.6862753471335467e-07,2.695783696438683e-07,0.0,False,1.0,7.30650902107313e-07,7.052245131974882e-07,5.933768801124698e-07,7.532251881942046e-07,7.910329116359369e-07
574,574,70703,82,0.1259837,unverified,0.09554294342555435,0.05430414280125713,0,0.125574365,0.917224944,0.28339686860072033,0,0.00662927423,0.0187485944,0.000112398666,0.0379013717,0.0623335652,0.000112398666,4.968032656806643e-07,7.296752640072307e-07,4.989871743110728e-07,0.0,False,3.335712196126332e-08,4.7709383495382667e-08,3.3596867190607924e-08,0.0,False,2.646109205182686e-07,4.6806333794658336e-07,2.680576943185042e-07,0.0,False,1.0,7.296752640072307e-07,7.039133722273343e-07,5.924170317160939e-07,7.521404544906981e-07,7.890321162805852e-07
575,575,70784,82,0.125983268,unverified,0.09559345585872622,0.05427647444595708,0,0.125575379,0.919248104,0.2830241742905613,0,0.00668053748,0.0187368505,0.000281161512,0.037905287,0.06233152,0.000281161512,4.961735473597312e-07,7.296767656322418e-07,4.983271535458406e-07,0.0,False,3.329758314961188e-08,4.769064251195318e-08,3.353385601974275e-08,0.0,False,2.6404216526269244e-07,4.6804217899462125e-07,2.674320606573359e-07,0.0,False,1.0,7.296767656322418e-07,7.033026956658926e-07,5.925505187907403e-07,7.527765748089717e-07,7.893339330075733e-07
576,576,70865,82,0.125983492,unverified,0.0956873901817039,0.054224123127420344,0,0.125577897,0.92144829,0.2822626858449031,0,0.00677801063,0.0187145192,9.34441487e-05,0.0379133821,0.062327303,9.34441487e-05,4.946242236438622e-07,7.289581824951121e-07,4.96740465309925e-07,0.0,False,3.3170534425713594e-08,4.761913279745524e-08,3.340267082855288e-08,0.0,False,2.628907135282891e-07,4.676240020640383e-07,2.662181919048532e-07,0.0,False,1.0,7.289581824951121e-07,7.022703410567916e-07,5.920776973359061e-07,7.521709216427609e-07,7.917667944374815e-07
577,577,70947,83,0.125983179,unverified,0.09571746616033937,0.05420810127654533,0,0.125570565,0.9209674,0.2822146531566776,0,0.00680852635,0.0187073965,0.000281161512,0.0379156992,0.0623261034,0.000281161512,4.941784531492413e-07,7.285735534102767e-07,4.962688383605809e-07,0.0,False,3.3141889401553426e-08,4.759685991740466e-08,3.3371006623949897e-08,0.0,False,2.6260883899527167e-07,4.6741718890047443e-07,2.658924404738252e-07,0.0,False,1.0,7.285735534102767e-07,7.02077521604821e-07,5.925384357579427e-07,7.513474903430039e-07,7.886068470570566e-07
578,578,71028,82,0.125982076,unverified,0.09582769075084627,0.054145206279904295,0,0.125556067,0.924948633,0.2807466685605319,0,0.00692779105,0.0186793394,0.000112398702,0.0379258469,0.0623208135,0.000112398702,4.915506404861676e-07,7.271772004124187e-07,4.935744655104797e-07,0.0,False,3.2927095629153245e-08,4.74595718295506e-08,3.3149030908498896e-08,0.0,False,2.6073005266977554e-07,4.6660690263444065e-07,2.639015270465433e-07,0.0,False,1.0,7.271772004124187e-07,7.006514984675849e-07,5.901824613036116e-07,7.507714909454429e-07,7.914861490981773e-07
579,579,71109,82,0.125982121,unverified,0.09585096394942269,0.05413216372543336,0,0.125548184,0.925634861,0.28054647315148257,0,0.00695271976,0.018673474,0.000305058318,0.0379279964,0.0623196959,0.000305058318,4.910884236723923e-07,7.268161615144202e-07,4.931016427131803e-07,0.0,False,3.289265487295237e-08,4.743442943426341e-08,3.3113187702729605e-08,0.0,False,2.6042127789772366e-07,4.664094362826812e-07,2.6357080753726785e-07,0.0,False,1.0,7.268161615144202e-07,7.002237411833334e-07,5.89944893597164e-07,7.505499943763153e-07,7.907292420439082e-07
580,580,71190,82,0.125981182,unverified,0.09592249107719993,0.054091241889873604,0,0.125538543,0.927485049,0.27999181920702165,0,0.00703159906,0.018654462,0.00011532622,0.0379342362,0.0623164475,0.00011532622,4.897392664338344e-07,7.260717228923161e-07,4.91714265702457e-07,0.0,False,3.2787386586152694e-08,4.736922809863655e-08,3.3003832394791e-08,0.0,False,2.594568493312759e-07,4.6598458760489467e-07,2.6254339286509194e-07,0.0,False,1.0,7.260717228923161e-07,6.994172482203388e-07,5.898721652425196e-07,7.494817368056459e-07,7.895892608215179e-07
581,581,71271,82,0.125981033,unverified,0.0959848679412801,0.05405476359350797,0,0.125529751,0.929054379,0.27938618592671577,0,0.00710259378,0.0186373219,0.000286628609,0.037940193,0.0623133518,0.000286628609,4.883633990422509e-07,7.251694417303243e-07,4.903026627618755e-07,0.0,False,3.268278376822361e-08,4.729555042546631e-08,3.2894845352590327e-08,0.0,False,2.5852945256403595e-07,4.654767541205061e-07,2.6154836919695636e-07,0.0,False,1.0,7.251694417303243e-07,6.981960447423902e-07,5.891301919095726e-07,7.484123449712962e-07,7.843185639016317e-07
582,582,71352,82,0.125980437,unverified,0.09606183038199236,0.05400661781728322,0,0.125511616,0.93127203,0.27857755001119755,0,0.00719726784,0.018614037,0.000107207357,0.0379480012,0.0623092838,0.000107207357,4.865202630825953e-07,7.239932618223604e-07,4.884104696868315e-07,0.0,False,3.25416457457145e-08,4.719707092038337e-08,3.274861594465851e-08,0.0,False,2.5727356889339185e-07,4.6481130544133674e-07,2.6021431123972556e-07,0.0,False,1.0,7.239932618223604e-07,6.971891053213777e-07,5.883169316973104e-07,7.465401994461627e-07,7.807619212311291e-07
583,583,71433,82,0.125980377,unverified,0.09608798157766982,0.05398999706947251,0,0.12550801,0.933552206,0.27830193976336187,0,0.00723011419,0.0186059028,0.000286628754,0.037950892,0.0623077862,0.000286628754,4.860323711898551e-07,7.23816700456488e-07,4.879116393904883e-07,0.0,False,3.2499322236614944e-08,4.717546668525867e-08,3.2705131937396566e-08,0.0,False,2.568877804544048e-07,4.647038109548386e-07,2.5980854369367954e-07,0.0,False,1.0,7.23816700456488e-07,6.971994766928736e-07,5.881404126966767e-07,7.470226556763434e-07,7.832899066172736e-07
584,584,71514,82,0.125980318,unverified,0.09616553352235713,0.05394023160265235,0,0.125483811,0.935239375,0.2773747802193747,0,0.00732915383,0.0185811855,0.000115326191,0.0379590839,0.0623035133,0.000115326191,4.843707706147745e-07,7.230301783756741e-07,4.862040602806641e-07,0.0,False,3.2361511824995944e-08,4.7093976254873296e-08,3.256229648207766e-08,0.0,False,2.5565704893977457e-07,4.642412769751273e-07,2.585009147274788e-07,0.0,False,1.0,7.230301783756741e-07,6.961352208075322e-07,5.873593882069577e-07,7.459533592913737e-07,7.826198859354824e-07
585,585,71595,82,0.12597999,unverified,0.09620217174747704,0.05391609543841888,0,0.125476435,0.936963916,0.27699315665432706,0,0.00737780752,0.018568838,0.000305058347,0.0379631668,0.0623013899,0.000305058347,4.836653979209937e-07,7.227354716590985e-07,4.854806036012766e-07,0.0,False,3.230233297686604e-08,4.7061378927980394e-08,3.250114939688232e-08,0.0,False,2.5511962516453153e-07,4.640653284099599e-07,2.5793211251884243e-07,0.0,False,1.0,7.227354716590985e-07,6.957473417407294e-07,5.871562111392074e-07,7.458066552600647e-07,7.820983003566582e-07
586,586,71676,82,0.125980198,unverified,0.09625787657737003,0.05387715287720997,0,0.125457883,0.94004482,0.2764437335737985,0,0.00745645212,0.018548876,0.00011532622,0.0379698351,0.0622979179,0.000115326213,4.828963795369929e-07,7.228802344853017e-07,4.846977561368448e-07,0.0,False,3.22255471172975e-08,4.7039267197291573e-08,3.2422228993278695e-08,0.0,False,2.544033765001802e-07,4.6410634587665694e-07,2.5717745860949015e-07,0.0,False,1.0,7.228802344853017e-07,6.949979831637954e-07,5.87225515105548e-07,7.456834491748996e-07,7.812109301697813e-07
587,587,71757,82,0.125979826,unverified,0.0963103288973124,0.05384273385001653,0,0.125433311,0.942097485,0.27592503449592465,0,0.00752715254,0.0185305607,0.000286628667,0.0379757807,0.0622948222,0.000286628667,4.818480537198861e-07,7.223170544131075e-07,4.836229225054641e-07,0.0,False,3.214235830720291e-08,4.6986646406289096e-08,3.233609500351624e-08,0.0,False,2.536579941298867e-07,4.637808519729826e-07,2.563876189590657e-07,0.0,False,1.0,7.223170544131075e-07,6.943837391328366e-07,5.868407682074725e-07,7.452681409796886e-07,7.806827975583434e-07
588,588,71838,82,0.125980005,unverified,0.09636435508143575,0.053803846650401985,0,0.125422195,0.936685801,0.27538047354256806,0,0.00760737201,0.0185097009,0.000112398775,0.0379822031,0.0622914806,0.000112398768,4.797583412839462e-07,7.200324620894169e-07,4.8150894650281e-07,0.0,False,3.20112520088321e-08,4.6848289918906194e-08,3.220263054341207e-08,0.0,False,2.5252634855149303e-07,4.625490835071749e-07,2.552197335438856e-07,0.0,False,1.0,7.200324620894169e-07,6.919301780438604e-07,5.855955124925915e-07,7.424190705560189e-07,7.768791856656955e-07
589,589,71919,82,0.125980079,unverified,0.09640023986087991,0.0537795005845389,0,0.125416204,0.939676583,0.274984563684366,0,0.00765823759,0.018496342,0.000281161396,0.0379865393,0.0622892231,0.000281161396,4.789910504715869e-07,7.195718151727241e-07,4.807201543396798e-07,0.0,False,3.1950738030371354e-08,4.6809000881552107e-08,3.213948863651732e-08,0.0,False,2.519841395792343e-07,4.6228770018007917e-07,2.5463718430873595e-07,0.0,False,1.0,7.195718151727241e-07,6.915474530052312e-07,5.853131791977211e-07,7.415355502617443e-07,7.741555498596054e-07
590,590,72000,82,0.125979811,unverified,0.0964601640642746,0.05373370435892999,0,0.125399098,0.941318691,0.27431737493759173,0,0.00775486929,0.0184706114,9.34442869e-05,0.0379945263,0.0622850694,9.34442942e-05,4.777188554235034e-07,7.18869736737634e-07,4.79405718718921e-07,0.0,False,3.1848466657492714e-08,4.6745657772105895e-08,3.203298885641358e-08,0.0,False,2.510571904626342e-07,4.6188441972469814e-07,2.5364402638662605e-07,0.0,False,1.0,7.18869736737634e-07,6.91095643454329e-07,5.849865772848165e-07,7.41631262562847e-07,7.761587746185677e-07
591,591,72081,82,0.125980034,unverified,0.0964776978913655,0.053719458486026474,0,0.12538822,0.942047775,0.27378217402400046,0,0.00778514938,0.0184625499,0.000281161541,0.0379976146,0.0622834638,0.000281161541,4.770462695186217e-07,7.185756240071832e-07,4.787262915389779e-07,0.0,False,3.17889463039781e-08,4.670771419014533e-08,3.19725632179859e-08,0.0,False,2.505633978297902e-07,4.6170378245493406e-07,2.531346441787695e-07,0.0,False,1.0,7.185756240071832e-07,6.909505893843702e-07,5.835746368230706e-07,7.400838815437898e-07,7.712662335915178e-07
592,592,72162,82,0.125979528,unverified,0.0965535588157942,0.05366455839746773,0,0.125370905,0.946234107,0.27303843194312843,0,0.00790339243,0.0184304584,0.000112398317,0.0380073786,0.0622783862,0.000112398309,4.752247416178361e-07,7.174078920033976e-07,4.7685041090396e-07,0.0,False,3.1651995760244436e-08,4.661072126153134e-08,3.1829555251122334e-08,0.0,False,2.4933397813422947e-07,4.6104093057411776e-07,2.518137523257496e-07,0.0,False,1.0,7.174078920033976e-07,6.897345626814453e-07,5.834016016813502e-07,7.39596795103134e-07,7.721837553036982e-07
593,593,72243,82,0.125979602,unverified,0.09657342572543479,0.05364883910864607,0,0.125363022,0.94718945,0.2729236605137842,0,0.00793747976,0.0184211675,0.000296067388,0.0380099639,0.0622770377,0.000296067388,4.7527577307935833e-07,7.178463731536838e-07,4.768900920825158e-07,0.0,False,3.1644737992194173e-08,4.6629001793498755e-08,3.18208755466748e-08,0.0,False,2.492292433752763e-07,4.6126720676964265e-07,2.5168657198641e-07,0.0,False,1.0,7.178463731536838e-07,6.897615488824111e-07,5.842612776654198e-07,7.40558828608827e-07,7.736062091129637e-07
594,594,72323,81,0.12597926,unverified,0.09662315028044514,0.053606624749633014,0,0.125343904,0.949464738,0.2720266350923728,0,0.00803001691,0.0183956064,0.000112398528,0.0380183719,0.0622726567,0.000112398528,4.738990224703568e-07,7.171930502012917e-07,4.754852542670548e-07,0.0,False,3.152908655685022e-08,4.6555059249167935e-08,3.1701712045563724e-08,0.0,False,2.4823256423332277e-07,4.608746840745961e-07,2.506333835021775e-07,0.0,False,1.0,7.171930502012917e-07,6.898221190633199e-07,5.824867787293394e-07,7.381588974433011e-07,7.664871517081101e-07
595,595,72403,81,0.125979081,unverified,0.09664811497465961,0.05358383523325025,0,0.125338912,0.953945696,0.27188651893464194,0,0.0080806762,0.0183814801,0.000281161512,0.0380227119,0.0622704029,0.000281161512,4.7413951073143095e-07,7.18223993003285e-07,4.757137556354853e-07,0.0,False,3.1524619944496417e-08,4.659425586365745e-08,3.1695809626428566e-08,0.0,False,2.481400388240904e-07,4.6140090217764926e-07,2.5051647062066604e-07,0.0,False,1.0,7.18223993003285e-07,6.905723725102314e-07,5.83369267462181e-07,7.402110172919027e-07,7.676459521993197e-07
596,596,72483,81,0.125979111,unverified,0.09669657545152431,0.05354092320028514,0,0.125318706,0.955205917,0.27131961582161457,0,0.00817694888,0.0183544308,9.34446798e-05,0.0380308218,0.0622661784,9.34446798e-05,4.728972005396189e-07,7.172755925140868e-07,4.7443490902380286e-07,0.0,False,3.1432008863288346e-08,4.652596786468225e-08,3.1599138170650386e-08,0.0,False,2.4730656527103004e-07,4.608769328108073e-07,2.4962123596737183e-07,0.0,False,1.0,7.172755925140868e-07,6.902305360965398e-07,5.831032227893708e-07,7.387023595207145e-07,7.669869991093895e-07
597,597,72563,81,0.125979036,unverified,0.096710231126372,0.05352943298979973,0,0.125318244,0.955317914,0.2709879001271799,0,0.00820309669,0.0183469765,0.000286628754,0.038033057,0.0622650161,0.000286628754,4.72129650260659e-07,7.164468353139447e-07,4.7365547097955745e-07,0.0,False,3.13804513471631e-08,4.647358027757453e-08,3.154627104350348e-08,0.0,False,2.4687673824154116e-07,4.6042853558540065e-07,2.491727294385391e-07,0.0,False,1.0,7.164468353139447e-07,6.894673696560119e-07,5.822730749068728e-07,7.36446525029922e-07,7.617588873071781e-07
598,598,72643,81,0.125979617,unverified,0.0967552736752473,0.05348649667841777,0,0.125305146,0.958579421,0.27045079479023876,0,0.00830126368,0.0183189884,0.00011532614,0.0380413495,0.0622606948,0.00011532614,4.71300188110656e-07,7.162292187359076e-07,4.727929328797588e-07,0.0,False,3.130698091663386e-08,4.643982333210084e-08,3.14690741907016e-08,0.0,False,2.461959515071484e-07,4.6028619001638606e-07,2.4843391509660334e-07,0.0,False,1.0,7.162292187359076e-07,6.894839203800335e-07,5.823607988759151e-07,7.362939902940689e-07,7.637715675868389e-07
599,599,72723,81,0.125979066,unverified,0.09678239604659775,0.053461475321369745,0,0.125296414,0.960785329,0.27001303425087864,0,0.00835925248,0.0183021594,0.000305058347,0.0380463302,0.0622581057,0.000305058347,4.7038553845462543e-07,7.155618862343462e-07,4.7185578381586266e-07,0.0,False,3.1238057862542756e-08,4.638759155697933e-08,3.1397431468427486e-08,0.0,False,2.4558881889410656e-07,4.5991208823067894e-07,2.477836438879934e-07,0.0,False,1.0,7.155618862343462e-07,6.889656094401939e-07,5.819070428984163e-07,7.345748260713993e-07,7.604963302632181e-07
600,600,72803,81,0.125978589,unverified,0.09681072099194726,0.05343237656600312,0,0.125291124,0.963087618,0.26960222778316373,0,0.00842737127,0.0182823073,0.000115326227,0.0380522273,0.0622550361,0.000115326227,4.698620018269866e-07,7.15575155880577e-07,4.713060771556462e-07,0.0,False,3.1187471829282804e-08,4.636958825363595e-08,3.134360795861309e-08,0.0,False,2.451168299292877e-07,4.598959067008788e-07,2.4726000218482906e-07,0.0,False,1.0,7.15575155880577e-07,6.889501642686234e-07,5.819582037325844e-07,7.347178065632973e-07,7.609930383755681e-07
601,601,72883,81,0.12597844,unverified,0.09683675127108701,0.053402826314052236,0,0.125292316,0.965314209,0.2693431286468907,0,0.00849745888,0.0182617735,0.000286628609,0.0380581766,0.0622519329,0.000286628609,4.70008098767242e-07,7.165317233233384e-07,4.7143308491258827e-07,0.0,False,3.1174833591788306e-08,4.640447250329266e-08,3.1328447031174764e-08,0.0,False,2.44948561023019e-07,4.603829370097606e-07,2.470526300317105e-07,0.0,False,1.0,7.165317233233384e-07,6.894332082008857e-07,5.828647520384011e-07,7.364504465963298e-07,7.643271637926415e-07
602,602,72963,81,0.12597771,unverified,0.096868281836433,0.05336403097888628,0,0.125271484,0.974231541,0.26938875061411566,0,0.00859090034,0.0182339493,0.000107207132,0.0380654559,0.062248148,0.000107207132,4.716316153103493e-07,7.199879174243768e-07,4.7305912265114283e-07,0.0,False,3.1236092326123407e-08,4.656883741484839e-08,3.138870345370433e-08,0.0,False,2.4532773663030705e-07,4.6218852642554076e-07,2.4740918781467235e-07,0.0,False,1.0,7.199879174243768e-07,6.906671830167962e-07,5.863293372377757e-07,7.451474794522148e-07,7.879707720353558e-07
603,603,73043,81,0.125977769,unverified,0.09688125234666474,0.05335070509784061,0,0.125266984,0.970199525,0.2689733036407193,0,0.00862333085,0.0182242934,0.000286628871,0.0380686894,0.0622464642,0.000286628871,4.70428798598019e-07,7.184291850924608e-07,4.7183152482811953e-07,0.0,False,3.116319923145246e-08,4.647784944386165e-08,3.131380266276979e-08,0.0,False,2.447408405821e-07,4.6135327698229094e-07,2.467976518990872e-07,0.0,False,1.0,7.184291850924608e-07,6.911905778191698e-07,5.846495242632082e-07,7.392462569228668e-07,7.6545925604322e-07
604,604,73123,81,0.125977933,unverified,0.09691666190320891,0.0533110617015896,0,0.125268519,0.97252357,0.26832434007025197,0,0.00872103684,0.0181947369,0.000115326133,0.0380772129,0.0622420311,0.000115326133,4.6954107208628426e-07,7.182802076248966e-07,4.709151687917223e-07,0.0,False,3.108287878422987e-08,4.6439514984757594e-08,3.1229993949268405e-08,0.0,False,2.44024932915458e-07,4.6123727872909636e-07,2.4603032147202487e-07,0.0,False,1.0,7.182802076248966e-07,6.905814936228669e-07,5.843961721868971e-07,7.386626471667692e-07,7.67176179958375e-07
605,605,73203,81,0.125978485,unverified,0.09693429679992004,0.05328787886495178,0,0.125255018,0.974077821,0.26815434759333895,0,0.00877880584,0.0181771666,0.000305058376,0.0380820781,0.0622394942,0.000305058376,4.6956513099595717e-07,7.1874934573626e-07,4.709269009089773e-07,0.0,False,3.107183488833475e-08,4.645673476597898e-08,3.121729613621573e-08,0.0,False,2.438861354534707e-07,4.614760409192514e-07,2.4586514913225053e-07,0.0,False,1.0,7.1874934573626e-07,6.911403532329057e-07,5.850081772838634e-07,7.393886517456439e-07,7.671370945905226e-07
606,606,73283,81,0.125978261,unverified,0.09696072405491685,0.053251808254511666,0,0.125237226,0.978783965,0.26797746714550824,0,0.00887011457,0.01814905,0.000112398789,0.0380897373,0.0622355044,0.000112398789,4.7019087101025443e-07,7.205097478405567e-07,4.7152841440863464e-07,0.0,False,3.1083397873731113e-08,4.653368425012042e-08,3.122537795083873e-08,0.0,False,2.438881067137572e-07,4.6238610836374545e-07,2.458090055118764e-07,0.0,False,1.0,7.205097478405567e-07,6.926539249197905e-07,5.867832363698539e-07,7.422781380564107e-07,7.700603142161937e-07
607,607,73363,81,0.125977859,unverified,0.0969719747314771,0.0532321915460941,0,0.125233904,0.985591769,0.26808027634362996,0,0.00892033987,0.018133454,0.000281161396,0.0380937681,0.0622334071,0.000281161396,4.710443731013776e-07,7.221174171136066e-07,4.7238156346684375e-07,0.0,False,3.1121604263772345e-08,4.661601247919966e-08,3.126286894797568e-08,0.0,False,2.4413467051426833e-07,4.632320014973948e-07,2.460390715657802e-07,0.0,False,1.0,7.221174171136066e-07,6.927086619163852e-07,5.887211653718304e-07,7.456563489875218e-07,7.825651514160618e-07
608,608,73443,81,0.125977397,unverified,0.09699354453323611,0.05319560095028801,0,0.125224739,0.988875747,0.2676752641563441,0,0.00901577994,0.0181036089,9.34445852e-05,0.0381019339,0.0622291602,9.34445852e-05,4.7101107758975947e-07,7.227805175714246e-07,4.723274434633686e-07,0.0,False,3.1096831320544425e-08,4.663775706702745e-08,3.1235277048064236e-08,0.0,False,2.4385628695123625e-07,4.6356682496635054e-07,2.4571462640060767e-07,0.0,False,1.0,7.227805175714246e-07,6.933265278970229e-07,5.89485840640518e-07,7.463820264531712e-07,7.840090616269715e-07
609,609,73523,81,0.125977084,unverified,0.0970011035824097,0.05318432754073718,0,0.12522541,0.989750922,0.26757463697297856,0,0.00904565118,0.018094141,0.000281161483,0.0381045528,0.062227793,0.000281161483,4.710296802747542e-07,7.230521797308285e-07,4.7233612936816117e-07,0.0,False,3.109114460782571e-08,4.66469167540456e-08,3.122844178065011e-08,0.0,False,2.4378717130866743e-07,4.637036363355373e-07,2.4562826486225504e-07,0.0,False,1.0,7.230521797308285e-07,6.939216592212204e-07,5.897881502453806e-07,7.461553912004855e-07,7.813578054866532e-07
610,610,73603,81,0.125976935,unverified,0.09702134899415558,0.05314061905269354,0,0.125226676,0.993184865,0.26760067597899084,0,0.00916242413,0.0180570539,0.00011239887,0.0381143987,0.0622226708,0.000112398862,4.7124279293791963e-07,7.236776722132988e-07,4.7253488418152397e-07,0.0,False,3.1097611955729876e-08,4.6682697126682864e-08,3.123332901972777e-08,0.0,False,2.437439350385937e-07,4.640340384096171e-07,2.455567378800651e-07,0.0,False,1.0,7.236776722132988e-07,6.941979061304525e-07,5.918806191889484e-07,7.481513829590041e-07,7.928029167361075e-07
611,611,73683,81,0.125976697,unverified,0.09702872509337701,0.05312833557268991,0,0.125227526,0.994386733,0.2675255276382616,0,0.00919604022,0.0180461835,0.000296067039,0.0381173268,0.0622211471,0.000296067039,4.7138849197661016e-07,7.241209699290768e-07,4.7267329621957545e-07,0.0,False,3.1099189935683234e-08,4.6701683529591473e-08,3.123378489063523e-08,0.0,False,2.4373256599031965e-07,4.642624820175959e-07,2.45527815889156e-07,0.0,False,1.0,7.241209699290768e-07,6.946089775649459e-07,5.922588229396696e-07,7.487305568195546e-07,7.934357931446207e-07
612,612,73763,81,0.125976935,unverified,0.09704545773125928,0.053095234544306966,0,0.125228152,0.997778475,0.26745083406904846,0,0.00928738713,0.0180166457,0.000112398739,0.0381252281,0.0622170344,0.000112398746,4.721697474547389e-07,7.257937104342064e-07,4.7343791030552105e-07,0.0,False,3.1127240093999265e-08,4.6783558908352013e-08,3.125938565379736e-08,0.0,False,2.438837875324942e-07,4.651373163124671e-07,2.4563984827326553e-07,0.0,False,1.0,7.257937104342064e-07,6.960557902635597e-07,5.940979669584246e-07,7.500445114975586e-07,7.949463959958118e-07
613,613,73843,81,0.125976875,unverified,0.09705627875987433,0.05307742170682522,0,0.125221968,0.998549521,0.2673715236838846,0,0.00933738798,0.018000342,0.000281161512,0.0381296128,0.0622147471,0.000281161512,4.7251474876753505e-07,7.265532977804711e-07,4.737709999740908e-07,0.0,False,3.1137862309759723e-08,4.6821439204506626e-08,3.1268166248893166e-08,0.0,False,2.4392558839072213e-07,4.655354823228836e-07,2.4565131087665763e-07,0.0,False,1.0,7.265532977804711e-07,6.967977491783396e-07,5.949621111200634e-07,7.50696183022733e-07,7.961058636704786e-07
614,614,73923,81,0.125975907,unverified,0.09707442153918981,0.05304413901422852,0,0.125219434,1.00034106,0.26722897054686245,0,0.00943235401,0.0179690197,9.34443815e-05,0.0381378792,0.0622104444,9.3444396e-05,4.7324375322771494e-07,7.283112709211351e-07,4.744769265876199e-07,0.0,False,3.115854514481778e-08,4.690220988623469e-08,3.128571652054285e-08,0.0,False,2.4400909499374633e-07,4.6644765349622616e-07,2.456834509976002e-07,0.0,False,1.0,7.283112709211351e-07,6.981583354316804e-07,5.966488243494771e-07,7.527406124576039e-07,8.013734946063999e-07
615,615,74003,81,0.125975877,unverified,0.09707709259938835,0.053035144561341965,0,0.125223815,1.00165701,0.26718536991622654,0,0.00945817865,0.0179605037,0.000286628579,0.0381401069,0.0622092858,0.000286628579,4.7314242747343835e-07,7.281312551401869e-07,4.743677783648635e-07,0.0,False,3.115300362592622e-08,4.689587628706987e-08,3.127948205807551e-08,0.0,False,2.4394904009905507e-07,4.6635628356515104e-07,2.4561313511735094e-07,0.0,False,1.0,7.281312551401869e-07,6.986416697056963e-07,5.967770455005829e-07,7.513984338911293e-07,7.988649145194321e-07
616,616,74083,81,0.125975043,unverified,0.0970919812898545,0.053002276762623396,0,0.125211388,1.00351632,0.26712909330841383,0,0.00955497939,0.0179281086,0.000115326227,0.0381484404,0.0622049496,0.000115326235,4.741418537681853e-07,7.301471739223347e-07,4.753537363183906e-07,0.0,False,3.119154879005136e-08,4.6995373822838683e-08,3.1316062597882064e-08,0.0,False,2.4418088944215687e-07,4.674111123612254e-07,2.4581263781862636e-07,0.0,False,1.0,7.301471739223347e-07,7.00747316927605e-07,5.98783739754482e-07,7.536948094955034e-07,8.013377868204014e-07
617,617,74162,80,0.125974894,unverified,0.09709771413032522,0.05298315193620729,0,0.125204965,0.998221993,0.26707990076853916,0,0.00961221103,0.0179088619,0.000305058464,0.038153559,0.0622022822,0.000305058464,4.7564636407340726e-07,7.331089083586598e-07,4.768695491994803e-07,0.0,False,3.125203841171699e-08,4.7133356308907645e-08,3.137689169084838e-08,0.0,False,2.446272984340136e-07,4.689519350257763e-07,2.462609659934026e-07,0.0,False,1.0,7.331089083586598e-07,7.0270780471948e-07,6.00308031821799e-07,7.565336949631829e-07,8.113938580120124e-07
618,618,74241,80,0.125974804,unverified,0.09710639477133817,0.052961050794105326,0,0.125200748,1.00114071,0.26698115051576393,0,0.00967940129,0.0178860668,0.00011532614,0.038159389,0.0621992424,0.00011532614,4.762380649363608e-07,7.343396733647484e-07,4.774490666110543e-07,0.0,False,3.1272809872231536e-08,4.719264741158351e-08,3.1396353937221265e-08,0.0,False,2.447505753105404e-07,4.6959392037193205e-07,2.4636441613161137e-07,0.0,False,1.0,7.343396733647484e-07,7.040841659168385e-07,6.013278513830015e-07,7.5898883673991e-07,8.13485103671893e-07
619,619,74320,80,0.125974789,unverified,0.09711872067931882,0.05293870317547599,0,0.125200301,1.00262535,0.2668569911384424,0,0.00974848866,0.0178623833,0.000286628725,0.0381656848,0.0621959679,0.000286628725,4.7675645406644035e-07,7.355136403076629e-07,4.7795625610901e-07,0.0,False,3.128885044070559e-08,4.724828758372774e-08,3.1410429366532024e-08,0.0,False,2.448265881802406e-07,4.7020443311357087e-07,2.4640865982628366e-07,0.0,False,1.0,7.355136403076629e-07,7.051274057266629e-07,6.02445759113857e-07,7.592515117285174e-07,8.139734716071378e-07
620,620,74400,81,0.125975057,unverified,0.09713365349137856,0.05290962536356143,0,0.125179812,1.0120393,0.26717606142117845,0,0.00984066166,0.0178306159,0.000107207619,0.0381731018,0.0621921048,0.000107207627,4.78413354845338e-07,7.382045690907907e-07,4.795911335711877e-07,0.0,False,3.137637021502981e-08,4.739652645890024e-08,3.149522445698978e-08,0.0,False,2.4544070979093563e-07,4.7162652687554587e-07,2.469829508571672e-07,0.0,False,1.0,7.382045690907907e-07,7.072486407798299e-07,6.064142602596962e-07,7.624004880980423e-07,8.147745085475773e-07
621,621,74480,81,0.1259747,unverified,0.0971383847822869,0.0528996915137543,0,0.125177741,1.0087446,0.2671649891365623,0,0.00987260975,0.0178194549,0.000286628667,0.0381762497,0.0621904656,0.000286628667,4.787753720491662e-07,7.390251097011571e-07,4.79954744253236e-07,0.0,False,3.138909992333495e-08,4.743200222999479e-08,3.150777165796362e-08,0.0,False,2.455240074384494e-07,4.7204840044574464e-07,2.470610936550377e-07,0.0,False,1.0,7.390251097011571e-07,7.08038312882226e-07,6.066919135674613e-07,7.630287829003851e-07,8.177819202378627e-07
622,622,74560,81,0.125974566,unverified,0.0971512633275202,0.052870131656095644,0,0.12516135,1.00947654,0.2668495889254102,0,0.00996897556,0.0177857894,0.000115326126,0.0381848142,0.0621860102,0.000115326118,4.795416144195723e-07,7.408640708228134e-07,4.807077770535438e-07,0.0,False,3.14070907345062e-08,4.75122737785827e-08,3.152394660978418e-08,0.0,False,2.456175378924627e-07,4.729977131585241e-07,2.471249164727169e-07,0.0,False,1.0,7.408640708228134e-07,7.101167445106301e-07,6.073726412786233e-07,7.661325071898352e-07,8.219504132265672e-07
623,623,74640,81,0.125973985,unverified,0.09716297020495192,0.05285329225121049,0,0.125152439,1.02128434,0.2671702631967299,0,0.010025884,0.0177656077,0.000305058493,0.0381891765,0.0621837415,0.000305058493,4.807187708571632e-07,7.426374761472968e-07,4.818666997367223e-07,0.0,False,3.1474639728932344e-08,4.761643205466555e-08,3.158933940551512e-08,0.0,False,2.4609077499581635e-07,4.739406976667004e-07,2.4756811948350143e-07,0.0,False,1.0,7.426374761472968e-07,7.114785291509741e-07,6.10729631953319e-07,7.664908679489054e-07,8.167626423002026e-07
624,624,74720,81,0.125973657,unverified,0.09717264962263987,0.05282683840053065,0,0.125140369,1.01835859,0.26698190666074834,0,0.0101158936,0.0177335739,0.000112399022,0.038198065,0.0621791147,0.000112399022,4.814765684354468e-07,7.442301824898126e-07,4.826262680324525e-07,0.0,False,3.149875852658199e-08,4.769003725740736e-08,3.161316123194619e-08,0.0,False,2.462439006897594e-07,4.747674094673603e-07,2.477108708183396e-07,0.0,False,1.0,7.442301824898126e-07,7.13565256064506e-07,6.111160143957088e-07,7.693086707172198e-07,8.271627719128997e-07
625,625,74800,81,0.125973657,unverified,0.09718195618546015,0.05281271065870598,0,0.125131041,1.02124524,0.2670275058871714,0,0.0101653952,0.0177158192,0.000281161425,0.0382024124,0.062176846,0.000281161425,4.825900849985463e-07,7.462403336361252e-07,4.837287991828568e-07,0.0,False,3.154925828888282e-08,4.7790380240168174e-08,3.16620717750422e-08,0.0,False,2.4660925802816217e-07,4.7581735277220633e-07,2.4805387985813844e-07,0.0,False,1.0,7.462403336361252e-07,7.154964266083953e-07,6.128877281914866e-07,7.711873740452451e-07,8.255302634237126e-07
626,626,74880,81,0.125973701,unverified,0.0971967714492741,0.05278649340433221,0,0.125130445,1.03048348,0.2674780222991472,0,0.0102594094,0.0176817402,9.34445925e-05,0.0382097736,0.0621730126,9.34445925e-05,4.847355895400807e-07,7.496377420517564e-07,4.858594434728488e-07,0.0,False,3.166510580820694e-08,4.7977486030023264e-08,3.177600196624719e-08,0.0,False,2.4744729039070535e-07,4.776089074285589e-07,2.4886482395048176e-07,0.0,False,1.0,7.496377420517564e-07,7.18241409012428e-07,6.175655718630119e-07,7.736185217418312e-07,8.258259146412332e-07
627,627,74960,81,0.125974,unverified,0.09720042480192964,0.05277838288588995,0,0.125121295,1.03233397,0.26751972025520787,0,0.0102888681,0.0176710617,0.000281161309,0.0382123329,0.0621716864,0.000281161309,4.851115666897824e-07,7.501091431404569e-07,4.862293198434479e-07,0.0,False,3.168589403194726e-08,4.800899745589839e-08,3.179606522797397e-08,0.0,False,2.4759279160821134e-07,4.778652348412136e-07,2.489987440044169e-07,0.0,False,1.0,7.501091431404569e-07,7.193271493552114e-07,6.182599916370396e-07,7.733993094565187e-07,8.233699040247687e-07
628,628,75039,80,0.125973105,unverified,0.09721374141634752,0.05274753563972553,0,0.125098944,1.02789772,0.2677439768130678,0,0.0104038538,0.0176287554,0.000112398739,0.0382227749,0.062166255,0.000112398739,4.87602698306671e-07,7.541577885106169e-07,4.887227124551753e-07,0.0,False,3.1807928459335955e-08,4.822556808461932e-08,3.1916755567020185e-08,0.0,False,2.4847390172916886e-07,4.799957263650652e-07,2.4984838355660323e-07,0.0,False,1.0,7.541577885106169e-07,7.223950412913313e-07,6.218689584404451e-07,7.803480172035818e-07,8.409837634419147e-07
629,629,75118,80,0.125973016,unverified,0.09721737604351875,0.05273884658561595,0,0.125106484,1.02862132,0.2677470814121512,0,0.0104369987,0.0176165216,0.00029606701,0.0382257067,0.0621647239,0.00029606701,4.881315352358e-07,7.551420838523021e-07,4.892459345059581e-07,0.0,False,3.1830948585612254e-08,4.8274200226457346e-08,3.1939010145206007e-08,0.0,False,2.4863415893361546e-07,4.805081062469055e-07,2.4999680318558787e-07,0.0,False,1.0,7.551420838523021e-07,7.233813418748511e-07,6.227820542574413e-07,7.812017821146289e-07,8.417212342500534e-07
630,630,75197,80,0.125972509,unverified,0.09722877409261396,0.0527159330404905,0,0.12509045,1.03122294,0.2678431843615339,0,0.0105269467,0.0175829679,0.000112398455,0.0382336006,0.0621606149,0.000112398455,4.898773628788153e-07,7.582268606407162e-07,4.909822063703133e-07,0.0,False,3.1912342871768445e-08,4.842960193742987e-08,3.201883121998044e-08,0.0,False,2.492221809356103e-07,4.8211667622806e-07,2.505596240718271e-07,0.0,False,1.0,7.582268606407162e-07,7.262819689373586e-07,6.255215341490094e-07,7.845880429533039e-07,8.452965702494633e-07
631,631,75276,80,0.125972331,unverified,0.09723502764563496,0.05270372111284332,0,0.125063837,1.0339179,0.26784005282850804,0,0.0105761765,0.0175644699,0.000281161338,0.0382382721,0.062158186,0.000281161338,4.905216917944431e-07,7.594301404920291e-07,4.916216011339004e-07,0.0,False,3.194029201073608e-08,4.848859090941944e-08,3.204605683419443e-08,0.0,False,2.494183486974824e-07,4.827419503374755e-07,2.507439813563492e-07,0.0,False,1.0,7.594301404920291e-07,7.274874585662433e-07,6.262999138081252e-07,7.861564967211375e-07,8.471414524556955e-07
632,632,75355,80,0.125972316,unverified,0.09724271142638723,0.052681063962618145,0,0.125023216,1.04947305,0.2685119457218515,0,0.0106697157,0.0175291076,9.34443815e-05,0.0382460728,0.0621541254,9.34443888e-05,4.93815040767304e-07,7.646085714437933e-07,4.949203081158406e-07,0.0,False,3.21167993752965e-08,4.8768274362168185e-08,3.222233486210743e-08,0.0,False,2.507275817078269e-07,4.854597733708506e-07,2.520435879644755e-07,0.0,False,1.0,7.646085714437933e-07,7.31222011295598e-07,6.324725487008856e-07,7.931446321108276e-07,8.662249711180632e-07
633,633,75434,80,0.125972152,unverified,0.0972483059906629,0.05267419773573841,0,0.125010252,1.05057025,0.26849323008023623,0,0.0106989825,0.017517915,0.000281161396,0.038248647,0.062152788,0.000281161396,4.946847480883472e-07,7.663002965291878e-07,4.957878687913979e-07,0.0,False,3.215226483607076e-08,4.884680309863111e-08,3.2257222174527936e-08,0.0,False,2.50991659150538e-07,4.863332960167358e-07,2.5229901300909737e-07,0.0,False,1.0,7.663002965291878e-07,7.32513385449487e-07,6.333696448936019e-07,7.953550575972837e-07,8.686971158449621e-07
634,634,75514,81,0.125972524,unverified,0.09727014494770989,0.05264793209557258,0,0.124961533,1.04796767,0.268680046911211,0,0.0108133955,0.0174740795,0.00011239887,0.0382591076,0.0621473417,0.000112398855,4.964819441312856e-07,7.69251521861967e-07,4.975561827220235e-07,0.0,False,3.224287379758227e-08,4.9004240411546955e-08,3.2344090999489683e-08,0.0,False,2.516417310724568e-07,4.878780345359414e-07,2.5289753874652715e-07,0.0,False,1.0,7.69251521861967e-07,7.365957131380408e-07,6.367198925639413e-07,7.944649394616472e-07,8.530494359931505e-07
635,635,75594,81,0.125972345,unverified,0.09727198437206115,0.0526405822859215,0,0.124949373,1.04349279,0.2688237077069765,0,0.0108467536,0.0174610987,0.000305058347,0.0382618643,0.0621459074,0.000305058347,4.972293788556596e-07,7.702074699602526e-07,4.983107927136609e-07,0.0,False,3.228526396924392e-08,4.906412429913443e-08,3.2386942256838533e-08,0.0,False,2.5195941567935683e-07,4.883910287643846e-07,2.532190953151995e-07,0.0,False,1.0,7.702074699602526e-07,7.368971500335904e-07,6.378105968241081e-07,7.976016913556492e-07,8.635495100279642e-07
636,636,75673,80,0.12597245,unverified,0.09727790088870522,0.0526261779263944,0,0.124920629,1.05523467,0.2689722038386287,0,0.0109128756,0.0174353682,0.000115326227,0.0382678807,0.0621427745,0.000115326227,4.988159784263551e-07,7.730499947887035e-07,4.999016804222478e-07,0.0,False,3.2361160934897825e-08,4.9203590570198906e-08,3.246330485038158e-08,0.0,False,2.525242628892747e-07,4.898629939893136e-07,2.5378786694061827e-07,0.0,False,1.0,7.730499947887035e-07,7.398623218938396e-07,6.400285931369767e-07,8.006851645059589e-07,8.699999303373961e-07
637,637,75752,80,0.125972703,unverified,0.09728865399533397,0.052611764985035614,0,0.124892995,1.05677462,0.26930013219646876,0,0.0109808994,0.0174087882,0.000286628841,0.0382737704,0.0621397048,0.000286628871,5.011198261309578e-07,7.7672440717498e-07,5.022036266159029e-07,0.0,False,3.247937351324708e-08,4.939948775970382e-08,3.258038941053414e-08,0.0,False,2.5340358435521434e-07,4.917856553194778e-07,2.5464826938643807e-07,0.0,False,1.0,7.7672440717498e-07,7.424183015543335e-07,6.438580237719182e-07,8.051117028174932e-07,8.775166887271263e-07
638,638,75831,80,0.125971735,unverified,0.09730313610429603,0.05259338379853361,0,0.124858849,1.05652094,0.2692402833249742,0,0.0110715488,0.0173729025,0.000107207568,0.0382817239,0.062135566,0.000107207568,5.020725900788254e-07,7.784408529591894e-07,5.031370469734627e-07,0.0,False,3.2520853597373996e-08,4.948729042421456e-08,3.261960826897937e-08,0.0,False,2.5368363913374253e-07,4.926788710720228e-07,2.5489410697298806e-07,0.0,False,1.0,7.784408529591894e-07,7.453291582962094e-07,6.453975938111554e-07,8.06351409918908e-07,8.745400885218146e-07
639,639,75910,80,0.125971705,unverified,0.09730778987240428,0.05258716528456205,0,0.124844775,1.05989492,0.2693822614684999,0,0.0111030135,0.017360447,0.000286628871,0.0382846259,0.0621340498,0.000286628871,5.031838508691627e-07,7.803754640308644e-07,5.04251341219414e-07,0.0,False,3.2574898882451206e-08,4.958368449603687e-08,3.2673579618826045e-08,0.0,False,2.54088065700264e-07,4.936815842391293e-07,2.552959519935765e-07,0.0,False,1.0,7.803754640308644e-07,7.466188715607213e-07,6.471178187858933e-07,8.084444215474128e-07,8.794644440544774e-07
640,640,75989,80,0.125971213,unverified,0.09732182546614189,0.052569174762005545,0,0.124808446,1.06604207,0.26988068407190957,0,0.0111977616,0.0173224621,0.000115326104,0.0382932089,0.0621295944,0.000115326111,5.0594845075134e-07,7.846811839083623e-07,5.070142752678366e-07,0.0,False,3.272192501233367e-08,4.981604744974296e-08,3.2819905062717607e-08,0.0,False,2.551836458383556e-07,4.959326966686783e-07,2.563781100904498e-07,0.0,False,1.0,7.846811839083623e-07,7.508848391160152e-07,6.517956526168209e-07,8.122196358604924e-07,8.854401732028669e-07
641,641,76068,80,0.125971302,unverified,0.09732810599802175,0.0525605792712793,0,0.124791048,1.06848991,0.27000857527598304,0,0.011244325,0.0173037127,0.000305058114,0.0382973589,0.0621274225,0.000305058114,5.072075946089295e-07,7.868004678635245e-07,5.082722441231072e-07,0.0,False,3.278367420624796e-08,4.9924460824043036e-08,3.288129967571944e-08,0.0,False,2.556447843126447e-07,4.970337435120644e-07,2.568336975977784e-07,0.0,False,1.0,7.868004678635245e-07,7.528474945785584e-07,6.53721707161067e-07,8.146299952408866e-07,8.881581848804651e-07
642,642,76147,80,0.125971422,unverified,0.09733411801119733,0.05254715438972425,0,0.124758646,1.07119846,0.27027783172334074,0,0.0113195218,0.0172732342,0.000115326307,0.0383041762,0.0621238798,0.000115326307,5.093232253999239e-07,7.902361703241429e-07,5.104075488440718e-07,0.0,False,3.288969996604928e-08,5.0099632968658124e-08,3.298871257573009e-08,0.0,False,2.5645503392797985e-07,4.988169242147617e-07,2.576569987341806e-07,0.0,False,1.0,7.902361703241429e-07,7.556294668180107e-07,6.557155700544484e-07,8.168568257414914e-07,8.940291838955694e-07
643,643,76226,80,0.125971332,unverified,0.09734601508172026,0.052535685865636464,0,0.124732777,1.07758009,0.27065579862938455,0,0.0113871107,0.0172455627,0.00028662855,0.0383100063,0.0621208437,0.00028662855,5.116699221693262e-07,7.940311312882405e-07,5.127449393774202e-07,0.0,False,3.301047753373206e-08,5.029946573407073e-08,3.310830150816392e-08,0.0,False,2.5735625937310245e-07,5.007923298491164e-07,2.5854106535191936e-07,0.0,False,1.0,7.940311312882405e-07,7.591145287667734e-07,6.59964457440077e-07,8.210238272991278e-07,8.996489703237916e-07
644,644,76305,80,0.125971749,unverified,0.0973586776646299,0.05252310786484146,0,0.124703303,1.08057523,0.2708140160616771,0,0.0114637865,0.0172140859,0.000112398651,0.038317088,0.0621171556,0.000112398651,5.135465162309972e-07,7.972617275005739e-07,5.146200317210227e-07,0.0,False,3.3100529939969454e-08,5.046107903578393e-08,3.319773442933698e-08,0.0,False,2.580302480350998e-07,5.024629812738035e-07,2.5920443849445696e-07,0.0,False,1.0,7.972617275005739e-07,7.622176703775707e-07,6.623321090944391e-07,8.237385985190839e-07,9.042412398350255e-07
645,645,76384,80,0.125971287,unverified,0.09736763178600145,0.0525155803246326,0,0.124684334,1.08250284,0.271030307973324,0,0.01151234,0.0171938762,0.000281161338,0.0383214243,0.0621148944,0.000281161338,5.149944433436547e-07,7.996036186786871e-07,5.160655847879418e-07,0.0,False,3.317458142010655e-08,5.058389344261803e-08,3.327125881727579e-08,0.0,False,2.5858410749585023e-07,5.036800862551901e-07,2.597497985813303e-07,0.0,False,1.0,7.996036186786871e-07,7.644233069710213e-07,6.646695484499266e-07,8.260120436183332e-07,9.065895431858404e-07
646,646,76463,80,0.125971392,unverified,0.09738572063665989,0.05250172209346516,0,0.124654293,1.08608878,0.27144256662536137,0,0.0116046611,0.017155448,9.34446216e-05,0.0383295901,0.0621106438,9.34446289e-05,5.183199294239792e-07,8.052902154722097e-07,5.193912158162559e-07,0.0,False,3.33380301622637e-08,5.087079995971265e-08,3.343370154212562e-08,0.0,False,2.59804379871259e-07,5.066185621606222e-07,2.609537817391161e-07,0.0,False,1.0,8.052902154722097e-07,7.680486039395888e-07,6.703255199598143e-07,8.322663563062612e-07,9.165912085954018e-07
647,647,76542,80,0.125971228,unverified,0.09739268425303979,0.05249760724129983,0,0.124646559,1.08768404,0.27148074902271735,0,0.0116335396,0.0171432886,0.000281161454,0.0383322909,0.0621092394,0.000281161454,5.186031271185067e-07,8.05586636408588e-07,5.196636917564967e-07,0.0,False,3.335533457675615e-08,5.089417543164166e-08,3.3450214021327205e-08,0.0,False,2.5992544022215567e-07,5.067825729335283e-07,2.6106456294105457e-07,0.0,False,1.0,8.05586636408588e-07,7.699211013113013e-07,6.710616206363725e-07,8.318231220773911e-07,9.122658486657224e-07
648,648,76620,79,0.125970945,unverified,0.09740972827208504,0.05248226106828334,0,0.124617346,1.09177756,0.2714674937002005,0,0.0117463758,0.0170955453,0.00011239868,0.0383431539,0.0621035844,0.00011239868,5.213322211534938e-07,8.109668909420585e-07,5.223969359429754e-07,0.0,False,3.346886141494743e-08,5.1137916815276535e-08,3.356322499908185e-08,0.0,False,2.60779300944599e-07,5.095272703584329e-07,2.6190739077885866e-07,0.0,False,1.0,8.109668909420585e-07,7.742498036391892e-07,6.736311867312743e-07,8.357251160003968e-07,9.218840151021178e-07
649,649,76698,79,0.125971138,unverified,0.09741468212432483,0.05247804054789819,0,0.124609545,1.09315813,0.27151277046193373,0,0.0117789032,0.0170817524,0.00029606701,0.0383463092,0.0621019453,0.00029606701,5.217223161810326e-07,8.115051163781235e-07,5.227814959111429e-07,0.0,False,3.3489961158244894e-08,5.1170036766077e-08,3.358394104048006e-08,0.0,False,2.6093508663010354e-07,5.098118057532222e-07,2.6205772619453664e-07,0.0,False,1.0,8.115051163781235e-07,7.758582007132774e-07,6.741456175210092e-07,8.36599810350771e-07,9.207208323539004e-07
650,650,76777,80,0.125970468,unverified,0.09743487154568727,0.052467536146211184,0,0.12458811,1.09802985,0.2724303460561044,0,0.0118670985,0.0170438271,0.000112398826,0.0383535773,0.0620981641,0.000112398833,5.259045031595436e-07,8.176728788535666e-07,5.269561521956722e-07,0.0,False,3.372009779014318e-08,5.1513922536280424e-08,3.381276991246524e-08,0.0,False,2.626662983098371e-07,5.130317171284734e-07,2.637698905996913e-07,0.0,False,1.0,8.176728788535666e-07,7.814352713393196e-07,6.821797984505856e-07,8.443989939883534e-07,9.280215223635597e-07
651,651,76856,80,0.125970632,unverified,0.09744312494907882,0.05246190874117741,0,0.12457636,1.10032427,0.27260744669900716,0,0.0119154127,0.0170230512,0.000281161658,0.0383580662,0.0620958284,0.000281161658,5.275445179405608e-07,8.206376914434259e-07,5.286018452464523e-07,0.0,False,3.379773020961866e-08,5.1655229530211435e-08,3.3890417527565655e-08,0.0,False,2.6325231452363154e-07,5.145476225141428e-07,2.643540667061705e-07,0.0,False,1.0,8.206376914434259e-07,7.838167069468142e-07,6.843201341625367e-07,8.464527129558979e-07,9.320386505277243e-07
652,652,76935,80,0.125970349,unverified,0.09746312352412513,0.05245223423214045,0,0.124552399,1.10127687,0.27293254602975253,0,0.0120070977,0.0169831291,9.34448399e-05,0.0383662358,0.0620915703,9.34448399e-05,5.298010755261393e-07,8.241473872333488e-07,5.308447647971659e-07,0.0,False,3.3915421410342367e-08,5.184573526554232e-08,3.400669311105375e-08,0.0,False,2.6412876974501794e-07,5.163723448217445e-07,2.6521166911817475e-07,0.0,False,1.0,8.241473872333488e-07,7.879837670630099e-07,6.8824919031811e-07,8.538624337906269e-07,9.365950025353003e-07
653,653,77014,80,0.125970393,unverified,0.09746851990298926,0.05244973805387637,0,0.124545887,1.10154033,0.2729980644843384,0,0.0120320143,0.0169722419,0.000286628579,0.0383685753,0.0620903559,0.000286628579,5.303591460345638e-07,8.25111394939916e-07,5.314012144146847e-07,0.0,False,3.3942840691567015e-08,5.1894118880670544e-08,3.4033823706744696e-08,0.0,False,2.643324936204349e-07,5.168678850796581e-07,2.654114650709624e-07,0.0,False,1.0,8.25111394939916e-07,7.889518944648983e-07,6.891600173053963e-07,8.546008140267625e-07,9.377881436575301e-07
654,654,77093,80,0.125970542,unverified,0.09748741906409027,0.05244092034665643,0,0.124524616,1.10569882,0.27339156246410334,0,0.0121254753,0.0169311985,0.000115326395,0.0383771323,0.0620859005,0.000115326395,5.339678296511179e-07,8.314136391023326e-07,5.350115829644901e-07,0.0,False,3.411528558105431e-08,5.22022329152497e-08,3.4205777516002036e-08,0.0,False,2.6564001579481436e-07,5.200976103331082e-07,2.6671067859045386e-07,0.0,False,1.0,8.314136391023326e-07,7.938913330087134e-07,6.94257882779274e-07,8.623946517260406e-07,9.493376979567271e-07
655,655,77172,80,0.125970185,unverified,0.09749671580681363,0.05243699445840576,0,0.124515712,1.11074042,0.2737262098293284,0,0.0121713551,0.0169108324,0.000305058347,0.0383813083,0.0620837286,0.000305058347,5.358576646855073e-07,8.342942705902115e-07,5.369098188069918e-07,0.0,False,3.421486627145973e-08,5.235770233630081e-08,3.4305777898436314e-08,0.0,False,2.6639602042699954e-07,5.215917645880506e-07,2.6747023846729793e-07,0.0,False,1.0,8.342942705902115e-07,7.966973708184636e-07,6.969906184604976e-07,8.648901899829335e-07,9.547894020045238e-07
656,656,77251,80,0.125970334,unverified,0.09751029494548286,0.05243098936450045,0,0.124500014,1.11317372,0.2740588299808993,0,0.0122455144,0.016877912,0.000115326198,0.0383881144,0.0620801821,0.000115326191,5.378384566371274e-07,8.375330941416662e-07,5.388831094048862e-07,0.0,False,3.431684771166778e-08,5.252446045461157e-08,3.4407143926108794e-08,0.0,False,2.671636710630703e-07,5.232584507444543e-07,2.6822925000670616e-07,0.0,False,1.0,8.375330941416662e-07,8.008366736044574e-07,7.001625076511376e-07,8.675614368462141e-07,9.535079039246993e-07
657,657,77329,79,0.125969902,unverified,0.09752348242463364,0.05242616178891673,0,0.124484248,1.12146735,0.27399495072385077,0,0.0123121208,0.0168479513,0.000286628667,0.0383950546,0.0620765649,0.000286628667,5.405291731884449e-07,8.431498301558032e-07,5.415909248139629e-07,0.0,False,3.442016463180423e-08,5.2763977106568747e-08,3.451124808156778e-08,0.0,False,2.679629540432286e-07,5.260888797041183e-07,2.69036002204939e-07,0.0,False,1.0,8.431498301558032e-07,8.046350338208797e-07,7.018389369542206e-07,8.705933535154977e-07,9.675710710491136e-07
658,658,77407,79,0.12597011,unverified,0.09754047094986813,0.052420481321183494,0,0.12447606,1.12512052,0.27448408582322925,0,0.0124009987,0.0168078747,0.000107207154,0.0384030789,0.0620723888,0.000107207154,5.434157702064142e-07,8.478033165211587e-07,5.444808283111988e-07,0.0,False,3.456822223577843e-08,5.3004591775619225e-08,3.465931182941184e-08,0.0,False,2.690849517341149e-07,5.284821518323197e-07,2.701565257335486e-07,0.0,False,1.0,8.478033165211587e-07,8.089663622373072e-07,7.061499012940667e-07,8.751853823780462e-07,9.728654181781538e-07
659,659,77486,80,0.125970051,unverified,0.09755127177269445,0.05241877159939394,0,0.12446855,1.12682462,0.2751567984675185,0,0.0124318032,0.0167938713,0.000286628638,0.0384053774,0.0620711967,0.000286628638,5.455922153786993e-07,8.506782122396406e-07,5.466496948722723e-07,0.0,False,3.469879785509098e-08,5.317928904067995e-08,3.4789128078626246e-08,0.0,False,2.700614843298414e-07,5.299897567470012e-07,2.711235414010158e-07,0.0,False,1.0,8.506782122396406e-07,8.121805599441157e-07,7.115952264363512e-07,8.805034975731166e-07,9.735154234795253e-07
660,660,77565,80,0.125969648,unverified,0.09757300565479606,0.052414195670321476,0,0.124457143,1.13127553,0.27567396354314894,0,0.0125246113,0.0167513695,0.000115326249,0.0384139903,0.0620667189,0.000115326256,5.484434564668587e-07,8.549849040001791e-07,5.494966008864487e-07,0.0,False,3.4850691876371075e-08,5.341360784847338e-08,3.494067130912666e-08,0.0,False,2.7121054690239436e-07,5.322172896012909e-07,2.722675187787267e-07,0.0,False,1.0,8.549849040001791e-07,8.177055690511032e-07,7.159107344996396e-07,8.847657667624467e-07,9.758775521186117e-07
661,661,77644,80,0.125969976,unverified,0.09758450735433394,0.052412170912007436,0,0.124455139,1.12947798,0.27578525759078476,0,0.0125702498,0.0167304687,0.000305058347,0.0384182073,0.0620645098,0.000305058347,5.495246896651038e-07,8.569327263229998e-07,5.505752157455249e-07,0.0,False,3.490198934929439e-08,5.3507822752478866e-08,3.4991443372875945e-08,0.0,False,2.715923587978625e-07,5.332085470188805e-07,2.726423326756989e-07,0.0,False,1.0,8.569327263229998e-07,8.196044645986487e-07,7.176092634634917e-07,8.862507586474946e-07,9.785511201872425e-07
662,662,77723,80,0.125969335,unverified,0.09760737008584978,0.05240899387595443,0,0.124440819,1.13868153,0.2764494468654123,0,0.0126661295,0.0166859142,0.000112398899,0.0384272523,0.0620598048,0.000112398906,5.536910977542445e-07,8.637542601776615e-07,5.547474251498117e-07,0.0,False,3.511218896968022e-08,5.38545677532617e-08,3.520203069353455e-08,0.0,False,2.731926993938583e-07,5.367008173630982e-07,2.7424581105143545e-07,0.0,False,1.0,8.637542601776615e-07,8.260165571912541e-07,7.23620902381826e-07,8.935637089391639e-07,9.867954829007079e-07
663,663,77801,79,0.125969514,unverified,0.0976211402873494,0.05240762587497562,0,0.124437347,1.13782465,0.2761044147223869,0,0.0127138142,0.0166637395,0.000281161367,0.0384323746,0.0620571412,0.000281161367,5.536796326026256e-07,8.644115416852449e-07,5.547333650857093e-07,0.0,False,3.5091598854030126e-08,5.386446633005747e-08,3.5180933531344745e-08,0.0,False,2.730351502340899e-07,5.370105732447823e-07,2.7408146042106927e-07,0.0,False,1.0,8.644115416852449e-07,8.274182038467607e-07,7.218552547653748e-07,8.921290764890148e-07,9.89987379660222e-07
664,664,77880,80,0.125969023,unverified,0.0976453334941288,0.052406066209952744,0,0.124441192,1.14150631,0.2772334591515795,0,0.0128042968,0.0166211594,9.34448981e-05,0.0384402759,0.0620530285,9.34448908e-05,5.578263953803795e-07,8.703596127638855e-07,5.588829524722548e-07,0.0,False,3.532656819703354e-08,5.420064924181172e-08,3.541600300044132e-08,0.0,False,2.7480744293328377e-07,5.400911591728489e-07,2.7585401556666835e-07,0.0,False,1.0,8.703596127638855e-07,8.334841871130584e-07,7.301772248890235e-07,8.980007765272029e-07,9.92917894890436e-07
665,665,77958,79,0.125968993,unverified,0.09765354417370238,0.0524056700224613,0,0.124439232,1.14362335,0.2768613322786585,0,0.0128326323,0.01660778,0.000281161483,0.0384438708,0.0620511547,0.000281161483,5.580135141788459e-07,8.717181042562505e-07,5.590741470125524e-07,0.0,False,3.530872646068269e-08,5.422969900550305e-08,3.539825297132202e-08,0.0,False,2.746806813332219e-07,5.407369420779669e-07,2.757278473850424e-07,0.0,False,1.0,8.717181042562505e-07,8.340776425662083e-07,7.283226500014147e-07,8.973774146499299e-07,9.996622434323583e-07
666,666,78037,80,0.125968829,unverified,0.09768389784629201,0.05240539906231833,0,0.124437012,1.14663184,0.27807166721430576,0,0.0129432809,0.0165551696,0.000112398411,0.0384529419,0.0620464347,0.000112398411,5.637054637426491e-07,8.808416723350879e-07,5.647635024341458e-07,0.0,False,3.560536359416873e-08,5.4701097252332024e-08,3.569443850378187e-08,0.0,False,2.7692957469107536e-07,5.454009897291569e-07,2.7797112258910966e-07,0.0,False,1.0,8.808416723350879e-07,8.415646026031913e-07,7.385554462702239e-07,9.118675760878959e-07,1.0110057585523708e-06
667,667,78116,80,0.125968724,unverified,0.0976926994790293,0.05240555931146037,0,0.12443801,1.14850509,0.2783147887326996,0,0.0129751405,0.0165398996,0.000296067155,0.0384559035,0.0620448925,0.000296067155,5.649896564119066e-07,8.829405942168805e-07,5.660507283845829e-07,0.0,False,3.567075247131978e-08,5.480769360133595e-08,3.576007492146223e-08,0.0,False,2.774265320167895e-07,5.464709808294278e-07,2.7847084642204425e-07,0.0,False,1.0,8.829405942168805e-07,8.435289370560563e-07,7.404667650021866e-07,9.140653333195254e-07,1.0139033408411467e-06
668,668,78194,79,0.125968993,unverified,0.09771458887327804,0.05240640886825406,0,0.12444251,1.16120863,0.27880219047767074,0,0.0130616799,0.0164983366,0.000112398382,0.0384644009,0.0620404705,0.000112398382,5.675336683123436e-07,8.873281359018972e-07,5.686026404504644e-07,0.0,False,3.579325784039183e-08,5.5020620832750124e-08,3.5883561016832075e-08,0.0,False,2.783704108039695e-07,5.486965690139582e-07,2.794267676674142e-07,0.0,False,1.0,8.873281359018972e-07,8.492480836942689e-07,7.428304461300544e-07,9.146779191433103e-07,1.0209607337543328e-06
669,669,78272,79,0.125968531,unverified,0.09772944444131468,0.0524074087215221,0,0.12444631,1.16345799,0.2791989023551332,0,0.0131089725,0.0164753292,0.000281161425,0.0384688638,0.0620381422,0.000281161425,5.696616955317959e-07,8.910535899744233e-07,5.707308149714582e-07,0.0,False,3.5896288258099825e-08,5.520042674394831e-08,3.5986571005591326e-08,0.0,False,2.791562967349734e-07,5.50581786224753e-07,2.8021270823750843e-07,0.0,False,1.0,8.910535899744233e-07,8.525227768331124e-07,7.458846273043448e-07,9.186210816092699e-07,1.0260626792153008e-06
670,670,78351,80,0.12596871,unverified,0.09776120753907865,0.05240973411841814,0,0.124453299,1.16275394,0.2796613294793155,0,0.0131988944,0.0164315812,9.34443524e-05,0.0384777933,0.0620334968,9.34443451e-05,5.717099223799286e-07,8.945114112276593e-07,5.727719916974965e-07,0.0,False,3.599983982184078e-08,5.53751229356909e-08,3.608958817050338e-08,0.0,False,2.7993528506234835e-07,5.523402464761787e-07,2.8098598294781855e-07,0.0,False,1.0,8.945114112276593e-07,8.571207324768668e-07,7.487939873133854e-07,9.189555320585671e-07,1.0242551631230273e-06
671,671,78430,80,0.125968575,unverified,0.09776710857947127,0.05241066376283122,0,0.124455415,1.16358173,0.2805696076702474,0,0.0132232998,0.0164195914,0.000286628696,0.0384792127,0.0620327592,0.000286628696,5.7390562911189e-07,8.971318723701693e-07,5.74961489683263e-07,0.0,False,3.6138975936836775e-08,5.554342512053562e-08,3.622860618672215e-08,0.0,False,2.809877100107128e-07,5.537136498334068e-07,2.820376637007006e-07,0.0,False,1.0,8.971318723701693e-07,8.604021456507726e-07,7.542698821385212e-07,9.24280385938978e-07,1.0213429496255867e-06
672,672,78509,80,0.125968128,unverified,0.09780013892991149,0.05241443806510556,0,0.124464691,1.16599548,0.2812571770176623,0,0.0133148301,0.0163743999,0.000115325973,0.0384880081,0.0620281771,0.000115325973,5.775606063800756e-07,9.035400971033662e-07,5.78618232977714e-07,0.0,False,3.631481500075215e-08,5.585253686685773e-08,3.6404460481595154e-08,0.0,False,2.823266793891172e-07,5.569505879618414e-07,2.8337738701356564e-07,0.0,False,1.0,9.035400971033662e-07,8.662017450606218e-07,7.591223962132322e-07,9.310573185737045e-07,1.0307913766351462e-06
673,673,78588,80,0.125968426,unverified,0.09781607835644934,0.052416539504843075,0,0.12446928,1.16838253,0.28170767865374086,0,0.0133598391,0.0163521785,0.000305058347,0.0384921283,0.0620260388,0.000305058347,5.797509471598329e-07,9.070731222910656e-07,5.808119251321115e-07,0.0,False,3.642631667108056e-08,5.603368480996927e-08,3.651614749561205e-08,0.0,False,2.8317323311793276e-07,5.58747264851129e-07,2.842262457572621e-07,0.0,False,1.0,9.070731222910656e-07,8.694016828217211e-07,7.626098646819359e-07,9.3501530188881e-07,1.0357378874858716e-06
674,674,78667,80,0.125967845,unverified,0.09784405782434251,0.05242067137962108,0,0.124474116,1.17517197,0.2823968990410345,0,0.0134323938,0.0163158588,0.000115326191,0.0384990498,0.0620224252,0.000115326184,5.824620503337029e-07,9.113708871446655e-07,5.835332357577637e-07,0.0,False,3.656746147289122e-08,5.6256605099365695e-08,3.6658178541746855e-08,0.0,False,2.8424846428786844e-07,5.609349609755744e-07,2.853126496462184e-07,0.0,False,1.0,9.113708871446655e-07,8.740375247235454e-07,7.666323466449614e-07,9.373755808326309e-07,1.0433455138440502e-06
675,675,78746,80,0.125967965,unverified,0.09786797174698236,0.05242478247222222,0,0.12447349,1.17684162,0.2830889702341342,0,0.0134976916,0.0162831452,0.000286628812,0.0385051407,0.0620192625,0.000286628812,5.856579673661776e-07,9.168329389561767e-07,5.867256262190928e-07,0.0,False,3.672551007349775e-08,5.6523625276199524e-08,3.6816110952158966e-08,0.0,False,2.854558206904108e-07,5.636912743608438e-07,2.865198326301377e-07,0.0,False,1.0,9.168329389561767e-07,8.788429343664888e-07,7.714206916469843e-07,9.450581447374127e-07,1.0503229949997535e-06
676,676,78825,80,0.125967443,unverified,0.0979035489478339,0.05243117221560647,0,0.124481499,1.18151605,0.28397954412519955,0,0.0135846706,0.0162390992,0.000107207437,0.0385134183,0.0620149523,0.000107207437,5.896434480056328e-07,9.234284072557025e-07,5.90715448101617e-07,0.0,False,3.692637760514023e-08,5.685420305241316e-08,3.701746888986008e-08,0.0,False,2.869859682268518e-07,5.670272415383757e-07,2.880568393431774e-07,0.0,False,1.0,9.234284072557025e-07,8.851877111892025e-07,7.773082192253838e-07,9.516912292792519e-07,1.058294812802112e-06
677,677,78904,80,0.125967324,unverified,0.09791593255962874,0.052433578714316004,0,0.124486819,1.17875314,0.28432598415462634,0,0.0136148361,0.0162237659,0.000286628871,0.0385163464,0.0620134249,0.000286628871,5.916439063085052e-07,9.269003583978416e-07,5.927130329083227e-07,0.0,False,3.7021990559966e-08,5.702125162330667e-08,3.7112851504604306e-08,0.0,False,2.877172102207025e-07,5.687734684964136e-07,2.8878568090137756e-07,0.0,False,1.0,9.269003583978416e-07,8.885096971869824e-07,7.801438645176918e-07,9.545596612518672e-07,1.057467956520978e-06
678,678,78983,80,0.125967294,unverified,0.09795419054867312,0.05244142021915023,0,0.124502659,1.18340743,0.28519769577318566,0,0.0137057463,0.0161773413,0.000115326118,0.0385251306,0.062008854,0.000115326118,5.954508466468922e-07,9.335315031769736e-07,5.965236331795504e-07,0.0,False,3.7208116426460345e-08,5.734083965979684e-08,3.729956570625413e-08,0.0,False,2.891394482914622e-07,5.721054707928968e-07,2.9021705786705467e-07,0.0,False,1.0,9.335315031769736e-07,8.95109452369639e-07,7.853758382931032e-07,9.604164230445583e-07,1.065586586268926e-06
679,679,79062,80,0.125967085,unverified,0.0979735657030611,0.05244570644804125,0,0.124512337,1.18585849,0.28569074455582827,0,0.0137503594,0.0161543339,0.000305058347,0.0385293551,0.0620066524,0.000305058347,5.976363548546072e-07,9.372329410578703e-07,5.987104116022272e-07,0.0,False,3.73164644842146e-08,5.752272670874389e-08,3.740814144114752e-08,0.0,False,2.8996697209283483e-07,5.739683086395237e-07,2.9104881076324617e-07,0.0,False,1.0,9.372329410578703e-07,8.986280581063392e-07,7.886350291623208e-07,9.642860220795437e-07,1.0701225132944278e-06
680,680,79141,80,0.125967413,unverified,0.09801365498053667,0.05245530019044466,0,0.124537133,1.19214964,0.2864202748457786,0,0.0138442898,0.0161058083,0.000112398935,0.0385384187,0.0620019399,0.000112398928,6.010622397818797e-07,9.432290987921725e-07,6.02141925709392e-07,0.0,False,3.748096562308958e-08,5.781089166063356e-08,3.757347735499477e-08,0.0,False,2.912256337621618e-07,5.769770054558259e-07,2.9232041260717235e-07,0.0,False,1.0,9.432290987921725e-07,9.045495389971639e-07,7.928555058706218e-07,9.696319227837293e-07,1.079318871403878e-06
681,681,79220,80,0.125966892,unverified,0.09803705335972143,0.05246054445931981,0,0.124548748,1.19609916,0.286750459398793,0,0.0138908904,0.01608143,0.00028116125,0.0385432318,0.0619994253,0.00028116125,6.029688389762958e-07,9.463986825524081e-07,6.040543307127597e-07,0.0,False,3.757271743987981e-08,5.796962416230178e-08,3.7665749819288195e-08,0.0,False,2.9192555142633275e-07,5.785762903426688e-07,2.9302737380212953e-07,0.0,False,1.0,9.463986825524081e-07,9.073098888755261e-07,7.95219470938499e-07,9.73644225448999e-07,1.088345514028007e-06
682,682,79298,79,0.125966877,unverified,0.09807890430036832,0.052471032875292506,0,0.124565937,1.20019293,0.2876529599549728,0,0.0139794974,0.0160350781,9.34442796e-05,0.0385520011,0.0619948618,9.34442796e-05,6.076866364775834e-07,9.545735253861195e-07,6.087778002581686e-07,0.0,False,3.78004270805981e-08,5.836314622670076e-08,3.789414522786469e-08,0.0,False,2.936662138145449e-07,5.826705367675731e-07,2.947781996991336e-07,0.0,False,1.0,9.545735253861195e-07,9.148342057398237e-07,8.017777060720844e-07,9.816819329822602e-07,1.0986271503761266e-06
683,683,79377,80,0.125966683,unverified,0.09809241293784489,0.05247459811890561,0,0.12457414,1.20145607,0.2879895528204935,0,0.0140072042,0.0160204396,0.000281161483,0.0385542028,0.0619937219,0.000281161483,6.090616282214818e-07,9.569762289221115e-07,6.101530375409827e-07,0.0,False,3.7868330246960765e-08,5.847753808794172e-08,3.796218383917256e-08,0.0,False,2.9418573724979744e-07,5.838702173450208e-07,2.953002969152087e-07,0.0,False,1.0,9.569762289221115e-07,9.171121160445731e-07,8.038421203903414e-07,9.845252550181319e-07,1.1015855436126711e-06
684,684,79456,80,0.125966385,unverified,0.09814506347655823,0.05248916704036204,0,0.124599762,1.20802212,0.28915962341418916,0,0.0141154351,0.0159630161,0.000112399066,0.0385652296,0.0619879812,0.000112399073,6.141325108564466e-07,9.654964209102087e-07,6.152308281979077e-07,0.0,False,3.8121128881207413e-08,5.88974697565194e-08,3.821611349335052e-08,0.0,False,2.9611716774561825e-07,5.88142406323521e-07,2.9724870306794115e-07,0.0,False,1.0,9.654964209102087e-07,9.255407540310187e-07,8.112666367883487e-07,9.92932953366473e-07,1.1109942374073072e-06
685,685,79534,79,0.125966564,unverified,0.0981632849726879,0.052493536659237436,0,0.124605827,1.20921826,0.2896747605398903,0,0.0141466316,0.0159464348,0.000296066981,0.0385680795,0.0619864948,0.000296066981,6.182475867299133e-07,9.73287137853027e-07,6.193629060654066e-07,0.0,False,3.8303654677934094e-08,5.924592120899829e-08,3.8399280463221906e-08,0.0,False,2.975173655151664e-07,5.919974971064512e-07,2.9865645099430274e-07,0.0,False,1.0,9.73287137853027e-07,9.289470042679967e-07,8.169320663665406e-07,1.005923932996344e-06,1.1365256753132488e-06
686,686,79613,80,0.125965893,unverified,0.0982076394908589,0.05250634602230763,0,0.124627963,1.21476424,0.29049237689975416,0,0.0142311733,0.0159009453,0.000112398666,0.0385760702,0.0619823337,0.000112398666,6.208596316544591e-07,9.772848548010095e-07,6.219721788813011e-07,0.0,False,3.8444458091808184e-08,5.9457792986276034e-08,3.8540638155439074e-08,0.0,False,2.9859035482569665e-07,5.940162252524421e-07,2.9973944579147193e-07,0.0,False,1.0,9.772848548010095e-07,9.351639080124106e-07,8.206437368828792e-07,1.0067470744987986e-06,1.1314687762821157e-06
687,687,79692,80,0.125966042,unverified,0.09823256846061076,0.052513590840960994,0,0.124637216,1.2170521,0.29114596524091674,0,0.0142774852,0.0158760268,0.0002811616,0.0385804698,0.0619800501,0.0002811616,6.238092818575989e-07,9.822167233147493e-07,6.249252880786091e-07,0.0,False,3.859186945863667e-08,5.970001780408999e-08,3.8688436260708835e-08,0.0,False,2.9971506836810145e-07,5.96479646191188e-07,3.0087031627779684e-07,0.0,False,1.0,9.822167233147493e-07,9.39668782879352e-07,8.251371232925266e-07,1.012554603735217e-06,1.1381988325079292e-06
688,688,79771,80,0.12596558,unverified,0.09828128708886678,0.05252829364576886,0,0.124662794,1.21830726,0.2927408851021719,0,0.0143653294,0.0158282425,9.34443015e-05,0.0385883413,0.0619759522,9.34442942e-05,6.320236103100092e-07,9.966341717451043e-07,6.331437922882322e-07,0.0,False,3.8988393332754254e-08,6.038030333719788e-08,3.90854951871555e-08,0.0,False,3.027434356763801e-07,6.036318689730168e-07,3.0390819936181415e-07,0.0,False,1.0,9.966341717451043e-07,9.508125665723993e-07,8.385042323344438e-07,1.035490758712069e-06,1.1553929709322615e-06
689,689,79850,80,0.125965551,unverified,0.098294127214844,0.05253239555717896,0,0.124675833,1.21973646,0.2930180909222655,0,0.0143891992,0.0158152189,0.000286628579,0.0385907292,0.061974708,0.000286628579,6.332161375450372e-07,9.986769434949256e-07,6.343386499712316e-07,0.0,False,3.9046977991365517e-08,6.047885443529806e-08,3.914439283097623e-08,0.0,False,3.0319229888616426e-07,6.046477016729292e-07,3.043618177629937e-07,0.0,False,1.0,9.986769434949256e-07,9.527938243854205e-07,8.401626811771788e-07,1.0365832605867293e-06,1.1556989257057115e-06
690,690,79929,80,0.125965506,unverified,0.09834326384475627,0.05254839822161,0,0.124726616,1.22653043,0.2940906567225224,0,0.014478717,0.0157661606,0.000115326067,0.0385996029,0.0619700886,0.000115326067,6.373446305222948e-07,1.0051929546540125e-06,6.384695200333754e-07,0.0,False,3.9260997385352205e-08,6.081287704512201e-08,3.9359322035234247e-08,0.0,False,3.048297638652189e-07,6.079113155470578e-07,3.060141632875809e-07,0.0,False,1.0,1.0051929546540125e-06,9.605320331572347e-07,8.461312313622702e-07,1.0422477209959473e-06,1.1581751161816533e-06
691,691,80007,79,0.125965133,unverified,0.09836561018140336,0.052556567692017074,0,0.12473733,1.23628569,0.29447560369658793,0,0.01452264,0.0157418624,0.000305058347,0.0386041664,0.0619677119,0.000305058347,6.38424079165132e-07,1.0060113612685823e-06,6.395687209153081e-07,0.0,False,3.932919526061329e-08,6.089124943104931e-08,3.9429422821193166e-08,0.0,False,3.053529650728167e-07,6.08374506585364e-07,3.065617272610958e-07,0.0,False,1.0,1.0060113612685823e-06,9.62132563123999e-07,8.471047191630937e-07,1.0361480815683103e-06,1.1718737564943069e-06
692,692,80086,80,0.125965253,unverified,0.09840647019049403,0.05257026980926389,0,0.124751762,1.2367382,0.29505501000275225,0,0.0145936375,0.0157025866,0.000115326242,0.0386113487,0.0619639754,0.000115326235,6.423808220718526e-07,1.0139874794947246e-06,6.435304752320027e-07,0.0,False,3.94983461822437e-08,6.123135847643535e-08,3.959912047955652e-08,0.0,False,3.0665448906994993e-07,6.122737499538223e-07,3.078730180262447e-07,0.0,False,1.0,1.0139874794947246e-06,9.686602132493075e-07,8.517746781272646e-07,1.0473985542912059e-06,1.1823945351368855e-06
693,693,80165,80,0.125964731,unverified,0.09844537430878127,0.05258332260837061,0,0.124781467,1.24190366,0.2964510837972526,0,0.0146573698,0.015666917,0.000286629162,0.0386171006,0.0619609766,0.000286629162,6.472758746462521e-07,1.0209794054461115e-06,6.484320168181873e-07,0.0,False,3.976905920719847e-08,6.161588443301357e-08,3.987085329276413e-08,0.0,False,3.08715383543714e-07,6.157975705594215e-07,3.0994891501494666e-07,0.0,False,1.0,1.0209794054461115e-06,9.761116742426293e-07,8.611209018226372e-07,1.0544911156687294e-06,1.1844397779641507e-06
694,694,80244,80,0.125964835,unverified,0.09849513385802325,0.052601195226246227,0,0.124821678,1.24790561,0.29748779045663837,0,0.0147424061,0.0156192239,0.000107206994,0.0386254303,0.0619566403,0.000107206979,6.519940677995018e-07,1.0290300487636506e-06,6.531564203168713e-07,0.0,False,4.000065693886275e-08,6.200259665779486e-08,4.010350697716023e-08,0.0,False,3.104902716346328e-07,6.197805678533288e-07,3.1174073787231035e-07,0.0,False,1.0,1.0290300487636506e-06,9.84509934491784e-07,8.677387953334091e-07,1.0621447025203003e-06,1.1923986787032397e-06
695,695,80323,80,0.125964761,unverified,0.0985136662175127,0.05260764819986426,0,0.124838181,1.24766278,0.29788906172981217,0,0.0147718675,0.0156025812,0.000286628696,0.0386280343,0.0619552881,0.000286628696,6.548820843759234e-07,1.0346770303085742e-06,6.560471981630009e-07,0.0,False,4.012660868277329e-08,6.224772000800947e-08,4.022959244892579e-08,0.0,False,3.1145645017996374e-07,6.225371163337615e-07,3.1270999688842547e-07,0.0,False,1.0,1.0346770303085742e-06,9.88361971696043e-07,8.718908770667534e-07,1.0710720150987247e-06,1.2003141074609623e-06
696,696,80402,80,0.125964448,unverified,0.09856957612744216,0.0526277497977382,0,0.124882184,1.25008082,0.2990719137640244,0,0.0148606049,0.0155521287,0.000115326366,0.0386368707,0.061950691,0.000115326373,6.611819803891722e-07,1.045730598743428e-06,6.623595530037822e-07,0.0,False,4.042548772428896e-08,6.27674019546575e-08,4.0529752756336405e-08,0.0,False,3.137469246688659e-07,6.279809817758445e-07,3.1502126792823955e-07,0.0,False,1.0,1.045730598743428e-06,9.974302800966061e-07,8.808776485690181e-07,1.0834476271485985e-06,1.2169892560701965e-06
697,697,80481,80,0.125964805,unverified,0.09859494294346337,0.052637858663827676,0,0.124895863,1.25989103,0.29971035275353447,0,0.0149042411,0.0155273192,0.000305058347,0.0386412293,0.0619484186,0.000305058347,6.630493099738475e-07,1.0481777378572486e-06,6.642337250065685e-07,0.0,False,4.053336568025766e-08,6.291165261624837e-08,4.063884192081988e-08,0.0,False,3.145718388390669e-07,6.29223074693136e-07,3.158637339366409e-07,0.0,False,1.0,1.0481777378572486e-06,1.001144265788729e-06,8.83927210191666e-07,1.083807938453886e-06,1.2177871241487418e-06
698,698,80560,80,0.12596412,unverified,0.0986407107296487,0.05265489686341719,0,0.124931946,1.25605452,0.30061554089676984,0,0.014974555,0.0154868308,0.000115326242,0.0386479534,0.0619449168,0.000115326235,6.693297553396633e-07,1.0598215498436869e-06,6.705191807643012e-07,0.0,False,4.081496470127536e-08,6.343535120416352e-08,4.092103094903825e-08,0.0,False,3.1673231965496357e-07,6.349156050431615e-07,3.1803539886900783e-07,0.0,False,1.0,1.0598215498436869e-06,1.0096390944322864e-06,8.926225666790619e-07,1.1004016753839398e-06,1.2330759562193452e-06
699,699,80639,80,0.12596418,unverified,0.09867973109250358,0.05267056650863455,0,0.124966197,1.26679909,0.3014945011539693,0,0.0150378328,0.015450364,0.000286628754,0.0386543348,0.0619415976,0.000286628754,6.735830369758781e-07,1.0667863469481258e-06,6.747899274323845e-07,0.0,False,4.102471030383516e-08,6.377877241209193e-08,4.113235861728642e-08,0.0,False,3.1834010105075117e-07,6.383565508917998e-07,3.196659251840427e-07,0.0,False,1.0,1.0667863469481258e-06,1.015960647533682e-06,8.986872016402201e-07,1.108003141377844e-06,1.25408667044127e-06
700,700,80718,80,0.125963807,unverified,0.09872557383072943,0.05268896514380946,0,0.125009641,1.26806855,0.30250374117946904,0,0.0151094804,0.0154086901,0.000112398375,0.038661588,0.0619378239,0.000112398382,6.784998174175648e-07,1.0751621286243054e-06,6.797146951611692e-07,0.0,False,4.126359260004335e-08,6.417844505475195e-08,4.137237773417081e-08,0.0,False,3.201727930666105e-07,6.424700541075356e-07,3.215170648489359e-07,0.0,False,1.0,1.0751621286243054e-06,1.023560984479057e-06,9.056118103272268e-07,1.1153525298350248e-06,1.2634057416627662e-06
701,701,80797,80,0.125963673,unverified,0.09875548859654121,0.05270097993915585,0,0.125034779,1.26733267,0.30315009870692966,0,0.0151548926,0.0153821651,0.0002811616,0.0386660658,0.0619354919,0.0002811616,6.819601924687375e-07,1.081377952679269e-06,6.831788638342357e-07,0.0,False,4.142533917164553e-08,6.446328930353545e-08,4.1534828889789595e-08,0.0,False,3.2141652721548304e-07,6.455043103337992e-07,3.2277256319711156e-07,0.0,False,1.0,1.081377952679269e-06,1.0287183958926543e-06,9.105104221800562e-07,1.1229059762630376e-06,1.2678569044005641e-06
702,702,80876,80,0.125963703,unverified,0.09880865205690159,0.052724311521400585,0,0.125089377,1.27628243,0.304420707007527,0,0.0152411396,0.0153315561,9.3444396e-05,0.0386746861,0.0619310066,9.3444396e-05,6.879845696834984e-07,1.0914579030553427e-06,6.892168981939866e-07,0.0,False,4.1720580908739653e-08,6.494955567879942e-08,4.183193465317626e-08,0.0,False,3.2368557784061647e-07,6.50452063670797e-07,3.250703668699193e-07,0.0,False,1.0,1.0914579030553427e-06,1.0379505199311736e-06,9.191941718109857e-07,1.1342316236764464e-06,1.2837340573917795e-06
703,703,80955,80,0.125963524,unverified,0.09882597815021604,0.05273179944684584,0,0.125104606,1.27897954,0.3040482262160282,0,0.0152681032,0.0153155942,0.000281161483,0.0386780426,0.0619292483,0.000281161483,6.86699662831964e-07,1.0903052337382898e-06,6.879378716075937e-07,0.0,False,4.163774745999907e-08,6.485778108435282e-08,4.174980101242763e-08,0.0,False,3.230696685154789e-07,6.498423858714596e-07,3.2446467079526656e-07,0.0,False,1.0,1.0903052337382898e-06,1.0383771351677426e-06,9.143092811497129e-07,1.1286164131258342e-06,1.2855463981021075e-06
704,704,81034,80,0.125963748,unverified,0.09889468069701987,0.052761933903984634,0,0.125122547,1.27709568,0.3061429720315196,0,0.0153734991,0.0152531154,0.000112398862,0.0386882424,0.0619239435,0.000112398862,6.968057739177288e-07,1.1067623549639025e-06,6.980606239596736e-07,0.0,False,4.214105724679243e-08,6.566545498867364e-08,4.2254936844109396e-08,0.0,False,3.269253748730437e-07,6.579214985100752e-07,3.283495963567596e-07,0.0,False,1.0,1.1067623549639025e-06,1.052275545109301e-06,9.302744285514262e-07,1.1471868151984998e-06,1.3017577999541173e-06
705,705,81113,80,0.125963449,unverified,0.09891307552022612,0.05277091730325105,0,0.125126645,1.28265071,0.30654065130674985,0,0.0154037969,0.0152349416,0.000296067097,0.0386913233,0.0619223416,0.000296067097,6.987814061872921e-07,1.110328722083188e-06,7.000394122127713e-07,0.0,False,4.223340503808253e-08,6.582723460399576e-08,4.234808661390989e-08,0.0,False,3.276380499197423e-07,6.596530066556695e-07,3.2907453910702443e-07,0.0,False,1.0,1.110328722083188e-06,1.0559419092960488e-06,9.328122736608657e-07,1.1514104763548776e-06,1.3086119217783852e-06
706,706,81192,80,0.125963509,unverified,0.09896601088818462,0.052795721620089366,0,0.125134811,1.28931046,0.3079077422661947,0,0.015486124,0.0151855564,0.000112398862,0.0386992395,0.0619182214,0.000112398862,7.057310056457273e-07,1.1217082855649679e-06,7.070014822060801e-07,0.0,False,4.2574994447777615e-08,6.638428146907375e-08,4.269139291668839e-08,0.0,False,3.302537620666172e-07,6.652266109202905e-07,3.317177628129077e-07,0.0,False,1.0,1.1217082855649679e-06,1.0662542613449095e-06,9.439810660854855e-07,1.165991555416562e-06,1.3208081046172406e-06
707,707,81271,80,0.125963524,unverified,0.0989945968414646,0.05280964352162391,0,0.12514317,1.29098415,0.3087260661372049,0,0.0155311571,0.0151583944,0.000281161309,0.0387037471,0.0619158745,0.000281161309,7.096789309710916e-07,1.1281932748322262e-06,7.109581110966455e-07,0.0,False,4.277057641919633e-08,6.669863148521163e-08,4.2887783392069396e-08,0.0,False,3.317554593899637e-07,6.683930937765782e-07,3.3323239652736735e-07,0.0,False,1.0,1.1281932748322262e-06,1.0719728398692255e-06,9.498109044727621e-07,1.1708609504970168e-06,1.3216631300628925e-06
708,708,81350,80,0.125963151,unverified,0.09905171847464053,0.05283680536435398,0,0.125148088,1.31197703,0.3099881584905135,0,0.0156166106,0.0151064536,9.34447671e-05,0.0387121812,0.0619114824,9.34447744e-05,7.164252163624913e-07,1.1398899472055367e-06,7.177167688435597e-07,0.0,False,4.309120883454169e-08,6.724282543862103e-08,4.320987966343267e-08,0.0,False,3.3422472014363424e-07,6.740693760704524e-07,3.357250542969116e-07,0.0,False,1.0,1.1398899472055367e-06,1.083423228701037e-06,9.591285427825943e-07,1.1816900829051427e-06,1.322699953060589e-06
709,709,81429,80,0.125963286,unverified,0.09906598476922594,0.05284425944816097,0,0.12515302,1.3165983,0.3102270190552396,0,0.0156398453,0.0150923301,0.000286628783,0.0387144871,0.0619102828,0.000286628783,7.167615155610854e-07,1.140256657608494e-06,7.180478266117e-07,0.0,False,4.3115805697979694e-08,6.726837452985726e-08,4.323470635739996e-08,0.0,False,3.3441294710291364e-07,6.742566238869412e-07,3.3591861686155915e-07,0.0,False,1.0,1.140256657608494e-06,1.0863576883099117e-06,9.597558014293284e-07,1.1781802231096138e-06,1.3099700867167943e-06
710,710,81508,80,0.125963077,unverified,0.09912416740279369,0.0528730284458246,0,0.125162736,1.33102167,0.3109095598908746,0,0.015726842,0.0150389317,0.000115326118,0.038724456,0.0619050935,0.000115326118,7.221800054152791e-07,1.1501757448722484e-06,7.234704173185068e-07,0.0,False,4.335024922080267e-08,6.770924973518585e-08,4.346982336867449e-08,0.0,False,3.3625009242407517e-07,6.790468343274788e-07,3.37770787327371e-07,0.0,False,1.0,1.1501757448722484e-06,1.0963680229061423e-06,9.64019587208892e-07,1.1926447623504815e-06,1.2813975596917609e-06
711,711,81587,80,0.125963271,unverified,0.0991552624774153,0.05289028956170719,0,0.125163361,1.33322537,0.3127530586927937,0,0.0157782566,0.0150072686,0.000305058435,0.0387287848,0.061902836,0.000305058435,7.30758732667189e-07,1.1640425844417322e-06,7.32081145387278e-07,0.0,False,4.378235293213938e-08,6.838612257646145e-08,4.390478749043528e-08,0.0,False,3.395493820616482e-07,6.857890438169836e-07,3.4110826567405645e-07,0.0,False,1.0,1.1640425844417322e-06,1.1043110060414253e-06,9.79432008170793e-07,1.2061701788336812e-06,1.3462558950000092e-06
712,712,81666,80,0.125963435,unverified,0.09919770443424193,0.052911090600889214,0,0.125173271,1.33944595,0.3136128050068892,0,0.0158385709,0.0149699021,0.00011532622,0.038734816,0.061899703,0.00011532622,7.356232748663021e-07,1.1717819149549382e-06,7.369483193866281e-07,0.0,False,4.401835779827183e-08,6.876902704258894e-08,4.414106602709569e-08,0.0,False,3.413721957781253e-07,6.895644680573807e-07,3.429390251415916e-07,0.0,False,1.0,1.1717819149549382e-06,1.1139184478822953e-06,9.856619748460776e-07,1.2086399145820062e-06,1.274468647384428e-06
713,713,81745,80,0.125963405,unverified,0.0992372018891683,0.05293303273066837,0,0.125179276,1.34188747,0.3145127310742083,0,0.0159005355,0.014931242,0.000286628521,0.0387409404,0.0618965104,0.000286628521,7.396876975472784e-07,1.1782007778921959e-06,7.410186955419899e-07,0.0,False,4.422270788124236e-08,6.908812943189655e-08,4.434674927943394e-08,0.0,False,3.429481730345067e-07,6.926910298953016e-07,3.44537491200652e-07,0.0,False,1.0,1.1782007778921959e-06,1.1222981398971573e-06,9.914104152078197e-07,1.220808843328427e-06,1.2944018669455552e-06
714,714,81824,80,0.125963807,unverified,0.09928920927679914,0.05296274925247718,0,0.125192836,1.34798539,0.31569236173539983,0,0.0159831643,0.0148794968,0.000107207474,0.0387497954,0.0618919022,0.000107207474,7.461581747727923e-07,1.1894313387230563e-06,7.475053726275511e-07,0.0,False,4.452694418515957e-08,6.960510608528787e-08,4.46531567997014e-08,0.0,False,3.4530731753363385e-07,6.981002831539579e-07,3.469311462166711e-07,0.0,False,1.0,1.1894313387230563e-06,1.1331215375473881e-06,9.993752089114208e-07,1.2332031479577831e-06,1.3032983145301974e-06
715,715,81904,81,0.125963658,unverified,0.0993067710176786,0.05297328746803894,0,0.12519297,1.3513875,0.3161879865136788,0,0.016011769,0.0148614179,0.0002866289,0.038752608,0.0618904307,0.0002866289,7.475907426461637e-07,1.1918381613743826e-06,7.489427356975895e-07,0.0,False,4.460372887654754e-08,6.971680020787138e-08,4.4730700727106035e-08,0.0,False,3.45900797176258e-07,6.992545108229593e-07,3.475369636148164e-07,0.0,False,1.0,1.1918381613743826e-06,1.1355566530993495e-06,1.002037443130581e-06,1.2328255734300274e-06,1.303163837522737e-06
716,716,81983,80,0.125964135,unverified,0.09935250697069521,0.0530053576777398,0,0.125197157,1.35222125,0.3178665129481091,0,0.016098056,0.0148068788,0.00011532622,0.0387613848,0.061885871,0.000115326213,7.5665055346372e-07,1.2078466171949265e-06,7.580436423004488e-07,0.0,False,4.502981987812265e-08,7.044306572361826e-08,4.51615666614642e-08,0.0,False,3.491856383737352e-07,7.069282713704725e-07,3.508895049750841e-07,0.0,False,1.0,1.2078466171949265e-06,1.146934053650637e-06,1.015404972844533e-06,1.2514596714861856e-06,1.3987737384175208e-06
717,717,82062,80,0.125964016,unverified,0.09937923856485457,0.05302156220620066,0,0.125208288,1.35755205,0.318611307669546,0,0.016140366,0.0147798695,0.000305058173,0.0387656316,0.0618836544,0.000305058173,7.608020069073166e-07,1.2149336167618284e-06,7.622050190679072e-07,0.0,False,4.522663101980066e-08,7.077153547042492e-08,4.535954166269478e-08,0.0,False,3.5070793745211117e-07,7.103316506133563e-07,3.5243029487953884e-07,0.0,False,1.0,1.2149336167618284e-06,1.1533280066003655e-06,1.0211134509942032e-06,1.2585261436971788e-06,1.4048245129775593e-06
718,718,82142,81,0.125964314,unverified,0.09943795364657546,0.053056308283751755,0,0.125226006,1.36821735,0.32001510148295453,0,0.0162294041,0.0147228623,0.000112398629,0.0387748443,0.0618788563,0.000112398622,7.66181078348457e-07,1.2223187970666772e-06,7.675756344049656e-07,0.0,False,4.551868418969464e-08,7.117875809467343e-08,4.565233953000472e-08,0.0,False,3.529610697975016e-07,7.139620607214881e-07,3.547049037758602e-07,0.0,False,1.0,1.2223187970666772e-06,1.1675783635822886e-06,1.0297411461769795e-06,1.2582308423665761e-06,1.3195220266580767e-06
719,719,82222,81,0.125964463,unverified,0.0994626380375169,0.05307382651678745,0,0.125227422,1.37189877,0.3207536179379763,0,0.0162736271,0.0146943964,0.000281161541,0.0387794189,0.0618764833,0.000281161541,7.702877011562718e-07,1.2292544298411016e-06,7.716923648497326e-07,0.0,False,4.5713918455394163e-08,7.150259070806012e-08,4.584887044328585e-08,0.0,False,3.5446855380302245e-07,7.172901996310406e-07,3.562322989128581e-07,0.0,False,1.0,1.2292544298411016e-06,1.1741939911955334e-06,1.0353494161544014e-06,1.2652207036177708e-06,1.3269128367629634e-06
720,720,82301,80,0.125964299,unverified,0.099510751570852,0.05310790405333205,0,0.125221685,1.38575256,0.3224028350534777,0,0.016357528,0.0146399857,9.34443306e-05,0.0387877375,0.061872147,9.34443233e-05,7.800273623603662e-07,1.24622265416298e-06,7.814675816378539e-07,0.0,False,4.616795966550266e-08,7.227207843447849e-08,4.630630939451201e-08,0.0,False,3.5797804564922125e-07,7.253867685793338e-07,3.5978771913484913e-07,0.0,False,1.0,1.24622265416298e-06,1.1872285363463122e-06,1.048317475432615e-06,1.2839689273674456e-06,1.4016750777398032e-06
721,721,82380,80,0.125964522,unverified,0.09952360791930179,0.05311858163759089,0,0.125228658,1.38779056,0.3227936409713288,0,0.0163838193,0.0146229351,0.000281161541,0.0387903489,0.061870791,0.000281161541,7.821141103960981e-07,1.2499418784933806e-06,7.835621186734421e-07,0.0,False,4.6264991545774746e-08,7.243751625597505e-08,4.640421353162904e-08,0.0,False,3.587329465290838e-07,7.271549257326267e-07,3.605556779308809e-07,0.0,False,1.0,1.2499418784933806e-06,1.1906181397848276e-06,1.051084041099136e-06,1.2882825210678546e-06,1.409209680017787e-06
722,722,82460,81,0.125964984,unverified,0.09959085403436493,0.05316147496789686,0,0.125242606,1.37874448,0.32452708003816855,0,0.0164862927,0.0145557811,0.000112398237,0.0388020277,0.0618647151,0.000112398244,7.921087880801498e-07,1.2678920520535606e-06,7.935747419505786e-07,0.0,False,4.6725796912729086e-08,7.323629885451102e-08,4.6867054893006576e-08,0.0,False,3.6229572683822917e-07,7.356778883400351e-07,3.6415587677393535e-07,0.0,False,1.0,1.2678920520535606e-06,1.2065924331618674e-06,1.0653990146998212e-06,1.293972490709901e-06,1.2760965614628894e-06
723,723,82540,81,0.125965372,unverified,0.09960749431452914,0.0531741037810187,0,0.125245854,1.3824985,0.32505384615774235,0,0.0165158231,0.0145363845,0.000296067476,0.0388050638,0.0618631281,0.000296067476,7.942898941683917e-07,1.270870439786055e-06,7.957603485432987e-07,0.0,False,4.6841950131872185e-08,7.339784709399234e-08,4.698422881110063e-08,0.0,False,3.6320008868573487e-07,7.371306171124599e-07,3.6507687753934186e-07,0.0,False,1.0,1.270870439786055e-06,1.2114207999903623e-06,1.0683492454601695e-06,1.3036521304456313e-06,1.307165613697003e-06
724,724,82620,81,0.12596564,unverified,0.09965329366905057,0.05320884381683962,0,0.125252187,1.38356543,0.32668435747321695,0,0.0165958814,0.0144834016,0.000112398302,0.03881317,0.0618589148,0.000112398309,8.046916984124513e-07,1.2892871588217339e-06,8.061902234132077e-07,0.0,False,4.731746183262222e-08,7.421936255692115e-08,4.7462127297467994e-08,0.0,False,3.668867978795985e-07,7.458577168195057e-07,3.6880196613658354e-07,0.0,False,1.0,1.2892871588217339e-06,1.226643381696016e-06,1.0823351841238542e-06,1.324720379018212e-06,1.2717595197877877e-06
725,725,82700,81,0.12596567,unverified,0.09967667435652186,0.05322810535575784,0,0.125251219,1.38356352,0.3275030791237178,0,0.0166396704,0.0144542726,0.000281161541,0.0388176963,0.0618565492,0.000281161541,8.094676772314171e-07,1.2976088252441232e-06,8.109844218064718e-07,0.0,False,4.7540128626880166e-08,7.459360976562175e-08,4.7686553470980384e-08,0.0,False,3.686156434621097e-07,7.497976338575065e-07,3.7055757031837293e-07,0.0,False,1.0,1.2976088252441232e-06,1.2334312468416507e-06,1.0887965160494558e-06,1.3321682472436417e-06,1.2772284893938188e-06
726,726,82780,81,0.125966102,unverified,0.09972179233425442,0.05326537859388964,0,0.125259072,1.40439129,0.3292650091133911,0,0.0167228188,0.0143987192,9.34444906e-05,0.0388261229,0.0618521646,9.34444834e-05,8.199477664997884e-07,1.315467595658001e-06,8.214889397020273e-07,0.0,False,4.803109110322525e-08,7.540750097537455e-08,4.818026566154716e-08,0.0,False,3.724310412904406e-07,7.582565753403113e-07,3.74417400360796e-07,0.0,False,1.0,1.315467595658001e-06,1.2496250025722969e-06,1.1028359767880455e-06,1.3515458532711667e-06,1.2838600468845398e-06
727,727,82860,81,0.125966102,unverified,0.09973241242380634,0.0532757187867224,0,0.125260502,1.41777527,0.32970469041309725,0,0.0167453699,0.0143835275,0.000286628783,0.0388283506,0.0618510097,0.000286628783,8.22584954055731e-07,1.3195167322035962e-06,8.241287054442687e-07,0.0,False,4.81595661871128e-08,7.560650885739577e-08,4.830931053238974e-08,0.0,False,3.7343271694598184e-07,7.601932245201489e-07,3.7542940486105206e-07,0.0,False,1.0,1.3195167322035962e-06,1.254984816761935e-06,1.1063835738276775e-06,1.3628285789081436e-06,1.2991642158062086e-06
728,728,82940,81,0.125966966,unverified,0.09977074673083633,0.053314568426082884,0,0.125266165,1.41919076,0.3314526349219668,0,0.016830029,0.0143264951,0.000115326271,0.0388371646,0.0618464164,0.000115326278,8.320380655677622e-07,1.3353344171470027e-06,8.3361539543623e-07,0.0,False,4.8611011052034396e-08,7.633452746291737e-08,4.876469554257976e-08,0.0,False,3.769424020360456e-07,7.676747865494415e-07,3.7900009417965173e-07,0.0,False,1.0,1.3353344171470027e-06,1.269210394270925e-06,1.1192668269870652e-06,1.3767614893368036e-06,1.3177841797668837e-06
729,729,83020,81,0.125966907,unverified,0.09979782718649045,0.053338092337994095,0,0.125271037,1.43242073,0.3324253523817763,0,0.0168799479,0.0142925223,0.000305058347,0.0388425589,0.061843615,0.000305058376,8.371072496941361e-07,1.343575356012591e-06,8.386945433136386e-07,0.0,False,4.8858306640007055e-08,7.672282079253613e-08,4.901334223156454e-08,0.0,False,3.7886387280118555e-07,7.715787659678518e-07,3.809443598941325e-07,0.0,False,1.0,1.343575356012591e-06,1.2787597296373536e-06,1.1265358391095252e-06,1.3866968096594837e-06,1.3197944292994216e-06
730,730,83100,81,0.12596713,unverified,0.09982391728303856,0.05336590942164268,0,0.125279456,1.4423008,0.3334678418278837,0,0.0169385616,0.0142525379,0.000115326184,0.0388487764,0.061840374,0.000115326191,8.414806155903609e-07,1.3505592545937638e-06,8.430827653589248e-07,0.0,False,4.908133160042109e-08,7.705486076606967e-08,4.923876827441116e-08,0.0,False,3.8060259870105974e-07,7.748845341711391e-07,3.8272276795840635e-07,0.0,False,1.0,1.3505592545937638e-06,1.2885679182009189e-06,1.1329471657267942e-06,1.390214788984161e-06,1.2967207805233444e-06
731,731,83180,81,0.125967607,unverified,0.09984742082803176,0.05339481717966402,0,0.12529929,1.43950605,0.334943346670565,0,0.0169988349,0.0142112942,0.00028662855,0.0388550945,0.0618370883,0.00028662855,8.509434233328478e-07,1.3667181056694854e-06,8.52581893614443e-07,0.0,False,4.951772105483828e-08,7.778322846458842e-08,4.967858622285495e-08,0.0,False,3.8399973939469274e-07,7.824838215205227e-07,3.861708954048501e-07,0.0,False,1.0,1.3667181056694854e-06,1.2996861201829016e-06,1.14531489281485e-06,1.4091026389788853e-06,1.339644036846754e-06
732,732,83260,81,0.125967458,unverified,0.09988185787849466,0.05343423236772955,0,0.125310063,1.45408666,0.3364388021817327,0,0.0170790516,0.0141558824,0.00010720727,0.0388636887,0.0618326142,0.00010720727,8.580911948168952e-07,1.3781816238363812e-06,8.597485786756163e-07,0.0,False,4.9872456733013946e-08,7.832458051832198e-08,5.0036138618055864e-08,0.0,False,3.867627180905517e-07,7.878936386750667e-07,3.8897962960459487e-07,0.0,False,1.0,1.3781816238363812e-06,1.3146258879833579e-06,1.1554502150845584e-06,1.4177339120335696e-06,1.3283064147507793e-06
733,733,83340,81,0.125967711,unverified,0.09989225507996446,0.053447970582420144,0,0.125314966,1.4427954,0.3372474294557508,0,0.0171068925,0.0141366506,0.000286628783,0.0388667695,0.0618310086,0.000286628783,8.632458191540274e-07,1.386983371441594e-06,8.649231575188244e-07,0.0,False,5.0109878353798566e-08,7.872014657887063e-08,5.0275294528940854e-08,0.0,False,3.886081108548839e-07,7.920201911433269e-07,3.908493357892604e-07,0.0,False,1.0,1.386983371441594e-06,1.3194705259283663e-06,1.162238306980554e-06,1.4269830804092856e-06,1.3660255959970498e-06
734,734,83420,81,0.12596786,unverified,0.09992330188572285,0.053490042098173915,0,0.125339687,1.46939075,0.33866872710717705,0,0.0171906278,0.0140782688,0.000115326227,0.0388757065,0.0618263595,0.000115326235,8.703510267834225e-07,1.3985615116501123e-06,8.720434786303211e-07,0.0,False,5.045802183114909e-08,7.925870937389986e-08,5.0626061263492285e-08,0.0,False,3.9132844627689277e-07,7.974618112721716e-07,3.9361481776375764e-07,0.0,False,1.0,1.3985615116501123e-06,1.3358335176328737e-06,1.1721286751254097e-06,1.4408355051908776e-06,1.3469958364397034e-06
735,735,83500,81,0.125968322,unverified,0.09994186932508442,0.05351521969467537,0,0.125344634,1.47508144,0.3391643573080523,0,0.0172401089,0.0140436608,0.000305058376,0.0388821624,0.0618229918,0.000305058376,8.751719778603875e-07,1.407740630633972e-06,8.768788404660961e-07,0.0,False,5.0657345594284704e-08,7.963832260004311e-08,5.082682179122791e-08,0.0,False,3.929120073905705e-07,8.017186644595461e-07,3.9522303611455397e-07,0.0,False,1.0,1.407740630633972e-06,1.3428684303418031e-06,1.1753250192519218e-06,1.4528897585233645e-06,1.3490287684014622e-06
736,736,83581,82,0.125968844,unverified,0.09996920895152085,0.053555489157012824,0,0.125366375,1.47397447,0.3416624017538884,0,0.0173182078,0.0139886327,0.000112398542,0.0388898812,0.061818976,0.000112398549,8.884656407694874e-07,1.4289595944895941e-06,8.902081018230768e-07,0.0,False,5.130625573904381e-08,8.063874749058383e-08,5.147936380872068e-08,0.0,False,3.9793772736283836e-07,8.11681180779132e-07,4.0030645868034955e-07,0.0,False,1.0,1.4289595944895941e-06,1.3611207711557948e-06,1.196816592410951e-06,1.478817907491735e-06,1.384458843208117e-06
737,737,83661,81,0.125969201,unverified,0.09998332042023289,0.05357787528428404,0,0.125372082,1.4848237,0.3417953343711989,0,0.0173611268,0.0139582399,0.000281161279,0.0388959907,0.0618157983,0.000281161279,8.903358214003474e-07,1.4334030485831938e-06,8.921022886546615e-07,0.0,False,5.1369685655262595e-08,8.079157040660656e-08,5.154553224565262e-08,0.0,False,3.984821280102339e-07,8.136949401809448e-07,4.008922637784843e-07,0.0,False,1.0,1.4334030485831938e-06,1.3668901695368258e-06,1.1953531166505986e-06,1.4788226130804394e-06,1.3578455575938035e-06
738,738,83742,82,0.125969976,unverified,0.10000444215661859,0.05362128491450959,0,0.125392273,1.47458279,0.34445633091093764,0,0.0174426213,0.0139002837,9.34448981e-05,0.0389029644,0.0618121698,9.34448908e-05,9.045749364734365e-07,1.4559136432969138e-06,9.063717943746528e-07,0.0,False,5.206656065557298e-08,8.185465125661748e-08,5.224610902409128e-08,0.0,False,4.0388257993315076e-07,8.242352101468487e-07,4.063524749224996e-07,0.0,False,1.0,1.4559136432969138e-06,1.3876421740177447e-06,1.218388111530876e-06,1.5026117536649494e-06,1.4243926336025112e-06
739,739,83823,82,0.125969961,unverified,0.10001267550339213,0.05363517518952114,0,0.125397265,1.47203922,0.3452021461072442,0,0.0174680855,0.013882027,0.000281161658,0.0389052853,0.0618109591,0.000281161658,9.097553975035464e-07,1.4645962307285392e-06,9.115700202487717e-07,0.0,False,5.230453640208038e-08,8.224470194546769e-08,5.248525099189455e-08,0.0,False,4.057447967993203e-07,8.282719405654014e-07,4.082330586639322e-07,0.0,False,1.0,1.4645962307285392e-06,1.3933935488691477e-06,1.2249455235303612e-06,1.5111806755165562e-06,1.4382160499047122e-06
740,740,83904,82,0.125970736,unverified,0.10003758970775632,0.05368940936697912,0,0.125408858,1.49645317,0.3472668513272978,0,0.017567616,0.013810575,0.000112398477,0.0389164388,0.0618051477,0.000112398477,9.203217485935487e-07,1.4818072526957268e-06,9.221741702569571e-07,0.0,False,5.281950147129884e-08,8.302840540080252e-08,5.300502304602256e-08,0.0,False,4.0980694734078754e-07,8.362678460618762e-07,4.123763233408962e-07,0.0,False,1.0,1.4818072526957268e-06,1.4119347204619298e-06,1.2385623323870992e-06,1.5174104792518774e-06,1.4831148150479898e-06
741,741,83985,82,0.125970408,unverified,0.10004192449648432,0.05370524414883066,0,0.125409424,1.50142896,0.34812213766935574,0,0.0175962076,0.0137898214,0.000296067214,0.038919311,0.0618036576,0.000296067214,9.254701000430436e-07,1.4898818050313244e-06,9.273371927964168e-07,0.0,False,5.306580837552406e-08,8.341036981556187e-08,5.325273032130632e-08,0.0,False,4.117191820119551e-07,8.400378412763089e-07,4.143084861689382e-07,0.0,False,1.0,1.4898818050313244e-06,1.419817475205154e-06,1.2461461099896675e-06,1.527693152132806e-06,1.4884914551336494e-06
742,742,84066,82,0.125970393,unverified,0.10005513506245937,0.05374852628236082,0,0.125425056,1.51049268,0.35006916127154425,0,0.0176739022,0.0137334289,0.0001123986,0.0389278457,0.0617992133,0.000112398593,9.368097449573295e-07,1.5086298793992188e-06,9.387141992371231e-07,0.0,False,5.360097923361211e-08,8.425407779675313e-08,5.37917213058761e-08,0.0,False,4.159135894532783e-07,8.487157602536615e-07,4.185589006040438e-07,0.0,False,1.0,1.5086298793992188e-06,1.437495452431106e-06,1.2605377634448284e-06,1.5453342308142175e-06,1.5017224330601498e-06
743,743,84147,82,0.125970453,unverified,0.10006335488208754,0.05377243128500944,0,0.125439107,1.52725267,0.3507612916161641,0,0.0177163873,0.0137024336,0.000281161629,0.038932249,0.0617969185,0.000281161629,9.414926016602937e-07,1.5172625991761266e-06,9.434082563839305e-07,0.0,False,5.3807711322259056e-08,8.461370228448657e-08,5.400013823941856e-08,0.0,False,4.175437588769111e-07,8.526676922631832e-07,4.2021818114607137e-07,0.0,False,1.0,1.5172625991761266e-06,1.4479032709438604e-06,1.2670852438599488e-06,1.5544851014762696e-06,1.5732806223779106e-06
744,744,84228,82,0.125970364,unverified,0.10007644853243783,0.05381856189287985,0,0.125449747,1.54263198,0.3528143349419778,0,0.0177969728,0.0136432229,9.34442432e-05,0.0389410034,0.0617923625,9.34442505e-05,9.546416086871477e-07,1.539559970470331e-06,9.566033461996664e-07,0.0,False,5.4414077927946936e-08,8.559595515190896e-08,5.461082174508443e-08,0.0,False,4.2230067567637315e-07,8.629308706780628e-07,4.250418261471214e-07,0.0,False,1.0,1.539559970470331e-06,1.467523744197841e-06,1.2841123427424657e-06,1.5772216493911261e-06,1.6078716219938745e-06
745,745,84309,82,0.125970587,unverified,0.10007843506671373,0.053831160070784284,0,0.125454932,1.54522097,0.3534189478240949,0,0.0178188849,0.0136271222,0.000286628667,0.0389433168,0.0617911555,0.000286628667,9.580828214567875e-07,1.5450537009897205e-06,9.600585813192583e-07,0.0,False,5.4579549872018965e-08,8.584721752468635e-08,5.477774763030121e-08,0.0,False,4.2360369593854863e-07,8.654676290336004e-07,4.2636775614083663e-07,0.0,False,1.0,1.5450537009897205e-06,1.4724469078891066e-06,1.2885827798726715e-06,1.5839603235598688e-06,1.6156056341332139e-06
746,746,84390,82,0.125970274,unverified,0.10008655356847594,0.05387909163667135,0,0.12545979,1.5577426,0.35534269885834074,0,0.0179008823,0.0135663226,0.000115326256,0.0389525145,0.0617863685,0.000115326256,9.693032796065646e-07,1.5638907699649141e-06,9.713251941407418e-07,0.0,False,5.5106386616100844e-08,8.667686202551427e-08,5.531012295232055e-08,0.0,False,4.277627152131457e-07,8.741125102420303e-07,4.3061499146476625e-07,0.0,False,1.0,1.5638907699649141e-06,1.4922924617913894e-06,1.3026773817761778e-06,1.5977958965842582e-06,1.6418664280965085e-06
747,747,84471,82,0.125970289,unverified,0.10008861809395986,0.05390298165441064,0,0.125469521,1.56407928,0.35647241780692607,0,0.0179411583,0.0135363657,0.000305058289,0.038957119,0.0617839731,0.000305058289,9.762446901624346e-07,1.5755093817705065e-06,9.78299273361427e-07,0.0,False,5.5429578907345914e-08,8.718997743694392e-08,5.563690067500978e-08,0.0,False,4.303106511488383e-07,8.794401534038105e-07,4.3322084342954094e-07,0.0,False,1.0,1.5755093817705065e-06,1.5031143201848488e-06,1.3118159322644512e-06,1.608555524381476e-06,1.6527390607479336e-06
748,748,84552,82,0.125969991,unverified,0.10009066199153951,0.05394169491437959,0,0.125508547,1.57298088,0.3582269254760054,0,0.0180061515,0.0134877907,0.000115326271,0.0389644504,0.0617801547,0.000115326271,9.857788290665212e-07,1.5906244810284284e-06,9.878765732123329e-07,0.0,False,5.589194380854537e-08,8.788106621430806e-08,5.610440414925623e-08,0.0,False,4.339629438394449e-07,8.863909930825031e-07,4.369572117838682e-07,0.0,False,1.0,1.5906244810284284e-06,1.5199841778884757e-06,1.3244322268152806e-06,1.6195459828414187e-06,1.6780246416439924e-06
749,749,84633,82,0.125969052,unverified,0.1000862891687433,0.05397694278462351,0,0.125517264,1.57939255,0.35990909964546175,0,0.018064497,0.0134438621,0.000286628638,0.0389708281,0.0617768355,0.000286628609,9.954439014913385e-07,1.6061706270504305e-06,9.975813018323202e-07,0.0,False,5.635324008435001e-08,8.858537079949966e-08,5.657025588227379e-08,0.0,False,4.375784499601344e-07,8.935202593664416e-07,4.40642182727355e-07,0.0,False,1.0,1.6061706270504305e-06,1.5359198011791694e-06,1.3380425733235462e-06,1.6339616416127748e-06,1.7088367359048273e-06
750,750,84714,82,0.125968516,unverified,0.10008525725178394,0.05402447718408593,0,0.125525236,1.58354414,0.3621183938157907,0,0.0181422848,0.0133850938,0.000107207459,0.0389792249,0.0617724583,0.000107207459,1.008565122515181e-06,1.6274732537184056e-06,1.0107471510744042e-06,0.0,False,5.6974128138260704e-08,8.953882258669603e-08,5.719530767485657e-08,0.0,False,4.424702289102153e-07,9.032587831237299e-07,4.45597095527412e-07,0.0,False,1.0,1.6274732537184056e-06,1.557056196656614e-06,1.3549911981576296e-06,1.654732884814288e-06,1.7516620803026705e-06
751,751,84796,83,0.125968233,unverified,0.10008621425104701,0.054041142294651554,0,0.125530034,1.55556786,0.36313528296586794,0,0.0181692019,0.0133645814,0.00028662855,0.0389828682,0.0617705658,0.00028662855,1.016187878096324e-06,1.6403169916886756e-06,1.0183833092085878e-06,0.0,False,5.731781706656064e-08,9.010090962027922e-08,5.7539803251040274e-08,0.0,False,4.4515548525746427e-07,9.091064264793835e-07,4.48295429117692e-07,0.0,False,1.0,1.6403169916886756e-06,1.5681054736985027e-06,1.3642223466030504e-06,1.6866638178178563e-06,1.8581282768846115e-06
752,752,84878,83,0.125968367,unverified,0.10007415851817666,0.054091517062892294,0,0.125564203,1.56305933,0.3655326904676264,0,0.0182503909,0.013302709,0.000115326169,0.0389916152,0.0617660172,0.000115326162,1.0319678911689006e-06,1.6663488031962094e-06,1.0342221650904238e-06,0.0,False,5.804561363111945e-08,9.124903796083169e-08,5.827295856300534e-08,0.0,False,4.508823027169833e-07,9.209486021692871e-07,4.5410113466971937e-07,0.0,False,1.0,1.6663488031962094e-06,1.5891848326953452e-06,1.384566446504874e-06,1.7160262536788726e-06,1.8966873557829106e-06
753,753,84959,82,0.12596792,unverified,0.10006497753653552,0.05412165501896103,0,0.12558198,1.60207808,0.3668850848350372,0,0.0182982422,0.0132658826,0.000305058347,0.0389965549,0.0617634431,0.000305058347,1.0390181154022738e-06,1.6777531474883465e-06,1.0413213239096459e-06,0.0,False,5.838595669490232e-08,9.175323880417724e-08,5.861869331371746e-08,0.0,False,4.5358059388843284e-07,9.261225567183672e-07,4.568776735117979e-07,0.0,False,1.0,1.6777531474883465e-06,1.6007495679217045e-06,1.3942112101186659e-06,1.7100098048365807e-06,1.818167324327861e-06
754,754,85040,82,0.125967711,unverified,0.10005496914830683,0.054157436879348556,0,0.125595972,1.60074425,0.3683417482560606,0,0.0183544233,0.0132225482,0.00011532622,0.0390029848,0.0617600977,0.00011532622,1.0486831392131295e-06,1.6939673284842389e-06,1.0510196969016632e-06,0.0,False,5.882908569934592e-08,9.245178296057293e-08,5.906525584338984e-08,0.0,False,4.5710431060747133e-07,9.334534060894597e-07,4.60457545708001e-07,0.0,False,1.0,1.6939673284842389e-06,1.617625543780306e-06,1.4052978263328506e-06,1.7363225548268552e-06,1.8694108579729253e-06
755,755,85122,83,0.125967756,unverified,0.10004542683433322,0.054194528903262484,0,0.125624627,1.58240449,0.37043774243558814,0,0.0184121896,0.0131778596,0.000286628841,0.0390097238,0.0617565885,0.000286628841,1.0630116236298373e-06,1.717249267945461e-06,1.0653944727525406e-06,0.0,False,5.949064437120017e-08,9.34893612056031e-08,5.973092440232093e-08,0.0,False,4.6229280747189874e-07,9.440090806935101e-07,4.6571145500161004e-07,0.0,False,1.0,1.717249267945461e-06,1.6367192025138395e-06,1.4251191736298873e-06,1.7649375957747517e-06,1.948089949052951e-06
756,756,85204,83,0.125967056,unverified,0.10003065238131252,0.05423717751912264,0,0.12563616,1.60167193,0.37235903048150176,0,0.0184775256,0.0131268529,0.000112398979,0.0390168093,0.0617528968,0.000112398979,1.0744493474142665e-06,1.7350196974020515e-06,1.076879008118121e-06,0.0,False,6.003751879002131e-08,9.429801195530572e-08,6.028276081718318e-08,0.0,False,4.666249399979415e-07,9.520724300046155e-07,4.701227535134639e-07,0.0,False,1.0,1.7350196974020515e-06,1.6546065074135943e-06,1.4398891780043928e-06,1.785597312591482e-06,1.9882566957085577e-06
757,757,85286,83,0.1259671,unverified,0.10001444344110881,0.0542640913298852,0,0.125650525,1.60232139,0.3737990103966424,0,0.0185189787,0.0130944904,0.000281161541,0.0390215926,0.0617504083,0.000281161541,1.08485208164049e-06,1.7522921592207073e-06,1.087334499416438e-06,0.0,False,6.05083528089012e-08,9.504662566731038e-08,6.075836555114174e-08,0.0,False,4.703389899409333e-07,9.598486930487752e-07,4.739067854761835e-07,0.0,False,1.0,1.7522921592207073e-06,1.6672746054332586e-06,1.4529438947661094e-06,1.8066257016001617e-06,2.008758660614031e-06
758,758,85368,83,0.125966892,unverified,0.0999886453464874,0.05431631086525753,0,0.125678837,1.6469301,0.37625601524175156,0,0.0185975209,0.0130325947,9.34448908e-05,0.0390301943,0.0617459305,9.34448908e-05,1.0995580507385512e-06,1.776691802126004e-06,1.1020842489773632e-06,0.0,False,6.119451026838835e-08,9.60918694776698e-08,6.145039470545668e-08,0.0,False,4.7579394811943337e-07,9.70785482299743e-07,4.794569977956096e-07,0.0,False,1.0,1.776691802126004e-06,1.6903412377545727e-06,1.4712508487452615e-06,1.845732853290157e-06,2.0894690661070263e-06
759,759,85450,83,0.125966981,unverified,0.09997931578592209,0.05433269116845123,0,0.125685155,1.6497817,0.3769954141526555,0,0.0186221097,0.0130131673,0.000281161163,0.039033141,0.0617443994,0.000281161163,1.104581549201668e-06,1.7851871210753506e-06,1.107132514858216e-06,0.0,False,6.142191911654835e-08,9.64520039068923e-08,6.168039780870953e-08,0.0,False,4.77600115668265e-07,9.745860901059336e-07,4.813022741676071e-07,0.0,False,1.0,1.7851871210753506e-06,1.6985419397557003e-06,1.4771321194210357e-06,1.8542144071594296e-06,2.0979322273163625e-06
760,760,85532,83,0.125967309,unverified,0.09994296301387728,0.05439744355805919,0,0.125724092,1.67197621,0.37958526684888827,0,0.0187180359,0.0129369507,0.000112398797,0.0390446819,0.0617383905,0.000112398797,1.1229319080762325e-06,1.8167066917879987e-06,1.1255645292561157e-06,0.0,False,6.224441213168555e-08,9.776195476257393e-08,6.251101939249058e-08,0.0,False,4.841777608417467e-07,9.886261027391158e-07,4.880085279333536e-07,0.0,False,1.0,1.8167066917879987e-06,1.7277505864050993e-06,1.496763057537513e-06,1.8883043567934339e-06,2.154858148351829e-06
761,761,85614,83,0.125967339,unverified,0.09993143673043957,0.05441627234837411,0,0.125730813,1.66846466,0.38141228665673554,0,0.0187456291,0.0129148858,0.000296067068,0.0390470102,0.0617371798,0.000296067068,1.132874539143818e-06,1.830375391346591e-06,1.1355480194143808e-06,0.0,False,6.274767932127205e-08,9.84491750903033e-08,6.301789550167893e-08,0.0,False,4.880793221601104e-07,9.948572043288525e-07,4.919626454405078e-07,0.0,False,1.0,1.830375391346591e-06,1.7414428854903965e-06,1.5139858217196578e-06,1.9011076711353922e-06,2.152360941297404e-06
762,762,85696,83,0.12596795,unverified,0.0998992223220964,0.054467561475416856,0,0.125759795,1.69451451,0.38287518030974943,0,0.0188205596,0.0128548695,0.00011239876,0.0390573367,0.0617318042,0.00011239876,1.1431082013135675e-06,1.8486835535488938e-06,1.1458304431063769e-06,0.0,False,6.319999212341829e-08,9.917070257883452e-08,6.347491322236635e-08,0.0,False,4.917801022727021e-07,1.0029314211386548e-06,4.957416783297242e-07,0.0,False,1.0,1.8486835535488938e-06,1.7612352816634038e-06,1.5216184921340948e-06,1.9133389708367543e-06,2.2240445572996175e-06
763,763,85778,83,0.125967637,unverified,0.0998782104696382,0.054495998037320144,0,0.125769287,1.70149171,0.3842962414707708,0,0.0188614428,0.0128217842,0.000281161512,0.0390621349,0.0617293045,0.000281161512,1.152340931284013e-06,1.8637069367650107e-06,1.155109968558023e-06,0.0,False,6.362772208176145e-08,9.981920712354334e-08,6.390738514672004e-08,0.0,False,4.951778451077135e-07,1.0096225948521169e-06,4.992118054613174e-07,0.0,False,1.0,1.8637069367650107e-06,1.77530242042841e-06,1.5331783937321038e-06,1.9280165750004317e-06,2.2422789953195333e-06
764,764,85860,83,0.125968084,unverified,0.09983516788858199,0.05455053629275105,0,0.125807345,1.70974529,0.38721769630685826,0,0.0189391747,0.0127588781,9.34445125e-05,0.0390703492,0.0617250241,9.34445125e-05,1.1727489590993363e-06,1.897556516770781e-06,1.1756034583748623e-06,0.0,False,6.455319227170243e-08,1.0125909480111146e-07,6.484159633943377e-08,0.0,False,5.025238212205679e-07,1.0246443099730833e-06,5.06694215738227e-07,0.0,False,1.0,1.897556516770781e-06,1.8048585395246102e-06,1.5589974322289433e-06,1.9685097750718753e-06,2.2535355990247166e-06
765,765,85943,84,0.125968009,unverified,0.09982684171287672,0.05456526956118819,0,0.125821277,1.71336615,0.38855967966350635,0,0.018960245,0.0127416933,0.000286628725,0.0390724428,0.0617239401,0.000286628725,1.178789790314895e-06,1.9053355476063944e-06,1.1816739721796234e-06,0.0,False,6.487577963946904e-08,1.0166317428539686e-07,6.5166605899957e-08,0.0,False,5.050354740020932e-07,1.0281786573025626e-06,5.092428543993975e-07,0.0,False,1.0,1.9053355476063944e-06,1.812958039237154e-06,1.570476094898331e-06,1.97708100022103e-06,2.273056152382162e-06
766,766,86026,84,0.12596783,unverified,0.0997796684160939,0.05462178357810894,0,0.12584649,1.72618115,0.3915845271499059,0,0.0190392192,0.0126770167,0.000115326067,0.0390812084,0.0617193803,0.000115326067,1.2009403890707216e-06,1.942336008231303e-06,1.2038962427063238e-06,0.0,False,6.586907864901742e-08,1.0322182010906284e-07,6.616637181721045e-08,0.0,False,5.129238026262404e-07,1.0445226009642678e-06,5.172318249494894e-07,0.0,False,1.0,1.942336008231303e-06,1.845694549027359e-06,1.5982717930721982e-06,2.016794250298542e-06,2.3069707457288504e-06
767,767,86109,84,0.125968277,unverified,0.09975604515169782,0.05464924048953186,0,0.125873089,1.7336067,0.39294214246629966,0,0.0190780554,0.012645212,0.000305058347,0.0390859731,0.061716903,0.000305058347,1.2075205703290602e-06,1.95141442665615e-06,1.2105232314120154e-06,0.0,False,6.621003367469411e-08,1.0365812592031315e-07,6.651195828901665e-08,0.0,False,5.156393759677381e-07,1.0485886244000408e-06,5.200173402723857e-07,0.0,False,1.0,1.95141442665615e-06,1.8558953810711016e-06,1.6072892952220053e-06,2.0237223500414103e-06,2.3327901640644357e-06
768,768,86191,83,0.125968352,unverified,0.0997145474503048,0.05469469822233999,0,0.125901476,1.75425172,0.39450455742213947,0,0.0191405453,0.0125934603,0.00011532622,0.0390941799,0.0617126338,0.00011532622,1.2212320291419272e-06,1.9765375005200487e-06,1.224307862908442e-06,0.0,False,6.678756545797212e-08,1.0462968506125797e-07,6.709653593754586e-08,0.0,False,5.203235047939399e-07,1.0595363902167463e-06,5.248113443437397e-07,0.0,False,1.0,1.9765375005200487e-06,1.882394074664278e-06,1.618486741752812e-06,2.0436267898526376e-06,2.3944473704300805e-06
769,769,86273,83,0.125969127,unverified,0.0996744862231433,0.054735516053037746,0,0.125929818,1.76468205,0.3965831351543674,0,0.0191967767,0.0125468588,0.000286628638,0.0391011499,0.0617090091,0.000286628638,1.2351466741951682e-06,1.9987712845543833e-06,1.2382912152495648e-06,0.0,False,6.743208200023047e-08,1.0558457217098579e-07,6.774722365816111e-08,0.0,False,5.25473771994976e-07,1.0693289893044439e-06,5.300575300710992e-07,0.0,False,1.0,1.9987712845543833e-06,1.9040354974225473e-06,1.6349971032240142e-06,2.0654798426033546e-06,2.4252879714270647e-06
770,770,86355,83,0.125969157,unverified,0.0996197797230846,0.05479072196248384,0,0.125959978,1.77658141,0.39976093177123245,0,0.0192715768,0.012484326,0.000107207481,0.0391099378,0.061704427,0.000107207481,1.256849996310814e-06,2.0337497708843367e-06,1.260095208481484e-06,0.0,False,6.842933267686253e-08,1.0707872853718965e-07,6.875382785667903e-08,0.0,False,5.334021133333469e-07,1.0846882033530489e-06,5.381283897784439e-07,0.0,False,1.0,2.0337497708843367e-06,1.9368973660304127e-06,1.6626813375895455e-06,2.104046194268267e-06,2.4724894380307986e-06
771,771,86437,83,0.125969216,unverified,0.099600219388209,0.054810012475647193,0,0.125957578,1.77977574,0.40082323471448955,0,0.0192975048,0.0124625806,0.000286628841,0.0391130112,0.0617028289,0.000286628841,1.2643387336903138e-06,2.0460225074398235e-06,1.2676371068467668e-06,0.0,False,6.876990746373502e-08,1.0759388297204188e-07,6.909979685947037e-08,0.0,False,5.361326565690877e-07,1.0900564442634918e-06,5.409476549812858e-07,0.0,False,1.0,2.0460225074398235e-06,1.948424558406521e-06,1.6720237229438153e-06,2.1168352075797912e-06,2.4857648536247044e-06
772,772,86520,84,0.12596941,unverified,0.09954014936343174,0.054868671536415226,0,0.125964671,1.77403903,0.40486822287263197,0,0.0193755981,0.0123968422,0.000115326126,0.0391205549,0.0616989061,0.000115326111,1.2908401115409738e-06,2.0870845181584424e-06,1.2942527234306895e-06,0.0,False,7.001249706532138e-08,1.093994143890402e-07,7.035312794842208e-08,0.0,False,5.459744933240151e-07,1.1080852467921186e-06,5.509636400659205e-07,0.0,False,1.0,2.0870845181584424e-06,1.9803043736313474e-06,1.7100796024701122e-06,2.1722834015675385e-06,2.4444595434779993e-06
773,773,86603,84,0.125969082,unverified,0.09951131935070254,0.054897664127235825,0,0.125969082,1.79081237,0.4061627882850528,0,0.0194138698,0.0123643633,0.000305058347,0.039124947,0.0616966188,0.000305058347,1.2988391405006836e-06,2.098985497153954e-06,1.3022595748397926e-06,0.0,False,7.039719846525424e-08,1.099287534919949e-07,7.073869023750901e-08,0.0,False,5.490584833630352e-07,1.1133081952045315e-06,5.540582888127456e-07,0.0,False,1.0,2.098985497153954e-06,1.996934471686049e-06,1.7188537015405445e-06,2.171679798406218e-06,2.4116159990738e-06
774,774,86686,84,0.125969395,unverified,0.09944186783508192,0.054958778390019905,0,0.125969395,1.80490112,0.40963064115488546,0,0.0194944311,0.0122958962,0.000112398688,0.0391343348,0.0616917312,0.000112398695,1.3230801906306821e-06,2.1374519376591364e-06,1.3266289686382279e-06,0.0,False,7.150947735287635e-08,1.1157322071616704e-07,7.186283858285417e-08,0.0,False,5.579294037054525e-07,1.1300763842734587e-06,5.631118631117807e-07,0.0,False,1.0,2.1374519376591364e-06,2.032491203530901e-06,1.7505698060010516e-06,2.21305412780613e-06,2.4530131335142567e-06
775,775,86769,84,0.125969529,unverified,0.09940661626701468,0.054989497212291495,0,0.125969529,1.81264603,0.41124472337394935,0,0.019534329,0.0122616347,0.000281161396,0.0391391926,0.0616892017,0.000281161396,1.3351759305472105e-06,2.1573103934599435e-06,1.3387813097526034e-06,0.0,False,7.20511137147011e-08,1.1239731963630631e-07,7.24094599893183e-08,0.0,False,5.622572382381835e-07,1.1386822099345399e-06,5.675139913982228e-07,0.0,False,1.0,2.1573103934599435e-06,2.050962559451809e-06,1.7652136675619966e-06,2.235499055243536e-06,2.478974666093245e-06
776,776,86852,84,0.125970796,unverified,0.09933480546443042,0.05504794771430293,0,0.125970796,1.83198988,0.41388075007323394,0,0.0196101945,0.0121964868,9.34442578e-05,0.0391485579,0.0616843291,9.34442505e-05,1.3576568675443028e-06,2.196333737499488e-06,1.3613848966999135e-06,0.0,False,7.301332662233077e-08,1.139369069404676e-07,7.338243043915949e-08,0.0,False,5.700205518008327e-07,1.1554594495246183e-06,5.754367436451629e-07,0.0,False,1.0,2.196333737499488e-06,2.084113700267552e-06,1.7864757422003075e-06,2.278067954305583e-06,2.5278628534478206e-06
777,777,86935,84,0.12597096,unverified,0.09931522000959653,0.05506662660301786,0,0.12597096,1.83014977,0.4154459609732537,0,0.0196338836,0.0121759763,0.000281161454,0.0391509011,0.0616831072,0.000281161454,1.3654619369629283e-06,2.206130735206134e-06,1.3692067612299534e-06,0.0,False,7.342450105096008e-08,1.1443966321069813e-07,7.379527802008561e-08,0.0,False,5.73245979397746e-07,1.159805525509947e-06,5.786909660637551e-07,0.0,False,1.0,2.206130735206134e-06,2.096319408846398e-06,1.8019865824470126e-06,2.2912280204180656e-06,2.5444708583611485e-06
778,778,87018,84,0.125971973,unverified,0.09921873356673304,0.05514036350045535,0,0.125971973,1.87037599,0.4196950438116017,0,0.0197263695,0.0120956143,0.000112398557,0.0391615331,0.0616775714,0.000112398549,1.3997716764642265e-06,2.2635452782520386e-06,1.4037159603895374e-06,0.0,False,7.493216824236806e-08,1.1676942335933106e-07,7.532165717781913e-08,0.0,False,5.853414752331896e-07,1.184464102385281e-06,5.910936468265558e-07,0.0,False,1.0,2.2635452782520386e-06,2.1510172342347436e-06,1.8447041642116854e-06,2.3330137733177774e-06,2.4627425029436785e-06
779,779,87101,84,0.125972465,unverified,0.09918819846129955,0.05516159626836623,0,0.125972465,1.87455499,0.42067038412488494,0,0.0197530221,0.0120724207,0.000296067126,0.0391648598,0.0616758391,0.000296067126,1.408249269503243e-06,2.2780830265140693e-06,1.4122531829602597e-06,0.0,False,7.529608507066381e-08,1.1733956713368967e-07,7.569118574095836e-08,0.0,False,5.883058380949785e-07,1.1906683853633742e-06,5.941507493195444e-07,0.0,False,1.0,2.2780830265140693e-06,2.1634983206855723e-06,1.852452369052562e-06,2.3537041304770925e-06,2.474947901793176e-06
780,780,87184,84,0.125971749,unverified,0.09911032918507397,0.05521924367676156,0,0.125971749,1.89152527,0.4236749803023089,0,0.0198251214,0.0120090302,0.000112398542,0.0391738713,0.061671149,0.000112398549,1.429510445710211e-06,2.3118223276027104e-06,1.4336407323601534e-06,0.0,False,7.626959907880404e-08,1.187460663805985e-07,7.667636901449379e-08,0.0,False,5.961292582418947e-07,1.2051405518198986e-06,6.021536843535649e-07,0.0,False,1.0,2.3118223276027104e-06,2.197456512355577e-06,1.8773884882401959e-06,2.391788997295607e-06,2.6423612972282635e-06
781,781,87267,84,0.125971869,unverified,0.09906509457619024,0.055251113568212634,0,0.125971869,1.90353668,0.42566039765501823,0,0.0198646188,0.0119743031,0.000281161454,0.0391781703,0.0616689138,0.000281161454,1.4477732617344439e-06,2.3431594146742025e-06,1.4519506543173502e-06,0.0,False,7.704215573791637e-08,1.199990086306346e-07,7.745210824693331e-08,0.0,False,6.022517453400455e-07,1.2184970859247596e-06,6.083227052332489e-07,0.0,False,1.0,2.3431594146742025e-06,2.224143178526021e-06,1.9023275485168756e-06,2.4243158896970693e-06,2.56668058403348e-06
782,782,87350,84,0.125972107,unverified,0.09897747010421853,0.055312087130824604,0,0.125972107,1.93018258,0.42891052783936534,0,0.0199394152,0.0119079342,9.34440613e-05,0.0391881764,0.0616637021,9.34440613e-05,1.4763421988508502e-06,2.391698530428022e-06,1.4806319046027425e-06,0.0,False,7.826539334750452e-08,1.2191865068129533e-07,7.868487205365253e-08,0.0,False,6.120625683510107e-07,1.2390945653797935e-06,6.182728960210651e-07,0.0,False,1.0,2.391698530428022e-06,2.267887113352536e-06,1.932167553991117e-06,2.4814298606566402e-06,2.63324793153434e-06
783,783,87433,84,0.125972331,unverified,0.0989529722810206,0.05532866881321155,0,0.125972331,1.94079077,0.4298758496619054,0,0.019959731,0.011889861,0.000286628987,0.0391911268,0.061662171,0.000286628987,1.4867265538030082e-06,2.4107004044821814e-06,1.4910448824127456e-06,0.0,False,7.868374813168135e-08,1.2263658565496327e-07,7.910568026894574e-08,0.0,False,6.153950943168153e-07,1.2470968562888155e-06,6.21642491521679e-07,0.0,False,1.0,2.4107004044821814e-06,2.2884354444870565e-06,1.9441371242221773e-06,2.494727245012928e-06,2.584524603466688e-06
784,784,87517,85,0.125973254,unverified,0.0988604412825347,0.05539140216225707,0,0.125973254,1.96670115,0.4340223863119041,0,0.0200358741,0.0118218726,0.000115326453,0.0391992889,0.061657913,0.000115326446,1.5192610765989707e-06,2.4638919278747655e-06,1.523713745569585e-06,0.0,False,8.012118270314015e-08,1.2480844213021382e-07,8.055500985041457e-08,0.0,False,6.268219788219831e-07,1.2696481176945927e-06,6.33253936732571e-07,0.0,False,1.0,2.4638919278747655e-06,2.335574076678484e-06,1.9891898012869876e-06,2.5464961183653873e-06,2.6330825874531447e-06
785,785,87601,85,0.125973389,unverified,0.09881322665073021,0.055422406107941365,0,0.125973389,1.97789931,0.4358095336220516,0,0.0200731829,0.0117882909,0.000305058318,0.0392038822,0.0616555214,0.000305058318,1.5320736443169392e-06,2.483463682541671e-06,1.5366048746590964e-06,0.0,False,8.07107867479258e-08,1.256346960020532e-07,8.115198264147899e-08,0.0,False,6.315582876143544e-07,1.2779614042189225e-06,6.381022317954046e-07,0.0,False,1.0,2.483463682541671e-06,2.354515263486605e-06,2.00465264656538e-06,2.5687855207197263e-06,2.7013894901629775e-06
786,786,87684,84,0.125974312,unverified,0.0987341895749208,0.055472465421909214,0,0.125974312,2.00100422,0.4383435838344869,0,0.0201334879,0.0117340079,0.000115326089,0.0392116979,0.0616514571,0.000115326096,1.5564322284645568e-06,2.52501191233165e-06,1.5611149404313678e-06,0.0,False,8.173610324091825e-08,1.2726238479233067e-07,8.218928234362622e-08,0.0,False,6.397956979712577e-07,1.2954261513723246e-06,6.465187466507947e-07,0.0,False,1.0,2.52501191233165e-06,2.3914449753483536e-06,2.0337450361347642e-06,2.614541205533188e-06,2.7820168911779694e-06
787,787,87767,84,0.125974536,unverified,0.09866375035154054,0.05551835378104994,0,0.125974536,2.0179882,0.4409851139217216,0,0.0201875288,0.0116848815,0.000286628871,0.0392177552,0.0616483092,0.000286628871,1.5795135532848115e-06,2.5639021855691116e-06,1.5843021430777054e-06,0.0,False,8.272518483586754e-08,1.287895991664014e-07,8.318755370711025e-08,0.0,False,6.477469964973499e-07,1.3117289736656006e-06,6.546167256751487e-07,0.0,False,1.0,2.5639021855691116e-06,2.424020152530385e-06,2.061097231790068e-06,2.6614248534857394e-06,2.811612854921428e-06
788,788,87851,85,0.125975624,unverified,0.0985671890511048,0.05557992618786612,0,0.125975624,2.03228402,0.4446126009619765,0,0.0202596094,0.0116192373,0.000107207816,0.0392258689,0.061644081,0.000107207816,1.615271307671486e-06,2.6256050752079913e-06,1.6201905277859513e-06,0.0,False,8.421893642767161e-08,1.3117235016568968e-07,8.469366871924241e-08,0.0,False,6.597210748729867e-07,1.3374661182476595e-06,6.667923730084317e-07,0.0,False,1.0,2.6256050752079913e-06,2.485523027917187e-06,2.1041521707437233e-06,2.7436139831593043e-06,2.757224842354682e-06
789,789,87935,85,0.125975758,unverified,0.09853416810297716,0.055601131055511656,0,0.125975758,2.07098055,0.44478223383653914,0,0.0202845596,0.0115963742,0.000286628871,0.0392292924,0.0616422892,0.000286628871,1.6078027940515422e-06,2.607224165336139e-06,1.6127411849343306e-06,0.0,False,8.402549002038983e-08,1.305691330006924e-07,8.45029609251625e-08,0.0,False,6.583826629773829e-07,1.3299359851574632e-06,6.655044509166588e-07,0.0,False,1.0,2.607224165336139e-06,2.477547844972122e-06,2.0888861053618397e-06,2.7152267018071856e-06,2.5791129724585274e-06
790,790,88019,85,0.125975609,unverified,0.09843519800998854,0.055666114073301944,0,0.125975609,2.07679486,0.4497096941117903,0,0.020359626,0.0115272012,0.000115326286,0.0392383002,0.0616376027,0.000115326278,1.6566202717113079e-06,2.691331303567887e-06,1.661785180416221e-06,0.0,False,8.605071018197751e-08,1.3383240243814376e-07,8.654693318205966e-08,0.0,False,6.744926992502098e-07,1.3649327659649084e-06,6.819002816720802e-07,0.0,False,1.0,2.691331303567887e-06,2.5507183583798476e-06,2.153402018305141e-06,2.8235533648103032e-06,2.8138526761588442e-06
791,791,88103,85,0.125976056,unverified,0.09838255088941723,0.055697960169471525,0,0.125976056,2.10640121,0.45124751196490726,0,0.0203965399,0.0114931865,0.000305058347,0.0392423645,0.0616354793,0.000305058347,1.6685767799220328e-06,2.7102512047920357e-06,1.6738223368385479e-06,0.0,False,8.658667204581427e-08,1.3459233847599824e-07,8.709007991271383e-08,0.0,False,6.788344094209139e-07,1.3728067653636392e-06,6.863489380158274e-07,0.0,False,1.0,2.7102512047920357e-06,2.57492232625376e-06,2.1679003046042973e-06,2.8505564110837447e-06,2.808907733765173e-06
792,792,88187,85,0.125976712,unverified,0.09827696477991738,0.055765335341391505,0,0.125976712,2.13164568,0.4548615744168983,0,0.0204738919,0.0114211114,0.000112399037,0.0392521694,0.0616303794,0.00011239903,1.6941103641022902e-06,2.74826751037567e-06,1.6994697104910513e-06,0.0,False,8.77709618485194e-08,1.361879360197771e-07,8.828514517730754e-08,0.0,False,6.884267689073408e-07,1.388698916251314e-06,6.961137017927445e-07,0.0,False,1.0,2.74826751037567e-06,2.6194964690961843e-06,2.198984620612869e-06,2.8301545986998816e-06,2.6457391329917007e-06
793,793,88271,85,0.125977591,unverified,0.0982221741455609,0.055799184468484676,0,0.125977591,2.13964057,0.45687703617412306,0,0.0205123574,0.0113852499,0.000281161483,0.0392567441,0.0616279952,0.000281161512,1.7085143052654709e-06,2.7696696356268052e-06,1.7139597109869352e-06,0.0,False,8.843810336165838e-08,1.370823555298394e-07,8.896035723000447e-08,0.0,False,6.938380434011018e-07,1.3976226753038802e-06,7.016559085371543e-07,0.0,False,1.0,2.7696696356268052e-06,2.6447564254235994e-06,2.2160327917703444e-06,2.8467482728449594e-06,2.7134068537092934e-06
794,794,88355,85,0.125978157,unverified,0.09812185044751472,0.05586410386163174,0,0.125978157,2.15063381,0.46052474168679447,0,0.0205851886,0.0113167251,9.34446798e-05,0.0392670706,0.0616226234,9.34446798e-05,1.748543827828679e-06,2.8413800130485924e-06,1.7541812668439033e-06,0.0,False,9.004381647133014e-08,1.397256702764764e-07,9.058023815449383e-08,0.0,False,7.068127999418088e-07,1.4270176162312853e-06,7.148536302919263e-07,0.0,False,1.0,2.8413800130485924e-06,2.6988163660522282e-06,2.2597765378427735e-06,2.8995216459185776e-06,2.6638731980948795e-06
795,795,88440,86,0.125978425,unverified,0.09808745449159864,0.0558847274103228,0,0.125978425,2.14280438,0.4621152497549616,0,0.0206079818,0.0112952245,0.000281161192,0.0392691083,0.0616215654,0.000281161192,1.7594625136336354e-06,2.8559902360250646e-06,1.7651436968374576e-06,0.0,False,9.05702943686988e-08,1.4039111881786103e-07,9.111150329530316e-08,0.0,False,7.110313618432389e-07,1.4331513254087932e-06,7.191536503286443e-07,0.0,False,1.0,2.8559902360250646e-06,2.7183701011062306e-06,2.276101942586452e-06,2.9101639203834862e-06,2.769285801117284e-06
796,796,88525,86,0.125978902,unverified,0.09795439342778672,0.05596490494530364,0,0.125978902,2.23701382,0.4666858031829846,0,0.0206968803,0.0112109119,0.000112398637,0.0392796695,0.0616160594,0.000112398637,1.8066795199071104e-06,2.939600604864895e-06,1.8125971185815446e-06,0.0,False,9.249428030363658e-08,1.4347778546220592e-07,9.305489087193841e-08,0.0,False,7.265545655601194e-07,1.4672342103511177e-06,7.3497826658854e-07,0.0,False,1.0,2.939600604864895e-06,2.798203762566216e-06,2.3318195947610523e-06,2.9514055962921525e-06,2.8156754481930336e-06
797,797,88610,86,0.125978798,unverified,0.09791659094606346,0.05598819146252557,0,0.125978798,2.2774334,0.4682579420412115,0,0.0207224395,0.0111865196,0.000296067097,0.0392827578,0.0616144538,0.000296067097,1.8271987809453922e-06,2.9781304660564633e-06,1.8331957767448242e-06,0.0,False,9.32765646003951e-08,1.448516057499976e-07,9.384322056383773e-08,0.0,False,7.32814913932535e-07,1.4828370940635564e-06,7.413314294567093e-07,0.0,False,1.0,2.9781304660564633e-06,2.8278395710993078e-06,2.355748492345656e-06,3.0017598751466494e-06,2.8550097839795553e-06
798,798,88695,86,0.12597917,unverified,0.0978166078179001,0.056051192865645846,0,0.12597917,2.29655695,0.471690934132567,0,0.0207918361,0.0111201825,0.000112398782,0.0392920524,0.0616096221,0.000112398789,1.851569881196347e-06,3.0113545131741887e-06,1.8577474641950414e-06,0.0,False,9.443831601655573e-08,1.4630040608092349e-07,9.502237221072548e-08,0.0,False,7.422953929968658e-07,1.4965967936380584e-06,7.51090670755267e-07,0.0,False,1.0,3.0113545131741887e-06,2.8751142189699234e-06,2.384871792886754e-06,3.03588264531105e-06,2.979083062328973e-06
799,799,88780,86,0.125979155,unverified,0.09775880668925024,0.056085919184909384,0,0.125979155,2.32063437,0.47397510454176445,0,0.0208296701,0.0110836504,0.000281161221,0.0392967239,0.0616071895,0.000281161221,1.8767745254396529e-06,3.056210507299706e-06,1.883081056807789e-06,0.0,False,9.544521471309926e-08,1.479454525262592e-07,9.603859996731426e-08,0.0,False,7.503683575061209e-07,1.514741878664812e-06,7.592998958763856e-07,0.0,False,1.0,3.056210507299706e-06,2.90956281650482e-06,2.4145115842560623e-06,3.046818315675057e-06,2.9688641747592464e-06
800,800,88865,86,0.125980198,unverified,0.09764732321202432,0.056152241020730055,0,0.125980198,2.34765744,0.47808474533543177,0,0.0209016073,0.0110141896,9.34447671e-05,0.0393061265,0.0616022907,9.34447744e-05,1.9193797744841216e-06,3.1269855255207196e-06,1.925888768109471e-06,0.0,False,9.72063857193506e-08,1.506560203825946e-07,9.781584673842628e-08,0.0,False,7.645375695436468e-07,1.5434590374748455e-06,7.737101781972205e-07,0.0,False,1.0,3.1269855255207196e-06,2.971801474426354e-06,2.464797712058075e-06,3.1361001527878063e-06,3.0720858316593916e-06
801,801,88950,86,0.125980273,unverified,0.09761597087169877,0.05617052613859652,0,0.125980273,2.34720016,0.4789313002032446,0,0.0209210943,0.0109952297,0.000286628638,0.0393085144,0.0616010465,0.000286628638,1.9260984903922164e-06,3.1364671573792037e-06,1.932643847398719e-06,0.0,False,9.751322335093479e-08,1.5105369690367047e-07,9.812689019270665e-08,0.0,False,7.670616477942754e-07,1.547346204211929e-06,7.763025309365677e-07,0.0,False,1.0,3.1364671573792037e-06,2.988903388441041e-06,2.4717986877391025e-06,3.2094893463839393e-06,3.1581693178287363e-06
802,802,89035,86,0.125980586,unverified,0.09749772639755552,0.056239791774751906,0,0.125980586,2.3674345,0.4831985081151649,0,0.0209941138,0.010923896,0.000115326206,0.0393169485,0.0615966581,0.000115326206,1.972736999842182e-06,3.2185763568387665e-06,1.9794872408117457e-06,0.0,False,9.937951256975895e-08,1.5403504628907085e-07,1.0001046138409995e-07,0.0,False,7.821796236249685e-07,1.5802882504923026e-06,7.916977041592688e-07,0.0,False,1.0,3.2185763568387665e-06,3.0560442409315995e-06,2.5229792338364228e-06,3.334424125856822e-06,3.496476810945792e-06
803,803,89121,87,0.125981286,unverified,0.09744374205439717,0.056274030525401725,0,0.125981286,2.34010243,0.4847345845936534,0,0.02103002,0.0108888187,0.000305058347,0.0393201187,0.0615950115,0.000305058347,1.9758108311756494e-06,3.216613748908631e-06,1.9825946946424553e-06,0.0,False,9.967324879254486e-08,1.541126601667723e-07,1.0031016171940593e-07,0.0,False,7.846898289663145e-07,1.579656827703677e-06,7.943155846610756e-07,0.0,False,1.0,3.216613748908631e-06,3.087212361235123e-06,2.5298449918405215e-06,3.3869716530982972e-06,3.758037309891882e-06
804,804,89206,86,0.125981048,unverified,0.09735682995534352,0.056328516355918894,0,0.125981048,2.38554311,0.48787993884732456,0,0.0210877489,0.0108318022,0.000115326169,0.0393302701,0.0615897179,0.000115326169,2.019374701811341e-06,3.2967283572735963e-06,2.026404637905325e-06,0.0,False,1.0133360946947649e-07,1.5694224953042464e-07,1.019876996714863e-07,0.0,False,7.980920754163733e-07,1.611590597611986e-06,8.079769020386828e-07,0.0,False,1.0,3.2967283572735963e-06,3.139493049514349e-06,2.57488889680983e-06,3.486924302267123e-06,3.753549046688243e-06
805,805,89292,87,0.125981465,unverified,0.09727486108018771,0.05637904143298204,0,0.125981465,2.43786192,0.49061329885603183,0,0.0211396925,0.0107804621,0.000286628725,0.0393344611,0.0615875386,0.000286628725,2.0239146472736315e-06,3.2841681901015104e-06,2.0310338837920397e-06,0.0,False,1.0187484447885534e-07,1.5696105531091336e-07,1.0253968507786083e-07,0.0,False,8.026335204021954e-07,1.6071795346520234e-06,8.127035717849977e-07,0.0,False,1.0,3.2841681901015104e-06,3.173393338887463e-06,2.5859407877591113e-06,3.400729315609073e-06,3.929219861415406e-06
806,806,89378,87,0.125981525,unverified,0.09715748468968764,0.056446092041078255,0,0.125981525,2.46169329,0.4946554895319226,0,0.0212087389,0.0107116289,0.000107206943,0.0393424779,0.06158337,0.000107206943,2.0747735026499053e-06,3.38020442385164e-06,2.0820949109590386e-06,0.0,False,1.0380306639329183e-07,1.6025777926981985e-07,1.0448478299551873e-07,0.0,False,8.182421085672252e-07,1.6451663547329974e-06,8.28584557390958e-07,0.0,False,1.0,3.38020442385164e-06,3.2482856308454524e-06,2.6421959221755325e-06,3.4891802859089637e-06,4.0021084272909376e-06
807,807,89464,87,0.125981644,unverified,0.09712647671560433,0.056468890405181126,0,0.125981644,2.46951652,0.49531098205489177,0,0.0212326664,0.0106877014,0.000286628259,0.0393491387,0.061579898,0.000286628259,2.088231520337434e-06,3.407931448338147e-06,2.0956051099827697e-06,0.0,False,1.0427853684354978e-07,1.6114191414088911e-07,1.049654886970226e-07,0.0,False,8.221588623670709e-07,1.6560050176324325e-06,8.325881319419062e-07,0.0,False,1.0,3.407931448338147e-06,3.285741824666997e-06,2.652636800933881e-06,3.48877475822597e-06,4.01602379420344e-06
808,808,89550,87,0.125982255,unverified,0.09701503469132519,0.05653917438145223,0,0.125982255,2.49190736,0.5002350450120678,0,0.0213047117,0.0106153898,0.000115326235,0.0393561237,0.0615762658,0.000115326235,2.1273792327694373e-06,3.4652941972972435e-06,2.1350139187282723e-06,0.0,False,1.060378642452932e-07,1.634790485021117e-07,1.067449795033083e-07,0.0,False,8.363876251109725e-07,1.6790572335446457e-06,8.471328727080202e-07,0.0,False,1.0,3.4652941972972435e-06,3.3539562936629233e-06,2.7045593237523468e-06,3.5144999664942916e-06,4.068900175857083e-06
809,809,89637,88,0.125982344,unverified,0.09696466068705925,0.05657381176915668,0,0.125982344,2.5266552,0.5017183140282726,0,0.0213399995,0.0105796894,0.000305058347,0.0393630043,0.0615726784,0.000305058347,2.1632656744588804e-06,3.5391263914894777e-06,2.1710389077374814e-06,0.0,False,1.0724376991888547e-07,1.658608272505309e-07,1.0796077454181925e-07,0.0,False,8.46188134235457e-07,1.7078712718839636e-06,8.570905786520189e-07,0.0,False,1.0,3.5391263914894777e-06,3.3945084819095504e-06,2.7358707820569075e-06,3.652831644088134e-06,4.2670871519236325e-06
810,810,89724,88,0.125983194,unverified,0.09686935699704655,0.056630990114297876,0,0.125983194,2.54824901,0.5054639096018136,0,0.0213970374,0.0105219819,0.000115326169,0.0393680073,0.0615700781,0.000115326162,2.1767356866803148e-06,3.5431963806655958e-06,2.1846618173931557e-06,0.0,False,1.0815287867563462e-07,1.6644917241190156e-07,1.0888391276194367e-07,0.0,False,8.536632750352627e-07,1.7099990190191803e-06,8.647992253573879e-07,0.0,False,1.0,3.5431963806655958e-06,3.44107139089809e-06,2.7618731723888257e-06,3.55288467010187e-06,3.983333995174792e-06
811,811,89810,87,0.125983179,unverified,0.09678619354481932,0.056681803226661415,0,0.125983179,2.57786298,0.5091662554337386,0,0.0214481223,0.0104697868,0.000286628754,0.0393755622,0.0615661442,0.000286628754,2.2358621043321426e-06,3.6552593877979797e-06,2.244038620753234e-06,0.0,False,1.1029971122643182e-07,1.7027978928458093e-07,1.1104737512380367e-07,0.0,False,8.708690913158511e-07,1.753820757839962e-06,8.822466759557672e-07,0.0,False,1.0,3.6552593877979797e-06,3.502693776530025e-06,2.82882926586879e-06,3.760755009678828e-06,4.46878263772328e-06
812,812,89897,88,0.125983685,unverified,0.09668419157083645,0.05674067614612183,0,0.125983685,2.59537983,0.5125153453936627,0,0.0215060432,0.0104104988,0.000112398273,0.0393820517,0.0615627654,0.000112398258,2.2669670973640065e-06,3.700520547787482e-06,2.275336441252534e-06,0.0,False,1.1165955052810722e-07,1.7209602755945502e-07,1.124226843197709e-07,0.0,False,8.819749636775531e-07,1.7718004876604986e-06,8.936021856398889e-07,0.0,False,1.0,3.700520547787482e-06,3.5635514135266176e-06,2.8659196457105983e-06,3.7634480442307386e-06,4.315622899092266e-06
813,813,89984,88,0.125983968,unverified,0.09662440305095363,0.056777380154337774,0,0.125983968,2.58681941,0.5141702467932242,0,0.0215427037,0.0103727896,0.000281161396,0.0393880382,0.0615596548,0.000281161396,2.296383389136111e-06,3.7576404622507356e-06,2.304955567690842e-06,0.0,False,1.1270937156527984e-07,1.739721545577295e-07,1.1348750577677526e-07,0.0,False,8.905767065493103e-07,1.7939078001915068e-06,9.024420257976029e-07,0.0,False,1.0,3.7576404622507356e-06,3.60805783851e-06,2.893228837656638e-06,3.7950670579828336e-06,4.419279867885455e-06
814,814,90071,88,0.125984132,unverified,0.09652094622254868,0.05684829466839627,0,0.125984132,2.66527843,0.5192965319295852,0,0.0216121655,0.0103008524,9.34447016e-05,0.0393966734,0.0615551583,9.34447016e-05,2.3326173759438792e-06,3.8010712808862395e-06,2.3413725577276915e-06,0.0,False,1.1446445161879859e-07,1.759856582067401e-07,1.152590702262687e-07,0.0,False,9.048102171297147e-07,1.811422568092893e-06,9.169497591570777e-07,0.0,False,1.0,3.8010712808862395e-06,3.6862170331415204e-06,2.943790232653613e-06,3.894475531237433e-06,4.320786749421906e-06
815,815,90158,88,0.12598446,unverified,0.09648282049041373,0.05687044502199181,0,0.12598446,2.66819763,0.52089391741413,0,0.0216339324,0.0102783116,0.000281161338,0.0393994898,0.0615536943,0.000281161338,2.3468857543325855e-06,3.8213406618083474e-06,2.355717297897358e-06,0.0,False,1.1510230771664906e-07,1.7680366482636352e-07,1.1590219127665474e-07,0.0,False,9.100089037701956e-07,1.819425174816405e-06,9.222341125305489e-07,0.0,False,1.0,3.8213406618083474e-06,3.6989223511771194e-06,2.960391481672112e-06,3.96870295097943e-06,4.479097208754016e-06
816,816,90245,88,0.125984579,unverified,0.09634114854287068,0.056958111742682976,0,0.125984579,2.71899343,0.5257161601341251,0,0.0217186138,0.010189767,0.000112398913,0.0394131988,0.0615465567,0.000112398913,2.4182639848806326e-06,3.959251051888177e-06,2.4273584155346204e-06,0.0,False,1.1769924243091967e-07,1.8130932232515245e-07,1.185202891769841e-07,0.0,False,9.311636534399257e-07,1.8723660549404926e-06,9.437247432891192e-07,0.0,False,1.0,3.959251051888177e-06,3.828290199659267e-06,3.03252619886094e-06,4.172555126463472e-06,4.604679178556655e-06
817,817,90332,88,0.125984833,unverified,0.09630055148732308,0.05698349251104373,0,0.125984833,2.73958302,0.5282100651374323,0,0.0217430051,0.0101642087,0.000296067214,0.0394137353,0.061546281,0.000296067214,2.4469620752152076e-06,4.0075584220092e-06,2.4561973175464762e-06,0.0,False,1.1883421059008618e-07,1.830772059040311e-07,1.1966541077299254e-07,0.0,False,9.40202694146608e-07,1.8911013041423666e-06,9.52916510182864e-07,0.0,False,1.0,4.0075584220092e-06,3.860688953797181e-06,3.073599264849926e-06,4.22992682475564e-06,4.770037916697323e-06
818,818,90420,89,0.12598528,unverified,0.09619641942923735,0.0570531141644111,0,0.12598528,2.79648948,0.5323520628408425,0,0.0218090471,0.0100945299,0.000112398498,0.0394214578,0.0615422577,0.000112398506,2.484731901412467e-06,4.071555746434015e-06,2.494102328809153e-06,0.0,False,1.2042511128864448e-07,1.8531205991430763e-07,1.2127073648011746e-07,0.0,False,9.532641782114838e-07,1.9156425236295404e-06,9.662423079979139e-07,0.0,False,1.0,4.071555746434015e-06,3.955951318094152e-06,3.1208371481869066e-06,4.17241855993842e-06,4.44142258573599e-06
819,819,90508,89,0.125985637,unverified,0.09613927205113065,0.05709060271819411,0,0.125985637,2.80568838,0.5328576220815996,0,0.0218451358,0.0100562731,0.000281161279,0.0394295752,0.0615380369,0.000281161279,2.4785656780096457e-06,4.054308968505584e-06,2.488090816888645e-06,0.0,False,1.203412230691269e-07,1.847737604977371e-07,1.2119990835766677e-07,0.0,False,9.530030146324375e-07,1.909056012676688e-06,9.661878733764156e-07,0.0,False,1.0,4.054308968505584e-06,3.9703550685692665e-06,3.100428212413732e-06,4.061097924263224e-06,4.00937376039831e-06
820,820,90596,89,0.125986546,unverified,0.0960309161939415,0.057163100373810796,0,0.125986546,2.86131835,0.5389834033797479,0,0.0219136067,0.00998339429,9.34444179e-05,0.0394359045,0.0615347363,9.34444179e-05,2.5674853334373274e-06,4.220215900602839e-06,2.577342098459919e-06,0.0,False,1.2360134868864397e-07,1.9035353944043623e-07,1.244835952737481e-07,0.0,False,9.791346429484045e-07,1.9723694604520747e-06,9.926882108326097e-07,0.0,False,1.0,4.220215900602839e-06,4.095777323972243e-06,3.2117754505094065e-06,4.279074928758431e-06,4.413908638161689e-06
821,821,90684,89,0.125986576,unverified,0.09599557547979971,0.05718307627346799,0,0.125986576,2.87207913,0.5401936708697637,0,0.0219321493,0.0099635059,0.000286628725,0.0394381396,0.0615335777,0.000286628725,2.578849067234046e-06,4.238358800796784e-06,2.5888360730889312e-06,0.0,False,1.240815396652525e-07,1.910077813461025e-07,1.249750790604836e-07,0.0,False,9.830783501881137e-07,1.9793126253274267e-06,9.968040041742678e-07,0.0,False,1.0,4.238358800796784e-06,4.120213395927454e-06,3.2245402287901606e-06,4.281088666019588e-06,4.388740462134582e-06
822,822,90773,90,0.125987634,unverified,0.09588248940647771,0.05725837877095005,0,0.125987634,2.91149402,0.5442623388034972,0,0.0220017582,0.00988884363,0.000115326242,0.039447248,0.0615288354,0.000115326235,2.621741111418046e-06,4.30593888219602e-06,2.632100544748601e-06,0.0,False,1.2587397006352822e-07,1.934657154014902e-07,1.2679764321057625e-07,0.0,False,9.97901895234238e-07,2.005184368296625e-06,1.0121283853563944e-06,0.0,False,1.0,4.30593888219602e-06,4.20861002023603e-06,3.2731761998114817e-06,4.36785554543636e-06,4.580769317516385e-06
823,823,90862,90,0.125987247,unverified,0.0958176416617747,0.057302618944790794,0,0.125987247,2.93824887,0.54728434791275,0,0.0220427252,0.00984448381,0.000305058144,0.0394527577,0.061525967,0.000305058144,2.654146208720527e-06,4.359160935165219e-06,2.664700875046302e-06,0.0,False,1.2718771133750258e-07,1.9537383918129643e-07,1.281273074441017e-07,0.0,False,1.0085495778054977e-06,2.0254827428147366e-06,1.023015239078374e-06,0.0,False,1.0,4.359160935165219e-06,4.264076975932183e-06,3.3120989710709824e-06,4.428034069063392e-06,4.684822253434096e-06
824,824,90951,90,0.125986978,unverified,0.09574695297323844,0.05735505631276282,0,0.125986978,2.97100019,0.5511708496316735,0,0.0220908038,0.00979230739,0.000115325951,0.0394594371,0.0615224913,0.000115325944,2.716055801580828e-06,4.476476335771171e-06,2.7266982535237035e-06,0.0,False,1.2941702558092821e-07,1.9921590148908454e-07,1.303628863853276e-07,0.0,False,1.0264769545060807e-06,2.0696525958623252e-06,1.0410455023487408e-06,0.0,False,1.0,4.476476335771171e-06,4.365929859627088e-06,3.3841542926201166e-06,4.593650738854392e-06,5.009083843047273e-06
825,825,91040,90,0.125987232,unverified,0.09567057523049703,0.05740844657292869,0,0.125987232,3.02137351,0.5527922552095564,0,0.0221402198,0.00973852724,0.000286628783,0.0394689068,0.0615175553,0.000286628783,2.732640904353228e-06,4.506423415508962e-06,2.7434212328773913e-06,0.0,False,1.3009831872808556e-07,2.0013187151145135e-07,1.3105435426691034e-07,0.0,False,1.0323612662313784e-06,2.0807536789800933e-06,1.0470805368771886e-06,0.0,False,1.0,4.506423415508962e-06,4.414761693488783e-06,3.391974665864143e-06,4.648241253042406e-06,5.2024106943007056e-06
826,826,91130,91,0.125987843,unverified,0.09557239482798803,0.05748103478216865,0,0.125987843,3.05303407,0.5580274047444642,0,0.0222058669,0.0096664466,0.000107207445,0.0394752249,0.0615142658,0.000107207437,2.7869441055238024e-06,4.589915488455554e-06,2.7979858782398547e-06,0.0,False,1.3235105626584477e-07,2.0326321028559778e-07,1.333280380826466e-07,0.0,False,1.0505798282033341e-06,2.1125663156097873e-06,1.0656323115201443e-06,0.0,False,1.0,4.589915488455554e-06,4.517134060172562e-06,3.462868143550568e-06,4.695295007698478e-06,5.321883399102211e-06
827,827,91219,90,0.125988379,unverified,0.09552955892996058,0.057505830366340896,0,0.125988379,3.08284187,0.5608956936227795,0,0.0222286526,0.00964142848,0.000286628579,0.039477542,0.0615130626,0.000286628579,2.8447572397244942e-06,4.7009914382905366e-06,2.8560264659912255e-06,0.0,False,1.3433059019828097e-07,2.068713526512866e-07,1.353225638076123e-07,0.0,False,1.0663647105519732e-06,2.1540624899367876e-06,1.081635088075359e-06,0.0,False,1.0,4.7009914382905366e-06,4.586906493593101e-06,3.530489247412085e-06,4.841974394137576e-06,5.477418645501872e-06
828,828,91309,91,0.125989124,unverified,0.09543662376155138,0.05758268782424589,0,0.125989124,3.11586189,0.5647603770046407,0,0.0222970564,0.00956566166,0.000115326278,0.0394882001,0.0615075156,0.000115326286,2.8755254599195076e-06,4.7482373204094705e-06,2.8870957423350645e-06,0.0,False,1.357070187538395e-07,2.0854845329297549e-07,1.3672379616385448e-07,0.0,False,1.0778456395031904e-06,2.1717577944243767e-06,1.0935185159683748e-06,0.0,False,1.0,4.7482373204094705e-06,4.6675292142678116e-06,3.5657826854037463e-06,4.853455943664006e-06,5.499414342412987e-06
829,829,91399,91,0.125989735,unverified,0.0953798063831843,0.05762081829492026,0,0.125989735,3.14360261,0.5676972982469688,0,0.0223306399,0.00952835288,0.000305058376,0.0394931957,0.0615049154,0.000305058376,2.9097377729216672e-06,4.798774235410707e-06,2.921530483323944e-06,0.0,False,1.3709938939543758e-07,2.1046692512899472e-07,1.381339327251511e-07,0.0,False,1.0892305146888881e-06,2.190930444579207e-06,1.10519605084905e-06,0.0,False,1.0,4.798774235410707e-06,4.717487526173302e-06,3.6006232004913255e-06,4.910555617188233e-06,5.612434357535738e-06
830,830,91489,91,0.125989825,unverified,0.09527819374637485,0.05770066475666175,0,0.125989825,3.19493866,0.5730676834350299,0,0.0224011242,0.00944955088,0.000112399015,0.039503485,0.0614995621,0.00011239903,2.9878946867691934e-06,4.9437452857584e-06,3.0002079455387807e-06,0.0,False,1.399739775421711e-07,2.1514164030610855e-07,1.4104607960180055e-07,0.0,False,1.1126562994879623e-06,2.244546178475005e-06,1.1292388851936468e-06,0.0,False,1.0,4.9437452857584e-06,4.838832058906598e-06,3.689221767682612e-06,5.083445096777723e-06,5.796480681971489e-06
831,831,91579,91,0.125989482,unverified,0.09522415440375248,0.05774019182603993,0,0.125989482,3.17508841,0.5745891276624336,0,0.0224360805,0.00941025838,0.000281161425,0.0395078026,0.061497312,0.000281161425,2.978569589213971e-06,4.907294788059026e-06,2.9910382389923248e-06,0.0,False,1.4001231720365174e-07,2.1429855774591748e-07,1.4109560589221207e-07,0.0,False,1.1132969422568012e-06,2.2314367836448365e-06,1.1300542943556772e-06,0.0,False,1.0,4.907294788059026e-06,4.883940701791773e-06,3.6812591271337692e-06,5.021289583456748e-06,5.798067106821548e-06
832,832,91669,91,0.125989616,unverified,0.09512266915606565,0.057816223563707116,0,0.125989616,3.23947573,0.5798450411671646,0,0.0225023963,0.00933541451,9.34436612e-05,0.0395161249,0.0614929795,9.34436539e-05,3.0529198824206945e-06,5.0360035346000145e-06,3.065631240899803e-06,0.0,False,1.4280105462648454e-07,2.1866560733538287e-07,1.4390120007908188e-07,0.0,False,1.1358369133688066e-06,2.2792225689173624e-06,1.1528329731325391e-06,0.0,False,1.0,5.0360035346000145e-06,4.997864334306036e-06,3.7680652834039944e-06,5.1231229569398635e-06,5.948993785725445e-06
833,833,91759,91,0.125989825,unverified,0.09509715043147735,0.057839367506857545,0,0.125989825,3.24477506,0.5804644713918141,0,0.0225230884,0.00931187999,0.000281161774,0.039521426,0.0614902191,0.000281161774,3.062142123040919e-06,5.052982411171361e-06,3.0749831568179273e-06,0.0,False,1.4314119284881056e-07,2.191520440615115e-07,1.4425001229827233e-07,0.0,False,1.1388587888274942e-06,2.2853775341584072e-06,1.1559765742750483e-06,0.0,False,1.0,5.052982411171361e-06,5.019086563669814e-06,3.7600939883236793e-06,5.204337965733242e-06,6.031225093180954e-06
834,834,91849,91,0.125991479,unverified,0.09498673958919665,0.05793283872232432,0,0.125991479,3.32177663,0.5871421732873484,0,0.0226039309,0.00921981502,0.000112398971,0.0395327769,0.0614843108,0.000112398979,3.1437208835087535e-06,5.1893084480141765e-06,3.156999597337798e-06,0.0,False,1.4630964366462829e-07,2.238371317775502e-07,1.4745052625515037e-07,0.0,False,1.1646170560142766e-06,2.3358068933226807e-06,1.1822434374568068e-06,0.0,False,1.0,5.1893084480141765e-06,5.143183394976654e-06,3.8547928601790465e-06,5.294724769852179e-06,6.18127292015709e-06
835,835,91939,91,0.125991419,unverified,0.09494635084574278,0.05796013353551428,0,0.125991419,3.35175037,0.5889885920986582,0,0.0226271041,0.0091931466,0.00029606701,0.0395354331,0.061482925,0.00029606701,3.191981358778704e-06,5.29942746024089e-06,3.205353658170883e-06,0.0,False,1.4776924473942296e-07,2.269110652120132e-07,1.4891766616371822e-07,0.0,False,1.1764011778687344e-06,2.3754358651942773e-06,1.194147627538178e-06,0.0,False,1.0,5.29942746024089e-06,5.210218974512968e-06,3.906480982802991e-06,5.3055318954094e-06,6.233443694940693e-06
836,836,92029,91,0.125992164,unverified,0.09484887977937852,0.05803519337556853,0,0.125992164,3.41067886,0.5954085398157642,0,0.0226900727,0.00912067946,0.00011239836,0.0395432375,0.0614788644,0.00011239836,3.256468664811468e-06,5.379758909579055e-06,3.2702307387127994e-06,0.0,False,1.5057558525022046e-07,2.3034101438383762e-07,1.517522451565929e-07,0.0,False,1.1991730897298305e-06,2.4058956271640093e-06,1.2173993364362598e-06,0.0,False,1.0,5.379758909579055e-06,5.339737409648489e-06,3.992721307125512e-06,5.323362640220501e-06,6.223719290118401e-06
837,837,92120,92,0.125992447,unverified,0.0948082935530111,0.058076335286093204,0,0.125992447,3.43984056,0.5981266084252739,0,0.0227244683,0.00908089802,0.000281161367,0.0395482071,0.0614762716,0.000281161338,3.314703141528562e-06,5.503279966388961e-06,3.3286110891152084e-06,0.0,False,1.524562284311222e-07,2.3394421215424626e-07,1.536441274775688e-07,0.0,False,1.2143514866922285e-06,2.450298393678687e-06,1.2327833389123006e-06,0.0,False,1.0,5.503279966388961e-06,5.400020126578631e-06,4.062737136312861e-06,5.612099632148647e-06,6.288660917935407e-06
838,838,92211,92,0.125992313,unverified,0.09473788570852133,0.0581532278902941,0,0.125992313,3.4912703,0.6006872534453047,0,0.022789618,0.00900503248,9.34441996e-05,0.0395612195,0.0614695027,9.34441996e-05,3.360134544734331e-06,5.59558282287707e-06,3.3742295955314286e-06,0.0,False,1.5403874378756802e-07,2.3660134271060623e-07,1.552390833751689e-07,0.0,False,1.2275345085993052e-06,2.4832865773053244e-06,1.2461439440477034e-06,0.0,False,1.0,5.59558282287707e-06,5.516632911726081e-06,4.096612562517772e-06,5.6569561319183375e-06,5.725167356755244e-06
839,839,92302,92,0.125992522,unverified,0.09471213976713876,0.05817426762892046,0,0.125992522,3.51060605,0.6019271810200121,0,0.0228073336,0.00898440368,0.000286628783,0.0395637564,0.0614681803,0.000286628783,3.3759893416746543e-06,5.624752628285598e-06,3.3901716949741647e-06,0.0,False,1.5463517459682897e-07,2.3750530822179834e-07,1.5584166717809933e-07,0.0,False,1.2324372322226303e-06,2.493768433052863e-06,1.25114132208045e-06,0.0,False,1.0,5.624752628285598e-06,5.548591423202372e-06,4.113854879273105e-06,5.698000786854473e-06,5.735428400550563e-06
840,840,92394,93,0.125992939,unverified,0.09461455828343958,0.058254540983125706,0,0.125992939,3.56745338,0.6078047966470688,0,0.0228734985,0.00890667364,0.00011532622,0.0395696536,0.0614651069,0.000115326206,3.4468762542113445e-06,5.742448357226307e-06,3.4614457572720927e-06,0.0,False,1.5741583579113944e-07,2.414853083696051e-07,1.586506917181709e-07,0.0,False,1.254997465264555e-06,2.5364579198993666e-06,1.2741472137148023e-06,0.0,False,1.0,5.742448357226307e-06,5.6763585837353955e-06,4.207880344396267e-06,5.814035060805388e-06,5.7059358148475255e-06
841,841,92486,93,0.125993475,unverified,0.09456390105981405,0.058294339626060294,0,0.125993475,3.61941075,0.6091582411561405,0,0.0229059774,0.00886840094,0.000305058376,0.0395743623,0.0614626557,0.000305058376,3.4646423616733748e-06,5.7654832034132075e-06,3.479380731361301e-06,0.0,False,1.5815663911404303e-07,2.4236185587263194e-07,1.5940516843579558e-07,0.0,False,1.261345534360754e-06,2.5449681826724685e-06,1.2807131976822194e-06,0.0,False,1.0,5.7654832034132075e-06,5.752495178166267e-06,4.213174218423389e-06,5.908453129654641e-06,5.946731100945464e-06
842,842,92578,93,0.125994101,unverified,0.09451106566302876,0.05835822571147501,0,0.125994101,3.57739878,0.6144568163374438,0,0.0229583345,0.00880641583,0.000115326191,0.0395819433,0.061458718,0.000115326191,3.5268599063322712e-06,5.874661010673565e-06,3.541874142625954e-06,0.0,False,1.605322978532698e-07,2.4592504092260145e-07,1.617998296182048e-07,0.0,False,1.2805184384684736e-06,2.58426742117712e-06,1.3001918733964994e-06,0.0,False,1.0,5.874661010673565e-06,5.841598635541768e-06,4.300065034499196e-06,5.946045054625039e-06,5.716529362414571e-06
843,843,92670,93,0.125994116,unverified,0.09445609514618607,0.0584144337329472,0,0.125994116,3.65770817,0.619421841754184,0,0.0230052657,0.00875045639,0.000286628783,0.0395915024,0.0614537373,0.000286628783,3.6612376841627833e-06,6.161394417265768e-06,3.6767755818720453e-06,0.0,False,1.646178258210631e-07,2.541649355643585e-07,1.6591350498022807e-07,0.0,False,1.3133848742396108e-06,2.685727932415012e-06,1.3334704358141128e-06,0.0,False,1.0,6.161394417265768e-06,5.944836636172298e-06,4.437034547020263e-06,6.287000824604798e-06,6.527791907232378e-06
844,844,92763,94,0.125994638,unverified,0.09436998799757165,0.05849338935243516,0,0.125994638,3.66404343,0.6240462279096497,0,0.0230677929,0.00867564976,0.000107206935,0.0395989455,0.0614498593,0.000107206935,3.7043148588569506e-06,6.215294206660428e-06,3.7199999502762043e-06,0.0,False,1.665438445921771e-07,2.563041246495816e-07,1.6785774041088677e-07,0.0,False,1.32935053974276e-06,2.705416123835923e-06,1.3497578718713772e-06,0.0,False,1.0,6.215294206660428e-06,6.099002692494713e-06,4.484732517728125e-06,6.2432210935314615e-06,6.3858797758379e-06
845,845,92855,93,0.125994563,unverified,0.09434744920144723,0.05851942672215282,0,0.125994563,3.75685024,0.6244800502153548,0,0.0230893847,0.00864959694,0.000286628871,0.0396022983,0.0614481084,0.000286628871,3.694602752319446e-06,6.191811815292491e-06,3.710522249468667e-06,0.0,False,1.664001759563506e-07,2.555909301700487e-07,1.6772695930109026e-07,0.0,False,1.3285164651205999e-06,2.6969756011853334e-06,1.3491099213286981e-06,0.0,False,1.0,6.191811815292491e-06,6.069750084077935e-06,4.468849310024917e-06,6.151147138468504e-06,5.705193923748824e-06
846,846,92947,93,0.125995278,unverified,0.09428909644457248,0.058599841481217385,0,0.125995278,3.81879663,0.6325971980948663,0,0.0231545214,0.0085710017,0.000115326227,0.0396137051,0.0614421815,0.000115326235,3.860917302983252e-06,6.505812298392702e-06,3.877403216581087e-06,0.0,False,1.7191959899510422e-07,2.6533728474467903e-07,1.7327710316545073e-07,0.0,False,1.3727807613407933e-06,2.808180375810985e-06,1.393837983630116e-06,0.0,False,1.0,6.505812298392702e-06,6.222460034059905e-06,4.659720080958804e-06,6.528861608071723e-06,6.222805961884193e-06
847,847,93040,94,0.125995398,unverified,0.09422877113772017,0.05864986313907274,0,0.125995398,3.79454041,0.6343825565602546,0,0.0231928304,0.0085243294,0.000305058347,0.0396205001,0.0614386387,0.000305058347,3.849403889011858e-06,6.46950480712238e-06,3.865804810120012e-06,0.0,False,1.7193008960273052e-07,2.643834842933642e-07,1.7329475804431956e-07,0.0,False,1.373357775685218e-06,2.7954312378380443e-06,1.3945875895074186e-06,0.0,False,1.0,6.46950480712238e-06,6.366423985644338e-06,4.648573860380429e-06,6.499835625861598e-06,6.734052348467464e-06
848,848,93134,95,0.125996202,unverified,0.09417596554732197,0.0587272165959132,0,0.125996202,3.8485074,0.6413938152874081,0,0.0232533645,0.00845041592,0.000112398389,0.0396264903,0.0614355244,0.000112398382,3.941437418293545e-06,6.619126349375661e-06,3.958237440320334e-06,0.0,False,1.7542311422844427e-07,2.694407199855127e-07,1.7681554827167466e-07,0.0,False,1.4015779615495792e-06,2.848608892242223e-06,1.4232586818041616e-06,0.0,False,1.0,6.619126349375661e-06,6.492053480637334e-06,4.766121163155123e-06,6.661771749354147e-06,7.047703837751315e-06
849,849,93228,95,0.125996634,unverified,0.09412106845434118,0.058770402857863224,0,0.125996634,3.88427687,0.6421036334848361,0,0.0232865885,0.00840964727,0.000281161512,0.039630156,0.0614336096,0.000281161512,3.955893308665446e-06,6.644573610515361e-06,3.972882440244569e-06,0.0,False,1.7595598510921393e-07,2.7015130331564914e-07,1.7736182635783211e-07,0.0,False,1.4063900602731249e-06,2.8574197267210738e-06,1.4282838494219591e-06,0.0,False,1.0,6.644573610515361e-06,6.5556887321051904e-06,4.762860854800912e-06,6.673350107285957e-06,7.037058332529618e-06
850,850,93322,95,0.125997037,unverified,0.09406573661880739,0.05885157306990858,0,0.125997037,3.94737411,0.6485022894944479,0,0.0233494956,0.0083319135,9.34444906e-05,0.0396410637,0.0614279285,9.34444906e-05,4.053521265302488e-06,6.817226823058724e-06,4.070942354570475e-06,0.0,False,1.7945900138400802e-07,2.7559671142778905e-07,1.8089365099331197e-07,0.0,False,1.4348382521090814e-06,2.9180052870698007e-06,1.4571924577869451e-06,0.0,False,1.0,6.817226823058724e-06,6.71041534370518e-06,4.872338913688255e-06,6.88621521842315e-06,7.297505556818337e-06
851,851,93416,95,0.125997439,unverified,0.09404919394919059,0.05887679830068107,0,0.125997439,3.968817,0.6508624786601096,0,0.023369208,0.00830755569,0.000281161512,0.0396446101,0.0614260845,0.000281161512,4.085220924460444e-06,6.8719171431572324e-06,4.102801893617753e-06,0.0,False,1.8062525534077469e-07,2.7734437611715796e-07,1.820705655529288e-07,0.0,False,1.4442933842261756e-06,2.937169096129965e-06,1.4668151492710974e-06,0.0,False,1.0,6.8719171431572324e-06,6.751465592975226e-06,4.9078586963295205e-06,6.946187243571781e-06,7.373415902780924e-06
852,852,93509,94,0.125997752,unverified,0.09397597444059447,0.05897591537604527,0,0.125997752,4.06412935,0.6598759591451606,0,0.0234458279,0.00821194611,0.000112398884,0.0396553166,0.0614205115,0.000112398891,4.267758904948919e-06,7.2198679709189526e-06,4.286151610645641e-06,0.0,False,1.8661764784787747e-07,2.87856522919551e-07,1.8811235761963497e-07,0.0,False,1.4924422592637864e-06,3.057980756020926e-06,1.5157287048038013e-06,0.0,False,1.0,7.2198679709189526e-06,6.910518786771878e-06,5.137697410689064e-06,7.181172806427913e-06,7.479133768638534e-06
853,853,93602,94,0.12599808,unverified,0.09392937056987388,0.05900492829691326,0,0.12599808,4.08925152,0.6621238175611102,0,0.0234678909,0.00818435382,0.000296066981,0.0396566279,0.0614198297,0.000296066981,4.2922655435152015e-06,7.2400887045302215e-06,4.310870136555683e-06,0.0,False,1.8772575928310257e-07,2.8897381587376943e-07,1.8923350277662517e-07,0.0,False,1.501550251552398e-06,3.065677448974162e-06,1.5250377485153045e-06,0.0,False,1.0,7.2400887045302215e-06,6.969324380074894e-06,5.161965400744934e-06,7.178251769231842e-06,7.583497082679349e-06
854,854,93695,94,0.125998378,unverified,0.09388090590622837,0.059083356899252974,0,0.125998378,4.00247526,0.6653383520382532,0,0.0235275887,0.00810917001,0.000112398491,0.0396653414,0.0614152923,0.000112398498,4.284923315578439e-06,7.183407523507277e-06,4.303779578207149e-06,0.0,False,1.8822243182274976e-07,2.8798119050229863e-07,1.8974616291989868e-07,0.0,False,1.506264122076765e-06,3.046888188369394e-06,1.530019462966943e-06,0.0,False,1.0,7.183407523507277e-06,7.069640198635814e-06,5.1524426606447235e-06,6.894867801570559e-06,7.024434946841644e-06
855,855,93789,95,0.125998557,unverified,0.09387012687636118,0.05912611954587461,0,0.125998557,4.17809296,0.671285349004075,0,0.0235601924,0.00806790497,0.000281161541,0.0396727733,0.0614114292,0.000281161541,4.4438141002311905e-06,7.5299181349397835e-06,4.462931021132602e-06,0.0,False,1.9289955468604786e-07,2.97477276615104e-07,1.9444278766440834e-07,0.0,False,1.5435999324573975e-06,3.1650224953340196e-06,1.5676567584840394e-06,0.0,False,1.0,7.5299181349397835e-06,7.199926201956318e-06,5.332475475406191e-06,7.773095804560267e-06,8.749893272318414e-06
856,856,93882,94,0.125999123,unverified,0.09382706026233899,0.05920782983840287,0,0.125999123,4.2405386,0.675869992394673,0,0.0236220323,0.00798931904,9.34444688e-05,0.0396828651,0.0614061765,9.34444615e-05,4.506346678291119e-06,7.642893247458899e-06,4.5260200411058085e-06,0.0,False,1.9521656075113975e-07,3.008078021994544e-07,1.9679384880114545e-07,0.0,False,1.5628042209479808e-06,3.2034874018470853e-06,1.587394333660595e-06,0.0,False,1.0,7.642893247458899e-06,7.280453122000129e-06,5.4016794568981195e-06,7.939418801296209e-06,8.989070675781433e-06
857,857,93975,94,0.125999093,unverified,0.09378979528784441,0.05923107328612619,0,0.125999093,4.25165224,0.6781748090658141,0,0.0236387644,0.00796788558,0.000286628434,0.0396834351,0.0614058785,0.000286628434,4.588536754786648e-06,7.81266287449224e-06,4.608364425262256e-06,0.0,False,1.9763210211474213e-07,3.056064342048103e-07,1.9921868706788094e-07,0.0,False,1.582151456159793e-06,3.2611751594076837e-06,1.6068763225572034e-06,0.0,False,1.0,7.81266287449224e-06,7.394755016408961e-06,5.493949763052209e-06,7.813030555125802e-06,8.297704549305856e-06
858,858,94069,95,0.125999823,unverified,0.0937388839588041,0.05931570611144703,0,0.125999823,4.34133959,0.681651008629498,0,0.0237015821,0.00788742397,0.000115326176,0.0396937318,0.0614005178,0.000115326184,4.627785707759541e-06,7.885463185140987e-06,4.647909792926143e-06,0.0,False,1.9913902397288492e-07,3.0758238434225173e-07,2.0074754444118567e-07,0.0,False,1.5951050445970634e-06,3.2855525576325643e-06,1.6201886137079142e-06,0.0,False,1.0,7.885463185140987e-06,7.543991807488036e-06,5.509615016256667e-06,8.177681222049254e-06,8.71482442914986e-06
859,859,94163,95,0.125999913,unverified,0.09371881334235418,0.05935792981734927,0,0.125999913,4.34560299,0.6860409699448111,0,0.0237322934,0.00784771983,0.000305058347,0.0396972671,0.0613986775,0.000305058347,4.626937487599462e-06,7.795842406680493e-06,4.647185031665969e-06,0.0,False,2.0023246695745482e-07,3.066971885742743e-07,2.0185249657956313e-07,0.0,False,1.604025816077025e-06,3.257392519811844e-06,1.6293096049358318e-06,0.0,False,1.0,7.795842406680493e-06,7.604246160818334e-06,5.536258459307167e-06,7.846923859668267e-06,8.996377182142116e-06
860,860,94257,95,0.126000389,unverified,0.09367019186126349,0.0594263928512756,0,0.126000389,4.42615128,0.6904067067584939,0,0.0237818491,0.00778347393,0.000115326184,0.0397059768,0.0613941364,0.000115326184,4.692735796286762e-06,7.923210511072797e-06,4.713422910345108e-06,0.0,False,2.0251239848933045e-07,3.102663760916346e-07,2.0416247349180164e-07,0.0,False,1.6229923496200443e-06,3.300365637510869e-06,1.6487842525002147e-06,0.0,False,1.0,7.923210511072797e-06,7.763655687224353e-06,5.594739810358288e-06,7.909653417369935e-06,9.14602261708794e-06
861,861,94351,95,0.12600112,unverified,0.09364785974581101,0.05948707153227881,0,0.12600112,4.45415354,0.6958840329299837,0,0.0238263737,0.00772558106,0.000286628754,0.0397171937,0.0613883063,0.000286628754,4.803055040417628e-06,8.113893869928203e-06,4.824152633619571e-06,0.0,False,2.0625634604022327e-07,3.162509438677434e-07,2.0793521662955372e-07,0.0,False,1.6532967637707874e-06,3.3655737583546615e-06,1.679548284868627e-06,0.0,False,1.0,8.113893869928203e-06,7.889668842579618e-06,5.711010480641139e-06,7.979154569580286e-06,9.007009230974346e-06
862,862,94445,95,0.126001269,unverified,0.09360943280568272,0.05956999142389364,0,0.126001269,4.46969891,0.7021323100397718,0,0.0238854717,0.00764803356,0.000107206659,0.039724756,0.061384365,0.000107206659,4.88935030438904e-06,8.263862883012667e-06,4.910966556906095e-06,0.0,False,2.0941751809682516e-07,3.2082232789173623e-07,2.1112984194073453e-07,0.0,False,1.6791019674587261e-06,3.416325536175707e-06,1.705875248780907e-06,0.0,False,1.0,8.263862883012667e-06,8.070520846374941e-06,5.813300116389584e-06,8.256972499870047e-06,9.49643995295078e-06
863,863,94540,96,0.126001626,unverified,0.09358727170745834,0.05959966916666736,0,0.126001626,4.54713917,0.7017884786902613,0,0.0239059795,0.00762112299,0.000286628812,0.0397231728,0.061385192,0.000286628812,4.806236835466543e-06,8.06833141261898e-06,4.827886134961709e-06,0.0,False,2.0747458210815096e-07,3.156770218049204e-07,2.0919258148782541e-07,0.0,False,1.6639683185005786e-06,3.350758429320918e-06,1.6908558549669223e-06,0.0,False,1.0,8.06833141261898e-06,8.066513182246003e-06,5.73372145635794e-06,7.831057287259497e-06,8.896719515543052e-06
864,864,94634,95,0.12600188,unverified,0.09355344750399573,0.059684274692773265,0,0.12600188,4.52346945,0.7098364274012271,0,0.0239674989,0.00753966626,0.000115326038,0.0397378132,0.0613775626,0.000115326038,4.979639470690609e-06,8.39074856197699e-06,5.002171998947783e-06,0.0,False,2.1310462350753874e-07,3.2523654009876834e-07,2.1487837513485676e-07,0.0,False,1.7095212639683855e-06,3.4598018459996405e-06,1.737283499421016e-06,0.0,False,1.0,8.39074856197699e-06,8.261050589573369e-06,5.913636077653136e-06,8.378458666880247e-06,9.802935054697247e-06
865,865,94729,96,0.126002342,unverified,0.09355003653059196,0.059736090932707826,0,0.126002342,4.64644527,0.7135609760944035,0,0.0240038186,0.00749142794,0.000305058202,0.0397414677,0.0613756627,0.000305058202,5.016033211738171e-06,8.435783847132294e-06,5.038775897108654e-06,0.0,False,2.1472066668465627e-07,3.269544224248007e-07,2.165111809922781e-07,0.0,False,1.7227121620471447e-06,3.4753240156508e-06,1.7507461135633156e-06,0.0,False,1.0,8.435783847132294e-06,8.343869250314245e-06,5.969197316013453e-06,8.165984279740268e-06,9.554238096578268e-06
866,866,94824,96,0.126002848,unverified,0.09351432980463566,0.05979622928367104,0,0.126002848,4.69630861,0.7182123187768731,0,0.0240463447,0.00743463263,0.000115326104,0.0397495665,0.0613714457,0.000115326111,5.20904255393556e-06,8.90135666811933e-06,5.2322428724734975e-06,0.0,False,2.1980983321480569e-07,3.384604208772796e-07,2.216267815130784e-07,0.0,False,1.7637401637897109e-06,3.628203729524836e-06,1.792197062721003e-06,0.0,False,1.0,8.90135666811933e-06,8.575979454739634e-06,6.1726833691950195e-06,8.926127061924129e-06,9.386357187609317e-06
867,867,94920,97,0.126003221,unverified,0.09347451578144772,0.05985918583316678,0,0.126003221,4.72970963,0.7207633829941079,0,0.0240899306,0.00737603242,0.000286629132,0.0397568643,0.0613676533,0.000286629132,5.186139264880902e-06,8.79460666128705e-06,5.2094580095594546e-06,0.0,False,2.199411647824626e-07,3.3647939348176336e-07,2.2177232944793764e-07,0.0,False,1.765572922900767e-06,3.594087549202767e-06,1.7943165738121375e-06,0.0,False,1.0,8.79460666128705e-06,8.727718370465545e-06,6.141221118384859e-06,8.66779702388604e-06,8.354834149104041e-06
868,868,95015,96,0.126004234,unverified,0.09350201137465868,0.05992829893465371,0,0.126004234,4.81269503,0.7314275295996642,0,0.0241393391,0.00730947871,0.000112398739,0.0397677533,0.0613619834,0.000112398739,5.48155516673007e-06,9.376263263612644e-06,5.50588619251679e-06,0.0,False,2.2888333362421774e-07,3.5299725154827625e-07,2.3076521885743963e-07,0.0,False,1.8369596793211575e-06,3.7868508266012374e-06,1.8664410034536613e-06,0.0,False,1.0,9.376263263612644e-06,8.814626282882567e-06,6.484580075827542e-06,9.332282026232542e-06,1.0442302789071496e-05
869,869,95110,96,0.126004353,unverified,0.09346915470798693,0.05997345717962472,0,0.126004353,4.83746576,0.7304526057940574,0,0.0241704788,0.00726709981,0.000281161105,0.0397734493,0.0613590218,0.000281161105,5.338980905682578e-06,9.04103194888146e-06,5.363427421686692e-06,0.0,False,2.255080677221011e-07,3.4433416085423174e-07,2.2740428117418314e-07,0.0,False,1.810916129273896e-06,3.676915087980198e-06,1.8406671788758712e-06,0.0,False,1.0,9.04103194888146e-06,8.851159358414896e-06,6.309366778305184e-06,9.180311195461102e-06,9.652682804122191e-06
870,870,95206,97,0.12600562,unverified,0.09343540242158056,0.06005957710130094,0,0.12600562,4.89979744,0.7379648464719385,0,0.0242296904,0.00718651339,9.34447016e-05,0.0397792757,0.0613559857,9.34447016e-05,5.5204217624786605e-06,9.39875340515628e-06,5.5454369942325584e-06,0.0,False,2.3116749563368495e-07,3.54313501440501e-07,2.3309276346892792e-07,0.0,False,1.85677216255598e-06,3.7948273630293877e-06,1.8870341106316907e-06,0.0,False,1.0,9.39875340515628e-06,9.046067231246475e-06,6.524283842924974e-06,9.549633854082583e-06,9.742521066368541e-06
871,871,95302,97,0.126005515,unverified,0.09341982102336713,0.06008678389042615,0,0.126005515,4.89273787,0.7397530786810032,0,0.0242481418,0.00716118747,0.000281161396,0.0397827774,0.0613541603,0.000281161396,5.558922628677241e-06,9.474019570684665e-06,5.584137824764975e-06,0.0,False,2.3240970524345796e-07,3.5636530897325333e-07,2.3434987846295153e-07,0.0,False,1.866993930922776e-06,3.8194346182750056e-06,1.8974877046724356e-06,0.0,False,1.0,9.474019570684665e-06,9.149322895965222e-06,6.5611297276496706e-06,9.626654213974065e-06,9.635520838137843e-06
872,872,95398,97,0.126005143,unverified,0.09338081307838789,0.06019247494536817,0,0.126005143,5.0041275,0.7475908847411095,0,0.0243201125,0.00706203189,0.00011239884,0.0397931859,0.0613487437,0.00011239884,5.6681871239300085e-06,9.559930803487812e-06,5.694294976266371e-06,0.0,False,2.37033980316457e-07,3.6117336939553515e-07,2.3904028848172954e-07,0.0,False,1.9049213982938002e-06,3.851132052646843e-06,1.9364921569441253e-06,0.0,False,1.0,9.559930803487812e-06,9.379113750210604e-06,6.6863807391852035e-06,9.48857387234927e-06,1.002328002979596e-05
873,873,95494,97,0.126005352,unverified,0.0934085814815406,0.060222042039920126,0,0.126005352,5.03886175,0.7521660287314103,0,0.0243408438,0.00703342305,0.000296066806,0.0397981293,0.0613461696,0.000296066806,5.812231716225661e-06,9.912977541346727e-06,5.838771119044546e-06,0.0,False,2.408801682001533e-07,3.696474231830315e-07,2.429036817413818e-07,0.0,False,1.9355672936257066e-06,3.964440539473095e-06,1.9673797750841722e-06,0.0,False,1.0,9.912977541346727e-06,9.457965836508286e-06,6.854196703259449e-06,1.0028228993223639e-05,1.105851950375712e-05
874,874,95590,97,0.126005888,unverified,0.09340279428869949,0.06030409515824385,0,0.126005888,5.1156168,0.7579434955939799,0,0.0243967809,0.00695540244,0.000112398578,0.0398080647,0.0613409989,0.000112398578,5.961800435486999e-06,1.0219000605478809e-05,5.988838589873986e-06,0.0,False,2.453887629135653e-07,3.778119784228415e-07,2.474435693142994e-07,0.0,False,1.9721099332850703e-06,4.063387124902526e-06,2.004380493304922e-06,0.0,False,1.0,1.0219000605478809e-05,9.624156954292021e-06,7.020384891424241e-06,1.0432032955298254e-05,1.1604124116381595e-05
875,875,95686,97,0.126006693,unverified,0.0933976927341551,0.06035069688989022,0,0.126006693,5.18876028,0.7623502181383013,0,0.0244274251,0.00691266079,0.000281161367,0.0398116559,0.0613391213,0.000281161367,6.042482643431878e-06,1.035781732987791e-05,6.069463380932459e-06,0.0,False,2.4819127739959274e-07,3.8194544607763475e-07,2.5023440839740476e-07,0.0,False,1.9949728130795456e-06,4.1086108485979005e-06,2.027086824600937e-06,0.0,False,1.0,1.035781732987791e-05,9.770446908628824e-06,7.1175016537673255e-06,1.0656294279320804e-05,1.1765524191662357e-05
876,876,95783,98,0.126007438,unverified,0.09338504269398043,0.06044029227614391,0,0.126007438,5.21036339,0.7681716887794934,0,0.0244853217,0.00683112489,9.34448253e-05,0.0398187079,0.0613354556,9.3444818e-05,6.170051048353499e-06,1.0602780724437628e-05,6.196768320907838e-06,0.0,False,2.5229472520104844e-07,3.885926361161834e-07,2.5430863349438245e-07,0.0,False,2.029322289802654e-06,4.1874701188124905e-06,2.061101084254904e-06,0.0,False,1.0,1.0602780724437628e-05,1.0056804604746502e-05,7.252953324450323e-06,1.0903832785643221e-05,1.1563806405837938e-05
877,877,95880,98,0.126007721,unverified,0.09337415055872766,0.06046292571818735,0,0.126007721,5.23179531,0.768438146289524,0,0.0245010369,0.00680893566,0.000286628783,0.0398231037,0.061333172,0.000286628783,6.159201006431697e-06,1.057786992455915e-05,6.186917118662663e-06,0.0,False,2.520555542676141e-07,3.879189620119681e-07,2.541495498418062e-07,0.0,False,2.0273938347005574e-06,4.1794052627652765e-06,2.06039948396878e-06,0.0,False,1.0,1.057786992455915e-05,1.0086630078532261e-05,7.235985147369953e-06,1.0854012367703075e-05,1.1214596410906737e-05
878,878,95978,99,0.126008466,unverified,0.09334680796361654,0.06055317894048595,0,0.126008466,5.33415699,0.7766899411001056,0,0.024559876,0.00672552129,0.000115326373,0.0398324765,0.0613282919,0.00011532638,6.371930600621166e-06,1.0969462963861466e-05,6.401098085854957e-06,0.0,False,2.587035757576294e-07,3.990877834100353e-07,2.6089969185386877e-07,0.0,False,2.081262808433452e-06,4.305824293107339e-06,2.115932909443494e-06,0.0,False,1.0,1.0969462963861466e-05,1.040285774776961e-05,7.478264169018521e-06,1.1216396059950992e-05,1.1487244930088747e-05
879,879,96077,100,0.126008019,unverified,0.09336207831299696,0.06060658704664349,0,0.126008019,5.38521338,0.7812719645585802,0,0.0245944839,0.00667604106,0.000305058376,0.0398388356,0.0613249801,0.000305058376,6.431649240583233e-06,1.1024067044811468e-05,6.460848988500943e-06,0.0,False,2.612310060326592e-07,4.0168756343801524e-07,2.6342804072106036e-07,0.0,False,2.101878947989008e-06,4.324765583291164e-06,2.1365617412634163e-06,0.0,False,1.0,1.1024067044811468e-05,1.0583490053094186e-05,7.54521512430414e-06,1.1051927910285604e-05,1.2401141271921741e-05
880,880,96176,100,0.126008108,unverified,0.09334363322321193,0.06066838739379316,0,0.126008108,5.45042419,0.7860290123135033,0,0.0246351492,0.00661789905,0.00011532606,0.039844919,0.0613218173,0.000115326067,6.53962123015808e-06,1.1221870591456527e-05,6.5693035374747175e-06,0.0,False,2.646933002289836e-07,4.072506256800143e-07,2.6691962677048725e-07,0.0,False,2.1300492352990195e-06,4.388108290815776e-06,2.1651546629714728e-06,0.0,False,1.0,1.1221870591456527e-05,1.0738230729671435e-05,7.664412750687339e-06,1.1272013773516205e-05,1.2701782310731814e-05
881,881,96275,100,0.126008525,unverified,0.09333419668481115,0.060732541999741735,0,0.126008525,5.52191496,0.7898605677209047,0,0.0246767122,0.0065578483,0.000286628987,0.03985136,0.0613184609,0.000286629016,6.630894885552052e-06,1.1388585084363054e-05,6.661095492138533e-06,0.0,False,2.676214341203481e-07,4.119074826058354e-07,2.698805773308357e-07,0.0,False,2.1540920462071885e-06,4.441296472250013e-06,2.1897109438873203e-06,0.0,False,1.0,1.1388585084363054e-05,1.0892347229583414e-05,7.762576166776242e-06,1.1395446718193766e-05,1.2839489812844725e-05
882,882,96374,100,0.126010075,unverified,0.09340260088804138,0.060820185339171655,0,0.126010075,5.49727392,0.7963437642202105,0,0.0247321259,0.00647763116,0.000107207561,0.0398620106,0.0613129139,0.000107207554,6.703834127272469e-06,1.148051322064684e-05,6.733584522418139e-06,0.0,False,2.707220132669646e-07,4.1514563429827577e-07,2.729345812405592e-07,0.0,False,2.180193037491209e-06,4.471266834099165e-06,2.215180381984973e-06,0.0,False,1.0,1.148051322064684e-05,1.1012509568517797e-05,7.844656989076174e-06,1.1759689276044417e-05,1.2735658597174429e-05
883,883,96474,101,0.126010388,unverified,0.09340331343832015,0.06085101378593227,0,0.126010388,5.64927673,0.7983591080013228,0,0.0247512739,0.00644973014,0.000286629045,0.0398639105,0.0613119267,0.000286629045,6.771049240051528e-06,1.1636000489749138e-05,6.800943865495799e-06,0.0,False,2.725780296101057e-07,4.188775688924606e-07,2.748002662851805e-07,0.0,False,2.195314759186037e-06,4.519818038483727e-06,2.230505098968925e-06,0.0,False,1.0,1.1636000489749138e-05,1.116548728337216e-05,7.929350183267845e-06,1.1742908182134688e-05,1.2887785591808564e-05
884,884,96574,101,0.12601085,unverified,0.09337180125718557,0.06094061366038662,0,0.12601085,5.77923632,0.8058569909769544,0,0.0248087998,0.00636540493,0.000115326489,0.0398753919,0.0613059513,0.000115326497,6.918669206066777e-06,1.188927284325113e-05,6.950591595706001e-06,0.0,False,2.775663649869067e-07,4.261812144723344e-07,2.7993470822707585e-07,0.0,False,2.2356522712944793e-06,4.6002671605943225e-06,2.2730604797544054e-06,0.0,False,1.0,1.188927284325113e-05,1.1392688406750816e-05,8.08608888111643e-06,1.206727638477752e-05,1.3362832406633248e-05
885,885,96673,100,0.126011565,unverified,0.0933807124302807,0.060983503639456295,0,0.126011565,5.81937647,0.8087897616300376,0,0.0248370878,0.00632393872,0.000305058318,0.0398912467,0.0612976924,0.000305058318,6.94641784791932e-06,1.1915833265391735e-05,6.979087352469187e-06,0.0,False,2.788774280837579e-07,4.2719866126664775e-07,2.812896741436029e-07,0.0,False,2.247023693710352e-06,4.608899331826235e-06,2.2851382209511474e-06,0.0,False,1.0,1.1915833265391735e-05,1.1446855048236985e-05,8.075208132187849e-06,1.2170063093605355e-05,1.3610447824168644e-05
886,886,96772,100,0.126011416,unverified,0.0933668840245562,0.06107913741984937,0,0.126011416,5.82109165,0.8168696097052269,0,0.024896184,0.00623627147,0.00011239892,0.0398891531,0.0612987839,0.000112398928,7.241566055783834e-06,1.251739420250031e-05,7.275530923600173e-06,0.0,False,2.8716184738126945e-07,4.4296506418886854e-07,2.8964837717080053e-07,0.0,False,2.3140057725049866e-06,4.7976135747418305e-06,2.353327230980754e-06,0.0,False,1.0,1.251739420250031e-05,1.1746619742360086e-05,8.440552605989114e-06,1.2581710663838734e-05,1.40509740166289e-05
887,887,96872,101,0.126011834,unverified,0.09342241556461556,0.06112570019648026,0,0.126011834,5.92845869,0.8232028543146808,0,0.0249255672,0.0061926553,0.000281161396,0.0398974791,0.0612944439,0.000281161396,7.379262581135285e-06,1.2710480901864156e-05,7.4137734855175095e-06,0.0,False,2.918380046119143e-07,4.4958552579195983e-07,2.943624276538859e-07,0.0,False,2.3515948086335593e-06,4.8601783521478495e-06,2.391496963206163e-06,0.0,False,1.0,1.2710480901864156e-05,1.2004913418776602e-05,8.59449382539513e-06,1.3061026790180116e-05,1.4564154152325736e-05
888,888,96972,101,0.126012594,unverified,0.09341443622602644,0.06121525955743791,0,0.126012594,5.97997475,0.8285860939927336,0,0.024981061,0.00610946584,9.3444316e-05,0.0399054401,0.0612903051,9.3444316e-05,7.45586555088702e-06,1.282026351935509e-05,7.491274014726411e-06,0.0,False,2.9488877396250414e-07,4.5297000573829936e-07,2.974670483748659e-07,0.0,False,2.3771732540765795e-06,4.894619851499548e-06,2.4179699525973114e-06,0.0,False,1.0,1.282026351935509e-05,1.2184245124473949e-05,8.679251351344251e-06,1.3209789171269872e-05,1.499161286087754e-05
889,889,97071,100,0.126013026,unverified,0.09345930337657628,0.061242092399634844,0,0.126013026,5.87818527,0.8306626755926747,0,0.0249984153,0.00608337764,0.000281161745,0.0399137475,0.0612859875,0.000281161745,7.474889093707688e-06,1.2810308525877915e-05,7.510608638202001e-06,0.0,False,2.959179744459756e-07,4.535277077108401e-07,2.9851094203800046e-07,0.0,False,2.3858117488410033e-06,4.892717879510262e-06,2.426852210300052e-06,0.0,False,1.0,1.2810308525877915e-05,1.2204885950053978e-05,8.681671470947084e-06,1.316912305303767e-05,1.5017909180223146e-05
890,890,97170,100,0.126014337,unverified,0.09347704205946936,0.06135302655400673,0,0.126014337,5.92100573,0.8407561988844886,0,0.0250659995,0.00598118361,0.000112398367,0.0399273299,0.0612789132,0.000112398367,7.774313388707465e-06,1.3387411090361492e-05,7.811291463293964e-06,0.0,False,3.047967126467998e-07,4.6882488636463024e-07,3.0746772719404027e-07,0.0,False,2.458096969395574e-06,5.071774456295425e-06,2.500396094247826e-06,0.0,False,1.0,1.3387411090361492e-05,1.2645451022720226e-05,9.003843504936458e-06,1.3780781874836165e-05,1.5329802946035573e-05
891,891,97269,100,0.12601456,unverified,0.09354398972454529,0.06138400339555582,0,0.12601456,6.06084681,0.8456574051739154,0,0.0250853971,0.00595165277,0.000296067243,0.0399317555,0.0612766072,0.000296067243,7.85059357407372e-06,1.3444885009902467e-05,7.888278325934453e-06,0.0,False,3.078749307946793e-07,4.7209722354149984e-07,3.105839857609071e-07,0.0,False,2.4827634296195245e-06,5.092083290483187e-06,2.5256495209827404e-06,0.0,False,1.0,1.3444885009902467e-05,1.2659756020667856e-05,9.105376476627988e-06,1.324962648684098e-05,1.366750343510991e-05
892,892,97368,100,0.126015544,unverified,0.09360225186520958,0.06146749045807098,0,0.126015544,6.11774492,0.8518768421552819,0,0.0251380391,0.0058713695,0.000112398731,0.0399564318,0.0612637661,0.000112398731,7.868589141462979e-06,1.3348831978260421e-05,7.9075694214642e-06,0.0,False,3.101151606177705e-07,4.7159394433114056e-07,3.129054359647784e-07,0.0,False,2.5022238119373144e-06,5.064845354787426e-06,2.5464086044597586e-06,0.0,False,1.0,1.3348831978260421e-05,1.2878487406800814e-05,9.081788115608316e-06,1.3289760776225934e-05,1.5530653748812797e-05
893,893,97468,101,0.126015007,unverified,0.09358903031001906,0.061517306209795335,0,0.126015007,6.10584593,0.8547827989916277,0,0.025166655,0.00582724391,0.000281161279,0.039949175,0.0612675436,0.000281161279,8.009939990816581e-06,1.3677711933227363e-05,8.049414181350665e-06,0.0,False,3.1371309773280196e-07,4.79274902512527e-07,3.1653516094821746e-07,0.0,False,2.5314927072362957e-06,5.164953996539734e-06,2.5762076452777126e-06,0.0,False,1.0,1.3677711933227363e-05,1.3025021989827646e-05,9.265574077731358e-06,1.3629141401087114e-05,1.5440422147505637e-05
894,894,97568,101,0.126015067,unverified,0.09363519198120744,0.06160740062232919,0,0.126015067,6.24983025,0.8634840332669763,0,0.0252210665,0.00574334338,9.34445852e-05,0.0399698317,0.0612567812,9.34445852e-05,8.258459821847163e-06,1.4160147540498541e-05,8.299059240665124e-06,0.0,False,3.211665598171413e-07,4.916966155166541e-07,3.240555861428708e-07,0.0,False,2.592502520697157e-06,5.312412268419596e-06,2.638306227367611e-06,0.0,False,1.0,1.4160147540498541e-05,1.3524451843968448e-05,9.505184802415181e-06,1.4339727070681592e-05,1.6278621058747354e-05
895,895,97668,101,0.126015142,unverified,0.09361862729731181,0.061633774586430476,0,0.126015142,6.25248003,0.8638575567061122,0,0.025235774,0.00572047336,0.000286628871,0.0399599709,0.0612619184,0.000286628871,8.3150629759355e-06,1.4316852795232561e-05,8.355955072333884e-06,0.0,False,3.223299796477966e-07,4.949892601979001e-07,3.2523695411638956e-07,0.0,False,2.601961047966126e-06,5.359266079929782e-06,2.6480608541035597e-06,0.0,False,1.0,1.4316852795232561e-05,1.3586793340199041e-05,9.598204731368035e-06,1.4464540661436348e-05,1.6241494633330435e-05
896,896,97771,104,0.126015991,unverified,0.09371552885156503,0.06172938938211186,0,0.126015991,6.50654459,0.8730764780961996,0,0.0252908152,0.00563450763,0.000115326329,0.0399792232,0.0612518899,0.000115326329,8.625840521103443e-06,1.4892018784095138e-05,8.665500776659055e-06,0.0,False,3.3143300617653193e-07,5.10401205261682e-07,3.3423270980017797e-07,0.0,False,2.6771867966603506e-06,5.535256443353665e-06,2.721834851864478e-06,0.0,False,1.0,1.4892018784095138e-05,1.4192745358372014e-05,9.906718306324021e-06,1.4760162265212308e-05,1.409872615840111e-05
897,897,97874,104,0.12601693,unverified,0.0937487867002445,0.0617768806714806,0,0.12601693,6.55620813,0.8772431616777492,0,0.0253178831,0.0055922335,0.000305058347,0.0399752185,0.0612539835,0.000305058347,8.738063568945973e-06,1.5080696079573204e-05,8.777668258796419e-06,0.0,False,3.3497848804102834e-07,5.158386788271471e-07,3.3776381221696753e-07,0.0,False,2.7061608690242415e-06,5.593194502521412e-06,2.750581981192656e-06,0.0,False,1.0,1.5080696079573204e-05,1.4366351231937892e-05,1.005488777933212e-05,1.4969751170114226e-05,1.4263783676642635e-05
898,898,97977,104,0.126017481,unverified,0.09375674692306853,0.06185291842182935,0,0.126017481,6.62218237,0.8835178685563165,0,0.0253612585,0.00552366301,0.000115326249,0.0399737097,0.0612547658,0.000115326249,8.895760502629728e-06,1.5340400986699725e-05,8.936597485768512e-06,0.0,False,3.4007565706030354e-07,5.233454341170199e-07,3.4293434683219643e-07,0.0,False,2.7477308862823906e-06,5.67269490361159e-06,2.7933419890592218e-06,0.0,False,1.0,1.5340400986699725e-05,1.465162306226019e-05,1.0267538680225706e-05,1.5152471438504545e-05,1.446183666282583e-05
899,899,98079,103,0.126018569,unverified,0.09380416700150064,0.061918937501059,0,0.126018569,6.54019928,0.8873434893049558,0,0.0254002791,0.0054619275,0.0002866289,0.0399983935,0.0612419173,0.0002866289,8.947677807631634e-06,1.5402393227776397e-05,8.98977823391566e-06,0.0,False,3.422966523799852e-07,5.251566448594667e-07,3.452261278486053e-07,0.0,False,2.7679107633217556e-06,5.691354520083935e-06,2.8148163602271287e-06,0.0,False,1.0,1.5402393227776397e-05,1.4735391428844763e-05,1.0247893420102656e-05,1.5106813518070361e-05,1.4466623536212758e-05
900,900,98181,103,0.126018897,unverified,0.0937839396010108,0.062008248219874516,0,0.126018897,6.71741199,0.8932182911383685,0,0.0254520178,0.00537929311,0.00010720767,0.0400012098,0.0612404533,0.00010720767,9.13504486079946e-06,1.5741761857907812e-05,9.180802061459094e-06,0.0,False,3.478611335057869e-07,5.342253943938075e-07,3.5103599899147196e-07,0.0,False,2.8131183412909755e-06,5.793953412026554e-06,2.8638701753793697e-06,0.0,False,1.0,1.5741761857907812e-05,1.5117299403606894e-05,1.0462927278688636e-05,1.5434459778977713e-05,1.4875635804505474e-05
901,901,98284,104,0.126019031,unverified,0.09386044564044062,0.062042274325281054,0,0.126019031,6.56132841,0.899337734310574,0,0.025469929,0.0053505837,0.000286628667,0.0399935097,0.0612444617,0.000286628667,9.337472002790025e-06,1.6075324762446642e-05,9.383060592511279e-06,0.0,False,3.538737980436548e-07,5.4420439268826e-07,3.5703110731531983e-07,0.0,False,2.8608193460178845e-06,5.896376475776497e-06,2.9112659407942176e-06,0.0,False,1.0,1.6075324762446642e-05,1.5244421215392835e-05,1.0758998364276036e-05,1.6295578034715706e-05,1.5790663081311446e-05
902,902,98386,103,0.126019821,unverified,0.09396572698710141,0.06213659283623594,0,0.126019821,6.6719203,0.910441101745658,0,0.0255238041,0.00526388036,0.000115326126,0.0400033705,0.0612393282,0.000115326118,9.668171686786442e-06,1.6537705385284703e-05,9.715733552465344e-06,0.0,False,3.6433645537472605e-07,5.594010712739389e-07,3.6759849973197166e-07,0.0,False,2.9455995876139965e-06,6.039905709746867e-06,2.9976932503822634e-06,0.0,False,1.0,1.6537705385284703e-05,1.564329139601469e-05,1.1142244073237152e-05,1.6799494036824497e-05,1.8081930976335704e-05
903,903,98489,104,0.126020342,unverified,0.09399020388102866,0.06219148284071842,0,0.126020342,6.71905565,0.9131182552625812,0,0.0255554672,0.00521246623,0.000305058347,0.040008381,0.0612367205,0.000305058347,9.708793252209122e-06,1.6647422224820057e-05,9.757356467762275e-06,0.0,False,3.657526506432177e-07,5.613579260459658e-07,3.690827523546646e-07,0.0,False,2.9577013081480048e-06,6.070740718721741e-06,3.010915493587582e-06,0.0,False,1.0,1.6647422224820057e-05,1.5784501452222617e-05,1.1190003712494787e-05,1.672344229849979e-05,1.4973702379479746e-05
904,904,98592,104,0.126021758,unverified,0.09408226162790174,0.06228001663981065,0,0.126021758,6.83742285,0.9216885408800163,0,0.0256055016,0.00513107702,0.00011239876,0.0400186814,0.0612313598,0.000112398768,1.0000120769037666e-05,1.7158549786643543e-05,1.0050123211208712e-05,0.0,False,3.7434748596398654e-07,5.752898289062977e-07,3.777545832048296e-07,0.0,False,3.027647291243827e-06,6.2238245554349555e-06,3.082093903302241e-06,0.0,False,1.0,1.7158549786643543e-05,1.6209424465796736e-05,1.1528238497864572e-05,1.7179651048485508e-05,1.5202157680098944e-05
905,905,98696,105,0.126021773,unverified,0.09408944291913554,0.06233020404735244,0,0.126021773,6.92142391,0.9222323583221675,0,0.0256328192,0.00508613698,0.000281161396,0.040030811,0.0612250455,0.000281161396,1.0099668661364628e-05,1.7434229283412934e-05,1.0149534168538506e-05,0.0,False,3.7640417195159567e-07,5.804864628229942e-07,3.797979776980783e-07,0.0,False,3.0459492809614573e-06,6.302714887399422e-06,3.1002798379360296e-06,0.0,False,1.0,1.7434229283412934e-05,1.6623924397178713e-05,1.1552373913224599e-05,1.7642973322071135e-05,1.8545448976463988e-05
906,906,98801,106,0.126022786,unverified,0.09423016316170392,0.062426248512395595,0,0.126022786,6.83100128,0.9331502919805532,0,0.0256847609,0.00500068394,9.34446143e-05,0.0400341116,0.0612233281,9.34446143e-05,1.0397140430912245e-05,1.7902252929680722e-05,1.0447508895375802e-05,0.0,False,3.858483531643506e-07,5.942031872120418e-07,3.892441449091599e-07,0.0,False,3.1233916532853905e-06,6.443271731044506e-06,3.1779234742094957e-06,0.0,False,1.0,1.7902252929680722e-05,1.6875482433243934e-05,1.1938941751037518e-05,1.8458435873974983e-05,2.01619247723507e-05
907,907,98907,107,0.126022935,unverified,0.09426718680777185,0.062456172134114835,0,0.126022935,6.92652082,0.9364838540414883,0,0.0257009268,0.00497384183,0.000281161134,0.0400353484,0.0612226799,0.000281161134,1.0409269489468606e-05,1.7762789526682097e-05,1.0459939000307203e-05,0.0,False,3.8757931976423023e-07,5.935901371796127e-07,3.9099211624238026e-07,0.0,False,3.1379042597197425e-06,6.406567371599945e-06,3.1927887961215863e-06,0.0,False,1.0,1.7762789526682097e-05,1.697340488729129e-05,1.1978550451719058e-05,1.8010020894465498e-05,1.8456669981553605e-05
908,908,99011,105,0.126023993,unverified,0.09447356875030996,0.06257062767454938,0,0.126023993,7.07535744,0.9501356842723546,0,0.0257639531,0.00486877561,0.000112398404,0.0400515795,0.0612142384,0.000112398411,1.0964891195694165e-05,1.8875935133156638e-05,1.1018663580811277e-05,0.0,False,4.0265499008842036e-07,6.208824622484149e-07,4.0623690233083916e-07,0.0,False,3.2595607034837655e-06,6.731209029377438e-06,3.3170499735701977e-06,0.0,False,1.0,1.8875935133156638e-05,1.7614239051184752e-05,1.2606246808712232e-05,1.9176879783230674e-05,1.94042626559385e-05
909,909,99115,105,0.126024544,unverified,0.09443953162175375,0.06260094496429862,0,0.126024544,7.09095001,0.9487019709755553,0,0.0257821046,0.00483846432,0.000296067243,0.0400701948,0.0612045489,0.000296067243,1.0939516544345622e-05,1.8838050324854217e-05,1.0993954533678002e-05,0.0,False,4.018591077633691e-07,6.192977654272928e-07,4.054817725768956e-07,0.0,False,3.2550478891220292e-06,6.719228185954678e-06,3.3132544709616157e-06,0.0,False,1.0,1.8838050324854217e-05,1.7671495834379486e-05,1.2447722490115354e-05,1.9086941020756323e-05,1.9975789002038774e-05
910,910,99221,107,0.126024917,unverified,0.09453511584343205,0.06269470712596213,0,0.126024917,6.98307991,0.9550061832735715,0,0.0258310083,0.00475584948,0.000112398746,0.0400673151,0.0612060465,0.000112398746,1.1056120447652786e-05,1.8831114284442542e-05,1.1112389918174642e-05,0.0,False,4.0692556985941707e-07,6.231859676734733e-07,4.1065433338560813e-07,0.0,False,3.2974603159037684e-06,6.723373255767546e-06,3.357541659920222e-06,0.0,False,1.0,1.8831114284442542e-05,1.8054775427703913e-05,1.2625770753016222e-05,1.8767453115399468e-05,1.8833736326839207e-05
911,911,99326,106,0.126025617,unverified,0.09463430638504927,0.06274362634885079,0,0.126025617,7.17669439,0.9596384146369358,0,0.0258577988,0.0047105928,0.000281161425,0.0400714763,0.0612038821,0.000281161425,1.1353544436209717e-05,1.957040137577007e-05,1.1411221241112754e-05,0.0,False,4.137923458699692e-07,6.384513206055689e-07,4.175955848575182e-07,0.0,False,3.353558813683619e-06,6.933115515346968e-06,3.414843576623664e-06,0.0,False,1.0,1.957040137577007e-05,1.8423253530346527e-05,1.2848279864126787e-05,1.926320383567611e-05,2.0363979893338584e-05
912,912,99431,106,0.126026198,unverified,0.0947772335499897,0.06283644588020902,0,0.126026198,7.22619104,0.9693675039674653,0,0.0259083454,0.00462431088,9.34443597e-05,0.040108785,0.0611844547,9.34443597e-05,1.1573965650060916e-05,1.9726196596077563e-05,1.1633115491703358e-05,0.0,False,4.2199931377158665e-07,6.470896568710924e-07,4.258801752948552e-07,0.0,False,3.4206991317631704e-06,6.985283543504972e-06,3.483273332032634e-06,0.0,False,1.0,1.9726196596077563e-05,1.8903927898025087e-05,1.3132165431410726e-05,1.988508391677498e-05,2.169852045530866e-05
913,913,99536,106,0.126026452,unverified,0.09484296216388072,0.06286219256672157,0,0.126026452,7.24148417,0.9720346237594691,0,0.0259220619,0.00460082991,0.000286628492,0.0401034057,0.0611872561,0.000286628492,1.1643733813563718e-05,1.9798942355645844e-05,1.1703547374451066e-05,0.0,False,4.2439934790498967e-07,6.499855469671735e-07,4.2830863750986236e-07,0.0,False,3.440346290813535e-06,7.007911011841453e-06,3.50338705469936e-06,0.0,False,1.0,1.9798942355645844e-05,1.895159037628185e-05,1.3227890882659843e-05,2.037808795957354e-05,2.212028572820456e-05
914,914,99641,106,0.126027644,unverified,0.09511638457531964,0.06296018017523199,0,0.126027644,7.32970762,0.9853283760293402,0,0.0259733833,0.00451259362,0.000115326198,0.0401159711,0.0611807145,0.000115326198,1.2212287391773798e-05,2.0856980045667547e-05,1.2274839447757265e-05,0.0,False,4.397963114829555e-07,6.769866751306844e-07,4.4384501340956183e-07,0.0,False,3.564783000699286e-06,7.313709225889452e-06,3.6301292026983296e-06,0.0,False,1.0,2.0856980045667547e-05,1.9623719760462604e-05,1.3871887997842679e-05,2.1482378785952195e-05,2.3741677072949493e-05
915,915,99747,107,0.126028061,unverified,0.09511453596813008,0.0630122322162223,0,0.126028061,7.55533743,0.9888106743096992,0,0.0259984471,0.00446910271,0.000305058347,0.0401013009,0.0611883514,0.000305058347,1.2432213648615181e-05,2.1386821317500347e-05,1.2494517411265235e-05,0.0,False,4.4512433796319903e-07,6.881364295106377e-07,4.491400164448133e-07,0.0,False,3.608479497453795e-06,7.46195762316179e-06,3.673524528270143e-06,0.0,False,1.0,2.1386821317500347e-05,1.9916874681422676e-05,1.4214593608597091e-05,2.132649774846464e-05,2.2939123044375804e-05
916,916,99852,106,0.126029447,unverified,0.09524938670756548,0.06308416805484317,0,0.126029447,7.65179634,0.9944316323847808,0,0.0260389615,0.00439880369,0.00011532614,0.0401310399,0.0611728765,0.00011532614,1.2611014326885864e-05,2.161652574873013e-05,1.2677624276488259e-05,0.0,False,4.50846165274786e-07,6.953863182171454e-07,4.5511613584222315e-07,0.0,False,3.656017387995119e-06,7.529602503038789e-06,3.724969023891912e-06,0.0,False,1.0,2.161652574873013e-05,2.027830738025807e-05,1.4291088349055606e-05,2.1770715798422762e-05,2.3746094658819753e-05
917,917,99958,107,0.126029894,unverified,0.0952760271946319,0.06315812733492371,0,0.126029894,7.63785601,0.9960612695078381,0,0.0260751192,0.0043353471,0.000286628725,0.0401282981,0.0611742996,0.000286628725,1.2636926311762579e-05,2.155779057766996e-05,1.2704615953480951e-05,0.0,False,4.524631330358124e-07,6.955667684937676e-07,4.5679692280575403e-07,0.0,False,3.6709371139150405e-06,7.515282167375607e-06,3.741055272610724e-06,0.0,False,1.0,2.155779057766996e-05,2.0521164420269482e-05,1.4315441399678658e-05,2.2385990243744432e-05,2.4217412841129235e-05
918,918,100064,107,0.12603119,unverified,0.0954628848630334,0.0632521401021379,0,0.12603119,7.75988579,1.0032218272801858,0,0.0261233076,0.00425059348,0.000107207328,0.0401479714,0.0611640587,0.000107207328,1.2915753317811585e-05,2.2010433072827875e-05,1.2986859223516398e-05,0.0,False,4.6058031153331114e-07,7.079328477286399e-07,4.6510932910388945e-07,0.0,False,3.7375472654401497e-06,7.645748329419592e-06,3.8108854948744763e-06,0.0,False,1.0,2.2010433072827875e-05,2.1196099888866592e-05,1.4596830045298484e-05,2.2697266491818328e-05,2.4404460550592148e-05
919,919,100171,108,0.126031503,unverified,0.09553906658410412,0.0632858716377624,0,0.126031503,7.49237919,1.0075666891054438,0,0.0261399411,0.00422112597,0.000286628871,0.0401414707,0.0611674413,0.000286628871,1.3082202839115497e-05,2.2254234776667112e-05,1.3154264936571028e-05,0.0,False,4.655175496416162e-07,7.154073313516872e-07,4.700927928324937e-07,0.0,False,3.7773747300432136e-06,7.717271315447821e-06,3.8515043123321155e-06,0.0,False,1.0,2.2254234776667112e-05,2.134486789328782e-05,1.4837853353662722e-05,2.246488373938213e-05,2.152912790292893e-05
920,920,100280,110,0.126032278,unverified,0.09585960212542592,0.06338529341234783,0,0.126032278,7.55618143,1.0196299548247283,0,0.0261898767,0.00413209572,0.000115326431,0.0401684456,0.0611534007,0.000115326431,1.357954659719512e-05,2.2956616268603394e-05,1.3634553894922467e-05,0.0,False,4.807914251748572e-07,7.364496460423999e-07,4.841586991501275e-07,0.0,False,3.912619762667763e-06,7.921746331664856e-06,3.965316043863699e-06,0.0,False,1.0,2.2956616268603394e-05,2.1896660655520543e-05,1.535084202702223e-05,2.299159402506704e-05,2.494317114820928e-05
921,921,100388,109,0.126033127,unverified,0.09588224054259226,0.06343307317817218,0,0.126033127,7.96374846,1.0203698754219694,0,0.0262144301,0.00408831518,0.000305058347,0.0401670001,0.0611541532,0.000305058347,1.3722610208949823e-05,2.337110956643311e-05,1.3798296024369779e-05,0.0,False,4.829139388169633e-07,7.443653513079016e-07,4.876588916984408e-07,0.0,False,3.919992530112832e-06,8.035143637372474e-06,3.99716997055397e-06,0.0,False,1.0,2.337110956643311e-05,2.23636429980271e-05,1.5499197696742384e-05,2.396065509596736e-05,2.35651057253568e-05
922,922,100499,112,0.126034021,unverified,0.09611450872020492,0.06352158191007501,0,0.126034021,7.90648508,1.0304423071461537,0,0.0262537338,0.0040173321,0.000115326271,0.0401490368,0.0611635,0.000115326278,1.4131362000458353e-05,2.4014365442319046e-05,1.4188014053244867e-05,0.0,False,4.95375477383706e-07,7.622013589470466e-07,4.988183219496994e-07,0.0,False,4.03209433766069e-06,8.218712855042522e-06,4.086204795258271e-06,0.0,False,1.0,2.4014365442319046e-05,2.2886944889716987e-05,1.6178132317251617e-05,2.4426701271058628e-05,2.4794057936384606e-05
923,923,100609,111,0.126035467,unverified,0.09633678940453877,0.0635865621415837,0,0.126035467,7.97209883,1.0349021375287861,0,0.0262890887,0.00395342475,0.000286628754,0.0401940905,0.0611400492,0.000286628754,1.4155220373530233e-05,2.3859788133712637e-05,1.4213535521079405e-05,0.0,False,4.979989388647027e-07,7.612627386719231e-07,5.015257610195867e-07,0.0,False,4.056059642373257e-06,8.179038187102124e-06,4.1115386830799135e-06,0.0,False,1.0,2.3859788133712637e-05,2.3139414714945592e-05,1.6002767762863156e-05,2.3859055463893962e-05,2.2096869842275306e-05
924,924,100722,114,0.126036867,unverified,0.09657807268803735,0.06367575431116337,0,0.126036867,8.28579712,1.0454968075780773,0,0.0263289232,0.00388073782,0.000112398884,0.0401712246,0.0611519516,0.000112398877,1.4823438477669031e-05,2.5125850095558696e-05,1.488382038684907e-05,0.0,False,5.148069461543243e-07,7.924455333612139e-07,5.184299265564009e-07,0.0,False,4.191622315408612e-06,8.53349157189191e-06,4.24871229913703e-06,0.0,False,1.0,2.5125850095558696e-05,2.411425675527419e-05,1.6893488073525754e-05,2.5399369288385833e-05,2.620751251609906e-05
925,925,100835,114,0.126037896,unverified,0.09654937784682523,0.06372943007349328,0,0.126037896,8.35888195,1.0442863718477577,0,0.0263541117,0.00383457099,0.000281161512,0.0401762836,0.0611493178,0.000281161512,1.4926925766566636e-05,2.541824345919416e-05,1.4988786510819275e-05,0.0,False,5.165828780924144e-07,7.974463782178915e-07,5.202904942265967e-07,0.0,False,4.208106504731134e-06,8.611606334272036e-06,4.2665921340013514e-06,0.0,False,1.0,2.541824345919416e-05,2.447918743944088e-05,1.6909055178667886e-05,2.5623956666422626e-05,2.6449174262308394e-05
926,926,100948,114,0.126038983,unverified,0.09698599901077791,0.06382559933680057,0,0.126038983,8.16665363,1.0586092683329191,0,0.0264018327,0.00374669302,9.34447889e-05,0.0401909389,0.0611416921,9.34447889e-05,1.5625093495312936e-05,2.6647367914593147e-05,1.5688497929196714e-05,0.0,False,5.35121349920574e-07,8.288910851302193e-07,5.388685730328366e-07,0.0,False,4.3581881759217066e-06,8.95389035768078e-06,4.417426098852457e-06,0.0,False,1.0,2.6647367914593147e-05,2.5072904819327292e-05,1.7732121408679882e-05,2.6928127912740767e-05,2.752110389688993e-05
927,927,101061,114,0.126038522,unverified,0.09726701764601631,0.06385668847014266,0,0.126038522,8.50573444,1.0667201908361386,0,0.0264166798,0.00371909956,0.000281161279,0.040195372,0.0611393861,0.000281161279,1.602892218288266e-05,2.7564795218058977e-05,1.6093197825233188e-05,0.0,False,5.448684793771158e-07,8.485036031610453e-07,5.486522320321364e-07,0.0,False,4.435004731831199e-06,9.201103651967447e-06,4.4948172971937004e-06,0.0,False,1.0,2.7564795218058977e-05,2.5750467639896332e-05,1.832442071102484e-05,2.6922620420481893e-05,2.5694310285367907e-05
928,928,101171,111,0.126038074,unverified,0.09740425664775233,0.06397126216770666,0,0.126038074,8.22882938,1.0690645123428442,0,0.0264746677,0.00361117045,0.000112398651,0.0402155742,0.0611288697,0.000112398651,1.6088487234176097e-05,2.729944326760337e-05,1.618341709088995e-05,0.0,False,5.479642162520704e-07,8.489825608693906e-07,5.536614625535244e-07,0.0,False,4.44927986510294e-06,9.139350777041091e-06,4.543169283290578e-06,0.0,False,1.0,2.729944326760337e-05,2.6382252246209122e-05,1.8249004648944875e-05,2.79513683342461e-05,3.1478412214518906e-05
929,929,101284,114,0.126038656,unverified,0.0974963095347487,0.06401275653559839,0,0.126038656,8.5830574,1.0700309743722591,0,0.0264912266,0.0035799609,0.000296067388,0.040221028,0.0611260235,0.000296067388,1.6202240742620417e-05,2.7501377635158814e-05,1.6269966701727534e-05,0.0,False,5.516450240149784e-07,8.530329849470815e-07,5.556017310077919e-07,0.0,False,4.495295515462135e-06,9.193400468240544e-06,4.558099897035321e-06,0.0,False,1.0,2.7501377635158814e-05,2.6545633218551647e-05,1.83058259351152e-05,2.7733615207298696e-05,2.893675140209031e-05
930,930,101398,115,0.126041025,unverified,0.09796827797768648,0.06411032709729014,0,0.126041025,8.49717903,1.0832575908409978,0,0.0265362225,0.00349515467,0.000112398855,0.0402373597,0.0611175261,0.000112398855,1.686531713637873e-05,2.8640551396865172e-05,1.6936034072790804e-05,0.0,False,5.691943354299966e-07,8.82258744532571e-07,5.732898189563199e-07,0.0,False,4.63713594282389e-06,9.50710775569317e-06,4.702230039787525e-06,0.0,False,1.0,2.8640551396865172e-05,2.7415858685205962e-05,1.9051107553665238e-05,2.918825596043997e-05,2.9814668155462364e-05
931,931,101511,114,0.126042172,unverified,0.09800007676561766,0.06416145164722814,0,0.126042172,8.61832619,1.0839395681921158,0,0.0265607592,0.00344863767,0.000281161483,0.0402499288,0.0611109771,0.000281161483,1.684688706405233e-05,2.8513473247761657e-05,1.6918869507687388e-05,0.0,False,5.698245945777098e-07,8.809432080739461e-07,5.739970320430816e-07,0.0,False,4.642081667736105e-06,9.474574401115432e-06,4.708486933184018e-06,0.0,False,1.0,2.8513473247761657e-05,2.7745754508436306e-05,1.910855681858138e-05,2.8865166579227495e-05,3.097915696051028e-05
932,932,101625,115,0.126043543,unverified,0.09859653300984718,0.06427015436540694,0,0.126043543,8.96149349,1.0988838580125704,0,0.0266071111,0.00336003001,9.34446725e-05,0.0402388126,0.0611167699,9.34446798e-05,1.781541521353321e-05,3.035362836837318e-05,1.788883440917796e-05,0.0,False,5.934298417869149e-07,9.251230291265274e-07,5.976334165627513e-07,0.0,False,4.830034970697285e-06,9.973572117600988e-06,4.897191901400824e-06,0.0,False,1.0,3.035362836837318e-05,2.9078768630005216e-05,2.038054726490604e-05,3.0324834072610457e-05,3.2650550041947266e-05
933,933,101741,117,0.126044095,unverified,0.09858453903176873,0.06430156341612628,0,0.126044095,8.99068356,1.0963240334550046,0,0.0266197156,0.00333593646,0.000286628579,0.0402351618,0.0611186661,0.000286628579,1.7733369025158658e-05,3.0262965531351034e-05,1.7807578564836025e-05,0.0,False,5.911155223051311e-07,9.215923740372946e-07,5.953700349804464e-07,0.0,False,4.81262546983885e-06,9.946785267193816e-06,4.8806653727586e-06,0.0,False,1.0,3.0262965531351034e-05,2.912638698690924e-05,2.031472208454942e-05,2.9786660328180372e-05,3.1954057698266554e-05
934,934,101857,117,0.126045212,unverified,0.09896869507214592,0.06440660498972071,0,0.126045212,9.43711853,1.1055648890611447,0,0.0266666375,0.00324528269,0.000115326176,0.0402435809,0.0611142926,0.000115326184,1.8479323496489237e-05,3.181200748736697e-05,1.8559287645595636e-05,0.0,False,6.081933303980732e-07,9.561735123195554e-07,6.127461632363728e-07,0.0,False,4.9483864051370834e-06,1.0359531305387617e-05,5.021157424590763e-06,0.0,False,1.0,3.181200748736697e-05,3.044503864640304e-05,2.1237060545047146e-05,3.17922292094381e-05,3.3905154916737914e-05
935,935,101971,115,0.126045913,unverified,0.09956561627956684,0.06445352091469124,0,0.126045913,9.66694355,1.1218434538487667,0,0.0266896449,0.00320066954,0.000305058376,0.0402679108,0.0611016229,0.000305058376,1.9168527354624816e-05,3.306923923899397e-05,1.925057648585514e-05,0.0,False,6.264639205822131e-07,9.861732401161453e-07,6.310928654510424e-07,0.0,False,5.095051578665936e-06,1.0693637072642655e-05,5.169104574465612e-06,0.0,False,1.0,3.306923923899397e-05,3.165683227960835e-05,2.1938428855238985e-05,3.3632854988986354e-05,3.542749850587384e-05
936,936,102086,116,0.12604779,unverified,0.09979329849092974,0.0645403118175595,0,0.12604779,9.66797256,1.1225150795059795,0,0.0267266668,0.00312847039,0.000115326286,0.0402750038,0.0610979311,0.000115326278,1.9106018392157158e-05,3.273181982462692e-05,1.9191559453983062e-05,0.0,False,6.266867104768931e-07,9.819106212148234e-07,6.315078666294276e-07,0.0,False,5.098726696662593e-06,1.0609412587391486e-05,5.176001041216425e-06,0.0,False,1.0,3.273181982462692e-05,3.1807244634142264e-05,2.1874021890855625e-05,3.3695750294106705e-05,3.660700572076076e-05
937,937,102200,115,0.126050323,unverified,0.10032975934605337,0.0646161177669938,0,0.126050323,10.0839415,1.1378828574215398,0,0.0267597642,0.00306336489,0.000286628667,0.0402842201,0.0610931367,0.000286628667,2.051113566303241e-05,3.5914819666379924e-05,2.060034985261173e-05,0.0,False,6.566065359761884e-07,1.047356559002921e-06,6.615743719555673e-07,0.0,False,5.336636367768801e-06,1.1435785941098103e-05,5.41625236119491e-06,0.0,False,1.0,3.5914819666379924e-05,3.369296855868483e-05,2.3496081855116818e-05,3.654989536545046e-05,3.74952345194966e-05
938,938,102315,116,0.126053169,unverified,0.10082838881850031,0.06472024723387337,0,0.126053169,10.0678873,1.1456006359467759,0,0.0268038008,0.00297638285,0.000107207379,0.0402969681,0.0610864945,0.000107207394,2.075220031594819e-05,3.59596320156191e-05,2.0840987597407666e-05,0.0,False,6.655173068643241e-07,1.055249496290204e-06,6.70431175239385e-07,0.0,False,5.41132002810813e-06,1.145793857926989e-05,5.490630147103745e-06,0.0,False,1.0,3.59596320156191e-05,3.4634537229432484e-05,2.379556110214274e-05,3.68223351400611e-05,3.964722781266293e-05
939,939,102431,117,0.126053154,unverified,0.1012308679885119,0.06475756415446896,0,0.126053154,10.1461945,1.153649722724701,0,0.0268189572,0.00294612953,0.0002866289,0.04030912,0.0610801689,0.0002866289,2.1269015913091732e-05,3.7069050673964435e-05,2.1358551326186305e-05,0.0,False,6.772090686154603e-07,1.0786842595031707e-06,6.821423184272273e-07,0.0,False,5.504280038629623e-06,1.1743847085602384e-05,5.5840021885000435e-06,0.0,False,1.0,3.7069050673964435e-05,3.557014087603617e-05,2.4376183915942732e-05,3.727055089409734e-05,3.922413073997171e-05
940,940,102548,118,0.1260539,unverified,0.10180987085114503,0.06485728148172945,0,0.1260539,10.7280083,1.1645873957906896,0,0.0268646833,0.00285486504,0.00011532622,0.0403590649,0.0610541664,0.00011532622,2.224758367364588e-05,3.9312266725755224e-05,2.2343136977241896e-05,0.0,False,6.981522529402723e-07,1.1244859113165832e-06,7.033784293138653e-07,0.0,False,5.667837805439973e-06,1.231553639794867e-05,5.752286912403805e-06,0.0,False,1.0,3.9312266725755224e-05,3.7164450347338765e-05,2.5770605728001986e-05,4.0204399852312403e-05,4.303308912656971e-05
941,941,102666,119,0.126054406,unverified,0.10209044537556664,0.06493346992333938,0,0.126054406,10.7000885,1.1714334639349806,0,0.0268914755,0.00280075264,0.000305058347,0.0403186679,0.0610751957,0.000305058347,2.2728018116180278e-05,4.004192672931682e-05,2.2825502662189693e-05,0.0,False,7.100445086872687e-07,1.143579998334997e-06,7.153517887223363e-07,0.0,False,5.765314834206509e-06,1.250757711859223e-05,5.851238754938489e-06,0.0,False,1.0,4.004192672931682e-05,3.843919009392229e-05,2.6097631982855192e-05,4.017520180500836e-05,4.4546526411032735e-05
942,942,102784,119,0.126055911,unverified,0.1027410341362349,0.06503478774481918,0,0.126055911,11.168602,1.1838235461077633,0,0.0269337725,0.00271508726,0.000112398498,0.0403602943,0.0610535368,0.000112398498,2.3252140167991306e-05,4.083090889154457e-05,2.3353305374579893e-05,0.0,False,7.246731588304484e-07,1.1657126311764652e-06,7.301447062158497e-07,0.0,False,5.8806272484302155e-06,1.271546100882519e-05,5.969435794089851e-06,0.0,False,1.0,4.083090889154457e-05,3.988270637968433e-05,2.697957173555091e-05,4.116732335644261e-05,4.0719323155688645e-05
943,943,102904,121,0.126056895,unverified,0.10311977832435226,0.06510466728775399,0,0.126056895,11.2840185,1.1821897326810993,0,0.0269569419,0.00266787433,0.000281161338,0.0403293781,0.0610696301,0.000281161338,2.305980674824998e-05,4.0531023066060694e-05,2.316324536844752e-05,0.0,False,7.200872119157168e-07,1.1570104187647663e-06,7.256984137494238e-07,0.0,False,5.844990650134223e-06,1.263492334674959e-05,5.936213184443247e-06,0.0,False,1.0,4.0531023066060694e-05,4.037342108996072e-05,2.621949645385175e-05,4.1070575894985045e-05,4.459193840374283e-05
944,944,103024,121,0.126058772,unverified,0.10400647196405312,0.06521302242404002,0,0.126058772,11.5004539,1.2082350546707954,0,0.0270006899,0.00257795234,9.34444033e-05,0.0403501987,0.0610587858,9.34443888e-05,2.502837961631534e-05,4.470367508369912e-05,2.5133800162505744e-05,0.0,False,7.633038218978773e-07,1.2453734671270752e-06,7.689410126080511e-07,0.0,False,6.186051395577698e-06,1.3686857956971187e-05,6.278167815487099e-06,0.0,False,1.0,4.470367508369912e-05,4.2725545934375345e-05,2.9150435452028497e-05,4.3646444523451436e-05,4.7669631614974495e-05
945,945,103144,121,0.126059607,unverified,0.10452270171084108,0.06524777684589617,0,0.126059607,11.3257427,1.2172779767848605,0,0.0270143989,0.00254977471,0.000281161483,0.0403699689,0.0610484928,0.000281161483,2.5087601706591377e-05,4.435481678033156e-05,2.519333024411242e-05,0.0,False,7.682706040529205e-07,1.245889826061681e-06,7.739054547919906e-07,0.0,False,6.223335602533032e-06,1.3611443552332718e-05,6.315540863027053e-06,0.0,False,1.0,4.435481678033156e-05,4.347987190312146e-05,2.9414047582151445e-05,4.4579422009993555e-05,4.957572795678481e-05
946,946,103264,121,0.126061946,unverified,0.10589987609773784,0.06537583183584358,0,0.126061946,11.6318913,1.2465769919348377,0,0.0270674713,0.002439345,0.000112398651,0.0404391922,0.0610124618,0.000112398651,2.771840828373959e-05,5.027599954760266e-05,2.783001159556641e-05,0.0,False,8.221612552026426e-07,1.366221133726562e-06,8.28027976742407e-07,0.0,False,6.639306221327769e-06,1.50738243598792e-05,6.735469043033072e-06,0.0,False,1.0,5.027599954760266e-05,4.6783182574501676e-05,3.347134450885686e-05,5.218132496656869e-05,5.738449852011884e-05
947,947,103385,122,0.126062796,unverified,0.1057786764661694,0.06542413042799788,0,0.126062796,11.0438786,1.2366618269234626,0,0.0270827413,0.00240748585,0.000296067301,0.0403891765,0.0610385016,0.000296067301,2.638630718197362e-05,4.671862634129706e-05,2.649706771728376e-05,0.0,False,7.982966720022571e-07,1.3026453023889699e-06,8.041692191362262e-07,0.0,False,6.452793813206887e-06,1.4211950499719056e-05,6.549404028614363e-06,0.0,False,1.0,4.671862634129706e-05,4.607977513287275e-05,3.121922989655896e-05,4.572686966966141e-05,4.866006305342457e-05
948,948,103511,127,0.126064882,unverified,0.10665255350769531,0.06554309536997378,0,0.126064882,11.8692322,1.2519696472147102,0,0.0271239374,0.00232077064,0.000112398659,0.04039241,0.0610368103,0.000112398659,2.7451844694772457e-05,4.9201740556585834e-05,2.7564016986075885e-05,0.0,False,8.206109024318755e-07,1.3496603461232652e-06,8.265081739042699e-07,0.0,False,6.633289786337417e-06,1.4817306460931013e-05,6.731025706039263e-06,0.0,False,1.0,4.9201740556585834e-05,4.8427730747518407e-05,3.23110691498791e-05,4.8296064651584724e-05,4.5542716644524206e-05
949,949,103639,129,0.126066118,unverified,0.10781619571197201,0.065608052230956,0,0.126066118,11.4807129,1.2804131773421679,0,0.0271463916,0.00227321428,0.000281161483,0.0404009521,0.0610323735,0.000281161483,2.879225954796769e-05,5.15516667027293e-05,2.8908634562637992e-05,0.0,False,8.523031408976676e-07,1.4072257332909532e-06,8.583940595764098e-07,0.0,False,6.874299461861355e-06,1.5407810362129484e-05,6.975000005564151e-06,0.0,False,1.0,5.15516667027293e-05,5.1347246298104424e-05,3.499643477843393e-05,4.94767832011484e-05,4.823349739344421e-05
950,950,103766,128,0.126068622,unverified,0.10863811832764436,0.06571701096144272,0,0.126068622,12.0697622,1.2972286987165051,0,0.0271889064,0.0021827016,9.34445852e-05,0.0404432155,0.061010357,9.34445852e-05,2.9812567619051654e-05,5.373570083495883e-05,2.993132276990573e-05,0.0,False,8.743303619573668e-07,1.4525929396631321e-06,8.805103053422828e-07,0.0,False,7.0424197234534025e-06,1.593872292084187e-05,7.145128831064239e-06,0.0,False,1.0,5.373570083495883e-05,5.3234029860892424e-05,3.586139785863107e-05,5.421368369449212e-05,5.737784029967371e-05
951,951,103892,127,0.126069188,unverified,0.1091322656194905,0.06576208542952092,0,0.126069188,12.2685289,1.313932993502027,0,0.0272003729,0.00215804647,0.000286628871,0.0404060222,0.0610297285,0.000286628871,3.081722522916928e-05,5.578270896438503e-05,3.09377801823677e-05,0.0,False,8.963079387860964e-07,1.4959158724395505e-06,9.025611665351466e-07,0.0,False,7.211056093468408e-06,1.6434995396479992e-05,7.314910006613927e-06,0.0,False,1.0,5.578270896438503e-05,5.511067840283484e-05,3.77197771750788e-05,5.396289365252044e-05,5.4496187065071144e-05
952,952,104021,130,0.12607199,unverified,0.11030225432568676,0.0658758066686178,0,0.12607199,11.9038992,1.3349141908333086,0,0.0272434168,0.00206548744,0.000115326162,0.0404471532,0.0610083155,0.000115326162,3.182076984521014e-05,5.746527525311917e-05,3.19425329707189e-05,0.0,False,9.197173081843388e-07,1.5365798297279774e-06,9.259860737664592e-07,0.0,False,7.393408345288225e-06,1.684965365714441e-05,7.498166517784507e-06,0.0,False,1.0,5.746527525311917e-05,5.712671616648958e-05,3.812578697332678e-05,5.583047225680615e-05,5.970552320336147e-05
953,953,104149,129,0.126073375,unverified,0.11126935022302964,0.06594858400717668,0,0.126073375,12.3440857,1.3581360428283973,0,0.0272686183,0.00201061717,0.000305058347,0.0404577255,0.0610028096,0.000305058347,3.3612781544293166e-05,6.19555449088348e-05,3.373639583037491e-05,0.0,False,9.536126634983305e-07,1.6168483625105466e-06,9.599209155658397e-07,0.0,False,7.654479402555685e-06,1.7901062421310183e-05,7.760127152358922e-06,0.0,False,1.0,6.19555449088348e-05,5.9984559813344986e-05,4.030973274268938e-05,5.976766001054451e-05,6.228969338729233e-05
954,954,104279,131,0.126075253,unverified,0.11175322352661116,0.06604802390823901,0,0.126075253,12.1154823,1.364969906692024,0,0.0272981618,0.00194610783,0.000115326191,0.0404585227,0.0610023998,0.000115326191,3.363466748366841e-05,6.119124390807298e-05,3.375931853637738e-05,0.0,False,9.584598961041232e-07,1.6148304883215054e-06,9.64814437053708e-07,0.0,False,7.687987256226929e-06,1.7741422383262113e-05,7.794774178356762e-06,0.0,False,1.0,6.119124390807298e-05,6.0910600774609597e-05,4.039873865048659e-05,6.110946662629547e-05,6.075511221642346e-05
955,955,104413,135,0.126077428,unverified,0.1129538235397387,0.06615084054586622,0,0.126077428,11.8119421,1.3881944829950121,0,0.0273284763,0.00187966216,0.000286628434,0.0404439084,0.0610100031,0.000286628434,3.478456602191523e-05,6.360315107247564e-05,3.490958218279629e-05,0.0,False,9.832175108145327e-07,1.6658477690145107e-06,9.895812769430503e-07,0.0,False,7.871009775532678e-06,1.8315083580638338e-05,7.97834351580941e-06,0.0,False,1.0,6.360315107247564e-05,6.408260369489541e-05,4.277135783654506e-05,6.044505118488188e-05,6.261946223341809e-05
956,956,104549,137,0.126079798,unverified,0.11522357615595125,0.06628309638469126,0,0.126079798,11.4038048,1.4436572786400637,0,0.0273685548,0.00179078605,0.000107207416,0.040468853,0.0609970205,0.000107207416,3.797957042955721e-05,7.00344368100752e-05,3.810645176788693e-05,0.0,False,1.0510202318800702e-06,1.7998127134908835e-06,1.0573665238638923e-06,0.0,False,8.391923026816551e-06,1.9827003786964003e-05,8.499383293993686e-06,0.0,False,1.0,7.00344368100752e-05,7.086703603543914e-05,4.69058518723112e-05,6.779174797279042e-05,6.625077244104977e-05
957,957,104683,135,0.126080841,unverified,0.11578156870129543,0.06632612565052678,0,0.126080841,11.4610338,1.4592299523364127,0,0.0273824651,0.00175993831,0.000286628754,0.0404815227,0.0609904304,0.000286628754,3.830769115651524e-05,7.040608026523327e-05,3.843489072814762e-05,0.0,False,1.0613224766467604e-06,1.8125397528192132e-06,1.067669214570514e-06,0.0,False,8.46673428727711e-06,1.9919604996324147e-05,8.574302762490945e-06,0.0,False,1.0,7.040608026523327e-05,7.176114173468876e-05,4.720764488887766e-05,6.86021842314638e-05,6.772329471702469e-05
958,958,104819,137,0.126080483,unverified,0.11820747565991385,0.0664580590099891,0,0.126080483,11.7403212,1.510255759587166,0,0.0274240207,0.00166670186,0.000115326249,0.0405177698,0.0609715506,0.000115326249,4.039632446174468e-05,7.450230725053003e-05,4.0524712030739945e-05,0.0,False,1.108525540081414e-06,1.8997936161050307e-06,1.1148910791080037e-06,0.0,False,8.822270189006894e-06,2.0871750235127604e-05,8.930494665621027e-06,0.0,False,1.0,7.450230725053003e-05,7.612441685438678e-05,4.9974559125332276e-05,7.081851523147013e-05,6.837800565456631e-05
959,959,104956,138,0.126080006,unverified,0.11836841474042663,0.06653834144027515,0,0.126080006,11.8436546,1.5099538493828333,0,0.0274443869,0.00162082294,0.000305058376,0.0404924676,0.060984727,0.000305058376,4.0437839688365666e-05,7.490501871384211e-05,4.0562922760847105e-05,0.0,False,1.1078289869309264e-06,1.9039740063663632e-06,1.114002816162736e-06,0.0,False,8.814216903882827e-06,2.0957837368669578e-05,8.919974513174623e-06,0.0,False,1.0,7.490501871384211e-05,7.65661124739402e-05,4.9797016826980474e-05,6.996413278063582e-05,7.367526137361012e-05
960,960,105092,137,0.126081645,unverified,0.12164840336623163,0.06667293014787937,0,0.126081645,11.3670454,1.5907469666399892,0,0.02748698,0.00152405724,0.000112398971,0.0406060703,0.060925588,0.000112398971,4.559634010178617e-05,8.694639667305453e-05,4.572519064448604e-05,0.0,False,1.2092479192944558e-06,2.137061363133459e-06,1.2155344749964406e-06,0.0,False,9.553609640079324e-06,2.3681274391337738e-05,9.660587933464977e-06,0.0,False,1.0,8.694639667305453e-05,8.195161448609982e-05,6.157761068222344e-05,8.758814189779214e-05,9.214258795001952e-05
961,961,105230,139,0.126083493,unverified,0.1236618062196713,0.06677068978576794,0,0.126083493,11.0296516,1.623920025793577,0,0.0275080372,0.00147586584,0.00028116157,0.0405608043,0.0609491505,0.00028116157,4.470327861997615e-05,8.34322553659449e-05,4.482907544664467e-05,0.0,False,1.2042223587847526e-06,2.0868509124612574e-06,1.210446231294604e-06,0.0,False,9.512666824306547e-06,2.2914799686358417e-05,9.61891810494728e-06,0.0,False,1.0,8.34322553659449e-05,8.360172527401678e-05,5.7281929799719595e-05,8.052039316817726e-05,8.533175933965917e-05
962,962,105375,146,0.126189426,unverified,0.12726473178565495,0.06697000438695724,0,0.126189426,11.5741005,1.6901218165207113,0,0.0275478922,0.0013841535,9.34443888e-05,0.0405419581,0.0609589592,9.34443888e-05,4.600270830766395e-05,8.587363225903089e-05,4.6138272497937387e-05,0.0,False,1.238272540207413e-06,2.1442223313960095e-06,1.2450570440494119e-06,0.0,False,9.733079390974997e-06,2.3473790878396183e-05,9.85113533221232e-06,0.0,False,1.0,8.587363225903089e-05,8.770763851074515e-05,5.9398315286195104e-05,8.128445584265917e-05,8.111493585165433e-05
963,963,105519,145,0.126283735,unverified,0.12776564159215906,0.06702267999646383,0,0.126283735,11.8194113,1.7029751048264865,0,0.0275602713,0.00135536655,0.00028116157,0.0405356623,0.0609622411,0.000281161541,4.672654522144983e-05,8.727858294615137e-05,4.6855688965307925e-05,0.0,False,1.2541778247662406e-06,2.175108866443131e-06,1.2605779264424591e-06,0.0,False,9.850801591744805e-06,2.3793279664393776e-05,9.960737521492235e-06,0.0,False,1.0,8.727858294615137e-05,8.825753235227217e-05,6.125393611076635e-05,8.084713686851344e-05,7.284440288006123e-05
964,964,105673,155,0.126719803,unverified,0.13501480102162655,0.0672768442175207,0,0.126719803,12.9283075,1.8325996993383438,0,0.0276086032,0.00124278164,0.000112398855,0.040570803,0.06094395,0.000112398855,4.861418484147179e-05,9.160040063108728e-05,4.872831642994165e-05,0.0,False,1.3095618342580689e-06,2.2619248614666086e-06,1.315216784237933e-06,0.0,False,1.025620299566271e-05,2.474978203780325e-05,1.0351096078814765e-05,0.0,False,1.0,9.160040063108728e-05,9.410966260406746e-05,6.499670913502784e-05,8.853718655906129e-05,8.60045489750981e-05
965,965,105823,151,0.127007499,unverified,0.13608527475320747,0.06735261992608602,0,0.121219248,12.439538,1.8592364419598395,0,0.02762237,0.00121024379,0.000296067155,0.0405699648,0.0609443821,0.000296067155,4.953185315047643e-05,9.260006255498553e-05,4.9658339471271654e-05,0.0,False,1.3356692597547864e-06,2.2957337977878817e-06,1.3418395648088783e-06,0.0,False,1.0459427088089303e-05,2.499185590818178e-05,1.056157624205231e-05,0.0,False,1.0,9.260006255498553e-05,9.358055375559854e-05,6.662170120964585e-05,8.881114709439806e-05,9.502308984023294e-05
966,966,105982,160,0.127790302,unverified,0.1424870091135546,0.06756780415246569,0,0.0958983973,13.061533,1.9594469375188774,0,0.0276597813,0.00112183008,0.000112398528,0.0405928046,0.0609324984,0.000112398528,5.0122615347764055e-05,9.355206744175845e-05,5.028107787179861e-05,0.0,False,1.368389545600222e-06,2.321338045646909e-06,1.3760005196358853e-06,0.0,False,1.0742992718427969e-05,2.5205303129366436e-05,1.0872143191740315e-05,0.0,False,1.0,9.355206744175845e-05,9.461704587007347e-05,6.783885044101023e-05,8.917644395388265e-05,9.38297140248797e-05
967,967,106148,167,0.121394373,unverified,0.148282142687062,0.06769772975025673,0,0.085369058,12.4269753,2.0388051862107663,0,0.0276801568,0.00107334636,0.000281161338,0.0406033546,0.0609269999,0.000281161338,4.9522571986383447e-05,9.13260924149474e-05,4.97323562117741e-05,0.0,False,1.376694115359522e-06,2.292825638631764e-06,1.3866183428497922e-06,0.0,False,1.0819418944005268e-05,2.4727485721231616e-05,1.0990831041550212e-05,0.0,False,1.0,9.13260924149474e-05,9.316067437509992e-05,6.693736406403935e-05,8.8678209532126e-05,8.334460654254706e-05
968,968,106197,50,0.0949160531,unverified,0.05513985141484275,0.025229373407395804,0,0.0658856556,1.82119405,0.29196555982194516,0,0.0277138036,0.000992514077,9.56276999e-05,0.0229350757,0.0254398528,9.56276999e-05,2.992772454082885e-06,3.0760020009513335e-06,3.1625160943068664e-06,0.0,False,1.3844532501249192e-07,1.3951329258900198e-07,1.4684487717779938e-07,0.0,False,1.4402526905227941e-06,1.5137593961619977e-06,1.5849318616466928e-06,0.0,False,1.0,3.0760020009513335e-06,3.1407976752370657e-06,1.8274780318489681e-06,2.7966894648750983e-06,2.308431506596247e-06
